# Blender 4.3.0
# www.blender.org
mtllib Bumpasaur.mtl
o Cube.044
v 0.784490 2.537721 2.160494
v 0.765920 2.528866 2.202317
v 0.809399 2.658893 2.197781
v 0.804293 2.546544 2.119233
v 0.824567 2.554996 2.080121
v 0.844533 2.562752 2.044659
v 0.863425 2.569514 2.014212
v 0.880516 2.575023 1.989948
v 0.895149 2.579065 1.972801
v 0.906762 2.581487 1.963430
v 0.914909 2.582195 1.962193
v 0.919276 2.581162 1.969140
v 0.919697 2.578427 1.984003
v 0.916154 2.574096 2.006211
v 0.908783 2.568335 2.034910
v 0.897869 2.561366 2.068998
v 0.883831 2.553455 2.107164
v 0.867207 2.544909 2.147942
v 0.848637 2.536053 2.189765
v 0.828835 2.527230 2.231026
v 0.808561 2.518778 2.270138
v 0.788594 2.511022 2.305600
v 0.769703 2.504260 2.336047
v 0.752612 2.498752 2.360311
v 0.737979 2.494709 2.377458
v 0.726366 2.492287 2.386829
v 0.718219 2.491579 2.388066
v 0.713851 2.492612 2.381119
v 0.713431 2.495347 2.366256
v 0.716974 2.499678 2.344048
v 0.724344 2.505439 2.315349
v 0.735258 2.512409 2.281261
v 0.749297 2.520319 2.243095
v 0.984202 1.071038 2.828970
v 0.984202 1.513925 3.039375
v 0.984202 1.880718 1.124650
v 0.984202 2.323605 1.335054
v 1.390928 1.071038 2.828970
v 1.390928 1.513925 3.039375
v 1.390928 1.880718 1.124650
v 1.390928 2.323605 1.335054
v 0.915004 2.828697 -0.279850
v 0.915004 0.849654 -0.279850
v 0.915004 2.828697 1.668171
v -0.915004 2.828697 -0.279850
v -0.915004 0.849654 -0.279850
v -0.915004 2.828697 1.668171
v -0.915004 0.849654 1.668171
v 0.915004 0.849654 1.668171
v -1.399651 1.071037 2.828970
v -1.399651 1.880718 1.124650
v -1.399651 1.513925 3.039375
v -0.992925 1.071037 2.828970
v -0.992925 1.880718 1.124650
v -0.992925 1.513925 3.039375
v -0.992925 2.323605 1.335054
v -1.399651 2.323605 1.335054
v -0.090002 3.703720 0.858964
v -0.019483 3.706041 0.865462
v -0.090002 5.070075 0.752221
v -0.160520 3.706041 0.865462
v -0.228329 3.712915 0.884706
v -0.290821 3.724077 0.915955
v -0.345596 3.739099 0.958011
v -0.390549 3.757403 1.009255
v -0.423952 3.778286 1.067719
v -0.444522 3.800946 1.131157
v -0.451467 3.824511 1.197129
v -0.444522 3.848076 1.263102
v -0.423952 3.870736 1.326540
v -0.390549 3.891619 1.385004
v -0.345596 3.909923 1.436249
v -0.290821 3.924945 1.478304
v -0.228329 3.936107 1.509553
v -0.160520 3.942981 1.528797
v -0.090002 3.945302 1.535295
v -0.019483 3.942981 1.528797
v 0.048325 3.936107 1.509553
v 0.110818 3.924945 1.478304
v 0.165593 3.909923 1.436249
v 0.210546 3.891619 1.385004
v 0.243948 3.870736 1.326540
v 0.264518 3.848076 1.263102
v 0.271463 3.824511 1.197129
v 0.264518 3.800946 1.131157
v 0.243948 3.778286 1.067719
v 0.210546 3.757403 1.009255
v 0.165593 3.739099 0.958011
v 0.110818 3.724077 0.915955
v 0.048325 3.712915 0.884706
v -0.844831 0.823174 -0.200963
v -0.844831 1.357511 -1.669257
v -0.844831 1.642086 0.097053
v 0.844479 0.823174 -0.200963
v 0.844479 1.357511 -1.669257
v 0.844479 1.642086 0.097053
v 0.844479 2.176423 -1.371241
v -0.844831 2.176423 -1.371241
v -0.740691 1.198472 -1.101812
v -0.740691 1.974618 -2.416461
v -0.740691 1.809288 -0.741197
v 0.740339 1.198472 -1.101812
v 0.740339 1.974618 -2.416461
v 0.740339 1.809288 -0.741197
v 0.740339 2.585433 -2.055846
v -0.740691 2.585433 -2.055846
v -0.634691 1.663762 -1.870389
v -0.634691 2.699635 -2.764907
v -0.634691 2.005580 -1.474555
v 0.634339 1.663762 -1.870389
v 0.634339 2.699635 -2.764907
v 0.634339 2.005580 -1.474555
v 0.634339 3.041453 -2.369074
v -0.634691 3.041453 -2.369074
v -0.554543 2.658782 -2.746374
v -0.554543 3.299677 -2.712376
v -0.554543 2.631223 -2.226838
v 0.554191 2.658782 -2.746374
v 0.554191 3.299677 -2.712376
v 0.554191 2.631223 -2.226838
v 0.554191 3.272118 -2.192841
v -0.554543 3.272118 -2.192841
v -0.979376 2.867682 1.088080
v -0.978978 3.982087 1.084022
v -0.980630 2.871937 2.256486
v 0.938266 2.867005 1.090142
v 0.938663 3.981411 1.086084
v 0.937011 2.871260 2.258548
v 0.937409 3.985666 2.254490
v -0.980232 3.986342 2.252428
v 0.505751 0.208969 0.431269
v 0.512789 0.208617 0.341318
v 0.555760 1.208814 0.431269
v 0.512789 0.208617 0.521220
v 0.533633 0.207575 0.607715
v 0.562798 1.208462 0.521220
v 0.583642 1.207420 0.607715
v 0.617490 1.205727 0.687429
v 0.663043 1.203448 0.757298
v 0.567481 0.205882 0.687429
v 0.613034 0.203603 0.757298
v 0.668540 0.200827 0.814639
v 0.731867 0.197660 0.857247
v 0.718549 1.200672 0.814639
v 0.781875 1.197505 0.857247
v 0.850589 1.194068 0.883485
v 0.922048 1.190494 0.892344
v 0.800580 0.194223 0.883485
v 0.872039 0.190649 0.892344
v 0.943498 0.187075 0.883485
v 1.012212 0.183638 0.857247
v 0.993507 1.186920 0.883485
v 1.062220 1.183483 0.857247
v 1.125547 1.180315 0.814639
v 1.181053 1.177539 0.757298
v 1.075538 0.180471 0.814639
v 1.131044 0.177694 0.757298
v 1.176597 0.175416 0.687429
v 1.210445 0.173723 0.607715
v 1.226606 1.175261 0.687429
v 1.260454 1.173568 0.607715
v 1.281298 1.172525 0.521220
v 1.288336 1.172173 0.431269
v 1.231289 0.172680 0.521220
v 1.238327 0.172328 0.431269
v 1.231289 0.172680 0.341318
v 1.210445 0.173723 0.254823
v 1.281298 1.172525 0.341318
v 1.260454 1.173568 0.254823
v 1.226606 1.175261 0.175109
v 1.181053 1.177539 0.105239
v 1.176597 0.175416 0.175109
v 1.131044 0.177694 0.105239
v 1.075538 0.180470 0.047899
v 1.012212 0.183638 0.005291
v 1.125547 1.180315 0.047899
v 1.062220 1.183483 0.005291
v 0.993507 1.186919 -0.020947
v 0.922048 1.190494 -0.029806
v 0.943498 0.187075 -0.020947
v 0.872039 0.190649 -0.029806
v 0.800580 0.194223 -0.020947
v 0.731867 0.197660 0.005291
v 0.850589 1.194068 -0.020947
v 0.781875 1.197505 0.005291
v 0.718549 1.200672 0.047899
v 0.663043 1.203448 0.105239
v 0.668540 0.200827 0.047899
v 0.613034 0.203603 0.105240
v 0.567481 0.205882 0.175109
v 0.533633 0.207575 0.254823
v 0.617490 1.205727 0.175109
v 0.583642 1.207420 0.254823
v 0.562798 1.208462 0.341318
v -1.303860 0.208969 0.431269
v -1.296822 0.208617 0.341318
v -1.253851 1.208814 0.431269
v -1.296822 0.208617 0.521220
v -1.275978 0.207575 0.607715
v -1.246813 1.208462 0.521220
v -1.225969 1.207420 0.607715
v -1.192121 1.205727 0.687429
v -1.146568 1.203448 0.757298
v -1.242129 0.205882 0.687429
v -1.196577 0.203603 0.757298
v -1.141071 0.200827 0.814639
v -1.077744 0.197660 0.857247
v -1.091062 1.200672 0.814639
v -1.027735 1.197505 0.857247
v -0.959022 1.194068 0.883485
v -0.887563 1.190494 0.892344
v -1.009031 0.194223 0.883485
v -0.937572 0.190649 0.892344
v -0.866112 0.187075 0.883485
v -0.797399 0.183638 0.857247
v -0.816104 1.186920 0.883485
v -0.747391 1.183483 0.857247
v -0.684064 1.180315 0.814639
v -0.628558 1.177539 0.757298
v -0.734073 0.180471 0.814639
v -0.678567 0.177694 0.757298
v -0.633014 0.175416 0.687429
v -0.599166 0.173723 0.607715
v -0.583005 1.175261 0.687429
v -0.549157 1.173568 0.607715
v -0.528313 1.172525 0.521220
v -0.521275 1.172173 0.431269
v -0.578322 0.172680 0.521220
v -0.571283 0.172328 0.431269
v -0.578322 0.172680 0.341318
v -0.599166 0.173723 0.254823
v -0.528313 1.172525 0.341318
v -0.549157 1.173568 0.254823
v -0.583005 1.175261 0.175109
v -0.628558 1.177539 0.105239
v -0.633014 0.175416 0.175109
v -0.678567 0.177694 0.105239
v -0.734073 0.180470 0.047899
v -0.797399 0.183638 0.005291
v -0.684064 1.180315 0.047899
v -0.747391 1.183483 0.005291
v -0.816104 1.186919 -0.020947
v -0.887563 1.190494 -0.029806
v -0.866112 0.187075 -0.020947
v -0.937572 0.190649 -0.029806
v -1.009031 0.194223 -0.020947
v -1.077744 0.197660 0.005291
v -0.959022 1.194068 -0.020947
v -1.027735 1.197505 0.005291
v -1.091062 1.200672 0.047899
v -1.146568 1.203448 0.105239
v -1.141071 0.200827 0.047899
v -1.196577 0.203603 0.105240
v -1.242129 0.205882 0.175109
v -1.275978 0.207575 0.254823
v -1.192121 1.205727 0.175109
v -1.225969 1.207420 0.254823
v -1.246813 1.208462 0.341318
v -1.328739 -0.042634 0.982888
v -1.328739 -0.042634 -0.041117
v -1.328739 0.286503 0.982888
v -0.568814 -0.042634 0.982888
v -0.568814 -0.042634 -0.041117
v -0.568814 0.286503 0.982888
v -0.568814 0.286503 -0.041117
v -1.328739 0.286503 -0.041117
v 0.494783 -0.042634 0.992213
v 0.494783 -0.042634 -0.031793
v 0.494783 0.286503 0.992213
v 1.254708 -0.042634 0.992213
v 1.254708 -0.042634 -0.031793
v 1.254708 0.286503 0.992213
v 1.254708 0.286503 -0.031793
v 0.494783 0.286503 -0.031793
v -1.317545 -0.018898 0.973656
v -1.315346 -0.008925 0.973656
v -1.203103 -0.018899 1.231252
v -1.315346 -0.028872 0.973657
v -1.308833 -0.038462 0.973656
v -1.298258 -0.047301 0.973656
v -1.284025 -0.055048 0.973656
v -1.266683 -0.061406 0.973656
v -1.246898 -0.066130 0.973656
v -1.225429 -0.069039 0.973656
v -1.203103 -0.070022 0.973656
v -1.180776 -0.069039 0.973656
v -1.159308 -0.066130 0.973656
v -1.139522 -0.061406 0.973656
v -1.122180 -0.055048 0.973656
v -1.107948 -0.047301 0.973656
v -1.097372 -0.038462 0.973656
v -1.090860 -0.028872 0.973657
v -1.088661 -0.018898 0.973656
v -1.090860 -0.008925 0.973656
v -1.097372 0.000665 0.973656
v -1.107948 0.009504 0.973656
v -1.122180 0.017251 0.973656
v -1.139522 0.023608 0.973656
v -1.159308 0.028333 0.973656
v -1.180776 0.031242 0.973656
v -1.203103 0.032224 0.973656
v -1.225429 0.031242 0.973656
v -1.246898 0.028333 0.973656
v -1.266683 0.023608 0.973656
v -1.284025 0.017251 0.973656
v -1.298258 0.009504 0.973656
v -1.308833 0.000665 0.973656
v -1.065354 -0.018898 0.973656
v -1.063155 -0.008925 0.973656
v -0.950912 -0.018899 1.231252
v -1.063155 -0.028872 0.973657
v -1.056642 -0.038462 0.973656
v -1.046067 -0.047301 0.973656
v -1.031834 -0.055048 0.973656
v -1.014492 -0.061406 0.973656
v -0.994707 -0.066130 0.973656
v -0.973238 -0.069039 0.973656
v -0.950912 -0.070022 0.973656
v -0.928585 -0.069039 0.973656
v -0.907117 -0.066130 0.973656
v -0.887331 -0.061406 0.973656
v -0.869989 -0.055048 0.973656
v -0.855757 -0.047301 0.973656
v -0.845181 -0.038462 0.973656
v -0.838669 -0.028872 0.973657
v -0.836470 -0.018898 0.973656
v -0.838669 -0.008925 0.973656
v -0.845181 0.000665 0.973656
v -0.855757 0.009504 0.973656
v -0.869989 0.017251 0.973656
v -0.887331 0.023608 0.973656
v -0.907117 0.028333 0.973656
v -0.928585 0.031242 0.973656
v -0.950912 0.032224 0.973656
v -0.973238 0.031242 0.973656
v -0.994707 0.028333 0.973656
v -1.014492 0.023608 0.973656
v -1.031834 0.017251 0.973656
v -1.046067 0.009504 0.973656
v -1.056642 0.000665 0.973656
v -0.809692 -0.018898 0.973656
v -0.807493 -0.008925 0.973656
v -0.695250 -0.018899 1.231252
v -0.807493 -0.028872 0.973657
v -0.800981 -0.038462 0.973656
v -0.790405 -0.047301 0.973656
v -0.776173 -0.055048 0.973656
v -0.758831 -0.061406 0.973656
v -0.739045 -0.066130 0.973656
v -0.717577 -0.069039 0.973656
v -0.695250 -0.070022 0.973656
v -0.672924 -0.069039 0.973656
v -0.651455 -0.066130 0.973656
v -0.631670 -0.061406 0.973656
v -0.614328 -0.055048 0.973656
v -0.600095 -0.047301 0.973656
v -0.589520 -0.038462 0.973656
v -0.583007 -0.028872 0.973657
v -0.580808 -0.018898 0.973656
v -0.583007 -0.008925 0.973656
v -0.589520 0.000665 0.973656
v -0.600095 0.009504 0.973656
v -0.614328 0.017251 0.973656
v -0.631670 0.023608 0.973656
v -0.651455 0.028333 0.973656
v -0.672924 0.031242 0.973656
v -0.695250 0.032224 0.973656
v -0.717577 0.031242 0.973656
v -0.739045 0.028333 0.973656
v -0.758831 0.023608 0.973656
v -0.776173 0.017251 0.973656
v -0.790405 0.009504 0.973656
v -0.800981 0.000665 0.973656
v 1.017393 -0.018898 0.973656
v 1.019592 -0.008925 0.973656
v 1.131835 -0.018899 1.231252
v 1.019592 -0.028872 0.973657
v 1.026104 -0.038462 0.973656
v 1.036680 -0.047301 0.973656
v 1.050912 -0.055048 0.973656
v 1.068254 -0.061406 0.973656
v 1.088040 -0.066130 0.973656
v 1.109508 -0.069039 0.973656
v 1.131835 -0.070022 0.973656
v 1.154161 -0.069039 0.973656
v 1.175630 -0.066130 0.973656
v 1.195415 -0.061406 0.973656
v 1.212757 -0.055048 0.973656
v 1.226990 -0.047301 0.973656
v 1.237565 -0.038462 0.973656
v 1.244078 -0.028872 0.973657
v 1.246277 -0.018898 0.973656
v 1.244078 -0.008925 0.973656
v 1.237565 0.000665 0.973656
v 1.226990 0.009504 0.973656
v 1.212757 0.017251 0.973656
v 1.195415 0.023608 0.973656
v 1.175630 0.028333 0.973656
v 1.154161 0.031242 0.973656
v 1.131835 0.032224 0.973656
v 1.109508 0.031242 0.973656
v 1.088040 0.028333 0.973656
v 1.068254 0.023608 0.973656
v 1.050912 0.017251 0.973656
v 1.036680 0.009504 0.973656
v 1.026104 0.000665 0.973656
v 0.761732 -0.018898 0.973656
v 0.763931 -0.008925 0.973656
v 0.876174 -0.018899 1.231252
v 0.763931 -0.028872 0.973657
v 0.770443 -0.038462 0.973656
v 0.781019 -0.047301 0.973656
v 0.795251 -0.055048 0.973656
v 0.812593 -0.061406 0.973656
v 0.832379 -0.066130 0.973656
v 0.853847 -0.069039 0.973656
v 0.876174 -0.070022 0.973656
v 0.898500 -0.069039 0.973656
v 0.919969 -0.066130 0.973656
v 0.939754 -0.061406 0.973656
v 0.957096 -0.055048 0.973656
v 0.971329 -0.047301 0.973656
v 0.981904 -0.038462 0.973656
v 0.988417 -0.028872 0.973657
v 0.990615 -0.018898 0.973656
v 0.988417 -0.008925 0.973656
v 0.981904 0.000665 0.973656
v 0.971329 0.009504 0.973656
v 0.957096 0.017251 0.973656
v 0.939754 0.023608 0.973656
v 0.919969 0.028333 0.973656
v 0.898500 0.031242 0.973656
v 0.876174 0.032224 0.973656
v 0.853847 0.031242 0.973656
v 0.832379 0.028333 0.973656
v 0.812593 0.023608 0.973656
v 0.795251 0.017251 0.973656
v 0.781019 0.009504 0.973656
v 0.770443 0.000665 0.973656
v 0.509541 -0.018898 0.973656
v 0.511740 -0.008925 0.973656
v 0.623982 -0.018899 1.231252
v 0.511740 -0.028872 0.973657
v 0.518252 -0.038462 0.973656
v 0.528828 -0.047301 0.973656
v 0.543060 -0.055048 0.973656
v 0.560402 -0.061406 0.973656
v 0.580187 -0.066130 0.973656
v 0.601656 -0.069039 0.973656
v 0.623982 -0.070022 0.973656
v 0.646309 -0.069039 0.973656
v 0.667778 -0.066130 0.973656
v 0.687563 -0.061406 0.973656
v 0.704905 -0.055048 0.973656
v 0.719137 -0.047301 0.973656
v 0.729713 -0.038462 0.973656
v 0.736225 -0.028872 0.973657
v 0.738424 -0.018898 0.973656
v 0.736225 -0.008925 0.973656
v 0.729713 0.000665 0.973656
v 0.719137 0.009504 0.973656
v 0.704905 0.017251 0.973656
v 0.687563 0.023608 0.973656
v 0.667777 0.028333 0.973656
v 0.646309 0.031242 0.973656
v 0.623982 0.032224 0.973656
v 0.601656 0.031242 0.973656
v 0.580187 0.028333 0.973656
v 0.560402 0.023608 0.973656
v 0.543060 0.017251 0.973656
v 0.528828 0.009504 0.973656
v 0.518252 0.000665 0.973656
v -0.953286 3.441815 2.168269
v -1.009284 3.503767 2.043467
v -0.954562 3.559015 2.191229
v -0.910039 3.452303 2.311688
v -0.998580 3.362910 2.072606
v -0.937244 3.331104 2.238374
v -0.943305 3.253471 2.293947
v -0.904172 3.341597 2.385561
v -0.992713 3.252205 2.146477
v -1.047657 3.307583 2.011923
v -1.055261 3.245742 2.071097
v -0.993925 3.213936 2.236866
v -1.049717 3.242478 2.165703
v -1.001750 3.262723 2.309248
v -0.939202 3.269184 2.384630
v -0.956618 3.336473 2.417092
v -0.911997 3.390384 2.457944
v -0.897020 3.459668 2.418677
v -0.957732 3.458829 2.427872
v -0.922700 3.531242 2.428805
v -0.974829 3.576113 2.367517
v -0.967224 3.637955 2.308343
v -0.921490 3.569510 2.338414
v -0.972768 3.641219 2.213738
v -1.020735 3.620974 2.070192
v -1.028561 3.669761 2.142574
v -1.079180 3.630226 2.085493
v -1.029772 3.631492 2.232963
v -1.083283 3.614513 1.994810
v -1.065867 3.547224 1.962349
v -1.118314 3.542100 1.993880
v -1.110488 3.493313 1.921497
v -1.125465 3.424029 1.960763
v -1.099785 3.352455 1.950635
v -1.064754 3.424868 1.951568
v -1.100995 3.314188 2.041026
v -1.112447 3.431394 2.067752
v -1.067923 3.324682 2.188212
v -1.069199 3.441882 2.211171
v -1.013202 3.379930 2.335973
v -1.023905 3.520787 2.306834
v -1.085241 3.552593 2.141066
v -1.050914 3.810190 1.820157
v -0.749210 3.559617 2.594163
v -1.155634 3.810263 1.861000
v -1.061517 3.713984 1.793144
v -0.759813 3.463411 2.567151
v -1.166237 3.714057 1.833987
v -0.864533 3.463484 2.607994
v -0.853930 3.559690 2.635006
v -0.828823 2.923373 1.655397
v -0.828496 3.831693 1.781551
v -0.830323 2.731243 3.038755
v 0.788029 2.922563 1.657037
v 0.788356 3.830883 1.783191
v 0.786529 2.730433 3.040395
v 0.786856 3.638753 3.166549
v -0.829996 3.639563 3.164909
v -0.967071 2.319130 1.536237
v -0.966943 2.671566 1.606258
v -0.967863 2.175336 2.259994
v 0.925768 2.318071 1.538098
v 0.925896 2.670508 1.608120
v 0.924976 2.174277 2.261855
v 0.925104 2.526714 2.331877
v -0.967735 2.527772 2.330015
v -0.967008 2.702916 1.101409
v -0.966881 3.056405 1.150504
v -0.967925 2.585372 1.947740
v 0.925831 2.701968 1.103329
v 0.925958 3.055456 1.152424
v 0.924914 2.584424 1.949660
v 0.925041 2.937912 1.998755
v -0.967798 2.938860 1.996835
v -0.708773 2.879248 1.938278
v -0.708524 3.571466 2.034419
v -0.710269 2.687583 3.318282
v 0.668053 2.878558 1.939675
v 0.668302 3.570776 2.035815
v 0.666557 2.686894 3.319679
v 0.666806 3.379112 3.415819
v -0.710020 3.379802 3.414422
v -0.979315 2.624621 0.948485
v -0.979067 3.022639 0.380501
v -0.980541 3.559845 1.603848
v 0.938326 2.625915 0.950227
v 0.938574 3.023933 0.382243
v 0.937100 3.561139 1.605590
v 0.937348 3.959157 1.037605
v -0.980293 3.957863 1.035863
v -0.090002 3.908437 1.567480
v -0.025141 3.907114 1.573687
v -0.090002 4.726018 2.079532
v -0.154863 3.907114 1.573687
v -0.217231 3.903194 1.592068
v -0.274710 3.896828 1.621919
v -0.325091 3.888262 1.662090
v -0.366437 3.877824 1.711039
v -0.397160 3.865915 1.766885
v -0.416079 3.852993 1.827481
v -0.422468 3.839555 1.890499
v -0.416079 3.826117 1.953517
v -0.397160 3.813195 2.014113
v -0.366437 3.801286 2.069959
v -0.325091 3.790848 2.118908
v -0.274710 3.782282 2.159080
v -0.217231 3.775917 2.188930
v -0.154863 3.771997 2.207312
v -0.090002 3.770674 2.213518
v -0.025141 3.771997 2.207312
v 0.037227 3.775917 2.188930
v 0.094706 3.782282 2.159080
v 0.145087 3.790848 2.118908
v 0.186433 3.801286 2.069959
v 0.217157 3.813195 2.014113
v 0.236076 3.826117 1.953517
v 0.242464 3.839555 1.890499
v 0.236076 3.852993 1.827481
v 0.217157 3.865915 1.766885
v 0.186433 3.877824 1.711039
v 0.145087 3.888262 1.662090
v 0.094706 3.896828 1.621919
v 0.037227 3.903194 1.592068
v -0.935429 1.814823 -0.049726
v -0.935171 2.414265 -0.454104
v -0.936698 2.475624 0.929830
v 0.894473 1.815381 -0.047731
v 0.894731 2.414823 -0.452110
v 0.893204 2.476182 0.931824
v 0.893462 3.075624 0.527446
v -0.936440 3.075066 0.525452
v -0.901601 1.321954 -0.393828
v -0.901353 1.786181 -0.909113
v -0.902827 2.170402 0.370552
v 0.860613 1.322939 -0.392095
v 0.860860 1.787166 -0.907379
v 0.859387 2.171387 0.372285
v 0.859634 2.635614 -0.142999
v -0.902580 2.634629 -0.144732
v -0.090002 2.771238 0.172064
v -0.019483 2.775780 0.176224
v -0.090002 3.537205 -0.189670
v -0.160520 2.775780 0.176224
v -0.228329 2.789231 0.188543
v -0.290821 2.811074 0.208549
v -0.345596 2.840469 0.235473
v -0.390549 2.876288 0.268279
v -0.423952 2.917153 0.305708
v -0.444522 2.961494 0.346320
v -0.451467 3.007608 0.388555
v -0.444522 3.053721 0.430791
v -0.423952 3.098063 0.471403
v -0.390549 3.138928 0.508832
v -0.345596 3.174747 0.541638
v -0.290821 3.204142 0.568561
v -0.228329 3.225985 0.588567
v -0.160520 3.239436 0.600887
v -0.090002 3.243978 0.605047
v -0.019483 3.239436 0.600887
v 0.048325 3.225985 0.588567
v 0.110818 3.204142 0.568561
v 0.165593 3.174747 0.541638
v 0.210546 3.138928 0.508832
v 0.243948 3.098063 0.471403
v 0.264518 3.053721 0.430791
v 0.271463 3.007608 0.388555
v 0.264518 2.961494 0.346320
v 0.243948 2.917153 0.305708
v 0.210546 2.876288 0.268279
v 0.165593 2.840469 0.235473
v 0.110818 2.811074 0.208549
v 0.048325 2.789231 0.188543
v -0.089907 2.232025 -0.441123
v -0.019460 2.236823 -0.437008
v -0.087010 2.804092 -0.771847
v -0.160473 2.236367 -0.439032
v -0.228445 2.249682 -0.430817
v -0.291212 2.271459 -0.416792
v -0.346362 2.300859 -0.397497
v -0.391774 2.336755 -0.373674
v -0.425705 2.377766 -0.346238
v -0.446850 2.422316 -0.316242
v -0.454396 2.468693 -0.284841
v -0.448054 2.515115 -0.253240
v -0.428067 2.559798 -0.222655
v -0.395204 2.601025 -0.194259
v -0.350726 2.637212 -0.169146
v -0.296344 2.666967 -0.148279
v -0.234148 2.689147 -0.132461
v -0.166527 2.702901 -0.122300
v -0.096080 2.707699 -0.118185
v -0.025514 2.703357 -0.120276
v 0.042458 2.690042 -0.128492
v 0.105225 2.668265 -0.142516
v 0.160375 2.638864 -0.161811
v 0.205787 2.602969 -0.185635
v 0.239718 2.561958 -0.213071
v 0.260863 2.517408 -0.243066
v 0.268410 2.471030 -0.274468
v 0.262067 2.424608 -0.306068
v 0.242081 2.379925 -0.336653
v 0.209217 2.338698 -0.365049
v 0.164739 2.302512 -0.390162
v 0.110358 2.272757 -0.411029
v 0.048161 2.250576 -0.426847
v -0.401139 3.042919 -2.691234
v -0.401139 3.683472 -2.657255
v -0.401139 3.021209 -2.281960
v 0.400787 3.042919 -2.691234
v 0.400787 3.683472 -2.657255
v 0.400787 3.021209 -2.281960
v 0.400787 3.661761 -2.247981
v -0.401139 3.661761 -2.247981
v -0.089378 2.305069 -1.543078
v -0.018931 2.301525 -1.538374
v -0.087781 2.554446 -1.092444
v -0.159935 2.303511 -1.538973
v -0.227889 2.296910 -1.526214
v -0.290630 2.285521 -1.505293
v -0.345746 2.269780 -1.477013
v -0.391120 2.250292 -1.442461
v -0.425007 2.227808 -1.402966
v -0.446105 2.203190 -1.360044
v -0.453604 2.177385 -1.315344
v -0.447215 2.151384 -1.270587
v -0.427184 2.126187 -1.227490
v -0.394281 2.102762 -1.187710
v -0.349769 2.082009 -1.152776
v -0.295360 2.064725 -1.124031
v -0.233145 2.051576 -1.102579
v -0.165514 2.043065 -1.089243
v -0.095067 2.039521 -1.084538
v -0.024510 2.041079 -1.088644
v 0.043444 2.047680 -1.101403
v 0.106185 2.059070 -1.122324
v 0.161301 2.074811 -1.150604
v 0.206675 2.094298 -1.185156
v 0.240562 2.116782 -1.224651
v 0.261660 2.141400 -1.267574
v 0.269159 2.167205 -1.312273
v 0.262770 2.193206 -1.357030
v 0.242739 2.218403 -1.400127
v 0.209836 2.241828 -1.439907
v 0.165324 2.262582 -1.474841
v 0.110915 2.279865 -1.503586
v 0.048700 2.293015 -1.525039
v -0.089079 2.651114 -2.205056
v -0.018632 2.647122 -2.200981
v -0.088184 2.784245 -1.782933
v -0.159632 2.649167 -2.201327
v -0.227579 2.641354 -2.189934
v -0.290309 2.627975 -2.171315
v -0.345411 2.609545 -2.146188
v -0.390768 2.586773 -2.115515
v -0.424636 2.560533 -2.080478
v -0.445714 2.531833 -2.042423
v -0.453193 2.501776 -2.002810
v -0.446784 2.471519 -1.963164
v -0.426734 2.442222 -1.925008
v -0.393813 2.415013 -1.889806
v -0.349287 2.390937 -1.858914
v -0.294867 2.370918 -1.833517
v -0.232643 2.355727 -1.814593
v -0.165008 2.345947 -1.802867
v -0.094561 2.341955 -1.798791
v -0.024007 2.343902 -1.802521
v 0.043939 2.351715 -1.813914
v 0.106669 2.365094 -1.832533
v 0.161771 2.383523 -1.857660
v 0.207128 2.406296 -1.888332
v 0.240996 2.432536 -1.923369
v 0.262075 2.461236 -1.961425
v 0.269553 2.491292 -2.001037
v 0.263144 2.521550 -2.040684
v 0.243094 2.550847 -2.078840
v 0.210173 2.578056 -2.114042
v 0.165647 2.602132 -2.144933
v 0.111227 2.622151 -2.170330
v 0.049003 2.637342 -2.189255
v -0.029810 3.431967 -2.334881
v 0.040657 3.428303 -2.333767
v -0.028702 3.421606 -2.016635
v -0.100343 3.430301 -2.333211
v -0.168229 3.423369 -2.328821
v -0.230861 3.411437 -2.321882
v -0.285830 3.394964 -2.312657
v -0.331026 3.374583 -2.301503
v -0.364711 3.351077 -2.288848
v -0.385590 3.325349 -2.275179
v -0.392862 3.298388 -2.261020
v -0.386246 3.271231 -2.246916
v -0.365997 3.244920 -2.233409
v -0.332893 3.220468 -2.221017
v -0.288206 3.198812 -2.210218
v -0.233654 3.180787 -2.201426
v -0.171333 3.167085 -2.194978
v -0.103638 3.158231 -2.191124
v -0.033170 3.154567 -2.190011
v 0.037362 3.156233 -2.191680
v 0.105248 3.163165 -2.196069
v 0.167880 3.175097 -2.203010
v 0.222850 3.191570 -2.212234
v 0.268046 3.211951 -2.223388
v 0.301730 3.235457 -2.236043
v 0.322610 3.261185 -2.249712
v 0.329881 3.288145 -2.263871
v 0.323265 3.315303 -2.277976
v 0.303016 3.341613 -2.291482
v 0.269912 3.366066 -2.303873
v 0.225226 3.387721 -2.314673
v 0.170674 3.405746 -2.323466
v 0.108353 3.419449 -2.329913
v -0.831267 2.537721 2.160494
v -0.812697 2.528866 2.202317
v -0.856177 2.658893 2.197781
v -0.851070 2.546544 2.119233
v -0.871344 2.554996 2.080121
v -0.891310 2.562752 2.044659
v -0.910202 2.569514 2.014212
v -0.927293 2.575022 1.989948
v -0.941926 2.579065 1.972801
v -0.953539 2.581487 1.963429
v -0.961686 2.582195 1.962193
v -0.966053 2.581162 1.969140
v -0.966474 2.578427 1.984003
v -0.962931 2.574096 2.006211
v -0.955560 2.568335 2.034910
v -0.944646 2.561366 2.068997
v -0.930608 2.553455 2.107164
v -0.913984 2.544908 2.147942
v -0.895414 2.536053 2.189765
v -0.875612 2.527230 2.231026
v -0.855338 2.518778 2.270138
v -0.835371 2.511022 2.305599
v -0.816480 2.504260 2.336047
v -0.799389 2.498752 2.360311
v -0.784756 2.494709 2.377458
v -0.773143 2.492287 2.386829
v -0.764996 2.491579 2.388066
v -0.760628 2.492612 2.381119
v -0.760208 2.495347 2.366256
v -0.763751 2.499678 2.344048
v -0.771121 2.505439 2.315349
v -0.782035 2.512409 2.281261
v -0.796074 2.520319 2.243095
v -0.837338 2.185591 2.191315
v -0.837210 2.538078 2.261346
v -0.838187 2.031521 2.966792
v 0.796092 2.184678 2.192922
v 0.796220 2.537164 2.262953
v 0.795243 2.030608 2.968399
v 0.795371 2.383094 3.038430
v -0.838058 2.384008 3.036823
v -0.709590 2.071825 2.760284
v -0.709462 2.422379 2.829932
v -0.710098 1.979490 3.225029
v 0.668004 2.071054 2.761640
v 0.668131 2.421608 2.831287
v 0.667495 1.978720 3.226384
v 0.667623 2.329274 3.296031
v -0.709971 2.330044 3.294676
v -0.732879 2.464627 2.583458
v -0.729496 2.455553 2.629050
v -0.766441 2.586383 2.610707
v -0.737612 2.473696 2.537986
v -0.743514 2.482409 2.494380
v -0.750357 2.490433 2.454315
v -0.757878 2.497459 2.419333
v -0.765788 2.503217 2.390778
v -0.773784 2.507486 2.369746
v -0.781557 2.510101 2.357046
v -0.788810 2.510963 2.353166
v -0.795263 2.510038 2.358255
v -0.800669 2.507361 2.372118
v -0.804820 2.503036 2.394221
v -0.807556 2.497229 2.423716
v -0.808772 2.490163 2.459468
v -0.808422 2.482109 2.500105
v -0.806518 2.473377 2.544064
v -0.803135 2.464302 2.589656
v -0.798402 2.455234 2.635129
v -0.792500 2.446521 2.678735
v -0.785657 2.438497 2.718799
v -0.778136 2.431471 2.753781
v -0.770226 2.425713 2.782337
v -0.762231 2.421444 2.803369
v -0.754457 2.418828 2.816069
v -0.747204 2.417967 2.819949
v -0.740751 2.418892 2.814859
v -0.735345 2.421568 2.800997
v -0.731194 2.425893 2.778893
v -0.728458 2.431701 2.749399
v -0.727242 2.438767 2.713646
v -0.727592 2.446821 2.673009
v -0.582628 2.381360 2.987978
v -0.559195 2.372649 3.027316
v -0.603797 2.502373 3.027992
v -0.607218 2.390030 2.949344
v -0.632020 2.398326 2.912899
v -0.656082 2.405931 2.880043
v -0.678478 2.412551 2.852039
v -0.698349 2.417932 2.829962
v -0.714929 2.421867 2.814662
v -0.727583 2.424206 2.806726
v -0.735823 2.424857 2.806460
v -0.739334 2.423797 2.813873
v -0.737980 2.421065 2.828680
v -0.731813 2.416768 2.850313
v -0.721070 2.411069 2.877941
v -0.706165 2.404188 2.910501
v -0.687669 2.396390 2.946742
v -0.666295 2.387974 2.985272
v -0.642862 2.379263 3.024610
v -0.618272 2.370593 3.063243
v -0.593469 2.362296 3.099689
v -0.569407 2.354692 3.132545
v -0.547011 2.348072 3.160549
v -0.527141 2.342691 3.182626
v -0.510560 2.338756 3.197926
v -0.497907 2.336417 3.205862
v -0.489666 2.335766 3.206128
v -0.486155 2.336826 3.198715
v -0.487509 2.339558 3.183908
v -0.493676 2.343855 3.162274
v -0.504419 2.349554 3.134647
v -0.519324 2.356435 3.102087
v -0.537820 2.364233 3.065846
v 0.535851 2.381360 2.987978
v 0.512418 2.372649 3.027316
v 0.557020 2.502373 3.027992
v 0.560441 2.390030 2.949344
v 0.585243 2.398326 2.912899
v 0.609305 2.405931 2.880043
v 0.631702 2.412551 2.852039
v 0.651572 2.417932 2.829962
v 0.668152 2.421867 2.814662
v 0.680806 2.424206 2.806726
v 0.689047 2.424857 2.806460
v 0.692557 2.423797 2.813873
v 0.691203 2.421065 2.828680
v 0.685036 2.416768 2.850313
v 0.674294 2.411069 2.877941
v 0.659388 2.404188 2.910501
v 0.640893 2.396390 2.946742
v 0.619518 2.387974 2.985272
v 0.596085 2.379263 3.024610
v 0.571495 2.370593 3.063243
v 0.546692 2.362296 3.099689
v 0.522630 2.354692 3.132545
v 0.500234 2.348072 3.160549
v 0.480364 2.342691 3.182626
v 0.463783 2.338756 3.197926
v 0.451130 2.336417 3.205862
v 0.442889 2.335766 3.206128
v 0.439379 2.336826 3.198715
v 0.440733 2.339558 3.183908
v 0.446900 2.343855 3.162274
v 0.457642 2.349554 3.134647
v 0.472548 2.356435 3.102087
v 0.491043 2.364233 3.065846
v 0.686102 2.464627 2.583458
v 0.682719 2.455553 2.629050
v 0.719664 2.586383 2.610707
v 0.690836 2.473696 2.537986
v 0.696737 2.482409 2.494380
v 0.703580 2.490433 2.454315
v 0.711101 2.497459 2.419333
v 0.719011 2.503217 2.390778
v 0.727007 2.507486 2.369746
v 0.734780 2.510101 2.357046
v 0.742033 2.510963 2.353166
v 0.748487 2.510038 2.358255
v 0.753893 2.507361 2.372118
v 0.758043 2.503036 2.394221
v 0.760779 2.497229 2.423716
v 0.761996 2.490163 2.459468
v 0.761645 2.482109 2.500105
v 0.759742 2.473377 2.544064
v 0.756358 2.464302 2.589656
v 0.751625 2.455234 2.635129
v 0.745723 2.446521 2.678735
v 0.738881 2.438497 2.718799
v 0.731360 2.431471 2.753781
v 0.723449 2.425713 2.782337
v 0.715454 2.421444 2.803369
v 0.707680 2.418828 2.816069
v 0.700427 2.417967 2.819949
v 0.693974 2.418892 2.814859
v 0.688568 2.421568 2.800997
v 0.684417 2.425893 2.778893
v 0.681681 2.431701 2.749399
v 0.680465 2.438767 2.713646
v 0.680815 2.446821 2.673009
v -0.260315 2.344886 3.150691
v -0.213709 2.344663 3.151181
v -0.259637 2.467714 3.190769
v -0.306916 2.345057 3.151555
v -0.351721 2.345168 3.153739
v -0.393008 2.345215 3.157161
v -0.429191 2.345197 3.161688
v -0.458878 2.345114 3.167147
v -0.480930 2.344970 3.173327
v -0.494498 2.344769 3.179992
v -0.499062 2.344521 3.186885
v -0.494445 2.344233 3.193741
v -0.480826 2.343918 3.200297
v -0.458728 2.343587 3.206301
v -0.428999 2.343254 3.211522
v -0.392783 2.342930 3.215759
v -0.351471 2.342629 3.218850
v -0.306651 2.342361 3.220676
v -0.260045 2.342139 3.221166
v -0.213444 2.341968 3.220303
v -0.168639 2.341857 3.218118
v -0.127352 2.341810 3.214696
v -0.091170 2.341828 3.210169
v -0.061482 2.341911 3.204710
v -0.039430 2.342055 3.198530
v -0.025862 2.342256 3.191865
v -0.021298 2.342505 3.184972
v -0.025915 2.342792 3.178116
v -0.039534 2.343107 3.171560
v -0.061632 2.343438 3.165556
v -0.091361 2.343771 3.160336
v -0.127577 2.344095 3.156098
v -0.168889 2.344396 3.153007
v 0.207135 2.344315 3.150658
v 0.253741 2.344078 3.151147
v 0.207850 2.467143 3.190736
v 0.160534 2.344499 3.151522
v 0.115729 2.344623 3.153708
v 0.074442 2.344682 3.157130
v 0.038260 2.344674 3.161658
v 0.008573 2.344600 3.167117
v -0.013479 2.344462 3.173298
v -0.027047 2.344265 3.179963
v -0.031611 2.344018 3.186856
v -0.026994 2.343729 3.193712
v -0.013375 2.343410 3.200267
v 0.008723 2.343073 3.206271
v 0.038452 2.342731 3.211491
v 0.074668 2.342397 3.215728
v 0.115980 2.342084 3.218818
v 0.160800 2.341804 3.220643
v 0.207406 2.341567 3.221133
v 0.254007 2.341383 3.220268
v 0.298812 2.341259 3.218083
v 0.340098 2.341200 3.214661
v 0.376281 2.341208 3.210133
v 0.405968 2.341282 3.204674
v 0.428020 2.341420 3.198493
v 0.441588 2.341617 3.191828
v 0.446152 2.341864 3.184935
v 0.441535 2.342153 3.178079
v 0.427916 2.342472 3.171523
v 0.405818 2.342809 3.165520
v 0.376089 2.343151 3.160299
v 0.339873 2.343485 3.156063
v 0.298561 2.343798 3.152972
v 0.684732 2.761617 2.796834
v 0.690296 2.767161 2.750892
v 0.721095 2.638128 2.785816
v 0.680515 2.756070 2.842920
v 0.677809 2.750733 2.887377
v 0.676716 2.745812 2.928498
v 0.677279 2.741495 2.964702
v 0.679476 2.737948 2.994597
v 0.683222 2.735308 3.017036
v 0.688374 2.733676 3.031155
v 0.694734 2.733115 3.036412
v 0.702057 2.733647 3.032606
v 0.710062 2.735250 3.019881
v 0.718441 2.737864 2.998728
v 0.726873 2.741387 2.969959
v 0.735032 2.745686 2.934680
v 0.742606 2.750593 2.894247
v 0.749304 2.755921 2.850212
v 0.754868 2.761465 2.804270
v 0.759084 2.767013 2.758184
v 0.761791 2.772349 2.713727
v 0.762884 2.777271 2.672606
v 0.762321 2.781588 2.636403
v 0.760124 2.785135 2.606507
v 0.756378 2.787775 2.584068
v 0.751226 2.789406 2.569949
v 0.744866 2.789967 2.564692
v 0.737543 2.789436 2.568499
v 0.729538 2.787833 2.581223
v 0.721159 2.785219 2.602376
v 0.712727 2.781695 2.631145
v 0.704568 2.777397 2.666424
v 0.696993 2.772490 2.706858
v 0.686102 2.827603 2.337075
v 0.682719 2.833147 2.290921
v 0.719664 2.704113 2.319263
v 0.690836 2.822056 2.383110
v 0.696737 2.816719 2.427257
v 0.703580 2.811797 2.467819
v 0.711101 2.807480 2.503238
v 0.719011 2.803934 2.532151
v 0.727007 2.801294 2.553449
v 0.734780 2.799662 2.566313
v 0.742033 2.799101 2.570247
v 0.748487 2.799632 2.565102
v 0.753893 2.801235 2.551075
v 0.758043 2.803849 2.528705
v 0.760779 2.807373 2.498851
v 0.761996 2.811671 2.462661
v 0.761645 2.816578 2.421525
v 0.759742 2.821907 2.377026
v 0.756358 2.827451 2.330871
v 0.751625 2.832998 2.284836
v 0.745723 2.838335 2.240689
v 0.738881 2.843256 2.200127
v 0.731360 2.847573 2.164708
v 0.723449 2.851120 2.135795
v 0.715454 2.853760 2.114497
v 0.707680 2.855392 2.101634
v 0.700427 2.855953 2.097699
v 0.693974 2.855421 2.102844
v 0.688568 2.853818 2.116871
v 0.684417 2.851204 2.139242
v 0.681681 2.847681 2.169096
v 0.680465 2.843383 2.205285
v 0.680815 2.838475 2.246421
v -0.754168 2.827603 2.337075
v -0.750784 2.833147 2.290921
v -0.787730 2.704113 2.319263
v -0.758901 2.822056 2.383110
v -0.764803 2.816719 2.427257
v -0.771645 2.811797 2.467819
v -0.779166 2.807480 2.503238
v -0.787077 2.803934 2.532151
v -0.795072 2.801294 2.553449
v -0.802846 2.799662 2.566313
v -0.810099 2.799101 2.570247
v -0.816552 2.799632 2.565102
v -0.821958 2.801235 2.551075
v -0.826109 2.803849 2.528705
v -0.828845 2.807373 2.498851
v -0.830061 2.811671 2.462661
v -0.829711 2.816578 2.421525
v -0.827807 2.821907 2.377026
v -0.824424 2.827451 2.330871
v -0.819690 2.832998 2.284836
v -0.813789 2.838335 2.240689
v -0.806946 2.843256 2.200127
v -0.799425 2.847573 2.164708
v -0.791515 2.851120 2.135795
v -0.783519 2.853760 2.114497
v -0.775746 2.855392 2.101634
v -0.768493 2.855953 2.097699
v -0.762039 2.855421 2.102844
v -0.756633 2.853818 2.116871
v -0.752483 2.851204 2.139242
v -0.749747 2.847681 2.169096
v -0.748530 2.843383 2.205285
v -0.748881 2.838475 2.246421
v -0.752797 2.761617 2.796834
v -0.758361 2.767161 2.750892
v -0.789160 2.638128 2.785816
v -0.748581 2.756070 2.842920
v -0.745874 2.750733 2.887377
v -0.744781 2.745812 2.928498
v -0.745344 2.741495 2.964702
v -0.747541 2.737948 2.994597
v -0.751287 2.735308 3.017036
v -0.756440 2.733676 3.031155
v -0.762799 2.733115 3.036412
v -0.770123 2.733647 3.032606
v -0.778127 2.735250 3.019881
v -0.786507 2.737864 2.998728
v -0.794938 2.741387 2.969959
v -0.803097 2.745686 2.934680
v -0.810672 2.750593 2.894247
v -0.817369 2.755921 2.850212
v -0.822933 2.761465 2.804270
v -0.827150 2.767013 2.758184
v -0.829856 2.772349 2.713727
v -0.830949 2.777271 2.672606
v -0.830386 2.781588 2.636403
v -0.828190 2.785135 2.606507
v -0.824443 2.787775 2.584068
v -0.819291 2.789406 2.569949
v -0.812931 2.789967 2.564692
v -0.805608 2.789436 2.568499
v -0.797603 2.787833 2.581223
v -0.789224 2.785219 2.602376
v -0.780793 2.781695 2.631145
v -0.772633 2.777397 2.666424
v -0.765059 2.772490 2.706858
v -0.463480 2.700373 3.132174
v -0.421118 2.697045 3.151326
v -0.459679 2.574529 3.103152
v -0.505271 2.703620 3.111795
v -0.544887 2.706664 3.090972
v -0.580804 2.709385 3.070505
v -0.611642 2.711681 3.051182
v -0.636217 2.713463 3.033744
v -0.653583 2.714662 3.018862
v -0.663073 2.715232 3.007107
v -0.664323 2.715152 2.998932
v -0.657285 2.714424 2.994651
v -0.642228 2.713077 2.994427
v -0.619733 2.711161 2.998271
v -0.590662 2.708752 3.006033
v -0.556134 2.705941 3.017416
v -0.517475 2.702836 3.031981
v -0.476171 2.699557 3.049171
v -0.433809 2.696230 3.068323
v -0.392017 2.692982 3.088703
v -0.352401 2.689939 3.109526
v -0.316484 2.687217 3.129992
v -0.285646 2.684921 3.149315
v -0.261072 2.683139 3.166753
v -0.243706 2.681940 3.181635
v -0.234215 2.681370 3.193390
v -0.232965 2.681450 3.201565
v -0.240004 2.682178 3.205847
v -0.255060 2.683526 3.206070
v -0.277556 2.685441 3.202227
v -0.306626 2.687850 3.194465
v -0.341154 2.690662 3.183082
v -0.379813 2.693766 3.168516
v 0.005993 2.690311 3.111271
v -0.040608 2.690963 3.111774
v 0.004088 2.565375 3.144147
v 0.052590 2.689633 3.112123
v 0.097390 2.688956 3.114298
v 0.138673 2.688304 3.117711
v 0.174851 2.687704 3.122231
v 0.204535 2.687178 3.127686
v 0.226583 2.686746 3.133864
v 0.240149 2.686426 3.140530
v 0.244711 2.686229 3.147425
v 0.240094 2.686163 3.154287
v 0.226475 2.686231 3.160850
v 0.204377 2.686429 3.166862
v 0.174651 2.686751 3.172094
v 0.138437 2.687183 3.176343
v 0.097128 2.687710 3.179446
v 0.052312 2.688311 3.181284
v 0.005710 2.688963 3.181787
v -0.040887 2.689641 3.180935
v -0.085687 2.690319 3.178760
v -0.126970 2.690970 3.175347
v -0.163148 2.691571 3.170826
v -0.192832 2.692097 3.165372
v -0.214880 2.692528 3.159194
v -0.228446 2.692848 3.152529
v -0.233008 2.693045 3.145633
v -0.228391 2.693111 3.138772
v -0.214772 2.693044 3.132208
v -0.192674 2.692845 3.126196
v -0.162947 2.692523 3.120964
v -0.126734 2.692091 3.116715
v -0.085425 2.691564 3.113612
v 0.492434 2.700373 3.132174
v 0.450072 2.697045 3.151326
v 0.488633 2.574529 3.103152
v 0.534226 2.703620 3.111795
v 0.573842 2.706664 3.090972
v 0.609759 2.709385 3.070505
v 0.640597 2.711681 3.051182
v 0.665171 2.713463 3.033744
v 0.682537 2.714662 3.018862
v 0.692028 2.715232 3.007107
v 0.693278 2.715152 2.998932
v 0.686239 2.714424 2.994651
v 0.671183 2.713077 2.994427
v 0.648687 2.711161 2.998271
v 0.619617 2.708752 3.006033
v 0.585088 2.705941 3.017416
v 0.546430 2.702836 3.031981
v 0.505125 2.699557 3.049171
v 0.462763 2.696230 3.068323
v 0.420972 2.692982 3.088703
v 0.381356 2.689939 3.109526
v 0.345439 2.687217 3.129992
v 0.314601 2.684921 3.149315
v 0.290026 2.683139 3.166753
v 0.272660 2.681940 3.181635
v 0.263170 2.681370 3.193390
v 0.261920 2.681450 3.201565
v 0.268958 2.682178 3.205847
v 0.284015 2.683526 3.206070
v 0.306510 2.685441 3.202227
v 0.335581 2.687850 3.194465
v 0.370109 2.690662 3.183082
v 0.408768 2.693766 3.168516
v 0.906035 3.441815 2.168269
v 0.962032 3.503767 2.043467
v 0.907311 3.559015 2.191229
v 0.862787 3.452303 2.311688
v 0.951329 3.362910 2.072606
v 0.889992 3.331104 2.238374
v 0.896053 3.253471 2.293947
v 0.856920 3.341597 2.385561
v 0.945462 3.252205 2.146477
v 1.000405 3.307583 2.011923
v 1.008009 3.245742 2.071097
v 0.946673 3.213936 2.236866
v 1.002465 3.242478 2.165703
v 0.954499 3.262723 2.309248
v 0.891950 3.269184 2.384630
v 0.909367 3.336473 2.417092
v 0.864745 3.390384 2.457944
v 0.849769 3.459668 2.418677
v 0.910480 3.458829 2.427872
v 0.875449 3.531242 2.428805
v 0.927577 3.576113 2.367517
v 0.919973 3.637955 2.308343
v 0.874239 3.569510 2.338414
v 0.925517 3.641219 2.213738
v 0.973484 3.620974 2.070192
v 0.981309 3.669761 2.142574
v 1.031929 3.630226 2.085493
v 0.982520 3.631492 2.232963
v 1.036032 3.614513 1.994810
v 1.018615 3.547224 1.962349
v 1.071062 3.542100 1.993880
v 1.063237 3.493313 1.921497
v 1.078213 3.424029 1.960763
v 1.052533 3.352455 1.950635
v 1.017502 3.424868 1.951568
v 1.053744 3.314188 2.041026
v 1.065195 3.431394 2.067752
v 1.020672 3.324682 2.188212
v 1.021948 3.441882 2.211171
v 0.965950 3.379930 2.335973
v 0.976654 3.520787 2.306834
v 1.037990 3.552593 2.141066
v 1.003663 3.810190 1.820157
v 0.701959 3.559617 2.594163
v 1.108383 3.810263 1.860999
v 1.014266 3.713984 1.793144
v 0.712562 3.463411 2.567151
v 1.118985 3.714057 1.833987
v 0.817282 3.463484 2.607994
v 0.806679 3.559690 2.635006
vn -0.0576 0.9816 0.1822
vn 0.8964 -0.2880 0.3370
vn 0.8849 -0.2933 0.3620
vn 0.8702 -0.3083 0.3844
vn 0.8504 -0.3351 0.4055
vn 0.8219 -0.3781 0.4260
vn 0.7763 -0.4459 0.4456
vn 0.6931 -0.5542 0.4608
vn 0.5179 -0.7247 0.4545
vn 0.1349 -0.9228 0.3609
vn -0.4004 -0.9089 0.1166
vn -0.7132 -0.6927 -0.1073
vn -0.8253 -0.5148 -0.2321
vn -0.8636 -0.4033 -0.3027
vn -0.8757 -0.3340 -0.3487
vn -0.8771 -0.2902 -0.3828
vn -0.8729 -0.2630 -0.4110
vn -0.8649 -0.2478 -0.4365
vn -0.8534 -0.2425 -0.4614
vn -0.8376 -0.2467 -0.4875
vn -0.8154 -0.2618 -0.5164
vn -0.7826 -0.2911 -0.5502
vn -0.7300 -0.3418 -0.5918
vn -0.6355 -0.4273 -0.6431
vn -0.4420 -0.5677 -0.6945
vn -0.0372 -0.7416 -0.6699
vn 0.4981 -0.7555 -0.4256
vn 0.7891 -0.5997 -0.1327
vn 0.8830 -0.4668 0.0498
vn 0.9098 -0.3844 0.1565
vn 0.9150 -0.3352 0.2244
vn 0.9121 -0.3067 0.2719
vn 0.9055 -0.2920 0.3079
vn -1.0000 -0.0000 -0.0000
vn -0.0000 0.4291 -0.9033
vn 1.0000 -0.0000 -0.0000
vn -0.0000 -0.4291 0.9033
vn -0.0000 -0.9033 -0.4291
vn -0.0000 0.9033 0.4291
vn -0.0000 -0.0000 -1.0000
vn -0.0000 1.0000 -0.0000
vn -0.0000 -0.0000 1.0000
vn -0.0000 -1.0000 -0.0000
vn -0.0000 -0.9417 0.3364
vn 0.0940 -0.0775 -0.9925
vn -0.0940 -0.0775 -0.9925
vn -0.2785 -0.0652 -0.9582
vn -0.4527 -0.0408 -0.8907
vn -0.6099 -0.0054 -0.7925
vn -0.7441 0.0398 -0.6669
vn -0.8498 0.0930 -0.5188
vn -0.9229 0.1522 -0.3536
vn -0.9602 0.2151 -0.1779
vn -0.9602 0.2792 0.0014
vn -0.9229 0.3418 0.1772
vn -0.8498 0.4006 0.3424
vn -0.7441 0.4533 0.4908
vn -0.6099 0.4979 0.6165
vn -0.4527 0.5327 0.7150
vn -0.2785 0.5567 0.7826
vn -0.0940 0.5688 0.8171
vn 0.0940 0.5688 0.8171
vn 0.2785 0.5567 0.7826
vn 0.4527 0.5327 0.7150
vn 0.6099 0.4979 0.6165
vn 0.7441 0.4533 0.4908
vn 0.8498 0.4006 0.3424
vn 0.9229 0.3418 0.1772
vn 0.9602 0.2792 0.0014
vn 0.9602 0.2151 -0.1779
vn 0.9229 0.1522 -0.3536
vn 0.8498 0.0930 -0.5188
vn 0.7441 0.0398 -0.6669
vn 0.6099 -0.0054 -0.7925
vn 0.4527 -0.0408 -0.8907
vn 0.2785 -0.0652 -0.9582
vn -0.0000 -0.9397 -0.3420
vn -0.0000 -0.3420 0.9397
vn -0.0000 0.9397 0.3420
vn -0.0000 0.3420 -0.9397
vn -0.0000 -0.8611 -0.5084
vn -0.0000 -0.5084 0.8611
vn -0.0000 0.8611 0.5084
vn -0.0000 0.5084 -0.8611
vn -0.0000 -0.6536 -0.7569
vn -0.0000 -0.7569 0.6536
vn -0.0000 0.6536 0.7569
vn -0.0000 0.7569 -0.6536
vn -0.0000 0.0530 -0.9986
vn -0.0000 -0.9986 -0.0530
vn -0.0000 -0.0530 0.9986
vn -0.0000 0.9986 0.0530
vn 0.0011 -0.0036 -1.0000
vn -1.0000 0.0004 -0.0011
vn -0.0004 -1.0000 0.0036
vn 1.0000 -0.0004 0.0011
vn -0.0011 0.0036 1.0000
vn 0.0004 1.0000 -0.0036
vn -0.0500 -0.9988 -0.0000
vn -0.9957 0.0498 -0.0781
vn -0.9957 0.0498 0.0781
vn -0.9709 0.0486 0.2346
vn 0.0500 0.9988 -0.0000
vn -0.9191 0.0460 0.3913
vn -0.8363 0.0418 0.5466
vn -0.7172 0.0359 0.6960
vn -0.5571 0.0279 0.8300
vn -0.3559 0.0178 0.9344
vn -0.1227 0.0061 0.9924
vn 0.1227 -0.0061 0.9924
vn 0.3559 -0.0178 0.9344
vn 0.5571 -0.0279 0.8300
vn 0.7172 -0.0359 0.6960
vn 0.8363 -0.0418 0.5466
vn 0.9191 -0.0460 0.3913
vn 0.9709 -0.0486 0.2346
vn 0.9957 -0.0498 0.0781
vn 0.9957 -0.0498 -0.0781
vn 0.9709 -0.0486 -0.2346
vn 0.9191 -0.0460 -0.3913
vn 0.8363 -0.0418 -0.5466
vn 0.7172 -0.0359 -0.6960
vn 0.5571 -0.0279 -0.8300
vn 0.3559 -0.0178 -0.9344
vn 0.1227 -0.0061 -0.9924
vn -0.1227 0.0061 -0.9924
vn -0.3559 0.0178 -0.9344
vn -0.5571 0.0279 -0.8300
vn -0.7172 0.0359 -0.6960
vn -0.8363 0.0418 -0.5466
vn -0.9191 0.0460 -0.3913
vn -0.9709 0.0486 -0.2346
vn -0.8959 0.1975 0.3980
vn -0.8959 -0.1975 0.3980
vn -0.7728 -0.5248 0.3570
vn -0.6105 -0.7305 0.3061
vn -0.4612 -0.8472 0.2638
vn -0.3347 -0.9130 0.2333
vn -0.2269 -0.9504 0.2128
vn -0.1316 -0.9708 0.2004
vn -0.0431 -0.9800 0.1945
vn 0.0431 -0.9800 0.1945
vn 0.1316 -0.9708 0.2004
vn 0.2269 -0.9504 0.2128
vn 0.3347 -0.9130 0.2333
vn 0.4612 -0.8472 0.2638
vn 0.6105 -0.7305 0.3061
vn 0.7728 -0.5248 0.3570
vn 0.8959 -0.1975 0.3980
vn 0.8959 0.1975 0.3980
vn 0.7728 0.5247 0.3570
vn 0.6105 0.7305 0.3061
vn 0.4612 0.8472 0.2638
vn 0.3347 0.9130 0.2333
vn 0.2269 0.9504 0.2128
vn 0.1316 0.9708 0.2004
vn 0.0431 0.9800 0.1945
vn -0.0431 0.9800 0.1945
vn -0.1316 0.9708 0.2004
vn -0.2269 0.9504 0.2128
vn -0.3347 0.9130 0.2333
vn -0.4612 0.8472 0.2638
vn -0.6105 0.7305 0.3061
vn -0.7728 0.5247 0.3570
vn 0.9240 0.0832 -0.3733
vn 0.9090 -0.0171 -0.4163
vn 0.9538 0.0677 -0.2926
vn 0.9574 -0.0421 -0.2856
vn 0.9276 -0.0944 -0.3613
vn 0.9090 -0.2872 -0.3021
vn 0.9556 -0.2172 -0.1992
vn 0.9731 -0.0900 -0.2122
vn 0.9054 -0.2014 -0.3737
vn 0.6606 -0.5598 -0.5002
vn 0.8526 -0.2580 -0.4543
vn 0.7541 -0.6083 -0.2474
vn 0.4870 -0.8066 -0.3350
vn -0.4510 -0.8925 -0.0044
vn -0.7270 -0.6032 0.3280
vn 0.5212 -0.8446 0.1228
vn -0.4727 -0.7536 0.4568
vn 0.8995 -0.4356 0.0348
vn -0.2169 -0.4691 0.8561
vn -0.6648 -0.4571 0.5908
vn 0.8359 -0.4091 0.3661
vn -0.6231 -0.0743 0.7786
vn 0.9776 -0.1096 0.1795
vn 0.7628 0.1861 0.6193
vn -0.3606 0.1626 0.9184
vn 0.9375 0.3157 0.1462
vn -0.2200 0.6884 0.6912
vn -0.6150 0.2881 0.7340
vn 0.7416 0.6141 0.2699
vn 0.9838 0.1254 -0.1283
vn 0.9352 0.2699 -0.2294
vn 0.8372 0.5461 -0.0302
vn 0.9630 0.1458 -0.2268
vn 0.8943 0.2911 -0.3399
vn 0.7270 0.6032 -0.3280
vn 0.4510 0.8925 0.0044
vn -0.5212 0.8446 -0.1228
vn -0.7541 0.6083 0.2474
vn -0.4870 0.8066 0.3350
vn 0.4727 0.7536 -0.4568
vn -0.8995 0.4356 -0.0348
vn 0.6648 0.4571 -0.5908
vn 0.2169 0.4691 -0.8561
vn -0.8359 0.4091 -0.3661
vn 0.6231 0.0743 -0.7786
vn -0.7628 -0.1861 -0.6192
vn -0.9776 0.1096 -0.1795
vn 0.3606 -0.1626 -0.9184
vn 0.8327 0.0561 -0.5508
vn 0.8320 -0.1531 -0.5332
vn 0.6150 -0.2881 -0.7340
vn 0.8690 -0.0361 -0.4935
vn -0.9375 -0.3157 -0.1462
vn 0.2200 -0.6884 -0.6912
vn -0.7416 -0.6141 -0.2699
vn -0.9838 -0.1254 0.1283
vn -0.8372 -0.5461 0.0302
vn -0.9352 -0.2699 0.2294
vn -0.9630 -0.1458 0.2268
vn -0.9538 -0.0677 0.2926
vn -0.9240 -0.0832 0.3733
vn -0.8943 -0.2911 0.3399
vn -0.8989 -0.1790 0.3998
vn -0.8504 -0.1946 0.4889
vn -0.8327 -0.0561 0.5508
vn -0.9090 0.0171 0.4163
vn -0.8690 0.0361 0.4935
vn -0.8320 0.1531 0.5332
vn -0.8526 0.2580 0.4543
vn -0.9276 0.0944 0.3613
vn -0.9054 0.2014 0.3737
vn -0.9090 0.2872 0.3021
vn -0.9556 0.2172 0.1992
vn -0.9574 0.0421 0.2856
vn -0.9731 0.0900 0.2122
vn -0.9925 0.0268 0.1189
vn 0.8504 0.1946 -0.4889
vn -0.6606 0.5598 0.5002
vn 0.8989 0.1790 -0.3998
vn 0.9925 -0.0268 -0.1189
vn 0.9316 -0.0007 -0.3634
vn 0.1055 0.9574 0.2688
vn -0.3477 0.2888 -0.8920
vn -0.1055 -0.9574 -0.2688
vn -0.9316 0.0007 0.3634
vn 0.3477 -0.2888 0.8920
vn 0.0011 0.1376 -0.9905
vn -1.0000 0.0005 -0.0010
vn -0.0004 -0.9905 -0.1376
vn 1.0000 -0.0005 0.0010
vn -0.0011 -0.1376 0.9905
vn 0.0004 0.9905 0.1376
vn 0.0011 0.1949 -0.9808
vn -1.0000 0.0006 -0.0010
vn -0.0004 -0.9808 -0.1949
vn 1.0000 -0.0006 0.0010
vn -0.0011 -0.1949 0.9808
vn 0.0004 0.9808 0.1949
vn 0.0011 -0.8189 -0.5739
vn -1.0000 -0.0007 -0.0009
vn -0.0004 -0.5739 0.8189
vn 1.0000 0.0007 0.0009
vn -0.0011 0.8189 0.5739
vn 0.0004 0.5739 -0.8189
vn -0.0000 -0.9780 -0.2086
vn 0.0915 0.5286 -0.8439
vn -0.0915 0.5286 -0.8439
vn -0.2712 0.5213 -0.8091
vn -0.4408 0.5070 -0.7407
vn -0.5939 0.4861 -0.6411
vn -0.7244 0.4594 -0.5140
vn -0.8274 0.4278 -0.3640
vn -0.8985 0.3924 -0.1968
vn -0.9348 0.3547 -0.0191
vn -0.9348 0.3160 0.1622
vn -0.8985 0.2780 0.3398
vn -0.8274 0.2421 0.5068
vn -0.7244 0.2098 0.6566
vn -0.5939 0.1823 0.7836
vn -0.4408 0.1607 0.8831
vn -0.2712 0.1459 0.9514
vn -0.0915 0.1383 0.9861
vn 0.0915 0.1383 0.9861
vn 0.2712 0.1459 0.9514
vn 0.4408 0.1607 0.8831
vn 0.5939 0.1823 0.7836
vn 0.7244 0.2098 0.6566
vn 0.8274 0.2421 0.5068
vn 0.8985 0.2780 0.3398
vn 0.9348 0.3160 0.1622
vn 0.9348 0.3547 -0.0191
vn 0.8985 0.3924 -0.1968
vn 0.8274 0.4278 -0.3640
vn 0.7244 0.4594 -0.5140
vn 0.5939 0.4861 -0.6411
vn 0.4408 0.5070 -0.7407
vn 0.2712 0.5213 -0.8091
vn 0.0011 -0.5592 -0.8290
vn -1.0000 -0.0003 -0.0011
vn -0.0004 -0.8290 0.5592
vn 1.0000 0.0003 0.0011
vn -0.0011 0.5592 0.8290
vn 0.0004 0.8290 -0.5592
vn 0.0011 -0.7430 -0.6693
vn -1.0000 -0.0006 -0.0010
vn -0.0004 -0.6693 0.7430
vn 1.0000 0.0006 0.0010
vn -0.0011 0.7430 0.6693
vn 0.0004 0.6693 -0.7430
vn -0.0000 -0.6754 0.7374
vn 0.0806 -0.4256 -0.9013
vn -0.0806 -0.4256 -0.9013
vn -0.2403 -0.4023 -0.8834
vn -0.3953 -0.3552 -0.8471
vn -0.5414 -0.2842 -0.7913
vn -0.6729 -0.1895 -0.7151
vn -0.7823 -0.0729 -0.6186
vn -0.8617 0.0616 -0.5037
vn -0.9036 0.2073 -0.3750
vn -0.9036 0.3553 -0.2394
vn -0.8617 0.4964 -0.1055
vn -0.7823 0.6226 0.0184
vn -0.6729 0.7289 0.1261
vn -0.5414 0.8131 0.2138
vn -0.3953 0.8749 0.2796
vn -0.2403 0.9153 0.3233
vn -0.0806 0.9351 0.3450
vn 0.0806 0.9351 0.3450
vn 0.2403 0.9153 0.3233
vn 0.3953 0.8749 0.2796
vn 0.5414 0.8131 0.2138
vn 0.6729 0.7289 0.1261
vn 0.7823 0.6226 0.0184
vn 0.8617 0.4964 -0.1055
vn 0.9036 0.3553 -0.2394
vn 0.9036 0.2073 -0.3750
vn 0.8617 0.0616 -0.5037
vn 0.7823 -0.0729 -0.6186
vn 0.6729 -0.1895 -0.7151
vn 0.5414 -0.2842 -0.7913
vn 0.3953 -0.3552 -0.8471
vn 0.2403 -0.4023 -0.8834
vn -0.0101 -0.5618 0.8272
vn 0.0844 -0.4990 -0.8625
vn -0.0563 -0.4995 -0.8645
vn -0.1969 -0.4767 -0.8567
vn -0.3363 -0.4297 -0.8380
vn -0.4721 -0.3565 -0.8063
vn -0.5996 -0.2552 -0.7585
vn -0.7111 -0.1256 -0.6917
vn -0.7961 0.0291 -0.6044
vn -0.8435 0.2002 -0.4984
vn -0.8458 0.3744 -0.3802
vn -0.8027 0.5368 -0.2597
vn -0.7216 0.6765 -0.1472
vn -0.6132 0.7884 -0.0500
vn -0.4881 0.8724 0.0280
vn -0.3540 0.9313 0.0860
vn -0.2157 0.9685 0.1245
vn -0.0756 0.9866 0.1444
vn 0.0651 0.9871 0.1465
vn 0.2058 0.9699 0.1305
vn 0.3453 0.9336 0.0960
vn 0.4814 0.8755 0.0419
vn 0.6092 0.7923 -0.0325
vn 0.7211 0.6812 -0.1265
vn 0.8064 0.5420 -0.2366
vn 0.8539 0.3799 -0.3558
vn 0.8561 0.2057 -0.4740
vn 0.8129 0.0343 -0.5813
vn 0.7315 -0.1209 -0.6710
vn 0.6228 -0.2513 -0.7410
vn 0.4973 -0.3533 -0.7923
vn 0.3630 -0.4274 -0.8280
vn 0.2245 -0.4754 -0.8507
vn -0.0101 -0.8653 -0.5012
vn 0.0761 0.8723 -0.4830
vn -0.0474 0.8740 -0.4835
vn -0.1712 0.8705 -0.4615
vn -0.2948 0.8604 -0.4156
vn -0.4166 0.8417 -0.3435
vn -0.5329 0.8107 -0.2426
vn -0.6365 0.7632 -0.1116
vn -0.7168 0.6957 0.0467
vn -0.7622 0.6077 0.2230
vn -0.7644 0.5041 0.4019
vn -0.7233 0.3945 0.5668
vn -0.6466 0.2900 0.7056
vn -0.5460 0.1989 0.8138
vn -0.4320 0.1255 0.8931
vn -0.3117 0.0710 0.9475
vn -0.1891 0.0349 0.9813
vn -0.0658 0.0162 0.9977
vn 0.0578 0.0145 0.9982
vn 0.1817 0.0297 0.9829
vn 0.3055 0.0623 0.9501
vn 0.4277 0.1134 0.8968
vn 0.5445 0.1835 0.8185
vn 0.6485 0.2717 0.7111
vn 0.7293 0.3740 0.5730
vn 0.7749 0.4824 0.4085
vn 0.7771 0.5860 0.2295
vn 0.7357 0.6752 0.0528
vn 0.6586 0.7450 -0.1061
vn 0.5576 0.7953 -0.2380
vn 0.4431 0.8296 -0.3399
vn 0.3224 0.8517 -0.4130
vn 0.1996 0.8652 -0.4599
vn -0.0101 -0.7957 -0.6056
vn 0.0713 0.9512 -0.3002
vn -0.0422 0.9529 -0.3004
vn -0.1558 0.9475 -0.2793
vn -0.2691 0.9338 -0.2357
vn -0.3807 0.9094 -0.1678
vn -0.4869 0.8703 -0.0738
vn -0.5813 0.8124 0.0465
vn -0.6544 0.7320 0.1896
vn -0.6957 0.6294 0.3462
vn -0.6978 0.5106 0.5024
vn -0.6605 0.3864 0.6438
vn -0.5909 0.2690 0.7606
vn -0.4993 0.1673 0.8501
vn -0.3953 0.0857 0.9146
vn -0.2852 0.0254 0.9581
vn -0.1728 -0.0145 0.9848
vn -0.0597 -0.0349 0.9976
vn 0.0538 -0.0366 0.9979
vn 0.1675 -0.0194 0.9857
vn 0.2811 0.0171 0.9595
vn 0.3931 0.0743 0.9165
vn 0.4998 0.1528 0.8525
vn 0.5947 0.2518 0.7635
vn 0.6683 0.3671 0.6470
vn 0.7098 0.4901 0.5059
vn 0.7119 0.6090 0.3497
vn 0.6744 0.7127 0.1929
vn 0.6044 0.7952 0.0494
vn 0.5123 0.8558 -0.0714
vn 0.4077 0.8979 -0.1658
vn 0.2972 0.9256 -0.2343
vn 0.1846 0.9425 -0.2785
vn -0.0101 -0.4628 -0.8864
vn 0.0514 0.9982 0.0323
vn -0.0228 0.9992 0.0326
vn -0.0983 0.9939 0.0495
vn -0.1774 0.9805 0.0848
vn -0.2622 0.9545 0.1419
vn -0.3537 0.9078 0.2255
vn -0.4489 0.8264 0.3400
vn -0.5365 0.6920 0.4830
vn -0.5936 0.4938 0.6355
vn -0.5965 0.2507 0.7625
vn -0.5448 0.0112 0.8385
vn -0.4612 -0.1845 0.8679
vn -0.3686 -0.3267 0.8703
vn -0.2789 -0.4238 0.8617
vn -0.1952 -0.4871 0.8513
vn -0.1167 -0.5252 0.8429
vn -0.0415 -0.5436 0.8383
vn 0.0327 -0.5446 0.8380
vn 0.1084 -0.5284 0.8420
vn 0.1880 -0.4925 0.8497
vn 0.2736 -0.4317 0.8595
vn 0.3661 -0.3372 0.8673
vn 0.4626 -0.1976 0.8643
vn 0.5515 -0.0043 0.8342
vn 0.6094 0.2336 0.7577
vn 0.6123 0.4768 0.6307
vn 0.5597 0.6765 0.4786
vn 0.4748 0.8133 0.3364
vn 0.3810 0.8973 0.2226
vn 0.2903 0.9467 0.1397
vn 0.2058 0.9750 0.0833
vn 0.1268 0.9907 0.0487
vn -0.0576 -0.9816 -0.1822
vn 0.8964 0.2880 -0.3370
vn 0.8849 0.2933 -0.3620
vn 0.8702 0.3083 -0.3844
vn 0.8504 0.3351 -0.4055
vn 0.8219 0.3781 -0.4260
vn 0.7763 0.4459 -0.4456
vn 0.6931 0.5542 -0.4608
vn 0.5179 0.7247 -0.4546
vn 0.1349 0.9228 -0.3608
vn -0.4004 0.9089 -0.1166
vn -0.7132 0.6927 0.1073
vn -0.8253 0.5148 0.2321
vn -0.8636 0.4033 0.3027
vn -0.8757 0.3340 0.3487
vn -0.8771 0.2902 0.3828
vn -0.8729 0.2630 0.4110
vn -0.8649 0.2478 0.4365
vn -0.8534 0.2425 0.4614
vn -0.8376 0.2467 0.4875
vn -0.8154 0.2618 0.5163
vn -0.7826 0.2911 0.5502
vn -0.7300 0.3418 0.5918
vn -0.6355 0.4273 0.6431
vn -0.4420 0.5677 0.6945
vn -0.0372 0.7416 0.6699
vn 0.4982 0.7555 0.4256
vn 0.7891 0.5997 0.1327
vn 0.8830 0.4668 -0.0498
vn 0.9098 0.3844 -0.1565
vn 0.9150 0.3352 -0.2244
vn 0.9121 0.3067 -0.2719
vn 0.9055 0.2920 -0.3079
vn -0.0126 -0.9809 -0.1943
vn 0.9629 0.2694 -0.0178
vn 0.9604 0.2748 -0.0452
vn 0.9543 0.2901 -0.0712
vn 0.9433 0.3172 -0.0976
vn 0.9241 0.3607 -0.1262
vn 0.8889 0.4293 -0.1597
vn 0.8178 0.5392 -0.2014
vn 0.6538 0.7130 -0.2534
vn 0.2654 0.9188 -0.2921
vn -0.3209 0.9161 -0.2404
vn -0.6946 0.7067 -0.1344
vn -0.8453 0.5315 -0.0547
vn -0.9071 0.4210 -0.0013
vn -0.9352 0.3521 0.0378
vn -0.9487 0.3084 0.0693
vn -0.9547 0.2813 0.0972
vn -0.9560 0.2660 0.1239
vn -0.9535 0.2605 0.1512
vn -0.9472 0.2645 0.1811
vn -0.9357 0.2793 0.2157
vn -0.9155 0.3081 0.2587
vn -0.8788 0.3578 0.3156
vn -0.8052 0.4417 0.3958
vn -0.6373 0.5785 0.5092
vn -0.2441 0.7444 0.6216
vn 0.3423 0.7471 0.5699
vn 0.7112 0.5847 0.3902
vn 0.8579 0.4494 0.2490
vn 0.9172 0.3661 0.1572
vn 0.9438 0.3167 0.0947
vn 0.9564 0.2880 0.0488
vn 0.9618 0.2734 0.0127
vn -0.0720 -0.9820 -0.1746
vn 0.8484 0.2940 -0.4403
vn 0.8340 0.2992 -0.4637
vn 0.8166 0.3141 -0.4842
vn 0.7944 0.3408 -0.5029
vn 0.7633 0.3836 -0.5198
vn 0.7153 0.4510 -0.5338
vn 0.6301 0.5588 -0.5391
vn 0.4557 0.7280 -0.5121
vn 0.0851 0.9236 -0.3739
vn -0.4176 0.9061 -0.0682
vn -0.7004 0.6878 0.1909
vn -0.7957 0.5092 0.3280
vn -0.8246 0.3975 0.4026
vn -0.8308 0.3281 0.4496
vn -0.8278 0.2843 0.4836
vn -0.8201 0.2572 0.5111
vn -0.8091 0.2420 0.5355
vn -0.7947 0.2368 0.5589
vn -0.7759 0.2412 0.5829
vn -0.7506 0.2564 0.6090
vn -0.7143 0.2859 0.6388
vn -0.6575 0.3370 0.6739
vn -0.5581 0.4232 0.7137
vn -0.3609 0.5649 0.7420
vn 0.0370 0.7415 0.6699
vn 0.5397 0.7591 0.3641
vn 0.7951 0.6052 0.0389
vn 0.8677 0.4728 -0.1534
vn 0.8824 0.3906 -0.2625
vn 0.8798 0.3414 -0.3306
vn 0.8716 0.3128 -0.3775
vn 0.8608 0.2981 -0.4124
vn -0.0720 0.9820 0.1746
vn 0.8484 -0.2940 0.4403
vn 0.8340 -0.2992 0.4637
vn 0.8166 -0.3141 0.4842
vn 0.7944 -0.3408 0.5029
vn 0.7633 -0.3836 0.5198
vn 0.7153 -0.4510 0.5338
vn 0.6301 -0.5588 0.5391
vn 0.4557 -0.7280 0.5121
vn 0.0851 -0.9236 0.3739
vn -0.4176 -0.9061 0.0682
vn -0.7003 -0.6878 -0.1909
vn -0.7957 -0.5092 -0.3280
vn -0.8246 -0.3975 -0.4026
vn -0.8308 -0.3281 -0.4496
vn -0.8278 -0.2843 -0.4836
vn -0.8201 -0.2572 -0.5111
vn -0.8091 -0.2420 -0.5355
vn -0.7947 -0.2368 -0.5589
vn -0.7759 -0.2412 -0.5829
vn -0.7506 -0.2564 -0.6090
vn -0.7143 -0.2859 -0.6388
vn -0.6575 -0.3370 -0.6739
vn -0.5581 -0.4232 -0.7137
vn -0.3609 -0.5650 -0.7420
vn 0.0370 -0.7415 -0.6699
vn 0.5397 -0.7590 -0.3642
vn 0.7951 -0.6052 -0.0389
vn 0.8677 -0.4728 0.1534
vn 0.8823 -0.3906 0.2625
vn 0.8798 -0.3414 0.3306
vn 0.8716 -0.3128 0.3775
vn 0.8608 -0.2981 0.4124
vn -0.0126 0.9809 0.1943
vn 0.9629 -0.2694 0.0178
vn 0.9604 -0.2748 0.0452
vn 0.9543 -0.2901 0.0712
vn 0.9433 -0.3172 0.0976
vn 0.9241 -0.3607 0.1262
vn 0.8889 -0.4293 0.1597
vn 0.8178 -0.5392 0.2015
vn 0.6538 -0.7130 0.2534
vn 0.2654 -0.9188 0.2921
vn -0.3209 -0.9161 0.2404
vn -0.6946 -0.7067 0.1344
vn -0.8453 -0.5315 0.0547
vn -0.9071 -0.4210 0.0013
vn -0.9352 -0.3521 -0.0378
vn -0.9487 -0.3084 -0.0693
vn -0.9547 -0.2813 -0.0972
vn -0.9560 -0.2660 -0.1239
vn -0.9535 -0.2605 -0.1512
vn -0.9472 -0.2645 -0.1811
vn -0.9357 -0.2793 -0.2157
vn -0.9155 -0.3081 -0.2587
vn -0.8788 -0.3578 -0.3156
vn -0.8052 -0.4417 -0.3957
vn -0.6372 -0.5785 -0.5092
vn -0.2441 -0.7444 -0.6216
vn 0.3423 -0.7471 -0.5698
vn 0.7112 -0.5847 -0.3902
vn 0.8579 -0.4494 -0.2490
vn 0.9172 -0.3661 -0.1572
vn 0.9438 -0.3167 -0.0947
vn 0.9564 -0.2880 -0.0488
vn 0.9618 -0.2734 -0.0127
vn -0.0044 -0.9992 -0.0389
vn 0.0115 0.3101 -0.9506
vn -0.0165 0.3102 -0.9505
vn -0.0453 0.3200 -0.9463
vn -0.0772 0.3411 -0.9368
vn -0.1152 0.3775 -0.9188
vn -0.1639 0.4367 -0.8845
vn -0.2316 0.5331 -0.8137
vn -0.3291 0.6856 -0.6494
vn -0.4385 0.8605 -0.2593
vn -0.4363 0.8375 0.3289
vn -0.3239 0.6329 0.7033
vn -0.2252 0.4681 0.8545
vn -0.1569 0.3665 0.9171
vn -0.1080 0.3047 0.9463
vn -0.0700 0.2671 0.9611
vn -0.0380 0.2454 0.9687
vn -0.0091 0.2353 0.9719
vn 0.0189 0.2352 0.9718
vn 0.0478 0.2450 0.9683
vn 0.0799 0.2665 0.9605
vn 0.1181 0.3038 0.9454
vn 0.1674 0.3651 0.9158
vn 0.2359 0.4661 0.8527
vn 0.3348 0.6301 0.7006
vn 0.4460 0.8338 0.3253
vn 0.4437 0.8568 -0.2628
vn 0.3297 0.6828 -0.6520
vn 0.2295 0.5312 -0.8156
vn 0.1605 0.4354 -0.8858
vn 0.1110 0.3765 -0.9197
vn 0.0726 0.3405 -0.9374
vn 0.0405 0.3197 -0.9467
vn -0.0047 -0.9992 -0.0389
vn 0.0116 0.3101 -0.9506
vn -0.0164 0.3102 -0.9505
vn -0.0772 0.3412 -0.9368
vn -0.1151 0.3775 -0.9188
vn -0.1638 0.4368 -0.8845
vn -0.2314 0.5332 -0.8137
vn -0.3289 0.6857 -0.6494
vn -0.4383 0.8606 -0.2593
vn -0.4360 0.8377 0.3289
vn -0.3237 0.6329 0.7033
vn -0.2250 0.4681 0.8545
vn -0.1568 0.3665 0.9171
vn -0.1079 0.3048 0.9463
vn -0.0699 0.2672 0.9611
vn -0.0379 0.2454 0.9687
vn -0.0090 0.2353 0.9719
vn 0.0190 0.2352 0.9718
vn 0.0479 0.2450 0.9683
vn 0.0800 0.2665 0.9605
vn 0.1182 0.3038 0.9454
vn 0.1675 0.3651 0.9158
vn 0.2361 0.4660 0.8527
vn 0.3350 0.6300 0.7006
vn 0.4462 0.8337 0.3253
vn 0.4439 0.8566 -0.2628
vn 0.3298 0.6827 -0.6520
vn 0.2297 0.5311 -0.8156
vn 0.1606 0.4353 -0.8858
vn 0.1111 0.3765 -0.9197
vn 0.0727 0.3405 -0.9374
vn 0.0104 -0.9929 -0.1186
vn 0.9523 0.2672 0.1476
vn 0.9552 0.2706 0.1200
vn 0.9545 0.2838 0.0922
vn 0.9491 0.3088 0.0622
vn 0.9364 0.3499 0.0272
vn 0.9093 0.4157 -0.0175
vn 0.8491 0.5221 -0.0804
vn 0.7008 0.6914 -0.1758
vn 0.3302 0.8936 -0.3040
vn -0.2552 0.8949 -0.3661
vn -0.6454 0.6943 -0.3185
vn -0.8111 0.5257 -0.2564
vn -0.8836 0.4196 -0.2076
vn -0.9198 0.3539 -0.1696
vn -0.9397 0.3129 -0.1381
vn -0.9513 0.2879 -0.1099
vn -0.9579 0.2747 -0.0829
vn -0.9609 0.2714 -0.0552
vn -0.9603 0.2777 -0.0251
vn -0.9554 0.2950 0.0099
vn -0.9435 0.3270 0.0537
vn -0.9177 0.3810 0.1126
vn -0.8595 0.4708 0.1989
vn -0.7145 0.6159 0.3319
vn -0.3478 0.7899 0.5050
vn 0.2376 0.7887 0.5671
vn 0.6317 0.6130 0.4746
vn 0.8007 0.4672 0.3749
vn 0.8753 0.3771 0.3027
vn 0.9127 0.3230 0.2504
vn 0.9334 0.2909 0.2102
vn 0.9455 0.2735 0.1769
vn -0.0126 -0.9929 -0.1183
vn 0.9629 0.2672 -0.0385
vn 0.9604 0.2706 -0.0662
vn 0.9543 0.2838 -0.0933
vn 0.9433 0.3088 -0.1217
vn 0.9241 0.3499 -0.1536
vn 0.8889 0.4157 -0.1922
vn 0.8178 0.5221 -0.2423
vn 0.6538 0.6914 -0.3074
vn 0.2655 0.8936 -0.3619
vn -0.3209 0.8949 -0.3101
vn -0.6946 0.6943 -0.1883
vn -0.8453 0.5257 -0.0954
vn -0.9071 0.4196 -0.0336
vn -0.9352 0.3539 0.0106
vn -0.9487 0.3129 0.0454
vn -0.9547 0.2879 0.0753
vn -0.9560 0.2747 0.1031
vn -0.9536 0.2714 0.1307
vn -0.9472 0.2777 0.1602
vn -0.9357 0.2950 0.1936
vn -0.9155 0.3270 0.2343
vn -0.8788 0.3810 0.2872
vn -0.8052 0.4708 0.3606
vn -0.6372 0.6159 0.4632
vn -0.2441 0.7899 0.5625
vn 0.3423 0.7887 0.5108
vn 0.7112 0.6130 0.3441
vn 0.8579 0.4672 0.2138
vn 0.9172 0.3771 0.1286
vn 0.9438 0.3230 0.0701
vn 0.9564 0.2909 0.0266
vn 0.9618 0.2735 -0.0084
vn -0.0126 0.9929 0.1183
vn 0.9629 -0.2672 0.0385
vn 0.9604 -0.2706 0.0661
vn 0.9543 -0.2838 0.0933
vn 0.9433 -0.3088 0.1217
vn 0.9241 -0.3499 0.1536
vn 0.8889 -0.4157 0.1922
vn 0.8178 -0.5221 0.2423
vn 0.6538 -0.6914 0.3074
vn 0.2655 -0.8936 0.3618
vn -0.3209 -0.8949 0.3101
vn -0.6946 -0.6943 0.1883
vn -0.8453 -0.5257 0.0954
vn -0.9071 -0.4196 0.0336
vn -0.9352 -0.3539 -0.0106
vn -0.9487 -0.3129 -0.0454
vn -0.9547 -0.2879 -0.0753
vn -0.9560 -0.2747 -0.1031
vn -0.9536 -0.2714 -0.1307
vn -0.9472 -0.2777 -0.1602
vn -0.9357 -0.2950 -0.1936
vn -0.9155 -0.3270 -0.2343
vn -0.8788 -0.3810 -0.2872
vn -0.8052 -0.4708 -0.3606
vn -0.6372 -0.6159 -0.4632
vn -0.2441 -0.7899 -0.5625
vn 0.3423 -0.7887 -0.5108
vn 0.7112 -0.6130 -0.3441
vn 0.8579 -0.4672 -0.2138
vn 0.9172 -0.3771 -0.1286
vn 0.9438 -0.3230 -0.0701
vn 0.9564 -0.2909 -0.0266
vn 0.9618 -0.2735 0.0084
vn 0.0104 0.9929 0.1186
vn 0.9523 -0.2672 -0.1476
vn 0.9552 -0.2706 -0.1199
vn 0.9545 -0.2838 -0.0922
vn 0.9491 -0.3088 -0.0622
vn 0.9364 -0.3499 -0.0272
vn 0.9093 -0.4157 0.0175
vn 0.8491 -0.5221 0.0804
vn 0.7008 -0.6914 0.1758
vn 0.3301 -0.8936 0.3040
vn -0.2552 -0.8949 0.3660
vn -0.6454 -0.6943 0.3185
vn -0.8111 -0.5257 0.2564
vn -0.8837 -0.4196 0.2076
vn -0.9198 -0.3539 0.1696
vn -0.9397 -0.3129 0.1381
vn -0.9513 -0.2879 0.1099
vn -0.9579 -0.2747 0.0829
vn -0.9609 -0.2714 0.0552
vn -0.9603 -0.2777 0.0251
vn -0.9554 -0.2950 -0.0099
vn -0.9435 -0.3270 -0.0537
vn -0.9177 -0.3810 -0.1126
vn -0.8595 -0.4708 -0.1989
vn -0.7145 -0.6159 -0.3319
vn -0.3478 -0.7899 -0.5050
vn 0.2376 -0.7887 -0.5671
vn 0.6317 -0.6130 -0.4746
vn 0.8007 -0.4672 -0.3749
vn 0.8753 -0.3771 -0.3027
vn 0.9127 -0.3230 -0.2504
vn 0.9334 -0.2909 -0.2102
vn 0.9454 -0.2735 -0.1769
vn 0.0888 0.9958 -0.0234
vn -0.4163 -0.2162 0.8832
vn -0.4415 -0.2143 0.8713
vn -0.4670 -0.2222 0.8559
vn -0.4942 -0.2417 0.8351
vn -0.5250 -0.2767 0.8049
vn -0.5613 -0.3351 0.7567
vn -0.6037 -0.4326 0.6696
vn -0.6406 -0.5925 0.4884
vn -0.5973 -0.7958 0.0991
vn -0.3497 -0.8304 -0.4337
vn -0.0711 -0.6721 -0.7371
vn 0.0986 -0.5307 -0.8418
vn 0.1972 -0.4411 -0.8755
vn 0.2603 -0.3863 -0.8849
vn 0.3049 -0.3533 -0.8845
vn 0.3393 -0.3348 -0.8791
vn 0.3678 -0.3273 -0.8704
vn 0.3931 -0.3293 -0.8585
vn 0.4168 -0.3408 -0.8427
vn 0.4402 -0.3638 -0.8209
vn 0.4644 -0.4022 -0.7890
vn 0.4900 -0.4639 -0.7380
vn 0.5149 -0.5632 -0.6463
vn 0.5237 -0.7185 -0.4577
vn 0.4468 -0.8926 -0.0596
vn 0.1992 -0.8581 0.4733
vn -0.0458 -0.6390 0.7678
vn -0.1874 -0.4651 0.8652
vn -0.2685 -0.3580 0.8943
vn -0.3208 -0.2926 0.9008
vn -0.3589 -0.2523 0.8987
vn -0.3895 -0.2283 0.8923
vn 0.0142 0.9997 0.0192
vn -0.0140 -0.2543 -0.9670
vn 0.0140 -0.2547 -0.9669
vn 0.0427 -0.2650 -0.9633
vn 0.0744 -0.2869 -0.9551
vn 0.1120 -0.3246 -0.9392
vn 0.1601 -0.3862 -0.9084
vn 0.2268 -0.4872 -0.8433
vn 0.3227 -0.6499 -0.6881
vn 0.4302 -0.8482 -0.3089
vn 0.4279 -0.8595 0.2797
vn 0.3173 -0.6758 0.6653
vn 0.2201 -0.5191 0.8259
vn 0.1528 -0.4207 0.8943
vn 0.1045 -0.3602 0.9270
vn 0.0668 -0.3232 0.9440
vn 0.0350 -0.3016 0.9528
vn 0.0062 -0.2914 0.9566
vn -0.0217 -0.2910 0.9565
vn -0.0508 -0.3003 0.9525
vn -0.0831 -0.3210 0.9434
vn -0.1216 -0.3570 0.9261
vn -0.1715 -0.4160 0.8930
vn -0.2410 -0.5125 0.8242
vn -0.3414 -0.6664 0.6629
vn -0.4543 -0.8469 0.2764
vn -0.4519 -0.8356 -0.3122
vn -0.3360 -0.6405 -0.6906
vn -0.2343 -0.4806 -0.8451
vn -0.1642 -0.3816 -0.9096
vn -0.1141 -0.3213 -0.9401
vn -0.0754 -0.2847 -0.9556
vn -0.0431 -0.2637 -0.9636
vn 0.0888 -0.9958 0.0234
vn -0.4163 0.2162 -0.8832
vn -0.4415 0.2143 -0.8713
vn -0.4670 0.2222 -0.8559
vn -0.4942 0.2417 -0.8351
vn -0.5250 0.2767 -0.8049
vn -0.5613 0.3351 -0.7567
vn -0.6037 0.4326 -0.6696
vn -0.6406 0.5926 -0.4884
vn -0.5973 0.7958 -0.0991
vn -0.3497 0.8304 0.4337
vn -0.0711 0.6721 0.7371
vn 0.0986 0.5307 0.8418
vn 0.1972 0.4410 0.8755
vn 0.2603 0.3863 0.8849
vn 0.3049 0.3533 0.8845
vn 0.3393 0.3348 0.8791
vn 0.3678 0.3273 0.8704
vn 0.3931 0.3293 0.8585
vn 0.4168 0.3408 0.8427
vn 0.4402 0.3638 0.8209
vn 0.4644 0.4022 0.7890
vn 0.4900 0.4639 0.7380
vn 0.5149 0.5632 0.6463
vn 0.5237 0.7185 0.4577
vn 0.4468 0.8926 0.0596
vn 0.1992 0.8581 -0.4734
vn -0.0458 0.6390 -0.7678
vn -0.1874 0.4651 -0.8652
vn -0.2685 0.3580 -0.8943
vn -0.3208 0.2926 -0.9008
vn -0.3589 0.2523 -0.8987
vn -0.3895 0.2283 -0.8923
vn 0.9240 -0.0832 0.3733
vn 0.9090 0.0171 0.4163
vn 0.9538 -0.0677 0.2926
vn 0.9574 0.0421 0.2856
vn 0.9276 0.0944 0.3613
vn 0.9090 0.2872 0.3021
vn 0.9556 0.2172 0.1992
vn 0.9731 0.0900 0.2122
vn 0.9054 0.2014 0.3737
vn 0.6606 0.5598 0.5002
vn 0.8526 0.2580 0.4543
vn 0.7541 0.6083 0.2474
vn 0.4870 0.8066 0.3350
vn -0.4510 0.8925 0.0044
vn -0.7270 0.6032 -0.3280
vn 0.5212 0.8446 -0.1228
vn -0.4727 0.7536 -0.4568
vn 0.8995 0.4356 -0.0348
vn -0.2169 0.4691 -0.8561
vn -0.6648 0.4571 -0.5908
vn 0.8359 0.4091 -0.3661
vn -0.6231 0.0743 -0.7786
vn 0.9776 0.1096 -0.1795
vn 0.7628 -0.1861 -0.6193
vn -0.3606 -0.1626 -0.9185
vn 0.9375 -0.3157 -0.1462
vn -0.2200 -0.6884 -0.6912
vn -0.6150 -0.2881 -0.7340
vn 0.7416 -0.6141 -0.2699
vn 0.9838 -0.1254 0.1283
vn 0.9352 -0.2699 0.2294
vn 0.8372 -0.5461 0.0302
vn 0.9630 -0.1458 0.2268
vn 0.8943 -0.2911 0.3399
vn 0.7270 -0.6032 0.3280
vn 0.4510 -0.8925 -0.0044
vn -0.5212 -0.8446 0.1228
vn -0.7541 -0.6083 -0.2474
vn -0.4870 -0.8066 -0.3350
vn 0.4727 -0.7536 0.4568
vn -0.8995 -0.4356 0.0348
vn 0.6648 -0.4571 0.5908
vn 0.2169 -0.4691 0.8561
vn -0.8359 -0.4091 0.3661
vn 0.6231 -0.0743 0.7786
vn -0.7628 0.1861 0.6193
vn -0.9776 -0.1096 0.1795
vn 0.3606 0.1626 0.9185
vn 0.8327 -0.0561 0.5508
vn 0.8320 0.1531 0.5332
vn 0.6150 0.2881 0.7340
vn 0.8690 0.0361 0.4935
vn -0.9375 0.3157 0.1462
vn 0.2200 0.6884 0.6912
vn -0.7416 0.6141 0.2699
vn -0.9838 0.1254 -0.1283
vn -0.8372 0.5461 -0.0302
vn -0.9352 0.2699 -0.2294
vn -0.9630 0.1458 -0.2268
vn -0.9538 0.0677 -0.2926
vn -0.9240 0.0832 -0.3733
vn -0.8943 0.2911 -0.3399
vn -0.8989 0.1790 -0.3998
vn -0.8504 0.1946 -0.4889
vn -0.8327 0.0561 -0.5508
vn -0.9090 -0.0171 -0.4163
vn -0.8690 -0.0361 -0.4935
vn -0.8320 -0.1531 -0.5332
vn -0.8526 -0.2580 -0.4543
vn -0.9276 -0.0944 -0.3613
vn -0.9054 -0.2014 -0.3737
vn -0.9090 -0.2872 -0.3021
vn -0.9556 -0.2172 -0.1992
vn -0.9574 -0.0421 -0.2856
vn -0.9731 -0.0900 -0.2122
vn -0.9925 -0.0268 -0.1189
vn 0.8504 -0.1946 0.4889
vn -0.6606 -0.5598 -0.5002
vn 0.8989 -0.1790 0.3998
vn 0.9925 0.0268 0.1189
vn 0.9316 0.0007 0.3634
vn 0.1055 -0.9574 -0.2688
vn -0.3477 -0.2888 0.8920
vn -0.1055 0.9574 0.2688
vn -0.9316 -0.0007 -0.3634
vn 0.3477 0.2888 -0.8920
vt 0.141506 0.829693
vt 0.141506 0.826073
vt 0.141613 0.822591
vt 0.141821 0.819379
vt 0.142123 0.816561
vt 0.142508 0.814245
vt 0.142960 0.812520
vt 0.143463 0.811453
vt 0.143996 0.811085
vt 0.144540 0.811429
vt 0.145074 0.812473
vt 0.145576 0.814176
vt 0.146029 0.816473
vt 0.146413 0.819276
vt 0.146716 0.822476
vt 0.146924 0.825952
vt 0.147030 0.829569
vt 0.147030 0.833188
vt 0.146924 0.836671
vt 0.146716 0.839883
vt 0.146413 0.842701
vt 0.146029 0.845016
vt 0.145576 0.846741
vt 0.145074 0.847808
vt 0.144540 0.848176
vt 0.143996 0.847832
vt 0.143463 0.846788
vt 0.142960 0.845085
vt 0.142508 0.842788
vt 0.142123 0.839986
vt 0.141821 0.836785
vt 0.141613 0.833309
vt 0.291770 0.877843
vt 0.282389 0.876942
vt 0.291770 0.874479
vt 0.291766 0.881163
vt 0.291759 0.884313
vt 0.291749 0.887172
vt 0.291737 0.889629
vt 0.291722 0.891591
vt 0.291705 0.892981
vt 0.291720 0.479930
vt 0.292321 0.459772
vt 0.292321 0.478940
vt 0.291153 0.480242
vt 0.290643 0.479864
vt 0.290209 0.478810
vt 0.852104 0.797190
vt 0.861176 0.784155
vt 0.852060 0.798960
vt 0.852142 0.794901
vt 0.852172 0.792181
vt 0.852192 0.789136
vt 0.852203 0.785881
vt 0.852203 0.782541
vt 0.852192 0.779246
vt 0.852172 0.776122
vt 0.852142 0.773289
vt 0.852104 0.770855
vt 0.852060 0.768915
vt 0.605932 0.152247
vt 0.605206 0.138635
vt 0.606813 0.151432
vt 0.605206 0.152838
vt 0.147880 0.393357
vt 0.148441 0.408894
vt 0.147366 0.393750
vt 0.148441 0.393654
vt 0.291722 0.861329
vt 0.291705 0.860146
vt 0.291737 0.863105
vt 0.291749 0.865404
vt 0.291759 0.868138
vt 0.291766 0.871203
vt 0.855936 0.537979
vt 0.819270 0.538509
vt 0.819270 0.390745
vt 0.855936 0.390215
vt 0.531485 0.149957
vt 0.531485 0.116793
vt 0.563464 0.116894
vt 0.563464 0.150058
vt 0.815383 0.651557
vt 0.852060 0.652084
vt 0.852060 0.799848
vt 0.815383 0.799321
vt 0.718758 0.430635
vt 0.689611 0.430049
vt 0.689611 0.398080
vt 0.718758 0.398666
vt 0.912838 0.384662
vt 0.880859 0.384569
vt 0.880859 0.256757
vt 0.912838 0.256850
vt 0.887823 0.529311
vt 0.855936 0.530131
vt 0.855936 0.391034
vt 0.887823 0.390215
vt 0.292328 0.304593
vt 0.292328 0.156100
vt 0.436213 0.156079
vt 0.436213 0.304572
vt 0.148441 0.152135
vt -0.000000 0.156056
vt -0.000000 0.003920
vt 0.148441 0.000000
vt 0.143519 0.308545
vt 0.000000 0.307738
vt 0.000000 0.156056
vt 0.143519 0.156863
vt 0.148441 0.000000
vt 0.296840 0.003946
vt 0.296840 0.156079
vt 0.148441 0.152133
vt 0.296840 0.146617
vt 0.296840 0.000721
vt 0.440678 -0.000000
vt 0.440678 0.145896
vt 0.292327 0.307510
vt 0.148441 0.307436
vt 0.148441 0.156079
vt 0.292327 0.156153
vt 0.291460 0.435415
vt 0.259481 0.435322
vt 0.259481 0.307510
vt 0.291460 0.307604
vt 0.863754 0.294372
vt 0.827088 0.294903
vt 0.827088 0.147138
vt 0.863754 0.146608
vt 0.747906 0.430634
vt 0.718759 0.430049
vt 0.718759 0.398080
vt 0.747906 0.398666
vt 0.370338 0.660159
vt 0.407015 0.660686
vt 0.407015 0.808450
vt 0.370338 0.807923
vt 0.884318 0.139097
vt 0.852431 0.139916
vt 0.852431 0.000819
vt 0.884318 -0.000000
vt 0.563464 0.149957
vt 0.563464 0.116793
vt 0.595443 0.116894
vt 0.595443 0.150058
vt 0.852240 0.118953
vt 0.851208 0.124425
vt 0.849185 0.129589
vt 0.846247 0.134247
vt 0.842508 0.138219
vt 0.838112 0.141353
vt 0.833227 0.143529
vt 0.828041 0.144663
vt 0.822753 0.144711
vt 0.817567 0.143672
vt 0.812682 0.141585
vt 0.808285 0.138531
vt 0.804547 0.134627
vt 0.801609 0.130023
vt 0.799586 0.124896
vt 0.798554 0.119443
vt 0.798554 0.113873
vt 0.799586 0.108402
vt 0.801609 0.103238
vt 0.804547 0.098580
vt 0.808286 0.094608
vt 0.812682 0.091474
vt 0.817567 0.089298
vt 0.822753 0.088164
vt 0.828041 0.088116
vt 0.833227 0.089155
vt 0.838112 0.091242
vt 0.842508 0.094296
vt 0.846247 0.098200
vt 0.849185 0.102804
vt 0.851208 0.107931
vt 0.852240 0.113384
vt 0.895509 0.900381
vt 0.875242 0.799848
vt 0.900906 0.899114
vt 0.890037 0.901313
vt 0.884701 0.901873
vt 0.879705 0.902039
vt 0.875242 0.901806
vt 0.914707 0.636966
vt 0.880563 0.541184
vt 0.918687 0.635937
vt 0.910125 0.638113
vt 0.905116 0.639333
vt 0.899873 0.640579
vt 0.894597 0.641804
vt 0.889492 0.642961
vt 0.884753 0.644004
vt 0.880563 0.644894
vt 0.926291 0.742970
vt 0.891087 0.651557
vt 0.930505 0.742553
vt 0.921479 0.743612
vt 0.916254 0.744455
vt 0.910818 0.745464
vt 0.905379 0.746603
vt 0.900146 0.747827
vt 0.895320 0.749089
vt 0.891087 0.750341
vt 0.918826 0.096760
vt 0.884318 0.000000
vt 0.923036 0.096057
vt 0.914047 0.097534
vt 0.908883 0.098350
vt 0.903533 0.099176
vt 0.898201 0.099980
vt 0.893094 0.100732
vt 0.888406 0.101403
vt 0.884318 0.101966
vt 0.910657 0.895777
vt 0.914636 0.893836
vt 0.906021 0.897559
vt 0.259481 0.307510
vt 0.259481 0.440335
vt 0.148441 0.440595
vt 0.148441 0.307770
vt 0.147328 0.718792
vt 0.082221 0.719152
vt 0.082221 0.596679
vt 0.147328 0.596319
vt 0.768040 0.785238
vt 0.712630 0.784338
vt 0.712630 0.651557
vt 0.768040 0.652457
vt 0.224970 0.593048
vt 0.290097 0.593407
vt 0.290097 0.715879
vt 0.224970 0.715520
vt 0.292327 0.437079
vt 0.292327 0.304593
vt 0.410842 0.306800
vt 0.410842 0.439287
vt 0.148441 0.591532
vt 0.209791 0.591387
vt 0.209791 0.724210
vt 0.148441 0.724355
vt 0.629210 0.000000
vt 0.629210 0.116448
vt 0.531485 0.116793
vt 0.531485 0.000345
vt 0.517111 0.805612
vt 0.463984 0.806804
vt 0.463984 0.687438
vt 0.517111 0.686245
vt 0.891087 0.768915
vt 0.852060 0.767967
vt 0.852060 0.651557
vt 0.891087 0.652506
vt 0.410842 0.686245
vt 0.463984 0.687431
vt 0.463984 0.806798
vt 0.410842 0.805612
vt 0.292328 0.555438
vt 0.292328 0.439287
vt 0.400774 0.442852
vt 0.400774 0.559003
vt 0.101616 0.308726
vt 0.147332 0.308545
vt 0.147332 0.424992
vt 0.101616 0.425173
vt 0.370338 0.660635
vt 0.370338 0.760413
vt 0.292328 0.759938
vt 0.292328 0.660159
vt 0.903351 0.252469
vt 0.863754 0.254201
vt 0.863754 0.148340
vt 0.903351 0.146608
vt 0.951389 0.641077
vt 0.918687 0.640964
vt 0.918687 0.541184
vt 0.951389 0.541297
vt 0.840958 0.541184
vt 0.880563 0.542906
vt 0.880563 0.648775
vt 0.840958 0.647052
vt 0.292328 0.660159
vt 0.292328 0.560413
vt 0.383579 0.559003
vt 0.383579 0.658749
vt 0.923036 0.001997
vt 0.951178 -0.000000
vt 0.951178 0.099525
vt 0.923036 0.101522
vt 0.880859 0.297476
vt 0.880859 0.384651
vt 0.832782 0.384662
vt 0.832782 0.297487
vt 0.980123 0.956480
vt 0.939452 0.957382
vt 0.939452 0.909304
vt 0.980123 0.908402
vt 0.953048 0.343933
vt 0.912838 0.343964
vt 0.912838 0.256788
vt 0.953048 0.256757
vt 0.327911 0.927042
vt 0.368583 0.927937
vt 0.368583 0.976028
vt 0.327911 0.975133
vt 0.768040 0.890985
vt 0.768040 0.803838
vt 0.814720 0.804143
vt 0.814720 0.891290
vt 0.327911 0.840087
vt 0.368580 0.840007
vt 0.368580 0.926961
vt 0.327911 0.927041
vt 0.232059 0.440612
vt 0.232059 0.591387
vt 0.148441 0.591370
vt 0.148441 0.440595
vt 0.689611 0.395831
vt 0.689611 0.304593
vt 0.773184 0.306842
vt 0.773184 0.398080
vt 0.531485 0.150778
vt 0.440678 0.150818
vt 0.440678 0.000041
vt 0.531485 0.000000
vt 0.625214 0.541184
vt 0.625214 0.449941
vt 0.708809 0.447711
vt 0.708809 0.538954
vt 0.000000 0.598145
vt 0.000000 0.447422
vt 0.082221 0.447840
vt 0.082221 0.598564
vt 0.436213 0.154196
vt 0.527157 0.153664
vt 0.527157 0.304060
vt 0.436213 0.304593
vt 0.205860 0.850375
vt 0.205860 0.857388
vt 0.204757 0.864222
vt 0.202593 0.870615
vt 0.199451 0.876320
vt 0.195452 0.881120
vt 0.190750 0.884828
vt 0.185525 0.887304
vt 0.179978 0.888451
vt 0.174323 0.888226
vt 0.168776 0.886637
vt 0.163551 0.883745
vt 0.158849 0.879662
vt 0.154850 0.874544
vt 0.151708 0.868588
vt 0.149544 0.862023
vt 0.148441 0.855101
vt 0.148441 0.848089
vt 0.149544 0.841255
vt 0.151708 0.834862
vt 0.154850 0.829156
vt 0.158849 0.824357
vt 0.163551 0.820648
vt 0.168776 0.818173
vt 0.174323 0.817025
vt 0.179978 0.817251
vt 0.185525 0.818840
vt 0.190750 0.821731
vt 0.195452 0.825815
vt 0.199451 0.830932
vt 0.202593 0.836888
vt 0.204757 0.843453
vt 0.487380 0.882504
vt 0.487380 0.807377
vt 0.494394 0.807204
vt 0.494394 0.882331
vt 0.480349 0.882693
vt 0.480349 0.807566
vt 0.473571 0.882893
vt 0.473571 0.807766
vt 0.082221 0.852352
vt 0.082221 0.845325
vt 0.083325 0.838387
vt 0.085491 0.831804
vt 0.088636 0.825828
vt 0.092638 0.820689
vt 0.097344 0.816585
vt 0.102573 0.813674
vt 0.108124 0.812067
vt 0.113784 0.811826
vt 0.119336 0.812961
vt 0.124565 0.815427
vt 0.129271 0.819130
vt 0.133273 0.823929
vt 0.136418 0.829637
vt 0.138584 0.836036
vt 0.139688 0.842880
vt 0.139688 0.849907
vt 0.138584 0.856845
vt 0.136418 0.863429
vt 0.133273 0.869404
vt 0.129271 0.874543
vt 0.124565 0.878647
vt 0.119336 0.881558
vt 0.113784 0.883165
vt 0.108124 0.883406
vt 0.102573 0.882271
vt 0.097344 0.879805
vt 0.092638 0.876102
vt 0.088636 0.871304
vt 0.085491 0.865595
vt 0.083325 0.859196
vt 0.467306 0.883095
vt 0.467306 0.807968
vt 0.461796 0.883291
vt 0.461796 0.808164
vt 0.457252 0.883474
vt 0.457252 0.808347
vt 0.576365 0.960368
vt 0.576365 0.886574
vt 0.581298 0.885868
vt 0.581298 0.959663
vt 0.570988 0.960799
vt 0.570988 0.887005
vt 0.565375 0.960939
vt 0.565375 0.887145
vt 0.559740 0.960783
vt 0.559740 0.886989
vt 0.554300 0.960337
vt 0.554300 0.886543
vt 0.549265 0.959617
vt 0.549265 0.885823
vt 0.870703 0.876591
vt 0.870703 0.801657
vt 0.875241 0.801473
vt 0.875241 0.876407
vt 0.865198 0.876693
vt 0.865198 0.801760
vt 0.858937 0.876710
vt 0.858937 0.801777
vt 0.852162 0.876641
vt 0.852162 0.801708
vt 0.845132 0.876490
vt 0.845132 0.801556
vt 0.838117 0.876260
vt 0.838117 0.801327
vt 0.831388 0.875962
vt 0.831388 0.801029
vt 0.825202 0.875607
vt 0.825202 0.800674
vt 0.819798 0.875209
vt 0.819798 0.800275
vt 0.815383 0.874782
vt 0.815383 0.799848
vt 0.062380 0.959024
vt 0.062380 0.883900
vt 0.067344 0.883890
vt 0.067344 0.959015
vt 0.056985 0.959041
vt 0.056985 0.883917
vt 0.051364 0.959065
vt 0.051364 0.883941
vt 0.045735 0.959095
vt 0.045735 0.883971
vt 0.040313 0.959131
vt 0.040313 0.884006
vt 0.035307 0.959169
vt 0.035307 0.884045
vt 0.512702 0.881979
vt 0.512702 0.806852
vt 0.517111 0.806804
vt 0.517111 0.881931
vt 0.507303 0.882064
vt 0.507303 0.806937
vt 0.501121 0.882183
vt 0.501121 0.807056
vt 0.282389 0.857908
vt 0.282389 0.864921
vt 0.281286 0.871755
vt 0.279122 0.878147
vt 0.275980 0.883853
vt 0.271981 0.888652
vt 0.267279 0.892361
vt 0.262054 0.894837
vt 0.256507 0.895984
vt 0.250852 0.895759
vt 0.245305 0.894170
vt 0.240080 0.891278
vt 0.235378 0.887195
vt 0.231379 0.882077
vt 0.228237 0.876121
vt 0.226073 0.869556
vt 0.224970 0.862634
vt 0.224970 0.855622
vt 0.226073 0.848788
vt 0.228237 0.842395
vt 0.231379 0.836689
vt 0.235378 0.831890
vt 0.240080 0.828181
vt 0.245305 0.825705
vt 0.250852 0.824558
vt 0.256507 0.824783
vt 0.262054 0.826372
vt 0.267279 0.829264
vt 0.271981 0.833347
vt 0.275980 0.838465
vt 0.279122 0.844421
vt 0.281286 0.850986
vt 0.030128 0.882920
vt 0.030128 0.807793
vt 0.037142 0.807620
vt 0.037142 0.882747
vt 0.023097 0.883109
vt 0.023097 0.807982
vt 0.016319 0.883309
vt 0.016319 0.808182
vt 0.370338 0.848976
vt 0.370338 0.841950
vt 0.371442 0.835012
vt 0.373608 0.828428
vt 0.376752 0.822452
vt 0.380755 0.817313
vt 0.385461 0.813210
vt 0.390690 0.810298
vt 0.396241 0.808691
vt 0.401901 0.808451
vt 0.407453 0.809585
vt 0.412682 0.812051
vt 0.417388 0.815755
vt 0.421390 0.820553
vt 0.424535 0.826261
vt 0.426701 0.832660
vt 0.427805 0.839505
vt 0.427805 0.846531
vt 0.426701 0.853469
vt 0.424535 0.860053
vt 0.421390 0.866029
vt 0.417388 0.871167
vt 0.412682 0.875271
vt 0.407453 0.878183
vt 0.401901 0.879790
vt 0.396241 0.880030
vt 0.390690 0.878896
vt 0.385461 0.876429
vt 0.380755 0.872726
vt 0.376752 0.867928
vt 0.373608 0.862220
vt 0.371442 0.855820
vt 0.010055 0.883511
vt 0.010055 0.808384
vt 0.004544 0.883707
vt 0.004544 0.808580
vt -0.000000 0.883891
vt 0.000000 0.808764
vt 0.544332 0.960368
vt 0.544332 0.886574
vt 0.549265 0.885869
vt 0.549265 0.959663
vt 0.538956 0.960799
vt 0.538956 0.887005
vt 0.533342 0.960939
vt 0.533342 0.887145
vt 0.527707 0.960783
vt 0.527707 0.886989
vt 0.522268 0.960337
vt 0.522268 0.886543
vt 0.517232 0.959617
vt 0.517232 0.885823
vt 0.643650 0.876503
vt 0.643650 0.801570
vt 0.648188 0.801386
vt 0.648188 0.876320
vt 0.638144 0.876606
vt 0.638144 0.801672
vt 0.631884 0.876623
vt 0.631884 0.801690
vt 0.625108 0.876554
vt 0.625108 0.801621
vt 0.618078 0.876402
vt 0.618078 0.801469
vt 0.611063 0.876173
vt 0.611063 0.801240
vt 0.604334 0.875875
vt 0.604334 0.800942
vt 0.598148 0.875520
vt 0.598148 0.800587
vt 0.592744 0.875121
vt 0.592744 0.800188
vt 0.588329 0.874695
vt 0.588329 0.799761
vt 0.682222 0.960828
vt 0.682222 0.885703
vt 0.687185 0.885694
vt 0.687185 0.960819
vt 0.676826 0.960845
vt 0.676826 0.885720
vt 0.671206 0.960869
vt 0.671206 0.885744
vt 0.665577 0.960899
vt 0.665577 0.885774
vt 0.660155 0.960934
vt 0.660155 0.885810
vt 0.655149 0.960973
vt 0.655149 0.885848
vt 0.055451 0.882395
vt 0.055451 0.807268
vt 0.059860 0.807221
vt 0.059860 0.882347
vt 0.050051 0.882480
vt 0.050051 0.807353
vt 0.043869 0.882599
vt 0.043869 0.807472
vt 0.352078 0.840007
vt 0.292328 0.839976
vt 0.292328 0.760413
vt 0.352078 0.760444
vt 0.687185 0.885694
vt 0.711866 0.886351
vt 0.711866 0.966321
vt 0.687185 0.965665
vt 0.516926 0.943326
vt 0.492662 0.943205
vt 0.492662 0.883474
vt 0.516926 0.883596
vt 0.408266 0.638975
vt 0.383579 0.639627
vt 0.383579 0.559655
vt 0.408266 0.559003
vt 0.059597 0.807221
vt 0.000000 0.806885
vt 0.000000 0.727151
vt 0.059597 0.727486
vt 0.971249 0.390215
vt 0.995945 0.390218
vt 0.995945 0.449968
vt 0.971249 0.449964
vt 0.840957 0.620778
vt 0.781207 0.620748
vt 0.781207 0.541184
vt 0.840957 0.541215
vt 0.939573 0.453292
vt 0.964253 0.453948
vt 0.964253 0.533919
vt 0.939573 0.533263
vt 0.839647 1.000000
vt 0.815383 0.999878
vt 0.815383 0.940148
vt 0.839647 0.940270
vt 0.430709 0.960003
vt 0.406022 0.960654
vt 0.406022 0.880682
vt 0.430709 0.880030
vt 0.773184 0.384327
vt 0.773184 0.304593
vt 0.832782 0.304928
vt 0.430826 0.935270
vt 0.455522 0.935273
vt 0.455522 0.995023
vt 0.430826 0.995019
vt 0.561841 0.430941
vt 0.561101 0.430736
vt 0.560403 0.430195
vt 0.559776 0.429336
vt 0.559242 0.428193
vt 0.558822 0.426811
vt 0.558533 0.425242
vt 0.558386 0.423546
vt 0.558386 0.421789
vt 0.558533 0.420038
vt 0.558822 0.418361
vt 0.559242 0.416822
vt 0.559775 0.415479
vt 0.560403 0.414386
vt 0.561101 0.413583
vt 0.561841 0.413102
vt 0.562596 0.412960
vt 0.563336 0.413165
vt 0.564034 0.413706
vt 0.564662 0.414565
vt 0.565195 0.415708
vt 0.565615 0.417090
vt 0.565904 0.418659
vt 0.566051 0.420355
vt 0.566051 0.422112
vt 0.565904 0.423863
vt 0.565615 0.425540
vt 0.565196 0.427079
vt 0.564662 0.428422
vt 0.564034 0.429515
vt 0.563337 0.430318
vt 0.562596 0.430799
vt 0.079805 0.639038
vt 0.078361 0.618838
vt 0.080557 0.638991
vt 0.079064 0.639079
vt 0.078361 0.639113
vt 0.826536 0.636572
vt 0.811920 0.620778
vt 0.827288 0.636207
vt 0.825516 0.637041
vt 0.824267 0.637596
vt 0.822838 0.638215
vt 0.821283 0.638875
vt 0.819662 0.639551
vt 0.818038 0.640215
vt 0.816472 0.640844
vt 0.815026 0.641412
vt 0.813754 0.641898
vt 0.812705 0.642283
vt 0.811920 0.642553
vt 0.397520 0.659854
vt 0.398227 0.639627
vt 0.398227 0.659886
vt 0.396776 0.659815
vt 0.396026 0.659771
vt 0.395296 0.659723
vt 0.131521 0.441122
vt 0.116961 0.425173
vt 0.132306 0.440726
vt 0.130473 0.441617
vt 0.129202 0.442192
vt 0.127757 0.442824
vt 0.126194 0.443490
vt 0.124572 0.444163
vt 0.122953 0.444818
vt 0.121401 0.445430
vt 0.119975 0.445974
vt 0.118729 0.446431
vt 0.117711 0.446783
vt 0.116961 0.447015
vt 0.081291 0.638939
vt 0.531181 0.430941
vt 0.530441 0.430736
vt 0.529743 0.430194
vt 0.529116 0.429336
vt 0.528582 0.428193
vt 0.528162 0.426811
vt 0.527874 0.425242
vt 0.527726 0.423546
vt 0.527726 0.421789
vt 0.527874 0.420038
vt 0.528162 0.418361
vt 0.528582 0.416822
vt 0.529116 0.415479
vt 0.529743 0.414386
vt 0.530441 0.413583
vt 0.531181 0.413102
vt 0.531936 0.412960
vt 0.532677 0.413165
vt 0.533374 0.413706
vt 0.534002 0.414565
vt 0.534536 0.415708
vt 0.534955 0.417090
vt 0.535244 0.418659
vt 0.535391 0.420355
vt 0.535391 0.422112
vt 0.535244 0.423863
vt 0.534955 0.425540
vt 0.534536 0.427079
vt 0.534002 0.428422
vt 0.533374 0.429515
vt 0.532677 0.430318
vt 0.531936 0.430799
vt 0.079805 0.618763
vt 0.078361 0.598564
vt 0.080557 0.618716
vt 0.079064 0.618805
vt 0.078361 0.618838
vt 0.218584 0.802655
vt 0.219375 0.781151
vt 0.219375 0.802927
vt 0.217530 0.802267
vt 0.216254 0.801779
vt 0.214805 0.801209
vt 0.213237 0.800580
vt 0.211612 0.799914
vt 0.209992 0.799239
vt 0.208440 0.798579
vt 0.207014 0.797961
vt 0.205770 0.797408
vt 0.204755 0.796941
vt 0.204009 0.796578
vt 0.391657 0.659854
vt 0.392365 0.639627
vt 0.392365 0.659886
vt 0.390914 0.659815
vt 0.390163 0.659771
vt 0.389433 0.659723
vt 0.795768 0.636728
vt 0.781207 0.620779
vt 0.796553 0.636331
vt 0.794720 0.637223
vt 0.793449 0.637798
vt 0.792004 0.638430
vt 0.790440 0.639096
vt 0.788818 0.639769
vt 0.787200 0.640424
vt 0.785648 0.641035
vt 0.784221 0.641580
vt 0.782975 0.642037
vt 0.781957 0.642388
vt 0.781207 0.642621
vt 0.081291 0.618665
vt 0.538846 0.430941
vt 0.538106 0.430736
vt 0.537408 0.430195
vt 0.536781 0.429336
vt 0.536247 0.428193
vt 0.535827 0.426811
vt 0.535539 0.425242
vt 0.535391 0.423546
vt 0.535391 0.421789
vt 0.535538 0.420038
vt 0.535827 0.418361
vt 0.536247 0.416822
vt 0.536781 0.415479
vt 0.537408 0.414386
vt 0.538106 0.413583
vt 0.538846 0.413102
vt 0.539601 0.412960
vt 0.540342 0.413165
vt 0.541039 0.413706
vt 0.541667 0.414565
vt 0.542201 0.415708
vt 0.542620 0.417090
vt 0.542909 0.418659
vt 0.543056 0.420355
vt 0.543056 0.422112
vt 0.542909 0.423863
vt 0.542620 0.425540
vt 0.542201 0.427079
vt 0.541667 0.428422
vt 0.541039 0.429515
vt 0.540342 0.430318
vt 0.539601 0.430799
vt 0.387948 0.659824
vt 0.389433 0.639627
vt 0.388700 0.659886
vt 0.387209 0.659758
vt 0.386509 0.659690
vt 0.811168 0.636572
vt 0.796553 0.620779
vt 0.811921 0.636207
vt 0.810148 0.637041
vt 0.808899 0.637596
vt 0.807470 0.638215
vt 0.805915 0.638875
vt 0.804294 0.639551
vt 0.802670 0.640215
vt 0.801104 0.640844
vt 0.799658 0.641412
vt 0.798386 0.641898
vt 0.797337 0.642283
vt 0.796553 0.642553
vt 0.403378 0.659744
vt 0.401159 0.639627
vt 0.404083 0.659674
vt 0.402637 0.659813
vt 0.401887 0.659878
vt 0.401159 0.659936
vt 0.116176 0.441122
vt 0.101616 0.425173
vt 0.116961 0.440726
vt 0.115128 0.441617
vt 0.113857 0.442192
vt 0.112412 0.442824
vt 0.110849 0.443490
vt 0.109226 0.444163
vt 0.107608 0.444818
vt 0.106056 0.445430
vt 0.104630 0.445974
vt 0.103384 0.446431
vt 0.102366 0.446783
vt 0.101616 0.447015
vt 0.389433 0.659940
vt 0.546511 0.430941
vt 0.545771 0.430736
vt 0.545073 0.430195
vt 0.544446 0.429336
vt 0.543912 0.428193
vt 0.543492 0.426811
vt 0.543203 0.425242
vt 0.543056 0.423546
vt 0.543056 0.421789
vt 0.543203 0.420038
vt 0.543492 0.418361
vt 0.543912 0.416822
vt 0.544446 0.415479
vt 0.545073 0.414386
vt 0.545771 0.413583
vt 0.546511 0.413102
vt 0.547266 0.412960
vt 0.548007 0.413165
vt 0.548704 0.413706
vt 0.549332 0.414565
vt 0.549866 0.415708
vt 0.550285 0.417090
vt 0.550574 0.418659
vt 0.550721 0.420355
vt 0.550721 0.422112
vt 0.550574 0.423863
vt 0.550285 0.425540
vt 0.549866 0.427079
vt 0.549332 0.428422
vt 0.548704 0.429515
vt 0.548007 0.430318
vt 0.547266 0.430799
vt 0.222948 0.648972
vt 0.224433 0.628776
vt 0.223699 0.649034
vt 0.222208 0.648906
vt 0.221508 0.648838
vt 0.366653 0.818524
vt 0.367444 0.797020
vt 0.367444 0.818797
vt 0.365599 0.818137
vt 0.364323 0.817649
vt 0.362873 0.817079
vt 0.361306 0.816449
vt 0.359681 0.815784
vt 0.358061 0.815108
vt 0.356508 0.814449
vt 0.355083 0.813830
vt 0.353838 0.813277
vt 0.352824 0.812810
vt 0.352078 0.812447
vt 0.400451 0.659854
vt 0.401159 0.639627
vt 0.401159 0.659886
vt 0.399708 0.659815
vt 0.398957 0.659771
vt 0.398227 0.659723
vt 0.146810 0.446753
vt 0.147647 0.425173
vt 0.147647 0.447022
vt 0.145716 0.446369
vt 0.144408 0.445886
vt 0.142935 0.445321
vt 0.141354 0.444696
vt 0.139727 0.444036
vt 0.138115 0.443366
vt 0.136581 0.442711
vt 0.135183 0.442097
vt 0.133975 0.441547
vt 0.133004 0.441082
vt 0.132306 0.440721
vt 0.224433 0.649089
vt 0.554176 0.430941
vt 0.553436 0.430736
vt 0.552738 0.430195
vt 0.552111 0.429336
vt 0.551577 0.428193
vt 0.551157 0.426811
vt 0.550868 0.425242
vt 0.550721 0.423546
vt 0.550721 0.421789
vt 0.550868 0.420038
vt 0.551157 0.418361
vt 0.551577 0.416822
vt 0.552111 0.415479
vt 0.552738 0.414386
vt 0.553436 0.413583
vt 0.554176 0.413102
vt 0.554931 0.412960
vt 0.555672 0.413165
vt 0.556369 0.413707
vt 0.556997 0.414565
vt 0.557531 0.415708
vt 0.557950 0.417090
vt 0.558239 0.418659
vt 0.558386 0.420355
vt 0.558386 0.422112
vt 0.558239 0.423863
vt 0.557950 0.425540
vt 0.557531 0.427079
vt 0.556997 0.428422
vt 0.556369 0.429515
vt 0.555672 0.430318
vt 0.554931 0.430799
vt 0.220022 0.648975
vt 0.218578 0.628776
vt 0.220774 0.648928
vt 0.219281 0.649017
vt 0.218578 0.649050
vt 0.586996 0.805051
vt 0.572381 0.789257
vt 0.587749 0.804686
vt 0.585976 0.805520
vt 0.584727 0.806075
vt 0.583298 0.806694
vt 0.581743 0.807354
vt 0.580122 0.808029
vt 0.578498 0.808694
vt 0.576932 0.809322
vt 0.575486 0.809891
vt 0.574214 0.810377
vt 0.573165 0.810762
vt 0.572381 0.811031
vt 0.394589 0.659854
vt 0.395296 0.639627
vt 0.395296 0.659886
vt 0.393845 0.659815
vt 0.393094 0.659771
vt 0.392365 0.659723
vt 0.762410 0.419660
vt 0.763247 0.398080
vt 0.763247 0.419929
vt 0.761316 0.419277
vt 0.760008 0.418793
vt 0.758535 0.418228
vt 0.756954 0.417604
vt 0.755327 0.416944
vt 0.753715 0.416273
vt 0.752180 0.415619
vt 0.750782 0.415004
vt 0.749575 0.414455
vt 0.748603 0.413990
vt 0.747906 0.413629
vt 0.221508 0.648876
vt 0.523516 0.430941
vt 0.522776 0.430736
vt 0.522078 0.430195
vt 0.521451 0.429336
vt 0.520917 0.428193
vt 0.520498 0.426811
vt 0.520209 0.425242
vt 0.520061 0.423546
vt 0.520061 0.421789
vt 0.520209 0.420038
vt 0.520498 0.418361
vt 0.520917 0.416822
vt 0.521451 0.415479
vt 0.522078 0.414386
vt 0.522776 0.413583
vt 0.523516 0.413102
vt 0.524271 0.412960
vt 0.525012 0.413165
vt 0.525709 0.413706
vt 0.526337 0.414565
vt 0.526871 0.415708
vt 0.527290 0.417090
vt 0.527579 0.418659
vt 0.527726 0.420355
vt 0.527726 0.422112
vt 0.527579 0.423863
vt 0.527290 0.425540
vt 0.526871 0.427079
vt 0.526337 0.428422
vt 0.525709 0.429515
vt 0.525012 0.430318
vt 0.524271 0.430799
vt 0.385023 0.659827
vt 0.383579 0.639627
vt 0.385775 0.659780
vt 0.384281 0.659868
vt 0.383579 0.659902
vt 0.076164 0.807577
vt 0.076955 0.786072
vt 0.076955 0.807849
vt 0.075110 0.807189
vt 0.073834 0.806701
vt 0.072384 0.806131
vt 0.070817 0.805501
vt 0.069192 0.804836
vt 0.067572 0.804160
vt 0.066020 0.803501
vt 0.064594 0.802883
vt 0.063350 0.802329
vt 0.062335 0.801862
vt 0.061589 0.801499
vt 0.407559 0.659854
vt 0.408266 0.639627
vt 0.408266 0.659886
vt 0.406815 0.659815
vt 0.406065 0.659771
vt 0.405335 0.659723
vt 0.619767 0.132743
vt 0.605206 0.116793
vt 0.620551 0.132346
vt 0.618719 0.133238
vt 0.617448 0.133812
vt 0.616002 0.134445
vt 0.614439 0.135110
vt 0.612817 0.135783
vt 0.611198 0.136438
vt 0.609646 0.137050
vt 0.608220 0.137595
vt 0.606974 0.138051
vt 0.605956 0.138403
vt 0.386509 0.659728
vt 0.164910 0.967624
vt 0.162106 0.978155
vt 0.155980 0.967754
vt 0.172018 0.973655
vt 0.162106 0.956826
vt 0.172018 0.960473
vt 0.179049 0.966208
vt 0.176873 0.954954
vt 0.169138 0.949378
vt 0.176873 0.977381
vt 0.180515 0.971840
vt 0.180515 0.958658
vt 0.577065 0.425850
vt 0.576998 0.418174
vt 0.581373 0.412960
vt 0.581373 0.419900
vt 0.951389 0.620601
vt 0.955907 0.615745
vt 0.952405 0.626535
vt 0.585695 0.418644
vt 0.590020 0.412960
vt 0.585755 0.424764
vt 0.590020 0.420637
vt 0.174390 0.948256
vt 0.146061 0.268700
vt 0.143529 0.261157
vt 0.147177 0.264181
vt 0.957541 0.609991
vt 0.962871 0.608484
vt 0.164478 0.944609
vt 0.146654 0.255354
vt 0.160011 0.948749
vt 0.154566 0.949110
vt 0.143529 0.250256
vt 0.153100 0.956660
vt 0.146061 0.240161
vt 0.147177 0.245635
vt 0.148441 0.960038
vt 0.149589 0.967342
vt 0.153100 0.977989
vt 0.148441 0.973221
vt 0.147988 0.293231
vt 0.147988 0.300542
vt 0.143765 0.287150
vt 0.594417 0.412960
vt 0.598472 0.423988
vt 0.594189 0.418527
vt 0.983601 0.634521
vt 0.979806 0.638375
vt 0.981967 0.627006
vt 0.143529 0.294713
vt 0.598472 0.416421
vt 0.977449 0.645131
vt 0.972013 0.644173
vt 0.160011 0.985037
vt 0.154566 0.983622
vt 0.147320 0.217513
vt 0.143529 0.221262
vt 0.146331 0.212382
vt 0.967495 0.649030
vt 0.146698 0.226670
vt 0.957541 0.644729
vt 0.962871 0.645009
vt 0.143529 0.231872
vt 0.169138 0.983890
vt 0.147320 0.235565
vt 0.955907 0.637213
vt 0.146331 0.240161
vt 0.951389 0.633870
vt 0.964851 0.636870
vt 0.958700 0.626011
vt 0.967622 0.625951
vt 0.964852 0.615401
vt 0.972013 0.609436
vt 0.974805 0.619703
vt 0.979806 0.615802
vt 0.974805 0.632971
vt 0.983601 0.621252
vt 0.145232 0.782784
vt 0.137795 0.783153
vt 0.137795 0.719521
vt 0.145232 0.719152
vt 0.409598 0.506225
vt 0.400774 0.506301
vt 0.400774 0.439363
vt 0.409598 0.439287
vt 0.296840 0.154872
vt 0.296840 0.146617
vt 0.304050 0.147445
vt 0.304050 0.155699
vt 0.209791 0.657800
vt 0.218612 0.657957
vt 0.218612 0.721327
vt 0.209791 0.721170
vt 0.648083 0.753970
vt 0.640591 0.753779
vt 0.640591 0.689892
vt 0.648083 0.690083
vt 0.572612 0.412960
vt 0.572612 0.421301
vt 0.566051 0.422579
vt 0.566051 0.414239
vt 0.478956 0.559058
vt 0.478956 0.686183
vt 0.410842 0.686245
vt 0.410842 0.559120
vt 0.712630 0.650554
vt 0.712630 0.541184
vt 0.781208 0.542188
vt 0.781208 0.651557
vt 0.517232 0.558945
vt 0.410842 0.559057
vt 0.410842 0.431930
vt 0.517232 0.431817
vt 0.708809 0.541184
vt 0.708809 0.431812
vt 0.777405 0.430820
vt 0.777405 0.540192
vt 0.629210 0.127082
vt 0.629210 -0.000000
vt 0.694071 0.000607
vt 0.694071 0.127689
vt 0.410842 0.304593
vt 0.520061 0.305010
vt 0.520061 0.431817
vt 0.410842 0.431400
vt 0.929773 0.105340
vt 0.929773 0.254165
vt 0.903351 0.254201
vt 0.903351 0.105377
vt 0.588329 0.997783
vt 0.588329 0.939960
vt 0.615183 0.940206
vt 0.615183 0.998029
vt 0.732409 0.295435
vt 0.676994 0.295508
vt 0.676994 0.146680
vt 0.732409 0.146608
vt 0.964253 0.511359
vt 0.964253 0.453535
vt 0.991114 0.453292
vt 0.991114 0.511115
vt 0.914636 0.948623
vt 0.914636 0.799848
vt 0.939452 0.800127
vt 0.939452 0.948901
vt 0.655149 0.541184
vt 0.712630 0.541632
vt 0.712630 0.690085
vt 0.655149 0.689638
vt 0.914331 0.390215
vt 0.914331 0.539039
vt 0.887823 0.539064
vt 0.887823 0.390239
vt 0.953048 0.323669
vt 0.953048 0.256757
vt 0.979736 0.257147
vt 0.979736 0.324059
vt 0.147310 0.596250
vt 0.082221 0.596319
vt 0.082221 0.447491
vt 0.147310 0.447422
vt 0.951389 0.608484
vt 0.951389 0.541571
vt 0.978085 0.541184
vt 0.978085 0.608097
vt 0.914331 0.538989
vt 0.914331 0.390215
vt 0.939573 0.390451
vt 0.939573 0.539225
vt 0.588329 0.541184
vt 0.655149 0.541439
vt 0.655149 0.689892
vt 0.588329 0.689637
vt 0.707057 0.690085
vt 0.707057 0.798338
vt 0.655149 0.798386
vt 0.655149 0.690133
vt 0.588329 0.798997
vt 0.588329 0.689892
vt 0.640591 0.690657
vt 0.640591 0.799761
vt 0.626193 0.412848
vt 0.520061 0.412960
vt 0.520061 0.304705
vt 0.626193 0.304593
vt 0.517232 0.798535
vt 0.517232 0.689428
vt 0.569509 0.688672
vt 0.569509 0.797779
vt 0.224970 0.824095
vt 0.224970 0.715879
vt 0.274399 0.716342
vt 0.274399 0.824558
vt 0.517232 0.541184
vt 0.517232 0.432229
vt 0.625214 0.431817
vt 0.625214 0.540772
vt 0.819270 0.390215
vt 0.819270 0.540992
vt 0.777406 0.541184
vt 0.777406 0.390407
vt 0.517232 0.884265
vt 0.517232 0.798535
vt 0.571334 0.800094
vt 0.571334 0.885823
vt 0.290097 0.593048
vt 0.232059 0.591318
vt 0.232059 0.440595
vt 0.290097 0.442325
vt 0.655149 0.885694
vt 0.655149 0.799936
vt 0.709251 0.798386
vt 0.709251 0.884144
vt 0.768040 0.801943
vt 0.768040 0.651557
vt 0.815383 0.653452
vt 0.815383 0.803838
vt 0.607030 0.146989
vt 0.676994 0.146608
vt 0.676994 0.297383
vt 0.607030 0.297764
vt 0.082221 0.911762
vt 0.082221 0.906640
vt 0.083166 0.901625
vt 0.085020 0.896909
vt 0.087712 0.892676
vt 0.091138 0.889086
vt 0.095166 0.886278
vt 0.099642 0.884360
vt 0.104394 0.883406
vt 0.109239 0.883452
vt 0.113991 0.884496
vt 0.118467 0.886499
vt 0.122495 0.889383
vt 0.125921 0.893038
vt 0.128613 0.897323
vt 0.130467 0.902073
vt 0.131412 0.907106
vt 0.131412 0.912228
vt 0.130467 0.917244
vt 0.128613 0.921959
vt 0.125921 0.926192
vt 0.122495 0.929782
vt 0.118467 0.932590
vt 0.113991 0.934508
vt 0.109239 0.935462
vt 0.104394 0.935416
vt 0.099642 0.934372
vt 0.095166 0.932369
vt 0.091138 0.929485
vt 0.087712 0.925830
vt 0.085020 0.921546
vt 0.083166 0.916795
vt 0.785401 0.949957
vt 0.768040 0.891290
vt 0.790323 0.948629
vt 0.780530 0.951482
vt 0.775897 0.953144
vt 0.771680 0.954881
vt 0.768040 0.956624
vt 0.488864 0.953276
vt 0.492662 0.883474
vt 0.492662 0.954155
vt 0.484532 0.952228
vt 0.479833 0.951050
vt 0.474947 0.949788
vt 0.470063 0.948490
vt 0.465368 0.947206
vt 0.461042 0.945985
vt 0.457252 0.944875
vt 0.402611 0.944760
vt 0.370338 0.880030
vt 0.406022 0.942495
vt 0.398556 0.946853
vt 0.394011 0.948693
vt 0.389152 0.950210
vt 0.384166 0.951345
vt 0.379243 0.952054
vt 0.374574 0.952311
vt 0.370338 0.952106
vt 0.031475 0.953641
vt 0.035307 0.883891
vt 0.035307 0.954606
vt 0.027123 0.952512
vt 0.022417 0.951262
vt 0.017539 0.949940
vt 0.012676 0.948596
vt 0.008015 0.947282
vt 0.003735 0.946048
vt 0.000000 0.944943
vt 0.799565 0.946755
vt 0.803532 0.946283
vt 0.795105 0.947548
vt 0.798554 0.000249
vt 0.798554 0.144126
vt 0.753447 0.143876
vt 0.753447 -0.000000
vt 0.148441 0.814394
vt 0.148441 0.724355
vt 0.204009 0.726986
vt 0.204009 0.817025
vt 0.607030 0.297764
vt 0.527157 0.297542
vt 0.527157 0.153664
vt 0.607030 0.153885
vt 0.082221 0.811826
vt 0.082221 0.721766
vt 0.137795 0.719152
vt 0.137795 0.809212
vt 0.732409 0.291046
vt 0.732409 0.147220
vt 0.783330 0.146608
vt 0.783330 0.290434
vt 0.517232 0.545163
vt 0.588329 0.541184
vt 0.588329 0.684693
vt 0.517232 0.688672
vt 0.101616 0.308652
vt 0.101616 0.447208
vt 0.064223 0.447422
vt 0.064223 0.308866
vt 0.712630 0.871328
vt 0.712630 0.785238
vt 0.766505 0.787249
vt 0.766505 0.873339
vt 0.000000 0.447102
vt 0.000000 0.308545
vt 0.798554 0.088116
vt 0.798554 0.001999
vt 0.852431 -0.000000
vt 0.852431 0.086117
vt 0.783330 0.284806
vt 0.783330 0.146608
vt 0.827088 0.148880
vt 0.827088 0.287078
vt 0.626193 0.305043
vt 0.689611 0.304593
vt 0.689611 0.443147
vt 0.626193 0.443597
vt 0.911494 0.931625
vt 0.910797 0.937135
vt 0.909431 0.942387
vt 0.907447 0.947178
vt 0.904922 0.951324
vt 0.901954 0.954666
vt 0.898655 0.957076
vt 0.895153 0.958461
vt 0.891582 0.958768
vt 0.888080 0.957985
vt 0.884782 0.956141
vt 0.881813 0.953309
vt 0.879288 0.949596
vt 0.877304 0.945146
vt 0.875938 0.940130
vt 0.875242 0.934739
vt 0.875242 0.929182
vt 0.875938 0.923672
vt 0.877305 0.918420
vt 0.879288 0.913629
vt 0.881813 0.909483
vt 0.884782 0.906141
vt 0.888081 0.903731
vt 0.891583 0.902346
vt 0.895153 0.902039
vt 0.898655 0.902822
vt 0.901954 0.904665
vt 0.904923 0.907498
vt 0.907447 0.911210
vt 0.909431 0.915661
vt 0.910797 0.920677
vt 0.911494 0.926068
vt 0.173186 0.940452
vt 0.148441 0.888451
vt 0.178035 0.937748
vt 0.168038 0.942547
vt 0.162791 0.943950
vt 0.157646 0.944609
vt 0.152800 0.944498
vt 0.148441 0.943622
vt 0.979127 0.775315
vt 0.983148 0.713759
vt 0.983148 0.776068
vt 0.974727 0.774476
vt 0.970115 0.773583
vt 0.965469 0.772671
vt 0.960969 0.771774
vt 0.956785 0.770928
vt 0.817502 0.892902
vt 0.858509 0.940148
vt 0.815383 0.896323
vt 0.820524 0.889528
vt 0.824333 0.886331
vt 0.828782 0.883433
vt 0.833702 0.880946
vt 0.838901 0.878966
vt 0.844182 0.877568
vt 0.849340 0.876806
vt 0.854178 0.876710
vt 0.858509 0.877283
vt 0.986347 0.857727
vt 0.964135 0.799848
vt 0.990516 0.856910
vt 0.981854 0.858602
vt 0.977209 0.859499
vt 0.972591 0.860386
vt 0.968176 0.861227
vt 0.964135 0.861990
vt 0.189034 0.927105
vt 0.191047 0.923169
vt 0.186115 0.930943
vt 0.182401 0.934537
vt 0.984178 0.135113
vt 0.983609 0.140618
vt 0.982494 0.145858
vt 0.980875 0.150630
vt 0.978815 0.154751
vt 0.976392 0.158063
vt 0.973700 0.160439
vt 0.970842 0.161787
vt 0.967928 0.162056
vt 0.965070 0.161235
vt 0.962378 0.159356
vt 0.959955 0.156491
vt 0.957895 0.152750
vt 0.956276 0.148276
vt 0.955161 0.143243
vt 0.954592 0.137843
vt 0.954592 0.132283
vt 0.955161 0.126778
vt 0.956276 0.121539
vt 0.957895 0.116767
vt 0.959955 0.112645
vt 0.962378 0.109333
vt 0.965070 0.106957
vt 0.967928 0.105609
vt 0.970842 0.105340
vt 0.973700 0.106161
vt 0.976392 0.108040
vt 0.978815 0.110905
vt 0.980875 0.114646
vt 0.982494 0.119120
vt 0.983609 0.124153
vt 0.984178 0.129554
vt 0.928934 0.379681
vt 0.952934 0.343964
vt 0.933756 0.382426
vt 0.924478 0.376358
vt 0.920558 0.372584
vt 0.917326 0.368506
vt 0.914906 0.364279
vt 0.913391 0.360066
vt 0.912838 0.356028
vt 0.077428 0.747077
vt 0.061589 0.703339
vt 0.081271 0.746075
vt 0.073383 0.748137
vt 0.069290 0.749214
vt 0.065308 0.750266
vt 0.061589 0.751253
vt 0.228655 0.895984
vt 0.224969 0.948094
vt 0.224969 0.896007
vt 0.232941 0.896576
vt 0.237664 0.897760
vt 0.242641 0.899490
vt 0.247683 0.901701
vt 0.252594 0.904307
vt 0.257187 0.907208
vt 0.261284 0.910292
vt 0.264728 0.913441
vt 0.267388 0.916534
vt 0.269160 0.919453
vt 0.077300 0.699662
vt 0.061589 0.655341
vt 0.081260 0.698703
vt 0.073196 0.700642
vt 0.069106 0.701606
vt 0.065186 0.702517
vt 0.061589 0.703339
vt 0.948535 0.386272
vt 0.952934 0.385927
vt 0.943748 0.385786
vt 0.938758 0.384487
vt 0.760681 0.873339
vt 0.760681 0.936391
vt 0.712630 0.936402
vt 0.712630 0.873350
vt 0.146300 0.983514
vt 0.114261 0.984225
vt 0.114261 0.936173
vt 0.146300 0.935462
vt 0.971249 0.453267
vt 0.939573 0.453292
vt 0.939573 0.390239
vt 0.971249 0.390215
vt 0.082221 0.935462
vt 0.114261 0.936168
vt 0.114261 0.984233
vt 0.082221 0.983528
vt 0.588329 0.939655
vt 0.588329 0.876623
vt 0.634985 0.876928
vt 0.634985 0.939960
vt 0.191047 0.888515
vt 0.223085 0.888451
vt 0.223085 0.951343
vt 0.191047 0.951407
vt 0.985222 0.029483
vt 0.984568 0.034996
vt 0.983285 0.040254
vt 0.981422 0.045055
vt 0.979051 0.049214
vt 0.976263 0.052573
vt 0.973165 0.055001
vt 0.969877 0.056406
vt 0.966524 0.056734
vt 0.963235 0.055971
vt 0.960137 0.054147
vt 0.957349 0.051333
vt 0.954978 0.047636
vt 0.953115 0.043198
vt 0.951832 0.038191
vt 0.951178 0.032806
vt 0.951178 0.027250
vt 0.951832 0.021738
vt 0.953115 0.016480
vt 0.954978 0.011679
vt 0.957349 0.007519
vt 0.960137 0.004160
vt 0.963235 0.001732
vt 0.966523 0.000327
vt 0.969876 0.000000
vt 0.973165 0.000763
vt 0.976263 0.002587
vt 0.979051 0.005401
vt 0.981422 0.009098
vt 0.983284 0.013535
vt 0.984568 0.018543
vt 0.985222 0.023928
vt 0.956817 0.084924
vt 0.984485 0.066641
vt 0.960011 0.089469
vt 0.954252 0.080017
vt 0.952415 0.074937
vt 0.951377 0.069879
vt 0.951178 0.065038
vt 0.951825 0.060599
vt 0.953294 0.056734
vt 0.286140 0.747970
vt 0.274399 0.715879
vt 0.289925 0.747140
vt 0.282190 0.748805
vt 0.278225 0.749615
vt 0.274399 0.750367
vt 0.653915 0.948249
vt 0.615182 0.939960
vt 0.654239 0.944796
vt 0.652714 0.952100
vt 0.650683 0.956198
vt 0.647899 0.960388
vt 0.644470 0.964507
vt 0.640527 0.968398
vt 0.636223 0.971912
vt 0.631721 0.974912
vt 0.627196 0.977284
vt 0.622821 0.978937
vt 0.618765 0.979807
vt 0.615182 0.979861
vt 0.069486 0.785301
vt 0.073280 0.751253
vt 0.073280 0.786072
vt 0.065538 0.784456
vt 0.061589 0.783571
vt 0.980571 0.101496
vt 0.984485 0.101110
vt 0.976373 0.100885
vt 0.972054 0.099298
vt 0.967780 0.096797
vt 0.963713 0.093479
vt 0.982801 0.353334
vt 0.982229 0.358853
vt 0.981108 0.364125
vt 0.979480 0.368948
vt 0.977408 0.373137
vt 0.974971 0.376530
vt 0.972264 0.378998
vt 0.969390 0.380444
vt 0.966459 0.380814
vt 0.963585 0.380094
vt 0.960878 0.378311
vt 0.958441 0.375534
vt 0.956369 0.371869
vt 0.954741 0.367457
vt 0.953620 0.362468
vt 0.953048 0.357093
vt 0.953048 0.351540
vt 0.953620 0.346021
vt 0.954741 0.340748
vt 0.956369 0.335925
vt 0.958441 0.331737
vt 0.960878 0.328343
vt 0.963585 0.325876
vt 0.966459 0.324429
vt 0.969389 0.324059
vt 0.972264 0.324779
vt 0.974971 0.326562
vt 0.977407 0.329340
vt 0.979480 0.333005
vt 0.981108 0.337417
vt 0.982229 0.342406
vt 0.982801 0.347780
vt 0.718942 0.966859
vt 0.745560 0.949396
vt 0.722158 0.971389
vt 0.716292 0.962002
vt 0.714311 0.957004
vt 0.713074 0.952057
vt 0.712630 0.947351
vt 0.712995 0.943067
vt 0.714156 0.939370
vt 0.716067 0.936402
vt 0.573372 0.779717
vt 0.569508 0.752074
vt 0.577230 0.779296
vt 0.569508 0.780110
vt 0.925059 0.753221
vt 0.891087 0.760599
vt 0.923718 0.750341
vt 0.925629 0.756796
vt 0.925408 0.760927
vt 0.924403 0.765457
vt 0.922654 0.770212
vt 0.920227 0.775007
vt 0.917216 0.779661
vt 0.913736 0.783992
vt 0.909922 0.787836
vt 0.905919 0.791043
vt 0.901882 0.793492
vt 0.897966 0.795088
vt 0.894321 0.795769
vt 0.891087 0.795510
vt 0.624396 0.144716
vt 0.620551 0.116793
vt 0.628222 0.144098
vt 0.620551 0.145297
vt 0.741937 0.983821
vt 0.745560 0.983591
vt 0.737998 0.983072
vt 0.733893 0.981373
vt 0.729780 0.978787
vt 0.725818 0.975416
vt 0.204009 0.752346
vt 0.204409 0.746814
vt 0.205195 0.741509
vt 0.206336 0.736638
vt 0.207788 0.732385
vt 0.209495 0.728915
vt 0.211392 0.726361
vt 0.213406 0.724821
vt 0.215459 0.724355
vt 0.217473 0.724980
vt 0.219370 0.726673
vt 0.221077 0.729367
vt 0.222529 0.732961
vt 0.223670 0.737315
vt 0.224455 0.742262
vt 0.224856 0.747612
vt 0.224856 0.753160
vt 0.224455 0.758692
vt 0.223670 0.763996
vt 0.222529 0.768869
vt 0.221077 0.773121
vt 0.219370 0.776591
vt 0.217473 0.779145
vt 0.215459 0.780685
vt 0.213406 0.781151
vt 0.211392 0.780526
vt 0.209495 0.778833
vt 0.207788 0.776139
vt 0.206336 0.772545
vt 0.205195 0.768191
vt 0.204409 0.763244
vt 0.204009 0.757894
vt 0.839647 0.967641
vt 0.864500 0.967000
vt 0.839906 0.973182
vt 0.839647 0.962116
vt 0.839906 0.956818
vt 0.840414 0.951952
vt 0.841152 0.947704
vt 0.842091 0.944238
vt 0.843195 0.941687
vt 0.844421 0.940148
vt 0.068060 0.598564
vt 0.061589 0.626352
vt 0.065809 0.599037
vt 0.070268 0.599181
vt 0.072347 0.600866
vt 0.074219 0.603553
vt 0.075810 0.607140
vt 0.077061 0.611488
vt 0.077922 0.616430
vt 0.078361 0.621776
vt 0.078361 0.627322
vt 0.077922 0.632853
vt 0.077061 0.638157
vt 0.075810 0.643031
vt 0.074219 0.647287
vt 0.072347 0.650762
vt 0.070268 0.653321
vt 0.068060 0.654867
vt 0.065809 0.655341
vt 0.063602 0.654723
vt 0.844421 0.994091
vt 0.845723 0.995781
vt 0.843194 0.991401
vt 0.842090 0.987813
vt 0.841152 0.983465
vt 0.840414 0.978525
vt 0.141506 0.866111
vt 0.141613 0.862594
vt 0.141821 0.859216
vt 0.142123 0.856107
vt 0.142508 0.853386
vt 0.142960 0.851159
vt 0.143463 0.849510
vt 0.143996 0.848503
vt 0.144540 0.848176
vt 0.145074 0.848543
vt 0.145576 0.849589
vt 0.146029 0.851274
vt 0.146413 0.853533
vt 0.146715 0.856279
vt 0.146924 0.859407
vt 0.147030 0.862797
vt 0.147030 0.866318
vt 0.146924 0.869835
vt 0.146715 0.873213
vt 0.146413 0.876322
vt 0.146029 0.879042
vt 0.145576 0.881270
vt 0.145074 0.882919
vt 0.144540 0.883926
vt 0.143996 0.884252
vt 0.143463 0.883886
vt 0.142960 0.882840
vt 0.142508 0.881155
vt 0.142123 0.878896
vt 0.141821 0.876150
vt 0.141613 0.873022
vt 0.141506 0.869632
vt 0.772742 0.415678
vt 0.763247 0.414946
vt 0.772742 0.412340
vt 0.772733 0.418971
vt 0.772714 0.422094
vt 0.772688 0.424925
vt 0.772655 0.427357
vt 0.772615 0.429296
vt 0.772571 0.430667
vt 0.409532 0.596821
vt 0.408452 0.577828
vt 0.410044 0.595752
vt 0.408994 0.597187
vt 0.408452 0.596835
vt 0.858520 0.906962
vt 0.867778 0.891738
vt 0.858509 0.908146
vt 0.858529 0.905187
vt 0.858537 0.902888
vt 0.858542 0.900155
vt 0.858546 0.897091
vt 0.858547 0.893815
vt 0.858546 0.890453
vt 0.858542 0.887134
vt 0.858537 0.883985
vt 0.858529 0.881127
vt 0.858520 0.878671
vt 0.858509 0.876710
vt 0.609699 0.428947
vt 0.608993 0.412960
vt 0.610517 0.427989
vt 0.608993 0.429591
vt 0.147882 0.325546
vt 0.148440 0.343523
vt 0.147363 0.325938
vt 0.148440 0.325871
vt 0.772615 0.399264
vt 0.772571 0.398080
vt 0.772655 0.401034
vt 0.772688 0.403322
vt 0.772714 0.406041
vt 0.772733 0.409086
vt 0.457252 0.806805
vt 0.457252 0.935233
vt 0.430826 0.935270
vt 0.430826 0.806841
vt 0.956786 0.713512
vt 0.956786 0.651557
vt 0.983643 0.651804
vt 0.983643 0.713759
vt 0.753447 0.128431
vt 0.694071 0.128509
vt 0.694071 0.000078
vt 0.753447 0.000000
vt 0.954593 0.224256
vt 0.954593 0.162300
vt 0.981457 0.162056
vt 0.981457 0.224012
vt 0.929773 0.233725
vt 0.929773 0.105340
vt 0.954593 0.105619
vt 0.954593 0.234004
vt -0.000000 0.598564
vt 0.061589 0.599043
vt 0.061589 0.727151
vt -0.000000 0.726672
vt 0.956786 0.759871
vt 0.930505 0.759907
vt 0.930505 0.651594
vt 0.292328 0.985499
vt 0.292328 0.948369
vt 0.319037 0.948615
vt 0.319037 0.985744
vt 0.327911 0.948323
vt 0.292327 0.948369
vt 0.292327 0.840054
vt 0.327911 0.840007
vt 0.930069 0.797280
vt 0.930069 0.760150
vt 0.956786 0.759907
vt 0.956786 0.797037
vt 0.939452 0.908125
vt 0.939452 0.799848
vt 0.964135 0.800126
vt 0.964135 0.908402
vt 0.478956 0.559057
vt 0.515866 0.559345
vt 0.515866 0.667388
vt 0.478956 0.667101
vt 0.582289 0.866479
vt 0.582396 0.862979
vt 0.582605 0.859616
vt 0.582908 0.856519
vt 0.583294 0.853807
vt 0.583748 0.851585
vt 0.584252 0.849937
vt 0.584788 0.848927
vt 0.585334 0.848593
vt 0.585869 0.848950
vt 0.586373 0.849982
vt 0.586827 0.851650
vt 0.587213 0.853891
vt 0.587517 0.856618
vt 0.587726 0.859725
vt 0.587832 0.863095
vt 0.587832 0.866597
vt 0.587726 0.870097
vt 0.587517 0.873460
vt 0.587214 0.876556
vt 0.586828 0.879268
vt 0.586374 0.881491
vt 0.585869 0.883139
vt 0.585334 0.884149
vt 0.584788 0.884482
vt 0.584252 0.884126
vt 0.583748 0.883094
vt 0.583294 0.881425
vt 0.582908 0.879184
vt 0.582605 0.876458
vt 0.582396 0.873350
vt 0.582289 0.869981
vt 0.291214 0.805698
vt 0.281824 0.805544
vt 0.291214 0.802058
vt 0.291210 0.809328
vt 0.291202 0.812809
vt 0.291191 0.816006
vt 0.291177 0.818796
vt 0.291160 0.821074
vt 0.291141 0.822750
vt 0.291288 0.579585
vt 0.290209 0.560450
vt 0.291812 0.578523
vt 0.290747 0.579944
vt 0.290209 0.579588
vt 0.352111 0.795918
vt 0.361433 0.778828
vt 0.352122 0.797020
vt 0.352101 0.794155
vt 0.352092 0.791802
vt 0.352085 0.788947
vt 0.352080 0.785700
vt 0.352078 0.782187
vt 0.352078 0.778542
vt 0.352080 0.774905
vt 0.352085 0.771417
vt 0.352092 0.768210
vt 0.352101 0.765409
vt 0.352111 0.763121
vt 0.352122 0.761434
vt 0.352135 0.760413
vt 0.147879 0.343523
vt 0.148441 0.361278
vt 0.147364 0.343920
vt 0.148441 0.343840
vt 0.291160 0.788319
vt 0.291141 0.787209
vt 0.291177 0.790087
vt 0.291191 0.792444
vt 0.291202 0.795301
vt 0.291210 0.798547
vt 0.873036 0.272179
vt 0.873142 0.268652
vt 0.873349 0.265264
vt 0.873651 0.262147
vt 0.874035 0.259420
vt 0.874486 0.257187
vt 0.874988 0.255535
vt 0.875520 0.254527
vt 0.876063 0.254201
vt 0.876596 0.254571
vt 0.877097 0.255622
vt 0.877549 0.257314
vt 0.877933 0.259581
vt 0.878235 0.262337
vt 0.878442 0.265475
vt 0.878548 0.268876
vt 0.878548 0.272408
vt 0.878442 0.275935
vt 0.878235 0.279322
vt 0.877933 0.282440
vt 0.877549 0.285167
vt 0.877097 0.287400
vt 0.876596 0.289052
vt 0.876063 0.290060
vt 0.875520 0.290385
vt 0.874988 0.290015
vt 0.874486 0.288964
vt 0.874035 0.287273
vt 0.873651 0.285006
vt 0.873349 0.282250
vt 0.873142 0.279111
vt 0.873036 0.275711
vt 0.836820 0.637592
vt 0.827288 0.636772
vt 0.836820 0.634450
vt 0.836809 0.640679
vt 0.836786 0.643593
vt 0.836753 0.646221
vt 0.836712 0.648462
vt 0.836663 0.650230
vt 0.836608 0.651458
vt 0.291304 0.598904
vt 0.290225 0.579944
vt 0.291812 0.597832
vt 0.290768 0.599272
vt 0.290225 0.598922
vt 0.137813 0.809904
vt 0.147030 0.795813
vt 0.137795 0.811085
vt 0.137829 0.808172
vt 0.137841 0.805954
vt 0.137849 0.803337
vt 0.137853 0.800420
vt 0.137853 0.797315
vt 0.137849 0.794143
vt 0.137841 0.791024
vt 0.137829 0.788079
vt 0.137813 0.785422
vt 0.137795 0.783153
vt 0.600068 0.428341
vt 0.598472 0.412960
vt 0.601055 0.426956
vt 0.599196 0.429418
vt 0.598472 0.430145
vt 0.147884 0.307510
vt 0.148441 0.325546
vt 0.147363 0.307900
vt 0.148441 0.307838
vt 0.836663 0.621956
vt 0.836608 0.620779
vt 0.836712 0.623679
vt 0.836753 0.625882
vt 0.836786 0.628480
vt 0.836809 0.631373
vt 0.219375 0.837031
vt 0.219375 0.833415
vt 0.219481 0.829935
vt 0.219689 0.826726
vt 0.219991 0.823911
vt 0.220376 0.821597
vt 0.220828 0.819874
vt 0.221330 0.818808
vt 0.221864 0.818440
vt 0.222408 0.818784
vt 0.222941 0.819827
vt 0.223443 0.821528
vt 0.223895 0.823823
vt 0.224280 0.826623
vt 0.224582 0.829821
vt 0.224790 0.833293
vt 0.224896 0.836907
vt 0.224896 0.840523
vt 0.224790 0.844002
vt 0.224582 0.847211
vt 0.224280 0.850027
vt 0.223895 0.852341
vt 0.223443 0.854063
vt 0.222941 0.855129
vt 0.222408 0.855498
vt 0.221864 0.855154
vt 0.221330 0.854111
vt 0.220828 0.852409
vt 0.220376 0.850114
vt 0.219991 0.847314
vt 0.219689 0.844117
vt 0.219481 0.840644
vt 0.653718 0.893570
vt 0.644297 0.892503
vt 0.653718 0.890396
vt 0.653713 0.896690
vt 0.653702 0.899636
vt 0.653687 0.902296
vt 0.653667 0.904566
vt 0.653644 0.906360
vt 0.653619 0.907609
vt 0.291710 0.500387
vt 0.292317 0.480242
vt 0.292317 0.499396
vt 0.291141 0.500699
vt 0.290635 0.500318
vt 0.290209 0.499261
vt 0.870132 0.793714
vt 0.879115 0.781872
vt 0.870081 0.795437
vt 0.870174 0.791510
vt 0.870205 0.788911
vt 0.870224 0.786017
vt 0.870230 0.782938
vt 0.870224 0.779794
vt 0.870205 0.776704
vt 0.870174 0.773789
vt 0.870132 0.771159
vt 0.870081 0.768915
vt 0.408968 0.556528
vt 0.407318 0.543137
vt 0.410044 0.555309
vt 0.408048 0.557510
vt 0.407318 0.558215
vt 0.147878 0.377699
vt 0.148441 0.393357
vt 0.147369 0.378100
vt 0.148441 0.377991
vt 0.653644 0.877804
vt 0.653619 0.876623
vt 0.653667 0.879536
vt 0.653687 0.881754
vt 0.653702 0.884373
vt 0.653713 0.887291
vt 0.707057 0.708742
vt 0.707057 0.705113
vt 0.707163 0.701621
vt 0.707372 0.698401
vt 0.707674 0.695575
vt 0.708059 0.693253
vt 0.708512 0.691524
vt 0.709015 0.690454
vt 0.709549 0.690085
vt 0.710094 0.690430
vt 0.710628 0.691476
vt 0.711131 0.693184
vt 0.711584 0.695487
vt 0.711969 0.698297
vt 0.712271 0.701506
vt 0.712480 0.704991
vt 0.712586 0.708617
vt 0.712586 0.712246
vt 0.712480 0.715738
vt 0.712271 0.718958
vt 0.711969 0.721784
vt 0.711584 0.724106
vt 0.711131 0.725835
vt 0.710628 0.726905
vt 0.710094 0.727274
vt 0.709549 0.726929
vt 0.709015 0.725882
vt 0.708512 0.724175
vt 0.708059 0.721872
vt 0.707674 0.719062
vt 0.707372 0.715853
vt 0.707163 0.712368
vt 0.291648 0.843036
vt 0.282389 0.842896
vt 0.291648 0.839391
vt 0.291650 0.846673
vt 0.291652 0.850162
vt 0.291656 0.853368
vt 0.291661 0.856170
vt 0.291667 0.858458
vt 0.291673 0.860146
vt 0.291748 0.459458
vt 0.292328 0.439287
vt 0.292328 0.458468
vt 0.291188 0.459772
vt 0.290668 0.459398
vt 0.290209 0.458350
vt 0.210002 0.872107
vt 0.219224 0.856890
vt 0.209979 0.873875
vt 0.210024 0.869750
vt 0.210042 0.866893
vt 0.210056 0.863647
vt 0.210066 0.860136
vt 0.210071 0.856496
vt 0.210071 0.852865
vt 0.210066 0.849385
vt 0.210056 0.846187
vt 0.210042 0.843396
vt 0.210024 0.841118
vt 0.210002 0.839442
vt 0.209979 0.838430
vt 0.147886 0.408894
vt 0.148441 0.424250
vt 0.147360 0.409261
vt 0.148441 0.409215
vt 0.291667 0.825661
vt 0.291673 0.824558
vt 0.291661 0.827422
vt 0.291656 0.829776
vt 0.291652 0.832631
vt 0.291650 0.835878
vt 0.655149 0.817127
vt 0.655149 0.820792
vt 0.655044 0.824317
vt 0.654838 0.827568
vt 0.654539 0.830419
vt 0.654159 0.832761
vt 0.653712 0.834503
vt 0.653215 0.835579
vt 0.652688 0.835948
vt 0.652150 0.835595
vt 0.651623 0.834534
vt 0.651126 0.832805
vt 0.650679 0.830475
vt 0.650299 0.827634
vt 0.650000 0.824391
vt 0.649794 0.820870
vt 0.649689 0.817207
vt 0.649689 0.813542
vt 0.649794 0.810017
vt 0.650000 0.806766
vt 0.650299 0.803915
vt 0.650679 0.801573
vt 0.651126 0.799831
vt 0.651623 0.798755
vt 0.652150 0.798386
vt 0.652688 0.798739
vt 0.653215 0.799800
vt 0.653712 0.801529
vt 0.654159 0.803859
vt 0.654540 0.806700
vt 0.654838 0.809943
vt 0.655044 0.813464
vt 0.070954 0.826277
vt 0.080157 0.826279
vt 0.070950 0.829941
vt 0.070954 0.822612
vt 0.070950 0.819088
vt 0.070941 0.815840
vt 0.070929 0.812993
vt 0.070913 0.810656
vt 0.070894 0.808919
vt 0.070873 0.807849
vt 0.147833 0.249074
vt 0.148393 0.267196
vt 0.147320 0.249469
vt 0.148393 0.249398
vt 0.604719 0.117850
vt 0.595443 0.135214
vt 0.604586 0.116793
vt 0.604844 0.119575
vt 0.604957 0.121902
vt 0.605053 0.124740
vt 0.605128 0.127981
vt 0.605180 0.131500
vt 0.605206 0.135162
vt 0.605206 0.138827
vt 0.605180 0.142353
vt 0.605128 0.145605
vt 0.605053 0.148458
vt 0.604957 0.150803
vt 0.604844 0.152548
vt 0.604719 0.153628
vt 0.409403 0.635500
vt 0.409961 0.616138
vt 0.409961 0.635171
vt 0.408888 0.635109
vt 0.408436 0.634016
vt 0.070894 0.841891
vt 0.070873 0.843625
vt 0.070913 0.839556
vt 0.070929 0.836711
vt 0.070941 0.833464
vt 0.587749 0.829772
vt 0.587749 0.833437
vt 0.587644 0.836963
vt 0.587438 0.840213
vt 0.587139 0.843064
vt 0.586759 0.845406
vt 0.586312 0.847148
vt 0.585815 0.848225
vt 0.585288 0.848593
vt 0.584750 0.848240
vt 0.584223 0.847179
vt 0.583726 0.845450
vt 0.583279 0.843121
vt 0.582898 0.840280
vt 0.582600 0.837036
vt 0.582394 0.833516
vt 0.582289 0.829852
vt 0.582289 0.826188
vt 0.582394 0.822662
vt 0.582600 0.819411
vt 0.582898 0.816560
vt 0.583279 0.814219
vt 0.583726 0.812476
vt 0.584223 0.811400
vt 0.584750 0.811031
vt 0.585288 0.811384
vt 0.585815 0.812446
vt 0.586312 0.814174
vt 0.586759 0.816504
vt 0.587139 0.819345
vt 0.587438 0.822588
vt 0.587644 0.826109
vt 0.061670 0.826277
vt 0.070873 0.826280
vt 0.061665 0.829941
vt 0.061670 0.822612
vt 0.061665 0.819088
vt 0.061657 0.815840
vt 0.061644 0.812993
vt 0.061628 0.810656
vt 0.061609 0.808919
vt 0.061589 0.807849
vt 0.147833 0.230949
vt 0.148393 0.249074
vt 0.147320 0.231344
vt 0.148393 0.231273
vt 0.410050 0.507359
vt 0.400774 0.524723
vt 0.409917 0.506301
vt 0.410176 0.509084
vt 0.410288 0.511410
vt 0.410384 0.514248
vt 0.410459 0.517489
vt 0.410511 0.521009
vt 0.410537 0.524671
vt 0.410537 0.528336
vt 0.410511 0.531862
vt 0.410459 0.535114
vt 0.410384 0.537967
vt 0.410288 0.540311
vt 0.410176 0.542057
vt 0.410050 0.543137
vt 0.291178 0.637521
vt 0.291736 0.618162
vt 0.291736 0.637193
vt 0.290663 0.637131
vt 0.290211 0.636037
vt 0.061609 0.841891
vt 0.061589 0.843625
vt 0.061628 0.839556
vt 0.061644 0.836711
vt 0.061657 0.833464
vt 0.655149 0.854165
vt 0.655149 0.857730
vt 0.655042 0.861159
vt 0.654833 0.864322
vt 0.654530 0.867096
vt 0.654144 0.869375
vt 0.653690 0.871071
vt 0.653185 0.872120
vt 0.652650 0.872481
vt 0.652104 0.872139
vt 0.651568 0.871109
vt 0.651064 0.869429
vt 0.650610 0.867165
vt 0.650223 0.864403
vt 0.649920 0.861250
vt 0.649711 0.857826
vt 0.649605 0.854263
vt 0.649605 0.850699
vt 0.649711 0.847269
vt 0.649920 0.844107
vt 0.650223 0.841333
vt 0.650610 0.839054
vt 0.651064 0.837357
vt 0.651568 0.836308
vt 0.652104 0.835948
vt 0.652650 0.836289
vt 0.653185 0.837319
vt 0.653690 0.838999
vt 0.654144 0.841263
vt 0.654530 0.844025
vt 0.654833 0.847179
vt 0.655042 0.850603
vt 0.884318 0.119329
vt 0.893660 0.118932
vt 0.884320 0.122957
vt 0.884318 0.115692
vt 0.884320 0.112184
vt 0.884323 0.108941
vt 0.884327 0.106087
vt 0.884333 0.103732
vt 0.884339 0.101966
vt 0.408966 0.597541
vt 0.410044 0.616138
vt 0.408436 0.598600
vt 0.409509 0.597187
vt 0.410044 0.597550
vt 0.587662 0.753813
vt 0.578333 0.770908
vt 0.587638 0.752815
vt 0.587684 0.755475
vt 0.587704 0.757737
vt 0.587721 0.760512
vt 0.587735 0.763695
vt 0.587744 0.767162
vt 0.587749 0.770780
vt 0.587749 0.774410
vt 0.587744 0.777913
vt 0.587735 0.781155
vt 0.587721 0.784010
vt 0.587704 0.786368
vt 0.587684 0.788140
vt 0.587662 0.789257
vt 0.605330 0.431396
vt 0.605865 0.412960
vt 0.605865 0.431030
vt 0.604786 0.431044
vt 0.604256 0.429988
vt 0.884339 0.134696
vt 0.884346 0.136372
vt 0.884333 0.132420
vt 0.884327 0.129630
vt 0.884323 0.126435
vt 0.366977 0.778734
vt 0.366871 0.782297
vt 0.366662 0.785721
vt 0.366358 0.788875
vt 0.365972 0.791637
vt 0.365518 0.793901
vt 0.365014 0.795581
vt 0.364478 0.796611
vt 0.363932 0.796952
vt 0.363397 0.796591
vt 0.362892 0.795541
vt 0.362438 0.793844
vt 0.362052 0.791564
vt 0.361749 0.788790
vt 0.361540 0.785626
vt 0.361433 0.782196
vt 0.361433 0.778631
vt 0.361540 0.775068
vt 0.361749 0.771644
vt 0.362052 0.768490
vt 0.362438 0.765728
vt 0.362892 0.763463
vt 0.363397 0.761784
vt 0.363932 0.760754
vt 0.364478 0.760413
vt 0.365014 0.760774
vt 0.365518 0.761823
vt 0.365972 0.763520
vt 0.366358 0.765800
vt 0.366662 0.768575
vt 0.366871 0.771738
vt 0.366977 0.775168
vt 0.209979 0.819958
vt 0.219375 0.820050
vt 0.209979 0.823594
vt 0.209983 0.816332
vt 0.209990 0.812855
vt 0.210001 0.809662
vt 0.210015 0.806875
vt 0.210031 0.804601
vt 0.210050 0.802927
vt 0.601575 0.413321
vt 0.602654 0.431785
vt 0.601055 0.414385
vt 0.602115 0.412960
vt 0.602654 0.413319
vt 0.649922 0.755071
vt 0.640591 0.772084
vt 0.649911 0.753970
vt 0.649932 0.756830
vt 0.649940 0.759181
vt 0.649947 0.762033
vt 0.649952 0.765277
vt 0.649954 0.768787
vt 0.649954 0.772429
vt 0.649951 0.776064
vt 0.649947 0.779550
vt 0.649940 0.782755
vt 0.649932 0.785555
vt 0.649922 0.787842
vt 0.649911 0.789529
vt 0.649899 0.790551
vt 0.147881 0.230949
vt 0.147320 0.212383
vt 0.148398 0.230557
vt 0.147320 0.230625
vt 0.210031 0.837321
vt 0.210050 0.838431
vt 0.210015 0.835554
vt 0.210001 0.833198
vt 0.209990 0.830344
vt 0.209983 0.827101
vt 0.224139 0.676438
vt 0.224139 0.680084
vt 0.224032 0.683592
vt 0.223824 0.686827
vt 0.223522 0.689664
vt 0.223137 0.691995
vt 0.222684 0.693730
vt 0.222181 0.694802
vt 0.221647 0.695170
vt 0.221103 0.694820
vt 0.220569 0.693766
vt 0.220066 0.692047
vt 0.219614 0.689731
vt 0.219229 0.686905
vt 0.218926 0.683679
vt 0.218718 0.680176
vt 0.218612 0.676532
vt 0.218612 0.672886
vt 0.218718 0.669378
vt 0.218926 0.666143
vt 0.219229 0.663306
vt 0.219614 0.660975
vt 0.220066 0.659240
vt 0.220569 0.658168
vt 0.221103 0.657800
vt 0.221647 0.658150
vt 0.222181 0.659204
vt 0.222684 0.660923
vt 0.223137 0.663239
vt 0.223522 0.666065
vt 0.223824 0.669291
vt 0.224032 0.672793
vt 0.572404 0.828131
vt 0.581674 0.828199
vt 0.572404 0.831773
vt 0.572403 0.824497
vt 0.572401 0.821010
vt 0.572397 0.817806
vt 0.572392 0.815006
vt 0.572387 0.812718
vt 0.572381 0.811031
vt 0.290669 0.501081
vt 0.292327 0.520788
vt 0.290209 0.502149
vt 0.291189 0.500699
vt 0.291749 0.501018
vt 0.292327 0.502025
vt 0.080135 0.845392
vt 0.070914 0.860528
vt 0.080157 0.843625
vt 0.080116 0.847748
vt 0.080100 0.850602
vt 0.080088 0.853845
vt 0.080081 0.857352
vt 0.080078 0.860988
vt 0.080081 0.864614
vt 0.080088 0.868091
vt 0.080100 0.871284
vt 0.080116 0.874071
vt 0.080135 0.876345
vt 0.080157 0.878019
vt 0.608508 0.428996
vt 0.607427 0.412960
vt 0.608993 0.427939
vt 0.607979 0.429365
vt 0.607427 0.429033
vt 0.572387 0.845490
vt 0.572381 0.846591
vt 0.572392 0.843730
vt 0.572397 0.841379
vt 0.572401 0.838527
vt 0.572403 0.835284
vt 0.224111 0.610033
vt 0.224111 0.613681
vt 0.224005 0.617191
vt 0.223796 0.620427
vt 0.223493 0.623266
vt 0.223108 0.625598
vt 0.222655 0.627334
vt 0.222152 0.628407
vt 0.221617 0.628776
vt 0.221072 0.628426
vt 0.220538 0.627371
vt 0.220034 0.625652
vt 0.219581 0.623334
vt 0.219196 0.620508
vt 0.218893 0.617280
vt 0.218685 0.613776
vt 0.218578 0.610130
vt 0.218578 0.606481
vt 0.218685 0.602972
vt 0.218893 0.599735
vt 0.219196 0.596896
vt 0.219581 0.594564
vt 0.220034 0.592828
vt 0.220538 0.591755
vt 0.221072 0.591387
vt 0.221617 0.591736
vt 0.222152 0.592791
vt 0.222655 0.594510
vt 0.223108 0.596828
vt 0.223493 0.599655
vt 0.223796 0.602882
vt 0.224005 0.606387
vt 0.061656 0.860986
vt 0.070858 0.860477
vt 0.061656 0.864604
vt 0.061652 0.857355
vt 0.061645 0.853852
vt 0.061635 0.850611
vt 0.061621 0.847756
vt 0.061606 0.845397
vt 0.061589 0.843625
vt 0.290661 0.521170
vt 0.292327 0.540871
vt 0.290209 0.522239
vt 0.291178 0.520788
vt 0.291741 0.521106
vt 0.292327 0.522113
vt 0.873023 0.255877
vt 0.863754 0.271373
vt 0.873036 0.254201
vt 0.873012 0.258154
vt 0.873003 0.260943
vt 0.872996 0.264138
vt 0.872991 0.267617
vt 0.872988 0.271244
vt 0.872988 0.274882
vt 0.872991 0.278390
vt 0.872996 0.281633
vt 0.873003 0.284487
vt 0.873012 0.286842
vt 0.873023 0.288607
vt 0.873036 0.289716
vt 0.147885 0.377699
vt 0.148441 0.361278
vt 0.148441 0.377374
vt 0.147360 0.377322
vt 0.061606 0.877953
vt 0.061589 0.878950
vt 0.061621 0.876291
vt 0.061635 0.874029
vt 0.061645 0.871253
vt 0.061652 0.868071
vt 0.707057 0.746092
vt 0.707057 0.742431
vt 0.707162 0.738908
vt 0.707369 0.735660
vt 0.707669 0.732810
vt 0.708051 0.730468
vt 0.708499 0.728724
vt 0.708998 0.727646
vt 0.709527 0.727274
vt 0.710067 0.727623
vt 0.710597 0.728680
vt 0.711095 0.730403
vt 0.711544 0.732728
vt 0.711926 0.735563
vt 0.712225 0.738801
vt 0.712432 0.742317
vt 0.712537 0.745976
vt 0.712537 0.749637
vt 0.712432 0.753159
vt 0.712225 0.756408
vt 0.711926 0.759258
vt 0.711544 0.761599
vt 0.711095 0.763343
vt 0.710596 0.764421
vt 0.710067 0.764793
vt 0.709527 0.764444
vt 0.708998 0.763387
vt 0.708499 0.761664
vt 0.708050 0.759340
vt 0.707669 0.756504
vt 0.707369 0.753266
vt 0.707162 0.749750
vt 0.861482 0.782547
vt 0.870081 0.784430
vt 0.861482 0.785888
vt 0.861459 0.779251
vt 0.861415 0.776126
vt 0.861352 0.773291
vt 0.861271 0.770856
vt 0.861176 0.768915
vt 0.148331 0.173947
vt 0.148331 0.186212
vt 0.147390 0.174668
vt 0.606938 0.430304
vt 0.605865 0.412960
vt 0.607427 0.429233
vt 0.606411 0.430672
vt 0.605865 0.430323
vt 0.644287 0.877811
vt 0.634985 0.892865
vt 0.644297 0.876623
vt 0.644278 0.879584
vt 0.644271 0.881873
vt 0.644265 0.884590
vt 0.644261 0.887631
vt 0.644258 0.890880
vt 0.644258 0.894210
vt 0.644261 0.897495
vt 0.644265 0.900608
vt 0.644271 0.903429
vt 0.644278 0.905851
vt 0.644287 0.907779
vt 0.644297 0.909140
vt 0.290780 0.541197
vt 0.290209 0.542226
vt 0.291335 0.540871
vt 0.291852 0.541262
vt 0.292311 0.542354
vt 0.861271 0.797201
vt 0.861176 0.798972
vt 0.861352 0.794912
vt 0.861415 0.792191
vt 0.861459 0.789144
vt 0.648083 0.708690
vt 0.648083 0.705031
vt 0.648189 0.701511
vt 0.648396 0.698265
vt 0.648697 0.695418
vt 0.649080 0.693079
vt 0.649530 0.691338
vt 0.650031 0.690262
vt 0.650562 0.689892
vt 0.651104 0.690243
vt 0.651635 0.691301
vt 0.652136 0.693025
vt 0.652586 0.695349
vt 0.652969 0.698184
vt 0.653270 0.701421
vt 0.653478 0.704936
vt 0.653583 0.708593
vt 0.653583 0.712251
vt 0.653478 0.715771
vt 0.653270 0.719017
vt 0.652969 0.721864
vt 0.652586 0.724203
vt 0.652136 0.725944
vt 0.651635 0.727020
vt 0.651104 0.727390
vt 0.650562 0.727039
vt 0.650031 0.725981
vt 0.649530 0.724257
vt 0.649080 0.721933
vt 0.648697 0.719098
vt 0.648396 0.715861
vt 0.648189 0.712346
vt 0.291210 0.768811
vt 0.281824 0.768768
vt 0.291210 0.765147
vt 0.291208 0.772475
vt 0.291203 0.775997
vt 0.291196 0.779241
vt 0.291188 0.782084
vt 0.291177 0.784415
vt 0.291166 0.786146
vt 0.291154 0.787209
vt 0.290737 0.599272
vt 0.290211 0.618162
vt 0.290211 0.599643
vt 0.291278 0.599623
vt 0.291812 0.600682
vt 0.073390 0.784198
vt 0.082157 0.768668
vt 0.073280 0.785946
vt 0.073487 0.781852
vt 0.073566 0.778998
vt 0.073625 0.775745
vt 0.073661 0.772219
vt 0.073673 0.768554
vt 0.073661 0.764893
vt 0.073625 0.761375
vt 0.073566 0.758135
vt 0.073487 0.755299
vt 0.073390 0.752975
vt 0.603188 0.413310
vt 0.604256 0.431662
vt 0.602654 0.414368
vt 0.603729 0.412960
vt 0.604256 0.413332
vt 0.291178 0.751441
vt 0.291166 0.750367
vt 0.291188 0.753182
vt 0.291196 0.755522
vt 0.291203 0.758372
vt 0.291208 0.761622
vt 0.219375 0.799857
vt 0.219375 0.796218
vt 0.219481 0.792717
vt 0.219688 0.789488
vt 0.219989 0.786655
vt 0.220372 0.784327
vt 0.220823 0.782593
vt 0.221324 0.781521
vt 0.221855 0.781151
vt 0.222397 0.781497
vt 0.222929 0.782547
vt 0.223430 0.784259
vt 0.223880 0.786568
vt 0.224263 0.789386
vt 0.224564 0.792604
vt 0.224772 0.796098
vt 0.224878 0.799734
vt 0.224878 0.803373
vt 0.224772 0.806874
vt 0.224564 0.810103
vt 0.224263 0.812936
vt 0.223880 0.815264
vt 0.223430 0.816997
vt 0.222929 0.818070
vt 0.222397 0.818440
vt 0.221855 0.818094
vt 0.221324 0.817044
vt 0.220823 0.815332
vt 0.220372 0.813022
vt 0.219989 0.810205
vt 0.219688 0.806987
vt 0.219481 0.803493
vt 0.893660 0.117013
vt 0.903044 0.118017
vt 0.893660 0.120363
vt 0.893662 0.113707
vt 0.893667 0.110572
vt 0.893673 0.107730
vt 0.893681 0.105289
vt 0.893690 0.103342
vt 0.893701 0.101966
vt 0.148331 0.186212
vt 0.148331 0.199611
vt 0.147618 0.186779
vt 0.147961 0.173947
vt 0.147390 0.156056
vt 0.148441 0.173516
vt 0.147390 0.173665
vt 0.581841 0.847773
vt 0.572381 0.864075
vt 0.581739 0.846591
vt 0.581931 0.849557
vt 0.582009 0.851876
vt 0.582070 0.854640
vt 0.582111 0.857742
vt 0.582133 0.861064
vt 0.582133 0.864478
vt 0.582111 0.867852
vt 0.582070 0.871057
vt 0.582009 0.873971
vt 0.581931 0.876480
vt 0.581841 0.878488
vt 0.581739 0.879919
vt 0.408985 0.558547
vt 0.410044 0.577828
vt 0.408409 0.559582
vt 0.409537 0.558215
vt 0.410044 0.558601
vt 0.893690 0.133489
vt 0.893700 0.134677
vt 0.893681 0.131712
vt 0.893673 0.129415
vt 0.893667 0.126686
vt 0.893662 0.123630
vt 0.270915 0.966181
vt 0.271553 0.955279
vt 0.279671 0.964448
vt 0.262655 0.961494
vt 0.275790 0.976330
vt 0.265273 0.974504
vt 0.257099 0.970088
vt 0.261463 0.980802
vt 0.270234 0.984924
vt 0.146918 0.287150
vt 0.143529 0.276008
vt 0.148132 0.282123
vt 0.257009 0.958668
vt 0.257009 0.977778
vt 0.144243 0.268700
vt 0.148132 0.274717
vt 0.224970 0.959870
vt 0.229652 0.955119
vt 0.226140 0.965756
vt 0.590020 0.418524
vt 0.594189 0.412960
vt 0.590531 0.424399
vt 0.594189 0.420615
vt 0.265127 0.986947
vt 0.146431 0.212383
vt 0.143529 0.203518
vt 0.147373 0.207251
vt 0.231088 0.949488
vt 0.236550 0.948094
vt 0.275643 0.988772
vt 0.146714 0.198097
vt 0.279355 0.983908
vt 0.284541 0.982557
vt 0.143529 0.192905
vt 0.284632 0.974867
vt 0.146431 0.184597
vt 0.147373 0.189195
vt 0.288422 0.970675
vt 0.285958 0.963693
vt 0.280395 0.953817
vt 0.285804 0.957665
vt 0.576998 0.418916
vt 0.576998 0.425839
vt 0.572701 0.412960
vt 0.581453 0.412960
vt 0.585695 0.424784
vt 0.581373 0.419097
vt 0.257009 0.974554
vt 0.253394 0.978247
vt 0.255572 0.966999
vt 0.572612 0.420635
vt 0.585695 0.417108
vt 0.250890 0.984936
vt 0.245671 0.983797
vt 0.272147 0.948094
vt 0.277686 0.948496
vt 0.147373 0.160562
vt 0.143519 0.163566
vt 0.146441 0.156056
vt 0.240989 0.988548
vt 0.146706 0.169377
vt 0.231088 0.984010
vt 0.236550 0.984392
vt 0.143519 0.174468
vt 0.263379 0.950863
vt 0.147373 0.179109
vt 0.229652 0.976454
vt 0.146441 0.184597
vt 0.224970 0.973056
vt 0.238664 0.976323
vt 0.232545 0.965369
vt 0.241473 0.965532
vt 0.238664 0.954987
vt 0.245671 0.949275
vt 0.248565 0.959525
vt 0.253394 0.955814
vt 0.248565 0.972711
vt 0.257009 0.961368
vt 0.585818 0.752599
vt 0.578333 0.752816
vt 0.578333 0.688889
vt 0.585818 0.688672
vt 0.578333 0.751948
vt 0.569508 0.752074
vt 0.569508 0.688798
vt 0.578333 0.688672
vt 0.407318 0.544604
vt 0.407318 0.552781
vt 0.400774 0.551314
vt 0.400774 0.543137
vt 0.209791 0.591570
vt 0.218578 0.591387
vt 0.218578 0.657616
vt 0.209791 0.657800
vt 0.281824 0.814440
vt 0.274399 0.814045
vt 0.274399 0.750367
vt 0.281824 0.750762
vt 0.311259 0.146617
vt 0.311259 0.154830
vt 0.304050 0.155683
vt 0.304050 0.147470
s 0
usemtl Material
f 1/1/1 2/2/1 33/3/1 32/4/1 31/5/1 30/6/1 29/7/1 28/8/1 27/9/1 26/10/1 25/11/1 24/12/1 23/13/1 22/14/1 21/15/1 20/16/1 19/17/1 18/18/1 17/19/1 16/20/1 15/21/1 14/22/1 13/23/1 12/24/1 11/25/1 10/26/1 9/27/1 8/28/1 7/29/1 6/30/1 5/31/1 4/32/1
f 1/33/2 3/34/2 2/35/2
f 4/36/3 3/34/3 1/33/3
f 5/37/4 3/34/4 4/36/4
f 6/38/5 3/34/5 5/37/5
f 7/39/6 3/34/6 6/38/6
f 8/40/7 3/34/7 7/39/7
f 9/41/8 3/34/8 8/40/8
f 10/42/9 3/43/9 9/44/9
f 11/45/10 3/43/10 10/42/10
f 12/46/11 3/43/11 11/45/11
f 13/47/12 3/43/12 12/46/12
f 14/48/13 3/49/13 13/50/13
f 15/51/14 3/49/14 14/48/14
f 16/52/15 3/49/15 15/51/15
f 17/53/16 3/49/16 16/52/16
f 18/54/17 3/49/17 17/53/17
f 19/55/18 3/49/18 18/54/18
f 20/56/19 3/49/19 19/55/19
f 21/57/20 3/49/20 20/56/20
f 22/58/21 3/49/21 21/57/21
f 23/59/22 3/49/22 22/58/22
f 24/60/23 3/49/23 23/59/23
f 25/61/24 3/62/24 24/63/24
f 26/64/25 3/62/25 25/61/25
f 27/65/26 3/66/26 26/67/26
f 28/68/27 3/66/27 27/65/27
f 29/69/28 3/34/28 28/70/28
f 30/71/29 3/34/29 29/69/29
f 31/72/30 3/34/30 30/71/30
f 32/73/31 3/34/31 31/72/31
f 33/74/32 3/34/32 32/73/32
f 2/35/33 3/34/33 33/74/33
f 34/75/34 35/76/34 37/77/34 36/78/34
f 36/79/35 37/80/35 41/81/35 40/82/35
f 40/83/36 41/84/36 39/85/36 38/86/36
f 38/87/37 39/88/37 35/89/37 34/90/37
f 36/91/38 40/92/38 38/93/38 34/94/38
f 41/95/39 37/96/39 35/97/39 39/98/39
f 46/99/40 45/100/40 42/101/40 43/102/40
f 43/103/36 42/104/36 44/105/36 49/106/36
f 42/107/41 45/108/41 47/109/41 44/110/41
f 48/111/34 47/112/34 45/113/34 46/114/34
f 49/115/42 44/116/42 47/117/42 48/118/42
f 46/119/43 43/120/43 49/121/43 48/122/43
f 51/123/38 54/124/38 53/125/38 50/126/38
f 50/127/34 52/128/34 57/129/34 51/130/34
f 53/131/37 55/132/37 52/133/37 50/134/37
f 54/135/36 56/136/36 55/137/36 53/138/36
f 56/139/39 57/140/39 52/141/39 55/142/39
f 51/143/35 57/144/35 56/145/35 54/146/35
f 58/147/44 59/148/44 90/149/44 89/150/44 88/151/44 87/152/44 86/153/44 85/154/44 84/155/44 83/156/44 82/157/44 81/158/44 80/159/44 79/160/44 78/161/44 77/162/44 76/163/44 75/164/44 74/165/44 73/166/44 72/167/44 71/168/44 70/169/44 69/170/44 68/171/44 67/172/44 66/173/44 65/174/44 64/175/44 63/176/44 62/177/44 61/178/44
f 58/179/45 60/180/45 59/181/45
f 61/182/46 60/180/46 58/179/46
f 62/183/47 60/180/47 61/182/47
f 63/184/48 60/180/48 62/183/48
f 64/185/49 60/180/49 63/184/49
f 65/186/50 60/187/50 64/188/50
f 66/189/51 60/187/51 65/186/51
f 67/190/52 60/187/52 66/189/52
f 68/191/53 60/187/53 67/190/53
f 69/192/54 60/187/54 68/191/54
f 70/193/55 60/187/55 69/192/55
f 71/194/56 60/187/56 70/193/56
f 72/195/57 60/187/57 71/194/57
f 73/196/58 60/197/58 72/198/58
f 74/199/59 60/197/59 73/196/59
f 75/200/60 60/197/60 74/199/60
f 76/201/61 60/197/61 75/200/61
f 77/202/62 60/197/62 76/201/62
f 78/203/63 60/197/63 77/202/63
f 79/204/64 60/197/64 78/203/64
f 80/205/65 60/197/65 79/204/65
f 81/206/66 60/207/66 80/208/66
f 82/209/67 60/207/67 81/206/67
f 83/210/68 60/207/68 82/209/68
f 84/211/69 60/207/69 83/210/69
f 85/212/70 60/207/70 84/211/70
f 86/213/71 60/207/71 85/212/71
f 87/214/72 60/207/72 86/213/72
f 88/215/73 60/207/73 87/214/73
f 89/216/74 60/180/74 88/217/74
f 90/218/75 60/180/75 89/216/75
f 59/181/76 60/180/76 90/218/76
f 92/219/77 95/220/77 94/221/77 91/222/77
f 91/223/34 93/224/34 98/225/34 92/226/34
f 94/227/78 96/228/78 93/229/78 91/230/78
f 95/231/36 97/232/36 96/233/36 94/234/36
f 97/235/79 98/236/79 93/237/79 96/238/79
f 92/239/80 98/240/80 97/241/80 95/242/80
f 100/243/81 103/244/81 102/245/81 99/246/81
f 99/247/34 101/248/34 106/249/34 100/250/34
f 102/251/82 104/252/82 101/253/82 99/254/82
f 103/255/36 105/256/36 104/257/36 102/258/36
f 105/259/83 106/260/83 101/261/83 104/262/83
f 100/263/84 106/264/84 105/265/84 103/266/84
f 108/267/85 111/268/85 110/269/85 107/270/85
f 107/271/34 109/272/34 114/273/34 108/274/34
f 110/275/86 112/276/86 109/277/86 107/278/86
f 111/279/36 113/280/36 112/281/36 110/282/36
f 113/283/87 114/284/87 109/285/87 112/286/87
f 108/287/88 114/288/88 113/289/88 111/290/88
f 116/291/89 119/292/89 118/293/89 115/294/89
f 115/295/34 117/296/34 122/297/34 116/298/34
f 118/299/90 120/300/90 117/301/90 115/302/90
f 119/303/36 121/304/36 120/305/36 118/306/36
f 121/307/91 122/308/91 117/309/91 120/310/91
f 116/311/92 122/312/92 121/313/92 119/314/92
f 124/315/93 127/316/93 126/317/93 123/318/93
f 123/319/94 125/320/94 130/321/94 124/322/94
f 126/323/95 128/324/95 125/325/95 123/326/95
f 127/327/96 129/328/96 128/329/96 126/330/96
f 129/331/97 130/332/97 125/333/97 128/334/97
f 124/335/98 130/336/98 129/337/98 127/338/98
f 131/339/99 132/340/99 191/341/99 190/342/99 189/343/99 188/344/99 183/345/99 182/346/99 181/347/99 180/348/99 175/349/99 174/350/99 173/351/99 172/352/99 167/353/99 166/354/99 165/355/99 164/356/99 159/357/99 158/358/99 157/359/99 156/360/99 151/361/99 150/362/99 149/363/99 148/364/99 143/365/99 142/366/99 141/367/99 140/368/99 135/369/99 134/370/99
f 131/371/100 133/372/100 194/373/100 132/374/100
f 134/375/101 136/376/101 133/372/101 131/371/101
f 135/377/102 137/378/102 136/376/102 134/375/102
f 194/379/103 133/380/103 136/381/103 137/382/103 138/383/103 139/384/103 144/385/103 145/386/103 146/387/103 147/388/103 152/389/103 153/390/103 154/391/103 155/392/103 160/393/103 161/394/103 162/395/103 163/396/103 168/397/103 169/398/103 170/399/103 171/400/103 176/401/103 177/402/103 178/403/103 179/404/103 184/405/103 185/406/103 186/407/103 187/408/103 192/409/103 193/410/103
f 140/411/104 138/412/104 137/378/104 135/377/104
f 141/413/105 139/414/105 138/412/105 140/411/105
f 142/415/106 144/416/106 139/414/106 141/413/106
f 143/417/107 145/418/107 144/419/107 142/420/107
f 148/421/108 146/422/108 145/418/108 143/417/108
f 149/423/109 147/424/109 146/422/109 148/421/109
f 150/425/110 152/426/110 147/424/110 149/423/110
f 151/427/111 153/428/111 152/426/111 150/425/111
f 156/429/112 154/430/112 153/428/112 151/427/112
f 157/431/113 155/432/113 154/433/113 156/434/113
f 158/435/114 160/436/114 155/432/114 157/431/114
f 159/437/115 161/438/115 160/436/115 158/435/115
f 164/439/116 162/440/116 161/438/116 159/437/116
f 165/441/117 163/442/117 162/440/117 164/439/117
f 166/443/118 168/444/118 163/442/118 165/441/118
f 167/445/119 169/446/119 168/444/119 166/443/119
f 172/447/120 170/448/120 169/446/120 167/445/120
f 173/449/121 171/450/121 170/448/121 172/447/121
f 174/451/122 176/452/122 171/450/122 173/449/122
f 175/453/123 177/454/123 176/455/123 174/456/123
f 180/457/124 178/458/124 177/454/124 175/453/124
f 181/459/125 179/460/125 178/458/125 180/457/125
f 182/461/126 184/462/126 179/460/126 181/459/126
f 183/463/127 185/464/127 184/462/127 182/461/127
f 188/465/128 186/466/128 185/464/128 183/463/128
f 189/467/129 187/468/129 186/469/129 188/470/129
f 190/471/130 192/472/130 187/468/130 189/467/130
f 191/473/131 193/474/131 192/472/131 190/471/131
f 132/374/132 194/373/132 193/474/132 191/473/132
f 195/475/99 196/476/99 255/477/99 254/478/99 253/479/99 252/480/99 247/481/99 246/482/99 245/483/99 244/484/99 239/485/99 238/486/99 237/487/99 236/488/99 231/489/99 230/490/99 229/491/99 228/492/99 223/493/99 222/494/99 221/495/99 220/496/99 215/497/99 214/498/99 213/499/99 212/500/99 207/501/99 206/502/99 205/503/99 204/504/99 199/505/99 198/506/99
f 195/507/100 197/508/100 258/509/100 196/510/100
f 198/511/101 200/512/101 197/508/101 195/507/101
f 199/513/102 201/514/102 200/512/102 198/511/102
f 258/515/103 197/516/103 200/517/103 201/518/103 202/519/103 203/520/103 208/521/103 209/522/103 210/523/103 211/524/103 216/525/103 217/526/103 218/527/103 219/528/103 224/529/103 225/530/103 226/531/103 227/532/103 232/533/103 233/534/103 234/535/103 235/536/103 240/537/103 241/538/103 242/539/103 243/540/103 248/541/103 249/542/103 250/543/103 251/544/103 256/545/103 257/546/103
f 204/547/104 202/548/104 201/514/104 199/513/104
f 205/549/105 203/550/105 202/548/105 204/547/105
f 206/551/106 208/552/106 203/550/106 205/549/106
f 207/553/107 209/554/107 208/555/107 206/556/107
f 212/557/108 210/558/108 209/554/108 207/553/108
f 213/559/109 211/560/109 210/558/109 212/557/109
f 214/561/110 216/562/110 211/560/110 213/559/110
f 215/563/111 217/564/111 216/562/111 214/561/111
f 220/565/112 218/566/112 217/564/112 215/563/112
f 221/567/113 219/568/113 218/569/113 220/570/113
f 222/571/114 224/572/114 219/568/114 221/567/114
f 223/573/115 225/574/115 224/572/115 222/571/115
f 228/575/116 226/576/116 225/574/116 223/573/116
f 229/577/117 227/578/117 226/576/117 228/575/117
f 230/579/118 232/580/118 227/578/118 229/577/118
f 231/581/119 233/582/119 232/580/119 230/579/119
f 236/583/120 234/584/120 233/582/120 231/581/120
f 237/585/121 235/586/121 234/584/121 236/583/121
f 238/587/122 240/588/122 235/586/122 237/585/122
f 239/589/123 241/590/123 240/591/123 238/592/123
f 244/593/124 242/594/124 241/590/124 239/589/124
f 245/595/125 243/596/125 242/594/125 244/593/125
f 246/597/126 248/598/126 243/596/126 245/595/126
f 247/599/127 249/600/127 248/598/127 246/597/127
f 252/601/128 250/602/128 249/600/128 247/599/128
f 253/603/129 251/604/129 250/605/129 252/606/129
f 254/607/130 256/608/130 251/604/130 253/603/130
f 255/609/131 257/610/131 256/608/131 254/607/131
f 196/510/132 258/509/132 257/610/132 255/609/132
f 260/611/43 263/612/43 262/613/43 259/614/43
f 259/615/34 261/616/34 266/617/34 260/618/34
f 262/619/42 264/620/42 261/621/42 259/622/42
f 263/623/36 265/624/36 264/625/36 262/626/36
f 265/627/41 266/628/41 261/629/41 264/630/41
f 260/631/40 266/632/40 265/633/40 263/634/40
f 268/635/43 271/636/43 270/637/43 267/638/43
f 267/639/34 269/640/34 274/641/34 268/642/34
f 270/643/42 272/644/42 269/645/42 267/646/42
f 271/647/36 273/648/36 272/649/36 270/650/36
f 273/293/41 274/651/41 269/652/41 272/653/41
f 268/654/40 274/655/40 273/656/40 271/657/40
f 275/658/40 276/659/40 307/660/40 306/661/40 305/662/40 304/663/40 303/664/40 302/665/40 301/666/40 300/667/40 299/668/40 298/669/40 297/670/40 296/671/40 295/672/40 294/673/40 293/674/40 292/675/40 291/676/40 290/677/40 289/678/40 288/679/40 287/680/40 286/681/40 285/682/40 284/683/40 283/684/40 282/685/40 281/686/40 280/687/40 279/688/40 278/689/40
f 275/690/133 277/691/133 276/692/133
f 278/693/134 277/691/134 275/690/134
f 279/694/135 277/691/135 278/693/135
f 280/695/136 277/696/136 279/697/136
f 281/698/137 277/696/137 280/695/137
f 282/699/138 277/696/138 281/698/138
f 283/700/139 277/696/139 282/699/139
f 284/701/140 277/696/140 283/700/140
f 285/702/141 277/696/141 284/701/141
f 286/703/142 277/696/142 285/702/142
f 287/704/143 277/696/143 286/703/143
f 288/705/144 277/696/144 287/704/144
f 289/706/145 277/696/145 288/705/145
f 290/707/146 277/696/146 289/706/146
f 291/708/147 277/696/147 290/707/147
f 292/709/148 277/710/148 291/711/148
f 293/712/149 277/710/149 292/709/149
f 294/713/150 277/710/150 293/712/150
f 295/714/151 277/710/151 294/713/151
f 296/715/152 277/716/152 295/717/152
f 297/718/153 277/716/153 296/715/153
f 298/719/154 277/716/154 297/718/154
f 299/720/155 277/716/155 298/719/155
f 300/721/156 277/716/156 299/720/156
f 301/722/157 277/716/157 300/721/157
f 302/723/158 277/716/158 301/722/158
f 303/724/159 277/716/159 302/723/159
f 304/725/160 277/716/160 303/724/160
f 305/726/161 277/716/161 304/725/161
f 306/727/162 277/716/162 305/726/162
f 307/728/163 277/716/163 306/727/163
f 276/692/164 277/691/164 307/729/164
f 308/730/40 309/731/40 340/732/40 339/733/40 338/734/40 337/735/40 336/736/40 335/737/40 334/738/40 333/739/40 332/740/40 331/741/40 330/742/40 329/743/40 328/744/40 327/745/40 326/746/40 325/747/40 324/748/40 323/749/40 322/750/40 321/751/40 320/752/40 319/753/40 318/754/40 317/755/40 316/756/40 315/757/40 314/758/40 313/759/40 312/760/40 311/761/40
f 308/762/133 310/763/133 309/764/133
f 311/765/134 310/763/134 308/762/134
f 312/766/135 310/763/135 311/765/135
f 313/767/136 310/768/136 312/769/136
f 314/770/137 310/768/137 313/767/137
f 315/771/138 310/768/138 314/770/138
f 316/772/139 310/768/139 315/771/139
f 317/773/140 310/768/140 316/772/140
f 318/774/141 310/768/141 317/773/141
f 319/775/142 310/768/142 318/774/142
f 320/776/143 310/768/143 319/775/143
f 321/777/144 310/768/144 320/776/144
f 322/778/145 310/768/145 321/777/145
f 323/779/146 310/768/146 322/778/146
f 324/780/147 310/768/147 323/779/147
f 325/781/148 310/782/148 324/783/148
f 326/784/149 310/782/149 325/781/149
f 327/785/150 310/782/150 326/784/150
f 328/786/151 310/782/151 327/785/151
f 329/787/152 310/788/152 328/789/152
f 330/790/153 310/788/153 329/787/153
f 331/791/154 310/788/154 330/790/154
f 332/792/155 310/788/155 331/791/155
f 333/793/156 310/788/156 332/792/156
f 334/794/157 310/788/157 333/793/157
f 335/795/158 310/788/158 334/794/158
f 336/796/159 310/788/159 335/795/159
f 337/797/160 310/788/160 336/796/160
f 338/798/161 310/788/161 337/797/161
f 339/799/162 310/788/162 338/798/162
f 340/800/163 310/788/163 339/799/163
f 309/764/164 310/763/164 340/801/164
f 341/802/40 342/803/40 373/804/40 372/805/40 371/806/40 370/807/40 369/808/40 368/809/40 367/810/40 366/811/40 365/812/40 364/813/40 363/814/40 362/815/40 361/816/40 360/817/40 359/818/40 358/819/40 357/820/40 356/821/40 355/822/40 354/823/40 353/824/40 352/825/40 351/826/40 350/827/40 349/828/40 348/829/40 347/830/40 346/831/40 345/832/40 344/833/40
f 341/834/133 343/835/133 342/836/133
f 344/837/134 343/835/134 341/834/134
f 345/838/135 343/835/135 344/837/135
f 346/839/136 343/840/136 345/841/136
f 347/842/137 343/840/137 346/839/137
f 348/843/138 343/840/138 347/842/138
f 349/844/139 343/840/139 348/843/139
f 350/845/140 343/840/140 349/844/140
f 351/846/141 343/840/141 350/845/141
f 352/847/142 343/840/142 351/846/142
f 353/848/143 343/840/143 352/847/143
f 354/849/144 343/840/144 353/848/144
f 355/850/145 343/840/145 354/849/145
f 356/851/146 343/840/146 355/850/146
f 357/852/147 343/840/147 356/851/147
f 358/853/148 343/854/148 357/855/148
f 359/856/149 343/854/149 358/853/149
f 360/857/150 343/854/150 359/856/150
f 361/858/151 343/854/151 360/857/151
f 362/859/152 343/860/152 361/861/152
f 363/862/153 343/860/153 362/859/153
f 364/863/154 343/860/154 363/862/154
f 365/864/155 343/860/155 364/863/155
f 366/865/156 343/860/156 365/864/156
f 367/866/157 343/860/157 366/865/157
f 368/867/158 343/860/158 367/866/158
f 369/868/159 343/860/159 368/867/159
f 370/869/160 343/860/160 369/868/160
f 371/870/161 343/860/161 370/869/161
f 372/871/162 343/860/162 371/870/162
f 373/872/163 343/860/163 372/871/163
f 342/836/164 343/835/164 373/873/164
f 374/874/40 375/875/40 406/876/40 405/877/40 404/878/40 403/879/40 402/880/40 401/881/40 400/882/40 399/883/40 398/884/40 397/885/40 396/886/40 395/887/40 394/888/40 393/889/40 392/890/40 391/891/40 390/892/40 389/893/40 388/894/40 387/895/40 386/896/40 385/897/40 384/898/40 383/899/40 382/900/40 381/901/40 380/902/40 379/903/40 378/904/40 377/905/40
f 374/906/133 376/907/133 375/908/133
f 377/909/134 376/907/134 374/906/134
f 378/910/135 376/907/135 377/909/135
f 379/911/136 376/912/136 378/913/136
f 380/914/137 376/912/137 379/911/137
f 381/915/138 376/912/138 380/914/138
f 382/916/139 376/912/139 381/915/139
f 383/917/140 376/912/140 382/916/140
f 384/918/141 376/912/141 383/917/141
f 385/919/142 376/912/142 384/918/142
f 386/920/143 376/912/143 385/919/143
f 387/921/144 376/912/144 386/920/144
f 388/922/145 376/912/145 387/921/145
f 389/923/146 376/912/146 388/922/146
f 390/924/147 376/912/147 389/923/147
f 391/925/148 376/926/148 390/927/148
f 392/928/149 376/926/149 391/925/149
f 393/929/150 376/926/150 392/928/150
f 394/930/151 376/926/151 393/929/151
f 395/931/152 376/932/152 394/933/152
f 396/934/153 376/932/153 395/931/153
f 397/935/154 376/932/154 396/934/154
f 398/936/155 376/932/155 397/935/155
f 399/937/156 376/932/156 398/936/156
f 400/938/157 376/932/157 399/937/157
f 401/939/158 376/932/158 400/938/158
f 402/940/159 376/932/159 401/939/159
f 403/941/160 376/932/160 402/940/160
f 404/942/161 376/932/161 403/941/161
f 405/943/162 376/932/162 404/942/162
f 406/944/163 376/932/163 405/943/163
f 375/908/164 376/907/164 406/945/164
f 407/946/40 408/947/40 439/948/40 438/949/40 437/950/40 436/951/40 435/952/40 434/953/40 433/954/40 432/955/40 431/956/40 430/957/40 429/958/40 428/959/40 427/960/40 426/961/40 425/962/40 424/963/40 423/964/40 422/965/40 421/966/40 420/967/40 419/968/40 418/969/40 417/970/40 416/971/40 415/972/40 414/973/40 413/974/40 412/975/40 411/976/40 410/977/40
f 407/978/133 409/979/133 408/980/133
f 410/981/134 409/979/134 407/978/134
f 411/982/135 409/979/135 410/981/135
f 412/983/136 409/984/136 411/985/136
f 413/986/137 409/984/137 412/983/137
f 414/987/138 409/984/138 413/986/138
f 415/988/139 409/984/139 414/987/139
f 416/989/140 409/984/140 415/988/140
f 417/990/141 409/984/141 416/989/141
f 418/991/142 409/984/142 417/990/142
f 419/992/143 409/984/143 418/991/143
f 420/993/144 409/984/144 419/992/144
f 421/994/145 409/984/145 420/993/145
f 422/995/146 409/984/146 421/994/146
f 423/996/147 409/984/147 422/995/147
f 424/997/148 409/998/148 423/999/148
f 425/1000/149 409/998/149 424/997/149
f 426/1001/150 409/998/150 425/1000/150
f 427/1002/151 409/998/151 426/1001/151
f 428/1003/152 409/1004/152 427/1005/152
f 429/1006/153 409/1004/153 428/1003/153
f 430/1007/154 409/1004/154 429/1006/154
f 431/1008/155 409/1004/155 430/1007/155
f 432/1009/156 409/1004/156 431/1008/156
f 433/1010/157 409/1004/157 432/1009/157
f 434/1011/158 409/1004/158 433/1010/158
f 435/1012/159 409/1004/159 434/1011/159
f 436/1013/160 409/1004/160 435/1012/160
f 437/1014/161 409/1004/161 436/1013/161
f 438/1015/162 409/1004/162 437/1014/162
f 439/1016/163 409/1004/163 438/1015/163
f 408/980/164 409/979/164 439/1017/164
f 440/1018/40 441/1019/40 472/1020/40 471/1021/40 470/1022/40 469/1023/40 468/1024/40 467/1025/40 466/1026/40 465/1027/40 464/1028/40 463/1029/40 462/1030/40 461/1031/40 460/1032/40 459/1033/40 458/1034/40 457/1035/40 456/1036/40 455/1037/40 454/1038/40 453/1039/40 452/1040/40 451/1041/40 450/1042/40 449/1043/40 448/1044/40 447/1045/40 446/1046/40 445/1047/40 444/1048/40 443/1049/40
f 440/1050/133 442/1051/133 441/1052/133
f 443/1053/134 442/1051/134 440/1050/134
f 444/1054/135 442/1051/135 443/1053/135
f 445/1055/136 442/1056/136 444/1057/136
f 446/1058/137 442/1056/137 445/1055/137
f 447/1059/138 442/1056/138 446/1058/138
f 448/1060/139 442/1056/139 447/1059/139
f 449/1061/140 442/1056/140 448/1060/140
f 450/1062/141 442/1056/141 449/1061/141
f 451/1063/142 442/1056/142 450/1062/142
f 452/1064/143 442/1056/143 451/1063/143
f 453/1065/144 442/1056/144 452/1064/144
f 454/1066/145 442/1056/145 453/1065/145
f 455/1067/146 442/1056/146 454/1066/146
f 456/1068/147 442/1056/147 455/1067/147
f 457/1069/148 442/1070/148 456/1071/148
f 458/1072/149 442/1070/149 457/1069/149
f 459/1073/150 442/1070/150 458/1072/150
f 460/1074/151 442/1070/151 459/1073/151
f 461/1075/152 442/1076/152 460/1077/152
f 462/1078/153 442/1076/153 461/1075/153
f 463/1079/154 442/1076/154 462/1078/154
f 464/1080/155 442/1076/155 463/1079/155
f 465/1081/156 442/1076/156 464/1080/156
f 466/1082/157 442/1076/157 465/1081/157
f 467/1083/158 442/1076/158 466/1082/158
f 468/1084/159 442/1076/159 467/1083/159
f 469/1085/160 442/1076/160 468/1084/160
f 470/1086/161 442/1076/161 469/1085/161
f 471/1087/162 442/1076/162 470/1086/162
f 472/62/163 442/1076/163 471/1087/163
f 441/1052/164 442/1051/164 472/1088/164
f 473/1089/165 474/1090/165 475/1091/165
f 473/1089/166 477/1092/166 474/1090/166
f 473/1089/167 475/1091/167 476/1093/167
f 473/1089/168 476/1093/168 478/1094/168
f 477/1092/169 473/1089/169 478/1094/169
f 481/1095/170 478/1094/170 479/1096/170
f 478/1094/171 480/1097/171 479/1096/171
f 478/1094/172 476/1093/172 480/1097/172
f 481/1095/173 477/1092/173 478/1094/173
f 482/1098/174 481/1095/174 483/1099/174
f 482/1098/175 477/1092/175 481/1095/175
f 481/1095/176 479/1096/176 484/1100/176
f 483/1101/177 481/1102/177 484/1103/177
f 483/1101/178 484/1103/178 485/1104/178
f 484/1105/179 486/1106/179 485/1107/179
f 479/1108/180 487/1109/180 484/1110/180
f 484/1110/181 487/1109/181 486/1111/181
f 479/1096/182 480/1097/182 487/1112/182
f 487/1113/183 489/1114/183 488/1115/183
f 487/1116/184 488/1117/184 486/1106/184
f 487/1112/185 480/1097/185 489/1118/185
f 489/1114/186 491/1119/186 488/1115/186
f 480/1097/187 490/1120/187 489/1118/187
f 490/1120/188 492/1121/188 489/1118/188
f 489/1114/189 492/1122/189 491/1119/189
f 490/1120/190 495/1123/190 492/1121/190
f 492/1122/191 494/1124/191 493/1125/191
f 492/1122/192 493/1125/192 491/1119/192
f 492/1121/193 495/1123/193 494/1126/193
f 476/1093/194 495/1123/194 490/1120/194
f 475/1091/195 496/1127/195 495/1123/195
f 495/1123/196 496/1127/196 494/1126/196
f 476/1093/197 475/1091/197 495/1123/197
f 475/1091/198 497/1128/198 496/1127/198
f 496/1127/199 497/1128/199 498/1129/199
f 496/1130/200 498/1131/200 494/1132/200
f 498/1133/201 501/1134/201 499/1135/201
f 498/1136/202 499/1137/202 500/1138/202
f 494/1132/203 498/1131/203 500/1139/203
f 498/1133/204 497/1140/204 501/1134/204
f 501/1141/205 503/1142/205 499/1137/205
f 497/1128/206 502/1143/206 501/1144/206
f 502/1145/207 504/1146/207 501/1147/207
f 501/1141/208 504/1148/208 503/1142/208
f 502/1145/209 507/1149/209 504/1146/209
f 504/1148/210 506/1150/210 505/1151/210
f 504/1148/211 505/1151/211 503/1142/211
f 504/1146/212 507/1149/212 506/1152/212
f 474/1090/213 507/1153/213 502/1143/213
f 477/1092/214 482/1098/214 507/1153/214
f 507/1149/215 482/1154/215 506/1152/215
f 474/1090/216 477/1092/216 507/1153/216
f 506/1150/217 508/1155/217 505/1151/217
f 482/1154/218 483/1156/218 506/1152/218
f 506/1150/219 483/1157/219 508/1155/219
f 505/1151/220 508/1155/220 509/1158/220
f 483/1157/221 485/1107/221 508/1155/221
f 508/1155/222 485/1107/222 510/1159/222
f 509/1158/223 508/1155/223 510/1159/223
f 509/1158/224 510/1159/224 511/1160/224
f 510/1159/225 512/1161/225 511/1160/225
f 485/1107/226 486/1106/226 510/1159/226
f 510/1159/227 486/1106/227 512/1161/227
f 486/1106/228 488/1117/228 512/1161/228
f 488/1117/229 491/1162/229 512/1161/229
f 512/1161/230 513/1163/230 511/1160/230
f 512/1161/231 491/1162/231 513/1163/231
f 491/1162/232 493/1164/232 513/1163/232
f 493/1164/233 500/1138/233 513/1163/233
f 513/1163/234 514/1165/234 511/1160/234
f 513/1163/235 500/1138/235 514/1165/235
f 500/1138/236 499/1137/236 514/1165/236
f 499/1137/237 503/1142/237 514/1165/237
f 514/1165/238 509/1158/238 511/1160/238
f 514/1165/239 503/1142/239 509/1158/239
f 503/1142/240 505/1151/240 509/1158/240
f 474/1090/241 502/1143/241 497/1128/241
f 494/1166/242 500/1138/242 493/1164/242
f 475/1091/243 474/1090/243 497/1128/243
f 476/1093/244 490/1120/244 480/1097/244
f 516/1167/245 519/1168/245 518/1169/245 515/1170/245
f 515/1171/246 517/1172/246 522/1173/246 516/1174/246
f 518/1175/247 520/1176/247 517/1177/247 515/1178/247
f 519/1179/248 521/1180/248 520/1181/248 518/1182/248
f 521/1183/249 522/1184/249 517/1185/249 520/1186/249
f 516/1187/250 522/1188/250 521/1189/250 519/1190/250
f 524/1191/251 527/1192/251 526/1193/251 523/1194/251
f 523/1195/252 525/1196/252 530/1197/252 524/1198/252
f 526/1199/253 528/1200/253 525/1201/253 523/1202/253
f 527/1203/254 529/1204/254 528/1205/254 526/1206/254
f 529/1207/255 530/1208/255 525/1209/255 528/1210/255
f 524/1211/256 530/1212/256 529/1213/256 527/1214/256
f 532/1215/257 535/1216/257 534/1217/257 531/1218/257
f 531/1219/258 533/1220/258 538/1221/258 532/1222/258
f 534/1223/259 536/1224/259 533/1225/259 531/1226/259
f 535/1227/260 537/1228/260 536/1229/260 534/1230/260
f 537/1231/261 538/1232/261 533/1233/261 536/1234/261
f 532/1235/262 538/1236/262 537/1237/262 535/1238/262
f 540/1239/251 543/1240/251 542/1241/251 539/1242/251
f 539/1243/252 541/1244/252 546/1245/252 540/1246/252
f 542/1247/253 544/1248/253 541/1249/253 539/1250/253
f 543/1251/254 545/1252/254 544/1253/254 542/1254/254
f 545/1255/255 546/1256/255 541/1257/255 544/1258/255
f 540/1259/256 546/1260/256 545/1261/256 543/1262/256
f 548/1263/251 551/1264/251 550/1265/251 547/1266/251
f 547/1267/252 549/1268/252 554/1269/252 548/1270/252
f 550/1271/253 552/1272/253 549/1273/253 547/1274/253
f 551/1275/254 553/1276/254 552/1277/254 550/1278/254
f 553/1279/255 554/1280/255 549/1281/255 552/1282/255
f 548/1283/256 554/1284/256 553/1285/256 551/1286/256
f 556/1287/263 559/1288/263 558/1289/263 555/1290/263
f 555/1291/264 557/1292/264 562/1293/264 556/1294/264
f 558/1295/265 560/1296/265 557/1297/265 555/1298/265
f 559/1299/266 561/1300/266 560/1301/266 558/1302/266
f 561/1303/267 562/1304/267 557/1305/267 560/1306/267
f 556/1307/268 562/1308/268 561/1309/268 559/1310/268
f 563/1311/269 564/1312/269 595/1313/269 594/1314/269 593/1315/269 592/1316/269 591/1317/269 590/1318/269 589/1319/269 588/1320/269 587/1321/269 586/1322/269 585/1323/269 584/1324/269 583/1325/269 582/1326/269 581/1327/269 580/1328/269 579/1329/269 578/1330/269 577/1331/269 576/1332/269 575/1333/269 574/1334/269 573/1335/269 572/1336/269 571/1337/269 570/1338/269 569/1339/269 568/1340/269 567/1341/269 566/1342/269
f 563/1343/270 565/1344/270 564/1345/270
f 566/1346/271 565/1344/271 563/1343/271
f 567/1347/272 565/1344/272 566/1346/272
f 568/1348/273 565/1344/273 567/1347/273
f 569/1349/274 565/1344/274 568/1348/274
f 570/1350/275 565/1351/275 569/1352/275
f 571/1353/276 565/1351/276 570/1350/276
f 572/1354/277 565/1351/277 571/1353/277
f 573/1355/278 565/1351/278 572/1354/278
f 574/1356/279 565/1351/279 573/1355/279
f 575/1357/280 565/1351/280 574/1356/280
f 576/1358/281 565/1351/281 575/1357/281
f 577/1359/282 565/1351/282 576/1358/282
f 578/1360/283 565/1361/283 577/1362/283
f 579/1363/284 565/1361/284 578/1360/284
f 580/1364/285 565/1361/285 579/1363/285
f 581/1365/286 565/1361/286 580/1364/286
f 582/1366/287 565/1361/287 581/1365/287
f 583/1367/288 565/1361/288 582/1366/288
f 584/1368/289 565/1361/289 583/1367/289
f 585/1369/290 565/1361/290 584/1368/290
f 586/1370/291 565/1371/291 585/1372/291
f 587/1373/292 565/1371/292 586/1370/292
f 588/1374/293 565/1371/293 587/1373/293
f 589/1375/294 565/1371/294 588/1374/294
f 590/1376/295 565/1371/295 589/1375/295
f 591/1377/296 565/1371/296 590/1376/296
f 592/1378/297 565/1371/297 591/1377/297
f 593/1379/298 565/1371/298 592/1378/298
f 594/1380/299 565/1344/299 593/1381/299
f 595/1382/300 565/1344/300 594/1380/300
f 564/1345/301 565/1344/301 595/1382/301
f 597/1383/302 600/1384/302 599/1385/302 596/1386/302
f 596/1387/303 598/1388/303 603/1389/303 597/1390/303
f 599/1391/304 601/1392/304 598/1393/304 596/1394/304
f 600/1395/305 602/1396/305 601/1397/305 599/1398/305
f 602/1399/306 603/1400/306 598/1401/306 601/1402/306
f 597/1403/307 603/1404/307 602/1405/307 600/1406/307
f 605/1407/308 608/1408/308 607/1409/308 604/1410/308
f 604/1411/309 606/1412/309 611/1413/309 605/1414/309
f 607/1409/310 609/1415/310 606/1416/310 604/1410/310
f 608/1417/311 610/1418/311 609/1419/311 607/1420/311
f 610/1421/312 611/1422/312 606/1423/312 609/1424/312
f 605/1425/313 611/1426/313 610/1427/313 608/1428/313
f 612/1429/314 613/1430/314 644/1431/314 643/1432/314 642/1433/314 641/1434/314 640/1435/314 639/1436/314 638/1437/314 637/1438/314 636/1439/314 635/1440/314 634/1441/314 633/1442/314 632/1443/314 631/1444/314 630/1445/314 629/1446/314 628/1447/314 627/1448/314 626/1449/314 625/1450/314 624/1451/314 623/1452/314 622/1453/314 621/1454/314 620/1455/314 619/1456/314 618/1457/314 617/1458/314 616/1459/314 615/1460/314
f 612/1461/315 614/1462/315 613/1463/315
f 615/1464/316 614/1462/316 612/1461/316
f 616/1465/317 614/1462/317 615/1464/317
f 617/1466/318 614/1462/318 616/1465/318
f 618/1467/319 614/1462/319 617/1466/319
f 619/1468/320 614/1462/320 618/1467/320
f 620/1469/321 614/1470/321 619/1471/321
f 621/1472/322 614/1470/322 620/1469/322
f 622/1473/323 614/1470/323 621/1472/323
f 623/1474/324 614/1470/324 622/1473/324
f 624/1475/325 614/1470/325 623/1474/325
f 625/1476/326 614/1470/326 624/1475/326
f 626/1477/327 614/1478/327 625/1479/327
f 627/1480/328 614/1478/328 626/1477/328
f 628/1481/329 614/1478/329 627/1480/329
f 629/1482/330 614/1478/330 628/1481/330
f 630/1483/331 614/1478/331 629/1482/331
f 631/1484/332 614/1478/332 630/1483/332
f 632/1485/333 614/1478/333 631/1484/333
f 633/1486/334 614/1478/334 632/1485/334
f 634/1487/335 614/1478/335 633/1486/335
f 635/1488/336 614/1478/336 634/1487/336
f 636/1489/337 614/1490/337 635/1491/337
f 637/1492/338 614/1490/338 636/1489/338
f 638/1493/339 614/1490/339 637/1492/339
f 639/1494/340 614/1490/340 638/1493/340
f 640/1495/341 614/1490/341 639/1494/341
f 641/1496/342 614/1490/342 640/1495/342
f 642/1497/343 614/1462/343 641/1498/343
f 643/1499/344 614/1462/344 642/1497/344
f 644/1500/345 614/1462/345 643/1499/345
f 613/1463/346 614/1462/346 644/1500/346
f 645/1501/347 646/1502/347 677/1503/347 676/1504/347 675/1505/347 674/1506/347 673/1507/347 672/1508/347 671/1509/347 670/1510/347 669/1511/347 668/1512/347 667/1513/347 666/1514/347 665/1515/347 664/1516/347 663/1517/347 662/1518/347 661/1519/347 660/1520/347 659/1521/347 658/1522/347 657/1523/347 656/1524/347 655/1525/347 654/1526/347 653/1527/347 652/1528/347 651/1529/347 650/1530/347 649/1531/347 648/1532/347
f 645/1533/348 647/1534/348 646/1535/348
f 648/1536/349 647/1534/349 645/1533/349
f 649/1537/350 647/1534/350 648/1536/350
f 650/1538/351 647/1534/351 649/1537/351
f 651/1539/352 647/1534/352 650/1538/352
f 652/1540/353 647/1534/353 651/1539/353
f 653/1541/354 647/1534/354 652/1540/354
f 654/1542/355 647/1543/355 653/1544/355
f 655/1545/356 647/1543/356 654/1542/356
f 656/1546/357 647/1543/357 655/1545/357
f 657/1547/358 647/1543/358 656/1546/358
f 658/1548/359 647/1543/359 657/1547/359
f 659/1549/360 647/1550/360 658/1551/360
f 660/1552/361 647/1550/361 659/1549/361
f 661/1553/362 647/1550/362 660/1552/362
f 662/1554/363 647/1550/363 661/1553/363
f 663/1555/364 647/1550/364 662/1554/364
f 664/1556/365 647/1550/365 663/1555/365
f 665/1557/366 647/1550/366 664/1556/366
f 666/1558/367 647/1550/367 665/1557/367
f 667/1559/368 647/1550/368 666/1558/368
f 668/1560/369 647/1550/369 667/1559/369
f 669/1561/370 647/1550/370 668/1560/370
f 670/1562/371 647/1563/371 669/1564/371
f 671/1565/372 647/1563/372 670/1562/372
f 672/1566/373 647/1563/373 671/1565/373
f 673/1567/374 647/1563/374 672/1566/374
f 674/1568/375 647/1563/375 673/1567/375
f 675/1569/376 647/1534/376 674/1570/376
f 676/1571/377 647/1534/377 675/1569/377
f 677/1572/378 647/1534/378 676/1571/378
f 646/1535/379 647/1534/379 677/1572/379
f 679/1573/89 682/1574/89 681/1575/89 678/1576/89
f 678/1577/34 680/1578/34 685/1579/34 679/1580/34
f 681/1581/90 683/1582/90 680/1583/90 678/1584/90
f 682/1585/36 684/1586/36 683/1587/36 681/1588/36
f 684/1589/91 685/1590/91 680/1591/91 683/1592/91
f 679/1593/92 685/1594/92 684/1595/92 682/1596/92
f 686/1597/380 687/1598/380 718/1599/380 717/1600/380 716/1601/380 715/1602/380 714/1603/380 713/1604/380 712/1605/380 711/1606/380 710/1607/380 709/1608/380 708/1609/380 707/1610/380 706/1611/380 705/1612/380 704/1613/380 703/1614/380 702/1615/380 701/1616/380 700/1617/380 699/1618/380 698/1619/380 697/1620/380 696/1621/380 695/1622/380 694/1623/380 693/1624/380 692/1625/380 691/1626/380 690/1627/380 689/1628/380
f 686/1629/381 688/1630/381 687/1631/381
f 689/1632/382 688/1630/382 686/1629/382
f 690/1633/383 688/1630/383 689/1632/383
f 691/1634/384 688/1630/384 690/1633/384
f 692/1635/385 688/1630/385 691/1634/385
f 693/1636/386 688/1630/386 692/1635/386
f 694/1637/387 688/1630/387 693/1636/387
f 695/1638/388 688/1639/388 694/1640/388
f 696/1641/389 688/1639/389 695/1638/389
f 697/1642/390 688/1639/390 696/1641/390
f 698/1643/391 688/1639/391 697/1642/391
f 699/1644/392 688/1645/392 698/1646/392
f 700/1647/393 688/1645/393 699/1644/393
f 701/1648/394 688/1645/394 700/1647/394
f 702/1649/395 688/1645/395 701/1648/395
f 703/1650/396 688/1645/396 702/1649/396
f 704/1651/397 688/1645/397 703/1650/397
f 705/1652/398 688/1645/398 704/1651/398
f 706/1653/399 688/1645/399 705/1652/399
f 707/1654/400 688/1645/400 706/1653/400
f 708/1655/401 688/1645/401 707/1654/401
f 709/1656/402 688/1645/402 708/1655/402
f 710/1657/403 688/1645/403 709/1656/403
f 711/1658/404 688/1659/404 710/1660/404
f 712/1661/405 688/1659/405 711/1658/405
f 713/1662/406 688/1659/406 712/1661/406
f 714/1663/407 688/1630/407 713/1664/407
f 715/1665/408 688/1630/408 714/1663/408
f 716/1666/409 688/1630/409 715/1665/409
f 717/1667/410 688/1630/410 716/1666/410
f 718/1668/411 688/1630/411 717/1667/411
f 687/1631/412 688/1630/412 718/1668/412
f 719/1669/413 720/1670/413 751/1671/413 750/1672/413 749/1673/413 748/1674/413 747/1675/413 746/1676/413 745/1677/413 744/1678/413 743/1679/413 742/1680/413 741/1681/413 740/1682/413 739/1683/413 738/1684/413 737/1685/413 736/1686/413 735/1687/413 734/1688/413 733/1689/413 732/1690/413 731/1691/413 730/1692/413 729/1693/413 728/1694/413 727/1695/413 726/1696/413 725/1697/413 724/1698/413 723/1699/413 722/1700/413
f 719/1701/414 721/1702/414 720/1703/414
f 722/1704/415 721/1702/415 719/1701/415
f 723/1705/416 721/1702/416 722/1704/416
f 724/1706/417 721/1702/417 723/1705/417
f 725/1707/418 721/1702/418 724/1706/418
f 726/1708/419 721/1702/419 725/1707/419
f 727/1709/420 721/1702/420 726/1708/420
f 728/1710/421 721/1702/421 727/1709/421
f 729/1711/422 721/1712/422 728/1713/422
f 730/1714/423 721/1712/423 729/1711/423
f 731/1715/424 721/1716/424 730/1717/424
f 732/1718/425 721/1716/425 731/1715/425
f 733/1719/426 721/1716/426 732/1718/426
f 734/1720/427 721/1716/427 733/1719/427
f 735/1721/428 721/1716/428 734/1720/428
f 736/1722/429 721/1716/429 735/1721/429
f 737/1723/430 721/1716/430 736/1722/430
f 738/1724/431 721/1716/431 737/1723/431
f 739/1725/432 721/1716/432 738/1724/432
f 740/1726/433 721/1716/433 739/1725/433
f 741/1727/434 721/1716/434 740/1726/434
f 742/1728/435 721/1716/435 741/1727/435
f 743/1729/436 721/1716/436 742/1728/436
f 744/1730/437 721/1716/437 743/1729/437
f 745/1731/438 721/1732/438 744/1733/438
f 746/1734/439 721/1732/439 745/1731/439
f 747/1735/440 721/1702/440 746/1736/440
f 748/1737/441 721/1702/441 747/1735/441
f 749/1738/442 721/1702/442 748/1737/442
f 750/1739/443 721/1702/443 749/1738/443
f 751/1740/444 721/1702/444 750/1739/444
f 720/1703/445 721/1702/445 751/1740/445
f 752/1741/446 753/1742/446 784/1743/446 783/1744/446 782/1745/446 781/1746/446 780/1747/446 779/1748/446 778/1749/446 777/1750/446 776/1751/446 775/1752/446 774/1753/446 773/1754/446 772/1755/446 771/1756/446 770/1757/446 769/1758/446 768/1759/446 767/1760/446 766/1761/446 765/1762/446 764/1763/446 763/1764/446 762/1765/446 761/1766/446 760/1767/446 759/1768/446 758/1769/446 757/1770/446 756/1771/446 755/1772/446
f 752/1773/447 754/1774/447 753/1775/447
f 755/1776/448 754/1774/448 752/1773/448
f 756/1777/449 754/1774/449 755/1776/449
f 757/1778/450 754/1774/450 756/1777/450
f 758/1779/451 754/1774/451 757/1778/451
f 759/1780/452 754/1774/452 758/1779/452
f 760/1781/453 754/1774/453 759/1780/453
f 761/1782/454 754/1774/454 760/1781/454
f 762/1783/455 754/1784/455 761/1785/455
f 763/1786/456 754/1784/456 762/1783/456
f 764/1787/457 754/1784/457 763/1786/457
f 765/1788/458 754/1784/458 764/1787/458
f 766/1789/459 754/1784/459 765/1788/459
f 767/1790/460 754/1784/460 766/1789/460
f 768/1791/461 754/1784/461 767/1790/461
f 769/1792/462 754/1784/462 768/1791/462
f 770/1793/463 754/1784/463 769/1792/463
f 771/1794/464 754/1784/464 770/1793/464
f 772/1795/465 754/1784/465 771/1794/465
f 773/1796/466 754/1784/466 772/1795/466
f 774/1797/467 754/1784/467 773/1796/467
f 775/1798/468 754/1784/468 774/1797/468
f 776/1799/469 754/1784/469 775/1798/469
f 777/1800/470 754/1784/470 776/1799/470
f 778/1801/471 754/1784/471 777/1800/471
f 779/1802/472 754/1784/472 778/1801/472
f 780/1803/473 754/1774/473 779/1804/473
f 781/1805/474 754/1774/474 780/1803/474
f 782/1806/475 754/1774/475 781/1805/475
f 783/1807/476 754/1774/476 782/1806/476
f 784/1808/477 754/1774/477 783/1807/477
f 753/1775/478 754/1774/478 784/1808/478
f 785/1809/479 786/1810/479 817/1811/479 816/1812/479 815/1813/479 814/1814/479 813/1815/479 812/1816/479 811/1817/479 810/1818/479 809/1819/479 808/1820/479 807/1821/479 806/1822/479 805/1823/479 804/1824/479 803/1825/479 802/1826/479 801/1827/479 800/1828/479 799/1829/479 798/1830/479 797/1831/479 796/1832/479 795/1833/479 794/1834/479 793/1835/479 792/1836/479 791/1837/479 790/1838/479 789/1839/479 788/1840/479
f 785/1841/480 787/1842/480 786/1843/480
f 788/1844/481 787/1842/481 785/1841/481
f 789/1845/482 787/1842/482 788/1844/482
f 790/1846/483 787/1842/483 789/1845/483
f 791/1847/484 787/1842/484 790/1846/484
f 792/1848/485 787/1842/485 791/1847/485
f 793/1849/486 787/1842/486 792/1848/486
f 794/1850/487 787/1851/487 793/1852/487
f 795/1853/488 787/1851/488 794/1850/488
f 796/1854/489 787/1851/489 795/1853/489
f 797/1855/490 787/1856/490 796/1857/490
f 798/1858/491 787/1856/491 797/1855/491
f 799/1859/492 787/1856/492 798/1858/492
f 800/1860/493 787/1856/493 799/1859/493
f 801/1861/494 787/1856/494 800/1860/494
f 802/1862/495 787/1856/495 801/1861/495
f 803/1863/496 787/1856/496 802/1862/496
f 804/1864/497 787/1856/497 803/1863/497
f 805/1865/498 787/1856/498 804/1864/498
f 806/1866/499 787/1856/499 805/1865/499
f 807/1867/500 787/1856/500 806/1866/500
f 808/1868/501 787/1856/501 807/1867/501
f 809/1869/502 787/1870/502 808/1871/502
f 810/1872/503 787/1870/503 809/1869/503
f 811/1873/504 787/1874/504 810/1875/504
f 812/1876/505 787/1874/505 811/1873/505
f 813/1877/506 787/1842/506 812/1878/506
f 814/1879/507 787/1842/507 813/1877/507
f 815/1880/508 787/1842/508 814/1879/508
f 816/1881/509 787/1842/509 815/1880/509
f 817/1882/510 787/1842/510 816/1881/510
f 786/1843/511 787/1842/511 817/1882/511
f 819/1883/257 822/1884/257 821/1885/257 818/1886/257
f 818/1887/258 820/1888/258 825/1889/258 819/1890/258
f 821/1891/259 823/1892/259 820/1893/259 818/1894/259
f 822/1895/260 824/1896/260 823/1897/260 821/1898/260
f 824/1899/261 825/1900/261 820/1901/261 823/1902/261
f 819/1903/262 825/1904/262 824/1905/262 822/1906/262
f 827/1888/257 830/1907/257 829/1908/257 826/1909/257
f 826/1910/258 828/1911/258 833/1912/258 827/1913/258
f 829/1914/259 831/1915/259 828/1916/259 826/1917/259
f 830/1918/260 832/1919/260 831/1920/260 829/1921/260
f 832/1922/261 833/1923/261 828/1924/261 831/1925/261
f 827/1926/262 833/1927/262 832/1928/262 830/1929/262
f 834/1930/512 835/1931/512 866/1932/512 865/1933/512 864/1934/512 863/1935/512 862/1936/512 861/1937/512 860/1938/512 859/1939/512 858/1940/512 857/1941/512 856/1942/512 855/1943/512 854/1944/512 853/1945/512 852/1946/512 851/1947/512 850/1948/512 849/1949/512 848/1950/512 847/1951/512 846/1952/512 845/1953/512 844/1954/512 843/1955/512 842/1956/512 841/1957/512 840/1958/512 839/1959/512 838/1960/512 837/1961/512
f 834/1962/513 836/1963/513 835/1964/513
f 837/1965/514 836/1963/514 834/1962/514
f 838/1966/515 836/1963/515 837/1965/515
f 839/1967/516 836/1963/516 838/1966/516
f 840/1968/517 836/1963/517 839/1967/517
f 841/1969/518 836/1963/518 840/1968/518
f 842/1970/519 836/1963/519 841/1969/519
f 843/1971/520 836/1972/520 842/1973/520
f 844/1974/521 836/1972/521 843/1971/521
f 845/1975/522 836/1972/522 844/1974/522
f 846/1976/523 836/1977/523 845/1978/523
f 847/1979/524 836/1977/524 846/1976/524
f 848/1980/525 836/1977/525 847/1979/525
f 849/1981/526 836/1977/526 848/1980/526
f 850/1982/527 836/1977/527 849/1981/527
f 851/1983/528 836/1977/528 850/1982/528
f 852/1984/529 836/1977/529 851/1983/529
f 853/1985/530 836/1977/530 852/1984/530
f 854/1986/531 836/1977/531 853/1985/531
f 855/1987/532 836/1977/532 854/1986/532
f 856/1988/533 836/1977/533 855/1987/533
f 857/1989/534 836/1977/534 856/1988/534
f 858/1990/535 836/1977/535 857/1989/535
f 859/1991/536 836/1977/536 858/1990/536
f 860/1992/537 836/1993/537 859/1994/537
f 861/1995/538 836/1993/538 860/1992/538
f 862/1996/539 836/1963/539 861/1997/539
f 863/1998/540 836/1963/540 862/1996/540
f 864/1999/541 836/1963/541 863/1998/541
f 865/2000/542 836/1963/542 864/1999/542
f 866/2001/543 836/1963/543 865/2000/543
f 835/1964/544 836/1963/544 866/2001/544
f 867/2002/545 868/2003/545 899/2004/545 898/2005/545 897/2006/545 896/2007/545 895/2008/545 894/2009/545 893/2010/545 892/2011/545 891/2012/545 890/2013/545 889/2014/545 888/2015/545 887/2016/545 886/2017/545 885/2018/545 884/2019/545 883/2020/545 882/2021/545 881/2022/545 880/2023/545 879/2024/545 878/2025/545 877/2026/545 876/2027/545 875/2028/545 874/2029/545 873/2030/545 872/2031/545 871/2032/545 870/2033/545
f 867/2034/546 869/2035/546 868/2036/546
f 870/2037/547 869/2035/547 867/2034/547
f 871/2038/548 869/2035/548 870/2037/548
f 872/2039/549 869/2035/549 871/2038/549
f 873/2040/550 869/2035/550 872/2039/550
f 874/2041/551 869/2035/551 873/2040/551
f 875/2042/552 869/2035/552 874/2041/552
f 876/2043/553 869/2044/553 875/2045/553
f 877/2046/554 869/2044/554 876/2043/554
f 878/2047/555 869/2044/555 877/2046/555
f 879/2048/556 869/2049/556 878/2050/556
f 880/2051/557 869/2049/557 879/2048/557
f 881/2052/558 869/2049/558 880/2051/558
f 882/2053/559 869/2049/559 881/2052/559
f 883/2054/560 869/2049/560 882/2053/560
f 884/2055/561 869/2049/561 883/2054/561
f 885/2056/562 869/2049/562 884/2055/562
f 886/2057/563 869/2049/563 885/2056/563
f 887/2058/564 869/2049/564 886/2057/564
f 888/2059/565 869/2049/565 887/2058/565
f 889/2060/566 869/2049/566 888/2059/566
f 890/2061/567 869/2062/567 889/2063/567
f 891/2064/568 869/2062/568 890/2061/568
f 892/2065/569 869/2062/569 891/2064/569
f 893/2066/570 869/2067/570 892/2068/570
f 894/2069/571 869/2067/571 893/2066/571
f 895/2070/572 869/2035/572 894/2071/572
f 896/2072/573 869/2035/573 895/2070/573
f 897/2073/574 869/2035/574 896/2072/574
f 898/2074/575 869/2035/575 897/2073/575
f 899/2075/576 869/2035/576 898/2074/576
f 868/2036/577 869/2035/577 899/2075/577
f 900/2076/578 901/2077/578 932/2078/578 931/2079/578 930/2080/578 929/2081/578 928/2082/578 927/2083/578 926/2084/578 925/2085/578 924/2086/578 923/2087/578 922/2088/578 921/2089/578 920/2090/578 919/2091/578 918/2092/578 917/2093/578 916/2094/578 915/2095/578 914/2096/578 913/2097/578 912/2098/578 911/2099/578 910/2100/578 909/2101/578 908/2102/578 907/2103/578 906/2104/578 905/2105/578 904/2106/578 903/2107/578
f 900/2108/579 902/2109/579 901/2110/579
f 903/2111/580 902/2109/580 900/2108/580
f 904/2112/581 902/2109/581 903/2111/581
f 905/2113/582 902/2109/582 904/2112/582
f 906/2114/583 902/2109/583 905/2113/583
f 907/2115/584 902/2109/584 906/2114/584
f 908/2116/585 902/2109/585 907/2115/585
f 909/2117/586 902/2118/586 908/2119/586
f 910/2120/587 902/2118/587 909/2117/587
f 911/2121/588 902/2118/588 910/2120/588
f 912/2122/589 902/2118/589 911/2121/589
f 913/2123/590 902/2124/590 912/2125/590
f 914/2126/591 902/2124/591 913/2123/591
f 915/2127/592 902/2124/592 914/2126/592
f 916/2128/593 902/2124/593 915/2127/593
f 917/2129/594 902/2124/594 916/2128/594
f 918/2130/595 902/2124/595 917/2129/595
f 919/2131/596 902/2124/596 918/2130/596
f 920/2132/597 902/2124/597 919/2131/597
f 921/2133/598 902/2124/598 920/2132/598
f 922/2134/599 902/2124/599 921/2133/599
f 923/2135/600 902/2136/600 922/2137/600
f 924/2138/601 902/2136/601 923/2135/601
f 925/2139/602 902/2136/602 924/2138/602
f 926/2140/603 902/2141/603 925/2142/603
f 927/2143/604 902/2141/604 926/2140/604
f 928/2144/605 902/2109/605 927/2145/605
f 929/2146/606 902/2109/606 928/2144/606
f 930/2147/607 902/2109/607 929/2146/607
f 931/2148/608 902/2109/608 930/2147/608
f 932/2149/609 902/2109/609 931/2148/609
f 901/2110/610 902/2109/610 932/2149/610
f 933/2150/611 934/2151/611 965/2152/611 964/2153/611 963/2154/611 962/2155/611 961/2156/611 960/2157/611 959/2158/611 958/2159/611 957/2160/611 956/2161/611 955/2162/611 954/2163/611 953/2164/611 952/2165/611 951/2166/611 950/2167/611 949/2168/611 948/2169/611 947/2170/611 946/2171/611 945/2172/611 944/2173/611 943/2174/611 942/2175/611 941/2176/611 940/2177/611 939/2178/611 938/2179/611 937/2180/611 936/2181/611
f 933/2182/612 935/2183/612 934/2184/612
f 936/2185/613 935/2183/613 933/2182/613
f 937/2186/614 935/2183/614 936/2185/614
f 938/2187/615 935/2183/615 937/2186/615
f 939/2188/616 935/2183/616 938/2187/616
f 940/2189/617 935/2183/617 939/2188/617
f 941/2190/618 935/2183/618 940/2189/618
f 942/2191/619 935/2192/619 941/2193/619
f 943/2194/620 935/2192/620 942/2191/620
f 944/2195/621 935/2192/621 943/2194/621
f 945/2196/622 935/2192/622 944/2195/622
f 946/2197/623 935/2198/623 945/2199/623
f 947/2200/624 935/2198/624 946/2197/624
f 948/2201/625 935/2198/625 947/2200/625
f 949/2202/626 935/2198/626 948/2201/626
f 950/2203/627 935/2198/627 949/2202/627
f 951/2204/628 935/2198/628 950/2203/628
f 952/2205/629 935/2198/629 951/2204/629
f 953/2206/630 935/2198/630 952/2205/630
f 954/2207/631 935/2198/631 953/2206/631
f 955/2208/632 935/2198/632 954/2207/632
f 956/2209/633 935/2198/633 955/2208/633
f 957/2210/634 935/2198/634 956/2209/634
f 958/2211/635 935/2198/635 957/2210/635
f 959/2212/636 935/2213/636 958/2214/636
f 960/2215/637 935/2213/637 959/2212/637
f 961/2216/638 935/2183/638 960/2217/638
f 962/2218/639 935/2183/639 961/2216/639
f 963/2219/640 935/2183/640 962/2218/640
f 964/2220/641 935/2183/641 963/2219/641
f 965/2221/642 935/2183/642 964/2220/642
f 934/2184/643 935/2183/643 965/2221/643
f 966/2222/644 967/2223/644 998/2224/644 997/2225/644 996/2226/644 995/2227/644 994/2228/644 993/2229/644 992/2230/644 991/2231/644 990/2232/644 989/2233/644 988/2234/644 987/2235/644 986/2236/644 985/2237/644 984/2238/644 983/2239/644 982/2240/644 981/2241/644 980/2242/644 979/2243/644 978/2244/644 977/2245/644 976/2246/644 975/2247/644 974/2248/644 973/2249/644 972/2250/644 971/2251/644 970/2252/644 969/2253/644
f 966/2254/645 968/2255/645 967/2256/645
f 969/2257/646 968/2255/646 966/2254/646
f 970/2258/647 968/2255/647 969/2257/647
f 971/2259/648 968/2255/648 970/2258/648
f 972/2260/649 968/2255/649 971/2259/649
f 973/2261/650 968/2255/650 972/2260/650
f 974/2262/651 968/2255/651 973/2261/651
f 975/2263/652 968/2255/652 974/2262/652
f 976/2264/653 968/2265/653 975/2266/653
f 977/2267/654 968/2265/654 976/2264/654
f 978/2268/655 968/2269/655 977/2270/655
f 979/2271/656 968/2269/656 978/2268/656
f 980/2272/657 968/2269/657 979/2271/657
f 981/2273/658 968/2269/658 980/2272/658
f 982/2274/659 968/2269/659 981/2273/659
f 983/2275/660 968/2269/660 982/2274/660
f 984/2276/661 968/2269/661 983/2275/661
f 985/2277/662 968/2269/662 984/2276/662
f 986/2278/663 968/2269/663 985/2277/663
f 987/2279/664 968/2269/664 986/2278/664
f 988/2280/665 968/2269/665 987/2279/665
f 989/2281/666 968/2269/666 988/2280/666
f 990/2282/667 968/2269/667 989/2281/667
f 991/2283/668 968/2269/668 990/2282/668
f 992/2284/669 968/2285/669 991/2286/669
f 993/2287/670 968/2285/670 992/2284/670
f 994/2288/671 968/2285/671 993/2287/671
f 995/2289/672 968/2255/672 994/2290/672
f 996/2291/673 968/2255/673 995/2289/673
f 997/2292/674 968/2255/674 996/2291/674
f 998/2293/675 968/2255/675 997/2292/675
f 967/2256/676 968/2255/676 998/2293/676
f 999/2294/677 1000/2295/677 1031/2296/677 1030/2297/677 1029/2298/677 1028/2299/677 1027/2300/677 1026/2301/677 1025/2302/677 1024/2303/677 1023/2304/677 1022/2305/677 1021/2306/677 1020/2307/677 1019/2308/677 1018/2309/677 1017/2310/677 1016/2311/677 1015/2312/677 1014/2313/677 1013/2314/677 1012/2315/677 1011/2316/677 1010/2317/677 1009/2318/677 1008/2319/677 1007/2320/677 1006/2321/677 1005/2322/677 1004/2323/677 1003/2324/677 1002/2325/677
f 999/2326/678 1001/2327/678 1000/2328/678
f 1002/2329/679 1001/2327/679 999/2326/679
f 1003/2330/647 1001/2327/647 1002/2329/647
f 1004/2331/680 1001/2327/680 1003/2330/680
f 1005/2332/681 1001/2327/681 1004/2331/681
f 1006/2333/682 1001/2327/682 1005/2332/682
f 1007/2334/683 1001/2327/683 1006/2333/683
f 1008/2335/684 1001/2327/684 1007/2334/684
f 1009/2336/685 1001/2337/685 1008/2338/685
f 1010/2339/686 1001/2337/686 1009/2336/686
f 1011/2340/687 1001/2341/687 1010/2342/687
f 1012/2343/688 1001/2341/688 1011/2340/688
f 1013/2344/689 1001/2341/689 1012/2343/689
f 1014/2345/690 1001/2341/690 1013/2344/690
f 1015/2346/691 1001/2341/691 1014/2345/691
f 1016/2347/692 1001/2341/692 1015/2346/692
f 1017/2348/693 1001/2341/693 1016/2347/693
f 1018/2349/694 1001/2341/694 1017/2348/694
f 1019/2350/695 1001/2341/695 1018/2349/695
f 1020/2351/696 1001/2341/696 1019/2350/696
f 1021/2352/697 1001/2341/697 1020/2351/697
f 1022/2353/698 1001/2341/698 1021/2352/698
f 1023/2354/699 1001/2341/699 1022/2353/699
f 1024/2355/700 1001/2341/700 1023/2354/700
f 1025/2356/701 1001/2357/701 1024/2358/701
f 1026/2359/702 1001/2357/702 1025/2356/702
f 1027/2360/703 1001/2357/703 1026/2359/703
f 1028/2361/704 1001/2327/704 1027/2362/704
f 1029/2363/705 1001/2327/705 1028/2361/705
f 1030/2364/706 1001/2327/706 1029/2363/706
f 1031/2365/707 1001/2327/707 1030/2364/707
f 1000/2328/676 1001/2327/676 1031/2365/676
f 1032/2366/708 1033/2367/708 1064/2368/708 1063/2369/708 1062/2370/708 1061/2371/708 1060/2372/708 1059/2373/708 1058/2374/708 1057/2375/708 1056/2376/708 1055/2377/708 1054/2378/708 1053/2379/708 1052/2380/708 1051/2381/708 1050/2382/708 1049/2383/708 1048/2384/708 1047/2385/708 1046/2386/708 1045/2387/708 1044/2388/708 1043/2389/708 1042/2390/708 1041/2391/708 1040/2392/708 1039/2393/708 1038/2394/708 1037/2395/708 1036/2396/708 1035/2397/708
f 1032/2398/709 1034/2399/709 1033/2400/709
f 1035/2401/710 1034/2399/710 1032/2398/710
f 1036/2402/711 1034/2399/711 1035/2401/711
f 1037/2403/712 1034/2399/712 1036/2402/712
f 1038/2404/713 1034/2399/713 1037/2403/713
f 1039/2405/714 1034/2399/714 1038/2404/714
f 1040/2406/715 1034/2399/715 1039/2405/715
f 1041/2407/716 1034/2408/716 1040/2409/716
f 1042/2410/717 1034/2408/717 1041/2407/717
f 1043/2411/718 1034/2408/718 1042/2410/718
f 1044/2412/719 1034/2413/719 1043/2414/719
f 1045/2415/720 1034/2413/720 1044/2412/720
f 1046/2416/721 1034/2413/721 1045/2415/721
f 1047/2417/722 1034/2413/722 1046/2416/722
f 1048/2418/723 1034/2413/723 1047/2417/723
f 1049/2419/724 1034/2413/724 1048/2418/724
f 1050/2420/725 1034/2413/725 1049/2419/725
f 1051/2421/726 1034/2413/726 1050/2420/726
f 1052/2422/727 1034/2413/727 1051/2421/727
f 1053/2423/728 1034/2413/728 1052/2422/728
f 1054/2424/729 1034/2413/729 1053/2423/729
f 1055/2425/730 1034/2413/730 1054/2424/730
f 1056/2426/731 1034/2413/731 1055/2425/731
f 1057/2427/732 1034/2413/732 1056/2426/732
f 1058/2428/733 1034/2429/733 1057/2430/733
f 1059/2431/734 1034/2429/734 1058/2428/734
f 1060/2432/735 1034/2429/735 1059/2431/735
f 1061/2433/736 1034/2399/736 1060/2434/736
f 1062/2435/737 1034/2399/737 1061/2433/737
f 1063/2436/738 1034/2399/738 1062/2435/738
f 1064/2437/739 1034/2399/739 1063/2436/739
f 1033/2400/740 1034/2399/740 1064/2437/740
f 1065/2438/741 1066/2439/741 1097/2440/741 1096/2441/741 1095/2442/741 1094/2443/741 1093/2444/741 1092/2445/741 1091/2446/741 1090/2447/741 1089/2448/741 1088/2449/741 1087/2450/741 1086/2451/741 1085/2452/741 1084/2453/741 1083/2454/741 1082/2455/741 1081/2456/741 1080/2457/741 1079/2458/741 1078/2459/741 1077/2460/741 1076/2461/741 1075/2462/741 1074/2463/741 1073/2464/741 1072/2465/741 1071/2466/741 1070/2467/741 1069/2468/741 1068/2469/741
f 1065/2470/742 1067/2471/742 1066/2472/742
f 1068/2473/743 1067/2471/743 1065/2470/743
f 1069/2474/744 1067/2471/744 1068/2473/744
f 1070/2475/745 1067/2471/745 1069/2474/745
f 1071/2476/746 1067/2471/746 1070/2475/746
f 1072/2477/747 1067/2471/747 1071/2476/747
f 1073/2478/748 1067/2471/748 1072/2477/748
f 1074/2479/749 1067/2480/749 1073/2481/749
f 1075/2482/750 1067/2480/750 1074/2479/750
f 1076/2483/751 1067/2480/751 1075/2482/751
f 1077/2484/752 1067/2485/752 1076/2486/752
f 1078/2487/753 1067/2485/753 1077/2484/753
f 1079/2488/754 1067/2485/754 1078/2487/754
f 1080/2489/755 1067/2485/755 1079/2488/755
f 1081/2490/756 1067/2485/756 1080/2489/756
f 1082/2491/757 1067/2485/757 1081/2490/757
f 1083/2492/758 1067/2485/758 1082/2491/758
f 1084/2493/759 1067/2485/759 1083/2492/759
f 1085/2494/760 1067/2485/760 1084/2493/760
f 1086/2495/761 1067/2485/761 1085/2494/761
f 1087/2496/762 1067/2485/762 1086/2495/762
f 1088/2497/763 1067/2485/763 1087/2496/763
f 1089/2498/764 1067/2485/764 1088/2497/764
f 1090/2499/765 1067/2485/765 1089/2498/765
f 1091/2500/766 1067/2501/766 1090/2502/766
f 1092/2503/767 1067/2501/767 1091/2500/767
f 1093/2504/768 1067/2471/768 1092/2505/768
f 1094/2506/769 1067/2471/769 1093/2504/769
f 1095/2507/770 1067/2471/770 1094/2506/770
f 1096/2508/771 1067/2471/771 1095/2507/771
f 1097/2509/772 1067/2471/772 1096/2508/772
f 1066/2472/773 1067/2471/773 1097/2509/773
f 1098/2510/774 1099/2511/774 1130/2512/774 1129/2513/774 1128/2514/774 1127/2515/774 1126/2516/774 1125/2517/774 1124/2518/774 1123/2519/774 1122/2520/774 1121/2521/774 1120/2522/774 1119/2523/774 1118/2524/774 1117/2525/774 1116/2526/774 1115/2527/774 1114/2528/774 1113/2529/774 1112/2530/774 1111/2531/774 1110/2532/774 1109/2533/774 1108/2534/774 1107/2535/774 1106/2536/774 1105/2537/774 1104/2538/774 1103/2539/774 1102/2540/774 1101/2541/774
f 1098/2542/775 1100/2543/775 1099/2544/775
f 1101/2545/776 1100/2543/776 1098/2542/776
f 1102/2546/777 1100/2543/777 1101/2545/777
f 1103/2547/778 1100/2543/778 1102/2546/778
f 1104/2548/779 1100/2543/779 1103/2547/779
f 1105/2549/780 1100/2543/780 1104/2548/780
f 1106/2550/781 1100/2543/781 1105/2549/781
f 1107/2551/782 1100/2552/782 1106/2553/782
f 1108/2554/783 1100/2552/783 1107/2551/783
f 1109/2555/784 1100/2552/784 1108/2554/784
f 1110/2556/785 1100/2552/785 1109/2555/785
f 1111/2557/786 1100/2558/786 1110/2559/786
f 1112/2560/787 1100/2558/787 1111/2557/787
f 1113/2561/788 1100/2558/788 1112/2560/788
f 1114/2562/789 1100/2558/789 1113/2561/789
f 1115/2563/790 1100/2558/790 1114/2562/790
f 1116/2564/791 1100/2558/791 1115/2563/791
f 1117/2565/792 1100/2558/792 1116/2564/792
f 1118/2566/793 1100/2558/793 1117/2565/793
f 1119/2567/794 1100/2558/794 1118/2566/794
f 1120/2568/795 1100/2558/795 1119/2567/795
f 1121/2569/796 1100/2558/796 1120/2568/796
f 1122/2570/797 1100/2558/797 1121/2569/797
f 1123/2571/798 1100/2572/798 1122/2573/798
f 1124/2574/799 1100/2572/799 1123/2571/799
f 1125/2575/800 1100/2572/800 1124/2574/800
f 1126/2576/801 1100/2543/801 1125/2577/801
f 1127/2578/802 1100/2543/802 1126/2576/802
f 1128/2579/803 1100/2543/803 1127/2578/803
f 1129/2580/804 1100/2543/804 1128/2579/804
f 1130/2581/805 1100/2543/805 1129/2580/805
f 1099/2544/806 1100/2543/806 1130/2581/806
f 1131/2582/807 1132/2583/807 1163/2584/807 1162/2585/807 1161/2586/807 1160/2587/807 1159/2588/807 1158/2589/807 1157/2590/807 1156/2591/807 1155/2592/807 1154/2593/807 1153/2594/807 1152/2595/807 1151/2596/807 1150/2597/807 1149/2598/807 1148/2599/807 1147/2600/807 1146/2601/807 1145/2602/807 1144/2603/807 1143/2604/807 1142/2605/807 1141/2606/807 1140/2607/807 1139/2608/807 1138/2609/807 1137/2610/807 1136/2611/807 1135/2612/807 1134/2613/807
f 1131/2614/808 1133/2615/808 1132/2616/808
f 1134/2617/809 1133/2615/809 1131/2614/809
f 1135/2618/810 1133/2615/810 1134/2617/810
f 1136/2619/811 1133/2615/811 1135/2618/811
f 1137/2620/812 1133/2615/812 1136/2619/812
f 1138/2621/813 1133/2615/813 1137/2620/813
f 1139/2622/814 1133/2615/814 1138/2621/814
f 1140/2623/815 1133/2624/815 1139/2625/815
f 1141/2626/816 1133/2624/816 1140/2623/816
f 1142/2627/817 1133/2624/817 1141/2626/817
f 1143/2628/818 1133/2624/818 1142/2627/818
f 1144/2629/819 1133/2630/819 1143/2631/819
f 1145/2632/820 1133/2630/820 1144/2629/820
f 1146/2633/821 1133/2630/821 1145/2632/821
f 1147/2634/822 1133/2630/822 1146/2633/822
f 1148/2635/823 1133/2630/823 1147/2634/823
f 1149/2636/824 1133/2630/824 1148/2635/824
f 1150/2637/825 1133/2630/825 1149/2636/825
f 1151/2638/826 1133/2630/826 1150/2637/826
f 1152/2639/827 1133/2630/827 1151/2638/827
f 1153/2640/828 1133/2630/828 1152/2639/828
f 1154/2641/829 1133/2630/829 1153/2640/829
f 1155/2642/830 1133/2630/830 1154/2641/830
f 1156/2643/831 1133/2630/831 1155/2642/831
f 1157/2644/832 1133/2645/832 1156/2646/832
f 1158/2647/833 1133/2645/833 1157/2644/833
f 1159/2648/834 1133/2615/834 1158/2649/834
f 1160/2650/835 1133/2615/835 1159/2648/835
f 1161/2651/836 1133/2615/836 1160/2650/836
f 1162/2652/837 1133/2615/837 1161/2651/837
f 1163/2653/838 1133/2615/838 1162/2652/838
f 1132/2616/839 1133/2615/839 1163/2653/839
f 1164/2654/840 1165/2655/840 1196/2656/840 1195/2657/840 1194/2658/840 1193/2659/840 1192/2660/840 1191/2661/840 1190/2662/840 1189/2663/840 1188/2664/840 1187/2665/840 1186/2666/840 1185/2667/840 1184/2668/840 1183/2669/840 1182/2670/840 1181/2671/840 1180/2672/840 1179/2673/840 1178/2674/840 1177/2675/840 1176/2676/840 1175/2677/840 1174/2678/840 1173/2679/840 1172/2680/840 1171/2681/840 1170/2682/840 1169/2683/840 1168/2684/840 1167/2685/840
f 1164/2686/841 1166/2687/841 1165/2688/841
f 1167/2689/842 1166/2687/842 1164/2686/842
f 1168/2690/843 1166/2687/843 1167/2689/843
f 1169/2691/844 1166/2687/844 1168/2690/844
f 1170/2692/845 1166/2687/845 1169/2691/845
f 1171/2693/846 1166/2687/846 1170/2692/846
f 1172/2694/847 1166/2695/847 1171/2696/847
f 1173/2697/848 1166/2698/848 1172/2699/848
f 1174/2700/849 1166/2698/849 1173/2697/849
f 1175/2701/850 1166/2698/850 1174/2700/850
f 1176/2702/851 1166/2703/851 1175/2704/851
f 1177/2705/852 1166/2703/852 1176/2702/852
f 1178/2706/853 1166/2703/853 1177/2705/853
f 1179/2707/854 1166/2703/854 1178/2706/854
f 1180/2708/855 1166/2703/855 1179/2707/855
f 1181/2709/856 1166/2703/856 1180/2708/856
f 1182/2710/857 1166/2703/857 1181/2709/857
f 1183/2711/858 1166/2703/858 1182/2710/858
f 1184/2712/859 1166/2703/859 1183/2711/859
f 1185/2713/860 1166/2703/860 1184/2712/860
f 1186/2714/861 1166/2703/861 1185/2713/861
f 1187/2715/862 1166/2703/862 1186/2714/862
f 1188/2716/863 1166/2703/863 1187/2715/863
f 1189/2717/864 1166/1972/864 1188/2718/864
f 1190/2719/865 1166/1972/865 1189/2717/865
f 1191/2720/866 1166/1972/866 1190/2719/866
f 1192/2721/867 1166/1972/867 1191/2720/867
f 1193/2722/868 1166/2687/868 1192/2723/868
f 1194/2724/869 1166/2687/869 1193/2722/869
f 1195/2725/870 1166/2687/870 1194/2724/870
f 1196/2726/871 1166/2687/871 1195/2725/871
f 1165/2688/872 1166/2687/872 1196/2726/872
f 1197/2727/873 1198/2728/873 1229/2729/873 1228/2730/873 1227/2731/873 1226/2732/873 1225/2733/873 1224/2734/873 1223/2735/873 1222/2736/873 1221/2737/873 1220/2738/873 1219/2739/873 1218/2740/873 1217/2741/873 1216/2742/873 1215/2743/873 1214/2744/873 1213/2745/873 1212/2746/873 1211/2747/873 1210/2748/873 1209/2749/873 1208/2750/873 1207/2751/873 1206/2752/873 1205/2753/873 1204/2754/873 1203/2755/873 1202/2756/873 1201/2757/873 1200/2758/873
f 1197/2759/874 1199/2760/874 1198/2761/874
f 1200/2762/875 1199/2760/875 1197/2759/875
f 1201/2763/876 1199/2760/876 1200/2762/876
f 1202/2764/877 1199/2760/877 1201/2763/877
f 1203/2765/878 1199/2760/878 1202/2764/878
f 1204/2766/879 1199/2760/879 1203/2765/879
f 1205/2767/880 1199/2760/880 1204/2766/880
f 1206/2768/881 1199/2760/881 1205/2767/881
f 1207/2769/882 1199/2770/882 1206/2771/882
f 1208/2772/883 1199/2770/883 1207/2769/883
f 1209/2773/884 1199/2770/884 1208/2772/884
f 1210/2774/885 1199/2775/885 1209/2776/885
f 1211/2777/886 1199/2775/886 1210/2774/886
f 1212/2778/887 1199/2775/887 1211/2777/887
f 1213/2779/888 1199/2775/888 1212/2778/888
f 1214/2780/889 1199/2775/889 1213/2779/889
f 1215/2781/890 1199/2775/890 1214/2780/890
f 1216/2782/891 1199/2775/891 1215/2781/891
f 1217/2783/892 1199/2775/892 1216/2782/892
f 1218/2784/893 1199/2775/893 1217/2783/893
f 1219/2785/894 1199/2775/894 1218/2784/894
f 1220/2786/895 1199/2775/895 1219/2785/895
f 1221/1659/896 1199/2775/896 1220/2786/896
f 1222/2787/897 1199/2788/897 1221/2789/897
f 1223/2790/898 1199/2788/898 1222/2787/898
f 1224/2791/899 1199/2788/899 1223/2790/899
f 1225/2792/900 1199/2760/900 1224/2793/900
f 1226/2794/901 1199/2760/901 1225/2792/901
f 1227/2795/902 1199/2760/902 1226/2794/902
f 1228/2796/903 1199/2760/903 1227/2795/903
f 1229/2797/904 1199/2760/904 1228/2796/904
f 1198/2761/905 1199/2760/905 1229/2797/905
f 1230/2798/906 1231/2799/906 1262/2800/906 1261/2801/906 1260/2802/906 1259/2803/906 1258/2804/906 1257/2805/906 1256/2806/906 1255/2807/906 1254/2808/906 1253/2809/906 1252/2810/906 1251/2811/906 1250/2812/906 1249/2813/906 1248/2814/906 1247/2815/906 1246/2816/906 1245/2817/906 1244/2818/906 1243/2819/906 1242/2820/906 1241/2821/906 1240/2822/906 1239/2823/906 1238/2824/906 1237/2825/906 1236/2826/906 1235/2827/906 1234/2828/906 1233/2829/906
f 1230/2830/907 1232/2831/907 1231/2832/907
f 1233/2833/908 1232/2831/908 1230/2830/908
f 1234/2834/909 1232/2831/909 1233/2833/909
f 1235/2835/910 1232/2831/910 1234/2834/910
f 1236/2836/911 1232/2831/911 1235/2835/911
f 1237/2837/912 1232/2831/912 1236/2836/912
f 1238/2838/913 1232/2831/913 1237/2837/913
f 1239/2839/914 1232/2840/914 1238/2841/914
f 1240/2842/915 1232/2843/915 1239/2844/915
f 1241/2845/916 1232/2843/916 1240/2842/916
f 1242/2846/917 1232/2847/917 1241/2848/917
f 1243/2849/918 1232/2847/918 1242/2846/918
f 1244/2850/919 1232/2847/919 1243/2849/919
f 1245/2851/920 1232/2847/920 1244/2850/920
f 1246/2852/921 1232/2847/921 1245/2851/921
f 1247/2853/922 1232/2847/922 1246/2852/922
f 1248/2854/923 1232/2847/923 1247/2853/923
f 1249/2855/924 1232/2847/924 1248/2854/924
f 1250/2856/925 1232/2847/925 1249/2855/925
f 1251/2857/926 1232/2847/926 1250/2856/926
f 1252/2858/927 1232/2847/927 1251/2857/927
f 1253/2859/928 1232/2847/928 1252/2858/928
f 1254/2860/929 1232/2847/929 1253/2859/929
f 1255/2861/930 1232/2862/930 1254/2863/930
f 1256/2864/931 1232/2862/931 1255/2861/931
f 1257/2865/932 1232/2862/932 1256/2864/932
f 1258/2866/933 1232/2831/933 1257/2867/933
f 1259/2868/934 1232/2831/934 1258/2866/934
f 1260/2869/935 1232/2831/935 1259/2868/935
f 1261/2870/936 1232/2831/936 1260/2869/936
f 1262/2871/937 1232/2831/937 1261/2870/937
f 1231/2832/938 1232/2831/938 1262/2871/938
f 1263/2872/939 1264/2873/939 1265/2874/939
f 1263/2872/940 1267/2875/940 1264/2873/940
f 1263/2872/941 1265/2874/941 1266/2876/941
f 1263/2872/942 1266/2876/942 1268/2877/942
f 1267/2875/943 1263/2872/943 1268/2877/943
f 1271/2878/944 1268/2877/944 1269/2879/944
f 1268/2877/945 1270/2880/945 1269/2879/945
f 1268/2877/946 1266/2876/946 1270/2880/946
f 1271/2878/947 1267/2875/947 1268/2877/947
f 1272/2881/948 1271/2882/948 1273/2883/948
f 1272/2884/949 1267/2875/949 1271/2878/949
f 1271/2878/950 1269/2879/950 1274/2885/950
f 1273/2883/951 1271/2882/951 1274/2886/951
f 1273/2883/952 1274/2886/952 1275/2887/952
f 1274/2888/953 1276/2889/953 1275/2890/953
f 1269/2891/954 1277/2892/954 1274/2893/954
f 1274/2893/955 1277/2892/955 1276/2894/955
f 1269/2879/956 1270/2880/956 1277/2895/956
f 1277/2896/957 1279/2897/957 1278/2898/957
f 1277/2899/958 1278/2900/958 1276/2889/958
f 1277/2895/959 1270/2880/959 1279/2901/959
f 1279/2897/960 1281/2902/960 1278/2898/960
f 1270/2880/961 1280/2903/961 1279/2901/961
f 1280/2903/962 1282/2904/962 1279/2901/962
f 1279/2897/963 1282/2905/963 1281/2902/963
f 1280/2903/964 1285/2906/964 1282/2904/964
f 1282/2905/965 1284/2907/965 1283/2908/965
f 1282/2905/966 1283/2908/966 1281/2902/966
f 1282/2904/967 1285/2906/967 1284/2909/967
f 1266/2876/968 1285/2906/968 1280/2903/968
f 1265/2874/969 1286/2910/969 1285/2906/969
f 1285/2906/970 1286/2910/970 1284/2909/970
f 1266/2876/971 1265/2874/971 1285/2906/971
f 1265/2874/972 1287/2911/972 1286/2910/972
f 1286/2910/973 1287/2911/973 1288/2912/973
f 1286/2913/974 1288/2914/974 1284/2915/974
f 1288/2916/975 1291/2917/975 1289/2918/975
f 1288/2919/976 1289/2920/976 1290/2921/976
f 1284/2915/977 1288/2914/977 1290/2922/977
f 1288/2916/978 1287/2923/978 1291/2917/978
f 1291/2924/979 1293/2925/979 1289/2920/979
f 1287/2911/980 1292/2926/980 1291/2927/980
f 1292/2928/981 1294/2929/981 1291/2930/981
f 1291/2924/982 1294/2931/982 1293/2925/982
f 1292/2928/983 1297/2932/983 1294/2929/983
f 1294/2931/984 1296/2933/984 1295/2934/984
f 1294/2931/985 1295/2934/985 1293/2925/985
f 1294/2929/986 1297/2932/986 1296/2935/986
f 1264/2873/987 1297/2936/987 1292/2926/987
f 1267/2875/988 1272/2884/988 1297/2936/988
f 1297/2932/989 1272/2937/989 1296/2935/989
f 1264/2873/990 1267/2875/990 1297/2936/990
f 1296/2933/991 1298/2938/991 1295/2934/991
f 1272/2937/992 1273/2939/992 1296/2935/992
f 1296/2933/993 1273/2940/993 1298/2938/993
f 1295/2934/994 1298/2938/994 1299/2941/994
f 1273/2940/995 1275/2890/995 1298/2938/995
f 1298/2938/996 1275/2890/996 1300/2942/996
f 1299/2941/997 1298/2938/997 1300/2942/997
f 1299/2941/998 1300/2942/998 1301/2943/998
f 1300/2942/999 1302/2944/999 1301/2943/999
f 1275/2890/1000 1276/2889/1000 1300/2942/1000
f 1300/2942/1001 1276/2889/1001 1302/2944/1001
f 1276/2889/1002 1278/2900/1002 1302/2944/1002
f 1278/2900/1003 1281/2945/1003 1302/2944/1003
f 1302/2944/1004 1303/2946/1004 1301/2943/1004
f 1302/2944/1005 1281/2945/1005 1303/2946/1005
f 1281/2945/1006 1283/2947/1006 1303/2946/1006
f 1283/2947/1007 1290/2921/1007 1303/2946/1007
f 1303/2946/1008 1304/2948/1008 1301/2943/1008
f 1303/2946/1009 1290/2921/1009 1304/2948/1009
f 1290/2921/1010 1289/2920/1010 1304/2948/1010
f 1289/2920/1011 1293/2925/1011 1304/2948/1011
f 1304/2948/1012 1299/2941/1012 1301/2943/1012
f 1304/2948/1013 1293/2925/1013 1299/2941/1013
f 1293/2925/1014 1295/2934/1014 1299/2941/1014
f 1264/2873/1015 1292/2926/1015 1287/2911/1015
f 1284/2949/1016 1290/2921/1016 1283/2947/1016
f 1265/2874/1017 1264/2873/1017 1287/2911/1017
f 1266/2876/1018 1280/2903/1018 1270/2880/1018
f 1306/2950/1019 1309/2951/1019 1308/2952/1019 1305/2953/1019
f 1305/2954/1020 1307/2955/1020 1312/2956/1020 1306/2957/1020
f 1308/2958/1021 1310/2959/1021 1307/2960/1021 1305/2961/1021
f 1309/2962/1022 1311/2963/1022 1310/2964/1022 1308/2965/1022
f 1311/2966/1023 1312/2967/1023 1307/2968/1023 1310/2969/1023
f 1306/2970/1024 1312/2971/1024 1311/2972/1024 1309/2973/1024
