# Blender 4.3.0
# www.blender.org
mtllib CookieImpactor.mtl
o Cube.002
v 0.716149 2.099988 -0.125626
v 0.648204 2.100552 -0.125004
v 0.718779 2.281396 -0.002718
v 0.650834 2.281960 -0.002096
v 0.716487 2.035282 -0.030129
v 0.648542 2.035845 -0.029507
v 0.719117 2.216689 0.092779
v 0.651172 2.217253 0.093401
v -0.401294 3.934136 0.005108
v -0.594124 3.341483 0.003218
v -0.698483 2.567145 0.002195
v -0.711913 2.148076 0.002063
v -0.698483 1.729007 0.002195
v -0.594124 0.954669 0.003218
v -0.145912 4.254877 -0.075611
v -0.273721 4.132639 -0.156889
v -0.391509 3.934136 -0.231795
v -0.494751 3.666995 -0.297451
v -0.579481 3.341483 -0.351334
v -0.642440 2.970109 -0.391372
v -0.681210 2.567145 -0.416028
v -0.694301 2.148076 -0.424353
v -0.681210 1.729007 -0.416028
v -0.642440 1.326043 -0.391372
v -0.579480 0.954669 -0.351334
v -0.494751 0.629157 -0.297451
v -0.391509 0.362016 -0.231795
v -0.273721 0.163512 -0.156889
v -0.145912 0.041275 -0.075611
v -0.137369 4.254877 -0.155552
v -0.256961 4.132639 -0.313699
v -0.367178 3.934136 -0.459449
v -0.463784 3.666995 -0.587199
v -0.543067 3.341483 -0.692041
v -0.601979 2.970109 -0.769946
v -0.638258 2.567145 -0.817919
v -0.650507 2.148076 -0.834118
v -0.638257 1.729007 -0.817919
v -0.601979 1.326043 -0.769946
v -0.543067 0.954669 -0.692041
v -0.463784 0.629157 -0.587199
v -0.367178 0.362016 -0.459449
v -0.256961 0.163513 -0.313699
v -0.137369 0.041275 -0.155552
v -0.124045 4.254877 -0.229173
v -0.230827 4.132639 -0.458112
v -0.329237 3.934136 -0.669103
v -0.415494 3.666995 -0.854039
v -0.486283 3.341483 -1.005811
v -0.538885 2.970109 -1.118589
v -0.571276 2.567145 -1.188037
v -0.582214 2.148076 -1.211486
v -0.571276 1.729007 -1.188037
v -0.538885 1.326043 -1.118589
v -0.486283 0.954669 -1.005811
v -0.415494 0.629157 -0.854039
v -0.329237 0.362016 -0.669103
v -0.230827 0.163512 -0.458112
v -0.124045 0.041275 -0.229173
v -0.106454 4.254877 -0.293644
v -0.196321 4.132639 -0.584577
v -0.279142 3.934136 -0.852702
v -0.351736 3.666995 -1.087716
v -0.411312 3.341483 -1.280586
v -0.455581 2.970109 -1.423902
v -0.482841 2.567145 -1.512155
v -0.492046 2.148076 -1.541955
v -0.482841 1.729007 -1.512155
v -0.455580 1.326043 -1.423902
v -0.411312 0.954669 -1.280586
v -0.351736 0.629157 -1.087715
v -0.279142 0.362016 -0.852702
v -0.196321 0.163512 -0.584577
v -0.106454 0.041275 -0.293644
v -0.085272 4.254877 -0.346488
v -0.154770 4.132639 -0.688234
v -0.218820 3.934136 -1.003189
v -0.274960 3.666995 -1.279249
v -0.321033 3.341483 -1.505806
v -0.355268 2.970109 -1.674153
v -0.376350 2.567145 -1.777820
v -0.383469 2.148076 -1.812824
v -0.376350 1.729007 -1.777820
v -0.355268 1.326043 -1.674152
v -0.321033 0.954669 -1.505806
v -0.274960 0.629157 -1.279249
v -0.218820 0.362016 -1.003189
v -0.154770 0.163512 -0.688234
v -0.085272 0.041275 -0.346488
v -0.012997 4.296152 0.008916
v -0.061312 4.254877 -0.385674
v -0.107771 4.132639 -0.765100
v -0.150588 3.934136 -1.114781
v -0.188117 3.666995 -1.421279
v -0.218916 3.341483 -1.672816
v -0.241802 2.970109 -1.859724
v -0.255895 2.567145 -1.974822
v -0.260654 2.148076 -2.013686
v -0.255895 1.729007 -1.974822
v -0.241802 1.326043 -1.859724
v -0.218916 0.954669 -1.672816
v -0.188117 0.629157 -1.421279
v -0.150588 0.362016 -1.114781
v -0.107771 0.163512 -0.765100
v -0.061312 0.041275 -0.385674
v -0.035496 4.254877 -0.409696
v -0.057130 4.132639 -0.812221
v -0.077068 3.934136 -1.183191
v -0.094544 3.666995 -1.508348
v -0.108886 3.341483 -1.775198
v -0.119544 2.970109 -1.973485
v -0.126106 2.567145 -2.095590
v -0.128322 2.148076 -2.136819
v -0.126106 1.729007 -2.095590
v -0.119544 1.326043 -1.973485
v -0.108886 0.954669 -1.775198
v -0.094544 0.629157 -1.508348
v -0.077068 0.362016 -1.183191
v -0.057130 0.163512 -0.812221
v -0.035496 0.041275 -0.409696
v -0.008814 4.254877 -0.417632
v -0.004793 4.132639 -0.827787
v -0.001086 3.934136 -1.205788
v 0.002162 3.666995 -1.537109
v 0.004829 3.341483 -1.809017
v 0.006809 2.970109 -2.011063
v 0.008030 2.567145 -2.135482
v 0.008441 2.148076 -2.177493
v 0.008030 1.729007 -2.135482
v 0.006809 1.326043 -2.011063
v 0.004829 0.954669 -1.809017
v 0.002162 0.629157 -1.537109
v -0.001086 0.362016 -1.205788
v -0.004793 0.163512 -0.827787
v -0.008814 0.041275 -0.417631
v 0.017706 4.254877 -0.409175
v 0.047229 4.132639 -0.811198
v 0.074438 3.934136 -1.181705
v 0.098286 3.666995 -1.506457
v 0.117858 3.341483 -1.772974
v 0.132402 2.970109 -1.971015
v 0.141357 2.567145 -2.092967
v 0.144381 2.148076 -2.134145
v 0.141357 1.729007 -2.092967
v 0.132402 1.326043 -1.971014
v 0.117858 0.954669 -1.772974
v 0.098286 0.629157 -1.506457
v 0.074438 0.362016 -1.181705
v 0.047229 0.163512 -0.811198
v 0.017706 0.041275 -0.409175
v 0.043047 4.254877 -0.384651
v 0.096937 4.132639 -0.763093
v 0.146602 3.934136 -1.111867
v 0.190134 3.666995 -1.417571
v 0.225859 3.341483 -1.668454
v 0.252406 2.970109 -1.854878
v 0.268753 2.567145 -1.969677
v 0.274273 2.148076 -2.008440
v 0.268753 1.729007 -1.969677
v 0.252406 1.326043 -1.854878
v 0.225859 0.954669 -1.668454
v 0.190134 0.629157 -1.417570
v 0.146602 0.362016 -1.111867
v 0.096937 0.163512 -0.763093
v 0.043047 0.041275 -0.384651
v 0.066234 4.254877 -0.345002
v 0.142420 4.132639 -0.685320
v 0.212633 3.934136 -0.998958
v 0.274175 3.666995 -1.273865
v 0.324682 3.341483 -1.499474
v 0.362211 2.970109 -1.667118
v 0.385322 2.567145 -1.770352
v 0.393125 2.148076 -1.805209
v 0.385322 1.729007 -1.770352
v 0.362211 1.326043 -1.667118
v 0.324682 0.954669 -1.499474
v 0.274175 0.629157 -1.273865
v 0.212633 0.362016 -0.998958
v 0.142420 0.163512 -0.685320
v 0.066234 0.041275 -0.345002
v 0.086376 4.254877 -0.291753
v 0.181930 4.132639 -0.580868
v 0.269993 3.934136 -0.847317
v 0.347180 3.666995 -1.080862
v 0.410527 3.341483 -1.272527
v 0.457597 2.970109 -1.414948
v 0.486583 2.567145 -1.502650
v 0.496371 2.148076 -1.532262
v 0.486583 1.729007 -1.502650
v 0.457597 1.326043 -1.414948
v 0.410527 0.954669 -1.272527
v 0.347180 0.629157 -1.080862
v 0.269993 0.362016 -0.847317
v 0.181930 0.163513 -0.580868
v 0.086376 0.041275 -0.291753
v 0.102699 4.254877 -0.226949
v 0.213949 4.132639 -0.453751
v 0.316478 3.934136 -0.662771
v 0.406344 3.666995 -0.845981
v 0.480096 3.341483 -0.996335
v 0.534899 2.970109 -1.108060
v 0.568646 2.567145 -1.176859
v 0.580041 2.148076 -1.200089
v 0.568646 1.729007 -1.176859
v 0.534899 1.326043 -1.108060
v 0.480096 0.954669 -0.996336
v 0.406344 0.629157 -0.845980
v 0.316477 0.362016 -0.662772
v 0.213949 0.163512 -0.453751
v 0.102699 0.041275 -0.226949
v 0.114576 4.254877 -0.153082
v 0.237247 4.132639 -0.308854
v 0.350301 3.934136 -0.452413
v 0.449393 3.666995 -0.578245
v 0.530716 3.341483 -0.681512
v 0.591145 2.970109 -0.758247
v 0.628357 2.567145 -0.805500
v 0.640921 2.148076 -0.821455
v 0.628357 1.729007 -0.805500
v 0.591145 1.326043 -0.758247
v 0.530716 0.954669 -0.681512
v 0.449393 0.629157 -0.578245
v 0.350301 0.362016 -0.452413
v 0.237247 0.163512 -0.308854
v 0.114576 0.041275 -0.153081
v 0.121551 4.254877 -0.072988
v 0.250928 4.132639 -0.151745
v 0.370163 3.934136 -0.224327
v 0.474673 3.666995 -0.287946
v 0.560442 3.341483 -0.340156
v 0.624174 2.970109 -0.378953
v 0.663420 2.567145 -0.402843
v 0.676672 2.148076 -0.410909
v 0.663420 1.729007 -0.402843
v 0.624174 1.326043 -0.378953
v 0.560442 0.954669 -0.340156
v 0.474673 0.629157 -0.287946
v 0.370163 0.362016 -0.224327
v 0.250928 0.163512 -0.151745
v 0.121551 0.041275 -0.072988
v 0.123355 4.254877 0.010253
v 0.254467 4.132639 0.011538
v 0.375300 3.934136 0.012723
v 0.481212 3.666995 0.013762
v 0.568131 3.341483 0.014614
v 0.632718 2.970109 0.015247
v 0.672490 2.567145 0.015637
v 0.685919 2.148076 0.015769
v 0.672490 1.729007 0.015637
v 0.632718 1.326043 0.015247
v 0.568131 0.954669 0.014614
v 0.481212 0.629157 0.013762
v 0.375300 0.362016 0.012723
v 0.254467 0.163512 0.011538
v 0.123355 0.041275 0.010253
v 0.119919 4.254877 0.093442
v 0.247727 4.132639 0.174721
v 0.365516 3.934136 0.249627
v 0.468758 3.666995 0.315283
v 0.553487 3.341483 0.369166
v 0.616446 2.970109 0.409204
v 0.655217 2.567145 0.433859
v 0.668307 2.148076 0.442185
v 0.655216 1.729007 0.433859
v 0.616446 1.326043 0.409204
v 0.553487 0.954669 0.369166
v 0.468758 0.629157 0.315283
v 0.365516 0.362016 0.249627
v 0.247727 0.163512 0.174721
v 0.119919 0.041275 0.093442
v 0.111375 4.254877 0.173383
v 0.230968 4.132639 0.331531
v 0.341185 3.934136 0.477280
v 0.437791 3.666995 0.605031
v 0.517074 3.341483 0.709873
v 0.575986 2.970109 0.787777
v 0.612264 2.567145 0.835751
v 0.624513 2.148076 0.851950
v 0.612264 1.729007 0.835751
v 0.575986 1.326043 0.787777
v 0.517074 0.954669 0.709873
v 0.437791 0.629157 0.605031
v 0.341185 0.362016 0.477280
v 0.230968 0.163512 0.331531
v 0.111375 0.041275 0.173384
v 0.098052 4.254877 0.247004
v 0.204833 4.132639 0.475943
v 0.303243 3.934136 0.686935
v 0.389501 3.666995 0.871870
v 0.460290 3.341483 1.023643
v 0.512891 2.970109 1.136420
v 0.545283 2.567145 1.205868
v 0.556220 2.148076 1.229318
v 0.545283 1.729007 1.205868
v 0.512891 1.326043 1.136420
v 0.460290 0.954669 1.023643
v 0.389501 0.629157 0.871870
v 0.303243 0.362016 0.686935
v 0.204833 0.163512 0.475943
v 0.098052 0.041275 0.247004
v 0.080461 4.254877 0.311475
v 0.170328 4.132639 0.602408
v 0.253149 3.934136 0.870533
v 0.325742 3.666995 1.105547
v 0.385318 3.341483 1.298417
v 0.429587 2.970109 1.441733
v 0.456848 2.567145 1.529987
v 0.466052 2.148076 1.559786
v 0.456848 1.729007 1.529987
v 0.429587 1.326043 1.441733
v 0.385318 0.954669 1.298417
v 0.325742 0.629157 1.105547
v 0.253149 0.362016 0.870533
v 0.170328 0.163512 0.602408
v 0.080461 0.041275 0.311475
v -0.012997 0.000000 0.008916
v 0.059279 4.254877 0.364319
v 0.128777 4.132639 0.706066
v 0.192826 3.934136 1.021020
v 0.248967 3.666995 1.297080
v 0.295039 3.341483 1.523637
v 0.329275 2.970109 1.691984
v 0.350357 2.567145 1.795651
v 0.357475 2.148076 1.830655
v 0.350357 1.729007 1.795652
v 0.329275 1.326043 1.691984
v 0.295039 0.954669 1.523637
v 0.248967 0.629157 1.297081
v 0.192826 0.362016 1.021020
v 0.128777 0.163512 0.706066
v 0.059279 0.041275 0.364319
v 0.035319 4.254877 0.403505
v 0.081778 4.132639 0.782932
v 0.124594 3.934136 1.132612
v 0.162124 3.666995 1.439111
v 0.192923 3.341483 1.690647
v 0.215809 2.970109 1.877555
v 0.229902 2.567145 1.992653
v 0.234660 2.148076 2.031516
v 0.229902 1.729007 1.992653
v 0.215809 1.326043 1.877555
v 0.192923 0.954669 1.690647
v 0.162124 0.629157 1.439111
v 0.124594 0.362016 1.132612
v 0.081778 0.163512 0.782932
v 0.035319 0.041275 0.403505
v 0.009502 4.254877 0.427527
v 0.031137 4.132639 0.830053
v 0.051075 3.934136 1.201022
v 0.068551 3.666995 1.526179
v 0.082893 3.341483 1.793029
v 0.093550 2.970109 1.991316
v 0.100113 2.567145 2.113421
v 0.102329 2.148076 2.154650
v 0.100113 1.729007 2.113420
v 0.093550 1.326043 1.991316
v 0.082893 0.954669 1.793029
v 0.068551 0.629157 1.526179
v 0.051075 0.362016 1.201021
v 0.031137 0.163513 0.830053
v 0.009502 0.041275 0.427528
v -0.017179 4.254877 0.435463
v -0.021201 4.132639 0.845618
v -0.024907 3.934136 1.223619
v -0.028156 3.666995 1.554940
v -0.030822 3.341483 1.826848
v -0.032803 2.970109 2.028894
v -0.034023 2.567145 2.153313
v -0.034435 2.148076 2.195323
v -0.034023 1.729007 2.153313
v -0.032803 1.326043 2.028894
v -0.030822 0.954669 1.826848
v -0.028156 0.629157 1.554940
v -0.024907 0.362016 1.223619
v -0.021201 0.163512 0.845618
v -0.017179 0.041275 0.435463
v -0.043700 4.254877 0.427006
v -0.073223 4.132639 0.829029
v -0.100431 3.934136 1.199536
v -0.124280 3.666995 1.524289
v -0.143852 3.341483 1.790805
v -0.158395 2.970109 1.988845
v -0.167351 2.567145 2.110798
v -0.170375 2.148076 2.151975
v -0.167351 1.729007 2.110797
v -0.158395 1.326043 1.988845
v -0.143852 0.954669 1.790805
v -0.124280 0.629157 1.524289
v -0.100431 0.362016 1.199536
v -0.073223 0.163513 0.829030
v -0.043700 0.041275 0.427006
v -0.069040 4.254877 0.402482
v -0.122930 4.132639 0.780924
v -0.172595 3.934136 1.129698
v -0.216127 3.666995 1.435402
v -0.251853 3.341483 1.686285
v -0.278399 2.970109 1.872709
v -0.294747 2.567145 1.987508
v -0.300266 2.148076 2.026270
v -0.294747 1.729007 1.987508
v -0.278399 1.326043 1.872709
v -0.251853 0.954669 1.686285
v -0.216127 0.629157 1.435402
v -0.172595 0.362016 1.129698
v -0.122930 0.163513 0.780924
v -0.069040 0.041275 0.402482
v -0.092227 4.254877 0.362834
v -0.168413 4.132639 0.703151
v -0.238626 3.934136 1.016789
v -0.300168 3.666995 1.291696
v -0.350675 3.341483 1.517305
v -0.388204 2.970109 1.684949
v -0.411315 2.567145 1.788183
v -0.419119 2.148076 1.823039
v -0.411315 1.729007 1.788182
v -0.388204 1.326043 1.684949
v -0.350675 0.954669 1.517305
v -0.300168 0.629157 1.291696
v -0.238626 0.362016 1.016789
v -0.168413 0.163512 0.703151
v -0.092227 0.041275 0.362834
v -0.112369 4.254877 0.309584
v -0.207923 4.132639 0.598699
v -0.295986 3.934136 0.865148
v -0.373174 3.666995 1.098694
v -0.436520 3.341483 1.290358
v -0.483590 2.970109 1.432779
v -0.512576 2.567145 1.520481
v -0.522364 2.148076 1.550093
v -0.512576 1.729007 1.520480
v -0.483590 1.326043 1.432779
v -0.436520 0.954669 1.290358
v -0.373173 0.629157 1.098694
v -0.295986 0.362016 0.865148
v -0.207923 0.163512 0.598699
v -0.112369 0.041275 0.309585
v -0.128692 4.254877 0.244781
v -0.239942 4.132639 0.471582
v -0.342471 3.934136 0.680602
v -0.432338 3.666995 0.863812
v -0.506089 3.341483 1.014166
v -0.560892 2.970109 1.125891
v -0.594639 2.567145 1.194690
v -0.606034 2.148076 1.217920
v -0.594639 1.729007 1.194690
v -0.560892 1.326043 1.125891
v -0.506089 0.954669 1.014166
v -0.432338 0.629157 0.863812
v -0.342471 0.362016 0.680603
v -0.239942 0.163512 0.471582
v -0.128692 0.041275 0.244781
v -0.140570 4.254877 0.170913
v -0.263240 4.132639 0.326685
v -0.376294 3.934136 0.470244
v -0.475387 3.666995 0.596077
v -0.556710 3.341483 0.699343
v -0.617138 2.970109 0.776078
v -0.654350 2.567145 0.823331
v -0.666914 2.148076 0.839285
v -0.654350 1.729007 0.823331
v -0.617138 1.326043 0.776079
v -0.556710 0.954669 0.699343
v -0.475387 0.629157 0.596077
v -0.376294 0.362016 0.470245
v -0.263240 0.163512 0.326685
v -0.140570 0.041275 0.170913
v -0.147544 4.254877 0.090820
v -0.276921 4.132639 0.169576
v -0.396156 3.934136 0.242158
v -0.500666 3.666995 0.305777
v -0.586435 3.341483 0.357988
v -0.650167 2.970109 0.396784
v -0.689413 2.567145 0.420674
v -0.702665 2.148076 0.428740
v -0.689414 1.729007 0.420674
v -0.650167 1.326043 0.396784
v -0.586435 0.954669 0.357988
v -0.500666 0.629157 0.305777
v -0.396156 0.362016 0.242158
v -0.276921 0.163512 0.169576
v -0.147544 0.041275 0.090820
v -0.149348 4.254877 0.007579
v -0.280460 4.132639 0.006293
v -0.507205 3.666995 0.004070
v -0.658711 2.970109 0.002584
v -0.658711 1.326043 0.002584
v -0.507205 0.629157 0.004070
v -0.401293 0.362016 0.005108
v -0.280460 0.163512 0.006293
v -0.149348 0.041275 0.007579
v 0.311548 2.789285 1.486850
v 0.226922 2.631866 1.486020
v 0.181122 2.426187 1.485571
v 0.175228 2.314875 1.485513
v 0.181122 2.203562 1.485571
v 0.226922 1.997884 1.486020
v 0.423511 2.874480 1.463194
v 0.367310 2.842011 1.438840
v 0.315514 2.789285 1.416395
v 0.270115 2.718327 1.396722
v 0.232856 2.631866 1.380577
v 0.205171 2.533222 1.368581
v 0.188122 2.426187 1.361193
v 0.182366 2.314875 1.358698
v 0.188122 2.203562 1.361193
v 0.205171 2.096528 1.368581
v 0.232856 1.997884 1.380577
v 0.270115 1.911422 1.396722
v 0.315514 1.840465 1.416395
v 0.367310 1.787739 1.438840
v 0.423511 1.755270 1.463194
v 0.427150 2.874480 1.439426
v 0.374447 2.842011 1.392219
v 0.325876 2.789285 1.348713
v 0.283303 2.718327 1.310579
v 0.248364 2.631866 1.279283
v 0.222402 2.533222 1.256028
v 0.206415 2.426187 1.241708
v 0.201017 2.314875 1.236873
v 0.206415 2.203562 1.241708
v 0.222402 2.096528 1.256028
v 0.248364 1.997884 1.279283
v 0.283303 1.911422 1.310579
v 0.325876 1.840465 1.348713
v 0.374447 1.787739 1.392219
v 0.427150 1.755270 1.439426
v 0.432895 2.874480 1.417546
v 0.385716 2.842011 1.349299
v 0.342236 2.789285 1.286403
v 0.304125 2.718327 1.231273
v 0.272849 2.631866 1.186030
v 0.249608 2.533222 1.152411
v 0.235297 2.426187 1.131708
v 0.230464 2.314875 1.124718
v 0.235297 2.203562 1.131708
v 0.249608 2.096528 1.152411
v 0.272849 1.997884 1.186030
v 0.304125 1.911422 1.231273
v 0.342236 1.840465 1.286403
v 0.385716 1.787739 1.349299
v 0.432895 1.755270 1.417546
v 0.440525 2.874480 1.398393
v 0.400684 2.842011 1.311730
v 0.363966 2.789285 1.231860
v 0.331782 2.718327 1.161854
v 0.305369 2.631866 1.104401
v 0.285743 2.533222 1.061710
v 0.273657 2.426187 1.035420
v 0.269576 2.314875 1.026544
v 0.273657 2.203562 1.035421
v 0.285743 2.096528 1.061710
v 0.305369 1.997884 1.104401
v 0.331782 1.911422 1.161854
v 0.363966 1.840465 1.231860
v 0.400684 1.787739 1.311730
v 0.440525 1.755270 1.398393
v 0.449748 2.874480 1.382704
v 0.418775 2.842011 1.280954
v 0.390230 2.789285 1.187181
v 0.365210 2.718327 1.104988
v 0.344676 2.631866 1.037533
v 0.329419 2.533222 0.987411
v 0.320023 2.426187 0.956545
v 0.316850 2.314875 0.946123
v 0.320023 2.203562 0.956545
v 0.329419 2.096528 0.987411
v 0.344676 1.997884 1.037534
v 0.365210 1.911422 1.104988
v 0.390230 1.840465 1.187181
v 0.418775 1.787739 1.280954
v 0.449748 1.755270 1.382704
v 0.481959 2.885443 1.488521
v 0.460209 2.874480 1.371081
v 0.439294 2.842011 1.258155
v 0.420019 2.789285 1.154082
v 0.403124 2.718327 1.062860
v 0.389259 2.631866 0.987997
v 0.378956 2.533222 0.932369
v 0.372612 2.426187 0.898113
v 0.370469 2.314875 0.886546
v 0.372612 2.203562 0.898113
v 0.378956 2.096528 0.932369
v 0.389259 1.997884 0.987997
v 0.403124 1.911422 1.062860
v 0.420019 1.840465 1.154082
v 0.439294 1.787739 1.258155
v 0.460209 1.755270 1.371081
v 0.471505 2.874480 1.363971
v 0.461453 2.842011 1.244209
v 0.452188 2.789285 1.133835
v 0.444068 2.718327 1.037091
v 0.437404 2.631865 0.957696
v 0.432452 2.533222 0.898700
v 0.429403 2.426187 0.862370
v 0.428373 2.314875 0.850103
v 0.429403 2.203562 0.862370
v 0.432452 2.096528 0.898700
v 0.437404 1.997884 0.957696
v 0.444068 1.911422 1.037091
v 0.452188 1.840465 1.133835
v 0.461453 1.787739 1.244209
v 0.471505 1.755270 1.363971
v 0.483203 2.874480 1.361648
v 0.484399 2.842011 1.239651
v 0.485502 2.789285 1.127219
v 0.486468 2.718327 1.028670
v 0.487261 2.631866 0.947794
v 0.487850 2.533222 0.887697
v 0.488213 2.426187 0.850690
v 0.488336 2.314875 0.838194
v 0.488213 2.203562 0.850690
v 0.487850 2.096528 0.887697
v 0.487261 1.997884 0.947794
v 0.486468 1.911422 1.028670
v 0.485502 1.840465 1.127219
v 0.484399 1.787739 1.239651
v 0.483203 1.755270 1.361648
v 0.494853 2.874480 1.364201
v 0.507252 2.842011 1.244658
v 0.518679 2.789285 1.134487
v 0.528695 2.718327 1.037921
v 0.536914 2.631865 0.958672
v 0.543022 2.533222 0.899784
v 0.546783 2.426187 0.863521
v 0.548053 2.314875 0.851277
v 0.546783 2.203562 0.863521
v 0.543022 2.096528 0.899784
v 0.536914 1.997884 0.958672
v 0.528695 1.911422 1.037921
v 0.518679 1.840465 1.134487
v 0.507252 1.787739 1.244658
v 0.494853 1.755270 1.364200
v 0.506008 2.874480 1.371530
v 0.529133 2.842011 1.259036
v 0.550445 2.789285 1.155360
v 0.569126 2.718327 1.064488
v 0.584456 2.631866 0.989911
v 0.595848 2.533222 0.934496
v 0.602862 2.426187 0.900371
v 0.605231 2.314875 0.888848
v 0.602863 2.203562 0.900371
v 0.595848 2.096528 0.934496
v 0.584456 1.997884 0.989911
v 0.569126 1.911422 1.064488
v 0.550445 1.840465 1.155360
v 0.529133 1.787739 1.259036
v 0.506008 1.755270 1.371530
v 0.516239 2.874480 1.383356
v 0.549201 2.842011 1.282233
v 0.579580 2.789285 1.189037
v 0.606207 2.718327 1.107351
v 0.628059 2.631866 1.040312
v 0.644296 2.533222 0.990498
v 0.654295 2.426187 0.959823
v 0.657672 2.314875 0.949465
v 0.654295 2.203562 0.959823
v 0.644296 2.096528 0.990498
v 0.628059 1.997884 1.040312
v 0.606207 1.911422 1.107351
v 0.579580 1.840465 1.189037
v 0.549201 1.787739 1.282233
v 0.516239 1.755270 1.383356
v 0.525152 2.874480 1.399223
v 0.566685 2.842011 1.313357
v 0.604963 2.789285 1.234223
v 0.638513 2.718327 1.164861
v 0.666047 2.631866 1.107937
v 0.686506 2.533222 1.065639
v 0.699105 2.426187 1.039592
v 0.703360 2.314875 1.030797
v 0.699105 2.203562 1.039592
v 0.686506 2.096528 1.065639
v 0.666047 1.997884 1.107937
v 0.638513 1.911422 1.164861
v 0.604963 1.840465 1.234223
v 0.566685 1.787739 1.313357
v 0.525152 1.755270 1.399223
v 0.532406 2.874479 1.418522
v 0.580913 2.842011 1.351213
v 0.625618 2.789285 1.289181
v 0.664803 2.718327 1.234810
v 0.696961 2.631866 1.190188
v 0.720856 2.533222 1.157031
v 0.735571 2.426187 1.136614
v 0.740539 2.314875 1.129719
v 0.735571 2.203562 1.136614
v 0.720856 2.096528 1.157031
v 0.696961 1.997884 1.190188
v 0.664803 1.911422 1.234810
v 0.625619 1.840465 1.289181
v 0.580913 1.787739 1.351213
v 0.532406 1.755270 1.418522
v 0.537720 2.874480 1.440511
v 0.591339 2.842011 1.394346
v 0.640754 2.789285 1.351800
v 0.684066 2.718327 1.314508
v 0.719612 2.631866 1.283904
v 0.746025 2.533222 1.261163
v 0.762290 2.426187 1.247159
v 0.767782 2.314875 1.242430
v 0.762290 2.203562 1.247159
v 0.746025 2.096528 1.261163
v 0.719612 1.997884 1.283904
v 0.684066 1.911422 1.314508
v 0.640754 1.840465 1.351800
v 0.591339 1.787739 1.394346
v 0.537720 1.755270 1.440511
v 0.540892 2.874480 1.464344
v 0.597561 2.842011 1.441097
v 0.649786 2.789285 1.419673
v 0.695563 2.718327 1.400894
v 0.733130 2.631866 1.385483
v 0.761046 2.533222 1.374031
v 0.778236 2.426187 1.366979
v 0.784040 2.314875 1.364598
v 0.778236 2.203562 1.366979
v 0.761046 2.096528 1.374031
v 0.733130 1.997884 1.385483
v 0.695563 1.911422 1.400894
v 0.649786 1.840465 1.419673
v 0.597561 1.787739 1.441098
v 0.540892 1.755270 1.464345
v 0.541799 2.874479 1.489107
v 0.599340 2.842011 1.489671
v 0.652370 2.789285 1.490191
v 0.698851 2.718327 1.490647
v 0.736997 2.631865 1.491021
v 0.765342 2.533222 1.491299
v 0.782796 2.426187 1.491470
v 0.788690 2.314875 1.491528
v 0.782796 2.203562 1.491470
v 0.765342 2.096528 1.491299
v 0.736997 1.997884 1.491021
v 0.698851 1.911422 1.490647
v 0.652370 1.840465 1.490192
v 0.599340 1.787739 1.489671
v 0.541799 1.755270 1.489107
v 0.540407 2.874480 1.513847
v 0.596608 2.842011 1.538201
v 0.648404 2.789285 1.560646
v 0.693803 2.718327 1.580319
v 0.731062 2.631866 1.596464
v 0.758747 2.533222 1.608460
v 0.775796 2.426187 1.615848
v 0.781552 2.314875 1.618343
v 0.775796 2.203562 1.615848
v 0.758747 2.096528 1.608461
v 0.731062 1.997884 1.596464
v 0.693803 1.911422 1.580319
v 0.648404 1.840465 1.560646
v 0.596608 1.787739 1.538201
v 0.540407 1.755270 1.513848
v 0.536768 2.874480 1.537615
v 0.589471 2.842011 1.584822
v 0.638042 2.789285 1.628329
v 0.680615 2.718327 1.666462
v 0.715554 2.631865 1.697758
v 0.741516 2.533222 1.721013
v 0.757503 2.426187 1.735333
v 0.762901 2.314875 1.740168
v 0.757503 2.203562 1.735333
v 0.741516 2.096528 1.721013
v 0.715554 1.997884 1.697758
v 0.680615 1.911422 1.666462
v 0.638042 1.840465 1.628328
v 0.589471 1.787739 1.584822
v 0.536768 1.755270 1.537615
v 0.531023 2.874480 1.559495
v 0.578202 2.842011 1.627742
v 0.621682 2.789285 1.690638
v 0.659793 2.718328 1.745768
v 0.691069 2.631866 1.791012
v 0.714310 2.533222 1.824630
v 0.728621 2.426187 1.845333
v 0.733454 2.314875 1.852323
v 0.728621 2.203562 1.845333
v 0.714310 2.096528 1.824630
v 0.691069 1.997884 1.791011
v 0.659793 1.911422 1.745768
v 0.621682 1.840465 1.690638
v 0.578202 1.787739 1.627742
v 0.531023 1.755270 1.559495
v 0.523393 2.874480 1.578648
v 0.563234 2.842011 1.665311
v 0.599953 2.789285 1.745181
v 0.632136 2.718327 1.815187
v 0.658549 2.631866 1.872640
v 0.678175 2.533222 1.915331
v 0.690261 2.426187 1.941621
v 0.694342 2.314875 1.950497
v 0.690261 2.203562 1.941620
v 0.678175 2.096528 1.915331
v 0.658549 1.997884 1.872640
v 0.632136 1.911422 1.815187
v 0.599953 1.840465 1.745181
v 0.563234 1.787739 1.665311
v 0.523393 1.755270 1.578648
v 0.481959 1.744307 1.488521
v 0.514170 2.874479 1.594337
v 0.545143 2.842011 1.696087
v 0.573689 2.789285 1.789860
v 0.598709 2.718327 1.872053
v 0.619242 2.631866 1.939508
v 0.634500 2.533222 1.989630
v 0.643895 2.426187 2.020496
v 0.647068 2.314875 2.030918
v 0.643895 2.203562 2.020496
v 0.634500 2.096528 1.989631
v 0.619242 1.997884 1.939508
v 0.598709 1.911422 1.872054
v 0.573689 1.840465 1.789860
v 0.545143 1.787739 1.696087
v 0.514170 1.755270 1.594337
v 0.503710 2.874480 1.605960
v 0.524624 2.842011 1.718886
v 0.543899 2.789285 1.822959
v 0.560794 2.718327 1.914180
v 0.574659 2.631866 1.989044
v 0.584962 2.533222 2.044672
v 0.591307 2.426187 2.078928
v 0.593449 2.314875 2.090495
v 0.591306 2.203562 2.078928
v 0.584962 2.096528 2.044672
v 0.574659 1.997884 1.989044
v 0.560794 1.911422 1.914180
v 0.543899 1.840465 1.822959
v 0.524624 1.787739 1.718886
v 0.503710 1.755270 1.605960
v 0.492413 2.874480 1.613070
v 0.502466 2.842011 1.732832
v 0.511730 2.789285 1.843206
v 0.519850 2.718327 1.939950
v 0.526514 2.631866 2.019345
v 0.531466 2.533222 2.078341
v 0.534516 2.426187 2.114671
v 0.535545 2.314875 2.126937
v 0.534516 2.203562 2.114671
v 0.531466 2.096528 2.078341
v 0.526514 1.997884 2.019345
v 0.519850 1.911422 1.939950
v 0.511730 1.840465 1.843206
v 0.502466 1.787739 1.732832
v 0.492413 1.755270 1.613070
v 0.480715 2.874480 1.615393
v 0.479519 2.842011 1.737390
v 0.478416 2.789285 1.849822
v 0.477450 2.718327 1.948371
v 0.476657 2.631865 2.029247
v 0.476068 2.533222 2.089344
v 0.475705 2.426187 2.126351
v 0.475582 2.314875 2.138846
v 0.475705 2.203562 2.126351
v 0.476068 2.096528 2.089344
v 0.476657 1.997884 2.029247
v 0.477450 1.911422 1.948371
v 0.478416 1.840465 1.849822
v 0.479519 1.787739 1.737390
v 0.480715 1.755270 1.615393
v 0.469065 2.874480 1.612841
v 0.456666 2.842011 1.732383
v 0.445239 2.789285 1.842554
v 0.435223 2.718327 1.939120
v 0.427004 2.631866 2.018369
v 0.420896 2.533222 2.077257
v 0.417135 2.426187 2.113520
v 0.415865 2.314875 2.125764
v 0.417135 2.203562 2.113520
v 0.420896 2.096528 2.077257
v 0.427004 1.997884 2.018369
v 0.435223 1.911422 1.939120
v 0.445239 1.840465 1.842554
v 0.456666 1.787739 1.732383
v 0.469065 1.755270 1.612841
v 0.457910 2.874480 1.605511
v 0.434785 2.842011 1.718005
v 0.413473 2.789285 1.821680
v 0.394793 2.718328 1.912553
v 0.379462 2.631866 1.987130
v 0.368071 2.533222 2.042545
v 0.361056 2.426187 2.076670
v 0.358687 2.314875 2.088192
v 0.361056 2.203562 2.076670
v 0.368071 2.096528 2.042545
v 0.379462 1.997884 1.987130
v 0.394793 1.911422 1.912553
v 0.413473 1.840465 1.821680
v 0.434785 1.787739 1.718005
v 0.457910 1.755270 1.605511
v 0.447679 2.874480 1.593685
v 0.414717 2.842011 1.694808
v 0.384338 2.789285 1.788004
v 0.357712 2.718327 1.869691
v 0.335860 2.631866 1.936729
v 0.319622 2.533222 1.986543
v 0.309623 2.426187 2.017218
v 0.306247 2.314875 2.027575
v 0.309623 2.203562 2.017218
v 0.319622 2.096528 1.986543
v 0.335860 1.997884 1.936729
v 0.357712 1.911422 1.869691
v 0.384338 1.840465 1.788004
v 0.414717 1.787739 1.694808
v 0.447679 1.755270 1.593685
v 0.438766 2.874480 1.577818
v 0.397233 2.842011 1.663684
v 0.358956 2.789285 1.742818
v 0.325405 2.718327 1.812180
v 0.297871 2.631866 1.869103
v 0.277412 2.533222 1.911402
v 0.264813 2.426187 1.937449
v 0.260559 2.314875 1.946244
v 0.264813 2.203562 1.937449
v 0.277412 2.096528 1.911402
v 0.297871 1.997884 1.869103
v 0.325405 1.911422 1.812180
v 0.358956 1.840465 1.742818
v 0.397233 1.787739 1.663684
v 0.438766 1.755270 1.577818
v 0.431513 2.874480 1.558519
v 0.383005 2.842011 1.625828
v 0.338300 2.789285 1.687860
v 0.299115 2.718327 1.742231
v 0.266958 2.631866 1.786853
v 0.243062 2.533222 1.820010
v 0.228348 2.426187 1.840427
v 0.223379 2.314875 1.847321
v 0.228348 2.203562 1.840427
v 0.243062 2.096528 1.820010
v 0.266958 1.997884 1.786853
v 0.299115 1.911422 1.742231
v 0.338300 1.840465 1.687860
v 0.383005 1.787739 1.625828
v 0.431513 1.755270 1.558519
v 0.426198 2.874480 1.536530
v 0.372580 2.842011 1.582695
v 0.323165 2.789285 1.625241
v 0.279852 2.718327 1.662533
v 0.244306 2.631865 1.693137
v 0.217894 2.533222 1.715878
v 0.201629 2.426187 1.729882
v 0.196137 2.314875 1.734611
v 0.201629 2.203562 1.729882
v 0.217893 2.096528 1.715878
v 0.244306 1.997884 1.693137
v 0.279852 1.911422 1.662533
v 0.323165 1.840465 1.625241
v 0.372580 1.787739 1.582695
v 0.426198 1.755270 1.536530
v 0.423026 2.874480 1.512697
v 0.366358 2.842011 1.535944
v 0.314132 2.789285 1.557368
v 0.268355 2.718327 1.576147
v 0.230788 2.631866 1.591558
v 0.202873 2.533222 1.603010
v 0.185682 2.426187 1.610062
v 0.179878 2.314875 1.612443
v 0.185682 2.203562 1.610062
v 0.202873 2.096528 1.603010
v 0.230788 1.997884 1.591558
v 0.268355 1.911422 1.576147
v 0.314132 1.840465 1.557368
v 0.366358 1.787739 1.535944
v 0.423026 1.755270 1.512697
v 0.422119 2.874480 1.487934
v 0.364578 2.842011 1.487370
v 0.265068 2.718327 1.486394
v 0.198577 2.533222 1.485742
v 0.198577 2.096528 1.485742
v 0.265068 1.911422 1.486394
v 0.311549 1.840465 1.486850
v 0.364578 1.787739 1.487370
v 0.422119 1.755270 1.487934
v 0.364145 3.358370 -0.373056
v 0.279519 3.200951 -0.373885
v 0.233719 2.995273 -0.374334
v 0.227825 2.883960 -0.374392
v 0.233719 2.772648 -0.374334
v 0.279519 2.566970 -0.373885
v 0.476108 3.443565 -0.396712
v 0.419907 3.411097 -0.421065
v 0.368111 3.358370 -0.443510
v 0.322712 3.287413 -0.463183
v 0.285453 3.200951 -0.479328
v 0.257768 3.102307 -0.491325
v 0.240719 2.995273 -0.498712
v 0.234963 2.883960 -0.501207
v 0.240719 2.772648 -0.498712
v 0.257768 2.665613 -0.491325
v 0.285453 2.566970 -0.479328
v 0.322712 2.480508 -0.463183
v 0.368111 2.409550 -0.443510
v 0.419907 2.356824 -0.421065
v 0.476108 2.324356 -0.396712
v 0.479747 3.443565 -0.420479
v 0.427044 3.411097 -0.467686
v 0.378473 3.358370 -0.511193
v 0.335900 3.287413 -0.549326
v 0.300961 3.200951 -0.580622
v 0.274999 3.102307 -0.603877
v 0.259012 2.995273 -0.618197
v 0.253614 2.883960 -0.623032
v 0.259012 2.772648 -0.618197
v 0.274999 2.665613 -0.603877
v 0.300961 2.566970 -0.580622
v 0.335900 2.480508 -0.549326
v 0.378473 2.409550 -0.511193
v 0.427044 2.356824 -0.467686
v 0.479747 2.324356 -0.420479
v 0.485492 3.443565 -0.442359
v 0.438313 3.411097 -0.510606
v 0.394833 3.358370 -0.573503
v 0.356722 3.287413 -0.628632
v 0.325446 3.200951 -0.673876
v 0.302205 3.102307 -0.707495
v 0.287894 2.995273 -0.728197
v 0.283061 2.883960 -0.735187
v 0.287894 2.772648 -0.728197
v 0.302205 2.665613 -0.707495
v 0.325446 2.566970 -0.673876
v 0.356722 2.480508 -0.628632
v 0.394833 2.409550 -0.573503
v 0.438313 2.356824 -0.510606
v 0.485492 2.324356 -0.442359
v 0.493122 3.443565 -0.461512
v 0.453281 3.411097 -0.548176
v 0.416563 3.358370 -0.628045
v 0.384379 3.287413 -0.698052
v 0.357966 3.200951 -0.755504
v 0.338340 3.102307 -0.798196
v 0.326254 2.995273 -0.824485
v 0.322174 2.883960 -0.833362
v 0.326254 2.772648 -0.824485
v 0.338340 2.665613 -0.798196
v 0.357966 2.566970 -0.755504
v 0.384379 2.480508 -0.698052
v 0.416563 2.409550 -0.628045
v 0.453281 2.356824 -0.548176
v 0.493122 2.324356 -0.461512
v 0.502345 3.443565 -0.477201
v 0.471372 3.411097 -0.578951
v 0.442827 3.358370 -0.672725
v 0.417807 3.287413 -0.754918
v 0.397273 3.200951 -0.822372
v 0.382016 3.102307 -0.872495
v 0.372620 2.995273 -0.903360
v 0.369447 2.883960 -0.913782
v 0.372620 2.772648 -0.903360
v 0.382016 2.665613 -0.872495
v 0.397273 2.566970 -0.822372
v 0.417807 2.480508 -0.754918
v 0.442827 2.409550 -0.672725
v 0.471372 2.356824 -0.578951
v 0.502345 2.324356 -0.477201
v 0.534556 3.454528 -0.371385
v 0.512806 3.443565 -0.488824
v 0.491891 3.411097 -0.601750
v 0.472616 3.358370 -0.705824
v 0.455721 3.287413 -0.797045
v 0.441856 3.200951 -0.871908
v 0.431553 3.102307 -0.927536
v 0.425209 2.995273 -0.961792
v 0.423066 2.883960 -0.973359
v 0.425209 2.772648 -0.961792
v 0.431553 2.665613 -0.927536
v 0.441856 2.566970 -0.871908
v 0.455721 2.480508 -0.797045
v 0.472616 2.409550 -0.705824
v 0.491891 2.356824 -0.601750
v 0.512806 2.324356 -0.488824
v 0.524102 3.443565 -0.495934
v 0.514050 3.411097 -0.615696
v 0.504785 3.358370 -0.726070
v 0.496665 3.287413 -0.822814
v 0.490001 3.200951 -0.902209
v 0.485049 3.102307 -0.961205
v 0.482000 2.995273 -0.997535
v 0.480970 2.883960 -1.009802
v 0.482000 2.772648 -0.997535
v 0.485049 2.665613 -0.961205
v 0.490001 2.566970 -0.902209
v 0.496665 2.480508 -0.822814
v 0.504785 2.409550 -0.726070
v 0.514050 2.356824 -0.615696
v 0.524102 2.324356 -0.495934
v 0.535800 3.443565 -0.498257
v 0.536996 3.411097 -0.620254
v 0.538099 3.358370 -0.732687
v 0.539065 3.287413 -0.831235
v 0.539858 3.200951 -0.912111
v 0.540447 3.102307 -0.972208
v 0.540810 2.995273 -1.009215
v 0.540933 2.883960 -1.021711
v 0.540810 2.772648 -1.009215
v 0.540447 2.665613 -0.972208
v 0.539858 2.566970 -0.912111
v 0.539065 2.480508 -0.831235
v 0.538099 2.409550 -0.732687
v 0.536996 2.356824 -0.620254
v 0.535800 2.324356 -0.498257
v 0.547450 3.443565 -0.495705
v 0.559849 3.411097 -0.615247
v 0.571276 3.358370 -0.725418
v 0.581292 3.287413 -0.821984
v 0.589512 3.200951 -0.901233
v 0.595619 3.102307 -0.960121
v 0.599380 2.995273 -0.996384
v 0.600650 2.883960 -1.008628
v 0.599380 2.772648 -0.996384
v 0.595619 2.665613 -0.960121
v 0.589512 2.566970 -0.901233
v 0.581292 2.480508 -0.821984
v 0.571276 2.409550 -0.725418
v 0.559849 2.356824 -0.615247
v 0.547450 2.324356 -0.495705
v 0.558605 3.443565 -0.488375
v 0.581730 3.411097 -0.600869
v 0.603042 3.358370 -0.704545
v 0.621723 3.287413 -0.795417
v 0.637053 3.200951 -0.869994
v 0.648445 3.102307 -0.925410
v 0.655460 2.995273 -0.959535
v 0.657828 2.883960 -0.971057
v 0.655460 2.772648 -0.959534
v 0.648445 2.665613 -0.925410
v 0.637053 2.566970 -0.869994
v 0.621723 2.480508 -0.795417
v 0.603042 2.409550 -0.704545
v 0.581730 2.356824 -0.600869
v 0.558605 2.324356 -0.488375
v 0.568836 3.443565 -0.476549
v 0.601798 3.411097 -0.577672
v 0.632177 3.358370 -0.670868
v 0.658804 3.287413 -0.752555
v 0.680656 3.200951 -0.819593
v 0.696893 3.102307 -0.869407
v 0.706892 2.995273 -0.900083
v 0.710269 2.883960 -0.910440
v 0.706892 2.772648 -0.900083
v 0.696893 2.665613 -0.869407
v 0.680656 2.566970 -0.819593
v 0.658804 2.480508 -0.752555
v 0.632177 2.409550 -0.670868
v 0.601798 2.356824 -0.577672
v 0.568836 2.324356 -0.476549
v 0.577749 3.443565 -0.460682
v 0.619282 3.411097 -0.546548
v 0.657560 3.358370 -0.625682
v 0.691110 3.287413 -0.695044
v 0.718644 3.200951 -0.751968
v 0.739103 3.102307 -0.794266
v 0.751702 2.995273 -0.820313
v 0.755957 2.883960 -0.829108
v 0.751702 2.772648 -0.820313
v 0.739103 2.665613 -0.794266
v 0.718644 2.566970 -0.751968
v 0.691110 2.480508 -0.695044
v 0.657560 2.409550 -0.625682
v 0.619282 2.356824 -0.546548
v 0.577749 2.324356 -0.460682
v 0.585003 3.443565 -0.441383
v 0.633510 3.411097 -0.508692
v 0.678216 3.358370 -0.570724
v 0.717400 3.287413 -0.625095
v 0.749558 3.200951 -0.669717
v 0.773453 3.102307 -0.702874
v 0.788168 2.995273 -0.723292
v 0.793136 2.883960 -0.730186
v 0.788168 2.772648 -0.723292
v 0.773453 2.665613 -0.702874
v 0.749558 2.566970 -0.669717
v 0.717400 2.480508 -0.625096
v 0.678216 2.409550 -0.570724
v 0.633510 2.356824 -0.508692
v 0.585003 2.324356 -0.441383
v 0.590317 3.443565 -0.419395
v 0.643936 3.411097 -0.465559
v 0.693351 3.358370 -0.508105
v 0.736663 3.287413 -0.545397
v 0.772209 3.200951 -0.576001
v 0.798622 3.102307 -0.598743
v 0.814887 2.995273 -0.612747
v 0.820379 2.883960 -0.617475
v 0.814887 2.772648 -0.612747
v 0.798622 2.665613 -0.598743
v 0.772209 2.566970 -0.576001
v 0.736663 2.480508 -0.545397
v 0.693351 2.409550 -0.508105
v 0.643936 2.356824 -0.465559
v 0.590317 2.324356 -0.419395
v 0.593489 3.443565 -0.395561
v 0.650158 3.411097 -0.418808
v 0.702383 3.358370 -0.440232
v 0.748160 3.287413 -0.459011
v 0.785727 3.200951 -0.474422
v 0.813643 3.102307 -0.485874
v 0.830833 2.995273 -0.492926
v 0.836637 2.883960 -0.495307
v 0.830833 2.772648 -0.492926
v 0.813643 2.665613 -0.485874
v 0.785727 2.566970 -0.474423
v 0.748160 2.480508 -0.459011
v 0.702383 2.409550 -0.440232
v 0.650158 2.356824 -0.418808
v 0.593489 2.324356 -0.395561
v 0.594396 3.443565 -0.370798
v 0.651937 3.411096 -0.370234
v 0.704967 3.358370 -0.369714
v 0.751448 3.287413 -0.369258
v 0.789594 3.200951 -0.368884
v 0.817939 3.102307 -0.368606
v 0.835393 2.995273 -0.368435
v 0.841287 2.883960 -0.368377
v 0.835393 2.772648 -0.368435
v 0.817939 2.665613 -0.368606
v 0.789594 2.566970 -0.368884
v 0.751448 2.480508 -0.369258
v 0.704967 2.409550 -0.369714
v 0.651937 2.356824 -0.370234
v 0.594396 2.324356 -0.370798
v 0.593004 3.443565 -0.346058
v 0.649205 3.411097 -0.321704
v 0.701001 3.358370 -0.299259
v 0.746401 3.287413 -0.279587
v 0.783659 3.200951 -0.263441
v 0.811344 3.102307 -0.251445
v 0.828393 2.995273 -0.244057
v 0.834149 2.883960 -0.241562
v 0.828393 2.772648 -0.244057
v 0.811344 2.665613 -0.251445
v 0.783659 2.566970 -0.263441
v 0.746400 2.480508 -0.279587
v 0.701001 2.409550 -0.299259
v 0.649205 2.356824 -0.321704
v 0.593004 2.324356 -0.346058
v 0.589365 3.443565 -0.322291
v 0.642068 3.411097 -0.275083
v 0.690639 3.358370 -0.231577
v 0.733212 3.287413 -0.193443
v 0.768151 3.200951 -0.162147
v 0.794113 3.102307 -0.138893
v 0.810100 2.995273 -0.124572
v 0.815498 2.883960 -0.119737
v 0.810100 2.772648 -0.124572
v 0.794113 2.665613 -0.138893
v 0.768151 2.566970 -0.162147
v 0.733212 2.480508 -0.193443
v 0.690639 2.409550 -0.231577
v 0.642068 2.356824 -0.275083
v 0.589365 2.324356 -0.322291
v 0.583620 3.443565 -0.300410
v 0.630799 3.411097 -0.232163
v 0.674279 3.358371 -0.169267
v 0.712390 3.287413 -0.114137
v 0.743666 3.200951 -0.068894
v 0.766907 3.102307 -0.035275
v 0.781219 2.995273 -0.014572
v 0.786051 2.883960 -0.007582
v 0.781219 2.772648 -0.014572
v 0.766907 2.665613 -0.035275
v 0.743666 2.566970 -0.068894
v 0.712390 2.480508 -0.114137
v 0.674279 2.409550 -0.169267
v 0.630799 2.356824 -0.232163
v 0.583620 2.324356 -0.300410
v 0.575990 3.443565 -0.281258
v 0.615831 3.411097 -0.194594
v 0.652550 3.358370 -0.114724
v 0.684733 3.287413 -0.044718
v 0.711146 3.200951 0.012735
v 0.730772 3.102307 0.055426
v 0.742858 2.995273 0.081715
v 0.746939 2.883960 0.090592
v 0.742858 2.772648 0.081715
v 0.730772 2.665613 0.055426
v 0.711146 2.566970 0.012735
v 0.684733 2.480508 -0.044718
v 0.652550 2.409550 -0.114724
v 0.615831 2.356824 -0.194594
v 0.575990 2.324356 -0.281258
v 0.534556 2.313392 -0.371385
v 0.566767 3.443565 -0.265568
v 0.597740 3.411097 -0.163818
v 0.626285 3.358370 -0.070045
v 0.651306 3.287413 0.012148
v 0.671839 3.200951 0.079602
v 0.687097 3.102307 0.129725
v 0.696492 2.995273 0.160591
v 0.699665 2.883960 0.171013
v 0.696492 2.772648 0.160591
v 0.687097 2.665613 0.129725
v 0.671839 2.566970 0.079602
v 0.651306 2.480508 0.012148
v 0.626285 2.409550 -0.070045
v 0.597740 2.356824 -0.163818
v 0.566767 2.324356 -0.265568
v 0.556307 3.443565 -0.253945
v 0.577221 3.411097 -0.141019
v 0.596496 3.358370 -0.036946
v 0.613391 3.287413 0.054275
v 0.627256 3.200951 0.129138
v 0.637559 3.102307 0.184767
v 0.643903 2.995273 0.219023
v 0.646046 2.883960 0.230589
v 0.643903 2.772648 0.219023
v 0.637559 2.665613 0.184767
v 0.627256 2.566970 0.129138
v 0.613391 2.480508 0.054275
v 0.596496 2.409550 -0.036946
v 0.577221 2.356824 -0.141019
v 0.556307 2.324356 -0.253945
v 0.545010 3.443565 -0.246836
v 0.555063 3.411097 -0.127073
v 0.564327 3.358370 -0.016699
v 0.572447 3.287413 0.080045
v 0.579111 3.200951 0.159440
v 0.584063 3.102307 0.218436
v 0.587113 2.995273 0.254766
v 0.588142 2.883960 0.267032
v 0.587113 2.772648 0.254765
v 0.584063 2.665613 0.218436
v 0.579111 2.566970 0.159440
v 0.572447 2.480508 0.080045
v 0.564327 2.409550 -0.016699
v 0.555063 2.356824 -0.127073
v 0.545010 2.324356 -0.246836
v 0.533312 3.443565 -0.244512
v 0.532116 3.411097 -0.122516
v 0.531013 3.358370 -0.010083
v 0.530047 3.287413 0.088465
v 0.529254 3.200951 0.169342
v 0.528665 3.102307 0.229438
v 0.528302 2.995273 0.266446
v 0.528179 2.883960 0.278941
v 0.528302 2.772648 0.266446
v 0.528665 2.665613 0.229438
v 0.529254 2.566970 0.169342
v 0.530047 2.480508 0.088465
v 0.531013 2.409550 -0.010083
v 0.532116 2.356824 -0.122516
v 0.533312 2.324356 -0.244512
v 0.521662 3.443565 -0.247065
v 0.509263 3.411097 -0.127522
v 0.497836 3.358370 -0.017351
v 0.487820 3.287413 0.079215
v 0.479601 3.200951 0.158464
v 0.473493 3.102307 0.217352
v 0.469732 2.995273 0.253614
v 0.468462 2.883960 0.265859
v 0.469732 2.772648 0.253614
v 0.473493 2.665613 0.217352
v 0.479601 2.566970 0.158464
v 0.487820 2.480508 0.079215
v 0.497836 2.409550 -0.017351
v 0.509263 2.356824 -0.127522
v 0.521662 2.324356 -0.247065
v 0.510507 3.443565 -0.254395
v 0.487382 3.411097 -0.141900
v 0.466070 3.358370 -0.038225
v 0.447390 3.287413 0.052648
v 0.432059 3.200951 0.127224
v 0.420668 3.102307 0.182640
v 0.413653 2.995273 0.216765
v 0.411284 2.883960 0.228287
v 0.413653 2.772648 0.216765
v 0.420668 2.665613 0.182640
v 0.432059 2.566970 0.127224
v 0.447390 2.480508 0.052648
v 0.466070 2.409550 -0.038225
v 0.487382 2.356824 -0.141900
v 0.510507 2.324356 -0.254395
v 0.500276 3.443565 -0.266220
v 0.467314 3.411097 -0.165097
v 0.436936 3.358370 -0.071902
v 0.410309 3.287413 0.009785
v 0.388457 3.200951 0.076823
v 0.372219 3.102307 0.126638
v 0.362220 2.995273 0.157313
v 0.358844 2.883960 0.167670
v 0.362220 2.772648 0.157313
v 0.372219 2.665613 0.126638
v 0.388457 2.566970 0.076823
v 0.410309 2.480508 0.009785
v 0.436936 2.409550 -0.071902
v 0.467314 2.356824 -0.165097
v 0.500276 2.324356 -0.266220
v 0.491363 3.443565 -0.282087
v 0.449830 3.411097 -0.196222
v 0.411553 3.358370 -0.117087
v 0.378002 3.287413 -0.047725
v 0.350468 3.200951 0.009198
v 0.330009 3.102307 0.051497
v 0.317410 2.995273 0.077544
v 0.313156 2.883960 0.086338
v 0.317410 2.772648 0.077544
v 0.330009 2.665613 0.051497
v 0.350468 2.566970 0.009198
v 0.378002 2.480508 -0.047725
v 0.411553 2.409550 -0.117087
v 0.449830 2.356824 -0.196222
v 0.491363 2.324356 -0.282087
v 0.484110 3.443565 -0.301386
v 0.435602 3.411097 -0.234077
v 0.390897 3.358370 -0.172046
v 0.351712 3.287413 -0.117674
v 0.319555 3.200951 -0.073053
v 0.295659 3.102307 -0.039896
v 0.280945 2.995273 -0.019478
v 0.275976 2.883960 -0.012584
v 0.280945 2.772648 -0.019478
v 0.295659 2.665613 -0.039896
v 0.319555 2.566970 -0.073053
v 0.351712 2.480508 -0.117674
v 0.390897 2.409550 -0.172046
v 0.435602 2.356824 -0.234077
v 0.484110 2.324356 -0.301386
v 0.478795 3.443565 -0.323375
v 0.425177 3.411097 -0.277210
v 0.375762 3.358370 -0.234664
v 0.332449 3.287413 -0.197373
v 0.296903 3.200951 -0.166768
v 0.270491 3.102307 -0.144027
v 0.254226 2.995273 -0.130023
v 0.248734 2.883960 -0.125295
v 0.254226 2.772648 -0.130023
v 0.270490 2.665613 -0.144027
v 0.296903 2.566970 -0.166768
v 0.332449 2.480508 -0.197372
v 0.375762 2.409550 -0.234664
v 0.425177 2.356824 -0.277210
v 0.478795 2.324356 -0.323375
v 0.475623 3.443565 -0.347209
v 0.418955 3.411097 -0.323962
v 0.366729 3.358370 -0.302537
v 0.320952 3.287413 -0.283758
v 0.283385 3.200951 -0.268347
v 0.255470 3.102307 -0.256895
v 0.238279 2.995273 -0.249843
v 0.232475 2.883960 -0.247462
v 0.238279 2.772648 -0.249843
v 0.255470 2.665613 -0.256895
v 0.283385 2.566970 -0.268347
v 0.320952 2.480508 -0.283758
v 0.366729 2.409550 -0.302537
v 0.418955 2.356824 -0.323962
v 0.475623 2.324356 -0.347209
v 0.474716 3.443565 -0.371971
v 0.417175 3.411096 -0.372536
v 0.317665 3.287413 -0.373511
v 0.251174 3.102307 -0.374163
v 0.251174 2.665613 -0.374163
v 0.317665 2.480508 -0.373511
v 0.364146 2.409550 -0.373056
v 0.417175 2.356824 -0.372536
v 0.474716 2.324356 -0.371971
v 0.654744 2.042673 -0.130233
v 0.722694 2.042639 -0.129394
v 0.645044 1.819180 0.646389
v 0.712994 1.819146 0.647227
v 0.654327 2.179542 -0.090850
v 0.722277 2.179508 -0.090012
v 0.644627 1.956050 0.685771
v 0.712577 1.956015 0.686610
v 0.716832 1.669690 0.305571
v 0.703549 1.651477 0.368728
v 0.686798 1.641625 0.402791
v 0.677909 1.640361 0.407091
v 0.669131 1.641634 0.402573
v 0.653236 1.651503 0.368107
v 0.724595 1.707468 0.226024
v 0.721451 1.708519 0.272011
v 0.716744 1.709490 0.314370
v 0.710654 1.710341 0.351474
v 0.703416 1.711041 0.381897
v 0.695308 1.711562 0.404470
v 0.686642 1.711885 0.418325
v 0.677750 1.711998 0.422929
v 0.668975 1.711894 0.418107
v 0.660652 1.711580 0.404042
v 0.653104 1.711066 0.381276
v 0.646618 1.710374 0.350684
v 0.641446 1.709528 0.313441
v 0.637784 1.708562 0.270978
v 0.635775 1.707513 0.224927
v 0.724587 1.721401 0.227274
v 0.721435 1.735851 0.274464
v 0.716720 1.749169 0.317932
v 0.710624 1.760844 0.356008
v 0.703381 1.770426 0.387228
v 0.695269 1.777547 0.410393
v 0.686600 1.781934 0.424613
v 0.677707 1.783419 0.429340
v 0.668932 1.781944 0.424394
v 0.660613 1.777565 0.409965
v 0.653068 1.770451 0.386607
v 0.646588 1.760876 0.355217
v 0.641422 1.749207 0.317002
v 0.637768 1.735894 0.273431
v 0.635767 1.721446 0.226178
v 0.724602 1.734757 0.226638
v 0.721463 1.762050 0.273216
v 0.716762 1.787205 0.316119
v 0.710677 1.809253 0.353701
v 0.703443 1.827350 0.384515
v 0.695338 1.840798 0.407379
v 0.686673 1.849081 0.421413
v 0.677782 1.851881 0.426078
v 0.669006 1.849090 0.421195
v 0.660682 1.840815 0.406951
v 0.653130 1.827375 0.383894
v 0.646641 1.809286 0.352910
v 0.641463 1.787243 0.315190
v 0.637796 1.762093 0.272183
v 0.635781 1.734802 0.225542
v 0.724639 1.747023 0.224139
v 0.721536 1.786110 0.268313
v 0.716867 1.822134 0.309002
v 0.710811 1.853710 0.344642
v 0.703601 1.879625 0.373863
v 0.695514 1.898883 0.395543
v 0.686860 1.910743 0.408848
v 0.677972 1.914751 0.413267
v 0.669192 1.910752 0.408630
v 0.660858 1.898900 0.395115
v 0.653288 1.879650 0.373242
v 0.646775 1.853742 0.343852
v 0.641569 1.822172 0.308073
v 0.637869 1.786152 0.267280
v 0.635818 1.747068 0.223042
v 0.724697 1.757726 0.219873
v 0.721650 1.807105 0.259945
v 0.717033 1.852614 0.296854
v 0.711022 1.892504 0.329180
v 0.703849 1.925242 0.355682
v 0.695789 1.949570 0.375341
v 0.687152 1.964553 0.387402
v 0.678270 1.969615 0.391400
v 0.669484 1.964562 0.387184
v 0.661133 1.949588 0.374913
v 0.653536 1.925268 0.355061
v 0.646986 1.892537 0.328390
v 0.641734 1.852653 0.295924
v 0.637983 1.807148 0.258912
v 0.635876 1.757771 0.218776
v 0.726056 1.706375 0.178177
v 0.724774 1.766456 0.214004
v 0.721801 1.824230 0.248433
v 0.717251 1.877475 0.280141
v 0.711300 1.924146 0.307909
v 0.704176 1.962449 0.330670
v 0.696153 1.990912 0.347549
v 0.687538 2.008442 0.357897
v 0.678664 2.014364 0.361318
v 0.669871 2.008451 0.357679
v 0.661497 1.990930 0.347121
v 0.653863 1.962475 0.330049
v 0.647264 1.924179 0.307118
v 0.641953 1.877514 0.279211
v 0.638134 1.824272 0.247400
v 0.635953 1.766501 0.212908
v 0.724866 1.772877 0.206758
v 0.721983 1.836825 0.234220
v 0.717515 1.895761 0.259506
v 0.711636 1.947420 0.281646
v 0.704571 1.989816 0.299787
v 0.696592 2.021321 0.313234
v 0.688004 2.040723 0.321469
v 0.679139 2.047277 0.324176
v 0.670337 2.040732 0.321251
v 0.661936 2.021338 0.312806
v 0.654258 1.989841 0.299166
v 0.647600 1.947452 0.280855
v 0.642217 1.895799 0.258577
v 0.638316 1.836868 0.233187
v 0.636046 1.772923 0.205662
v 0.724971 1.776743 0.198413
v 0.722189 1.844408 0.217851
v 0.717814 1.906769 0.235742
v 0.712017 1.961430 0.251400
v 0.705019 2.006290 0.264222
v 0.697089 2.039626 0.273716
v 0.688532 2.060156 0.279517
v 0.679677 2.067091 0.281403
v 0.670865 2.060165 0.279299
v 0.662433 2.039644 0.273289
v 0.654706 2.006316 0.263601
v 0.647981 1.961463 0.250609
v 0.642516 1.906807 0.234813
v 0.638522 1.844450 0.216818
v 0.636151 1.776788 0.197317
v 0.725085 1.777904 0.189290
v 0.722411 1.846686 0.199956
v 0.718137 1.910076 0.209762
v 0.712427 1.965639 0.218334
v 0.705501 2.011240 0.225341
v 0.697625 2.045125 0.230514
v 0.689101 2.065994 0.233654
v 0.680257 2.073044 0.234640
v 0.671434 2.066003 0.233436
v 0.662969 2.045143 0.230086
v 0.655188 2.011265 0.224720
v 0.648391 1.965672 0.217544
v 0.642838 1.910114 0.208833
v 0.638744 1.846728 0.198923
v 0.636264 1.777949 0.188194
v 0.725202 1.776317 0.179740
v 0.722640 1.843572 0.181222
v 0.718470 1.905555 0.182565
v 0.712851 1.959885 0.183719
v 0.706000 2.004474 0.184637
v 0.698179 2.037608 0.185286
v 0.689690 2.058013 0.185641
v 0.680858 2.064906 0.185687
v 0.672022 2.058022 0.185423
v 0.663523 2.037625 0.184859
v 0.655687 2.004499 0.184016
v 0.648816 1.959918 0.182928
v 0.643172 1.905593 0.181636
v 0.638973 1.843614 0.180189
v 0.636381 1.776362 0.178644
v 0.725318 1.772041 0.170129
v 0.722869 1.835185 0.162370
v 0.718802 1.893380 0.155196
v 0.713274 1.944389 0.148884
v 0.706496 1.986252 0.143676
v 0.698731 2.017361 0.139773
v 0.690275 2.036519 0.137324
v 0.681455 2.042991 0.136423
v 0.672608 2.036528 0.137106
v 0.664075 2.017379 0.139345
v 0.656184 1.986278 0.143055
v 0.649238 1.944422 0.148093
v 0.643504 1.893418 0.154266
v 0.639202 1.835228 0.161337
v 0.636498 1.772086 0.169033
v 0.725429 1.765242 0.160827
v 0.723087 1.821849 0.144123
v 0.719119 1.874018 0.128706
v 0.713677 1.919747 0.115169
v 0.706971 1.957276 0.104031
v 0.699258 1.985164 0.095722
v 0.690835 2.002339 0.090559
v 0.682025 2.008141 0.088742
v 0.673168 2.002348 0.090341
v 0.664602 1.985181 0.095294
v 0.656658 1.957301 0.103410
v 0.649641 1.919779 0.114378
v 0.643821 1.874057 0.127776
v 0.639420 1.821891 0.143090
v 0.636609 1.765287 0.159731
v 0.725532 1.756181 0.152191
v 0.723287 1.804075 0.127183
v 0.719410 1.848215 0.104114
v 0.714047 1.886904 0.083868
v 0.707406 1.918658 0.067226
v 0.699741 1.942254 0.054826
v 0.691348 1.956786 0.047145
v 0.682548 1.961696 0.044477
v 0.673680 1.956795 0.046926
v 0.665085 1.942271 0.054398
v 0.657093 1.918683 0.066605
v 0.650011 1.886937 0.083078
v 0.644111 1.848253 0.103184
v 0.639620 1.804117 0.126151
v 0.636711 1.756226 0.151095
v 0.725620 1.745206 0.144554
v 0.723461 1.782546 0.112202
v 0.719662 1.816960 0.082364
v 0.714369 1.847125 0.056186
v 0.707784 1.871882 0.034675
v 0.700161 1.890279 0.018657
v 0.691794 1.901610 0.008748
v 0.683003 1.905439 0.005329
v 0.674127 1.901619 0.008530
v 0.665505 1.890297 0.018229
v 0.657471 1.871907 0.034054
v 0.650333 1.847157 0.055396
v 0.644364 1.816998 0.081434
v 0.639794 1.782589 0.111169
v 0.636800 1.745251 0.143458
v 0.725692 1.732739 0.138208
v 0.723603 1.758091 0.099754
v 0.719867 1.781456 0.064292
v 0.714630 1.801937 0.033186
v 0.708091 1.818746 0.007629
v 0.700503 1.831238 -0.011394
v 0.692156 1.838932 -0.023155
v 0.683372 1.841533 -0.027199
v 0.674489 1.838941 -0.023373
v 0.665846 1.831256 -0.011822
v 0.657778 1.818772 0.007008
v 0.650594 1.801969 0.032395
v 0.644569 1.781494 0.063363
v 0.639936 1.758133 0.098721
v 0.636872 1.732784 0.137112
v 0.725745 1.719258 0.133398
v 0.723706 1.731648 0.090318
v 0.720017 1.743067 0.050594
v 0.714820 1.753076 0.015751
v 0.708315 1.761292 -0.012872
v 0.700751 1.767399 -0.034174
v 0.692420 1.771161 -0.047338
v 0.683641 1.772434 -0.051856
v 0.674753 1.771170 -0.047556
v 0.666095 1.767416 -0.034602
v 0.658002 1.761318 -0.013493
v 0.650784 1.753109 0.014960
v 0.644719 1.743105 0.049664
v 0.640039 1.731690 0.089286
v 0.636924 1.719303 0.132301
v 0.725776 1.705283 0.130308
v 0.723767 1.704233 0.084257
v 0.720105 1.703267 0.041795
v 0.714933 1.702422 0.004551
v 0.708447 1.701729 -0.026041
v 0.700898 1.701215 -0.048807
v 0.692576 1.700901 -0.062871
v 0.683801 1.700798 -0.067694
v 0.674909 1.700910 -0.063089
v 0.666242 1.701233 -0.049235
v 0.658134 1.701754 -0.026662
v 0.650897 1.702454 0.003761
v 0.644807 1.703305 0.040865
v 0.640100 1.704276 0.083224
v 0.636955 1.705328 0.129212
v 0.725784 1.691349 0.129057
v 0.723783 1.676902 0.081804
v 0.720129 1.663588 0.038233
v 0.714963 1.651919 0.000018
v 0.708483 1.642344 -0.031372
v 0.700938 1.635230 -0.054730
v 0.692618 1.630852 -0.069159
v 0.683844 1.629376 -0.074105
v 0.674951 1.630861 -0.069377
v 0.666282 1.635248 -0.055158
v 0.658170 1.642370 -0.031993
v 0.650927 1.651952 -0.000772
v 0.644831 1.663626 0.037303
v 0.640116 1.676944 0.080771
v 0.636964 1.691394 0.127961
v 0.725770 1.677993 0.129694
v 0.723754 1.650702 0.083052
v 0.720088 1.625552 0.040045
v 0.714910 1.603509 0.002325
v 0.708421 1.585420 -0.028659
v 0.700869 1.571980 -0.051716
v 0.692545 1.563706 -0.065959
v 0.683769 1.560915 -0.070842
v 0.674877 1.563715 -0.066177
v 0.666213 1.571998 -0.052143
v 0.658108 1.585446 -0.029280
v 0.650874 1.603542 0.001535
v 0.644789 1.625591 0.039116
v 0.640087 1.650745 0.082020
v 0.636949 1.678038 0.128597
v 0.725733 1.665727 0.132193
v 0.723682 1.626643 0.087955
v 0.719982 1.590623 0.047163
v 0.714776 1.559053 0.011384
v 0.708263 1.533145 -0.018007
v 0.700693 1.513895 -0.039880
v 0.692359 1.502043 -0.053395
v 0.683579 1.498044 -0.058032
v 0.674691 1.502052 -0.053613
v 0.666037 1.513913 -0.040308
v 0.657950 1.533170 -0.018628
v 0.650740 1.559085 0.010593
v 0.644684 1.590662 0.046233
v 0.640015 1.626685 0.086922
v 0.636912 1.665772 0.131097
v 0.635495 1.706421 0.177059
v 0.725674 1.655024 0.136459
v 0.723568 1.605647 0.096323
v 0.719817 1.560143 0.059311
v 0.714565 1.520258 0.026846
v 0.708015 1.487527 0.000174
v 0.700418 1.463207 -0.019678
v 0.692067 1.448233 -0.031948
v 0.683281 1.443180 -0.036165
v 0.674399 1.448242 -0.032166
v 0.665762 1.463225 -0.020106
v 0.657702 1.487553 -0.000447
v 0.650529 1.520291 0.026055
v 0.644518 1.560181 0.058382
v 0.639901 1.605690 0.095290
v 0.636854 1.655069 0.135363
v 0.725598 1.646294 0.142328
v 0.723417 1.588523 0.107835
v 0.719598 1.535282 0.076024
v 0.714286 1.488616 0.048117
v 0.707687 1.450320 0.025187
v 0.700054 1.421865 0.008114
v 0.691680 1.404344 -0.002444
v 0.682887 1.398432 -0.006083
v 0.674013 1.404353 -0.002662
v 0.665398 1.421883 0.007687
v 0.657375 1.450346 0.024566
v 0.650250 1.488649 0.047326
v 0.644299 1.535320 0.075094
v 0.639750 1.588565 0.106802
v 0.636777 1.646339 0.141231
v 0.725505 1.639873 0.149574
v 0.723235 1.575927 0.122048
v 0.719334 1.516996 0.096659
v 0.713950 1.465343 0.074380
v 0.707292 1.422954 0.056069
v 0.699615 1.391457 0.042429
v 0.691214 1.372063 0.033984
v 0.682412 1.365518 0.031059
v 0.673547 1.372072 0.033766
v 0.664959 1.391475 0.042001
v 0.656980 1.422979 0.055448
v 0.649915 1.465375 0.073590
v 0.644035 1.517034 0.095729
v 0.639568 1.575970 0.121016
v 0.636684 1.639918 0.148477
v 0.725400 1.636007 0.157918
v 0.723029 1.568345 0.138417
v 0.719035 1.505988 0.120423
v 0.713570 1.451333 0.104626
v 0.706845 1.406479 0.091634
v 0.699118 1.373152 0.081947
v 0.690686 1.352630 0.075936
v 0.681874 1.345704 0.073833
v 0.673019 1.352639 0.075718
v 0.664462 1.373169 0.081519
v 0.656532 1.406505 0.091013
v 0.649534 1.451365 0.103835
v 0.643736 1.506026 0.119493
v 0.639362 1.568387 0.137384
v 0.636580 1.636052 0.156822
v 0.725287 1.634846 0.167041
v 0.722807 1.566067 0.156312
v 0.718712 1.502681 0.146402
v 0.713160 1.447124 0.137692
v 0.706363 1.401530 0.130516
v 0.698582 1.367652 0.125149
v 0.690117 1.346792 0.121800
v 0.681293 1.339752 0.120595
v 0.672450 1.346801 0.121582
v 0.663926 1.367670 0.124722
v 0.656050 1.401555 0.129894
v 0.649124 1.447156 0.136901
v 0.643414 1.502719 0.145473
v 0.639140 1.566109 0.155280
v 0.636466 1.634891 0.165945
v 0.725170 1.636434 0.176592
v 0.722578 1.569181 0.175046
v 0.718379 1.507202 0.173599
v 0.712735 1.452878 0.172307
v 0.705864 1.408296 0.171219
v 0.698028 1.375170 0.170377
v 0.689529 1.354773 0.169813
v 0.680693 1.347889 0.169549
v 0.671861 1.354782 0.169595
v 0.663372 1.375188 0.169949
v 0.655551 1.408322 0.170598
v 0.648699 1.452910 0.171517
v 0.643081 1.507240 0.172670
v 0.638911 1.569224 0.174013
v 0.636349 1.636479 0.175495
v 0.725053 1.640709 0.186202
v 0.722349 1.577568 0.193898
v 0.718047 1.519377 0.200969
v 0.712313 1.468374 0.207142
v 0.705367 1.426517 0.212180
v 0.697476 1.395417 0.215890
v 0.688943 1.376267 0.218130
v 0.680096 1.369804 0.218812
v 0.671276 1.376276 0.217912
v 0.662820 1.395434 0.215463
v 0.655054 1.426543 0.211559
v 0.648277 1.468406 0.206351
v 0.642749 1.519415 0.200039
v 0.638682 1.577610 0.192866
v 0.636233 1.640754 0.185106
v 0.724942 1.647508 0.195504
v 0.722131 1.590904 0.212145
v 0.717730 1.538739 0.227459
v 0.711910 1.493016 0.240857
v 0.704892 1.455494 0.251825
v 0.696949 1.427614 0.259941
v 0.688383 1.410447 0.264894
v 0.679525 1.404654 0.266493
v 0.670716 1.410456 0.264676
v 0.662293 1.427631 0.259514
v 0.654580 1.455520 0.251204
v 0.647874 1.493049 0.240067
v 0.642432 1.538777 0.226529
v 0.638464 1.590946 0.211112
v 0.636121 1.647553 0.194408
v 0.724840 1.656569 0.204140
v 0.721930 1.608678 0.229085
v 0.717440 1.564543 0.252051
v 0.711540 1.525858 0.272157
v 0.704458 1.494112 0.288630
v 0.696465 1.470524 0.300837
v 0.687870 1.456001 0.308309
v 0.679003 1.451100 0.310758
v 0.670203 1.456010 0.308091
v 0.661810 1.470542 0.300409
v 0.654145 1.494138 0.288009
v 0.647504 1.525891 0.271367
v 0.642141 1.564581 0.251122
v 0.638263 1.608721 0.228052
v 0.636019 1.656614 0.203044
v 0.724751 1.667544 0.211778
v 0.721756 1.630207 0.244066
v 0.717187 1.595797 0.273801
v 0.711218 1.565638 0.299840
v 0.704080 1.540888 0.321181
v 0.696045 1.522498 0.337006
v 0.687424 1.511176 0.346705
v 0.678548 1.507356 0.349907
v 0.669757 1.511185 0.346487
v 0.661389 1.522516 0.336578
v 0.653767 1.540914 0.320560
v 0.647182 1.565670 0.299049
v 0.641889 1.595835 0.272871
v 0.638089 1.630249 0.243033
v 0.635931 1.667589 0.210681
v 0.724679 1.680012 0.218124
v 0.721615 1.654662 0.256514
v 0.716982 1.631301 0.291872
v 0.710957 1.610826 0.322840
v 0.703773 1.594024 0.348227
v 0.695704 1.581540 0.367057
v 0.687062 1.573854 0.378608
v 0.678179 1.571262 0.382434
v 0.669395 1.573863 0.378390
v 0.661048 1.581557 0.366630
v 0.653460 1.594049 0.347606
v 0.646921 1.610858 0.322050
v 0.641684 1.631339 0.290943
v 0.637948 1.654705 0.255481
v 0.635859 1.680056 0.217027
v 0.724626 1.693492 0.222934
v 0.721512 1.681105 0.265950
v 0.710767 1.659686 0.340275
v 0.695455 1.645379 0.389837
v 0.660800 1.645396 0.389409
v 0.646731 1.659719 0.339485
v 0.641534 1.669729 0.304641
v 0.637845 1.681148 0.264917
v 0.635806 1.693537 0.221837
v 0.644242 1.925552 0.698184
v 0.712186 1.926247 0.697713
v 0.641853 2.112098 0.628766
v 0.709796 2.112793 0.628296
v 0.643909 1.885895 0.591627
v 0.711853 1.886590 0.591156
v 0.641520 2.072441 0.522209
v 0.709464 2.073136 0.521738
v 0.041692 3.738113 -1.359226
v 0.030150 3.730256 -1.364013
v 0.019138 3.706678 -1.377400
v 0.009077 3.668286 -1.398872
v 0.000356 3.616555 -1.427605
v -0.006691 3.553473 -1.462494
v -0.011793 3.481463 -1.502199
v -0.014754 3.403294 -1.545194
v -0.015460 3.321969 -1.589826
v -0.013885 3.240613 -1.634380
v -0.010088 3.162354 -1.677144
v -0.004215 3.090199 -1.716475
v 0.003507 3.026919 -1.750861
v 0.012782 2.974948 -1.778981
v 0.023254 2.936282 -1.799754
v 0.034520 2.912407 -1.812382
v 0.046148 2.904242 -1.816379
v 0.057689 2.912099 -1.811593
v 0.068702 2.935676 -1.798206
v 0.078762 2.974068 -1.776733
v 0.087483 3.025800 -1.748001
v 0.094530 3.088882 -1.713111
v 0.099632 3.160892 -1.673407
v 0.102594 3.239061 -1.630412
v 0.103300 3.320386 -1.585780
v 0.101724 3.401741 -1.541226
v 0.097927 3.480000 -1.498462
v 0.092055 3.552156 -1.459131
v 0.084332 3.615436 -1.424745
v 0.075057 3.667407 -1.396625
v 0.064585 3.706073 -1.375852
v 0.053319 3.729947 -1.363224
v 0.165637 4.934623 -4.529630
v -0.028741 3.035284 0.095616
v -0.040257 3.015419 0.085653
v -0.051122 2.956322 0.056953
v -0.060920 2.860266 0.010620
v -0.069273 2.730940 -0.051566
v -0.075861 2.573315 -0.127215
v -0.080430 2.393449 -0.213420
v -0.082805 2.198253 -0.306868
v -0.082895 1.995228 -0.403968
v -0.080696 1.792178 -0.500989
v -0.076293 1.596905 -0.594201
v -0.069854 1.416912 -0.680023
v -0.061628 1.259118 -0.755158
v -0.051931 1.129587 -0.816716
v -0.041134 1.033295 -0.862334
v -0.029654 0.973943 -0.890257
v -0.017930 0.953813 -0.899413
v -0.006415 0.973678 -0.889450
v 0.004451 1.032774 -0.860750
v 0.014248 1.128831 -0.814417
v 0.022601 1.258157 -0.752231
v 0.029189 1.415781 -0.676582
v 0.033759 1.595648 -0.590377
v 0.036134 1.790844 -0.496929
v 0.036224 1.993868 -0.399828
v 0.034025 2.196918 -0.302808
v 0.029621 2.392192 -0.209595
v 0.023183 2.572184 -0.123773
v 0.014957 2.729978 -0.048639
v 0.005259 2.859510 0.012920
v -0.005537 2.955802 0.058537
v -0.017018 3.015153 0.086461
v 0.232893 5.041910 -6.773793
v -0.031300 2.359641 -1.685297
v -0.041239 2.349613 -1.688289
v -0.047782 2.323656 -1.695161
v -0.050680 2.282768 -1.705649
v -0.049819 2.228518 -1.719350
v -0.045234 2.162993 -1.735738
v -0.037100 2.088711 -1.754183
v -0.025731 2.008525 -1.773975
v -0.011562 1.925518 -1.794356
v 0.004861 1.842879 -1.814541
v 0.022907 1.763785 -1.833754
v 0.041884 1.691274 -1.851257
v 0.061061 1.628134 -1.866379
v 0.079701 1.576790 -1.878536
v 0.097089 1.539216 -1.887263
v 0.112556 1.516856 -1.892223
v 0.125508 1.510569 -1.893227
v 0.135447 1.520597 -1.890236
v 0.141990 1.546554 -1.883364
v 0.144888 1.587443 -1.872876
v 0.144027 1.641692 -1.859175
v 0.139442 1.707217 -1.842787
v 0.131308 1.781500 -1.824342
v 0.119939 1.861685 -1.804549
v 0.105770 1.944692 -1.784169
v 0.089347 2.027331 -1.763984
v 0.071300 2.106425 -1.744771
v 0.052324 2.178936 -1.727267
v 0.033147 2.242076 -1.712146
v 0.014507 2.293420 -1.699989
v -0.002881 2.330994 -1.691262
v -0.018348 2.353354 -1.686301
v 0.162453 2.578163 -4.328170
v 0.649826 1.962150 -1.048413
v 0.649002 2.026673 -1.055158
v 0.639496 2.063240 -1.058401
v 0.631894 2.069105 -1.058531
v 0.622757 2.066283 -1.057647
v 0.601331 2.035340 -1.053012
v 0.641158 1.877769 -1.047420
v 0.645548 1.918962 -1.060170
v 0.647878 1.957238 -1.071843
v 0.648060 1.991125 -1.081991
v 0.646087 2.019322 -1.090224
v 0.642034 2.040744 -1.096224
v 0.636058 2.054569 -1.099763
v 0.628388 2.060265 -1.100704
v 0.619318 2.057613 -1.099010
v 0.609198 2.046715 -1.094746
v 0.598416 2.027990 -1.088078
v 0.587386 2.002157 -1.079260
v 0.576533 1.970210 -1.068632
v 0.566274 1.933376 -1.056601
v 0.557002 1.893071 -1.043632
v 0.640202 1.874416 -1.055133
v 0.643670 1.912385 -1.075300
v 0.645153 1.947689 -1.093809
v 0.644592 1.978972 -1.109949
v 0.642008 2.005031 -1.123098
v 0.637503 2.024864 -1.132753
v 0.631247 2.037711 -1.138542
v 0.623483 2.043077 -1.140242
v 0.614507 2.040755 -1.137788
v 0.604666 2.030835 -1.131275
v 0.594338 2.013699 -1.120952
v 0.583918 1.990004 -1.107217
v 0.573808 1.960661 -1.090598
v 0.564397 1.926799 -1.071732
v 0.556045 1.889718 -1.051345
v 0.639008 1.869563 -1.062037
v 0.641330 1.902865 -1.088841
v 0.641755 1.933869 -1.113468
v 0.640267 1.961382 -1.134969
v 0.636923 1.984348 -1.152519
v 0.631852 2.001883 -1.165444
v 0.625249 2.013314 -1.173246
v 0.617367 2.018201 -1.175626
v 0.608509 2.016357 -1.172493
v 0.599016 2.007853 -1.163966
v 0.589252 1.993015 -1.150373
v 0.579594 1.972414 -1.132238
v 0.570411 1.946841 -1.110256
v 0.562056 1.917279 -1.085273
v 0.554852 1.884865 -1.058248
v 0.637625 1.863396 -1.067864
v 0.638616 1.890770 -1.100272
v 0.637815 1.916309 -1.130063
v 0.635253 1.939033 -1.156091
v 0.631027 1.958068 -1.177356
v 0.625301 1.972682 -1.193041
v 0.618294 1.982314 -1.202543
v 0.610275 1.986594 -1.205497
v 0.601554 1.985358 -1.201789
v 0.592464 1.978652 -1.191563
v 0.583356 1.966735 -1.175210
v 0.574579 1.950065 -1.153360
v 0.566471 1.929281 -1.126851
v 0.559343 1.905184 -1.096704
v 0.553468 1.878698 -1.064076
v 0.636104 1.856154 -1.072392
v 0.635633 1.876564 -1.109154
v 0.633485 1.895685 -1.142957
v 0.629741 1.912783 -1.172502
v 0.624546 1.927201 -1.196654
v 0.618099 1.938385 -1.214483
v 0.610649 1.945904 -1.225306
v 0.602481 1.949471 -1.228706
v 0.593909 1.948948 -1.224553
v 0.585263 1.944355 -1.213005
v 0.576875 1.935869 -1.194508
v 0.569067 1.923815 -1.169771
v 0.562140 1.908657 -1.139746
v 0.556360 1.890978 -1.105586
v 0.551948 1.871456 -1.068604
v 0.634879 1.835241 -1.034083
v 0.634505 1.848114 -1.075446
v 0.632496 1.860792 -1.115145
v 0.628930 1.872788 -1.151655
v 0.623944 1.883641 -1.183573
v 0.617729 1.892933 -1.209671
v 0.610525 1.900308 -1.228947
v 0.602608 1.905483 -1.240661
v 0.594282 1.908258 -1.244362
v 0.585868 1.908527 -1.239907
v 0.577689 1.906279 -1.227469
v 0.570058 1.901601 -1.207525
v 0.563270 1.894673 -1.180841
v 0.557585 1.885760 -1.148444
v 0.553222 1.875206 -1.111577
v 0.550348 1.863416 -1.071658
v 0.632888 1.839585 -1.076909
v 0.629325 1.844061 -1.118016
v 0.624326 1.848498 -1.155822
v 0.618084 1.852726 -1.188876
v 0.610839 1.856582 -1.215907
v 0.602869 1.859917 -1.235877
v 0.594480 1.862603 -1.248018
v 0.585995 1.864538 -1.251862
v 0.577740 1.865647 -1.247264
v 0.570032 1.865887 -1.234399
v 0.563168 1.865249 -1.213761
v 0.557410 1.863758 -1.186145
v 0.552981 1.861471 -1.152611
v 0.550051 1.858475 -1.114447
v 0.548732 1.854886 -1.073121
v 0.631316 1.830894 -1.076725
v 0.626241 1.827014 -1.117655
v 0.619850 1.823750 -1.155298
v 0.612387 1.821228 -1.188210
v 0.604140 1.819543 -1.215124
v 0.595425 1.818762 -1.235006
v 0.586578 1.818914 -1.247093
v 0.577938 1.819993 -1.250920
v 0.569838 1.821957 -1.246339
v 0.562589 1.824732 -1.233528
v 0.556469 1.828211 -1.212978
v 0.551713 1.832260 -1.185478
v 0.548505 1.836722 -1.152087
v 0.546968 1.841428 -1.114086
v 0.547160 1.846196 -1.072937
v 0.629850 1.822376 -1.074901
v 0.623364 1.810306 -1.114077
v 0.615673 1.799494 -1.150104
v 0.607071 1.790355 -1.181598
v 0.597889 1.783241 -1.207349
v 0.588480 1.778425 -1.226368
v 0.579205 1.776093 -1.237923
v 0.570421 1.776333 -1.241570
v 0.562465 1.779136 -1.237169
v 0.555643 1.784396 -1.224890
v 0.550218 1.791909 -1.205204
v 0.546398 1.801387 -1.178867
v 0.544329 1.812466 -1.146892
v 0.544091 1.824720 -1.110508
v 0.545693 1.837678 -1.071113
v 0.628545 1.814359 -1.071507
v 0.620805 1.794579 -1.107419
v 0.611957 1.776662 -1.140438
v 0.602341 1.761296 -1.169296
v 0.592327 1.749071 -1.192884
v 0.582299 1.740457 -1.210294
v 0.572644 1.735786 -1.220859
v 0.563731 1.735236 -1.224172
v 0.555904 1.738830 -1.220106
v 0.549463 1.746428 -1.208816
v 0.544656 1.757739 -1.190738
v 0.541667 1.772328 -1.166565
v 0.540612 1.789634 -1.137227
v 0.541531 1.808993 -1.103851
v 0.544388 1.829661 -1.067719
v 0.627451 1.807150 -1.066674
v 0.618660 1.780438 -1.097937
v 0.608843 1.756132 -1.126673
v 0.598378 1.735166 -1.151776
v 0.587668 1.718345 -1.172282
v 0.577122 1.706317 -1.187404
v 0.567148 1.699543 -1.196558
v 0.558128 1.698283 -1.199395
v 0.550408 1.702586 -1.195805
v 0.544286 1.712287 -1.185925
v 0.539997 1.727013 -1.170137
v 0.537705 1.746198 -1.149045
v 0.537499 1.769104 -1.123461
v 0.539386 1.794852 -1.094369
v 0.543295 1.822452 -1.062885
v 0.626612 1.801026 -1.060586
v 0.617013 1.768425 -1.085996
v 0.606453 1.738692 -1.109337
v 0.595336 1.712970 -1.129712
v 0.584090 1.692245 -1.146337
v 0.573147 1.677316 -1.158575
v 0.562928 1.668755 -1.165954
v 0.553825 1.666893 -1.168191
v 0.546188 1.671799 -1.165200
v 0.540311 1.683286 -1.157097
v 0.536419 1.700913 -1.144191
v 0.534662 1.724002 -1.126981
v 0.535108 1.751665 -1.106125
v 0.537740 1.782839 -1.082428
v 0.542455 1.816328 -1.056798
v 0.626058 1.796222 -1.053478
v 0.615928 1.759003 -1.072054
v 0.604877 1.725014 -1.089097
v 0.593330 1.695560 -1.103951
v 0.581731 1.671774 -1.116045
v 0.570526 1.654569 -1.124916
v 0.560145 1.644607 -1.130222
v 0.550988 1.642272 -1.131759
v 0.543405 1.647651 -1.129468
v 0.537690 1.660540 -1.123438
v 0.534060 1.680441 -1.113899
v 0.532656 1.706592 -1.101219
v 0.533532 1.737986 -1.085885
v 0.536654 1.773417 -1.068486
v 0.541902 1.811524 -1.049690
v 0.625812 1.792924 -1.045624
v 0.615445 1.752534 -1.056647
v 0.604176 1.715621 -1.066729
v 0.592438 1.683606 -1.075482
v 0.580682 1.657717 -1.082571
v 0.569360 1.638950 -1.087721
v 0.558908 1.628027 -1.090736
v 0.549726 1.625366 -1.091499
v 0.542168 1.631070 -1.089982
v 0.536524 1.644921 -1.086243
v 0.533011 1.666385 -1.080425
v 0.531764 1.694638 -1.072751
v 0.532831 1.728594 -1.063518
v 0.536171 1.766948 -1.053079
v 0.541656 1.808226 -1.041836
v 0.625883 1.791258 -1.037325
v 0.615584 1.749265 -1.040368
v 0.604377 1.710877 -1.043095
v 0.592694 1.677567 -1.045402
v 0.580983 1.650616 -1.047199
v 0.569695 1.631060 -1.048419
v 0.559263 1.619650 -1.049013
v 0.550088 1.616826 -1.048959
v 0.542523 1.622694 -1.048259
v 0.536859 1.637030 -1.046941
v 0.533312 1.659284 -1.045054
v 0.532020 1.688599 -1.042671
v 0.533032 1.723849 -1.039884
v 0.536310 1.763680 -1.036799
v 0.541726 1.806560 -1.033537
v 0.626268 1.791288 -1.028900
v 0.616338 1.749324 -1.023841
v 0.605472 1.710962 -1.019102
v 0.594088 1.677675 -1.014865
v 0.582623 1.650743 -1.011291
v 0.571517 1.631201 -1.008520
v 0.561197 1.619800 -1.006656
v 0.552060 1.616978 -1.005773
v 0.544457 1.622844 -1.005903
v 0.538680 1.637172 -1.007042
v 0.534952 1.659411 -1.009145
v 0.533415 1.688707 -1.012133
v 0.534128 1.723934 -1.015891
v 0.537064 1.763738 -1.020273
v 0.542111 1.806590 -1.025111
v 0.626952 1.793013 -1.020672
v 0.617680 1.752707 -1.007702
v 0.607420 1.715873 -0.995672
v 0.596567 1.683926 -0.985044
v 0.585538 1.658094 -0.976226
v 0.574755 1.639369 -0.969557
v 0.564635 1.628471 -0.965294
v 0.555566 1.625819 -0.963600
v 0.547895 1.631515 -0.964541
v 0.541919 1.645339 -0.968079
v 0.537867 1.666761 -0.974080
v 0.535894 1.694958 -0.982313
v 0.536076 1.728845 -0.992461
v 0.538406 1.767121 -1.004134
v 0.542795 1.808315 -1.016884
v 0.627909 1.796366 -1.012959
v 0.619557 1.759285 -0.992572
v 0.610145 1.725422 -0.973706
v 0.600035 1.696080 -0.957086
v 0.589616 1.672385 -0.943351
v 0.579287 1.655248 -0.933029
v 0.569446 1.645329 -0.926516
v 0.560471 1.643007 -0.924062
v 0.552706 1.648372 -0.925762
v 0.546451 1.661219 -0.931551
v 0.541945 1.681053 -0.941205
v 0.539362 1.707112 -0.954355
v 0.538801 1.738394 -0.970495
v 0.540283 1.773699 -0.989003
v 0.543752 1.811668 -1.009171
v 0.629102 1.801219 -1.006056
v 0.621897 1.768804 -0.979031
v 0.613543 1.739242 -0.954048
v 0.604360 1.713669 -0.932066
v 0.594701 1.693068 -0.913930
v 0.584937 1.678230 -0.900338
v 0.575444 1.669726 -0.891811
v 0.566587 1.667882 -0.888678
v 0.558705 1.672770 -0.891058
v 0.552101 1.684201 -0.898860
v 0.547030 1.701736 -0.911784
v 0.543687 1.724701 -0.929335
v 0.542199 1.752215 -0.950836
v 0.542624 1.783218 -0.975462
v 0.544945 1.816521 -1.002267
v 0.630485 1.807385 -1.000228
v 0.624611 1.780899 -0.967600
v 0.617483 1.756802 -0.937452
v 0.609374 1.736019 -0.910944
v 0.600597 1.719348 -0.889094
v 0.591489 1.707431 -0.872741
v 0.582400 1.700725 -0.862514
v 0.573678 1.699489 -0.858807
v 0.565660 1.703769 -0.861761
v 0.558653 1.713401 -0.871263
v 0.552927 1.728016 -0.886948
v 0.548701 1.747051 -0.908213
v 0.546138 1.769774 -0.934241
v 0.545337 1.795313 -0.964031
v 0.546329 1.822687 -0.996440
v 0.549074 1.850842 -1.030221
v 0.632006 1.814627 -0.995700
v 0.627594 1.795106 -0.958718
v 0.621813 1.777426 -0.924558
v 0.614886 1.762269 -0.894533
v 0.607078 1.750215 -0.869796
v 0.598691 1.741729 -0.851299
v 0.590045 1.737135 -0.839751
v 0.581473 1.736612 -0.835598
v 0.573305 1.740179 -0.838998
v 0.565854 1.747699 -0.849820
v 0.559408 1.758883 -0.867650
v 0.554213 1.773301 -0.891801
v 0.550469 1.790399 -0.921347
v 0.548320 1.809520 -0.955150
v 0.547849 1.829929 -0.991912
v 0.633605 1.822668 -0.992646
v 0.630731 1.810878 -0.952727
v 0.626368 1.800323 -0.915860
v 0.620683 1.791411 -0.883462
v 0.613895 1.784483 -0.856779
v 0.606265 1.779805 -0.836835
v 0.598085 1.777557 -0.824396
v 0.589671 1.777826 -0.819942
v 0.581346 1.780601 -0.823643
v 0.573429 1.785775 -0.835357
v 0.566224 1.793150 -0.854633
v 0.560010 1.802443 -0.880731
v 0.555024 1.813296 -0.912649
v 0.551458 1.825292 -0.949158
v 0.549449 1.837970 -0.988858
v 0.635222 1.831197 -0.991183
v 0.633903 1.827608 -0.949857
v 0.630972 1.824613 -0.911693
v 0.626543 1.822325 -0.878159
v 0.620786 1.820834 -0.850542
v 0.613921 1.820196 -0.829905
v 0.606213 1.820436 -0.817040
v 0.597958 1.821545 -0.812442
v 0.589473 1.823480 -0.816286
v 0.581085 1.826167 -0.828427
v 0.573115 1.829502 -0.848396
v 0.565870 1.833357 -0.875428
v 0.559628 1.837585 -0.908482
v 0.554629 1.842022 -0.946288
v 0.551065 1.846499 -0.987394
v 0.636794 1.839887 -0.991367
v 0.636986 1.844655 -0.950217
v 0.635448 1.849361 -0.912217
v 0.632240 1.853824 -0.878825
v 0.627485 1.857872 -0.851326
v 0.621365 1.861351 -0.830776
v 0.614115 1.864126 -0.817965
v 0.606015 1.866091 -0.813384
v 0.597376 1.867170 -0.817211
v 0.588529 1.867321 -0.829298
v 0.579814 1.866540 -0.849180
v 0.571567 1.864856 -0.876094
v 0.564104 1.862333 -0.909005
v 0.557712 1.859069 -0.946649
v 0.552637 1.855189 -0.987578
v 0.638260 1.848405 -0.993191
v 0.639863 1.861363 -0.953795
v 0.639625 1.873617 -0.917411
v 0.637556 1.884696 -0.885437
v 0.633736 1.894174 -0.859100
v 0.628310 1.901688 -0.839414
v 0.621489 1.906947 -0.827135
v 0.613533 1.909751 -0.822734
v 0.604749 1.909991 -0.826381
v 0.595474 1.907658 -0.837936
v 0.586065 1.902842 -0.856954
v 0.576883 1.895728 -0.882706
v 0.568281 1.886589 -0.914200
v 0.560589 1.875777 -0.950227
v 0.554104 1.863707 -0.989402
v 0.639565 1.856423 -0.996585
v 0.642423 1.877090 -0.960453
v 0.643341 1.896449 -0.927077
v 0.642286 1.913756 -0.897739
v 0.639297 1.928345 -0.873566
v 0.634490 1.939655 -0.855488
v 0.628049 1.947254 -0.844198
v 0.620222 1.950847 -0.840132
v 0.611310 1.950297 -0.843445
v 0.601654 1.945626 -0.854009
v 0.591627 1.937012 -0.871420
v 0.581613 1.924787 -0.895008
v 0.571997 1.909421 -0.923866
v 0.563149 1.891504 -0.956885
v 0.555409 1.871724 -0.992797
v 0.640659 1.863632 -1.001419
v 0.644567 1.891231 -0.969935
v 0.646455 1.916979 -0.940842
v 0.646249 1.939885 -0.915259
v 0.643957 1.959070 -0.894167
v 0.639668 1.973796 -0.878378
v 0.633545 1.983497 -0.868499
v 0.625826 1.987800 -0.864909
v 0.616806 1.986541 -0.867746
v 0.606831 1.979766 -0.876900
v 0.596286 1.967738 -0.892021
v 0.585575 1.950917 -0.912528
v 0.575110 1.929951 -0.937631
v 0.565293 1.905645 -0.966367
v 0.556502 1.878934 -0.997630
v 0.641498 1.869756 -1.007506
v 0.646214 1.903244 -0.981876
v 0.648845 1.934419 -0.958178
v 0.649291 1.962082 -0.937323
v 0.647535 1.985170 -0.920112
v 0.643643 2.002797 -0.907207
v 0.637766 2.014284 -0.899103
v 0.630129 2.019191 -0.896113
v 0.621026 2.017328 -0.898350
v 0.610807 2.008767 -0.905729
v 0.599864 1.993838 -0.917967
v 0.588618 1.973114 -0.934592
v 0.577501 1.947391 -0.954967
v 0.566940 1.917658 -0.978308
v 0.557342 1.885058 -1.003718
v 0.642052 1.874559 -1.014614
v 0.647299 1.912666 -0.995818
v 0.650421 1.948097 -0.978419
v 0.651297 1.979492 -0.963084
v 0.649893 2.005642 -0.950404
v 0.646264 2.025544 -0.940866
v 0.640548 2.038432 -0.934835
v 0.632966 2.043812 -0.932545
v 0.623808 2.041476 -0.934082
v 0.613428 2.031514 -0.939388
v 0.602222 2.014310 -0.948259
v 0.590624 1.990524 -0.960353
v 0.579077 1.961070 -0.975207
v 0.568026 1.927080 -0.992250
v 0.557895 1.889861 -1.010825
v 0.642298 1.877857 -1.022468
v 0.647782 1.919136 -1.011225
v 0.651122 1.957490 -1.000786
v 0.652189 1.991446 -0.991552
v 0.650942 2.019698 -0.983879
v 0.647429 2.041162 -0.978061
v 0.641785 2.055013 -0.974321
v 0.634227 2.060717 -0.972804
v 0.625046 2.058057 -0.973568
v 0.614593 2.047133 -0.976583
v 0.603271 2.028366 -0.981733
v 0.591516 2.002478 -0.988821
v 0.579778 1.970462 -0.997574
v 0.568509 1.933550 -1.007656
v 0.558141 1.893159 -1.018680
v 0.642227 1.879523 -1.030767
v 0.647644 1.922404 -1.027504
v 0.650921 1.962234 -1.024420
v 0.651933 1.997485 -1.021633
v 0.650641 2.026800 -1.019250
v 0.647095 2.049053 -1.017363
v 0.641430 2.063389 -1.016045
v 0.633865 2.069258 -1.015345
v 0.624691 2.066433 -1.015291
v 0.614259 2.055023 -1.015885
v 0.602970 2.035467 -1.017104
v 0.591260 2.008517 -1.018902
v 0.579577 1.975207 -1.021209
v 0.568370 1.936818 -1.023936
v 0.558071 1.894825 -1.026979
v 0.641842 1.879493 -1.039192
v 0.646889 1.922345 -1.044031
v 0.650539 1.997377 -1.052171
v 0.645273 2.048912 -1.057262
v 0.612437 2.054882 -1.055784
v 0.589865 2.008409 -1.049439
v 0.578481 1.975122 -1.045202
v 0.567615 1.936759 -1.040463
v 0.557686 1.894795 -1.035404
v 0.436220 3.852812 -0.897548
v 0.407478 3.896928 -0.900953
v 0.383207 3.917913 -0.900708
v 0.373946 3.918578 -0.899206
v 0.367103 3.912571 -0.896850
v 0.361617 3.881717 -0.889967
v 0.464132 3.790364 -0.897529
v 0.449094 3.820306 -0.907401
v 0.433585 3.847354 -0.916105
v 0.418201 3.870469 -0.923305
v 0.403534 3.888760 -0.928725
v 0.390147 3.901527 -0.932156
v 0.378555 3.908278 -0.933467
v 0.369204 3.908754 -0.932607
v 0.362451 3.902936 -0.929609
v 0.358558 3.891049 -0.924589
v 0.357674 3.873549 -0.917739
v 0.359832 3.851108 -0.909323
v 0.364950 3.824589 -0.899664
v 0.372831 3.795011 -0.889133
v 0.383172 3.763510 -0.878135
v 0.463714 3.787220 -0.903628
v 0.448274 3.814139 -0.919366
v 0.432394 3.838400 -0.933474
v 0.416685 3.859072 -0.945412
v 0.401752 3.875360 -0.954720
v 0.388167 3.886637 -0.961040
v 0.376453 3.892471 -0.964130
v 0.367060 3.892637 -0.963871
v 0.360349 3.887129 -0.960272
v 0.356578 3.876159 -0.953473
v 0.355892 3.860148 -0.943734
v 0.358317 3.839712 -0.931430
v 0.363759 3.815635 -0.917033
v 0.372011 3.788843 -0.901097
v 0.382754 3.760366 -0.884234
v 0.463819 3.782969 -0.909076
v 0.448480 3.805800 -0.930052
v 0.432693 3.826294 -0.948988
v 0.417066 3.843663 -0.965158
v 0.402200 3.857241 -0.977938
v 0.388665 3.866505 -0.986839
v 0.376981 3.871099 -0.991518
v 0.367599 3.870846 -0.991795
v 0.360878 3.865757 -0.987660
v 0.357076 3.856027 -0.979272
v 0.356340 3.842030 -0.966952
v 0.358697 3.824303 -0.951175
v 0.364059 3.803528 -0.932547
v 0.372217 3.780504 -0.911783
v 0.382859 3.756115 -0.889682
v 0.464444 3.777774 -0.913663
v 0.449704 3.795610 -0.939049
v 0.434471 3.811501 -0.962051
v 0.419329 3.824835 -0.981783
v 0.404860 3.835101 -0.997488
v 0.391621 3.841904 -1.008561
v 0.380120 3.844983 -1.014578
v 0.370799 3.844218 -1.015307
v 0.364016 3.839641 -1.010720
v 0.360032 3.831426 -1.000994
v 0.359000 3.819890 -0.986502
v 0.360960 3.805474 -0.967801
v 0.365836 3.788735 -0.945610
v 0.373442 3.770314 -0.920781
v 0.383484 3.750920 -0.894269
v 0.465563 3.771835 -0.917213
v 0.451900 3.783961 -0.946013
v 0.437659 3.794588 -0.972160
v 0.423386 3.803310 -0.994650
v 0.409631 3.809790 -1.012617
v 0.396922 3.813780 -1.025372
v 0.385748 3.815126 -1.032425
v 0.376537 3.813777 -1.033503
v 0.369644 3.809785 -1.028567
v 0.365333 3.803302 -1.017805
v 0.363771 3.794579 -1.001631
v 0.365018 3.783949 -0.980667
v 0.369024 3.771822 -0.955719
v 0.375638 3.758665 -0.927744
v 0.384603 3.744981 -0.897819
v 0.478122 3.758678 -0.886866
v 0.467135 3.765381 -0.919589
v 0.454983 3.771300 -0.950674
v 0.442134 3.776207 -0.978928
v 0.429083 3.779915 -1.003263
v 0.416330 3.782281 -1.022745
v 0.404365 3.783214 -1.036626
v 0.393649 3.782678 -1.044372
v 0.384593 3.780693 -1.045685
v 0.377545 3.777336 -1.040514
v 0.372776 3.772736 -1.029059
v 0.370470 3.767070 -1.011760
v 0.370714 3.760555 -0.989281
v 0.373500 3.753442 -0.962486
v 0.378720 3.746004 -0.932405
v 0.386175 3.738527 -0.900195
v 0.469098 3.758658 -0.920701
v 0.458834 3.758114 -0.952855
v 0.447726 3.757064 -0.982093
v 0.436199 3.755551 -1.007292
v 0.424698 3.753632 -1.027483
v 0.413663 3.751380 -1.041890
v 0.403520 3.748883 -1.049960
v 0.394657 3.746236 -1.051382
v 0.387416 3.743541 -1.046102
v 0.382074 3.740902 -1.034323
v 0.378838 3.738420 -1.016497
v 0.377830 3.736190 -0.993310
v 0.379091 3.734299 -0.965652
v 0.382572 3.732818 -0.934586
v 0.388138 3.731805 -0.901307
v 0.471378 3.751927 -0.920505
v 0.463306 3.744909 -0.952470
v 0.454218 3.737895 -0.981535
v 0.444462 3.731153 -1.006582
v 0.434414 3.724942 -1.026648
v 0.424459 3.719502 -1.040962
v 0.414981 3.715041 -1.048975
v 0.406343 3.711731 -1.050378
v 0.398877 3.709700 -1.045117
v 0.392870 3.709024 -1.033395
v 0.388554 3.709730 -1.015662
v 0.386093 3.711792 -0.992600
v 0.385583 3.715129 -0.965094
v 0.387044 3.719614 -0.934202
v 0.390418 3.725073 -0.901111
v 0.473886 3.745445 -0.919009
v 0.468227 3.732194 -0.949536
v 0.461361 3.719435 -0.977275
v 0.453554 3.707658 -1.001160
v 0.445105 3.697315 -1.020272
v 0.436338 3.688804 -1.033878
v 0.427592 3.682453 -1.041454
v 0.419201 3.678505 -1.042710
v 0.411488 3.677112 -1.037597
v 0.404749 3.678327 -1.026311
v 0.399245 3.682104 -1.009286
v 0.395185 3.688297 -0.987177
v 0.392727 3.696669 -0.960834
v 0.391964 3.706898 -0.931267
v 0.392926 3.718591 -0.899615
v 0.476527 3.739461 -0.916270
v 0.473407 3.720457 -0.944164
v 0.468882 3.702394 -0.969477
v 0.463126 3.685969 -0.991234
v 0.456360 3.671813 -1.008601
v 0.448844 3.660468 -1.020910
v 0.440868 3.652371 -1.027687
v 0.432737 3.647833 -1.028673
v 0.424764 3.647029 -1.023829
v 0.417255 3.649990 -1.013342
v 0.410500 3.656601 -0.997615
v 0.404757 3.666609 -0.977252
v 0.400247 3.679629 -0.953035
v 0.397144 3.695161 -0.925896
v 0.395567 3.712607 -0.896876
v 0.479199 3.734206 -0.912395
v 0.478647 3.710148 -0.936562
v 0.476490 3.687428 -0.958439
v 0.472809 3.666921 -0.977186
v 0.467746 3.649414 -0.992083
v 0.461496 3.635580 -1.002555
v 0.454299 3.625950 -1.008203
v 0.446431 3.620895 -1.008807
v 0.438195 3.620609 -1.004345
v 0.429907 3.625102 -0.994988
v 0.421886 3.634203 -0.981097
v 0.414440 3.647561 -0.963204
v 0.407855 3.664663 -0.941998
v 0.402385 3.684852 -0.918293
v 0.398239 3.707352 -0.893000
v 0.481798 3.729881 -0.907530
v 0.483747 3.701664 -0.927020
v 0.483893 3.675112 -0.944588
v 0.482232 3.651245 -0.959556
v 0.478826 3.630981 -0.971352
v 0.473808 3.615098 -0.979521
v 0.467369 3.604207 -0.983749
v 0.459757 3.598726 -0.983874
v 0.451265 3.598865 -0.979891
v 0.442219 3.604620 -0.971954
v 0.432966 3.615770 -0.960366
v 0.423863 3.631885 -0.945574
v 0.415259 3.652346 -0.928146
v 0.407484 3.676368 -0.908752
v 0.400838 3.703027 -0.888136
v 0.484226 3.726652 -0.901865
v 0.488510 3.695331 -0.915907
v 0.490808 3.665918 -0.928454
v 0.491032 3.639544 -0.939022
v 0.489174 3.617222 -0.947206
v 0.485306 3.599810 -0.952691
v 0.479575 3.587976 -0.955267
v 0.472203 3.582177 -0.954834
v 0.463471 3.582635 -0.951409
v 0.453717 3.589332 -0.945124
v 0.443314 3.602010 -0.936220
v 0.432663 3.620183 -0.925040
v 0.422173 3.643152 -0.912012
v 0.412247 3.670035 -0.897639
v 0.403266 3.699798 -0.882471
v 0.486389 3.724644 -0.895616
v 0.492753 3.691393 -0.903649
v 0.496967 3.660200 -0.910657
v 0.498872 3.632267 -0.916372
v 0.498393 3.608665 -0.920572
v 0.495549 3.590301 -0.923097
v 0.490449 3.577883 -0.923850
v 0.483290 3.571886 -0.922801
v 0.474345 3.572541 -0.919992
v 0.463960 3.579823 -0.915530
v 0.452533 3.593453 -0.909586
v 0.440503 3.612906 -0.902389
v 0.428333 3.637435 -0.894216
v 0.416490 3.666097 -0.885380
v 0.405429 3.697791 -0.876222
v 0.488204 3.723934 -0.889023
v 0.496312 3.690000 -0.890717
v 0.502136 3.658178 -0.891883
v 0.505450 3.629693 -0.892476
v 0.506128 3.605638 -0.892474
v 0.504143 3.586939 -0.891876
v 0.499573 3.574313 -0.890706
v 0.492592 3.568246 -0.889008
v 0.483469 3.568971 -0.886848
v 0.472554 3.576461 -0.884309
v 0.460268 3.590427 -0.881488
v 0.447081 3.610332 -0.878494
v 0.433501 3.635413 -0.875442
v 0.420050 3.664704 -0.872448
v 0.407244 3.697081 -0.869629
v 0.489601 3.724550 -0.882340
v 0.499053 3.691206 -0.877608
v 0.506114 3.659930 -0.872852
v 0.510513 3.631922 -0.868254
v 0.512081 3.608259 -0.863991
v 0.510759 3.589851 -0.860228
v 0.506595 3.577405 -0.857109
v 0.499752 3.571399 -0.854753
v 0.490492 3.572063 -0.853251
v 0.479170 3.579373 -0.852661
v 0.466221 3.593048 -0.853006
v 0.452144 3.612561 -0.854272
v 0.437479 3.637164 -0.856410
v 0.422790 3.665910 -0.859339
v 0.408641 3.697696 -0.862946
v 0.490526 3.726466 -0.875824
v 0.500868 3.694966 -0.864826
v 0.508749 3.665388 -0.854295
v 0.513867 3.638868 -0.844636
v 0.516025 3.616427 -0.836219
v 0.515140 3.598927 -0.829369
v 0.511247 3.587039 -0.824349
v 0.504495 3.581222 -0.821351
v 0.495143 3.581698 -0.820491
v 0.483551 3.588449 -0.821802
v 0.470165 3.601216 -0.825234
v 0.455498 3.619508 -0.830653
v 0.440114 3.642622 -0.837853
v 0.424605 3.669670 -0.846557
v 0.409566 3.699612 -0.856430
v 0.490945 3.729610 -0.869725
v 0.501688 3.701133 -0.852862
v 0.509939 3.674342 -0.836926
v 0.515382 3.650265 -0.822529
v 0.517807 3.629828 -0.810224
v 0.517121 3.613817 -0.800485
v 0.513349 3.602847 -0.793686
v 0.506638 3.597339 -0.790088
v 0.497246 3.597506 -0.789829
v 0.485532 3.603339 -0.792919
v 0.471947 3.614617 -0.799239
v 0.457013 3.630904 -0.808547
v 0.441305 3.651576 -0.820484
v 0.425425 3.675838 -0.834593
v 0.409985 3.702756 -0.850331
v 0.490839 3.733861 -0.864277
v 0.501482 3.709472 -0.842176
v 0.509640 3.686448 -0.821412
v 0.515001 3.665673 -0.802783
v 0.517359 3.647947 -0.787006
v 0.516623 3.633950 -0.774687
v 0.512821 3.624219 -0.766298
v 0.506100 3.619130 -0.762163
v 0.496717 3.618878 -0.762441
v 0.485034 3.623471 -0.767120
v 0.471499 3.632735 -0.776020
v 0.456632 3.646313 -0.788801
v 0.441006 3.663682 -0.804970
v 0.425219 3.684176 -0.823907
v 0.409880 3.707007 -0.844883
v 0.490215 3.739056 -0.859690
v 0.500257 3.719662 -0.833178
v 0.507862 3.701241 -0.808349
v 0.512739 3.684502 -0.786158
v 0.514698 3.670087 -0.767457
v 0.513667 3.658550 -0.752964
v 0.509683 3.650335 -0.743238
v 0.502900 3.645758 -0.738651
v 0.493579 3.644994 -0.739380
v 0.482078 3.648072 -0.745397
v 0.468838 3.654876 -0.756471
v 0.454370 3.665142 -0.772175
v 0.439228 3.678476 -0.791907
v 0.423995 3.694366 -0.814909
v 0.409255 3.712202 -0.840296
v 0.395576 3.731298 -0.867092
v 0.489096 3.744995 -0.856140
v 0.498061 3.731312 -0.826214
v 0.504674 3.718154 -0.798240
v 0.508681 3.706027 -0.773291
v 0.509927 3.695398 -0.752327
v 0.508365 3.686674 -0.736153
v 0.504055 3.680192 -0.725391
v 0.497162 3.676199 -0.720455
v 0.487951 3.674850 -0.721534
v 0.476776 3.676196 -0.728586
v 0.464067 3.680186 -0.741341
v 0.450312 3.686666 -0.759309
v 0.436040 3.695388 -0.781798
v 0.421799 3.706016 -0.807946
v 0.408136 3.718141 -0.836746
v 0.487524 3.751450 -0.853763
v 0.494978 3.743972 -0.821553
v 0.500199 3.736535 -0.791472
v 0.502985 3.729421 -0.764678
v 0.503229 3.722907 -0.742199
v 0.500923 3.717240 -0.724900
v 0.496154 3.712640 -0.713444
v 0.489106 3.709284 -0.708274
v 0.480050 3.707299 -0.709587
v 0.469334 3.706762 -0.717332
v 0.457369 3.707695 -0.731213
v 0.444616 3.710061 -0.750695
v 0.431564 3.713769 -0.775031
v 0.418716 3.718677 -0.803284
v 0.406564 3.724596 -0.834369
v 0.485561 3.758172 -0.852652
v 0.491127 3.757158 -0.819372
v 0.494607 3.755678 -0.788307
v 0.495868 3.753786 -0.760649
v 0.494861 3.751556 -0.737461
v 0.491625 3.749074 -0.719635
v 0.486283 3.746435 -0.707856
v 0.479042 3.743740 -0.702576
v 0.470179 3.741093 -0.703998
v 0.460036 3.738596 -0.712068
v 0.449001 3.736345 -0.726475
v 0.437499 3.734426 -0.746666
v 0.425973 3.732912 -0.771865
v 0.414864 3.731863 -0.801104
v 0.404601 3.731318 -0.833258
v 0.483281 3.764903 -0.852848
v 0.486655 3.770363 -0.819757
v 0.488115 3.774848 -0.788865
v 0.487605 3.778184 -0.761359
v 0.485145 3.780246 -0.738296
v 0.480828 3.780952 -0.720563
v 0.474822 3.780277 -0.708841
v 0.467356 3.778245 -0.703581
v 0.458718 3.774935 -0.704983
v 0.449239 3.770474 -0.712996
v 0.439285 3.765034 -0.727311
v 0.429237 3.758824 -0.747377
v 0.419481 3.752082 -0.772423
v 0.410393 3.745067 -0.801488
v 0.402321 3.738050 -0.833454
v 0.480772 3.771385 -0.854344
v 0.481735 3.783078 -0.822691
v 0.480972 3.793307 -0.793125
v 0.478513 3.801679 -0.766781
v 0.474454 3.807873 -0.744672
v 0.468949 3.811650 -0.727648
v 0.462211 3.812865 -0.716362
v 0.454498 3.811471 -0.711249
v 0.446107 3.807523 -0.712504
v 0.437360 3.801172 -0.720080
v 0.428594 3.792661 -0.733686
v 0.420145 3.782319 -0.752799
v 0.412337 3.770541 -0.776683
v 0.405472 3.757782 -0.804422
v 0.399813 3.744531 -0.834950
v 0.478132 3.777369 -0.857082
v 0.476555 3.794816 -0.828063
v 0.473451 3.810348 -0.800923
v 0.468942 3.823367 -0.776707
v 0.463199 3.833375 -0.756343
v 0.456444 3.839987 -0.740616
v 0.448935 3.842947 -0.730129
v 0.440962 3.842143 -0.725286
v 0.432831 3.837605 -0.726271
v 0.424855 3.829509 -0.733049
v 0.417339 3.818164 -0.745358
v 0.410573 3.804007 -0.762724
v 0.404817 3.787582 -0.784482
v 0.400292 3.769520 -0.809794
v 0.397172 3.750515 -0.837688
v 0.475460 3.782624 -0.860958
v 0.471314 3.805124 -0.835665
v 0.465843 3.825314 -0.811961
v 0.459259 3.842415 -0.790754
v 0.451813 3.855773 -0.772862
v 0.443792 3.864874 -0.758970
v 0.435504 3.869368 -0.749614
v 0.427268 3.869081 -0.745152
v 0.419400 3.864026 -0.745756
v 0.412203 3.854396 -0.751403
v 0.405953 3.840562 -0.761876
v 0.400890 3.823055 -0.776772
v 0.397209 3.802548 -0.795519
v 0.395051 3.779829 -0.817397
v 0.394500 3.755770 -0.841564
v 0.472860 3.786950 -0.865822
v 0.466214 3.813608 -0.845207
v 0.458440 3.837630 -0.825812
v 0.449836 3.858091 -0.808384
v 0.440733 3.874207 -0.793592
v 0.431480 3.885356 -0.782005
v 0.422434 3.891111 -0.774067
v 0.413942 3.891251 -0.770085
v 0.406330 3.885769 -0.770210
v 0.399891 3.874878 -0.774438
v 0.394872 3.858995 -0.782606
v 0.391467 3.838731 -0.794402
v 0.389805 3.814864 -0.809371
v 0.389952 3.788312 -0.826938
v 0.391900 3.760096 -0.846428
v 0.470432 3.790178 -0.871488
v 0.461452 3.819941 -0.856320
v 0.451525 3.846824 -0.841946
v 0.441035 3.869793 -0.828919
v 0.430384 3.887966 -0.817739
v 0.419982 3.900645 -0.808835
v 0.410227 3.907341 -0.802550
v 0.401496 3.907799 -0.799125
v 0.394124 3.902000 -0.798692
v 0.388393 3.890167 -0.801267
v 0.384524 3.872755 -0.806753
v 0.382667 3.850432 -0.814937
v 0.382891 3.824058 -0.825505
v 0.385189 3.794645 -0.838051
v 0.389472 3.763324 -0.852094
v 0.468269 3.792186 -0.877737
v 0.457209 3.823879 -0.868578
v 0.445366 3.852541 -0.859743
v 0.433196 3.877070 -0.851569
v 0.421166 3.896523 -0.844372
v 0.409739 3.910153 -0.838429
v 0.399353 3.917435 -0.833966
v 0.390409 3.918090 -0.831157
v 0.383250 3.912094 -0.830109
v 0.378150 3.899675 -0.830862
v 0.375306 3.881312 -0.833387
v 0.374827 3.857710 -0.837587
v 0.376731 3.829776 -0.843301
v 0.380946 3.798584 -0.850309
v 0.387309 3.765332 -0.858343
v 0.466454 3.792896 -0.884330
v 0.453649 3.825272 -0.881510
v 0.440198 3.854563 -0.878517
v 0.426618 3.879644 -0.875465
v 0.413431 3.899549 -0.872470
v 0.401144 3.913515 -0.869649
v 0.390230 3.921005 -0.867110
v 0.381107 3.921730 -0.864950
v 0.374126 3.915663 -0.863253
v 0.369555 3.903038 -0.862082
v 0.367571 3.884338 -0.861485
v 0.368249 3.860283 -0.861482
v 0.371563 3.831798 -0.862076
v 0.377386 3.799977 -0.863242
v 0.385495 3.766042 -0.864936
v 0.465058 3.792281 -0.891012
v 0.450909 3.824066 -0.894619
v 0.421555 3.877415 -0.899687
v 0.394529 3.910603 -0.901298
v 0.362940 3.900125 -0.893730
v 0.363186 3.858054 -0.885705
v 0.367585 3.830047 -0.881107
v 0.374646 3.798770 -0.876351
v 0.384098 3.765427 -0.871618
v 0.555233 3.422344 0.643409
v 0.532048 3.460966 0.638943
v 0.510792 3.479454 0.636927
v 0.501924 3.480134 0.636949
v 0.494700 3.474995 0.637667
v 0.486223 3.448267 0.641050
v 0.576908 3.368203 0.644018
v 0.566623 3.394738 0.635325
v 0.555496 3.418737 0.627389
v 0.543955 3.439277 0.620515
v 0.532442 3.455567 0.614968
v 0.521402 3.466984 0.610960
v 0.511257 3.473086 0.608646
v 0.502398 3.473641 0.608114
v 0.495165 3.468627 0.609385
v 0.489837 3.458236 0.612411
v 0.486617 3.442868 0.617074
v 0.485630 3.423114 0.623196
v 0.486914 3.399732 0.630541
v 0.490418 3.373621 0.638827
v 0.496010 3.345784 0.647736
v 0.577318 3.365849 0.638744
v 0.567427 3.390122 0.624980
v 0.556663 3.412036 0.612370
v 0.545440 3.430748 0.601400
v 0.534189 3.445539 0.592491
v 0.523342 3.455840 0.585985
v 0.513317 3.461256 0.582133
v 0.504498 3.461580 0.581081
v 0.497225 3.456797 0.582872
v 0.491777 3.447093 0.587436
v 0.488363 3.432839 0.594597
v 0.487115 3.414585 0.604081
v 0.488080 3.393030 0.615522
v 0.491222 3.369005 0.628482
v 0.496419 3.343431 0.642462
v 0.578029 3.362500 0.634025
v 0.568822 3.383553 0.615723
v 0.558688 3.402498 0.598931
v 0.548018 3.418608 0.584295
v 0.537220 3.431264 0.572377
v 0.526710 3.439979 0.563636
v 0.516893 3.444419 0.558407
v 0.508144 3.444412 0.556891
v 0.500801 3.439959 0.559146
v 0.495145 3.431232 0.565086
v 0.491395 3.418565 0.574483
v 0.489693 3.402445 0.586975
v 0.490106 3.383492 0.602083
v 0.492617 3.362435 0.619225
v 0.497131 3.340082 0.637743
v 0.579015 3.358284 0.630041
v 0.570755 3.375282 0.607908
v 0.561495 3.390491 0.587586
v 0.551589 3.403325 0.569856
v 0.541420 3.413293 0.555399
v 0.531377 3.420011 0.544771
v 0.521847 3.423221 0.538380
v 0.513195 3.422799 0.536472
v 0.505755 3.418761 0.539119
v 0.499812 3.411264 0.546222
v 0.495594 3.400594 0.557505
v 0.493265 3.387162 0.572537
v 0.492912 3.371485 0.590738
v 0.494550 3.354164 0.611411
v 0.498116 3.335865 0.633759
v 0.580236 3.353362 0.626947
v 0.573151 3.365627 0.601838
v 0.564974 3.376474 0.578773
v 0.556017 3.385486 0.558639
v 0.546627 3.392316 0.542210
v 0.537163 3.396703 0.530115
v 0.527989 3.398477 0.522822
v 0.519457 3.397570 0.520608
v 0.511897 3.394017 0.523561
v 0.505597 3.387955 0.531566
v 0.500801 3.379617 0.544316
v 0.497693 3.369323 0.561320
v 0.496391 3.357469 0.581925
v 0.496947 3.344509 0.605340
v 0.499338 3.330943 0.630665
v 0.585956 3.340150 0.653135
v 0.581648 3.347924 0.624860
v 0.575919 3.354960 0.597744
v 0.568992 3.360988 0.572830
v 0.561132 3.365776 0.551075
v 0.552641 3.369139 0.533315
v 0.543845 3.370950 0.520232
v 0.535083 3.371138 0.512330
v 0.526690 3.369695 0.509911
v 0.518991 3.366678 0.513069
v 0.512280 3.362203 0.521683
v 0.506815 3.356441 0.535421
v 0.502807 3.349613 0.553756
v 0.500410 3.341982 0.575982
v 0.499715 3.333842 0.601246
v 0.500749 3.325505 0.628578
v 0.583194 3.342179 0.623861
v 0.578952 3.343690 0.595785
v 0.573395 3.344626 0.569985
v 0.566736 3.344952 0.547454
v 0.559231 3.344653 0.529057
v 0.551167 3.343742 0.515501
v 0.542856 3.342254 0.507308
v 0.534616 3.340246 0.504791
v 0.526764 3.337795 0.508047
v 0.519602 3.334995 0.516952
v 0.513405 3.331954 0.531164
v 0.508411 3.328789 0.550135
v 0.504813 3.325621 0.573137
v 0.502748 3.322572 0.599287
v 0.502295 3.319760 0.627579
v 0.584816 3.336347 0.623988
v 0.582134 3.332251 0.596035
v 0.578014 3.328020 0.570348
v 0.572615 3.323815 0.547916
v 0.566143 3.319799 0.529601
v 0.558848 3.316126 0.516105
v 0.551010 3.312936 0.507948
v 0.542930 3.310354 0.505444
v 0.534918 3.308477 0.508688
v 0.527283 3.307378 0.517556
v 0.520318 3.307100 0.531706
v 0.514290 3.307652 0.550597
v 0.509432 3.309014 0.573500
v 0.505929 3.311133 0.599537
v 0.503917 3.313928 0.627706
v 0.586451 3.330653 0.625237
v 0.585342 3.321082 0.598484
v 0.582671 3.311805 0.573905
v 0.578542 3.303177 0.552443
v 0.573113 3.295531 0.534923
v 0.566592 3.289161 0.522019
v 0.559231 3.284311 0.514227
v 0.551312 3.281168 0.511845
v 0.543139 3.279852 0.514966
v 0.535027 3.280414 0.523470
v 0.527287 3.282832 0.537029
v 0.520217 3.287014 0.555123
v 0.514089 3.292799 0.577057
v 0.509137 3.299964 0.601987
v 0.505552 3.308234 0.628955
v 0.588037 3.325315 0.627559
v 0.588452 3.310612 0.603040
v 0.587187 3.296605 0.580519
v 0.584290 3.283832 0.560860
v 0.579872 3.272783 0.544821
v 0.574102 3.263885 0.533017
v 0.567204 3.257478 0.525902
v 0.559441 3.253809 0.523749
v 0.551112 3.253018 0.526642
v 0.542537 3.255137 0.534468
v 0.534046 3.260084 0.546927
v 0.525965 3.267668 0.563541
v 0.518605 3.277599 0.583670
v 0.512248 3.289494 0.606542
v 0.507138 3.302897 0.631277
v 0.589512 3.320540 0.630866
v 0.591347 3.301244 0.609526
v 0.591389 3.283004 0.589935
v 0.589638 3.266521 0.572845
v 0.586160 3.252429 0.558914
v 0.581089 3.241268 0.548676
v 0.574621 3.233468 0.542526
v 0.567004 3.229329 0.540699
v 0.558529 3.229009 0.543265
v 0.549524 3.232521 0.550127
v 0.540335 3.239730 0.561020
v 0.531313 3.250359 0.575526
v 0.522806 3.263999 0.593087
v 0.515142 3.280126 0.613028
v 0.508614 3.298121 0.634584
v 0.590821 3.316509 0.635030
v 0.593913 3.293338 0.617694
v 0.595115 3.271526 0.601792
v 0.594380 3.251912 0.587937
v 0.591736 3.235250 0.576660
v 0.587285 3.222180 0.568394
v 0.581199 3.213205 0.563458
v 0.573710 3.208668 0.562041
v 0.565107 3.208745 0.564198
v 0.555720 3.213433 0.569845
v 0.545911 3.222551 0.578766
v 0.536055 3.235749 0.590617
v 0.526532 3.252520 0.604944
v 0.517708 3.272220 0.621196
v 0.509922 3.294090 0.638748
v 0.591911 3.313378 0.639891
v 0.596053 3.287197 0.627229
v 0.598221 3.262611 0.615635
v 0.598334 3.240565 0.605555
v 0.596386 3.221908 0.597377
v 0.592452 3.207355 0.591414
v 0.586683 3.197466 0.587896
v 0.579302 3.192621 0.586958
v 0.570591 3.193007 0.588636
v 0.560887 3.198607 0.592865
v 0.550560 3.209209 0.599483
v 0.540009 3.224402 0.608236
v 0.529639 3.243605 0.618787
v 0.519848 3.266079 0.630731
v 0.511013 3.290960 0.643609
v 0.592743 3.311268 0.645262
v 0.597684 3.283057 0.637765
v 0.600590 3.256601 0.630931
v 0.601348 3.232917 0.625024
v 0.599930 3.212914 0.620269
v 0.596390 3.197362 0.616851
v 0.590864 3.186857 0.614899
v 0.583565 3.181805 0.614490
v 0.574772 3.182398 0.615639
v 0.564825 3.188614 0.618301
v 0.554105 3.200215 0.622375
v 0.543023 3.216754 0.627704
v 0.532007 3.237596 0.634083
v 0.521479 3.261940 0.641267
v 0.511845 3.288850 0.648980
v 0.593283 3.310259 0.650937
v 0.598744 3.281079 0.648897
v 0.602129 3.253729 0.647093
v 0.603307 3.229260 0.645594
v 0.602233 3.208615 0.644457
v 0.598949 3.192585 0.643726
v 0.593581 3.181786 0.643431
v 0.586335 3.176634 0.643580
v 0.577489 3.177327 0.644170
v 0.567384 3.183837 0.645177
v 0.556408 3.195915 0.646563
v 0.544982 3.213098 0.648274
v 0.533546 3.234723 0.650245
v 0.522539 3.259961 0.652399
v 0.512385 3.287841 0.654655
v 0.593512 3.310391 0.656698
v 0.599192 3.281337 0.660198
v 0.602779 3.254103 0.663499
v 0.604134 3.229737 0.666475
v 0.603206 3.209175 0.669010
v 0.600030 3.193207 0.671009
v 0.594729 3.182447 0.672393
v 0.587505 3.177308 0.673111
v 0.578637 3.177987 0.673133
v 0.568465 3.184460 0.672460
v 0.557381 3.196476 0.671116
v 0.545810 3.213574 0.669155
v 0.534196 3.235097 0.666651
v 0.522987 3.260219 0.663700
v 0.512613 3.287972 0.660416
v 0.593419 3.311657 0.662324
v 0.599011 3.283821 0.671233
v 0.602516 3.257710 0.679519
v 0.603799 3.234328 0.686864
v 0.602812 3.214573 0.692986
v 0.599592 3.199205 0.697649
v 0.594264 3.188815 0.700675
v 0.587031 3.183800 0.701946
v 0.578172 3.184355 0.701414
v 0.568027 3.190458 0.699100
v 0.556987 3.201874 0.695092
v 0.545474 3.218165 0.689545
v 0.533933 3.238705 0.682671
v 0.522806 3.262703 0.674735
v 0.512521 3.289239 0.666042
v 0.593010 3.314011 0.667598
v 0.598207 3.288437 0.681578
v 0.601349 3.264411 0.694538
v 0.602314 3.242857 0.705979
v 0.601066 3.224602 0.715463
v 0.597652 3.210349 0.722624
v 0.592204 3.200644 0.727188
v 0.584931 3.195862 0.728978
v 0.576112 3.196185 0.727927
v 0.566087 3.201602 0.724075
v 0.555240 3.211903 0.717569
v 0.543989 3.226694 0.708660
v 0.532766 3.245406 0.697689
v 0.522002 3.267319 0.685080
v 0.512111 3.291592 0.671315
v 0.592298 3.317360 0.672317
v 0.596812 3.295007 0.690835
v 0.599323 3.273949 0.707977
v 0.599736 3.254996 0.723085
v 0.598034 3.238877 0.735577
v 0.594284 3.226210 0.744973
v 0.588628 3.217482 0.750914
v 0.581285 3.213029 0.753169
v 0.572536 3.213023 0.751653
v 0.562719 3.217462 0.746424
v 0.552209 3.226178 0.737683
v 0.541411 3.238833 0.725765
v 0.530741 3.254943 0.711129
v 0.520607 3.273889 0.694337
v 0.511400 3.294941 0.676035
v 0.591313 3.321576 0.676301
v 0.594879 3.303278 0.698649
v 0.596517 3.285957 0.719321
v 0.596164 3.270279 0.737523
v 0.593835 3.256847 0.752555
v 0.589617 3.246178 0.763838
v 0.583674 3.238680 0.770940
v 0.576234 3.234643 0.773588
v 0.567582 3.234221 0.771680
v 0.558052 3.237431 0.765289
v 0.548009 3.244148 0.754661
v 0.537840 3.254116 0.740204
v 0.527934 3.266951 0.722473
v 0.518674 3.282160 0.702151
v 0.510414 3.299158 0.680018
v 0.503473 3.317292 0.656925
v 0.590091 3.326498 0.679395
v 0.592482 3.312932 0.704720
v 0.593038 3.299973 0.728135
v 0.591736 3.288118 0.748740
v 0.588628 3.277824 0.765744
v 0.583832 3.269486 0.778494
v 0.577532 3.263424 0.786499
v 0.569972 3.259872 0.789451
v 0.561440 3.258965 0.787238
v 0.552266 3.260739 0.779945
v 0.542802 3.265125 0.767850
v 0.533412 3.271955 0.751420
v 0.524455 3.280967 0.731286
v 0.516278 3.291814 0.708222
v 0.509193 3.304080 0.683113
v 0.588680 3.331936 0.681482
v 0.589714 3.323599 0.708813
v 0.589019 3.315459 0.734078
v 0.586622 3.307829 0.756304
v 0.582614 3.301001 0.774639
v 0.577149 3.295239 0.788377
v 0.570438 3.290763 0.796990
v 0.562739 3.287746 0.800149
v 0.554346 3.286304 0.797730
v 0.545584 3.286491 0.789828
v 0.536788 3.288302 0.776745
v 0.528297 3.291666 0.758985
v 0.520437 3.296454 0.737229
v 0.513510 3.302482 0.712316
v 0.507782 3.309518 0.685200
v 0.587134 3.337682 0.682481
v 0.586681 3.334869 0.710773
v 0.584616 3.331820 0.736922
v 0.581018 3.328652 0.759925
v 0.576024 3.325488 0.778896
v 0.569827 3.322446 0.793108
v 0.562665 3.319646 0.802013
v 0.554813 3.317195 0.805269
v 0.546573 3.315187 0.802752
v 0.538262 3.313699 0.794558
v 0.530198 3.312788 0.781002
v 0.522693 3.312490 0.762605
v 0.516034 3.312815 0.740074
v 0.510477 3.313751 0.714275
v 0.506235 3.315263 0.686199
v 0.585512 3.343513 0.682354
v 0.583500 3.346308 0.710523
v 0.579997 3.348428 0.736560
v 0.575139 3.349790 0.759463
v 0.569111 3.350342 0.778353
v 0.562146 3.350063 0.792504
v 0.554511 3.348964 0.801372
v 0.546499 3.347088 0.804616
v 0.538419 3.344505 0.802112
v 0.530581 3.341316 0.793955
v 0.523286 3.337643 0.780459
v 0.516814 3.333627 0.762144
v 0.511415 3.329422 0.739711
v 0.507295 3.325191 0.714025
v 0.504613 3.321095 0.686072
v 0.583877 3.349207 0.681105
v 0.580292 3.357478 0.708073
v 0.575340 3.364643 0.733003
v 0.569212 3.370427 0.754937
v 0.562142 3.374609 0.773031
v 0.554402 3.377028 0.786590
v 0.546290 3.377590 0.795094
v 0.538117 3.376274 0.798214
v 0.530198 3.373131 0.795833
v 0.522837 3.368280 0.788041
v 0.516316 3.361910 0.775137
v 0.510887 3.354264 0.757617
v 0.506758 3.345637 0.736155
v 0.504087 3.336360 0.711575
v 0.502978 3.326789 0.684823
v 0.582291 3.354545 0.678783
v 0.577181 3.367947 0.703518
v 0.570824 3.379842 0.726389
v 0.563464 3.389773 0.746519
v 0.555383 3.397357 0.763133
v 0.546892 3.402304 0.775592
v 0.538317 3.404423 0.783418
v 0.529988 3.403633 0.786310
v 0.522225 3.399964 0.784158
v 0.515327 3.393557 0.777043
v 0.509557 3.384658 0.765239
v 0.505139 3.373610 0.749199
v 0.502242 3.360837 0.729541
v 0.500977 3.346829 0.707020
v 0.501392 3.332126 0.682500
v 0.580815 3.359321 0.675476
v 0.574287 3.377316 0.697032
v 0.566623 3.393443 0.716973
v 0.558116 3.407083 0.734534
v 0.549094 3.417712 0.749040
v 0.539905 3.424921 0.759933
v 0.530900 3.428433 0.766795
v 0.522425 3.428113 0.769361
v 0.514808 3.423973 0.767534
v 0.508340 3.416173 0.761384
v 0.503269 3.405013 0.751146
v 0.499791 3.390920 0.737215
v 0.498040 3.374437 0.720125
v 0.498082 3.356198 0.700534
v 0.499917 3.336902 0.679194
v 0.579507 3.363351 0.671312
v 0.571721 3.385222 0.688864
v 0.562897 3.404921 0.705116
v 0.553374 3.421692 0.719443
v 0.543518 3.434890 0.731294
v 0.533709 3.444008 0.740215
v 0.524322 3.448696 0.745862
v 0.515719 3.448773 0.748018
v 0.508230 3.444237 0.746601
v 0.502144 3.435261 0.741665
v 0.497693 3.422191 0.733400
v 0.495049 3.405529 0.722123
v 0.494314 3.385916 0.708267
v 0.495516 3.364104 0.692366
v 0.498608 3.340933 0.675030
v 0.578416 3.366482 0.666451
v 0.569581 3.391363 0.679329
v 0.559790 3.413836 0.691273
v 0.549420 3.433039 0.701824
v 0.538869 3.448233 0.710577
v 0.528542 3.458834 0.717195
v 0.518838 3.464435 0.721424
v 0.510127 3.464820 0.723102
v 0.502746 3.459975 0.722164
v 0.496977 3.450087 0.718646
v 0.493043 3.435534 0.712683
v 0.491095 3.416876 0.704504
v 0.491208 3.394831 0.694425
v 0.493376 3.370245 0.682831
v 0.497518 3.344063 0.670169
v 0.577585 3.368592 0.661080
v 0.567950 3.395502 0.668793
v 0.557422 3.419846 0.675977
v 0.546406 3.440688 0.682356
v 0.535324 3.457227 0.687685
v 0.524604 3.468827 0.691759
v 0.514657 3.475044 0.694421
v 0.505864 3.475637 0.695570
v 0.498565 3.470584 0.695161
v 0.493039 3.460080 0.693209
v 0.489499 3.444528 0.689791
v 0.488081 3.424525 0.685036
v 0.488839 3.400840 0.679128
v 0.491745 3.374384 0.672295
v 0.496686 3.346173 0.664798
v 0.577044 3.369601 0.655405
v 0.566890 3.397481 0.657660
v 0.555883 3.422719 0.659815
v 0.544447 3.444344 0.661786
v 0.533021 3.461526 0.663497
v 0.522045 3.473604 0.664883
v 0.511940 3.480115 0.665890
v 0.503094 3.480808 0.666479
v 0.495848 3.475656 0.666629
v 0.490480 3.464857 0.666333
v 0.487196 3.448827 0.665603
v 0.486122 3.428181 0.664466
v 0.487300 3.403713 0.662967
v 0.490685 3.376363 0.661163
v 0.496146 3.347182 0.659123
v 0.576816 3.369469 0.649644
v 0.566442 3.397223 0.646360
v 0.543619 3.443867 0.640905
v 0.520964 3.472982 0.637600
v 0.489399 3.464235 0.639051
v 0.485295 3.427704 0.643585
v 0.486650 3.403338 0.646561
v 0.490237 3.376105 0.649862
v 0.495917 3.347051 0.653361
v 0.253689 3.482547 1.593261
v 0.237005 3.510199 1.583285
v 0.220967 3.522827 1.573851
v 0.213968 3.522806 1.569795
v 0.208017 3.518510 1.566394
v 0.200126 3.497905 1.562050
v 0.270803 3.443623 1.598492
v 0.266029 3.463428 1.590584
v 0.260304 3.481238 1.582532
v 0.253846 3.496369 1.574646
v 0.246904 3.508239 1.567229
v 0.239745 3.516392 1.560565
v 0.232643 3.520515 1.554911
v 0.225873 3.520450 1.550484
v 0.219693 3.516199 1.547454
v 0.214342 3.507924 1.545938
v 0.210024 3.495945 1.545993
v 0.206907 3.480722 1.547619
v 0.205110 3.462839 1.550752
v 0.204701 3.442985 1.555271
v 0.205697 3.421920 1.561004
v 0.273240 3.442347 1.594997
v 0.270811 3.460924 1.583728
v 0.267246 3.477603 1.572580
v 0.262682 3.491743 1.561979
v 0.257294 3.502799 1.552333
v 0.251289 3.510348 1.544014
v 0.244899 3.514099 1.537341
v 0.238369 3.513907 1.532569
v 0.231949 3.509782 1.529884
v 0.225886 3.501880 1.529387
v 0.220414 3.490505 1.531098
v 0.215743 3.476096 1.534952
v 0.212052 3.459204 1.540799
v 0.209483 3.440481 1.548416
v 0.208135 3.420644 1.557509
v 0.275700 3.440303 1.591909
v 0.275636 3.456915 1.577671
v 0.274250 3.471782 1.563786
v 0.271596 3.484334 1.550786
v 0.267776 3.494088 1.539172
v 0.262937 3.500668 1.529390
v 0.257264 3.503823 1.521816
v 0.250975 3.503430 1.516741
v 0.244313 3.499506 1.514359
v 0.237534 3.492200 1.514763
v 0.230897 3.481794 1.517937
v 0.224657 3.468687 1.523759
v 0.219056 3.453384 1.532005
v 0.214307 3.436471 1.542359
v 0.210594 3.418600 1.554421
v 0.278086 3.437570 1.589347
v 0.280317 3.451554 1.572645
v 0.281046 3.463999 1.556488
v 0.280246 3.474428 1.541499
v 0.277947 3.482440 1.528251
v 0.274238 3.487725 1.517255
v 0.269262 3.490083 1.508934
v 0.263208 3.489421 1.503606
v 0.256311 3.485766 1.501477
v 0.248835 3.479257 1.502628
v 0.241068 3.470146 1.507016
v 0.233307 3.458781 1.514471
v 0.225852 3.445601 1.524708
v 0.218989 3.431110 1.537332
v 0.212981 3.415867 1.551859
v 0.280308 3.434253 1.587408
v 0.284675 3.445047 1.568842
v 0.287374 3.454553 1.550968
v 0.288299 3.462405 1.534473
v 0.287417 3.468302 1.519989
v 0.284760 3.472017 1.508076
v 0.280432 3.473407 1.499188
v 0.274597 3.472418 1.493670
v 0.267481 3.469090 1.491732
v 0.259357 3.463549 1.493448
v 0.250538 3.456008 1.498755
v 0.241361 3.446758 1.507445
v 0.232180 3.436154 1.519188
v 0.223347 3.424603 1.533530
v 0.215203 3.412550 1.549920
v 0.274440 3.422585 1.605952
v 0.282280 3.430479 1.586168
v 0.288543 3.437645 1.566410
v 0.292989 3.443807 1.547437
v 0.295446 3.448727 1.529979
v 0.295821 3.452219 1.514705
v 0.294099 3.454146 1.502204
v 0.290345 3.454435 1.492955
v 0.284705 3.453075 1.487314
v 0.277395 3.450118 1.485498
v 0.268696 3.445678 1.487577
v 0.258942 3.439925 1.493470
v 0.248508 3.433081 1.502952
v 0.237795 3.425407 1.515657
v 0.227215 3.417201 1.531098
v 0.217174 3.408776 1.548681
v 0.283926 3.426394 1.585675
v 0.291772 3.429631 1.565442
v 0.297677 3.432173 1.546031
v 0.301413 3.433921 1.528189
v 0.302837 3.434808 1.512601
v 0.301894 3.434800 1.499866
v 0.298620 3.433897 1.490473
v 0.293142 3.432135 1.484784
v 0.285670 3.429580 1.483016
v 0.276491 3.426332 1.485239
v 0.265957 3.422514 1.491366
v 0.254474 3.418274 1.501162
v 0.242483 3.413774 1.514251
v 0.230444 3.409188 1.530129
v 0.218821 3.404691 1.548187
v 0.285183 3.422154 1.585946
v 0.294238 3.421315 1.565974
v 0.301256 3.420099 1.546804
v 0.305969 3.418553 1.529173
v 0.308194 3.416738 1.513758
v 0.307847 3.414722 1.501151
v 0.304940 3.412583 1.491838
v 0.299586 3.410402 1.486175
v 0.291990 3.408266 1.484381
v 0.282444 3.406254 1.486524
v 0.271315 3.404444 1.492523
v 0.259030 3.402907 1.502146
v 0.246062 3.401700 1.515024
v 0.232910 3.400871 1.530661
v 0.220078 3.400451 1.548458
v 0.286003 3.417923 1.586972
v 0.295846 3.413015 1.567987
v 0.303591 3.408049 1.549726
v 0.308940 3.403217 1.532892
v 0.311687 3.398704 1.518131
v 0.311728 3.394683 1.506010
v 0.309061 3.391310 1.496996
v 0.303787 3.388713 1.491435
v 0.296111 3.386993 1.489539
v 0.286325 3.386215 1.491383
v 0.274808 3.386410 1.496896
v 0.262001 3.387570 1.505865
v 0.248397 3.389650 1.517946
v 0.234518 3.392571 1.532674
v 0.220897 3.396220 1.549484
v 0.286354 3.413862 1.588714
v 0.296534 3.405050 1.571403
v 0.304590 3.396486 1.554685
v 0.310211 3.388500 1.539204
v 0.313183 3.381399 1.525553
v 0.313390 3.375455 1.514257
v 0.310825 3.370897 1.505751
v 0.305586 3.367901 1.500361
v 0.297874 3.366580 1.498294
v 0.287987 3.366987 1.499630
v 0.276303 3.369105 1.504318
v 0.263273 3.372853 1.512177
v 0.249396 3.378087 1.522905
v 0.235206 3.384606 1.536090
v 0.221248 3.392159 1.551226
v 0.286222 3.410129 1.591103
v 0.296276 3.397727 1.576091
v 0.304215 3.385854 1.561491
v 0.309735 3.374969 1.547866
v 0.312622 3.365488 1.535738
v 0.312767 3.357775 1.525574
v 0.310163 3.352129 1.517765
v 0.304911 3.348764 1.512611
v 0.297213 3.347811 1.510308
v 0.287364 3.349307 1.510947
v 0.275743 3.353194 1.514503
v 0.262796 3.359322 1.520838
v 0.249021 3.367455 1.529711
v 0.234948 3.377283 1.540778
v 0.221117 3.388426 1.553616
v 0.285613 3.406866 1.594050
v 0.295082 3.391326 1.581870
v 0.302481 3.376563 1.569881
v 0.307528 3.363142 1.558544
v 0.310027 3.351581 1.548295
v 0.309884 3.342324 1.539527
v 0.307103 3.335725 1.532577
v 0.301791 3.332039 1.527713
v 0.294152 3.331408 1.525120
v 0.284481 3.333856 1.524900
v 0.273148 3.339287 1.527060
v 0.260589 3.347495 1.531517
v 0.247287 3.358164 1.538101
v 0.233754 3.370883 1.546557
v 0.220508 3.385163 1.556562
v 0.284551 3.404199 1.597439
v 0.292997 3.386095 1.588519
v 0.299455 3.368968 1.579534
v 0.303676 3.353476 1.570830
v 0.305498 3.340215 1.562742
v 0.304851 3.329694 1.555579
v 0.301760 3.322317 1.549618
v 0.296344 3.318369 1.545087
v 0.288810 3.318000 1.542161
v 0.279448 3.321226 1.540952
v 0.268619 3.327921 1.541506
v 0.256738 3.337829 1.543803
v 0.244261 3.350569 1.547754
v 0.231669 3.365651 1.553206
v 0.219445 3.382496 1.559951
v 0.283075 3.402231 1.601142
v 0.290102 3.382234 1.595782
v 0.295252 3.363362 1.590078
v 0.298327 3.346341 1.584250
v 0.299209 3.331825 1.578522
v 0.297863 3.320371 1.573113
v 0.294341 3.312421 1.568232
v 0.288779 3.308278 1.564066
v 0.281391 3.308104 1.560776
v 0.272460 3.311903 1.558486
v 0.262329 3.319531 1.557287
v 0.251389 3.330694 1.557223
v 0.240059 3.344963 1.558298
v 0.228774 3.361790 1.560469
v 0.217969 3.380528 1.563654
v 0.281243 3.401036 1.605015
v 0.286509 3.379890 1.603380
v 0.290035 3.359960 1.601109
v 0.291687 3.342011 1.598289
v 0.291400 3.326734 1.595030
v 0.289186 3.314714 1.591457
v 0.285130 3.306415 1.587705
v 0.279388 3.302155 1.583921
v 0.272180 3.302098 1.580248
v 0.263783 3.306246 1.576829
v 0.254521 3.314440 1.573795
v 0.244748 3.326364 1.571262
v 0.234841 3.341561 1.569328
v 0.225180 3.359447 1.568067
v 0.216137 3.379333 1.567528
v 0.279125 3.400661 1.608910
v 0.282354 3.379156 1.611021
v 0.284003 3.358893 1.612202
v 0.284010 3.340653 1.612408
v 0.282373 3.325137 1.611632
v 0.279156 3.312940 1.609903
v 0.274482 3.304532 1.607288
v 0.268531 3.300235 1.603887
v 0.261532 3.300215 1.599831
v 0.253753 3.304472 1.595276
v 0.245494 3.312843 1.590397
v 0.237071 3.325006 1.585381
v 0.228810 3.340494 1.580421
v 0.221026 3.358712 1.575708
v 0.214019 3.378959 1.571423
v 0.276802 3.401121 1.612678
v 0.277798 3.380057 1.618411
v 0.277389 3.360202 1.622931
v 0.275592 3.342319 1.626063
v 0.272475 3.327096 1.627689
v 0.268157 3.315117 1.627745
v 0.262806 3.306843 1.626229
v 0.256626 3.302592 1.623199
v 0.249856 3.302526 1.618772
v 0.242754 3.306649 1.613118
v 0.235595 3.314803 1.606454
v 0.228653 3.326673 1.599036
v 0.222196 3.341804 1.591150
v 0.216470 3.359613 1.583098
v 0.211697 3.379418 1.575190
v 0.274364 3.402398 1.616173
v 0.273016 3.382561 1.625266
v 0.270447 3.363837 1.632883
v 0.266756 3.346946 1.638731
v 0.262085 3.332536 1.642584
v 0.256613 3.321162 1.644295
v 0.250550 3.313260 1.643799
v 0.244130 3.309134 1.641113
v 0.237600 3.308943 1.636342
v 0.231210 3.312694 1.629668
v 0.225205 3.320242 1.621349
v 0.219817 3.331299 1.611704
v 0.215253 3.345438 1.601103
v 0.211688 3.362117 1.589954
v 0.209259 3.380695 1.578685
v 0.271905 3.404442 1.619261
v 0.268192 3.386570 1.631324
v 0.263443 3.369658 1.641677
v 0.257842 3.354354 1.649923
v 0.251603 3.341248 1.655745
v 0.244966 3.330842 1.658919
v 0.238186 3.323536 1.659323
v 0.231524 3.319612 1.656942
v 0.225235 3.319219 1.651866
v 0.219563 3.322373 1.644292
v 0.214723 3.328954 1.634510
v 0.210903 3.338707 1.622896
v 0.208249 3.351259 1.609897
v 0.206864 3.366127 1.596011
v 0.206799 3.382739 1.581773
v 0.269518 3.407175 1.621823
v 0.263510 3.391932 1.636350
v 0.256647 3.377441 1.648974
v 0.249192 3.364261 1.659211
v 0.241431 3.352896 1.666666
v 0.233664 3.343784 1.671054
v 0.226188 3.337276 1.672205
v 0.219291 3.333621 1.670076
v 0.213238 3.332959 1.664749
v 0.208261 3.335316 1.656427
v 0.204552 3.340602 1.645431
v 0.202253 3.348614 1.632184
v 0.201453 3.359043 1.617194
v 0.202182 3.371488 1.601038
v 0.204413 3.385472 1.584336
v 0.208059 3.400457 1.567730
v 0.267297 3.410492 1.623762
v 0.259152 3.398438 1.640153
v 0.250319 3.386888 1.654495
v 0.241138 3.376283 1.666237
v 0.231962 3.367033 1.674928
v 0.223142 3.359493 1.680234
v 0.215018 3.353952 1.681951
v 0.207902 3.350624 1.680012
v 0.202067 3.349635 1.674494
v 0.197739 3.351025 1.665607
v 0.195082 3.354740 1.653693
v 0.194200 3.360636 1.639210
v 0.195126 3.368489 1.622714
v 0.197824 3.377995 1.604840
v 0.202191 3.388789 1.586274
v 0.265325 3.414266 1.625002
v 0.255284 3.405841 1.642585
v 0.244704 3.397634 1.658026
v 0.233991 3.389961 1.670731
v 0.223557 3.383117 1.680212
v 0.213804 3.377364 1.686105
v 0.205104 3.372924 1.688184
v 0.197794 3.369967 1.686368
v 0.192154 3.368607 1.680727
v 0.188401 3.368896 1.671478
v 0.186678 3.370823 1.658977
v 0.187053 3.374314 1.643704
v 0.189510 3.379235 1.626245
v 0.193956 3.385397 1.607272
v 0.200219 3.392562 1.587514
v 0.263679 3.418351 1.625495
v 0.252055 3.413854 1.643553
v 0.240016 3.409268 1.659431
v 0.228025 3.404768 1.672520
v 0.216542 3.400528 1.682317
v 0.206008 3.396710 1.688443
v 0.196829 3.393461 1.690666
v 0.189357 3.390907 1.688899
v 0.183879 3.389144 1.683209
v 0.180605 3.388242 1.673817
v 0.179662 3.388234 1.661081
v 0.181086 3.389121 1.645493
v 0.184822 3.390869 1.627651
v 0.190727 3.393410 1.608241
v 0.198573 3.396648 1.588008
v 0.262422 3.422590 1.625224
v 0.249589 3.422170 1.643021
v 0.236437 3.421341 1.658659
v 0.223469 3.420135 1.671537
v 0.211184 3.418597 1.681160
v 0.200055 3.416788 1.687158
v 0.190509 3.414776 1.689302
v 0.182913 3.412639 1.687507
v 0.177559 3.410459 1.681845
v 0.174652 3.408320 1.672531
v 0.174305 3.406304 1.659925
v 0.176530 3.404488 1.644509
v 0.181243 3.402943 1.626878
v 0.188261 3.401727 1.607708
v 0.197316 3.400887 1.587736
v 0.261602 3.426822 1.624198
v 0.247982 3.430471 1.641008
v 0.234102 3.433392 1.655736
v 0.220498 3.435472 1.667817
v 0.207691 3.436631 1.676786
v 0.196174 3.436826 1.682299
v 0.186389 3.436049 1.684143
v 0.178712 3.434328 1.682248
v 0.173438 3.431732 1.676686
v 0.170771 3.428358 1.667672
v 0.170812 3.424338 1.655551
v 0.173559 3.419825 1.640790
v 0.178908 3.414993 1.623956
v 0.186653 3.410027 1.605695
v 0.196496 3.405119 1.586710
v 0.261251 3.430882 1.622457
v 0.247293 3.438435 1.637592
v 0.233103 3.444954 1.650777
v 0.219226 3.450189 1.661505
v 0.206196 3.453937 1.669364
v 0.194512 3.456055 1.674052
v 0.184625 3.456461 1.675388
v 0.176914 3.455141 1.673321
v 0.171675 3.452145 1.667931
v 0.169109 3.447587 1.659425
v 0.169316 3.441643 1.648129
v 0.172288 3.434541 1.634479
v 0.177909 3.426556 1.618997
v 0.185965 3.417992 1.602279
v 0.196145 3.409179 1.584969
v 0.261383 3.434616 1.620067
v 0.247551 3.445758 1.632904
v 0.233478 3.455586 1.643972
v 0.219703 3.463720 1.652844
v 0.206756 3.469848 1.659179
v 0.195135 3.473734 1.662735
v 0.185286 3.475230 1.663374
v 0.177588 3.474278 1.661072
v 0.172336 3.470913 1.655917
v 0.169732 3.465266 1.648108
v 0.169877 3.457554 1.637944
v 0.172765 3.448073 1.625817
v 0.178284 3.437187 1.612191
v 0.186223 3.425315 1.597592
v 0.196277 3.412913 1.582579
v 0.261991 3.437878 1.617121
v 0.248746 3.452159 1.627125
v 0.235212 3.464878 1.635581
v 0.221910 3.475546 1.642165
v 0.209351 3.483754 1.646622
v 0.198018 3.489186 1.648782
v 0.188347 3.491634 1.648562
v 0.180708 3.491002 1.645970
v 0.175397 3.487317 1.641105
v 0.172615 3.480718 1.634155
v 0.172472 3.471460 1.625387
v 0.174971 3.459899 1.615138
v 0.180018 3.446479 1.603801
v 0.187417 3.431715 1.591812
v 0.196886 3.416175 1.579633
v 0.263054 3.440545 1.613731
v 0.250830 3.457390 1.620476
v 0.238238 3.472473 1.625929
v 0.225762 3.485213 1.629879
v 0.213880 3.495121 1.632176
v 0.203051 3.501816 1.632730
v 0.193689 3.505041 1.631521
v 0.186156 3.504673 1.628595
v 0.180739 3.500724 1.624065
v 0.177648 3.493348 1.618103
v 0.177001 3.482827 1.610941
v 0.178823 3.469566 1.602852
v 0.183044 3.454074 1.594148
v 0.189502 3.436947 1.585163
v 0.197948 3.418842 1.576243
v 0.264530 3.442514 1.610028
v 0.253725 3.461252 1.613213
v 0.242441 3.478079 1.615384
v 0.231110 3.492348 1.616459
v 0.220170 3.503510 1.616395
v 0.210039 3.511138 1.615196
v 0.201108 3.514938 1.612907
v 0.193720 3.514763 1.609616
v 0.188158 3.510621 1.605450
v 0.184637 3.502670 1.600569
v 0.183291 3.491217 1.595160
v 0.184172 3.476701 1.589432
v 0.187247 3.459680 1.583604
v 0.192397 3.440808 1.577900
v 0.199424 3.420811 1.572541
v 0.266362 3.443708 1.606155
v 0.257319 3.463595 1.605615
v 0.247658 3.481480 1.604354
v 0.237751 3.496677 1.602420
v 0.227978 3.508602 1.599887
v 0.218716 3.516795 1.596853
v 0.210319 3.520943 1.593434
v 0.203111 3.520886 1.589762
v 0.197369 3.516626 1.585977
v 0.193313 3.508327 1.582226
v 0.191099 3.496308 1.578652
v 0.190812 3.481030 1.575393
v 0.192464 3.463082 1.572573
v 0.195990 3.443151 1.570302
v 0.201256 3.422006 1.568667
v 0.268480 3.444083 1.602260
v 0.261473 3.464330 1.597974
v 0.245428 3.498035 1.588301
v 0.228746 3.518569 1.578406
v 0.203343 3.510101 1.563779
v 0.198489 3.482388 1.561274
v 0.198496 3.464149 1.561481
v 0.200145 3.443886 1.562662
v 0.203374 3.422380 1.564772
v 0.598391 1.003090 0.483727
v 0.598874 1.068487 0.476855
v 0.590022 1.105554 0.471739
v 0.582466 1.111503 0.470098
v 0.573185 1.108648 0.469160
v 0.550924 1.077298 0.469509
v 0.589598 0.917574 0.483013
v 0.596480 0.959324 0.471226
v 0.601097 0.998117 0.460098
v 0.603273 1.032465 0.450058
v 0.602924 1.061045 0.441491
v 0.600062 1.082760 0.434727
v 0.594800 1.096775 0.430025
v 0.587337 1.102552 0.427566
v 0.577962 1.099869 0.427445
v 0.567034 1.088829 0.429667
v 0.554974 1.069856 0.434145
v 0.542245 1.043679 0.440708
v 0.529335 1.011304 0.449104
v 0.516742 0.973976 0.459010
v 0.504949 0.933129 0.470045
v 0.590175 0.914177 0.475172
v 0.597612 0.952661 0.455844
v 0.602740 0.988444 0.437767
v 0.605365 1.020153 0.421636
v 0.605383 1.046568 0.408071
v 0.602795 1.066674 0.397593
v 0.597701 1.079698 0.390604
v 0.590295 1.085141 0.387373
v 0.580863 1.082792 0.388024
v 0.569767 1.072743 0.392533
v 0.557433 1.055379 0.400725
v 0.544336 1.031368 0.412287
v 0.530979 1.001631 0.426774
v 0.517874 0.967313 0.443629
v 0.505526 0.929732 0.462204
v 0.590357 0.909260 0.468088
v 0.597968 0.943016 0.441948
v 0.603258 0.974443 0.417594
v 0.606023 1.002332 0.395960
v 0.606158 1.025612 0.377879
v 0.603656 1.043390 0.364045
v 0.598614 1.054980 0.354990
v 0.591227 1.059939 0.351061
v 0.581777 1.058074 0.352410
v 0.570628 1.049459 0.358985
v 0.558208 1.034424 0.370534
v 0.544995 1.013547 0.386611
v 0.531496 0.987630 0.406600
v 0.518231 0.957669 0.429733
v 0.505708 0.924815 0.455120
v 0.590136 0.903012 0.462033
v 0.597535 0.930761 0.430072
v 0.602630 0.956650 0.400353
v 0.605224 0.979687 0.374016
v 0.605217 0.998985 0.352076
v 0.602611 1.013802 0.335374
v 0.597505 1.023570 0.324552
v 0.590096 1.027913 0.320027
v 0.580668 1.026664 0.321973
v 0.569583 1.019872 0.330314
v 0.557268 1.007796 0.344730
v 0.544195 0.990901 0.364667
v 0.530868 0.969838 0.389359
v 0.517798 0.945413 0.417857
v 0.505487 0.918568 0.449065
v 0.589522 0.895674 0.457241
v 0.596330 0.916365 0.420672
v 0.600880 0.935751 0.386706
v 0.602997 0.953088 0.356647
v 0.602599 0.967707 0.331652
v 0.599702 0.979049 0.312680
v 0.594416 0.986676 0.300461
v 0.586946 0.990296 0.295464
v 0.577579 0.989770 0.297882
v 0.566673 0.985118 0.307620
v 0.554649 0.976519 0.324306
v 0.541968 0.964302 0.347298
v 0.529118 0.948939 0.375712
v 0.516593 0.931018 0.408457
v 0.504873 0.911229 0.444273
v 0.580717 0.874472 0.495008
v 0.588537 0.887526 0.453896
v 0.594398 0.900383 0.414110
v 0.598076 0.912549 0.377178
v 0.599428 0.923556 0.344521
v 0.598402 0.932982 0.317393
v 0.595038 0.940465 0.296836
v 0.589466 0.945715 0.283641
v 0.581899 0.948533 0.278315
v 0.572628 0.948810 0.281062
v 0.562010 0.946534 0.291777
v 0.550452 0.941794 0.310047
v 0.538399 0.934771 0.335172
v 0.526314 0.925736 0.366185
v 0.514661 0.915036 0.401894
v 0.503888 0.903081 0.440928
v 0.587220 0.878883 0.452125
v 0.591815 0.883429 0.410636
v 0.594325 0.887935 0.372136
v 0.594654 0.892228 0.338104
v 0.592789 0.896145 0.309847
v 0.588801 0.899532 0.288452
v 0.582845 0.902262 0.274740
v 0.575148 0.904229 0.269239
v 0.566007 0.905356 0.272161
v 0.555773 0.905602 0.283392
v 0.544839 0.904956 0.302501
v 0.533626 0.903443 0.328754
v 0.522563 0.901122 0.361142
v 0.512078 0.898081 0.398421
v 0.502571 0.894438 0.439157
v 0.585621 0.870076 0.451998
v 0.588679 0.866153 0.410386
v 0.589772 0.862854 0.371773
v 0.588859 0.860307 0.337641
v 0.585974 0.858609 0.309303
v 0.581230 0.857825 0.287848
v 0.574807 0.857986 0.274099
v 0.566953 0.859085 0.268586
v 0.557969 0.861080 0.271519
v 0.548201 0.863895 0.282788
v 0.538025 0.867420 0.301958
v 0.527830 0.871522 0.328292
v 0.518010 0.876041 0.360779
v 0.508941 0.880805 0.398171
v 0.500972 0.885631 0.439030
v 0.583802 0.861443 0.453518
v 0.585110 0.849220 0.413369
v 0.584591 0.838272 0.376103
v 0.582265 0.829020 0.343152
v 0.578221 0.821819 0.315783
v 0.572615 0.816946 0.295048
v 0.565661 0.814589 0.281743
v 0.557628 0.814838 0.276379
v 0.548823 0.817683 0.279163
v 0.539586 0.823015 0.289988
v 0.530271 0.830630 0.308438
v 0.521237 0.840234 0.333803
v 0.512830 0.851459 0.365109
v 0.505373 0.863873 0.401153
v 0.499153 0.876999 0.440550
v 0.581832 0.853318 0.456628
v 0.581247 0.833281 0.419469
v 0.578982 0.815132 0.384959
v 0.575126 0.799568 0.354424
v 0.569827 0.787187 0.329038
v 0.563287 0.778466 0.309776
v 0.555759 0.773738 0.297378
v 0.547532 0.773187 0.292320
v 0.538921 0.776832 0.294798
v 0.530259 0.784535 0.304716
v 0.521877 0.795999 0.321692
v 0.514098 0.810783 0.345075
v 0.507221 0.828319 0.373966
v 0.501509 0.847934 0.407254
v 0.497184 0.868873 0.443660
v 0.579788 0.846011 0.461208
v 0.577237 0.818948 0.428453
v 0.573160 0.794324 0.398002
v 0.567716 0.773084 0.371025
v 0.561114 0.756046 0.348558
v 0.553606 0.743863 0.331465
v 0.545481 0.737004 0.320403
v 0.537053 0.735733 0.315797
v 0.528644 0.740098 0.317823
v 0.520577 0.749932 0.326405
v 0.513164 0.764857 0.341212
v 0.506688 0.784299 0.361675
v 0.501399 0.807511 0.387008
v 0.497499 0.833601 0.416238
v 0.495139 0.861566 0.448240
v 0.577747 0.839804 0.467082
v 0.573234 0.806772 0.439976
v 0.567349 0.776647 0.414730
v 0.560320 0.750586 0.392315
v 0.552417 0.729591 0.373593
v 0.543942 0.714467 0.359282
v 0.535223 0.705798 0.349934
v 0.526593 0.703916 0.345906
v 0.518385 0.708892 0.347354
v 0.510914 0.720537 0.354223
v 0.504467 0.738402 0.366247
v 0.499292 0.761800 0.382966
v 0.495588 0.789834 0.403736
v 0.493497 0.821425 0.427760
v 0.493099 0.855359 0.454114
v 0.575789 0.834934 0.474024
v 0.569393 0.797221 0.453593
v 0.561773 0.762781 0.434500
v 0.553223 0.732938 0.417478
v 0.544071 0.708838 0.403181
v 0.534669 0.691409 0.392159
v 0.525378 0.681319 0.384835
v 0.516555 0.678957 0.381491
v 0.508540 0.684414 0.382256
v 0.501640 0.697479 0.387099
v 0.496121 0.717650 0.395835
v 0.492194 0.744152 0.408128
v 0.490011 0.775968 0.423506
v 0.489655 0.811874 0.441378
v 0.491140 0.850490 0.461056
v 0.573988 0.831591 0.481768
v 0.565860 0.790662 0.468783
v 0.556645 0.753258 0.456552
v 0.546696 0.720818 0.445545
v 0.536396 0.694587 0.436185
v 0.526141 0.675574 0.428831
v 0.516325 0.664509 0.423766
v 0.507325 0.661817 0.421184
v 0.499487 0.667603 0.421186
v 0.493112 0.681643 0.423771
v 0.488446 0.703398 0.428839
v 0.485667 0.732033 0.436196
v 0.484883 0.766446 0.445559
v 0.486123 0.805314 0.456568
v 0.489340 0.847146 0.468800
v 0.572414 0.829901 0.490016
v 0.562772 0.787346 0.484962
v 0.552162 0.748445 0.480040
v 0.540990 0.714692 0.475439
v 0.529687 0.687384 0.471336
v 0.518686 0.667570 0.467889
v 0.508411 0.656012 0.465230
v 0.499256 0.653154 0.463461
v 0.491574 0.659106 0.462650
v 0.485658 0.673640 0.462829
v 0.481737 0.696195 0.463990
v 0.479962 0.725907 0.466090
v 0.480400 0.761633 0.469046
v 0.483035 0.801999 0.472746
v 0.487765 0.845456 0.477048
v 0.571127 0.829929 0.498450
v 0.560248 0.787403 0.501507
v 0.548497 0.748527 0.504060
v 0.536326 0.714796 0.506010
v 0.524202 0.687506 0.507284
v 0.512592 0.667706 0.507832
v 0.501942 0.656156 0.507633
v 0.492660 0.653301 0.506695
v 0.485104 0.659250 0.505054
v 0.479564 0.673775 0.502773
v 0.476253 0.696317 0.499939
v 0.475298 0.726011 0.496661
v 0.476735 0.761714 0.493066
v 0.480511 0.802055 0.489291
v 0.486479 0.845484 0.485482
v 0.570177 0.831676 0.506748
v 0.558384 0.790828 0.517783
v 0.545791 0.753500 0.527689
v 0.532882 0.721125 0.536085
v 0.520152 0.694949 0.542648
v 0.508092 0.675976 0.547126
v 0.497164 0.664935 0.549348
v 0.487789 0.662252 0.549227
v 0.480327 0.668029 0.546768
v 0.475064 0.682045 0.542066
v 0.472203 0.703760 0.535302
v 0.471853 0.732340 0.526735
v 0.474029 0.766687 0.516695
v 0.478647 0.805481 0.505567
v 0.485528 0.847231 0.493780
v 0.569600 0.835072 0.514589
v 0.557252 0.797491 0.533165
v 0.544148 0.763173 0.550019
v 0.530790 0.733437 0.564506
v 0.517693 0.709425 0.576068
v 0.505359 0.692061 0.584260
v 0.494263 0.682012 0.588769
v 0.484831 0.679664 0.589420
v 0.477426 0.685106 0.586190
v 0.472331 0.698131 0.579201
v 0.469743 0.718237 0.568722
v 0.469762 0.744652 0.555157
v 0.472386 0.776360 0.539026
v 0.477515 0.812144 0.520949
v 0.484951 0.850627 0.501621
v 0.569418 0.839989 0.521673
v 0.556896 0.807136 0.547060
v 0.543630 0.777175 0.570193
v 0.530131 0.751258 0.590182
v 0.516918 0.730381 0.606260
v 0.504499 0.715345 0.617808
v 0.493350 0.706730 0.624383
v 0.483900 0.704866 0.625732
v 0.476512 0.709824 0.621803
v 0.471470 0.721415 0.612748
v 0.468969 0.739192 0.598914
v 0.469103 0.762472 0.580833
v 0.471868 0.790362 0.559199
v 0.477158 0.821788 0.534845
v 0.484770 0.855544 0.508705
v 0.569639 0.846237 0.527728
v 0.557328 0.819391 0.558936
v 0.544258 0.794967 0.587434
v 0.530931 0.773903 0.612126
v 0.517859 0.757009 0.632063
v 0.505543 0.744933 0.646479
v 0.494459 0.738140 0.654820
v 0.485030 0.736891 0.656765
v 0.477621 0.741234 0.652241
v 0.472515 0.751002 0.641419
v 0.469909 0.765820 0.624717
v 0.469903 0.785118 0.602777
v 0.472497 0.808154 0.576441
v 0.477591 0.834044 0.546721
v 0.484990 0.861792 0.514760
v 0.494410 0.890332 0.481786
v 0.570253 0.853576 0.532520
v 0.558534 0.833786 0.568336
v 0.546008 0.815866 0.601081
v 0.533158 0.800502 0.629495
v 0.520477 0.788286 0.652487
v 0.508453 0.779686 0.669173
v 0.497548 0.775034 0.678912
v 0.488180 0.774508 0.681329
v 0.480710 0.778128 0.676332
v 0.475425 0.785756 0.664113
v 0.472528 0.797097 0.645141
v 0.472130 0.811717 0.620146
v 0.474246 0.829053 0.590087
v 0.478796 0.848439 0.556121
v 0.485605 0.869131 0.519552
v 0.571238 0.861723 0.535865
v 0.560465 0.849769 0.574899
v 0.548812 0.839068 0.610608
v 0.536727 0.830033 0.641621
v 0.524674 0.823011 0.666746
v 0.513116 0.818270 0.685016
v 0.502498 0.815995 0.695731
v 0.493227 0.816271 0.698478
v 0.485660 0.819089 0.693151
v 0.480088 0.824340 0.679956
v 0.476724 0.831822 0.659400
v 0.475699 0.841248 0.632272
v 0.477051 0.852255 0.599615
v 0.480728 0.864421 0.562683
v 0.486589 0.877278 0.522897
v 0.572555 0.870366 0.537636
v 0.563049 0.866723 0.578372
v 0.552563 0.863683 0.615650
v 0.541501 0.861361 0.648039
v 0.530287 0.859849 0.674292
v 0.519353 0.859203 0.693401
v 0.509119 0.859448 0.704632
v 0.499978 0.860576 0.707554
v 0.492282 0.862542 0.702053
v 0.486325 0.865272 0.688341
v 0.482338 0.868660 0.666946
v 0.480472 0.872576 0.638689
v 0.480801 0.876870 0.604657
v 0.483311 0.881376 0.566157
v 0.487906 0.885922 0.524668
v 0.574154 0.879174 0.537763
v 0.566185 0.883999 0.578622
v 0.557116 0.888763 0.616014
v 0.547296 0.893283 0.648501
v 0.537102 0.897384 0.674835
v 0.526925 0.900910 0.694005
v 0.517157 0.903724 0.705274
v 0.508174 0.905719 0.708207
v 0.500320 0.906818 0.702694
v 0.493897 0.906979 0.688945
v 0.489152 0.906195 0.667490
v 0.486268 0.904497 0.639152
v 0.485354 0.901950 0.605020
v 0.486448 0.898652 0.566407
v 0.489505 0.894729 0.524796
v 0.575973 0.887806 0.536243
v 0.569753 0.900932 0.575640
v 0.562297 0.913345 0.611684
v 0.553890 0.924570 0.642990
v 0.544855 0.934174 0.668355
v 0.535540 0.941789 0.686805
v 0.526303 0.947121 0.697630
v 0.517499 0.949967 0.700414
v 0.509465 0.950215 0.695050
v 0.502512 0.947858 0.681745
v 0.496905 0.942986 0.661010
v 0.492861 0.935785 0.633641
v 0.490535 0.926533 0.600690
v 0.490016 0.915584 0.563424
v 0.491324 0.903361 0.523275
v 0.577943 0.895931 0.533133
v 0.573617 0.916871 0.569539
v 0.567906 0.936486 0.602827
v 0.561028 0.954022 0.631718
v 0.553249 0.968806 0.655101
v 0.544868 0.980269 0.672077
v 0.536205 0.987972 0.681995
v 0.527595 0.991618 0.684473
v 0.519367 0.991066 0.679415
v 0.511839 0.986339 0.667017
v 0.505300 0.977617 0.647755
v 0.500000 0.965236 0.622369
v 0.496144 0.949672 0.591834
v 0.493880 0.931523 0.557324
v 0.493294 0.911487 0.520165
v 0.579987 0.903238 0.528553
v 0.577627 0.931204 0.560555
v 0.573728 0.957294 0.589785
v 0.568438 0.980506 0.615118
v 0.561962 0.999948 0.635581
v 0.554549 1.014872 0.650388
v 0.546483 1.024706 0.658970
v 0.538074 1.029071 0.660996
v 0.529645 1.027800 0.656390
v 0.521521 1.020941 0.645328
v 0.514013 1.008759 0.628235
v 0.507410 0.991720 0.605768
v 0.501966 0.970481 0.578791
v 0.497890 0.945856 0.548340
v 0.495338 0.918793 0.515585
v 0.582028 0.909446 0.522679
v 0.581630 0.943380 0.549033
v 0.579539 0.974970 0.573057
v 0.575834 1.003004 0.593827
v 0.570659 1.026403 0.610546
v 0.564212 1.044267 0.622571
v 0.556741 1.055912 0.629439
v 0.548533 1.060889 0.630887
v 0.539903 1.059006 0.626859
v 0.531184 1.050337 0.617511
v 0.522709 1.035214 0.603200
v 0.514806 1.014219 0.584478
v 0.507777 0.988158 0.562063
v 0.501892 0.958032 0.536817
v 0.497379 0.925001 0.509711
v 0.583986 0.914315 0.515737
v 0.585471 0.952931 0.535415
v 0.585115 0.988837 0.553287
v 0.582932 1.020652 0.568665
v 0.579005 1.047155 0.580958
v 0.573486 1.067326 0.589694
v 0.566586 1.080391 0.594537
v 0.558571 1.085847 0.595302
v 0.549748 1.083485 0.591958
v 0.540458 1.073395 0.584634
v 0.531056 1.055966 0.573612
v 0.521904 1.031867 0.559315
v 0.513354 1.002023 0.542293
v 0.505734 0.967583 0.523200
v 0.499337 0.929870 0.502769
v 0.585787 0.917658 0.507993
v 0.589004 0.959490 0.520225
v 0.590244 0.998359 0.531234
v 0.589459 1.032772 0.540597
v 0.586680 1.061406 0.547954
v 0.582014 1.083161 0.553022
v 0.575639 1.097201 0.555607
v 0.567801 1.102987 0.555608
v 0.558802 1.100296 0.553027
v 0.548986 1.089231 0.547963
v 0.538731 1.070217 0.540608
v 0.528431 1.043986 0.531248
v 0.518482 1.011546 0.520241
v 0.509266 0.974143 0.508010
v 0.501138 0.933214 0.495025
v 0.587361 0.919349 0.499745
v 0.592091 0.962805 0.504047
v 0.594726 1.003172 0.507747
v 0.595164 1.038898 0.510704
v 0.593389 1.068609 0.512803
v 0.589468 1.091165 0.513964
v 0.583553 1.105698 0.514143
v 0.575870 1.111650 0.513332
v 0.566715 1.108792 0.511563
v 0.556440 1.097234 0.508904
v 0.545439 1.077420 0.505457
v 0.534136 1.050112 0.501354
v 0.522964 1.016359 0.496753
v 0.512354 0.977458 0.491831
v 0.502712 0.934904 0.486777
v 0.588648 0.919320 0.491311
v 0.594616 0.962749 0.487502
v 0.599829 1.038794 0.480132
v 0.595562 1.091029 0.474021
v 0.562534 1.097099 0.468961
v 0.538800 1.050008 0.470783
v 0.526629 1.016277 0.472733
v 0.514878 0.977401 0.475286
v 0.503999 0.934875 0.478343
v 0.642304 1.357264 -0.537264
v 0.637763 1.399018 -0.541372
v 0.626470 1.423222 -0.543198
v 0.618795 1.427468 -0.543152
v 0.610145 1.426190 -0.542463
v 0.591274 1.407471 -0.539280
v 0.638970 1.303224 -0.536689
v 0.640935 1.329570 -0.544719
v 0.641073 1.354154 -0.552043
v 0.639380 1.376032 -0.558381
v 0.635921 1.394363 -0.563490
v 0.630828 1.408444 -0.567173
v 0.624297 1.417731 -0.569287
v 0.616580 1.421870 -0.569753
v 0.607973 1.420699 -0.568553
v 0.598806 1.414266 -0.565731
v 0.589432 1.402816 -0.561397
v 0.580211 1.386791 -0.555718
v 0.571498 1.366805 -0.548911
v 0.563627 1.343626 -0.541239
v 0.556900 1.318146 -0.532995
v 0.638365 1.301096 -0.541554
v 0.639746 1.325396 -0.554261
v 0.639348 1.348094 -0.565896
v 0.637184 1.368320 -0.576013
v 0.633339 1.385295 -0.584222
v 0.627959 1.398367 -0.590209
v 0.621252 1.407034 -0.593743
v 0.613475 1.410963 -0.594688
v 0.604927 1.410002 -0.593008
v 0.595937 1.404190 -0.588767
v 0.586850 1.393748 -0.582129
v 0.578015 1.379079 -0.573349
v 0.569772 1.360745 -0.562764
v 0.562438 1.339453 -0.550781
v 0.556295 1.316019 -0.537859
v 0.637608 1.298015 -0.545906
v 0.638263 1.319351 -0.562798
v 0.637194 1.339319 -0.578290
v 0.634443 1.357151 -0.591788
v 0.630116 1.372161 -0.602771
v 0.624378 1.383774 -0.610820
v 0.617450 1.391542 -0.615623
v 0.609598 1.395167 -0.616997
v 0.601125 1.394510 -0.614888
v 0.592355 1.389596 -0.609378
v 0.583627 1.380614 -0.600679
v 0.575274 1.367909 -0.589124
v 0.567619 1.351969 -0.575158
v 0.560955 1.333408 -0.559318
v 0.555538 1.312937 -0.542212
v 0.636731 1.294098 -0.549579
v 0.636542 1.311667 -0.570003
v 0.634695 1.328164 -0.588750
v 0.631263 1.342953 -0.605100
v 0.626375 1.355467 -0.618425
v 0.620222 1.365224 -0.628214
v 0.613038 1.371849 -0.634088
v 0.605100 1.375089 -0.635824
v 0.596713 1.374818 -0.633353
v 0.588200 1.371046 -0.626772
v 0.579886 1.363920 -0.616333
v 0.572093 1.353712 -0.602437
v 0.565120 1.340815 -0.585618
v 0.559233 1.325724 -0.566523
v 0.554661 1.309020 -0.545885
v 0.635766 1.289496 -0.552431
v 0.634648 1.302640 -0.575598
v 0.631947 1.315059 -0.596873
v 0.627764 1.326274 -0.615439
v 0.622262 1.335853 -0.630582
v 0.615651 1.343431 -0.641721
v 0.608186 1.348714 -0.648428
v 0.600153 1.351500 -0.650445
v 0.591861 1.351682 -0.647693
v 0.583629 1.349253 -0.640280
v 0.575773 1.344306 -0.628490
v 0.568595 1.337032 -0.612775
v 0.562371 1.327709 -0.593741
v 0.557340 1.316697 -0.572118
v 0.553696 1.304418 -0.548737
v 0.635255 1.276129 -0.528264
v 0.634750 1.284386 -0.554354
v 0.632656 1.292617 -0.579368
v 0.629054 1.300507 -0.602347
v 0.624083 1.307752 -0.622406
v 0.617933 1.314075 -0.638775
v 0.610841 1.319232 -0.650825
v 0.603080 1.323024 -0.658092
v 0.594947 1.325307 -0.660298
v 0.586755 1.325993 -0.657357
v 0.578819 1.325054 -0.649383
v 0.571444 1.322528 -0.636682
v 0.564914 1.318511 -0.619743
v 0.559479 1.313158 -0.599215
v 0.555348 1.306674 -0.575889
v 0.552680 1.299308 -0.550659
v 0.633723 1.278964 -0.555272
v 0.630641 1.281982 -0.581170
v 0.626129 1.285067 -0.604962
v 0.620360 1.288102 -0.625735
v 0.613556 1.290968 -0.642689
v 0.605977 1.293557 -0.655173
v 0.597916 1.295768 -0.662709
v 0.589682 1.297517 -0.665005
v 0.581591 1.298736 -0.661974
v 0.573955 1.299379 -0.653732
v 0.567067 1.299421 -0.640596
v 0.561191 1.298860 -0.623071
v 0.556554 1.297718 -0.601830
v 0.553333 1.296039 -0.577690
v 0.551653 1.293887 -0.551578
v 0.632724 1.273439 -0.555151
v 0.628681 1.271145 -0.580932
v 0.623284 1.269334 -0.604617
v 0.616739 1.268076 -0.625296
v 0.609297 1.267421 -0.642173
v 0.601246 1.267393 -0.654600
v 0.592893 1.267992 -0.662100
v 0.584561 1.269197 -0.664385
v 0.576568 1.270961 -0.661365
v 0.569224 1.273215 -0.653159
v 0.562809 1.275874 -0.640080
v 0.557570 1.278835 -0.622632
v 0.553709 1.281984 -0.601485
v 0.551373 1.285201 -0.577452
v 0.550654 1.288362 -0.551457
v 0.631791 1.268023 -0.553995
v 0.626852 1.260521 -0.578665
v 0.620628 1.253911 -0.601326
v 0.613358 1.248446 -0.621107
v 0.605322 1.244339 -0.637248
v 0.596829 1.241745 -0.649128
v 0.588204 1.240765 -0.656290
v 0.579779 1.241436 -0.658461
v 0.571879 1.243733 -0.655555
v 0.564806 1.247567 -0.647686
v 0.558833 1.252791 -0.635155
v 0.554189 1.259205 -0.618444
v 0.551052 1.266561 -0.598194
v 0.549544 1.274577 -0.575186
v 0.549721 1.282946 -0.550301
v 0.630960 1.262924 -0.551849
v 0.625223 1.250519 -0.574456
v 0.618263 1.239390 -0.595215
v 0.610348 1.229966 -0.613329
v 0.601783 1.222608 -0.628102
v 0.592896 1.217599 -0.638965
v 0.584029 1.215131 -0.645502
v 0.575522 1.215301 -0.647461
v 0.567704 1.218100 -0.644767
v 0.560874 1.223421 -0.637524
v 0.555294 1.231061 -0.626009
v 0.551179 1.240724 -0.610666
v 0.548687 1.252041 -0.592083
v 0.547915 1.264576 -0.570976
v 0.548890 1.277847 -0.548155
v 0.630264 1.258339 -0.548796
v 0.623857 1.241524 -0.568466
v 0.616280 1.226331 -0.586519
v 0.607824 1.213345 -0.602261
v 0.598815 1.203063 -0.615087
v 0.589598 1.195882 -0.624504
v 0.580528 1.192078 -0.630150
v 0.571953 1.191795 -0.631809
v 0.564203 1.195046 -0.629416
v 0.557576 1.201705 -0.623063
v 0.552326 1.211516 -0.612995
v 0.548655 1.224103 -0.599598
v 0.546704 1.238982 -0.583387
v 0.546549 1.255581 -0.564986
v 0.548194 1.273261 -0.545101
v 0.629729 1.254442 -0.544952
v 0.622807 1.233881 -0.560926
v 0.614755 1.215235 -0.575572
v 0.605883 1.199223 -0.588328
v 0.596533 1.186457 -0.598704
v 0.587062 1.177431 -0.606300
v 0.577836 1.172489 -0.610825
v 0.569209 1.171823 -0.612105
v 0.561511 1.175457 -0.610090
v 0.555040 1.183253 -0.604859
v 0.550044 1.194910 -0.596611
v 0.546714 1.209981 -0.585665
v 0.545179 1.227886 -0.572440
v 0.545498 1.247938 -0.557446
v 0.547659 1.269365 -0.541257
v 0.629375 1.251385 -0.540465
v 0.622112 1.227884 -0.552125
v 0.613747 1.206529 -0.562795
v 0.604601 1.188141 -0.572066
v 0.595024 1.173427 -0.579581
v 0.585386 1.162952 -0.585052
v 0.576057 1.157119 -0.588268
v 0.567394 1.156151 -0.589106
v 0.559732 1.160087 -0.587533
v 0.553364 1.168774 -0.583611
v 0.548535 1.181880 -0.577489
v 0.545431 1.198900 -0.569403
v 0.544172 1.219180 -0.559663
v 0.544804 1.241940 -0.548645
v 0.547305 1.266308 -0.536771
v 0.629216 1.249284 -0.535508
v 0.621801 1.223763 -0.542401
v 0.613295 1.200546 -0.548679
v 0.604025 1.180527 -0.554099
v 0.594347 1.164473 -0.558455
v 0.584634 1.153003 -0.561577
v 0.575258 1.146557 -0.563348
v 0.566580 1.145383 -0.563697
v 0.558933 1.149525 -0.562613
v 0.552612 1.158826 -0.560136
v 0.547858 1.172926 -0.556362
v 0.544856 1.191285 -0.551436
v 0.543719 1.213197 -0.545547
v 0.544493 1.237819 -0.538921
v 0.547146 1.264207 -0.531814
v 0.629258 1.248221 -0.530271
v 0.621884 1.221677 -0.532129
v 0.613415 1.197518 -0.533765
v 0.604178 1.176672 -0.535118
v 0.594528 1.159941 -0.536135
v 0.584835 1.147967 -0.536778
v 0.575471 1.141211 -0.537020
v 0.566797 1.139931 -0.536854
v 0.559146 1.144179 -0.536286
v 0.552813 1.153789 -0.535336
v 0.548039 1.168394 -0.534043
v 0.545009 1.187430 -0.532455
v 0.543840 1.210168 -0.530633
v 0.544576 1.235733 -0.528649
v 0.547188 1.263143 -0.526577
v 0.629500 1.248235 -0.524956
v 0.622358 1.221705 -0.521702
v 0.614104 1.197559 -0.518629
v 0.605055 1.176725 -0.515853
v 0.595559 1.160003 -0.513482
v 0.585980 1.148036 -0.511606
v 0.576687 1.141284 -0.510298
v 0.568037 1.140006 -0.509609
v 0.560363 1.144252 -0.509564
v 0.553958 1.153858 -0.510165
v 0.549070 1.168456 -0.511389
v 0.545886 1.187483 -0.513189
v 0.544529 1.210210 -0.515497
v 0.545050 1.235762 -0.518222
v 0.547430 1.263158 -0.521261
v 0.629932 1.249328 -0.519766
v 0.623206 1.223848 -0.511522
v 0.615335 1.200670 -0.503850
v 0.606622 1.180683 -0.497043
v 0.597401 1.164658 -0.491364
v 0.588027 1.153208 -0.487030
v 0.578860 1.146775 -0.484209
v 0.570253 1.145605 -0.483008
v 0.562535 1.149743 -0.483474
v 0.556005 1.159031 -0.485589
v 0.550912 1.173111 -0.489271
v 0.547453 1.191442 -0.494380
v 0.545760 1.213320 -0.500718
v 0.545898 1.237904 -0.508043
v 0.547862 1.264250 -0.516072
v 0.630538 1.251455 -0.514902
v 0.624395 1.228022 -0.501981
v 0.617060 1.206729 -0.489997
v 0.608818 1.188396 -0.479412
v 0.599983 1.173726 -0.470632
v 0.590896 1.163285 -0.463994
v 0.581906 1.157472 -0.459754
v 0.573358 1.156511 -0.458074
v 0.565581 1.160440 -0.459019
v 0.558874 1.169107 -0.462552
v 0.553494 1.182179 -0.468539
v 0.549649 1.199154 -0.476749
v 0.547485 1.219380 -0.486865
v 0.547086 1.242078 -0.498501
v 0.548468 1.266378 -0.511207
v 0.631294 1.254537 -0.510549
v 0.625878 1.234066 -0.493443
v 0.619214 1.215505 -0.477603
v 0.611559 1.199565 -0.463637
v 0.603206 1.186860 -0.452082
v 0.594477 1.177878 -0.443383
v 0.585708 1.172964 -0.437873
v 0.577235 1.172307 -0.435764
v 0.569383 1.175932 -0.437138
v 0.562455 1.183701 -0.441941
v 0.556717 1.195313 -0.449990
v 0.552390 1.210324 -0.460974
v 0.549638 1.228155 -0.474471
v 0.548570 1.248123 -0.489963
v 0.549224 1.269459 -0.506855
v 0.632172 1.258454 -0.506877
v 0.627599 1.241750 -0.486239
v 0.621713 1.226659 -0.467143
v 0.614739 1.213762 -0.450324
v 0.606946 1.203554 -0.436428
v 0.598633 1.196428 -0.425989
v 0.590120 1.192656 -0.419408
v 0.581733 1.192385 -0.416938
v 0.573795 1.195625 -0.418673
v 0.566611 1.202250 -0.424548
v 0.560457 1.212007 -0.434336
v 0.555570 1.224521 -0.447661
v 0.552137 1.239310 -0.464011
v 0.550291 1.255807 -0.482759
v 0.550102 1.273376 -0.503182
v 0.551577 1.291344 -0.524497
v 0.633137 1.263056 -0.504024
v 0.629493 1.250777 -0.480643
v 0.624462 1.239765 -0.459020
v 0.618238 1.230442 -0.439986
v 0.611060 1.223168 -0.424272
v 0.603204 1.218221 -0.412481
v 0.594972 1.215792 -0.405068
v 0.586680 1.215974 -0.402317
v 0.578647 1.218760 -0.404333
v 0.571182 1.224043 -0.411040
v 0.564571 1.231621 -0.422179
v 0.559068 1.241200 -0.437322
v 0.554886 1.252415 -0.455888
v 0.552184 1.264833 -0.477163
v 0.551067 1.277978 -0.500330
v 0.634153 1.268166 -0.502102
v 0.631485 1.260800 -0.476873
v 0.627354 1.254317 -0.453546
v 0.621919 1.248963 -0.433018
v 0.615388 1.244946 -0.416079
v 0.608014 1.242420 -0.403378
v 0.600078 1.241481 -0.395404
v 0.591886 1.242167 -0.392463
v 0.583753 1.244450 -0.394669
v 0.575991 1.248242 -0.401936
v 0.568899 1.253399 -0.413986
v 0.562750 1.259722 -0.430355
v 0.557778 1.266967 -0.450414
v 0.554177 1.274857 -0.473393
v 0.552083 1.283088 -0.498407
v 0.635180 1.273587 -0.501184
v 0.633500 1.271435 -0.475071
v 0.630279 1.269756 -0.450931
v 0.625642 1.268614 -0.429690
v 0.619766 1.268053 -0.412165
v 0.612878 1.268095 -0.399029
v 0.605242 1.268738 -0.390787
v 0.597151 1.269957 -0.387756
v 0.588917 1.271706 -0.390053
v 0.580856 1.273917 -0.397588
v 0.573277 1.276506 -0.410072
v 0.566473 1.279372 -0.427027
v 0.560703 1.282407 -0.447799
v 0.556191 1.285492 -0.471591
v 0.553110 1.288510 -0.497489
v 0.636179 1.279112 -0.501305
v 0.635459 1.282273 -0.475309
v 0.633124 1.285490 -0.451276
v 0.629263 1.288639 -0.430129
v 0.624024 1.291600 -0.412681
v 0.617609 1.294259 -0.399602
v 0.610264 1.296513 -0.391396
v 0.602272 1.298277 -0.388377
v 0.593940 1.299482 -0.390661
v 0.585587 1.300081 -0.398161
v 0.577535 1.300053 -0.410588
v 0.570094 1.299397 -0.427465
v 0.563549 1.298140 -0.448144
v 0.558151 1.296329 -0.471829
v 0.554109 1.294035 -0.497610
v 0.637112 1.284528 -0.502460
v 0.637289 1.292897 -0.477576
v 0.635780 1.300913 -0.454567
v 0.632644 1.308269 -0.434318
v 0.628000 1.314683 -0.417606
v 0.622026 1.319907 -0.405075
v 0.614954 1.323741 -0.397206
v 0.607053 1.326038 -0.394300
v 0.598629 1.326709 -0.396471
v 0.590004 1.325729 -0.403634
v 0.581511 1.323135 -0.415514
v 0.573475 1.319028 -0.431654
v 0.566205 1.313564 -0.451435
v 0.559981 1.306953 -0.474096
v 0.555042 1.299451 -0.498766
v 0.637942 1.289627 -0.504606
v 0.638918 1.302898 -0.481785
v 0.638146 1.315433 -0.460678
v 0.635654 1.326750 -0.442095
v 0.631539 1.336413 -0.426752
v 0.625959 1.344053 -0.415237
v 0.619129 1.349374 -0.407994
v 0.611310 1.352174 -0.405300
v 0.602804 1.352343 -0.407259
v 0.593937 1.349875 -0.413796
v 0.585050 1.344866 -0.424659
v 0.576485 1.337508 -0.439432
v 0.568570 1.328084 -0.457546
v 0.561610 1.316955 -0.478305
v 0.555872 1.304549 -0.500912
v 0.638639 1.294213 -0.507660
v 0.640284 1.311893 -0.487775
v 0.640128 1.328492 -0.469374
v 0.638178 1.343371 -0.453163
v 0.634507 1.355958 -0.439767
v 0.629257 1.365769 -0.429698
v 0.622630 1.372428 -0.423346
v 0.614880 1.375679 -0.420953
v 0.606305 1.375396 -0.422611
v 0.597235 1.371592 -0.428257
v 0.588018 1.364410 -0.437674
v 0.579009 1.354129 -0.450500
v 0.570553 1.341143 -0.466242
v 0.562976 1.325950 -0.484295
v 0.556569 1.309135 -0.503965
v 0.639174 1.298109 -0.511504
v 0.641334 1.319536 -0.495315
v 0.641653 1.339588 -0.480321
v 0.640118 1.357493 -0.467096
v 0.636789 1.372564 -0.456150
v 0.631792 1.384221 -0.447903
v 0.625321 1.392017 -0.442671
v 0.617624 1.395651 -0.440657
v 0.608997 1.394985 -0.441936
v 0.599770 1.390043 -0.446461
v 0.590300 1.381017 -0.454057
v 0.580949 1.368252 -0.464433
v 0.572078 1.352239 -0.477189
v 0.564026 1.333593 -0.491836
v 0.557104 1.313032 -0.507810
v 0.639528 1.301167 -0.515991
v 0.642029 1.325534 -0.504117
v 0.642661 1.348294 -0.493098
v 0.641401 1.368574 -0.483359
v 0.638297 1.385594 -0.475273
v 0.633469 1.398700 -0.469150
v 0.627101 1.407387 -0.465228
v 0.619438 1.411323 -0.463655
v 0.610776 1.410355 -0.464493
v 0.601447 1.404522 -0.467709
v 0.591808 1.394047 -0.473180
v 0.582232 1.379333 -0.480695
v 0.573086 1.360945 -0.489966
v 0.564720 1.339590 -0.500637
v 0.557458 1.316089 -0.512296
v 0.639687 1.303267 -0.520948
v 0.642340 1.329654 -0.513840
v 0.643114 1.354277 -0.507215
v 0.641977 1.376189 -0.501325
v 0.638974 1.394548 -0.496399
v 0.634221 1.408648 -0.492625
v 0.627899 1.417948 -0.490148
v 0.620253 1.422091 -0.489064
v 0.611575 1.420917 -0.489414
v 0.602199 1.414471 -0.491184
v 0.592485 1.403001 -0.494307
v 0.582808 1.386947 -0.498662
v 0.573538 1.366928 -0.504083
v 0.565032 1.343711 -0.510360
v 0.557617 1.318190 -0.517253
v 0.639645 1.304331 -0.526184
v 0.642257 1.331741 -0.524112
v 0.642993 1.357306 -0.522128
v 0.641824 1.380044 -0.520306
v 0.638794 1.399081 -0.518718
v 0.634020 1.413685 -0.517425
v 0.627686 1.423295 -0.516476
v 0.620035 1.427542 -0.515907
v 0.611362 1.426264 -0.515741
v 0.601998 1.419507 -0.515983
v 0.592305 1.407533 -0.516626
v 0.582654 1.390802 -0.517643
v 0.573417 1.369956 -0.518996
v 0.564949 1.345797 -0.520633
v 0.557575 1.319253 -0.522490
v 0.639403 1.304316 -0.531500
v 0.641783 1.331712 -0.534539
v 0.640947 1.379991 -0.539572
v 0.632875 1.413616 -0.542597
v 0.600852 1.419438 -0.541155
v 0.581778 1.390749 -0.536908
v 0.572728 1.369915 -0.534133
v 0.564474 1.345769 -0.531059
v 0.557333 1.319239 -0.527805
v 0.424918 2.107028 -1.798988
v 0.418877 2.145180 -1.800136
v 0.408036 2.167399 -1.796584
v 0.401310 2.171364 -1.793189
v 0.394047 2.170300 -1.788874
v 0.379040 2.153443 -1.778179
v 0.422738 2.057742 -1.797478
v 0.420909 2.081744 -1.804844
v 0.417790 2.104161 -1.810842
v 0.413502 2.124133 -1.815243
v 0.408209 2.140891 -1.817877
v 0.402114 2.153791 -1.818643
v 0.395452 2.162338 -1.817512
v 0.388480 2.166204 -1.814526
v 0.381464 2.165240 -1.809802
v 0.374674 2.159482 -1.803519
v 0.368372 2.149153 -1.795921
v 0.362799 2.134649 -1.787298
v 0.358170 2.116527 -1.777982
v 0.354663 2.095484 -1.768331
v 0.352412 2.072328 -1.758716
v 0.420227 2.055793 -1.801301
v 0.415983 2.077921 -1.812344
v 0.410638 2.098611 -1.821730
v 0.404399 2.117069 -1.829101
v 0.397505 2.132585 -1.834172
v 0.390220 2.144562 -1.836750
v 0.382826 2.152541 -1.836734
v 0.375606 2.156215 -1.834125
v 0.368837 2.155442 -1.829023
v 0.362780 2.150253 -1.821626
v 0.357668 2.140847 -1.812216
v 0.353696 2.127585 -1.801156
v 0.351018 2.110977 -1.788870
v 0.349736 2.091661 -1.775831
v 0.349900 2.070379 -1.762540
v 0.417804 2.052977 -1.804639
v 0.411229 2.072397 -1.818890
v 0.403737 2.090591 -1.831234
v 0.395615 2.106861 -1.841197
v 0.387176 2.120582 -1.848395
v 0.378744 2.131225 -1.852553
v 0.370643 2.138382 -1.853510
v 0.363184 2.141779 -1.851230
v 0.356654 2.141284 -1.845800
v 0.351304 2.136916 -1.837429
v 0.347339 2.128844 -1.826439
v 0.344912 2.117377 -1.813251
v 0.344116 2.102957 -1.798373
v 0.344982 2.086137 -1.782377
v 0.347477 2.067563 -1.765877
v 0.415561 2.049402 -1.807361
v 0.406831 2.065383 -1.824230
v 0.397351 2.080409 -1.838987
v 0.387488 2.093902 -1.851065
v 0.377620 2.105343 -1.860000
v 0.368126 2.114293 -1.865447
v 0.359370 2.120407 -1.867198
v 0.351691 2.123451 -1.865186
v 0.345381 2.123308 -1.859488
v 0.340685 2.119984 -1.850323
v 0.337783 2.113605 -1.838043
v 0.336785 2.104418 -1.823120
v 0.337731 2.092774 -1.806127
v 0.340584 2.079123 -1.787718
v 0.345234 2.063988 -1.768600
v 0.413586 2.045204 -1.809365
v 0.402957 2.057150 -1.828161
v 0.391728 2.068456 -1.844693
v 0.380330 2.078689 -1.858327
v 0.369203 2.087454 -1.868539
v 0.358773 2.094416 -1.874935
v 0.349442 2.099306 -1.877271
v 0.341568 2.101937 -1.875456
v 0.335453 2.102207 -1.869561
v 0.331333 2.100107 -1.859811
v 0.329366 2.095716 -1.846582
v 0.329628 2.089205 -1.830382
v 0.332107 2.080822 -1.811833
v 0.336710 2.070890 -1.791648
v 0.343260 2.059790 -1.770603
v 0.423208 2.033078 -1.789028
v 0.411955 2.040546 -1.810572
v 0.399756 2.048013 -1.830529
v 0.387081 2.055192 -1.848132
v 0.374417 2.061806 -1.862704
v 0.362250 2.067603 -1.873685
v 0.351047 2.072358 -1.880653
v 0.341240 2.075890 -1.883341
v 0.333205 2.078062 -1.881646
v 0.327251 2.078791 -1.875631
v 0.323607 2.078049 -1.865529
v 0.322413 2.075865 -1.851728
v 0.323714 2.072322 -1.834758
v 0.327461 2.067557 -1.815271
v 0.333510 2.061753 -1.794016
v 0.341628 2.055133 -1.771811
v 0.410729 2.035607 -1.810937
v 0.397352 2.038325 -1.831245
v 0.383591 2.041126 -1.849171
v 0.369975 2.043904 -1.864026
v 0.357026 2.046551 -1.875240
v 0.345243 2.048967 -1.882381
v 0.335079 2.051058 -1.885176
v 0.326923 2.052744 -1.883516
v 0.321090 2.053959 -1.877466
v 0.317803 2.054658 -1.867257
v 0.317189 2.054814 -1.853283
v 0.319272 2.054420 -1.836081
v 0.323971 2.053491 -1.816310
v 0.331106 2.052064 -1.794732
v 0.340403 2.050193 -1.772176
v 0.409957 2.030576 -1.810445
v 0.395837 2.028456 -1.830281
v 0.381391 2.026799 -1.847771
v 0.367175 2.025669 -1.862244
v 0.353734 2.025110 -1.873145
v 0.341585 2.025142 -1.880053
v 0.331195 2.025765 -1.882704
v 0.322963 2.026956 -1.880996
v 0.317206 2.028667 -1.874994
v 0.314145 2.030833 -1.864929
v 0.313897 2.033372 -1.851188
v 0.316472 2.036185 -1.834299
v 0.321771 2.039164 -1.814910
v 0.329591 2.042196 -1.793768
v 0.339630 2.045162 -1.771684
v 0.409667 2.025647 -1.809116
v 0.395269 2.018787 -1.827673
v 0.380566 2.012761 -1.843985
v 0.366125 2.007802 -1.857426
v 0.352499 2.004101 -1.867479
v 0.340213 2.001799 -1.873758
v 0.329739 2.000984 -1.876022
v 0.321478 2.001689 -1.874182
v 0.315750 2.003886 -1.868311
v 0.312773 2.007490 -1.858634
v 0.312662 2.012363 -1.845523
v 0.315422 2.018319 -1.829481
v 0.320946 2.025127 -1.811125
v 0.329022 2.032526 -1.791160
v 0.339340 2.040233 -1.770355
v 0.409871 2.021009 -1.807000
v 0.395669 2.009688 -1.823523
v 0.381148 1.999553 -1.837960
v 0.366865 1.990991 -1.849757
v 0.353369 1.984333 -1.858462
v 0.341180 1.979834 -1.863738
v 0.330765 1.977666 -1.865384
v 0.322525 1.977914 -1.863337
v 0.316776 1.980567 -1.857674
v 0.313740 1.985525 -1.848614
v 0.313532 1.992595 -1.836505
v 0.316162 2.001507 -1.821812
v 0.321528 2.011918 -1.805099
v 0.329423 2.023428 -1.787010
v 0.339545 2.035595 -1.768239
v 0.410562 2.016840 -1.804179
v 0.397023 2.001511 -1.817989
v 0.383113 1.987681 -1.829926
v 0.369367 1.975881 -1.839532
v 0.356311 1.966565 -1.846438
v 0.344449 1.960091 -1.850378
v 0.334235 1.956708 -1.851202
v 0.326063 1.956545 -1.848876
v 0.320246 1.959609 -1.843492
v 0.317008 1.965782 -1.835255
v 0.316474 1.974828 -1.824481
v 0.318664 1.986397 -1.811587
v 0.323493 2.000046 -1.797066
v 0.330777 2.015251 -1.781476
v 0.340235 2.031426 -1.765418
v 0.411711 2.013300 -1.800761
v 0.399279 1.994568 -1.811284
v 0.386388 1.977602 -1.820192
v 0.373534 1.963053 -1.827144
v 0.361211 1.951480 -1.831871
v 0.349893 1.943330 -1.834192
v 0.340015 1.938914 -1.834019
v 0.331956 1.938403 -1.831357
v 0.326026 1.941815 -1.826308
v 0.322453 1.949021 -1.819068
v 0.321374 1.959743 -1.809914
v 0.322831 1.973568 -1.799198
v 0.326767 1.989967 -1.787332
v 0.333032 2.008308 -1.774772
v 0.341385 2.027887 -1.762000
v 0.413276 2.010526 -1.796878
v 0.402349 1.989127 -1.803667
v 0.390845 1.969702 -1.809134
v 0.379207 1.952999 -1.813068
v 0.367882 1.939658 -1.815320
v 0.357305 1.930194 -1.815802
v 0.347884 1.924969 -1.814495
v 0.339979 1.924185 -1.811451
v 0.333895 1.927871 -1.806785
v 0.329865 1.935885 -1.800678
v 0.328045 1.947921 -1.793363
v 0.328504 1.963515 -1.785123
v 0.331224 1.982068 -1.776273
v 0.336102 2.002867 -1.767154
v 0.342950 2.025113 -1.758116
v 0.415197 2.008625 -1.792678
v 0.406115 1.985397 -1.795429
v 0.396313 1.964287 -1.797174
v 0.386167 1.946106 -1.797846
v 0.376066 1.931554 -1.797421
v 0.366399 1.921188 -1.795913
v 0.357538 1.915409 -1.793382
v 0.349822 1.914437 -1.789924
v 0.343549 1.918310 -1.785672
v 0.338959 1.926880 -1.780789
v 0.336229 1.939816 -1.775464
v 0.335464 1.956622 -1.769901
v 0.336693 1.976652 -1.764313
v 0.339869 1.999137 -1.758916
v 0.344870 2.023211 -1.753917
v 0.417398 2.007668 -1.788324
v 0.410434 1.983521 -1.786887
v 0.402583 1.961563 -1.784773
v 0.394147 1.942639 -1.782063
v 0.385449 1.927477 -1.778862
v 0.376826 1.916659 -1.775292
v 0.368606 1.910600 -1.771490
v 0.361107 1.909534 -1.767603
v 0.354617 1.913502 -1.763780
v 0.349385 1.922350 -1.760168
v 0.345613 1.935740 -1.756905
v 0.343444 1.953156 -1.754118
v 0.342963 1.973929 -1.751913
v 0.344188 1.997260 -1.750374
v 0.347072 2.022254 -1.749562
v 0.419797 2.007694 -1.783981
v 0.415139 1.983571 -1.778370
v 0.409413 1.961636 -1.772408
v 0.402840 1.942732 -1.766325
v 0.395672 1.927586 -1.760356
v 0.388184 1.916780 -1.754729
v 0.380664 1.910729 -1.749661
v 0.373402 1.909665 -1.745346
v 0.366675 1.913630 -1.741951
v 0.360744 1.922471 -1.739605
v 0.355835 1.935849 -1.738399
v 0.352137 1.953248 -1.738380
v 0.349793 1.974001 -1.739547
v 0.348893 1.997311 -1.741857
v 0.349470 2.022280 -1.745220
v 0.422300 2.008701 -1.779819
v 0.420049 1.985545 -1.770204
v 0.416542 1.964502 -1.760553
v 0.411913 1.946380 -1.751238
v 0.406340 1.931876 -1.742615
v 0.400038 1.921547 -1.735016
v 0.393248 1.915789 -1.728733
v 0.386232 1.914825 -1.724009
v 0.379259 1.918690 -1.721023
v 0.372598 1.927238 -1.719892
v 0.366503 1.940138 -1.720658
v 0.361210 1.956896 -1.723292
v 0.356921 1.976868 -1.727693
v 0.353803 1.999285 -1.733692
v 0.351973 2.023287 -1.741057
v 0.424812 2.010649 -1.775995
v 0.424976 1.989368 -1.762704
v 0.423694 1.970052 -1.749665
v 0.421016 1.953444 -1.737379
v 0.417044 1.940182 -1.726319
v 0.411931 1.930776 -1.716909
v 0.405874 1.925587 -1.709512
v 0.399106 1.924814 -1.704411
v 0.391886 1.928488 -1.701802
v 0.384491 1.936467 -1.701786
v 0.377207 1.948444 -1.704363
v 0.370313 1.963960 -1.709434
v 0.364074 1.982418 -1.716805
v 0.358729 2.003108 -1.726192
v 0.354485 2.025236 -1.737234
v 0.427235 2.013466 -1.772658
v 0.429729 1.994892 -1.756158
v 0.430595 1.978072 -1.740162
v 0.429799 1.963652 -1.725284
v 0.427373 1.952185 -1.712096
v 0.423408 1.944113 -1.701106
v 0.418058 1.939745 -1.692735
v 0.411528 1.939250 -1.687305
v 0.404069 1.942647 -1.685024
v 0.395968 1.949804 -1.685982
v 0.387536 1.960448 -1.690140
v 0.379097 1.974168 -1.697338
v 0.370975 1.990438 -1.707301
v 0.363483 2.008632 -1.719646
v 0.356908 2.028052 -1.733897
v 0.429477 2.017041 -1.769936
v 0.434128 2.001906 -1.750817
v 0.436980 1.988254 -1.732408
v 0.437926 1.976611 -1.715415
v 0.436929 1.967424 -1.700492
v 0.434026 1.961045 -1.688212
v 0.429330 1.957721 -1.679047
v 0.423021 1.957578 -1.673349
v 0.415341 1.960622 -1.671337
v 0.406586 1.966736 -1.673088
v 0.397092 1.975686 -1.678536
v 0.387224 1.987127 -1.687470
v 0.377360 2.000620 -1.699548
v 0.367881 2.015646 -1.714305
v 0.359150 2.031627 -1.731174
v 0.351504 2.047951 -1.749507
v 0.431452 2.021239 -1.767932
v 0.438001 2.010139 -1.746887
v 0.442604 2.000207 -1.726702
v 0.445084 1.991824 -1.708154
v 0.445345 1.985313 -1.691953
v 0.443378 1.980922 -1.678724
v 0.439258 1.978822 -1.668974
v 0.433144 1.979092 -1.663079
v 0.425269 1.981723 -1.661264
v 0.415938 1.986613 -1.663600
v 0.405509 1.993575 -1.669997
v 0.394381 2.002340 -1.680208
v 0.382984 2.012573 -1.693842
v 0.371755 2.023879 -1.710375
v 0.361125 2.035825 -1.729170
v 0.433084 2.025896 -1.766724
v 0.441202 2.019276 -1.744519
v 0.447250 2.013472 -1.723264
v 0.450998 2.008707 -1.703777
v 0.452299 2.005164 -1.686807
v 0.451105 2.002980 -1.673006
v 0.447461 2.002238 -1.662904
v 0.441507 2.002967 -1.656890
v 0.433472 2.005139 -1.655194
v 0.423665 2.008671 -1.657882
v 0.412462 2.013426 -1.664851
v 0.400295 2.019222 -1.675832
v 0.387630 2.025837 -1.690404
v 0.374955 2.033016 -1.708006
v 0.362757 2.040483 -1.727963
v 0.434309 2.030836 -1.766360
v 0.443606 2.028965 -1.743803
v 0.450741 2.027537 -1.722225
v 0.455440 2.026609 -1.702455
v 0.457522 2.026215 -1.685252
v 0.456909 2.026371 -1.671278
v 0.453622 2.027070 -1.661070
v 0.447789 2.028285 -1.655019
v 0.439633 2.029971 -1.653359
v 0.429468 2.032062 -1.656154
v 0.417685 2.034477 -1.663295
v 0.404737 2.037125 -1.674509
v 0.391120 2.039903 -1.689365
v 0.377359 2.042704 -1.707290
v 0.363982 2.045422 -1.727598
v 0.435082 2.035866 -1.766851
v 0.445121 2.038833 -1.744767
v 0.452940 2.041864 -1.723625
v 0.458240 2.044844 -1.704236
v 0.460815 2.047657 -1.687347
v 0.460567 2.050195 -1.673606
v 0.457505 2.052362 -1.663541
v 0.451748 2.054073 -1.657539
v 0.443517 2.055263 -1.655831
v 0.433127 2.055887 -1.658482
v 0.420978 2.055919 -1.665391
v 0.407537 2.055360 -1.676291
v 0.393320 2.054230 -1.690764
v 0.378875 2.052573 -1.708255
v 0.364755 2.050453 -1.728090
v 0.435371 2.040796 -1.768180
v 0.445689 2.048502 -1.747375
v 0.453766 2.055902 -1.727410
v 0.459290 2.062710 -1.709054
v 0.462049 2.068666 -1.693013
v 0.461939 2.073539 -1.679901
v 0.458962 2.077143 -1.670224
v 0.453233 2.079340 -1.664353
v 0.444973 2.080045 -1.662514
v 0.434499 2.079230 -1.664777
v 0.422212 2.076928 -1.671056
v 0.408587 2.073226 -1.681109
v 0.394145 2.068268 -1.694550
v 0.379443 2.062242 -1.710862
v 0.365044 2.055382 -1.729419
v 0.435167 2.045434 -1.770296
v 0.445289 2.057601 -1.751525
v 0.453184 2.069111 -1.733436
v 0.458550 2.079522 -1.716723
v 0.461179 2.088434 -1.702030
v 0.460972 2.095504 -1.689921
v 0.457935 2.100461 -1.680861
v 0.452187 2.103115 -1.675198
v 0.443947 2.103363 -1.673151
v 0.433532 2.101195 -1.674797
v 0.421342 2.096696 -1.680074
v 0.407847 2.090038 -1.688778
v 0.393564 2.081476 -1.700575
v 0.379042 2.071341 -1.715013
v 0.364840 2.060020 -1.731535
v 0.434477 2.049603 -1.773117
v 0.443935 2.065778 -1.757059
v 0.451218 2.080983 -1.741470
v 0.456048 2.094632 -1.726948
v 0.458237 2.106201 -1.714054
v 0.457703 2.115247 -1.703281
v 0.454465 2.121420 -1.695044
v 0.448649 2.124484 -1.689659
v 0.440477 2.124321 -1.687333
v 0.430263 2.120938 -1.688157
v 0.418401 2.114464 -1.692097
v 0.405345 2.105148 -1.699003
v 0.391598 2.093348 -1.708609
v 0.377688 2.079518 -1.720546
v 0.364150 2.064189 -1.734356
v 0.433327 2.053143 -1.776535
v 0.441679 2.072721 -1.763763
v 0.447944 2.091062 -1.751203
v 0.451881 2.107460 -1.739337
v 0.453337 2.121286 -1.728621
v 0.452258 2.132008 -1.719467
v 0.448685 2.139214 -1.712227
v 0.442755 2.142626 -1.707179
v 0.434696 2.142115 -1.704517
v 0.424818 2.137699 -1.704343
v 0.413500 2.129549 -1.706664
v 0.401178 2.117976 -1.711391
v 0.388324 2.103427 -1.718343
v 0.375433 2.086461 -1.727251
v 0.363000 2.067729 -1.737774
v 0.431762 2.055916 -1.780419
v 0.438609 2.078162 -1.771381
v 0.443487 2.098961 -1.762262
v 0.446208 2.117514 -1.753412
v 0.446667 2.133108 -1.745172
v 0.444847 2.145144 -1.737858
v 0.440817 2.153158 -1.731750
v 0.434733 2.156844 -1.727085
v 0.426828 2.156060 -1.724040
v 0.417406 2.150835 -1.722733
v 0.406830 2.141371 -1.723215
v 0.395505 2.128030 -1.725467
v 0.383867 2.111327 -1.729402
v 0.372363 2.091902 -1.734869
v 0.361435 2.070502 -1.741657
v 0.429842 2.057818 -1.784619
v 0.434843 2.081892 -1.779619
v 0.438019 2.104377 -1.774222
v 0.439248 2.124407 -1.768634
v 0.438483 2.141213 -1.763071
v 0.435753 2.154149 -1.757746
v 0.431163 2.162719 -1.752863
v 0.424890 2.166592 -1.748611
v 0.417174 2.165620 -1.745153
v 0.408313 2.159841 -1.742622
v 0.398646 2.149475 -1.741114
v 0.388545 2.134923 -1.740689
v 0.378398 2.116742 -1.741361
v 0.368596 2.095632 -1.743107
v 0.359515 2.072404 -1.745857
v 0.427640 2.058774 -1.788973
v 0.430524 2.083768 -1.788161
v 0.431749 2.107100 -1.786623
v 0.431268 2.127873 -1.784417
v 0.429099 2.145289 -1.781630
v 0.425326 2.158679 -1.778367
v 0.420094 2.167527 -1.774755
v 0.413604 2.171494 -1.770932
v 0.406105 2.170429 -1.767045
v 0.397886 2.164370 -1.763244
v 0.389262 2.153552 -1.759673
v 0.380565 2.138389 -1.756472
v 0.372129 2.119466 -1.753762
v 0.364277 2.097508 -1.751648
v 0.357313 2.073360 -1.750212
v 0.425242 2.058749 -1.793315
v 0.425819 2.083718 -1.796678
v 0.422574 2.127781 -1.800155
v 0.413968 2.158558 -1.798930
v 0.386528 2.164249 -1.783806
v 0.371872 2.138297 -1.772210
v 0.365298 2.119393 -1.766127
v 0.359573 2.097458 -1.760166
v 0.354915 2.073335 -1.754554
v 0.362857 3.188638 -1.630036
v 0.342657 3.209273 -1.629928
v 0.325175 3.218002 -1.626098
v 0.318313 3.217409 -1.622949
v 0.313073 3.213497 -1.619129
v 0.308193 3.196444 -1.610082
v 0.381630 3.157727 -1.629243
v 0.370918 3.171813 -1.634232
v 0.359807 3.184332 -1.638117
v 0.348723 3.194805 -1.640747
v 0.338091 3.202829 -1.642022
v 0.328322 3.208095 -1.641892
v 0.319790 3.210401 -1.640363
v 0.312822 3.209659 -1.637494
v 0.307688 3.205896 -1.633394
v 0.304583 3.199258 -1.628222
v 0.303628 3.190000 -1.622175
v 0.304859 3.178477 -1.615488
v 0.308228 3.165132 -1.608415
v 0.313607 3.150478 -1.601229
v 0.320789 3.135078 -1.594207
v 0.380916 3.155626 -1.631841
v 0.369518 3.167691 -1.639328
v 0.357775 3.178349 -1.645514
v 0.346136 3.187190 -1.650162
v 0.335050 3.193874 -1.653093
v 0.324942 3.198145 -1.654193
v 0.316202 3.199838 -1.653422
v 0.309164 3.198889 -1.650809
v 0.304100 3.195333 -1.646453
v 0.301203 3.189308 -1.640523
v 0.300586 3.181045 -1.633246
v 0.302272 3.170861 -1.624902
v 0.306196 3.159148 -1.615812
v 0.312207 3.146356 -1.606325
v 0.320075 3.132977 -1.596805
v 0.380587 3.153017 -1.634098
v 0.368874 3.162572 -1.643757
v 0.356838 3.170918 -1.651944
v 0.344945 3.177731 -1.658345
v 0.333649 3.182752 -1.662715
v 0.323386 3.185787 -1.664885
v 0.314549 3.186719 -1.664773
v 0.307479 3.185512 -1.662382
v 0.302447 3.182214 -1.657804
v 0.299647 3.176950 -1.651215
v 0.299185 3.169922 -1.642869
v 0.301081 3.161402 -1.633086
v 0.305260 3.151717 -1.622242
v 0.311563 3.141237 -1.610754
v 0.319746 3.130368 -1.599063
v 0.380656 3.149999 -1.635930
v 0.369009 3.156653 -1.647348
v 0.357035 3.162323 -1.657158
v 0.345194 3.166793 -1.664982
v 0.333943 3.169890 -1.670519
v 0.323712 3.171496 -1.673557
v 0.314896 3.171547 -1.673978
v 0.307833 3.170044 -1.671768
v 0.302794 3.167042 -1.667009
v 0.299973 3.162659 -1.659887
v 0.299479 3.157061 -1.650673
v 0.301331 3.150465 -1.639723
v 0.305456 3.143123 -1.627456
v 0.311698 3.135318 -1.614345
v 0.319815 3.127350 -1.600894
v 0.381120 3.146689 -1.637264
v 0.369919 3.150160 -1.649965
v 0.358356 3.152898 -1.660957
v 0.346876 3.154797 -1.669818
v 0.335920 3.155784 -1.676205
v 0.325909 3.155821 -1.679875
v 0.317228 3.154907 -1.680686
v 0.310210 3.153078 -1.678606
v 0.305126 3.150402 -1.673717
v 0.302170 3.146984 -1.666205
v 0.301456 3.142954 -1.656359
v 0.303012 3.138468 -1.644558
v 0.306777 3.133697 -1.631256
v 0.312608 3.128825 -1.616962
v 0.320279 3.124040 -1.602228
v 0.391530 3.142617 -1.623341
v 0.381961 3.143214 -1.638050
v 0.371568 3.143344 -1.651507
v 0.360751 3.143002 -1.663195
v 0.349924 3.142202 -1.672666
v 0.339504 3.140974 -1.679555
v 0.329892 3.139365 -1.683597
v 0.321456 3.137438 -1.684637
v 0.314521 3.135266 -1.682635
v 0.309354 3.132933 -1.677668
v 0.306153 3.130528 -1.669926
v 0.305041 3.128144 -1.659708
v 0.306060 3.125873 -1.647407
v 0.309172 3.123801 -1.633494
v 0.314257 3.122009 -1.618504
v 0.321120 3.120565 -1.603014
v 0.383147 3.139708 -1.638257
v 0.373895 3.136466 -1.651914
v 0.364128 3.133017 -1.663786
v 0.354222 3.129493 -1.673418
v 0.344558 3.126029 -1.680439
v 0.335507 3.122760 -1.684579
v 0.327418 3.119810 -1.685680
v 0.320600 3.117293 -1.683698
v 0.315316 3.115305 -1.678711
v 0.311768 3.113923 -1.670909
v 0.310095 3.113200 -1.660593
v 0.310358 3.113164 -1.648159
v 0.312549 3.113816 -1.634084
v 0.316584 3.115131 -1.618911
v 0.322306 3.117059 -1.603221
v 0.384632 3.136304 -1.637878
v 0.376808 3.129790 -1.651170
v 0.368357 3.123326 -1.662707
v 0.359605 3.117158 -1.672045
v 0.350888 3.111526 -1.678824
v 0.342540 3.106644 -1.682785
v 0.334884 3.102702 -1.683774
v 0.328212 3.099849 -1.681756
v 0.322782 3.098197 -1.676805
v 0.318801 3.097807 -1.669114
v 0.316424 3.098696 -1.658978
v 0.315741 3.100829 -1.646785
v 0.316778 3.104125 -1.633005
v 0.319497 3.108456 -1.618168
v 0.323791 3.113656 -1.602842
v 0.386359 3.133135 -1.636927
v 0.380196 3.123574 -1.649305
v 0.373276 3.114301 -1.659999
v 0.365865 3.105672 -1.668598
v 0.358249 3.098020 -1.674772
v 0.350720 3.091637 -1.678282
v 0.343567 3.086770 -1.678994
v 0.337065 3.083605 -1.676882
v 0.331465 3.082265 -1.672025
v 0.326981 3.082800 -1.664611
v 0.323785 3.085190 -1.654925
v 0.322001 3.089343 -1.643339
v 0.321697 3.095100 -1.630298
v 0.322885 3.102239 -1.616302
v 0.325518 3.110487 -1.601892
v 0.388262 3.130322 -1.635441
v 0.383929 3.118056 -1.646390
v 0.378695 3.106290 -1.655767
v 0.372763 3.095476 -1.663212
v 0.366360 3.086030 -1.668438
v 0.359732 3.078315 -1.671244
v 0.353134 3.072628 -1.671523
v 0.346820 3.069186 -1.669264
v 0.341032 3.068122 -1.664554
v 0.335993 3.069478 -1.657574
v 0.331896 3.073200 -1.648592
v 0.328899 3.079147 -1.637952
v 0.327116 3.087089 -1.626065
v 0.326618 3.096721 -1.613387
v 0.327421 3.107673 -1.600405
v 0.390268 3.127973 -1.633477
v 0.387863 3.113448 -1.642537
v 0.384407 3.099600 -1.650173
v 0.380032 3.086962 -1.656092
v 0.374908 3.076018 -1.660066
v 0.369230 3.067190 -1.661942
v 0.363218 3.060817 -1.661648
v 0.357101 3.057144 -1.659195
v 0.351115 3.056312 -1.654678
v 0.345491 3.058353 -1.648271
v 0.340444 3.063189 -1.640219
v 0.336168 3.070632 -1.630833
v 0.332828 3.080399 -1.620471
v 0.330552 3.092113 -1.609534
v 0.329427 3.105324 -1.598441
v 0.392299 3.126178 -1.631110
v 0.391847 3.109927 -1.637894
v 0.390191 3.094488 -1.643432
v 0.387395 3.080456 -1.647512
v 0.383565 3.068368 -1.649977
v 0.378850 3.058690 -1.650732
v 0.373429 3.051794 -1.649748
v 0.367513 3.047944 -1.647062
v 0.361327 3.047289 -1.642779
v 0.355111 3.049853 -1.637062
v 0.349101 3.055539 -1.630131
v 0.343531 3.064127 -1.622253
v 0.338613 3.075288 -1.613731
v 0.334536 3.088592 -1.604891
v 0.331458 3.103529 -1.596074
v 0.394278 3.125007 -1.628431
v 0.395729 3.107629 -1.632639
v 0.395826 3.091152 -1.635804
v 0.394567 3.076209 -1.637803
v 0.391999 3.063375 -1.638560
v 0.388220 3.053142 -1.638046
v 0.383378 3.045903 -1.636280
v 0.377656 3.041938 -1.633331
v 0.371275 3.041398 -1.629311
v 0.364481 3.044304 -1.624376
v 0.357535 3.050545 -1.618714
v 0.350703 3.059880 -1.612544
v 0.344248 3.071951 -1.606102
v 0.338418 3.086294 -1.599636
v 0.333437 3.102358 -1.593395
v 0.396128 3.124503 -1.625543
v 0.399358 3.106641 -1.626975
v 0.401096 3.089718 -1.627581
v 0.401273 3.074384 -1.627337
v 0.399885 3.061229 -1.626253
v 0.396983 3.050757 -1.624371
v 0.392680 3.043372 -1.621763
v 0.387140 3.039357 -1.618529
v 0.380577 3.038867 -1.614794
v 0.373244 3.041920 -1.610701
v 0.365421 3.048399 -1.606407
v 0.357409 3.058055 -1.602077
v 0.349517 3.070517 -1.597879
v 0.342047 3.085306 -1.593972
v 0.335287 3.101854 -1.590508
v 0.397779 3.124687 -1.622558
v 0.402596 3.107002 -1.621119
v 0.405796 3.090242 -1.619079
v 0.407256 3.075052 -1.616516
v 0.406920 3.062014 -1.613529
v 0.404800 3.051629 -1.610233
v 0.400978 3.044298 -1.606754
v 0.395601 3.040301 -1.603226
v 0.388876 3.039793 -1.599785
v 0.381061 3.042792 -1.596563
v 0.372456 3.049184 -1.593683
v 0.363392 3.058722 -1.591257
v 0.354218 3.071042 -1.589377
v 0.345285 3.085668 -1.588116
v 0.336938 3.102038 -1.587522
v 0.399167 3.125552 -1.619589
v 0.405318 3.108698 -1.615296
v 0.409748 3.092705 -1.610625
v 0.412285 3.078186 -1.605756
v 0.412833 3.065699 -1.600877
v 0.411371 3.055724 -1.596175
v 0.407954 3.048645 -1.591830
v 0.402714 3.044734 -1.588010
v 0.395852 3.044140 -1.584861
v 0.387632 3.046887 -1.582505
v 0.378370 3.052869 -1.581031
v 0.368421 3.061857 -1.580497
v 0.358169 3.073504 -1.580923
v 0.348007 3.087364 -1.582293
v 0.338326 3.102903 -1.584553
v 0.400238 3.127064 -1.616752
v 0.407419 3.111664 -1.609730
v 0.412798 3.097010 -1.602544
v 0.416168 3.083666 -1.595472
v 0.417399 3.072143 -1.588784
v 0.416444 3.062884 -1.582737
v 0.413339 3.056246 -1.577565
v 0.408204 3.052484 -1.573465
v 0.401237 3.051741 -1.570596
v 0.392705 3.054047 -1.569067
v 0.382935 3.059313 -1.568937
v 0.372304 3.067337 -1.570212
v 0.361220 3.077810 -1.572842
v 0.350108 3.090330 -1.576727
v 0.339397 3.104415 -1.581716
v 0.400952 3.129165 -1.614154
v 0.408819 3.115786 -1.604634
v 0.414831 3.102994 -1.595147
v 0.418755 3.091281 -1.586057
v 0.420440 3.081098 -1.577713
v 0.419823 3.072834 -1.570436
v 0.416927 3.066809 -1.564506
v 0.411862 3.063254 -1.560150
v 0.404825 3.062304 -1.557537
v 0.396084 3.063997 -1.556766
v 0.385977 3.068268 -1.557867
v 0.374891 3.074952 -1.560797
v 0.363252 3.083793 -1.565445
v 0.351508 3.094451 -1.571631
v 0.340110 3.106516 -1.579118
v 0.401280 3.131774 -1.611896
v 0.409464 3.120905 -1.600205
v 0.415767 3.110425 -1.588717
v 0.419946 3.100740 -1.577873
v 0.421841 3.092220 -1.568090
v 0.421380 3.085192 -1.559744
v 0.418579 3.079928 -1.553155
v 0.413547 3.076630 -1.548577
v 0.406477 3.075423 -1.546186
v 0.397641 3.076355 -1.546074
v 0.387378 3.079390 -1.548244
v 0.376082 3.084411 -1.552614
v 0.364188 3.091225 -1.559016
v 0.352153 3.099570 -1.567203
v 0.340439 3.109126 -1.576861
v 0.401211 3.134792 -1.610065
v 0.409329 3.126824 -1.596614
v 0.415570 3.119019 -1.583503
v 0.419696 3.111678 -1.571236
v 0.421547 3.105081 -1.560286
v 0.421053 3.099483 -1.551072
v 0.418233 3.095100 -1.543950
v 0.413194 3.092098 -1.539191
v 0.406131 3.090595 -1.536981
v 0.397314 3.090646 -1.537402
v 0.387084 3.092252 -1.540440
v 0.375832 3.095349 -1.545977
v 0.363992 3.099819 -1.553801
v 0.352018 3.105489 -1.563611
v 0.340370 3.112144 -1.575029
v 0.329497 3.119525 -1.587618
v 0.400747 3.138102 -1.608731
v 0.408419 3.133317 -1.593997
v 0.414249 3.128445 -1.579703
v 0.418015 3.123674 -1.566401
v 0.419570 3.119188 -1.554600
v 0.418857 3.115158 -1.544754
v 0.415901 3.111740 -1.537242
v 0.410816 3.109065 -1.532353
v 0.403799 3.107235 -1.530273
v 0.395117 3.106321 -1.531084
v 0.385107 3.106359 -1.534754
v 0.374151 3.107346 -1.541142
v 0.362671 3.109244 -1.550002
v 0.351108 3.111982 -1.560994
v 0.339906 3.115453 -1.573695
v 0.399906 3.141577 -1.607945
v 0.406769 3.140133 -1.592455
v 0.411854 3.138341 -1.577465
v 0.414966 3.136270 -1.563552
v 0.415986 3.133998 -1.551250
v 0.414874 3.131614 -1.541032
v 0.411672 3.129210 -1.533291
v 0.406505 3.126876 -1.528324
v 0.399570 3.124704 -1.526322
v 0.391135 3.122777 -1.527362
v 0.381522 3.121169 -1.531404
v 0.371103 3.119940 -1.538293
v 0.360276 3.119140 -1.547764
v 0.349458 3.118798 -1.559452
v 0.339065 3.118928 -1.572909
v 0.398721 3.145083 -1.607738
v 0.404443 3.147011 -1.592048
v 0.408477 3.148326 -1.576874
v 0.410668 3.148978 -1.562800
v 0.410932 3.148942 -1.550366
v 0.409258 3.148219 -1.540050
v 0.405711 3.146837 -1.532248
v 0.400427 3.144849 -1.527261
v 0.393609 3.142332 -1.525279
v 0.385519 3.139382 -1.526380
v 0.376468 3.136113 -1.530520
v 0.366804 3.132649 -1.537541
v 0.356899 3.129125 -1.547173
v 0.347132 3.125676 -1.559045
v 0.337880 3.122435 -1.572702
v 0.397236 3.148487 -1.608117
v 0.401530 3.153687 -1.592791
v 0.404248 3.158017 -1.577954
v 0.405286 3.161313 -1.564174
v 0.404603 3.163446 -1.551981
v 0.402225 3.164335 -1.541845
v 0.398245 3.163946 -1.534153
v 0.392815 3.162293 -1.529204
v 0.386143 3.159441 -1.527185
v 0.378486 3.155498 -1.528175
v 0.370139 3.150616 -1.532135
v 0.361422 3.144984 -1.538914
v 0.352670 3.138817 -1.548252
v 0.344219 3.132352 -1.559788
v 0.336394 3.125838 -1.573081
v 0.395508 3.151656 -1.609067
v 0.398142 3.159903 -1.594656
v 0.399329 3.167042 -1.580661
v 0.399025 3.172799 -1.567620
v 0.397241 3.176952 -1.556034
v 0.394046 3.179342 -1.546347
v 0.389562 3.179877 -1.538934
v 0.383961 3.178537 -1.534077
v 0.377460 3.175372 -1.531965
v 0.370307 3.170505 -1.532677
v 0.362778 3.164123 -1.536188
v 0.355161 3.156470 -1.542361
v 0.347751 3.147841 -1.550960
v 0.340831 3.138568 -1.561654
v 0.334667 3.129007 -1.574032
v 0.393605 3.154469 -1.610554
v 0.394409 3.165421 -1.597572
v 0.393910 3.175053 -1.584894
v 0.392128 3.182995 -1.573007
v 0.389131 3.188941 -1.562368
v 0.385034 3.192664 -1.553385
v 0.379994 3.194020 -1.546405
v 0.374206 3.192956 -1.541695
v 0.367892 3.189515 -1.539436
v 0.361295 3.183827 -1.539715
v 0.354667 3.176112 -1.542521
v 0.348264 3.166666 -1.547747
v 0.342332 3.155852 -1.555192
v 0.337098 3.144086 -1.564569
v 0.332764 3.131820 -1.575518
v 0.391600 3.156818 -1.612518
v 0.390475 3.170029 -1.601425
v 0.388198 3.181743 -1.590488
v 0.384858 3.191510 -1.580126
v 0.380582 3.198954 -1.570740
v 0.375535 3.203789 -1.562688
v 0.369911 3.205830 -1.556280
v 0.363926 3.204998 -1.551764
v 0.357809 3.201324 -1.549311
v 0.351796 3.194952 -1.549017
v 0.346119 3.186124 -1.550893
v 0.340994 3.175180 -1.554867
v 0.336620 3.162542 -1.560786
v 0.333164 3.148694 -1.568422
v 0.330759 3.134169 -1.577482
v 0.389568 3.158613 -1.614885
v 0.386490 3.173550 -1.606068
v 0.382414 3.186854 -1.597228
v 0.377496 3.198015 -1.588706
v 0.371925 3.206604 -1.580828
v 0.365916 3.212289 -1.573897
v 0.359699 3.214854 -1.568180
v 0.353514 3.214198 -1.563897
v 0.347597 3.210348 -1.561211
v 0.342177 3.203452 -1.560227
v 0.337461 3.193774 -1.560982
v 0.333632 3.181686 -1.563447
v 0.330835 3.167654 -1.567527
v 0.329179 3.152215 -1.573065
v 0.328727 3.135964 -1.579849
v 0.387589 3.159785 -1.617564
v 0.382609 3.175848 -1.611323
v 0.376779 3.190191 -1.604857
v 0.370324 3.202262 -1.598415
v 0.363492 3.211597 -1.592245
v 0.356545 3.217838 -1.586583
v 0.349751 3.220744 -1.581648
v 0.343371 3.220204 -1.577628
v 0.337649 3.216239 -1.574679
v 0.332806 3.209001 -1.572913
v 0.329028 3.198768 -1.572399
v 0.326460 3.185933 -1.573156
v 0.325200 3.170990 -1.575155
v 0.325298 3.154513 -1.578320
v 0.326748 3.137136 -1.582528
v 0.385739 3.160288 -1.620451
v 0.378979 3.176836 -1.616987
v 0.371510 3.191625 -1.613080
v 0.363617 3.204087 -1.608882
v 0.355606 3.213743 -1.604552
v 0.347783 3.220222 -1.600258
v 0.340449 3.223275 -1.596165
v 0.333887 3.222785 -1.592430
v 0.328347 3.218770 -1.589196
v 0.324044 3.211385 -1.586588
v 0.321142 3.200913 -1.584706
v 0.319753 3.187758 -1.583622
v 0.319931 3.172424 -1.583379
v 0.321668 3.155501 -1.583984
v 0.324898 3.137639 -1.585416
v 0.384089 3.160104 -1.623437
v 0.375741 3.176475 -1.622843
v 0.366809 3.191101 -1.621582
v 0.357634 3.203420 -1.619702
v 0.348571 3.212958 -1.617276
v 0.339966 3.219350 -1.614396
v 0.332151 3.222349 -1.611174
v 0.325426 3.221841 -1.607732
v 0.320049 3.217844 -1.604205
v 0.316227 3.210513 -1.600726
v 0.314107 3.200129 -1.597430
v 0.313771 3.187090 -1.594443
v 0.315230 3.171900 -1.591880
v 0.318430 3.155140 -1.589840
v 0.323248 3.137455 -1.588401
v 0.382701 3.159239 -1.626405
v 0.373019 3.174778 -1.628666
v 0.352605 3.200285 -1.630462
v 0.333395 3.215255 -1.628454
v 0.309656 3.206418 -1.614784
v 0.308741 3.183957 -1.605202
v 0.311279 3.169437 -1.600334
v 0.315708 3.153444 -1.595663
v 0.321860 3.136590 -1.591370
v 0.387568 1.384052 1.621745
v 0.383132 1.415561 1.616797
v 0.372658 1.434168 1.611290
v 0.365624 1.437657 1.608589
v 0.357740 1.437039 1.606063
v 0.340650 1.423738 1.601910
v 0.386459 1.343616 1.621595
v 0.389563 1.363289 1.616341
v 0.390895 1.381713 1.610964
v 0.390405 1.398181 1.605670
v 0.388112 1.412060 1.600663
v 0.384103 1.422817 1.596134
v 0.378532 1.430038 1.592259
v 0.371614 1.433446 1.589185
v 0.363614 1.432909 1.587031
v 0.354840 1.428449 1.585880
v 0.345630 1.420237 1.585776
v 0.336336 1.408588 1.586723
v 0.327317 1.393950 1.588684
v 0.318918 1.376886 1.591585
v 0.311463 1.358051 1.595314
v 0.387416 1.342025 1.617988
v 0.391441 1.360168 1.609267
v 0.393622 1.377182 1.600695
v 0.393876 1.392415 1.592600
v 0.392193 1.405280 1.585294
v 0.388637 1.415283 1.579057
v 0.383345 1.422040 1.574130
v 0.376522 1.425291 1.570701
v 0.368428 1.424911 1.568902
v 0.359375 1.420915 1.568803
v 0.349711 1.413457 1.570407
v 0.339806 1.402822 1.573652
v 0.330043 1.389420 1.578415
v 0.320796 1.373765 1.584511
v 0.312420 1.356460 1.591707
v 0.388126 1.339726 1.614700
v 0.392833 1.355658 1.602818
v 0.395643 1.370635 1.591331
v 0.396448 1.384081 1.580682
v 0.395217 1.395481 1.571280
v 0.391998 1.404395 1.563486
v 0.386913 1.410481 1.557599
v 0.380159 1.413506 1.553847
v 0.371996 1.413352 1.552372
v 0.362736 1.410027 1.553232
v 0.352735 1.403657 1.556393
v 0.342379 1.394488 1.561735
v 0.332064 1.382872 1.569052
v 0.322188 1.369255 1.578062
v 0.313130 1.354161 1.588419
v 0.388561 1.336807 1.611857
v 0.393686 1.349931 1.597240
v 0.396881 1.362321 1.583233
v 0.398023 1.373500 1.570376
v 0.397070 1.383039 1.559161
v 0.394056 1.390570 1.550020
v 0.389098 1.395805 1.543303
v 0.382387 1.398542 1.539271
v 0.374181 1.398676 1.538076
v 0.364794 1.396202 1.539765
v 0.354587 1.391216 1.544274
v 0.343954 1.383907 1.551428
v 0.333302 1.374559 1.560953
v 0.323041 1.363529 1.572484
v 0.313564 1.351241 1.585576
v 0.388704 1.333380 1.609567
v 0.393966 1.343209 1.592748
v 0.397288 1.352562 1.576712
v 0.398541 1.361079 1.562076
v 0.397678 1.368433 1.549401
v 0.394732 1.374341 1.539175
v 0.389816 1.378576 1.531791
v 0.383119 1.380976 1.527533
v 0.374899 1.381447 1.526564
v 0.365470 1.379973 1.528921
v 0.355196 1.376610 1.534514
v 0.344472 1.371486 1.543128
v 0.333709 1.364799 1.554432
v 0.323321 1.356806 1.567992
v 0.313707 1.347814 1.583286
v 0.381703 1.323452 1.626522
v 0.388549 1.329576 1.607919
v 0.393663 1.335749 1.589515
v 0.396848 1.341732 1.572018
v 0.397981 1.347295 1.556102
v 0.397020 1.352224 1.542376
v 0.394001 1.356331 1.531370
v 0.389040 1.359456 1.523505
v 0.382328 1.361481 1.519084
v 0.374122 1.362328 1.518277
v 0.364739 1.361963 1.521116
v 0.354538 1.360401 1.527489
v 0.343912 1.357701 1.537154
v 0.333269 1.353969 1.549739
v 0.323018 1.349346 1.564759
v 0.313553 1.344011 1.581638
v 0.388103 1.325543 1.606975
v 0.392789 1.327838 1.587665
v 0.395578 1.330246 1.569332
v 0.396366 1.332677 1.552683
v 0.395120 1.335035 1.538357
v 0.391890 1.337231 1.526903
v 0.386799 1.339181 1.518763
v 0.380043 1.340808 1.514250
v 0.371882 1.342052 1.513536
v 0.362628 1.342863 1.516649
v 0.352638 1.343212 1.523470
v 0.342296 1.343083 1.533736
v 0.332000 1.342484 1.547053
v 0.322144 1.341435 1.562909
v 0.313107 1.339978 1.580695
v 0.387383 1.321435 1.606773
v 0.391376 1.319780 1.587269
v 0.393528 1.318547 1.568758
v 0.393756 1.317787 1.551951
v 0.392052 1.317527 1.537496
v 0.388481 1.317777 1.525947
v 0.383180 1.318528 1.517748
v 0.376353 1.319751 1.513215
v 0.368262 1.321399 1.512521
v 0.359219 1.323409 1.515693
v 0.349570 1.325703 1.522609
v 0.339687 1.328194 1.533004
v 0.329949 1.330785 1.546478
v 0.320731 1.333377 1.562513
v 0.312387 1.335870 1.580493
v 0.386417 1.317410 1.607321
v 0.389481 1.311884 1.588342
v 0.390776 1.307085 1.570316
v 0.390253 1.303198 1.553934
v 0.387933 1.300372 1.539828
v 0.383904 1.298715 1.528538
v 0.378321 1.298292 1.520499
v 0.371399 1.299119 1.516019
v 0.363403 1.301164 1.515271
v 0.354642 1.304347 1.518284
v 0.345451 1.308548 1.524941
v 0.336184 1.313605 1.534987
v 0.327197 1.319322 1.548036
v 0.318836 1.325481 1.563586
v 0.311421 1.331845 1.581040
v 0.385241 1.313623 1.608596
v 0.387174 1.304454 1.590843
v 0.387427 1.296299 1.573947
v 0.385992 1.289470 1.558556
v 0.382922 1.284229 1.545263
v 0.378336 1.280779 1.534577
v 0.372410 1.279251 1.526910
v 0.365372 1.279705 1.522555
v 0.357492 1.282122 1.521682
v 0.349074 1.286411 1.524323
v 0.340440 1.292406 1.530376
v 0.331922 1.299877 1.539609
v 0.323849 1.308536 1.551667
v 0.316529 1.318052 1.566087
v 0.310245 1.328058 1.582315
v 0.383901 1.310218 1.610550
v 0.384545 1.297776 1.594676
v 0.383611 1.286604 1.579512
v 0.381135 1.277131 1.565639
v 0.377210 1.269720 1.553591
v 0.371990 1.264657 1.543831
v 0.365673 1.262136 1.536734
v 0.358503 1.262254 1.532572
v 0.350755 1.265007 1.531506
v 0.342728 1.270289 1.533577
v 0.334728 1.277896 1.538704
v 0.327065 1.287537 1.546692
v 0.320033 1.298841 1.557232
v 0.313900 1.311374 1.569921
v 0.308905 1.324653 1.584269
v 0.382448 1.307328 1.613108
v 0.381696 1.292107 1.599694
v 0.379474 1.278373 1.586797
v 0.375869 1.266654 1.574911
v 0.371019 1.257401 1.564494
v 0.365110 1.250969 1.555945
v 0.358369 1.247605 1.549594
v 0.351056 1.247439 1.545685
v 0.343452 1.250476 1.544367
v 0.335848 1.256601 1.545691
v 0.328537 1.265578 1.549607
v 0.321800 1.277061 1.555964
v 0.315895 1.290610 1.564517
v 0.311051 1.305704 1.574938
v 0.307452 1.321763 1.586827
v 0.380939 1.305063 1.616172
v 0.378735 1.287663 1.605704
v 0.375175 1.271922 1.595521
v 0.370397 1.258443 1.586015
v 0.364585 1.247746 1.577551
v 0.357961 1.240241 1.570454
v 0.350780 1.236216 1.564996
v 0.343318 1.235827 1.561389
v 0.335862 1.239087 1.559769
v 0.328699 1.245873 1.560200
v 0.322103 1.255923 1.562664
v 0.316328 1.268850 1.567068
v 0.311596 1.284159 1.573242
v 0.308090 1.301260 1.580948
v 0.305942 1.319497 1.589891
v 0.379430 1.303509 1.619623
v 0.375776 1.284616 1.612475
v 0.370879 1.267498 1.605351
v 0.364930 1.252814 1.598526
v 0.358156 1.241126 1.592262
v 0.350817 1.232885 1.586799
v 0.343196 1.228408 1.582349
v 0.335586 1.227865 1.579081
v 0.328279 1.231279 1.577121
v 0.321555 1.238517 1.576545
v 0.315674 1.249303 1.577375
v 0.310861 1.263220 1.579578
v 0.307301 1.279736 1.583071
v 0.305131 1.298213 1.587718
v 0.304434 1.317944 1.593342
v 0.377981 1.302728 1.623330
v 0.372932 1.283083 1.619746
v 0.366752 1.265273 1.615907
v 0.359677 1.249981 1.611961
v 0.351979 1.237796 1.608060
v 0.343953 1.229185 1.604353
v 0.335910 1.224479 1.600984
v 0.328157 1.223860 1.598081
v 0.320992 1.227350 1.595757
v 0.314691 1.234817 1.594099
v 0.309496 1.245972 1.593173
v 0.305607 1.260388 1.593014
v 0.303173 1.277510 1.593627
v 0.302287 1.296681 1.594990
v 0.302984 1.317163 1.597049
v 0.376646 1.302748 1.627150
v 0.370315 1.283123 1.627238
v 0.362951 1.265331 1.626784
v 0.354839 1.250055 1.625805
v 0.346291 1.237883 1.624339
v 0.337633 1.229281 1.622442
v 0.329200 1.224581 1.620186
v 0.321316 1.223964 1.617660
v 0.314283 1.227453 1.614959
v 0.308371 1.234913 1.612187
v 0.303809 1.246059 1.609452
v 0.300770 1.260462 1.606858
v 0.299373 1.277568 1.604504
v 0.299670 1.296721 1.602482
v 0.301650 1.317183 1.600869
v 0.375478 1.303570 1.630935
v 0.368023 1.284735 1.634664
v 0.359624 1.267670 1.637565
v 0.350604 1.253032 1.639526
v 0.341311 1.241384 1.640473
v 0.332100 1.233171 1.640369
v 0.323326 1.228711 1.639218
v 0.315327 1.228175 1.637064
v 0.308408 1.231582 1.633990
v 0.302838 1.238803 1.630115
v 0.298829 1.249560 1.625586
v 0.296535 1.263439 1.620579
v 0.296045 1.279907 1.615285
v 0.297378 1.298332 1.609908
v 0.300481 1.318004 1.604654
v 0.374520 1.305161 1.634541
v 0.366144 1.287855 1.641737
v 0.356897 1.272201 1.647834
v 0.347134 1.258799 1.652596
v 0.337230 1.248164 1.655842
v 0.327566 1.240705 1.657446
v 0.318513 1.236709 1.657347
v 0.310419 1.236329 1.655548
v 0.303595 1.239580 1.652119
v 0.298303 1.246337 1.647192
v 0.294748 1.256341 1.640955
v 0.293065 1.269206 1.633649
v 0.293318 1.284438 1.625554
v 0.295499 1.301453 1.616982
v 0.299524 1.319595 1.608261
v 0.373811 1.307460 1.637830
v 0.364752 1.292366 1.648187
v 0.354876 1.278749 1.657197
v 0.344562 1.267132 1.664514
v 0.334205 1.257963 1.669856
v 0.324205 1.251594 1.673017
v 0.314945 1.248268 1.673877
v 0.306781 1.248115 1.672402
v 0.300027 1.251140 1.668650
v 0.294943 1.257226 1.662763
v 0.291723 1.266140 1.654969
v 0.290492 1.277539 1.645567
v 0.291297 1.290986 1.634918
v 0.294107 1.305963 1.623431
v 0.298814 1.321895 1.611549
v 0.373376 1.310379 1.640673
v 0.363900 1.298092 1.653765
v 0.353638 1.287062 1.665295
v 0.342986 1.277713 1.674821
v 0.332353 1.270405 1.681975
v 0.322147 1.265418 1.686484
v 0.312760 1.262944 1.688173
v 0.304553 1.263079 1.686978
v 0.297842 1.265816 1.682945
v 0.292884 1.271050 1.676229
v 0.289871 1.278582 1.667088
v 0.288917 1.288120 1.655873
v 0.290060 1.299299 1.643016
v 0.293255 1.311689 1.629009
v 0.298380 1.324814 1.614392
v 0.305237 1.338169 1.599727
v 0.373233 1.313806 1.642963
v 0.363620 1.304814 1.658257
v 0.353232 1.296821 1.671816
v 0.342469 1.290135 1.683120
v 0.331744 1.285011 1.691735
v 0.321470 1.281647 1.697328
v 0.312042 1.280173 1.699685
v 0.303821 1.280645 1.698716
v 0.297124 1.283045 1.694458
v 0.292208 1.287280 1.687074
v 0.289262 1.293188 1.676848
v 0.288399 1.300542 1.664173
v 0.289653 1.309058 1.649537
v 0.292975 1.318411 1.633501
v 0.298237 1.328241 1.616682
v 0.373388 1.317609 1.644611
v 0.363922 1.312274 1.661490
v 0.353671 1.307652 1.676510
v 0.343028 1.303919 1.689095
v 0.332402 1.301220 1.698759
v 0.322201 1.299658 1.705133
v 0.312818 1.299293 1.707971
v 0.304613 1.300139 1.707165
v 0.297900 1.302164 1.702744
v 0.292939 1.305290 1.694879
v 0.289920 1.309397 1.683872
v 0.288959 1.314326 1.670147
v 0.290093 1.319889 1.654230
v 0.293278 1.325872 1.636734
v 0.298391 1.332044 1.618330
v 0.373833 1.321642 1.645554
v 0.364797 1.320186 1.663340
v 0.354941 1.319137 1.679196
v 0.344644 1.318537 1.692513
v 0.334302 1.318409 1.702779
v 0.324312 1.318757 1.709600
v 0.315059 1.319569 1.712713
v 0.306897 1.320812 1.711999
v 0.300141 1.322440 1.707486
v 0.295050 1.324389 1.699346
v 0.291820 1.326586 1.687892
v 0.290575 1.328944 1.673566
v 0.291362 1.331374 1.656916
v 0.294152 1.333783 1.638584
v 0.298837 1.336077 1.619274
v 0.374553 1.325750 1.645756
v 0.366209 1.328244 1.663736
v 0.356991 1.330836 1.679771
v 0.347253 1.333427 1.693245
v 0.337370 1.335917 1.703640
v 0.327722 1.338211 1.710556
v 0.318678 1.340221 1.713728
v 0.310588 1.341869 1.713034
v 0.303760 1.343092 1.708501
v 0.298459 1.343844 1.700302
v 0.294888 1.344094 1.688753
v 0.293184 1.343834 1.674298
v 0.293412 1.343073 1.657491
v 0.295564 1.341841 1.638980
v 0.299557 1.340185 1.619475
v 0.375520 1.329776 1.645209
v 0.368105 1.336139 1.662663
v 0.359743 1.342298 1.678213
v 0.350756 1.348016 1.691262
v 0.341489 1.353072 1.701308
v 0.332298 1.357273 1.707965
v 0.323537 1.360457 1.710977
v 0.315541 1.362502 1.710230
v 0.308619 1.363328 1.705750
v 0.303036 1.362905 1.697711
v 0.299007 1.361249 1.686421
v 0.296687 1.358423 1.672314
v 0.296164 1.354536 1.655933
v 0.297460 1.349737 1.637907
v 0.300523 1.344210 1.618928
v 0.376696 1.333563 1.643934
v 0.370411 1.343569 1.660162
v 0.363092 1.353084 1.674582
v 0.355018 1.361744 1.686640
v 0.346501 1.369215 1.695873
v 0.337867 1.375210 1.701926
v 0.329448 1.379498 1.704567
v 0.321569 1.381916 1.703693
v 0.314531 1.382370 1.699339
v 0.308605 1.380842 1.691672
v 0.304019 1.377391 1.680986
v 0.300949 1.372151 1.667693
v 0.299513 1.365322 1.652302
v 0.299766 1.357166 1.635406
v 0.301699 1.347998 1.617653
v 0.378036 1.336967 1.641980
v 0.373040 1.350247 1.656328
v 0.366908 1.362779 1.669017
v 0.359875 1.374083 1.679557
v 0.352212 1.383724 1.687545
v 0.344213 1.391331 1.692672
v 0.336185 1.396613 1.694743
v 0.328438 1.399366 1.693677
v 0.321268 1.399484 1.689515
v 0.314951 1.396964 1.682418
v 0.309730 1.391901 1.672658
v 0.305806 1.384490 1.660610
v 0.303329 1.375016 1.646737
v 0.302395 1.363844 1.631572
v 0.303039 1.351402 1.615699
v 0.379488 1.339858 1.639422
v 0.375890 1.355917 1.651310
v 0.371045 1.371011 1.661732
v 0.365141 1.384560 1.670285
v 0.358404 1.396043 1.676642
v 0.351093 1.405020 1.680558
v 0.343489 1.411144 1.681882
v 0.335884 1.414182 1.680564
v 0.328571 1.414016 1.676655
v 0.321830 1.410652 1.670304
v 0.315922 1.404219 1.661755
v 0.311071 1.394966 1.651338
v 0.307466 1.383248 1.639452
v 0.305245 1.369514 1.626554
v 0.304492 1.354293 1.613141
v 0.380998 1.342123 1.636358
v 0.378851 1.360360 1.645301
v 0.375344 1.377462 1.653007
v 0.370612 1.392770 1.659181
v 0.364838 1.405698 1.663585
v 0.358242 1.415747 1.666049
v 0.351078 1.422533 1.666480
v 0.343622 1.425794 1.664860
v 0.336160 1.425404 1.661252
v 0.328979 1.421380 1.655795
v 0.322356 1.413874 1.648698
v 0.316543 1.403177 1.640234
v 0.311765 1.389699 1.630727
v 0.308206 1.373957 1.620545
v 0.306002 1.356558 1.610077
v 0.382506 1.343677 1.632906
v 0.381810 1.363407 1.638530
v 0.379640 1.381885 1.643178
v 0.376080 1.398400 1.646671
v 0.371267 1.412318 1.648874
v 0.365385 1.423103 1.649704
v 0.358662 1.430342 1.649128
v 0.351354 1.433755 1.647168
v 0.343744 1.433213 1.643900
v 0.336123 1.428735 1.639450
v 0.328785 1.420494 1.633987
v 0.322010 1.408807 1.627723
v 0.316061 1.394122 1.620898
v 0.311165 1.377004 1.613774
v 0.307510 1.358111 1.606626
v 0.383956 1.344458 1.629200
v 0.384653 1.364940 1.631259
v 0.383767 1.384110 1.632622
v 0.381333 1.401232 1.633235
v 0.377444 1.415648 1.633076
v 0.372249 1.426804 1.632150
v 0.365948 1.434270 1.630492
v 0.358784 1.437761 1.628168
v 0.351031 1.437142 1.625265
v 0.342987 1.432436 1.621895
v 0.334962 1.423825 1.618189
v 0.327264 1.411639 1.614288
v 0.320188 1.396347 1.610342
v 0.314008 1.378537 1.606503
v 0.308960 1.358893 1.602919
v 0.385290 1.344438 1.625380
v 0.387271 1.364900 1.623767
v 0.386170 1.401159 1.619391
v 0.378569 1.426707 1.614061
v 0.349307 1.432339 1.603807
v 0.332101 1.411565 1.600444
v 0.323989 1.396289 1.599465
v 0.316626 1.378497 1.599011
v 0.310294 1.358872 1.599099
vn -0.0029 0.5609 -0.8279
vn 0.0120 0.8278 0.5609
vn 0.0029 -0.5609 0.8279
vn -0.0120 -0.8278 -0.5609
vn 0.9999 -0.0083 -0.0092
vn -0.9999 0.0083 0.0092
vn -0.9654 0.2579 -0.0399
vn -0.9289 -0.3684 -0.0384
vn -0.9844 0.1713 -0.0407
vn -0.8536 -0.5198 -0.0353
vn -0.9943 0.0982 -0.0411
vn -0.6815 -0.7313 -0.0281
vn -0.9986 0.0320 -0.0412
vn -0.2896 0.9571 -0.0120
vn -0.2896 -0.9571 -0.0120
vn -0.9986 -0.0320 -0.0412
vn -0.6815 0.7313 -0.0281
vn -0.9943 -0.0982 -0.0411
vn -0.8536 0.5198 -0.0353
vn -0.9844 -0.1713 -0.0407
vn -0.9289 0.3684 -0.0384
vn -0.9654 -0.2579 -0.0399
vn -0.9199 0.3797 -0.0983
vn -0.9584 -0.2664 -0.1024
vn -0.9584 0.2664 -0.1024
vn -0.9199 -0.3797 -0.0983
vn -0.9786 0.1772 -0.1046
vn -0.8413 -0.5331 -0.0899
vn -0.9892 0.1016 -0.1057
vn -0.6654 -0.7431 -0.0711
vn -0.9938 0.0332 -0.1062
vn -0.2791 0.9598 -0.0298
vn -0.2791 -0.9598 -0.0298
vn -0.9938 -0.0332 -0.1062
vn -0.6654 0.7431 -0.0711
vn -0.9892 -0.1016 -0.1057
vn -0.8413 0.5331 -0.0899
vn -0.9786 -0.1772 -0.1046
vn -0.9834 0.0356 -0.1780
vn -0.2584 0.9649 -0.0468
vn -0.2584 -0.9649 -0.0468
vn -0.9834 -0.0356 -0.1780
vn -0.6321 0.7664 -0.1144
vn -0.9781 -0.1091 -0.1770
vn -0.8148 0.5607 -0.1475
vn -0.9661 -0.1899 -0.1748
vn -0.9003 0.4035 -0.1629
vn -0.9433 -0.2847 -0.1707
vn -0.9433 0.2847 -0.1707
vn -0.9003 -0.4035 -0.1629
vn -0.9661 0.1899 -0.1748
vn -0.8148 -0.5607 -0.1475
vn -0.9781 0.1091 -0.1770
vn -0.6321 -0.7664 -0.1144
vn -0.9154 -0.3155 -0.2498
vn -0.9154 0.3155 -0.2498
vn -0.8650 -0.4427 -0.2360
vn -0.9429 0.2117 -0.2573
vn -0.7688 -0.6041 -0.2098
vn -0.9575 0.1220 -0.2613
vn -0.5782 -0.8005 -0.1578
vn -0.9640 0.0399 -0.2630
vn -0.2279 0.9717 -0.0622
vn -0.2279 -0.9717 -0.0622
vn -0.9640 -0.0399 -0.2630
vn -0.5782 0.8005 -0.1578
vn -0.9575 -0.1220 -0.2613
vn -0.7688 0.6041 -0.2098
vn -0.9429 -0.2117 -0.2573
vn -0.8650 0.4427 -0.2360
vn -0.1882 0.9792 -0.0754
vn -0.1882 -0.9792 -0.0754
vn -0.9272 -0.0468 -0.3717
vn -0.4991 0.8431 -0.2001
vn -0.9187 -0.1428 -0.3683
vn -0.6934 0.6648 -0.2780
vn -0.8996 -0.2464 -0.3606
vn -0.8031 0.5014 -0.3219
vn -0.8647 -0.3636 -0.3466
vn -0.8647 0.3636 -0.3466
vn -0.8031 -0.5014 -0.3219
vn -0.8996 0.2464 -0.3606
vn -0.6934 -0.6648 -0.2780
vn -0.9187 0.1428 -0.3683
vn -0.4991 -0.8431 -0.2001
vn -0.9272 0.0468 -0.3717
vn -0.7680 0.4355 -0.4696
vn -0.6929 -0.5834 -0.4237
vn -0.8137 0.3005 -0.4975
vn -0.5731 -0.7408 -0.3504
vn -0.8398 0.1760 -0.5135
vn -0.3903 -0.8892 -0.2387
vn -0.8517 0.0580 -0.5208
vn -0.1406 0.9863 -0.0860
vn -0.1406 -0.9863 -0.0860
vn -0.8517 -0.0580 -0.5208
vn -0.3903 0.8892 -0.2387
vn -0.8398 -0.1760 -0.5135
vn -0.5730 0.7408 -0.3504
vn -0.8137 -0.3005 -0.4975
vn -0.6929 0.5834 -0.4237
vn -0.7680 -0.4355 -0.4696
vn -0.6793 -0.0754 -0.7300
vn -0.2503 0.9301 -0.2690
vn -0.6634 -0.2269 -0.7130
vn -0.3892 0.8207 -0.4183
vn -0.6302 -0.3797 -0.6773
vn -0.4974 0.6832 -0.5346
vn -0.5763 -0.5331 -0.6194
vn -0.5763 0.5331 -0.6194
vn -0.4974 -0.6832 -0.5346
vn -0.6302 0.3797 -0.6773
vn -0.3892 -0.8207 -0.4183
vn -0.6634 0.2269 -0.7130
vn -0.2503 -0.9301 -0.2690
vn -0.6793 0.0754 -0.7300
vn -0.0867 0.9919 -0.0931
vn -0.0867 -0.9919 -0.0931
vn -0.1838 -0.7643 -0.6181
vn -0.2529 0.4613 -0.8504
vn -0.1373 -0.8764 -0.4616
vn -0.2734 0.2830 -0.9193
vn -0.0849 -0.9547 -0.2853
vn -0.2838 0.0954 -0.9541
vn -0.0287 0.9949 -0.0966
vn -0.0287 -0.9949 -0.0966
vn -0.2838 -0.0954 -0.9541
vn -0.0849 0.9547 -0.2853
vn -0.2734 -0.2830 -0.9193
vn -0.1373 0.8764 -0.4616
vn -0.2529 -0.4613 -0.8504
vn -0.1838 0.7643 -0.6181
vn -0.2228 -0.6239 -0.7491
vn -0.2228 0.6239 -0.7491
vn 0.2914 -0.2830 -0.9138
vn 0.1463 0.8764 -0.4588
vn 0.2695 -0.4613 -0.8453
vn 0.1959 0.7643 -0.6143
vn 0.2374 -0.6239 -0.7446
vn 0.2374 0.6239 -0.7446
vn 0.1959 -0.7643 -0.6143
vn 0.2695 0.4613 -0.8453
vn 0.1463 -0.8764 -0.4588
vn 0.2914 0.2830 -0.9138
vn 0.0904 -0.9547 -0.2836
vn 0.3024 0.0954 -0.9484
vn 0.0306 0.9949 -0.0960
vn 0.0306 -0.9949 -0.0960
vn 0.3024 -0.0954 -0.9484
vn 0.0904 0.9547 -0.2836
vn 0.3973 -0.8207 -0.4105
vn 0.6773 0.2269 -0.6999
vn 0.2555 -0.9301 -0.2640
vn 0.6935 0.0754 -0.7165
vn 0.0885 0.9919 -0.0914
vn 0.0885 -0.9919 -0.0914
vn 0.6935 -0.0754 -0.7165
vn 0.2555 0.9301 -0.2640
vn 0.6773 -0.2269 -0.6999
vn 0.3973 0.8207 -0.4105
vn 0.6433 -0.3797 -0.6648
vn 0.5078 0.6832 -0.5247
vn 0.5884 -0.5331 -0.6079
vn 0.5884 0.5331 -0.6079
vn 0.5078 -0.6832 -0.5247
vn 0.6433 0.3797 -0.6648
vn 0.5798 0.7408 -0.3391
vn 0.8233 -0.3005 -0.4815
vn 0.7011 0.5834 -0.4100
vn 0.7771 -0.4355 -0.4544
vn 0.7771 0.4355 -0.4544
vn 0.7011 -0.5834 -0.4100
vn 0.8233 0.3005 -0.4815
vn 0.5798 -0.7408 -0.3391
vn 0.8497 0.1760 -0.4969
vn 0.3949 -0.8892 -0.2310
vn 0.8618 0.0580 -0.5040
vn 0.1422 0.9863 -0.0832
vn 0.1422 -0.9863 -0.0832
vn 0.8618 -0.0580 -0.5040
vn 0.3950 0.8892 -0.2310
vn 0.8497 -0.1760 -0.4969
vn 0.9257 0.1428 -0.3502
vn 0.5029 -0.8431 -0.1902
vn 0.9343 0.0468 -0.3534
vn 0.1897 0.9792 -0.0717
vn 0.1897 -0.9792 -0.0717
vn 0.9343 -0.0468 -0.3534
vn 0.5029 0.8431 -0.1902
vn 0.9257 -0.1428 -0.3502
vn 0.6987 0.6648 -0.2643
vn 0.9065 -0.2464 -0.3429
vn 0.8092 0.5014 -0.3061
vn 0.8713 -0.3636 -0.3296
vn 0.8713 0.3636 -0.3296
vn 0.8092 -0.5014 -0.3061
vn 0.9065 0.2464 -0.3429
vn 0.6987 -0.6648 -0.2643
vn 0.9477 -0.2117 -0.2387
vn 0.8695 0.4427 -0.2190
vn 0.9202 -0.3155 -0.2318
vn 0.9202 0.3155 -0.2318
vn 0.8695 -0.4427 -0.2190
vn 0.9477 0.2117 -0.2387
vn 0.7728 -0.6041 -0.1947
vn 0.9625 0.1220 -0.2424
vn 0.5812 -0.8005 -0.1464
vn 0.9689 0.0399 -0.2441
vn 0.2290 0.9717 -0.0577
vn 0.2290 -0.9717 -0.0577
vn 0.9689 -0.0399 -0.2441
vn 0.5812 0.8005 -0.1464
vn 0.9625 -0.1220 -0.2424
vn 0.7728 0.6041 -0.1947
vn 0.6342 -0.7664 -0.1020
vn 0.9867 0.0356 -0.1586
vn 0.2593 0.9649 -0.0417
vn 0.2593 -0.9649 -0.0417
vn 0.9867 -0.0356 -0.1586
vn 0.6342 0.7664 -0.1020
vn 0.9814 -0.1091 -0.1578
vn 0.8175 0.5607 -0.1315
vn 0.9693 -0.1899 -0.1559
vn 0.9034 0.4035 -0.1453
vn 0.9465 -0.2847 -0.1522
vn 0.9465 0.2847 -0.1522
vn 0.9034 -0.4035 -0.1453
vn 0.9693 0.1899 -0.1559
vn 0.8175 -0.5607 -0.1315
vn 0.9814 0.1091 -0.1578
vn 0.9216 0.3797 -0.0803
vn 0.9602 -0.2664 -0.0836
vn 0.9602 0.2664 -0.0836
vn 0.9216 -0.3797 -0.0803
vn 0.9805 0.1772 -0.0854
vn 0.8429 -0.5331 -0.0734
vn 0.9911 0.1016 -0.0863
vn 0.6667 -0.7431 -0.0581
vn 0.9957 0.0332 -0.0867
vn 0.2796 0.9598 -0.0244
vn 0.2796 -0.9598 -0.0243
vn 0.9957 -0.0332 -0.0867
vn 0.6667 0.7431 -0.0581
vn 0.9911 -0.1016 -0.0863
vn 0.8429 0.5331 -0.0734
vn 0.9805 -0.1772 -0.0854
vn 0.9993 0.0320 -0.0217
vn 0.2898 0.9571 -0.0063
vn 0.2898 -0.9571 -0.0063
vn 0.9993 -0.0320 -0.0217
vn 0.6819 0.7313 -0.0148
vn 0.9949 -0.0982 -0.0216
vn 0.8541 0.5198 -0.0185
vn 0.9850 -0.1713 -0.0213
vn 0.9294 0.3684 -0.0201
vn 0.9660 -0.2579 -0.0209
vn 0.9660 0.2579 -0.0209
vn 0.9294 -0.3684 -0.0201
vn 0.9850 0.1713 -0.0213
vn 0.8541 -0.5198 -0.0185
vn 0.9949 0.0982 -0.0216
vn 0.6819 -0.7313 -0.0148
vn 0.9654 -0.2579 0.0399
vn 0.9654 0.2579 0.0399
vn 0.9289 -0.3684 0.0384
vn 0.9844 0.1713 0.0407
vn 0.8536 -0.5198 0.0353
vn 0.9943 0.0982 0.0411
vn 0.6815 -0.7313 0.0281
vn 0.9986 0.0320 0.0412
vn 0.2896 0.9571 0.0120
vn 0.2896 -0.9571 0.0120
vn 0.9986 -0.0320 0.0412
vn 0.6815 0.7313 0.0281
vn 0.9943 -0.0982 0.0411
vn 0.8536 0.5198 0.0353
vn 0.9844 -0.1713 0.0407
vn 0.9289 0.3684 0.0384
vn 0.2791 -0.9598 0.0298
vn 0.9938 -0.0332 0.1062
vn 0.6654 0.7431 0.0711
vn 0.9892 -0.1016 0.1057
vn 0.8413 0.5331 0.0899
vn 0.9786 -0.1772 0.1046
vn 0.9199 0.3797 0.0983
vn 0.9584 -0.2664 0.1024
vn 0.9584 0.2664 0.1024
vn 0.9199 -0.3797 0.0983
vn 0.9786 0.1772 0.1046
vn 0.8413 -0.5331 0.0899
vn 0.9892 0.1016 0.1057
vn 0.6654 -0.7431 0.0711
vn 0.9938 0.0332 0.1062
vn 0.2791 0.9598 0.0298
vn 0.9003 -0.4035 0.1629
vn 0.9661 0.1899 0.1748
vn 0.8148 -0.5607 0.1475
vn 0.9781 0.1091 0.1770
vn 0.6321 -0.7664 0.1144
vn 0.9834 0.0356 0.1780
vn 0.2584 0.9649 0.0468
vn 0.2584 -0.9649 0.0468
vn 0.9834 -0.0356 0.1780
vn 0.6321 0.7664 0.1144
vn 0.9781 -0.1091 0.1770
vn 0.8148 0.5607 0.1475
vn 0.9661 -0.1899 0.1748
vn 0.9003 0.4035 0.1629
vn 0.9433 -0.2847 0.1707
vn 0.9433 0.2847 0.1707
vn 0.5782 0.8005 0.1578
vn 0.9575 -0.1220 0.2613
vn 0.7688 0.6041 0.2098
vn 0.9429 -0.2117 0.2573
vn 0.8650 0.4427 0.2360
vn 0.9154 -0.3155 0.2498
vn 0.9154 0.3155 0.2498
vn 0.8650 -0.4427 0.2360
vn 0.9429 0.2117 0.2573
vn 0.7688 -0.6041 0.2098
vn 0.9575 0.1220 0.2613
vn 0.5782 -0.8005 0.1578
vn 0.9640 0.0399 0.2630
vn 0.2279 0.9717 0.0622
vn 0.2279 -0.9717 0.0622
vn 0.9640 -0.0399 0.2630
vn 0.8996 0.2464 0.3606
vn 0.6934 -0.6648 0.2780
vn 0.9187 0.1428 0.3683
vn 0.4991 -0.8431 0.2001
vn 0.9272 0.0468 0.3717
vn 0.1882 0.9792 0.0754
vn 0.1882 -0.9792 0.0754
vn 0.9272 -0.0468 0.3717
vn 0.4991 0.8431 0.2001
vn 0.9187 -0.1428 0.3683
vn 0.6934 0.6648 0.2780
vn 0.8996 -0.2464 0.3606
vn 0.8031 0.5014 0.3219
vn 0.8647 -0.3636 0.3466
vn 0.8647 0.3636 0.3466
vn 0.8031 -0.5014 0.3219
vn 0.8398 -0.1760 0.5135
vn 0.5730 0.7408 0.3504
vn 0.8137 -0.3005 0.4975
vn 0.6929 0.5834 0.4237
vn 0.7680 -0.4355 0.4696
vn 0.7680 0.4355 0.4696
vn 0.6929 -0.5834 0.4237
vn 0.8137 0.3005 0.4975
vn 0.5730 -0.7408 0.3504
vn 0.8398 0.1760 0.5135
vn 0.3903 -0.8892 0.2387
vn 0.8517 0.0580 0.5208
vn 0.1406 0.9863 0.0860
vn 0.1406 -0.9863 0.0860
vn 0.8517 -0.0580 0.5208
vn 0.3903 0.8892 0.2387
vn 0.3892 -0.8207 0.4183
vn 0.6634 0.2269 0.7130
vn 0.2503 -0.9301 0.2690
vn 0.6793 0.0754 0.7300
vn 0.0867 0.9919 0.0931
vn 0.0867 -0.9919 0.0931
vn 0.6793 -0.0754 0.7300
vn 0.2503 0.9301 0.2690
vn 0.6634 -0.2269 0.7130
vn 0.3892 0.8207 0.4183
vn 0.6302 -0.3797 0.6773
vn 0.4974 0.6832 0.5346
vn 0.5763 -0.5331 0.6194
vn 0.5763 0.5331 0.6194
vn 0.4974 -0.6832 0.5346
vn 0.6302 0.3797 0.6773
vn 0.1373 0.8764 0.4616
vn 0.2529 -0.4613 0.8504
vn 0.1838 0.7643 0.6181
vn 0.2228 -0.6239 0.7491
vn 0.2228 0.6239 0.7491
vn 0.1838 -0.7643 0.6181
vn 0.2529 0.4613 0.8504
vn 0.1373 -0.8764 0.4616
vn 0.2734 0.2830 0.9193
vn 0.0849 -0.9547 0.2853
vn 0.2838 0.0954 0.9541
vn 0.0287 0.9949 0.0966
vn 0.0287 -0.9949 0.0966
vn 0.2838 -0.0954 0.9541
vn 0.0849 0.9547 0.2853
vn 0.2734 -0.2830 0.9193
vn -0.2914 0.2830 0.9138
vn -0.0904 -0.9547 0.2836
vn -0.3024 0.0954 0.9484
vn -0.0306 0.9949 0.0960
vn -0.0306 -0.9949 0.0960
vn -0.3024 -0.0954 0.9484
vn -0.0904 0.9547 0.2836
vn -0.2914 -0.2830 0.9138
vn -0.1463 0.8764 0.4588
vn -0.2695 -0.4613 0.8453
vn -0.1959 0.7643 0.6143
vn -0.2374 -0.6239 0.7446
vn -0.2374 0.6239 0.7446
vn -0.1959 -0.7643 0.6143
vn -0.2695 0.4613 0.8453
vn -0.1463 -0.8764 0.4588
vn -0.6433 -0.3797 0.6648
vn -0.5078 0.6832 0.5247
vn -0.5884 -0.5331 0.6079
vn -0.5884 0.5331 0.6079
vn -0.5078 -0.6832 0.5247
vn -0.6434 0.3797 0.6648
vn -0.3973 -0.8207 0.4105
vn -0.6773 0.2269 0.6999
vn -0.2555 -0.9301 0.2640
vn -0.6935 0.0754 0.7165
vn -0.0885 0.9919 0.0914
vn -0.0885 -0.9919 0.0914
vn -0.6935 -0.0754 0.7165
vn -0.2555 0.9301 0.2640
vn -0.6773 -0.2269 0.6999
vn -0.3973 0.8207 0.4105
vn -0.3949 -0.8892 0.2310
vn -0.8618 0.0580 0.5040
vn -0.1422 0.9863 0.0832
vn -0.1422 -0.9863 0.0832
vn -0.8618 -0.0580 0.5040
vn -0.3950 0.8892 0.2310
vn -0.8497 -0.1760 0.4969
vn -0.5798 0.7408 0.3391
vn -0.8233 -0.3005 0.4815
vn -0.7011 0.5834 0.4100
vn -0.7771 -0.4355 0.4544
vn -0.7771 0.4355 0.4544
vn -0.7011 -0.5834 0.4100
vn -0.8233 0.3005 0.4815
vn -0.5798 -0.7408 0.3391
vn -0.8497 0.1760 0.4969
vn -0.8713 -0.3636 0.3296
vn -0.8713 0.3636 0.3296
vn -0.8092 -0.5014 0.3061
vn -0.9065 0.2464 0.3429
vn -0.6987 -0.6648 0.2643
vn -0.9257 0.1428 0.3502
vn -0.5029 -0.8431 0.1902
vn -0.9343 0.0468 0.3534
vn -0.1897 0.9792 0.0717
vn -0.1897 -0.9792 0.0717
vn -0.9343 -0.0468 0.3534
vn -0.5029 0.8431 0.1902
vn -0.9257 -0.1428 0.3502
vn -0.6987 0.6648 0.2643
vn -0.9065 -0.2464 0.3429
vn -0.8092 0.5014 0.3061
vn -0.2290 0.9717 0.0577
vn -0.2290 -0.9717 0.0577
vn -0.9689 -0.0399 0.2441
vn -0.5812 0.8005 0.1464
vn -0.9625 -0.1220 0.2424
vn -0.7728 0.6041 0.1947
vn -0.9477 -0.2117 0.2387
vn -0.8695 0.4427 0.2190
vn -0.9202 -0.3155 0.2318
vn -0.9202 0.3155 0.2318
vn -0.8695 -0.4427 0.2190
vn -0.9477 0.2117 0.2387
vn -0.7728 -0.6041 0.1947
vn -0.9625 0.1220 0.2424
vn -0.5812 -0.8005 0.1464
vn -0.9689 0.0399 0.2441
vn -0.9465 0.2847 0.1522
vn -0.9034 -0.4035 0.1453
vn -0.9693 0.1899 0.1559
vn -0.8175 -0.5607 0.1315
vn -0.9814 0.1091 0.1578
vn -0.6342 -0.7664 0.1020
vn -0.9867 0.0356 0.1586
vn -0.2593 0.9649 0.0417
vn -0.2593 -0.9649 0.0417
vn -0.9867 -0.0356 0.1586
vn -0.6342 0.7664 0.1020
vn -0.9814 -0.1091 0.1578
vn -0.8175 0.5607 0.1315
vn -0.9693 -0.1899 0.1559
vn -0.9034 0.4035 0.1453
vn -0.9465 -0.2847 0.1522
vn -0.9957 -0.0332 0.0867
vn -0.6667 0.7431 0.0581
vn -0.9911 -0.1016 0.0863
vn -0.8429 0.5331 0.0734
vn -0.9805 -0.1772 0.0854
vn -0.9216 0.3797 0.0803
vn -0.9602 -0.2664 0.0836
vn -0.9602 0.2664 0.0836
vn -0.9216 -0.3797 0.0803
vn -0.9805 0.1772 0.0854
vn -0.8429 -0.5331 0.0734
vn -0.9911 0.1016 0.0863
vn -0.6667 -0.7431 0.0581
vn -0.9957 0.0332 0.0867
vn -0.2796 0.9598 0.0243
vn -0.2796 -0.9598 0.0243
vn -0.9294 -0.3684 0.0201
vn -0.9850 0.1713 0.0213
vn -0.8541 -0.5198 0.0185
vn -0.9949 0.0982 0.0216
vn -0.6819 -0.7313 0.0148
vn -0.9993 0.0320 0.0217
vn -0.2898 0.9571 0.0063
vn -0.2898 -0.9571 0.0063
vn -0.9993 -0.0320 0.0217
vn -0.6819 0.7313 0.0148
vn -0.9949 -0.0982 0.0216
vn -0.8541 0.5198 0.0185
vn -0.9850 -0.1713 0.0213
vn -0.9294 0.3684 0.0201
vn -0.9660 -0.2579 0.0209
vn -0.9660 0.2579 0.0209
vn -0.9136 0.4033 -0.0514
vn -0.8354 -0.5476 -0.0470
vn -0.9597 0.2759 -0.0540
vn -0.7043 -0.7088 -0.0396
vn -0.9854 0.1608 -0.0555
vn -0.4910 -0.8707 -0.0276
vn -0.9970 0.0528 -0.0561
vn -0.1801 0.9836 -0.0101
vn -0.1801 -0.9836 -0.0101
vn -0.9970 -0.0528 -0.0561
vn -0.4910 0.8707 -0.0276
vn -0.9854 -0.1608 -0.0555
vn -0.7043 0.7088 -0.0396
vn -0.9597 -0.2759 -0.0540
vn -0.8354 0.5476 -0.0470
vn -0.9136 -0.4033 -0.0514
vn -0.8195 0.5591 -0.1255
vn -0.9000 -0.4136 -0.1378
vn -0.9000 0.4136 -0.1378
vn -0.8195 -0.5591 -0.1255
vn -0.9479 0.2837 -0.1451
vn -0.6867 -0.7193 -0.1051
vn -0.9748 0.1656 -0.1492
vn -0.4751 -0.8769 -0.0727
vn -0.9870 0.0544 -0.1511
vn -0.1732 0.9845 -0.0265
vn -0.1732 -0.9845 -0.0265
vn -0.9870 -0.0544 -0.1511
vn -0.4751 0.8769 -0.0727
vn -0.9748 -0.1656 -0.1492
vn -0.6867 0.7193 -0.1051
vn -0.9479 -0.2837 -0.1451
vn -0.9656 0.0578 -0.2535
vn -0.1597 0.9863 -0.0419
vn -0.1597 -0.9863 -0.0419
vn -0.9656 -0.0578 -0.2535
vn -0.4433 0.8888 -0.1164
vn -0.9522 -0.1757 -0.2500
vn -0.6504 0.7401 -0.1708
vn -0.9227 -0.3000 -0.2423
vn -0.7861 0.5826 -0.2064
vn -0.8710 -0.4348 -0.2287
vn -0.8710 0.4348 -0.2287
vn -0.7861 -0.5826 -0.2064
vn -0.9227 0.2999 -0.2423
vn -0.6504 -0.7401 -0.1708
vn -0.9522 0.1757 -0.2500
vn -0.4433 -0.8888 -0.1164
vn -0.8209 -0.4681 -0.3271
vn -0.8209 0.4681 -0.3271
vn -0.7302 -0.6182 -0.2909
vn -0.8782 0.3261 -0.3499
vn -0.5925 -0.7702 -0.2361
vn -0.9117 0.1922 -0.3632
vn -0.3951 -0.9050 -0.1574
vn -0.9271 0.0634 -0.3694
vn -0.1401 0.9886 -0.0558
vn -0.1401 -0.9886 -0.0558
vn -0.9271 -0.0634 -0.3694
vn -0.3951 0.9050 -0.1574
vn -0.9117 -0.1922 -0.3632
vn -0.5925 0.7702 -0.2361
vn -0.8782 -0.3261 -0.3499
vn -0.7302 0.6182 -0.2909
vn -0.1151 0.9910 -0.0676
vn -0.1151 -0.9910 -0.0676
vn -0.8599 -0.0718 -0.5055
vn -0.3303 0.9237 -0.1942
vn -0.8416 -0.2165 -0.4947
vn -0.5087 0.8073 -0.2991
vn -0.8029 -0.3640 -0.4720
vn -0.6437 0.6652 -0.3784
vn -0.7392 -0.5146 -0.4345
vn -0.7392 0.5146 -0.4345
vn -0.6437 -0.6652 -0.3784
vn -0.8029 0.3640 -0.4720
vn -0.5087 -0.8073 -0.2991
vn -0.8416 0.2165 -0.4947
vn -0.3303 -0.9237 -0.1942
vn -0.8599 0.0718 -0.5055
vn -0.6094 0.5726 -0.5484
vn -0.5160 -0.7198 -0.4644
vn -0.6766 0.4141 -0.6089
vn -0.3953 -0.8468 -0.3558
vn -0.7197 0.2500 -0.6477
vn -0.2496 -0.9419 -0.2246
vn -0.7407 0.0835 -0.6666
vn -0.0854 0.9934 -0.0769
vn -0.0855 -0.9934 -0.0769
vn -0.7407 -0.0835 -0.6666
vn -0.2496 0.9419 -0.2246
vn -0.7197 -0.2500 -0.6477
vn -0.3953 0.8468 -0.3558
vn -0.6766 -0.4141 -0.6089
vn -0.5160 0.7198 -0.4644
vn -0.6094 -0.5726 -0.5484
vn -0.5301 -0.0977 -0.8423
vn -0.1550 0.9567 -0.2464
vn -0.5099 -0.2895 -0.8101
vn -0.2517 0.8813 -0.3999
vn -0.4701 -0.4703 -0.7469
vn -0.3385 0.7721 -0.5379
vn -0.4122 -0.6333 -0.6550
vn -0.4122 0.6333 -0.6550
vn -0.3385 -0.7721 -0.5379
vn -0.4701 0.4703 -0.7469
vn -0.2517 -0.8813 -0.3999
vn -0.5099 0.2895 -0.8101
vn -0.1550 -0.9567 -0.2464
vn -0.5301 0.0977 -0.8423
vn -0.0524 0.9952 -0.0832
vn -0.0524 -0.9952 -0.0832
vn -0.1154 -0.8056 -0.5812
vn -0.1673 0.5122 -0.8424
vn -0.0842 -0.9019 -0.4238
vn -0.1845 0.3206 -0.9291
vn -0.0511 -0.9650 -0.2573
vn -0.1936 0.1092 -0.9750
vn -0.0171 0.9961 -0.0862
vn -0.0171 -0.9961 -0.0862
vn -0.1936 -0.1092 -0.9750
vn -0.0511 0.9650 -0.2573
vn -0.1845 -0.3206 -0.9291
vn -0.0842 0.9019 -0.4238
vn -0.1673 -0.5122 -0.8424
vn -0.1154 0.8056 -0.5812
vn -0.1437 -0.6753 -0.7234
vn -0.1437 0.6753 -0.7234
vn 0.2027 -0.3206 -0.9253
vn 0.0925 0.9019 -0.4220
vn 0.1838 -0.5122 -0.8390
vn 0.1268 0.8056 -0.5788
vn 0.1578 -0.6753 -0.7204
vn 0.1578 0.6753 -0.7204
vn 0.1268 -0.8056 -0.5788
vn 0.1838 0.5122 -0.8390
vn 0.0925 -0.9019 -0.4220
vn 0.2027 0.3206 -0.9253
vn 0.0561 -0.9650 -0.2563
vn 0.2127 0.1092 -0.9710
vn 0.0188 0.9961 -0.0859
vn 0.0188 -0.9961 -0.0859
vn 0.2127 -0.1092 -0.9710
vn 0.0561 0.9650 -0.2563
vn 0.2595 -0.8813 -0.3949
vn 0.5256 0.2895 -0.7999
vn 0.1598 -0.9567 -0.2433
vn 0.5465 0.0977 -0.8317
vn 0.0540 0.9952 -0.0822
vn 0.0540 -0.9952 -0.0822
vn 0.5465 -0.0977 -0.8317
vn 0.1599 0.9567 -0.2433
vn 0.5256 -0.2895 -0.7999
vn 0.2595 0.8813 -0.3949
vn 0.4846 -0.4703 -0.7375
vn 0.3490 0.7721 -0.5311
vn 0.4250 -0.6333 -0.6468
vn 0.4250 0.6333 -0.6468
vn 0.3490 -0.7721 -0.5311
vn 0.4846 0.4703 -0.7375
vn 0.4022 0.8468 -0.3480
vn 0.6884 -0.4141 -0.5955
vn 0.5250 0.7198 -0.4542
vn 0.6200 -0.5726 -0.5364
vn 0.6200 0.5726 -0.5364
vn 0.5250 -0.7198 -0.4542
vn 0.6884 0.4141 -0.5955
vn 0.4022 -0.8468 -0.3480
vn 0.7323 0.2500 -0.6335
vn 0.2539 -0.9419 -0.2197
vn 0.7536 0.0835 -0.6520
vn 0.0870 0.9934 -0.0752
vn 0.0869 -0.9934 -0.0752
vn 0.7536 -0.0835 -0.6520
vn 0.2539 0.9419 -0.2197
vn 0.7323 -0.2500 -0.6335
vn 0.8512 0.2165 -0.4781
vn 0.3341 -0.9237 -0.1877
vn 0.8696 0.0718 -0.4885
vn 0.1164 0.9911 -0.0654
vn 0.1164 -0.9911 -0.0654
vn 0.8696 -0.0718 -0.4885
vn 0.3341 0.9237 -0.1877
vn 0.8512 -0.2165 -0.4781
vn 0.5145 0.8073 -0.2890
vn 0.8120 -0.3640 -0.4562
vn 0.6510 0.6652 -0.3657
vn 0.7476 -0.5146 -0.4200
vn 0.7476 0.5146 -0.4200
vn 0.6510 -0.6652 -0.3657
vn 0.8120 0.3640 -0.4562
vn 0.5145 -0.8073 -0.2890
vn 0.8849 -0.3261 -0.3326
vn 0.7358 0.6182 -0.2765
vn 0.8272 -0.4681 -0.3109
vn 0.8272 0.4681 -0.3109
vn 0.7358 -0.6182 -0.2765
vn 0.8849 0.3261 -0.3326
vn 0.5970 -0.7702 -0.2244
vn 0.9186 0.1922 -0.3453
vn 0.3981 -0.9050 -0.1496
vn 0.9342 0.0634 -0.3511
vn 0.1412 0.9886 -0.0531
vn 0.1412 -0.9886 -0.0531
vn 0.9342 -0.0634 -0.3511
vn 0.3981 0.9050 -0.1496
vn 0.9186 -0.1922 -0.3453
vn 0.5970 0.7702 -0.2244
vn 0.4455 -0.8888 -0.1077
vn 0.9704 0.0578 -0.2345
vn 0.1605 0.9863 -0.0388
vn 0.1605 -0.9863 -0.0388
vn 0.9704 -0.0578 -0.2345
vn 0.4455 0.8888 -0.1077
vn 0.9569 -0.1757 -0.2313
vn 0.6537 0.7401 -0.1580
vn 0.9273 -0.3000 -0.2241
vn 0.7900 0.5826 -0.1910
vn 0.8753 -0.4348 -0.2116
vn 0.8753 0.4348 -0.2116
vn 0.7900 -0.5826 -0.1910
vn 0.9273 0.3000 -0.2241
vn 0.6537 -0.7401 -0.1580
vn 0.9569 0.1757 -0.2313
vn 0.8218 0.5591 -0.1094
vn 0.9025 -0.4136 -0.1201
vn 0.9025 0.4136 -0.1201
vn 0.8218 -0.5591 -0.1094
vn 0.9505 0.2837 -0.1265
vn 0.6886 -0.7193 -0.0916
vn 0.9776 0.1656 -0.1301
vn 0.4764 -0.8769 -0.0634
vn 0.9898 0.0544 -0.1317
vn 0.1737 0.9845 -0.0231
vn 0.1737 -0.9845 -0.0231
vn 0.9898 -0.0544 -0.1317
vn 0.4764 0.8769 -0.0634
vn 0.9776 -0.1656 -0.1301
vn 0.6886 0.7193 -0.0916
vn 0.9505 -0.2837 -0.1265
vn 0.9979 0.0528 -0.0366
vn 0.1803 0.9836 -0.0066
vn 0.1803 -0.9836 -0.0066
vn 0.9979 -0.0528 -0.0366
vn 0.4915 0.8707 -0.0180
vn 0.9863 -0.1608 -0.0361
vn 0.7050 0.7088 -0.0258
vn 0.9605 -0.2759 -0.0352
vn 0.8362 0.5476 -0.0306
vn 0.9145 -0.4033 -0.0335
vn 0.9145 0.4033 -0.0335
vn 0.8362 -0.5476 -0.0306
vn 0.9605 0.2759 -0.0352
vn 0.7050 -0.7088 -0.0258
vn 0.9863 0.1608 -0.0361
vn 0.4915 -0.8707 -0.0180
vn 0.9136 -0.4033 0.0514
vn 0.9136 0.4033 0.0514
vn 0.8354 -0.5476 0.0470
vn 0.9597 0.2759 0.0540
vn 0.7043 -0.7088 0.0396
vn 0.9854 0.1608 0.0555
vn 0.4910 -0.8707 0.0276
vn 0.9970 0.0528 0.0561
vn 0.1801 0.9836 0.0101
vn 0.1801 -0.9836 0.0101
vn 0.9970 -0.0528 0.0561
vn 0.4910 0.8707 0.0276
vn 0.9854 -0.1608 0.0555
vn 0.7043 0.7088 0.0396
vn 0.9597 -0.2759 0.0540
vn 0.8354 0.5476 0.0470
vn 0.1732 -0.9845 0.0265
vn 0.9870 -0.0544 0.1511
vn 0.4751 0.8769 0.0727
vn 0.9748 -0.1656 0.1492
vn 0.6867 0.7193 0.1051
vn 0.9479 -0.2837 0.1451
vn 0.8195 0.5591 0.1255
vn 0.9000 -0.4136 0.1378
vn 0.9000 0.4136 0.1378
vn 0.8195 -0.5591 0.1255
vn 0.9479 0.2837 0.1451
vn 0.6867 -0.7193 0.1051
vn 0.9748 0.1656 0.1492
vn 0.4751 -0.8769 0.0727
vn 0.9870 0.0544 0.1511
vn 0.1732 0.9845 0.0265
vn 0.7861 -0.5826 0.2064
vn 0.9227 0.3000 0.2423
vn 0.6504 -0.7401 0.1708
vn 0.9522 0.1757 0.2500
vn 0.4433 -0.8888 0.1164
vn 0.9656 0.0578 0.2535
vn 0.1597 0.9863 0.0419
vn 0.1597 -0.9863 0.0419
vn 0.9656 -0.0578 0.2535
vn 0.4433 0.8888 0.1164
vn 0.9522 -0.1757 0.2500
vn 0.6504 0.7401 0.1708
vn 0.9227 -0.2999 0.2423
vn 0.7861 0.5826 0.2064
vn 0.8710 -0.4348 0.2287
vn 0.8710 0.4348 0.2287
vn 0.3951 0.9050 0.1574
vn 0.9117 -0.1922 0.3632
vn 0.5925 0.7702 0.2361
vn 0.8782 -0.3261 0.3499
vn 0.7302 0.6182 0.2909
vn 0.8209 -0.4681 0.3271
vn 0.8209 0.4681 0.3271
vn 0.7302 -0.6182 0.2909
vn 0.8782 0.3261 0.3499
vn 0.5925 -0.7702 0.2361
vn 0.9117 0.1922 0.3632
vn 0.3951 -0.9050 0.1574
vn 0.9271 0.0634 0.3694
vn 0.1401 0.9886 0.0558
vn 0.1401 -0.9886 0.0558
vn 0.9271 -0.0634 0.3694
vn 0.8029 0.3640 0.4720
vn 0.5087 -0.8073 0.2991
vn 0.8416 0.2165 0.4947
vn 0.3303 -0.9237 0.1942
vn 0.8599 0.0718 0.5055
vn 0.1151 0.9910 0.0677
vn 0.1151 -0.9910 0.0677
vn 0.8599 -0.0718 0.5055
vn 0.3303 0.9237 0.1942
vn 0.8416 -0.2165 0.4947
vn 0.5087 0.8073 0.2991
vn 0.8029 -0.3640 0.4720
vn 0.6437 0.6652 0.3784
vn 0.7392 -0.5146 0.4345
vn 0.7392 0.5146 0.4345
vn 0.6437 -0.6652 0.3784
vn 0.7197 -0.2500 0.6477
vn 0.3953 0.8468 0.3558
vn 0.6766 -0.4141 0.6089
vn 0.5160 0.7198 0.4644
vn 0.6094 -0.5726 0.5484
vn 0.6094 0.5726 0.5484
vn 0.5160 -0.7198 0.4644
vn 0.6766 0.4141 0.6089
vn 0.3953 -0.8468 0.3558
vn 0.7197 0.2500 0.6477
vn 0.2496 -0.9419 0.2246
vn 0.7407 0.0835 0.6666
vn 0.0855 0.9934 0.0769
vn 0.0855 -0.9934 0.0769
vn 0.7407 -0.0835 0.6666
vn 0.2496 0.9419 0.2246
vn 0.2517 -0.8813 0.3999
vn 0.5099 0.2895 0.8101
vn 0.1551 -0.9567 0.2464
vn 0.5301 0.0977 0.8423
vn 0.0524 0.9952 0.0832
vn 0.0524 -0.9952 0.0832
vn 0.5301 -0.0977 0.8423
vn 0.1550 0.9567 0.2464
vn 0.5099 -0.2895 0.8101
vn 0.2517 0.8813 0.3999
vn 0.4701 -0.4703 0.7469
vn 0.3385 0.7721 0.5379
vn 0.4123 -0.6333 0.6550
vn 0.4122 0.6333 0.6550
vn 0.3385 -0.7721 0.5379
vn 0.4701 0.4703 0.7469
vn 0.0842 0.9019 0.4238
vn 0.1673 -0.5122 0.8424
vn 0.1154 0.8056 0.5812
vn 0.1437 -0.6753 0.7234
vn 0.1437 0.6753 0.7234
vn 0.1154 -0.8056 0.5812
vn 0.1673 0.5122 0.8424
vn 0.0842 -0.9019 0.4238
vn 0.1845 0.3206 0.9291
vn 0.0511 -0.9650 0.2573
vn 0.1936 0.1092 0.9750
vn 0.0172 0.9961 0.0862
vn 0.0171 -0.9961 0.0862
vn 0.1936 -0.1092 0.9750
vn 0.0511 0.9650 0.2573
vn 0.1845 -0.3206 0.9291
vn -0.2027 0.3206 0.9253
vn -0.0561 -0.9650 0.2563
vn -0.2127 0.1092 0.9710
vn -0.0188 0.9961 0.0859
vn -0.0188 -0.9961 0.0859
vn -0.2127 -0.1092 0.9710
vn -0.0561 0.9650 0.2563
vn -0.2027 -0.3206 0.9253
vn -0.0925 0.9019 0.4220
vn -0.1838 -0.5122 0.8390
vn -0.1268 0.8056 0.5788
vn -0.1578 -0.6753 0.7204
vn -0.1578 0.6753 0.7204
vn -0.1268 -0.8056 0.5788
vn -0.1838 0.5122 0.8390
vn -0.0925 -0.9019 0.4220
vn -0.4846 -0.4703 0.7375
vn -0.3490 0.7721 0.5311
vn -0.4250 -0.6333 0.6468
vn -0.4250 0.6333 0.6468
vn -0.3490 -0.7721 0.5311
vn -0.4846 0.4703 0.7375
vn -0.2595 -0.8813 0.3949
vn -0.5256 0.2895 0.7999
vn -0.1599 -0.9567 0.2433
vn -0.5465 0.0977 0.8317
vn -0.0540 0.9952 0.0822
vn -0.0540 -0.9952 0.0822
vn -0.5465 -0.0977 0.8317
vn -0.1599 0.9567 0.2433
vn -0.5256 -0.2895 0.7999
vn -0.2595 0.8813 0.3949
vn -0.2539 -0.9419 0.2197
vn -0.7536 0.0835 0.6520
vn -0.0869 0.9934 0.0752
vn -0.0869 -0.9934 0.0752
vn -0.7536 -0.0835 0.6520
vn -0.2539 0.9420 0.2197
vn -0.7323 -0.2500 0.6335
vn -0.4022 0.8468 0.3480
vn -0.6884 -0.4141 0.5955
vn -0.5250 0.7198 0.4542
vn -0.6200 -0.5726 0.5364
vn -0.6200 0.5726 0.5364
vn -0.5250 -0.7198 0.4542
vn -0.6884 0.4141 0.5955
vn -0.4022 -0.8468 0.3480
vn -0.7323 0.2500 0.6335
vn -0.7476 -0.5146 0.4200
vn -0.7476 0.5146 0.4200
vn -0.6510 -0.6652 0.3657
vn -0.8120 0.3640 0.4562
vn -0.5145 -0.8073 0.2890
vn -0.8512 0.2165 0.4781
vn -0.3341 -0.9237 0.1877
vn -0.8696 0.0718 0.4885
vn -0.1164 0.9910 0.0654
vn -0.1164 -0.9910 0.0654
vn -0.8696 -0.0718 0.4885
vn -0.3341 0.9237 0.1877
vn -0.8512 -0.2165 0.4781
vn -0.5145 0.8073 0.2890
vn -0.8120 -0.3640 0.4562
vn -0.6510 0.6652 0.3657
vn -0.1412 0.9886 0.0531
vn -0.1412 -0.9886 0.0531
vn -0.9342 -0.0634 0.3511
vn -0.3981 0.9050 0.1496
vn -0.9186 -0.1922 0.3453
vn -0.5970 0.7702 0.2244
vn -0.8849 -0.3261 0.3326
vn -0.7358 0.6182 0.2765
vn -0.8272 -0.4681 0.3109
vn -0.8272 0.4681 0.3109
vn -0.7358 -0.6182 0.2765
vn -0.8849 0.3261 0.3326
vn -0.5970 -0.7702 0.2244
vn -0.9186 0.1922 0.3453
vn -0.3981 -0.9050 0.1496
vn -0.9342 0.0634 0.3511
vn -0.8753 0.4348 0.2116
vn -0.7900 -0.5826 0.1910
vn -0.9273 0.2999 0.2241
vn -0.6537 -0.7401 0.1580
vn -0.9569 0.1757 0.2313
vn -0.4455 -0.8888 0.1077
vn -0.9704 0.0578 0.2345
vn -0.1605 0.9863 0.0388
vn -0.1605 -0.9863 0.0388
vn -0.9704 -0.0578 0.2345
vn -0.4455 0.8888 0.1077
vn -0.9569 -0.1757 0.2313
vn -0.6537 0.7401 0.1580
vn -0.9273 -0.3000 0.2241
vn -0.7900 0.5826 0.1910
vn -0.8753 -0.4348 0.2116
vn -0.9898 -0.0544 0.1317
vn -0.4764 0.8769 0.0634
vn -0.9776 -0.1656 0.1301
vn -0.6886 0.7193 0.0916
vn -0.9505 -0.2837 0.1265
vn -0.8218 0.5591 0.1094
vn -0.9025 -0.4136 0.1201
vn -0.9025 0.4136 0.1201
vn -0.8218 -0.5591 0.1094
vn -0.9505 0.2837 0.1265
vn -0.6886 -0.7193 0.0916
vn -0.9776 0.1656 0.1301
vn -0.4764 -0.8769 0.0634
vn -0.9898 0.0544 0.1317
vn -0.1737 0.9845 0.0231
vn -0.1737 -0.9845 0.0231
vn -0.8362 -0.5476 0.0306
vn -0.9605 0.2759 0.0352
vn -0.7050 -0.7088 0.0258
vn -0.9863 0.1608 0.0361
vn -0.4915 -0.8707 0.0180
vn -0.9979 0.0528 0.0366
vn -0.1803 0.9836 0.0066
vn -0.1803 -0.9836 0.0066
vn -0.9979 -0.0528 0.0366
vn -0.4915 0.8707 0.0180
vn -0.9863 -0.1608 0.0361
vn -0.7050 0.7088 0.0258
vn -0.9605 -0.2759 0.0352
vn -0.8362 0.5476 0.0306
vn -0.9145 -0.4033 0.0335
vn -0.9145 0.4033 0.0335
vn -0.9227 -0.2999 -0.2423
vn -0.9227 0.3000 -0.2423
vn -0.1151 -0.9911 -0.0676
vn -0.4123 0.6333 -0.6550
vn 0.0869 0.9934 -0.0752
vn 0.1164 0.9910 -0.0654
vn 0.9227 -0.3000 0.2423
vn 0.1151 0.9910 0.0676
vn 0.1151 -0.9910 0.0676
vn 0.0854 0.9934 0.0769
vn 0.1550 -0.9567 0.2464
vn 0.4122 -0.6333 0.6550
vn 0.4123 0.6333 0.6550
vn 0.0171 0.9961 0.0862
vn -0.1598 -0.9567 0.2433
vn -0.0870 0.9934 0.0752
vn -0.2539 0.9419 0.2197
vn -0.7476 -0.5145 0.4200
vn -0.1164 0.9911 0.0654
vn -0.1164 -0.9911 0.0654
vn -0.9273 0.3000 0.2241
vn 0.0029 -0.9610 -0.2765
vn -0.0120 -0.2765 0.9609
vn -0.0029 0.9610 0.2765
vn 0.0120 0.2765 -0.9609
vn -0.9999 0.0005 -0.0123
vn 0.9999 -0.0005 0.0123
vn -0.9462 -0.0718 0.3154
vn 0.9861 -0.0338 0.1626
vn -0.9769 -0.0482 0.2082
vn 0.9714 -0.0492 0.2322
vn -0.9899 -0.0328 0.1382
vn 0.9381 -0.0728 0.3386
vn -0.9960 -0.0213 0.0864
vn 0.8410 -0.1150 0.5287
vn -0.9990 -0.0119 0.0439
vn 0.4494 -0.1919 0.8725
vn 0.9995 -0.0045 0.0306
vn -1.0000 -0.0035 0.0059
vn -0.4710 -0.1914 0.8611
vn 0.9976 -0.0129 0.0685
vn -0.8539 -0.1142 0.5078
vn 0.9936 -0.0223 0.1109
vn -0.8592 -0.0462 0.5095
vn 0.9938 -0.0093 0.1107
vn -0.9486 -0.0289 0.3152
vn 0.9867 -0.0140 0.1623
vn -0.9780 -0.0192 0.2078
vn 0.9725 -0.0202 0.2318
vn -0.9904 -0.0130 0.1378
vn 0.9405 -0.0298 0.3385
vn -0.9963 -0.0083 0.0861
vn 0.8464 -0.0471 0.5305
vn -0.9990 -0.0045 0.0437
vn 0.4576 -0.0792 0.8856
vn 0.9995 -0.0021 0.0306
vn -1.0000 -0.0011 0.0059
vn -0.4794 -0.0787 0.8741
vn 0.9976 -0.0055 0.0683
vn -0.9966 0.0050 0.0820
vn 0.8568 0.0236 0.5151
vn -0.9991 0.0031 0.0414
vn 0.4744 0.0414 0.8793
vn 0.9996 0.0003 0.0298
vn -1.0000 0.0013 0.0051
vn -0.4959 0.0419 0.8674
vn 0.9978 0.0021 0.0660
vn -0.8693 0.0245 0.4938
vn 0.9943 0.0040 0.1066
vn -0.9528 0.0155 0.3031
vn 0.9877 0.0064 0.1562
vn -0.9799 0.0106 0.1991
vn 0.9747 0.0096 0.2232
vn -0.9913 0.0074 0.1318
vn 0.9451 0.0145 0.3265
vn 0.9949 0.0172 0.0990
vn -0.9584 0.0598 0.2791
vn 0.9891 0.0265 0.1446
vn -0.9824 0.0401 0.1823
vn 0.9777 0.0391 0.2065
vn -0.9924 0.0275 0.1202
vn 0.9513 0.0588 0.3026
vn -0.9971 0.0182 0.0744
vn 0.8712 0.0955 0.4815
vn -0.9993 0.0106 0.0370
vn 0.4995 0.1715 0.8491
vn 0.9996 0.0028 0.0284
vn -1.0000 0.0038 0.0037
vn -0.5202 0.1720 0.8366
vn 0.9981 0.0095 0.0617
vn -0.8827 0.0964 0.4599
vn 0.8878 0.1663 0.4292
vn -0.9994 0.0177 0.0307
vn 0.5319 0.3110 0.7876
vn 0.9996 0.0051 0.0263
vn -1.0000 0.0061 0.0016
vn -0.5508 0.3116 0.7743
vn 0.9983 0.0167 0.0554
vn -0.8979 0.1672 0.4072
vn 0.9957 0.0297 0.0880
vn -0.9644 0.1024 0.2437
vn 0.9907 0.0456 0.1279
vn -0.9851 0.0683 0.1581
vn 0.9809 0.0673 0.1823
vn -0.9935 0.0466 0.1034
vn 0.9582 0.1014 0.2674
vn -0.9975 0.0307 0.0634
vn -0.9700 0.1415 0.1978
vn 0.9923 0.0630 0.1067
vn -0.9874 0.0941 0.1270
vn 0.9841 0.0931 0.1514
vn -0.9946 0.0640 0.0822
vn 0.9649 0.1405 0.2217
vn -0.9979 0.0420 0.0495
vn 0.9041 0.2328 0.3582
vn -0.9994 0.0241 0.0228
vn 0.5682 0.4556 0.6852
vn 0.9997 0.0072 0.0238
vn -1.0000 0.0082 -0.0009
vn -0.5845 0.4562 0.6710
vn 0.9986 0.0231 0.0475
vn -0.9125 0.2338 0.3358
vn 0.9964 0.0410 0.0741
vn -0.9995 0.0297 0.0135
vn 0.6020 0.5938 0.5339
vn 0.9997 0.0090 0.0207
vn -0.9999 0.0100 -0.0039
vn -0.6144 0.5944 0.5189
vn 0.9989 0.0287 0.0382
vn -0.9237 0.2925 0.2473
vn 0.9970 0.0508 0.0578
vn -0.9740 0.1755 0.1430
vn 0.9936 0.0780 0.0818
vn -0.9891 0.1163 0.0904
vn 0.9867 0.1153 0.1148
vn -0.9952 0.0790 0.0573
vn 0.9704 0.1745 0.1670
vn -0.9981 0.0518 0.0331
vn 0.9176 0.2915 0.2701
vn -0.9897 0.1340 0.0496
vn 0.9883 0.1330 0.0740
vn -0.9954 0.0910 0.0296
vn 0.9738 0.2016 0.1056
vn -0.9981 0.0596 0.0151
vn 0.9258 0.3383 0.1684
vn -0.9994 0.0341 0.0032
vn 0.6242 0.7059 0.3348
vn 0.9998 0.0104 0.0174
vn -0.9999 0.0114 -0.0073
vn -0.6315 0.7065 0.3193
vn 0.9991 0.0331 0.0279
vn -0.9294 0.3393 0.1455
vn 0.9975 0.0586 0.0397
vn -0.9759 0.2025 0.0815
vn 0.9945 0.0900 0.0542
vn 0.9998 0.0114 0.0139
vn -0.9999 0.0124 -0.0108
vn -0.6287 0.7724 0.0905
vn 0.9992 0.0362 0.0170
vn -0.9280 0.3708 0.0357
vn 0.9977 0.0641 0.0205
vn -0.9751 0.2214 0.0161
vn 0.9948 0.0984 0.0249
vn -0.9892 0.1465 0.0064
vn 0.9889 0.1455 0.0308
vn -0.9950 0.0994 0.0003
vn 0.9746 0.2204 0.0401
vn -0.9979 0.0651 -0.0041
vn 0.9272 0.3699 0.0586
vn -0.9993 0.0372 -0.0077
vn 0.6270 0.7718 0.1060
vn 0.9883 0.1521 -0.0132
vn -0.9941 0.1040 -0.0295
vn 0.9728 0.2301 -0.0263
vn -0.9974 0.0681 -0.0236
vn 0.9217 0.3844 -0.0526
vn -0.9991 0.0389 -0.0187
vn 0.6102 0.7827 -0.1226
vn 0.9999 0.0120 0.0103
vn -0.9998 0.0130 -0.0144
vn -0.6062 0.7833 -0.1376
vn 0.9993 0.0379 0.0059
vn -0.9197 0.3853 -0.0753
vn 0.9977 0.0671 0.0011
vn -0.9716 0.2311 -0.0503
vn 0.9947 0.1030 -0.0049
vn -0.9875 0.1531 -0.0376
vn -0.5718 0.7469 -0.3392
vn 0.9993 0.0382 -0.0049
vn -0.9060 0.3825 -0.1811
vn 0.9976 0.0675 -0.0179
vn -0.9661 0.2314 -0.1147
vn 0.9940 0.1035 -0.0340
vn -0.9848 0.1538 -0.0803
vn 0.9867 0.1528 -0.0560
vn -0.9928 0.1045 -0.0585
vn 0.9688 0.2305 -0.0908
vn -0.9967 0.0685 -0.0426
vn 0.9106 0.3816 -0.1587
vn -0.9988 0.0392 -0.0295
vn 0.5808 0.7464 -0.3250
vn 0.9999 0.0121 0.0068
vn -0.9998 0.0131 -0.0179
vn -0.9912 0.1011 -0.0857
vn 0.9635 0.2216 -0.1505
vn -0.9960 0.0663 -0.0604
vn 0.8963 0.3630 -0.2546
vn -0.9985 0.0379 -0.0397
vn 0.5478 0.6785 -0.4894
vn 0.9999 0.0117 0.0035
vn -0.9997 0.0127 -0.0212
vn -0.5349 0.6791 -0.5027
vn 0.9992 0.0369 -0.0150
vn -0.8894 0.3639 -0.2767
vn 0.9972 0.0653 -0.0358
vn -0.9592 0.2226 -0.1742
vn 0.9931 0.1001 -0.0612
vn -0.9816 0.1484 -0.1202
vn 0.9844 0.1474 -0.0960
vn 0.9991 0.0342 -0.0241
vn -0.8725 0.3319 -0.3586
vn 0.9968 0.0605 -0.0517
vn -0.9521 0.2053 -0.2267
vn 0.9920 0.0927 -0.0856
vn -0.9782 0.1374 -0.1557
vn 0.9819 0.1364 -0.1315
vn -0.9895 0.0937 -0.1100
vn 0.9576 0.2043 -0.2031
vn -0.9952 0.0615 -0.0763
vn 0.8814 0.3310 -0.3369
vn -0.9982 0.0352 -0.0488
vn 0.5178 0.5933 -0.6164
vn 0.9999 0.0108 0.0005
vn -0.9996 0.0118 -0.0242
vn -0.5019 0.5938 -0.6289
vn 0.9523 0.1795 -0.2469
vn -0.9945 0.0545 -0.0898
vn 0.8683 0.2880 -0.4038
vn -0.9979 0.0312 -0.0565
vn 0.4943 0.4992 -0.7117
vn 1.0000 0.0095 -0.0020
vn -0.9996 0.0105 -0.0267
vn -0.4760 0.4997 -0.7236
vn 0.9990 0.0302 -0.0318
vn -0.8578 0.2889 -0.4251
vn 0.9964 0.0534 -0.0652
vn -0.9457 0.1805 -0.2704
vn 0.9910 0.0818 -0.1061
vn -0.9751 0.1212 -0.1856
vn 0.9795 0.1203 -0.1614
vn -0.9880 0.0828 -0.1305
vn -0.8469 0.2373 -0.4758
vn 0.9961 0.0443 -0.0757
vn -0.9409 0.1494 -0.3041
vn 0.9902 0.0678 -0.1221
vn -0.9728 0.1006 -0.2087
vn 0.9777 0.0996 -0.1846
vn -0.9868 0.0688 -0.1465
vn 0.9482 0.1484 -0.2808
vn -0.9939 0.0453 -0.1003
vn 0.8587 0.2364 -0.4547
vn -0.9977 0.0260 -0.0624
vn 0.4784 0.4005 -0.7815
vn 1.0000 0.0078 -0.0040
vn -0.9996 0.0088 -0.0286
vn -0.4586 0.4010 -0.7930
vn 0.9990 0.0250 -0.0378
vn -0.9936 0.0345 -0.1074
vn 0.8537 0.1780 -0.4894
vn -0.9976 0.0198 -0.0665
vn 0.4706 0.2982 -0.8304
vn 1.0000 0.0058 -0.0053
vn -0.9995 0.0068 -0.0300
vn -0.4497 0.2986 -0.8418
vn 0.9989 0.0188 -0.0419
vn -0.8412 0.1788 -0.5104
vn 0.9960 0.0335 -0.0829
vn -0.9382 0.1130 -0.3271
vn 0.9898 0.0513 -0.1329
vn -0.9715 0.0763 -0.2244
vn 0.9768 0.0753 -0.2004
vn -0.9862 0.0523 -0.1573
vn 0.9461 0.1121 -0.3038
vn -0.9381 0.0728 -0.3386
vn 0.9899 0.0328 -0.1382
vn -0.9714 0.0492 -0.2322
vn 0.9769 0.0482 -0.2082
vn -0.9861 0.0338 -0.1626
vn 0.9462 0.0718 -0.3154
vn -0.9936 0.0223 -0.1109
vn 0.8539 0.1142 -0.5078
vn -0.9976 0.0129 -0.0685
vn 0.4710 0.1914 -0.8611
vn 1.0000 0.0035 -0.0059
vn -0.9995 0.0045 -0.0306
vn -0.4494 0.1919 -0.8725
vn 0.9990 0.0119 -0.0439
vn -0.8410 0.1150 -0.5287
vn 0.9960 0.0213 -0.0864
vn -0.9976 0.0055 -0.0683
vn 0.4794 0.0787 -0.8741
vn 1.0000 0.0011 -0.0059
vn -0.9995 0.0021 -0.0306
vn -0.4576 0.0792 -0.8856
vn 0.9990 0.0045 -0.0437
vn -0.8464 0.0471 -0.5305
vn 0.9963 0.0083 -0.0861
vn -0.9405 0.0298 -0.3385
vn 0.9904 0.0130 -0.1378
vn -0.9725 0.0202 -0.2318
vn 0.9780 0.0192 -0.2078
vn -0.9867 0.0140 -0.1623
vn 0.9486 0.0289 -0.3152
vn -0.9938 0.0093 -0.1107
vn 0.8592 0.0462 -0.5095
vn 0.9913 -0.0074 -0.1318
vn -0.9747 -0.0096 -0.2232
vn 0.9799 -0.0106 -0.1991
vn -0.9877 -0.0064 -0.1562
vn 0.9528 -0.0155 -0.3031
vn -0.9943 -0.0040 -0.1066
vn 0.8693 -0.0245 -0.4938
vn -0.9978 -0.0021 -0.0660
vn 0.4959 -0.0419 -0.8674
vn 1.0000 -0.0013 -0.0051
vn -0.9996 -0.0003 -0.0298
vn -0.4744 -0.0414 -0.8793
vn 0.9991 -0.0031 -0.0414
vn -0.8568 -0.0236 -0.5151
vn 0.9966 -0.0050 -0.0820
vn -0.9451 -0.0145 -0.3265
vn 0.5202 -0.1720 -0.8366
vn 1.0000 -0.0038 -0.0037
vn -0.9996 -0.0028 -0.0284
vn -0.4995 -0.1715 -0.8491
vn 0.9993 -0.0106 -0.0370
vn -0.8712 -0.0955 -0.4815
vn 0.9971 -0.0182 -0.0744
vn -0.9513 -0.0588 -0.3026
vn 0.9924 -0.0275 -0.1202
vn -0.9777 -0.0391 -0.2065
vn 0.9824 -0.0401 -0.1823
vn -0.9891 -0.0265 -0.1446
vn 0.9584 -0.0598 -0.2791
vn -0.9949 -0.0172 -0.0990
vn 0.8827 -0.0964 -0.4599
vn -0.9981 -0.0095 -0.0617
vn -0.9809 -0.0673 -0.1823
vn 0.9851 -0.0683 -0.1581
vn -0.9907 -0.0456 -0.1279
vn 0.9644 -0.1024 -0.2437
vn -0.9957 -0.0297 -0.0880
vn 0.8979 -0.1672 -0.4072
vn -0.9983 -0.0167 -0.0554
vn 0.5508 -0.3116 -0.7743
vn 1.0000 -0.0061 -0.0016
vn -0.9996 -0.0051 -0.0263
vn -0.5319 -0.3110 -0.7876
vn 0.9994 -0.0177 -0.0307
vn -0.8878 -0.1663 -0.4292
vn 0.9975 -0.0307 -0.0634
vn -0.9582 -0.1014 -0.2674
vn 0.9935 -0.0466 -0.1034
vn 1.0000 -0.0082 0.0009
vn -0.9997 -0.0072 -0.0238
vn -0.5682 -0.4557 -0.6852
vn 0.9994 -0.0241 -0.0228
vn -0.9041 -0.2328 -0.3582
vn 0.9979 -0.0420 -0.0495
vn -0.9649 -0.1405 -0.2217
vn 0.9946 -0.0640 -0.0822
vn -0.9841 -0.0931 -0.1514
vn 0.9874 -0.0941 -0.1270
vn -0.9923 -0.0630 -0.1067
vn 0.9700 -0.1415 -0.1978
vn -0.9964 -0.0410 -0.0741
vn 0.9125 -0.2338 -0.3358
vn -0.9986 -0.0231 -0.0475
vn 0.5845 -0.4562 -0.6710
vn 0.9891 -0.1163 -0.0904
vn -0.9936 -0.0780 -0.0818
vn 0.9740 -0.1755 -0.1430
vn -0.9970 -0.0508 -0.0578
vn 0.9237 -0.2925 -0.2473
vn -0.9989 -0.0287 -0.0382
vn 0.6144 -0.5944 -0.5189
vn 0.9999 -0.0100 0.0039
vn -0.9997 -0.0090 -0.0207
vn -0.6020 -0.5938 -0.5339
vn 0.9995 -0.0297 -0.0135
vn -0.9176 -0.2915 -0.2701
vn 0.9981 -0.0518 -0.0331
vn -0.9704 -0.1745 -0.1670
vn 0.9952 -0.0790 -0.0573
vn -0.9867 -0.1153 -0.1148
vn -0.6241 -0.7059 -0.3348
vn 0.9994 -0.0341 -0.0032
vn -0.9258 -0.3383 -0.1684
vn 0.9981 -0.0596 -0.0151
vn -0.9738 -0.2016 -0.1056
vn 0.9954 -0.0910 -0.0296
vn -0.9883 -0.1330 -0.0740
vn 0.9897 -0.1340 -0.0496
vn -0.9945 -0.0900 -0.0542
vn 0.9759 -0.2025 -0.0815
vn -0.9975 -0.0586 -0.0397
vn 0.9294 -0.3393 -0.1455
vn -0.9991 -0.0331 -0.0279
vn 0.6315 -0.7066 -0.3193
vn 0.9999 -0.0114 0.0073
vn -0.9998 -0.0104 -0.0174
vn -0.9948 -0.0984 -0.0249
vn 0.9751 -0.2214 -0.0161
vn -0.9977 -0.0641 -0.0205
vn 0.9280 -0.3708 -0.0357
vn -0.9992 -0.0362 -0.0170
vn 0.6286 -0.7724 -0.0905
vn 0.9999 -0.0124 0.0108
vn -0.9998 -0.0114 -0.0139
vn -0.6270 -0.7718 -0.1060
vn 0.9993 -0.0372 0.0077
vn -0.9272 -0.3699 -0.0586
vn 0.9979 -0.0651 0.0041
vn -0.9746 -0.2204 -0.0401
vn 0.9950 -0.0994 -0.0003
vn -0.9889 -0.1455 -0.0308
vn 0.9892 -0.1465 -0.0064
vn -0.9217 -0.3844 0.0526
vn 0.9974 -0.0681 0.0236
vn -0.9728 -0.2301 0.0263
vn 0.9941 -0.1040 0.0295
vn -0.9883 -0.1521 0.0132
vn 0.9875 -0.1531 0.0376
vn -0.9947 -0.1030 0.0049
vn 0.9716 -0.2311 0.0503
vn -0.9977 -0.0671 -0.0011
vn 0.9197 -0.3853 0.0753
vn -0.9993 -0.0379 -0.0059
vn 0.6062 -0.7833 0.1376
vn 0.9998 -0.0130 0.0144
vn -0.9999 -0.0120 -0.0103
vn -0.6102 -0.7827 0.1226
vn 0.9991 -0.0389 0.0187
vn -0.9976 -0.0675 0.0179
vn 0.9060 -0.3825 0.1811
vn -0.9993 -0.0382 0.0049
vn 0.5718 -0.7470 0.3392
vn 0.9998 -0.0131 0.0179
vn -0.9999 -0.0121 -0.0068
vn -0.5808 -0.7464 0.3250
vn 0.9988 -0.0392 0.0295
vn -0.9106 -0.3816 0.1587
vn 0.9967 -0.0685 0.0426
vn -0.9688 -0.2305 0.0908
vn 0.9928 -0.1045 0.0585
vn -0.9867 -0.1528 0.0560
vn 0.9848 -0.1538 0.0803
vn -0.9940 -0.1035 0.0340
vn 0.9661 -0.2314 0.1147
vn 0.9960 -0.0663 0.0604
vn -0.9635 -0.2216 0.1505
vn 0.9912 -0.1011 0.0857
vn -0.9844 -0.1474 0.0960
vn 0.9816 -0.1484 0.1202
vn -0.9931 -0.1001 0.0612
vn 0.9592 -0.2226 0.1742
vn -0.9972 -0.0653 0.0358
vn 0.8894 -0.3639 0.2767
vn -0.9992 -0.0369 0.0150
vn 0.5349 -0.6791 0.5027
vn 0.9997 -0.0127 0.0212
vn -0.9999 -0.0117 -0.0035
vn -0.5478 -0.6785 0.4894
vn 0.9985 -0.0379 0.0397
vn -0.8963 -0.3630 0.2546
vn 0.8725 -0.3319 0.3586
vn -0.9991 -0.0342 0.0241
vn 0.5019 -0.5938 0.6289
vn 0.9996 -0.0118 0.0242
vn -0.9999 -0.0108 -0.0005
vn -0.5178 -0.5933 0.6164
vn 0.9982 -0.0352 0.0488
vn -0.8814 -0.3310 0.3369
vn 0.9952 -0.0615 0.0763
vn -0.9576 -0.2043 0.2031
vn 0.9895 -0.0937 0.1100
vn -0.9819 -0.1364 0.1315
vn 0.9782 -0.1374 0.1557
vn -0.9920 -0.0927 0.0856
vn 0.9521 -0.2053 0.2267
vn -0.9968 -0.0605 0.0517
vn -0.9523 -0.1795 0.2469
vn 0.9880 -0.0828 0.1305
vn -0.9795 -0.1203 0.1614
vn 0.9751 -0.1212 0.1856
vn -0.9910 -0.0818 0.1061
vn 0.9457 -0.1805 0.2704
vn -0.9964 -0.0534 0.0652
vn 0.8578 -0.2889 0.4251
vn -0.9990 -0.0302 0.0318
vn 0.4760 -0.4997 0.7236
vn 0.9996 -0.0105 0.0267
vn -1.0000 -0.0095 0.0020
vn -0.4943 -0.4992 0.7117
vn 0.9979 -0.0312 0.0565
vn -0.8683 -0.2880 0.4038
vn 0.9945 -0.0545 0.0898
vn -0.9990 -0.0250 0.0378
vn 0.4586 -0.4010 0.7930
vn 0.9996 -0.0088 0.0286
vn -1.0000 -0.0078 0.0040
vn -0.4784 -0.4005 0.7815
vn 0.9977 -0.0260 0.0624
vn -0.8587 -0.2364 0.4547
vn 0.9939 -0.0453 0.1003
vn -0.9482 -0.1484 0.2808
vn 0.9868 -0.0688 0.1465
vn -0.9777 -0.0996 0.1846
vn 0.9728 -0.1006 0.2087
vn -0.9902 -0.0678 0.1221
vn 0.9409 -0.1494 0.3041
vn -0.9961 -0.0443 0.0757
vn 0.8469 -0.2373 0.4758
vn 0.9862 -0.0523 0.1573
vn -0.9768 -0.0753 0.2004
vn 0.9715 -0.0763 0.2244
vn -0.9898 -0.0513 0.1329
vn 0.9382 -0.1130 0.3271
vn -0.9960 -0.0335 0.0829
vn 0.8412 -0.1788 0.5104
vn -0.9989 -0.0188 0.0419
vn 0.4497 -0.2986 0.8418
vn 0.9995 -0.0068 0.0300
vn -1.0000 -0.0058 0.0053
vn -0.4707 -0.2982 0.8304
vn 0.9976 -0.0198 0.0665
vn -0.8537 -0.1780 0.4894
vn 0.9936 -0.0345 0.1074
vn -0.9461 -0.1121 0.3038
vn 0.0029 0.3488 0.9372
vn -0.0120 0.9371 -0.3487
vn -0.0029 -0.3488 -0.9372
vn 0.0120 -0.9371 0.3487
vn -0.9999 -0.0102 0.0069
vn 0.9999 0.0102 -0.0069
vn -0.6144 0.7458 0.2574
vn -0.9223 0.3727 0.1023
vn -0.9722 0.2299 0.0444
vn -0.9873 0.1583 0.0147
vn -0.9935 0.1136 -0.0047
vn -0.9965 0.0813 -0.0194
vn -0.9980 0.0554 -0.0319
vn -0.9985 0.0326 -0.0436
vn -0.9984 0.0110 -0.0555
vn -0.9976 -0.0111 -0.0683
vn -0.9959 -0.0356 -0.0834
vn -0.9926 -0.0653 -0.1027
vn -0.9859 -0.1056 -0.1300
vn -0.9701 -0.1691 -0.1743
vn -0.9187 -0.2943 -0.2633
vn -0.6071 -0.6231 -0.4930
vn 0.6225 -0.6395 -0.4512
vn 0.9264 -0.3189 -0.2005
vn 0.9748 -0.1950 -0.1081
vn 0.9893 -0.1319 -0.0627
vn 0.9952 -0.0918 -0.0350
vn 0.9979 -0.0621 -0.0155
vn 0.9993 -0.0377 -0.0003
vn 0.9998 -0.0156 0.0126
vn 0.9997 0.0060 0.0244
vn 0.9989 0.0287 0.0361
vn 0.9973 0.0547 0.0485
vn 0.9942 0.0871 0.0630
vn 0.9879 0.1320 0.0819
vn 0.9727 0.2040 0.1106
vn -0.0363 -0.4806 0.8762
vn 0.9228 0.3481 0.1652
vn 0.6151 0.7294 0.2993
vn -0.8819 0.4606 0.1010
vn -0.9845 0.1749 0.0125
vn -0.9943 0.1058 -0.0090
vn -0.9971 0.0738 -0.0195
vn -0.9982 0.0543 -0.0262
vn -0.9987 0.0404 -0.0314
vn -0.9989 0.0293 -0.0359
vn -0.9990 0.0196 -0.0401
vn -0.9990 0.0105 -0.0445
vn -0.9988 0.0011 -0.0494
vn -0.9984 -0.0094 -0.0552
vn -0.9978 -0.0221 -0.0627
vn -0.9965 -0.0396 -0.0737
vn -0.9934 -0.0678 -0.0920
vn -0.9829 -0.1279 -0.1323
vn -0.8775 -0.3752 -0.2986
vn 0.8873 -0.3954 -0.2373
vn 0.9866 -0.1504 -0.0638
vn 0.9956 -0.0905 -0.0229
vn 0.9980 -0.0624 -0.0043
vn 0.9990 -0.0449 0.0066
vn 0.9994 -0.0322 0.0142
vn 0.9996 -0.0218 0.0201
vn 0.9996 -0.0124 0.0249
vn 0.9996 -0.0032 0.0293
vn 0.9994 0.0065 0.0336
vn 0.9991 0.0176 0.0380
vn 0.9986 0.0315 0.0432
vn 0.9975 0.0510 0.0499
vn 0.9947 0.0831 0.0601
vn -0.0363 -0.4312 0.9015
vn 0.9850 0.1525 0.0809
vn 0.8830 0.4404 0.1623
vn -0.7111 0.7030 0.0060
vn -0.9650 0.2571 -0.0522
vn -0.9936 0.0886 -0.0708
vn -0.9967 0.0045 -0.0805
vn -0.9950 -0.0478 -0.0874
vn -0.9920 -0.0855 -0.0932
vn -0.9884 -0.1158 -0.0986
vn -0.9843 -0.1424 -0.1043
vn -0.9796 -0.1677 -0.1105
vn -0.9740 -0.1936 -0.1177
vn -0.9667 -0.2224 -0.1267
vn -0.9563 -0.2572 -0.1387
vn -0.9397 -0.3042 -0.1561
vn -0.9076 -0.3771 -0.1848
vn -0.8223 -0.5153 -0.2413
vn -0.4290 -0.8249 -0.3682
vn 0.7230 -0.6366 -0.2682
vn 0.9712 -0.2222 -0.0856
vn 0.9976 -0.0657 -0.0194
vn 0.9998 0.0128 0.0123
vn 0.9976 0.0621 0.0310
vn 0.9942 0.0980 0.0436
vn 0.9904 0.1274 0.0529
vn 0.9863 0.1536 0.0602
vn 0.9816 0.1789 0.0664
vn 0.9761 0.2052 0.0719
vn 0.9689 0.2350 0.0771
vn 0.9589 0.2715 0.0823
vn 0.9428 0.3215 0.0879
vn 0.9117 0.3999 0.0946
vn -0.0440 -0.2453 0.9685
vn 0.8286 0.5502 0.1035
vn 0.4409 0.8913 0.1060
vn -0.9718 0.2338 0.0318
vn 0.5993 0.7721 -0.2117
vn 0.9858 -0.1607 -0.0483
vn -0.9796 0.1967 0.0402
vn -0.3058 0.9366 -0.1709
vn 0.9908 -0.1231 -0.0566
vn -0.7454 0.6622 -0.0768
vn 0.9946 -0.0806 -0.0658
vn -0.8709 0.4906 -0.0304
vn 0.9966 -0.0284 -0.0769
vn -0.9203 0.3911 -0.0055
vn 0.9949 0.0428 -0.0917
vn -0.9457 0.3248 0.0105
vn 0.9815 0.1538 -0.1138
vn -0.9612 0.2750 0.0223
vn 0.9208 0.3592 -0.1518
vn 0.9746 0.1342 -0.1792
vn -0.9631 0.2691 0.0025
vn 0.9096 0.3278 -0.2554
vn -0.9729 0.2304 0.0205
vn 0.5803 0.7181 -0.3842
vn 0.9855 -0.1618 -0.0519
vn -0.9800 0.1956 0.0366
vn -0.3221 0.8822 -0.3435
vn 0.9897 -0.1264 -0.0678
vn -0.7549 0.6305 -0.1804
vn 0.9926 -0.0865 -0.0855
vn -0.8770 0.4708 -0.0959
vn 0.9936 -0.0374 -0.1070
vn -0.9245 0.3778 -0.0496
vn 0.9903 0.0297 -0.1358
vn -0.9486 0.3158 -0.0196
vn -0.7667 0.5800 -0.2752
vn 0.9900 -0.0959 -0.1037
vn -0.8847 0.4393 -0.1559
vn 0.9895 -0.0517 -0.1347
vn -0.9299 0.3567 -0.0900
vn 0.9843 0.0087 -0.1762
vn -0.9523 0.3014 -0.0473
vn 0.9655 0.1029 -0.2392
vn -0.9656 0.2597 -0.0156
vn 0.8946 0.2779 -0.3500
vn -0.9743 0.2250 0.0102
vn 0.5552 0.6322 -0.5404
vn 0.9850 -0.1635 -0.0553
vn -0.9805 0.1938 0.0332
vn -0.3425 0.7954 -0.5000
vn 0.9882 -0.1318 -0.0781
vn -0.9685 0.2471 -0.0315
vn 0.8767 0.2116 -0.4320
vn -0.9760 0.2179 0.0012
vn 0.5255 0.5192 -0.6741
vn 0.9844 -0.1658 -0.0582
vn -0.9810 0.1915 0.0303
vn -0.3661 0.6813 -0.6339
vn 0.9865 -0.1389 -0.0872
vn -0.7805 0.5129 -0.3574
vn 0.9869 -0.1085 -0.1195
vn -0.8937 0.3973 -0.2082
vn 0.9848 -0.0709 -0.1588
vn -0.9361 0.3285 -0.1254
vn 0.9772 -0.0194 -0.2115
vn -0.9567 0.2822 -0.0714
vn 0.9546 0.0613 -0.2914
vn -0.9038 0.3466 -0.2508
vn 0.9794 -0.0940 -0.1785
vn -0.9431 0.2944 -0.1542
vn 0.9692 -0.0533 -0.2403
vn -0.9616 0.2589 -0.0912
vn 0.9425 0.0109 -0.3340
vn -0.9717 0.2318 -0.0445
vn 0.8569 0.1317 -0.4984
vn -0.9779 0.2092 -0.0062
vn 0.4928 0.3845 -0.7806
vn 0.9838 -0.1687 -0.0606
vn -0.9816 0.1887 0.0279
vn -0.3922 0.5454 -0.7407
vn 0.9845 -0.1476 -0.0946
vn -0.7959 0.4322 -0.4240
vn 0.9834 -0.1237 -0.1325
vn -0.9799 0.1993 -0.0117
vn 0.4590 0.2342 -0.8570
vn 0.9831 -0.1719 -0.0624
vn -0.9823 0.1855 0.0261
vn -0.4201 0.3941 -0.8174
vn 0.9825 -0.1574 -0.1000
vn -0.8125 0.3412 -0.4727
vn 0.9798 -0.1410 -0.1420
vn -0.9148 0.2891 -0.2822
vn 0.9738 -0.1204 -0.1931
vn -0.9507 0.2558 -0.1754
vn 0.9608 -0.0918 -0.2615
vn -0.9668 0.2325 -0.1057
vn 0.9298 -0.0462 -0.3652
vn -0.9752 0.2145 -0.0540
vn 0.8362 0.0414 -0.5469
vn 0.9680 -0.1489 -0.2018
vn -0.9585 0.2140 -0.1883
vn 0.9523 -0.1335 -0.2743
vn -0.9723 0.2039 -0.1145
vn 0.9170 -0.1079 -0.3840
vn -0.9788 0.1958 -0.0598
vn 0.8156 -0.0558 -0.5759
vn -0.9819 0.1887 -0.0150
vn 0.4256 0.0741 -0.9019
vn 0.9825 -0.1753 -0.0635
vn -0.9830 0.1820 0.0250
vn -0.4492 0.2331 -0.8625
vn 0.9803 -0.1681 -0.1033
vn -0.8300 0.2434 -0.5018
vn 0.9760 -0.1597 -0.1478
vn -0.9262 0.2272 -0.3010
vn 0.3938 -0.0906 -0.9147
vn 0.9818 -0.1789 -0.0638
vn -0.9836 0.1784 0.0247
vn -0.4785 0.0680 -0.8754
vn 0.9783 -0.1792 -0.1043
vn -0.8479 0.1426 -0.5107
vn 0.9724 -0.1790 -0.1496
vn -0.9377 0.1631 -0.3069
vn 0.9625 -0.1784 -0.2046
vn -0.9664 0.1707 -0.1923
vn 0.9441 -0.1767 -0.2783
vn -0.9777 0.1744 -0.1172
vn 0.9047 -0.1719 -0.3898
vn -0.9824 0.1764 -0.0616
vn 0.7961 -0.1564 -0.5847
vn -0.9840 0.1776 -0.0160
vn -0.9740 0.1276 -0.1872
vn 0.9365 -0.2198 -0.2732
vn -0.9829 0.1449 -0.1138
vn 0.8934 -0.2357 -0.3823
vn -0.9858 0.1570 -0.0593
vn 0.7783 -0.2567 -0.5729
vn -0.9859 0.1666 -0.0147
vn 0.3649 -0.2546 -0.8956
vn 0.9812 -0.1825 -0.0634
vn -0.9843 0.1748 0.0251
vn -0.5075 -0.0960 -0.8563
vn 0.9763 -0.1902 -0.1030
vn -0.8656 0.0422 -0.4989
vn 0.9690 -0.1984 -0.1473
vn -0.9489 0.0993 -0.2994
vn 0.9572 -0.2079 -0.2011
vn 0.9806 -0.1859 -0.0622
vn -0.9848 0.1714 0.0262
vn -0.5352 -0.2540 -0.8057
vn 0.9746 -0.2007 -0.0995
vn -0.8825 -0.0541 -0.4671
vn 0.9659 -0.2170 -0.1411
vn -0.9595 0.0381 -0.2790
vn 0.9526 -0.2362 -0.1917
vn -0.9811 0.0863 -0.1734
vn 0.9298 -0.2612 -0.2594
vn -0.9877 0.1166 -0.1043
vn 0.8836 -0.2970 -0.3619
vn -0.9889 0.1385 -0.0531
vn 0.7631 -0.3533 -0.5412
vn -0.9877 0.1560 -0.0112
vn 0.3396 -0.4130 -0.8451
vn 0.9242 -0.2992 -0.2373
vn -0.9919 0.0906 -0.0891
vn 0.8755 -0.3536 -0.3293
vn -0.9917 0.1214 -0.0431
vn 0.7507 -0.4426 -0.4904
vn -0.9892 0.1463 -0.0055
vn 0.3186 -0.5607 -0.7642
vn 0.9801 -0.1891 -0.0604
vn -0.9853 0.1683 0.0281
vn -0.5605 -0.4009 -0.7247
vn 0.9731 -0.2105 -0.0938
vn -0.8980 -0.1429 -0.4162
vn 0.9633 -0.2340 -0.1312
vn -0.9690 -0.0182 -0.2463
vn 0.9487 -0.2622 -0.1765
vn -0.9873 0.0483 -0.1512
vn -0.5824 -0.5316 -0.6150
vn 0.9719 -0.2189 -0.0862
vn -0.9112 -0.2208 -0.3478
vn 0.9613 -0.2489 -0.1179
vn -0.9770 -0.0674 -0.2025
vn 0.9457 -0.2850 -0.1562
vn -0.9925 0.0151 -0.1216
vn 0.9199 -0.3326 -0.2077
vn -0.9953 0.0680 -0.0689
vn 0.8694 -0.4031 -0.2856
vn -0.9939 0.1066 -0.0298
vn 0.7416 -0.5213 -0.4222
vn -0.9904 0.1379 0.0021
vn 0.3026 -0.6925 -0.6549
vn 0.9797 -0.1919 -0.0579
vn -0.9857 0.1655 0.0306
vn -0.9978 0.0495 -0.0443
vn 0.8655 -0.4438 -0.2325
vn -0.9954 0.0944 -0.0137
vn 0.7358 -0.5863 -0.3389
vn -0.9913 0.1309 0.0113
vn 0.2920 -0.8028 -0.5198
vn 0.9794 -0.1941 -0.0549
vn -0.9860 0.1632 0.0336
vn -0.5995 -0.6407 -0.4797
vn 0.9711 -0.2259 -0.0770
vn -0.9214 -0.2849 -0.2643
vn 0.9599 -0.2611 -0.1017
vn -0.9829 -0.1077 -0.1493
vn 0.9437 -0.3036 -0.1317
vn -0.9963 -0.0120 -0.0856
vn 0.9171 -0.3598 -0.1718
vn -0.9279 -0.3325 -0.1687
vn 0.9592 -0.2701 -0.0834
vn -0.9865 -0.1374 -0.0886
vn 0.9427 -0.3173 -0.1037
vn -0.9985 -0.0319 -0.0447
vn 0.9157 -0.3800 -0.1309
vn -0.9992 0.0358 -0.0163
vn 0.8637 -0.4738 -0.1719
vn -0.9963 0.0855 0.0047
vn 0.7335 -0.6346 -0.2435
vn -0.9918 0.1259 0.0218
vn 0.2871 -0.8864 -0.3632
vn 0.9793 -0.1958 -0.0515
vn -0.9862 0.1616 0.0369
vn -0.6106 -0.7232 -0.3228
vn 0.9707 -0.2310 -0.0666
vn -0.9965 0.0801 0.0246
vn 0.7344 -0.6642 -0.1396
vn -0.9919 0.1228 0.0331
vn 0.2878 -0.9385 -0.1909
vn 0.9793 -0.1968 -0.0478
vn -0.9862 0.1606 0.0406
vn -0.6146 -0.7744 -0.1502
vn 0.9706 -0.2341 -0.0553
vn -0.9301 -0.3616 -0.0647
vn 0.9592 -0.2755 -0.0635
vn -0.9876 -0.1555 -0.0228
vn 0.9427 -0.3256 -0.0734
vn -0.9990 -0.0440 -0.0003
vn 0.9158 -0.3922 -0.0865
vn -0.9995 0.0276 0.0140
vn 0.8640 -0.4921 -0.1062
vn 0.9599 -0.2772 -0.0428
vn -0.9859 -0.1610 0.0456
vn 0.9437 -0.3281 -0.0419
vn -0.9978 -0.0477 0.0457
vn 0.9174 -0.3959 -0.0405
vn -0.9986 0.0251 0.0455
vn 0.8665 -0.4978 -0.0378
vn -0.9959 0.0784 0.0452
vn 0.7385 -0.6736 -0.0313
vn -0.9915 0.1218 0.0448
vn 0.2942 -0.9557 -0.0100
vn 0.9794 -0.1971 -0.0440
vn -0.9861 0.1603 0.0445
vn -0.6109 -0.7911 0.0307
vn 0.9710 -0.2350 -0.0435
vn -0.9278 -0.3706 0.0437
vn 0.7454 -0.6622 0.0768
vn -0.9908 0.1231 0.0566
vn 0.3058 -0.9366 0.1709
vn 0.9796 -0.1967 -0.0402
vn -0.9858 0.1607 0.0483
vn -0.5993 -0.7721 0.2117
vn 0.9718 -0.2338 -0.0318
vn -0.9208 -0.3592 0.1518
vn 0.9612 -0.2750 -0.0223
vn -0.9815 -0.1538 0.1138
vn 0.9457 -0.3248 -0.0105
vn -0.9949 -0.0429 0.0917
vn 0.9203 -0.3911 0.0055
vn -0.9966 0.0284 0.0769
vn 0.8709 -0.4906 0.0304
vn -0.9946 0.0806 0.0658
vn -0.9746 -0.1342 0.1792
vn 0.9486 -0.3158 0.0196
vn -0.9903 -0.0297 0.1357
vn 0.9245 -0.3778 0.0496
vn -0.9936 0.0374 0.1070
vn 0.8770 -0.4708 0.0959
vn -0.9926 0.0865 0.0855
vn 0.7549 -0.6305 0.1804
vn -0.9897 0.1264 0.0678
vn 0.3221 -0.8822 0.3435
vn 0.9800 -0.1956 -0.0366
vn -0.9855 0.1618 0.0519
vn -0.5803 -0.7181 0.3842
vn 0.9729 -0.2304 -0.0205
vn -0.9096 -0.3278 0.2554
vn 0.9631 -0.2691 -0.0025
vn -0.9882 0.1318 0.0781
vn 0.3424 -0.7954 0.5000
vn 0.9805 -0.1938 -0.0332
vn -0.9850 0.1635 0.0553
vn -0.5552 -0.6322 0.5404
vn 0.9743 -0.2250 -0.0102
vn -0.8946 -0.2779 0.3500
vn 0.9656 -0.2597 0.0156
vn -0.9655 -0.1029 0.2392
vn 0.9523 -0.3014 0.0473
vn -0.9843 -0.0087 0.1762
vn 0.9299 -0.3567 0.0900
vn -0.9895 0.0517 0.1347
vn 0.8847 -0.4393 0.1559
vn -0.9900 0.0959 0.1037
vn 0.7667 -0.5800 0.2752
vn 0.9567 -0.2822 0.0714
vn -0.9772 0.0194 0.2115
vn 0.9361 -0.3285 0.1254
vn -0.9848 0.0709 0.1588
vn 0.8937 -0.3973 0.2082
vn -0.9869 0.1085 0.1195
vn 0.7805 -0.5129 0.3574
vn -0.9865 0.1389 0.0872
vn 0.3661 -0.6813 0.6339
vn 0.9810 -0.1915 -0.0303
vn -0.9844 0.1659 0.0582
vn -0.5255 -0.5192 0.6741
vn 0.9760 -0.2179 -0.0012
vn -0.8767 -0.2116 0.4320
vn 0.9685 -0.2471 0.0315
vn -0.9546 -0.0613 0.2914
vn 0.3922 -0.5454 0.7407
vn 0.9816 -0.1887 -0.0279
vn -0.9838 0.1687 0.0606
vn -0.4928 -0.3845 0.7806
vn 0.9779 -0.2092 0.0062
vn -0.8569 -0.1317 0.4984
vn 0.9717 -0.2318 0.0445
vn -0.9425 -0.0109 0.3340
vn 0.9616 -0.2589 0.0912
vn -0.9692 0.0533 0.2403
vn 0.9431 -0.2944 0.1542
vn -0.9794 0.0940 0.1785
vn 0.9038 -0.3466 0.2508
vn -0.9834 0.1237 0.1325
vn 0.7959 -0.4322 0.4240
vn -0.9845 0.1476 0.0946
vn -0.9608 0.0918 0.2615
vn 0.9507 -0.2558 0.1754
vn -0.9738 0.1204 0.1931
vn 0.9148 -0.2891 0.2822
vn -0.9798 0.1410 0.1420
vn 0.8125 -0.3412 0.4727
vn -0.9825 0.1574 0.1000
vn 0.4201 -0.3941 0.8174
vn 0.9823 -0.1855 -0.0261
vn -0.9831 0.1719 0.0624
vn -0.4590 -0.2342 0.8570
vn 0.9799 -0.1993 0.0117
vn -0.8362 -0.0414 0.5469
vn 0.9752 -0.2145 0.0540
vn -0.9298 0.0462 0.3652
vn 0.9668 -0.2325 0.1057
vn -0.9825 0.1753 0.0635
vn -0.4256 -0.0741 0.9019
vn 0.9819 -0.1887 0.0150
vn -0.8156 0.0558 0.5759
vn 0.9788 -0.1958 0.0598
vn -0.9170 0.1079 0.3840
vn 0.9723 -0.2039 0.1145
vn -0.9523 0.1335 0.2743
vn 0.9585 -0.2140 0.1883
vn -0.9680 0.1489 0.2018
vn 0.9262 -0.2272 0.3010
vn -0.9760 0.1597 0.1478
vn 0.8300 -0.2434 0.5018
vn -0.9803 0.1681 0.1033
vn 0.4491 -0.2331 0.8625
vn 0.9830 -0.1820 -0.0250
vn -0.9625 0.1784 0.2046
vn 0.9377 -0.1631 0.3069
vn -0.9724 0.1790 0.1496
vn 0.8479 -0.1426 0.5107
vn -0.9783 0.1792 0.1043
vn 0.4785 -0.0680 0.8754
vn 0.9836 -0.1784 -0.0247
vn -0.9818 0.1789 0.0638
vn -0.3938 0.0906 0.9147
vn 0.9840 -0.1776 0.0160
vn -0.7961 0.1564 0.5847
vn 0.9824 -0.1764 0.0616
vn -0.9047 0.1719 0.3898
vn 0.9777 -0.1744 0.1172
vn -0.9441 0.1767 0.2783
vn 0.9664 -0.1707 0.1923
vn 0.9859 -0.1666 0.0147
vn -0.7783 0.2567 0.5729
vn 0.9858 -0.1570 0.0593
vn -0.8934 0.2357 0.3823
vn 0.9829 -0.1449 0.1138
vn -0.9365 0.2198 0.2732
vn 0.9740 -0.1276 0.1872
vn -0.9572 0.2079 0.2011
vn 0.9489 -0.0993 0.2994
vn -0.9690 0.1984 0.1473
vn 0.8656 -0.0422 0.4989
vn -0.9763 0.1902 0.1030
vn 0.5075 0.0960 0.8563
vn 0.9843 -0.1749 -0.0251
vn -0.9812 0.1825 0.0634
vn -0.3649 0.2546 0.8956
vn 0.9595 -0.0381 0.2790
vn -0.9659 0.2170 0.1411
vn 0.8825 0.0541 0.4671
vn -0.9746 0.2007 0.0995
vn 0.5351 0.2540 0.8057
vn 0.9848 -0.1714 -0.0262
vn -0.9806 0.1860 0.0622
vn -0.3396 0.4130 0.8451
vn 0.9877 -0.1560 0.0112
vn -0.7631 0.3533 0.5412
vn 0.9889 -0.1385 0.0531
vn -0.8836 0.2970 0.3619
vn 0.9877 -0.1166 0.1043
vn -0.9298 0.2612 0.2594
vn 0.9811 -0.0863 0.1734
vn -0.9526 0.2362 0.1917
vn -0.7507 0.4426 0.4904
vn 0.9917 -0.1214 0.0431
vn -0.8755 0.3536 0.3293
vn 0.9919 -0.0906 0.0891
vn -0.9242 0.2992 0.2373
vn 0.9873 -0.0483 0.1512
vn -0.9487 0.2622 0.1765
vn 0.9690 0.0182 0.2463
vn -0.9633 0.2340 0.1312
vn 0.8980 0.1429 0.4162
vn -0.9731 0.2105 0.0938
vn 0.5605 0.4009 0.7247
vn 0.9853 -0.1683 -0.0281
vn -0.9801 0.1891 0.0604
vn -0.3186 0.5607 0.7642
vn 0.9892 -0.1463 0.0055
vn -0.9613 0.2489 0.1179
vn 0.9112 0.2208 0.3478
vn -0.9719 0.2189 0.0862
vn 0.5824 0.5316 0.6150
vn 0.9857 -0.1655 -0.0306
vn -0.9797 0.1919 0.0579
vn -0.3026 0.6925 0.6549
vn 0.9904 -0.1379 -0.0021
vn -0.7416 0.5213 0.4222
vn 0.9939 -0.1066 0.0298
vn -0.8694 0.4031 0.2856
vn 0.9953 -0.0680 0.0689
vn -0.9199 0.3326 0.2077
vn 0.9925 -0.0151 0.1216
vn -0.9457 0.2850 0.1562
vn 0.9770 0.0674 0.2025
vn 0.9954 -0.0944 0.0137
vn -0.8654 0.4438 0.2325
vn 0.9978 -0.0495 0.0443
vn -0.9171 0.3598 0.1718
vn 0.9963 0.0120 0.0857
vn -0.9437 0.3035 0.1317
vn 0.9829 0.1077 0.1493
vn -0.9599 0.2611 0.1017
vn 0.9214 0.2849 0.2643
vn -0.9711 0.2259 0.0770
vn 0.5995 0.6407 0.4797
vn 0.9860 -0.1633 -0.0336
vn -0.9794 0.1941 0.0549
vn -0.2920 0.8028 0.5198
vn 0.9913 -0.1309 -0.0113
vn -0.7358 0.5863 0.3389
vn 0.9279 0.3325 0.1687
vn -0.9707 0.2310 0.0666
vn 0.6106 0.7232 0.3228
vn 0.9862 -0.1616 -0.0370
vn -0.9793 0.1958 0.0515
vn -0.2871 0.8864 0.3632
vn 0.9918 -0.1259 -0.0218
vn -0.7335 0.6346 0.2435
vn 0.9963 -0.0855 -0.0047
vn -0.8637 0.4739 0.1719
vn 0.9992 -0.0358 0.0163
vn -0.9157 0.3800 0.1309
vn 0.9985 0.0319 0.0447
vn -0.9427 0.3173 0.1037
vn 0.9865 0.1374 0.0886
vn -0.9592 0.2701 0.0834
vn -0.8640 0.4921 0.1062
vn 0.9995 -0.0276 -0.0140
vn -0.9158 0.3922 0.0865
vn 0.9990 0.0440 0.0003
vn -0.9427 0.3256 0.0734
vn 0.9876 0.1555 0.0228
vn -0.9592 0.2755 0.0635
vn 0.9301 0.3616 0.0647
vn -0.9706 0.2341 0.0553
vn 0.6146 0.7744 0.1502
vn 0.9862 -0.1606 -0.0406
vn -0.9793 0.1968 0.0478
vn -0.2878 0.9385 0.1909
vn 0.9919 -0.1228 -0.0331
vn -0.7344 0.6642 0.1396
vn 0.9965 -0.0801 -0.0246
vn -0.9710 0.2350 0.0435
vn 0.6109 0.7911 -0.0307
vn 0.9861 -0.1603 -0.0445
vn -0.9794 0.1971 0.0440
vn -0.2942 0.9557 0.0101
vn 0.9915 -0.1218 -0.0448
vn -0.7385 0.6736 0.0313
vn 0.9959 -0.0784 -0.0452
vn -0.8665 0.4978 0.0378
vn 0.9986 -0.0251 -0.0455
vn -0.9174 0.3959 0.0405
vn 0.9978 0.0477 -0.0457
vn -0.9437 0.3281 0.0419
vn 0.9859 0.1610 -0.0456
vn -0.9599 0.2772 0.0428
vn 0.9278 0.3706 -0.0437
vn -0.9489 -0.2398 0.2053
vn 0.0226 0.9583 -0.2850
vn 0.9169 0.3285 -0.2268
vn -0.9337 -0.2853 0.2165
vn -0.6776 0.7260 -0.1173
vn 0.8973 0.3725 -0.2370
vn -0.9447 0.3256 0.0384
vn 0.8727 0.4207 -0.2477
vn -0.9892 0.0941 0.1128
vn 0.8393 0.4777 -0.2597
vn -0.9877 -0.0382 0.1515
vn 0.7883 0.5509 -0.2740
vn -0.9766 -0.1246 0.1753
vn 0.6983 0.6538 -0.2914
vn -0.9632 -0.1882 0.1921
vn 0.5045 0.8063 -0.3088
vn 0.6893 0.6236 -0.3688
vn -0.9658 -0.1975 0.1680
vn 0.4909 0.7602 -0.4256
vn -0.9504 -0.2451 0.1915
vn 0.0031 0.8887 -0.4584
vn 0.9164 0.3268 -0.2313
vn -0.9342 -0.2870 0.2120
vn -0.6954 0.6571 -0.2911
vn 0.8957 0.3672 -0.2507
vn -0.9567 0.2801 -0.0788
vn 0.8700 0.4114 -0.2717
vn -0.9973 0.0642 0.0353
vn 0.8351 0.4635 -0.2962
vn -0.9934 -0.0587 0.0983
vn 0.7822 0.5303 -0.3270
vn -0.9806 -0.1387 0.1387
vn -0.9589 0.2144 -0.1858
vn 0.8691 0.3980 -0.2938
vn -0.9991 0.0211 -0.0357
vn 0.8336 0.4431 -0.3297
vn -0.9949 -0.0882 0.0496
vn 0.7800 0.5005 -0.3756
vn -0.9817 -0.1590 0.1052
vn 0.6859 0.5800 -0.4394
vn -0.9666 -0.2109 0.1459
vn 0.4858 0.6936 -0.5319
vn -0.9508 -0.2528 0.1789
vn -0.0030 0.7883 -0.6152
vn 0.9162 0.3243 -0.2354
vn -0.9343 -0.2895 0.2079
vn -0.6983 0.5577 -0.4487
vn 0.8952 0.3595 -0.2633
vn -0.9654 -0.2279 0.1267
vn 0.4894 0.6095 -0.6237
vn -0.9502 -0.2625 0.1679
vn 0.0043 0.6622 -0.7493
vn 0.9164 0.3211 -0.2390
vn -0.9341 -0.2927 0.2043
vn -0.6869 0.4329 -0.5838
vn 0.8958 0.3498 -0.2743
vn -0.9514 0.1316 -0.2785
vn 0.8700 0.3809 -0.3130
vn -0.9947 -0.0335 -0.0975
vn 0.8350 0.4172 -0.3588
vn -0.9921 -0.1256 0.0072
vn 0.7818 0.4628 -0.4178
vn -0.9798 -0.1848 0.0759
vn 0.6884 0.5248 -0.5007
vn -0.9843 -0.0973 -0.1476
vn 0.8391 0.3868 -0.3825
vn -0.9852 -0.1694 -0.0273
vn 0.7877 0.4187 -0.4520
vn -0.9752 -0.2150 0.0521
vn 0.6967 0.4602 -0.5502
vn -0.9624 -0.2478 0.1110
vn 0.5018 0.5115 -0.6975
vn -0.9486 -0.2738 0.1590
vn 0.0246 0.5163 -0.8560
vn 0.9169 0.3174 -0.2419
vn -0.9336 -0.2964 0.2014
vn -0.6623 0.2885 -0.6915
vn 0.8974 0.3384 -0.2832
vn -0.9348 0.0350 -0.3533
vn 0.8728 0.3610 -0.3286
vn -0.9459 -0.2864 0.1524
vn 0.0569 0.3571 -0.9323
vn 0.9178 0.3133 -0.2440
vn -0.9327 -0.3005 0.1993
vn -0.6261 0.1306 -0.7687
vn 0.8999 0.3258 -0.2898
vn -0.9103 -0.0716 -0.4077
vn 0.8772 0.3388 -0.3401
vn -0.9684 -0.1680 -0.1842
vn 0.8458 0.3532 -0.3998
vn -0.9745 -0.2179 -0.0526
vn 0.7973 0.3698 -0.4770
vn -0.9680 -0.2485 0.0347
vn 0.7106 0.3889 -0.5864
vn -0.9578 -0.2698 0.0995
vn 0.5226 0.4037 -0.7509
vn 0.8550 0.3175 -0.4101
vn -0.9606 -0.2694 -0.0676
vn 0.8105 0.3181 -0.4919
vn -0.9585 -0.2840 0.0243
vn 0.7296 0.3136 -0.6078
vn -0.9515 -0.2932 0.0926
vn 0.5510 0.2903 -0.7824
vn -0.9424 -0.2998 0.1485
vn 0.0998 0.1906 -0.9766
vn 0.9189 0.3089 -0.2453
vn -0.9316 -0.3048 0.1980
vn -0.5803 -0.0349 -0.8137
vn 0.9034 0.3124 -0.2937
vn -0.8790 -0.1840 -0.4398
vn 0.8833 0.3154 -0.3469
vn -0.9480 -0.2428 -0.2059
vn 0.1518 0.0227 -0.9881
vn 0.9203 0.3045 -0.2456
vn -0.9302 -0.3093 0.1977
vn -0.5267 -0.2024 -0.8256
vn 0.9076 0.2988 -0.2948
vn -0.8423 -0.2983 -0.4488
vn 0.8907 0.2915 -0.3489
vn -0.9237 -0.3190 -0.2121
vn 0.8662 0.2813 -0.4131
vn -0.9441 -0.3218 -0.0720
vn 0.8267 0.2655 -0.4961
vn -0.9471 -0.3201 0.0213
vn 0.7530 0.2372 -0.6138
vn -0.9441 -0.3171 0.0907
vn 0.5861 0.1755 -0.7910
vn -0.9381 -0.3134 0.1474
vn -0.9254 -0.3732 -0.0654
vn 0.8453 0.2141 -0.4895
vn -0.9343 -0.3556 0.0258
vn 0.7801 0.1624 -0.6042
vn -0.9356 -0.3404 0.0936
vn 0.6267 0.0633 -0.7766
vn -0.9333 -0.3268 0.1491
vn 0.2113 -0.1414 -0.9671
vn 0.9219 0.3002 -0.2451
vn -0.9286 -0.3136 0.1982
vn -0.4672 -0.3665 -0.8046
vn 0.9125 0.2855 -0.2931
vn -0.8017 -0.4105 -0.4345
vn 0.8992 0.2681 -0.3459
vn -0.8966 -0.3937 -0.2026
vn 0.8790 0.2459 -0.4086
vn 0.9236 0.2961 -0.2436
vn -0.9269 -0.3177 0.1997
vn -0.4038 -0.5220 -0.7513
vn 0.9177 0.2729 -0.2886
vn -0.7585 -0.5166 -0.3973
vn 0.9084 0.2462 -0.3380
vn -0.8677 -0.4642 -0.1776
vn 0.8930 0.2126 -0.3967
vn -0.9055 -0.4216 -0.0481
vn 0.8656 0.1658 -0.4724
vn -0.9205 -0.3890 0.0377
vn 0.8098 0.0922 -0.5794
vn -0.9265 -0.3624 0.1015
vn 0.6715 -0.0422 -0.7398
vn -0.9281 -0.3393 0.1535
vn 0.2763 -0.2965 -0.9142
vn 0.8869 0.1224 -0.4454
vn -0.9062 -0.4190 0.0565
vn 0.8410 0.0291 -0.5403
vn -0.9170 -0.3822 0.1139
vn 0.7187 -0.1374 -0.6817
vn -0.9227 -0.3506 0.1606
vn 0.3448 -0.4373 -0.8306
vn 0.9253 0.2924 -0.2413
vn -0.9252 -0.3214 0.2020
vn -0.3383 -0.6639 -0.6670
vn 0.9232 0.2617 -0.2815
vn -0.7142 -0.6127 -0.3384
vn 0.9180 0.2265 -0.3257
vn -0.8380 -0.5279 -0.1381
vn 0.9076 0.1826 -0.3780
vn -0.8849 -0.4653 -0.0209
vn -0.2727 -0.7867 -0.5538
vn 0.9286 0.2521 -0.2722
vn -0.6703 -0.6951 -0.2599
vn 0.9276 0.2097 -0.3093
vn -0.8086 -0.5822 -0.0855
vn 0.9223 0.1573 -0.3531
vn -0.8645 -0.5024 0.0153
vn 0.9083 0.0856 -0.4094
vn -0.8920 -0.4445 0.0815
vn 0.8724 -0.0246 -0.4882
vn -0.9076 -0.3990 0.1304
vn 0.7664 -0.2186 -0.6040
vn -0.9173 -0.3602 0.1700
vn 0.4143 -0.5589 -0.7184
vn 0.9271 0.2893 -0.2383
vn -0.9234 -0.3245 0.2050
vn -0.8785 -0.4646 0.1117
vn 0.9028 -0.0667 -0.4249
vn -0.8986 -0.4122 0.1503
vn 0.8127 -0.2827 -0.5094
vn -0.9121 -0.3677 0.1814
vn 0.4821 -0.6562 -0.5805
vn 0.9288 0.2869 -0.2346
vn -0.9217 -0.3269 0.2087
vn -0.2092 -0.8855 -0.4149
vn 0.9339 0.2446 -0.2608
vn -0.6281 -0.7606 -0.1643
vn 0.9368 0.1966 -0.2894
vn -0.7803 -0.6250 -0.0217
vn 0.9364 0.1374 -0.3230
vn -0.8449 -0.5316 0.0592
vn 0.9290 0.0568 -0.3658
vn -0.5890 -0.8062 -0.0552
vn 0.9453 0.1877 -0.2669
vn -0.7543 -0.6546 0.0508
vn 0.9493 0.1238 -0.2888
vn -0.8269 -0.5517 0.1090
vn 0.9480 0.0370 -0.3162
vn -0.8660 -0.4783 0.1460
vn 0.9308 -0.0956 -0.3529
vn -0.8904 -0.4212 0.1729
vn 0.8556 -0.3270 -0.4012
vn -0.9074 -0.3728 0.1943
vn 0.5452 -0.7246 -0.4215
vn 0.9304 0.2852 -0.2304
vn -0.9202 -0.3286 0.2129
vn -0.1501 -0.9552 -0.2550
vn 0.9387 0.2395 -0.2479
vn -0.8831 -0.4257 0.1972
vn 0.8930 -0.3495 -0.2835
vn -0.9032 -0.3754 0.2082
vn 0.6006 -0.7603 -0.2472
vn 0.9317 0.2844 -0.2258
vn -0.9188 -0.3294 0.2174
vn -0.0978 -0.9920 -0.0799
vn 0.9429 0.2370 -0.2340
vn -0.5546 -0.8297 0.0633
vn 0.9527 0.1832 -0.2425
vn -0.7314 -0.6696 0.1292
vn 0.9607 0.1170 -0.2518
vn -0.8111 -0.5618 0.1628
vn 0.9645 0.0272 -0.2626
vn -0.8550 -0.4852 0.1831
vn 0.9552 -0.1101 -0.2748
vn 0.9587 0.1834 -0.2173
vn -0.7125 -0.6694 0.2105
vn 0.9699 0.1173 -0.2135
vn -0.7981 -0.5616 0.2185
vn 0.9780 0.0275 -0.2070
vn -0.8460 -0.4850 0.2215
vn 0.9749 -0.1096 -0.1937
vn -0.8772 -0.4255 0.2225
vn 0.9232 -0.3491 -0.1608
vn -0.8998 -0.3753 0.2226
vn 0.6455 -0.7610 -0.0649
vn 0.9328 0.2844 -0.2212
vn -0.9177 -0.3294 0.2221
vn -0.0546 -0.9932 0.1028
vn 0.9463 0.2371 -0.2196
vn -0.5261 -0.8298 0.1863
vn 0.9447 -0.3256 -0.0384
vn -0.8973 -0.3725 0.2370
vn 0.6776 -0.7260 0.1173
vn 0.9337 0.2853 -0.2165
vn -0.9169 -0.3285 0.2268
vn -0.0225 -0.9583 0.2850
vn 0.9489 0.2398 -0.2053
vn -0.5045 -0.8063 0.3088
vn 0.9632 0.1882 -0.1921
vn -0.6983 -0.6538 0.2914
vn 0.9766 0.1246 -0.1753
vn -0.7883 -0.5509 0.2740
vn 0.9877 0.0382 -0.1515
vn -0.8393 -0.4777 0.2597
vn 0.9892 -0.0941 -0.1128
vn -0.8727 -0.4207 0.2477
vn -0.6893 -0.6236 0.3688
vn 0.9806 0.1387 -0.1387
vn -0.7822 -0.5303 0.3270
vn 0.9934 0.0587 -0.0983
vn -0.8351 -0.4635 0.2962
vn 0.9973 -0.0642 -0.0353
vn -0.8700 -0.4114 0.2717
vn 0.9567 -0.2801 0.0788
vn -0.8957 -0.3672 0.2507
vn 0.6954 -0.6571 0.2911
vn 0.9342 0.2870 -0.2120
vn -0.9164 -0.3268 0.2313
vn -0.0031 -0.8888 0.4584
vn 0.9504 0.2451 -0.1915
vn -0.4909 -0.7602 0.4256
vn 0.9658 0.1975 -0.1680
vn -0.8952 -0.3596 0.2633
vn 0.6983 -0.5577 0.4487
vn 0.9343 0.2895 -0.2079
vn -0.9162 -0.3243 0.2354
vn 0.0030 -0.7883 0.6152
vn 0.9508 0.2528 -0.1789
vn -0.4858 -0.6936 0.5319
vn 0.9666 0.2109 -0.1459
vn -0.6859 -0.5800 0.4394
vn 0.9817 0.1590 -0.1052
vn -0.7800 -0.5005 0.3756
vn 0.9949 0.0882 -0.0496
vn -0.8336 -0.4431 0.3297
vn 0.9991 -0.0211 0.0357
vn -0.8691 -0.3980 0.2938
vn 0.9589 -0.2144 0.1858
vn 0.9798 0.1848 -0.0759
vn -0.7818 -0.4628 0.4178
vn 0.9921 0.1256 -0.0072
vn -0.8350 -0.4172 0.3588
vn 0.9947 0.0335 0.0975
vn -0.8700 -0.3809 0.3130
vn 0.9514 -0.1316 0.2785
vn -0.8958 -0.3498 0.2743
vn 0.6869 -0.4329 0.5837
vn 0.9341 0.2927 -0.2043
vn -0.9164 -0.3211 0.2390
vn -0.0043 -0.6622 0.7493
vn 0.9502 0.2625 -0.1679
vn -0.4894 -0.6095 0.6237
vn 0.9654 0.2279 -0.1267
vn -0.6884 -0.5248 0.5007
vn 0.6623 -0.2885 0.6915
vn 0.9336 0.2964 -0.2014
vn -0.9169 -0.3174 0.2419
vn -0.0246 -0.5163 0.8560
vn 0.9485 0.2738 -0.1590
vn -0.5018 -0.5115 0.6975
vn 0.9624 0.2478 -0.1110
vn -0.6967 -0.4602 0.5502
vn 0.9752 0.2150 -0.0521
vn -0.7877 -0.4187 0.4520
vn 0.9852 0.1694 0.0273
vn -0.8391 -0.3868 0.3825
vn 0.9843 0.0973 0.1476
vn -0.8728 -0.3610 0.3286
vn 0.9348 -0.0350 0.3533
vn -0.8974 -0.3384 0.2832
vn -0.7973 -0.3698 0.4770
vn 0.9745 0.2179 0.0526
vn -0.8458 -0.3532 0.3998
vn 0.9684 0.1680 0.1842
vn -0.8772 -0.3388 0.3401
vn 0.9103 0.0715 0.4077
vn -0.8999 -0.3258 0.2898
vn 0.6261 -0.1306 0.7687
vn 0.9327 0.3005 -0.1993
vn -0.9178 -0.3133 0.2440
vn -0.0569 -0.3571 0.9323
vn 0.9459 0.2864 -0.1524
vn -0.5226 -0.4037 0.7510
vn 0.9578 0.2698 -0.0995
vn -0.7106 -0.3889 0.5864
vn 0.9680 0.2485 -0.0347
vn -0.9189 -0.3089 0.2453
vn -0.0998 -0.1906 0.9766
vn 0.9424 0.2998 -0.1485
vn -0.5510 -0.2903 0.7824
vn 0.9515 0.2932 -0.0926
vn -0.7296 -0.3136 0.6078
vn 0.9585 0.2840 -0.0243
vn -0.8105 -0.3181 0.4919
vn 0.9606 0.2694 0.0676
vn -0.8550 -0.3175 0.4101
vn 0.9480 0.2428 0.2059
vn -0.8833 -0.3154 0.3469
vn 0.8790 0.1840 0.4398
vn -0.9034 -0.3124 0.2937
vn 0.5803 0.0349 0.8137
vn 0.9316 0.3048 -0.1980
vn -0.8662 -0.2813 0.4131
vn 0.9237 0.3190 0.2121
vn -0.8907 -0.2915 0.3489
vn 0.8423 0.2983 0.4488
vn -0.9076 -0.2988 0.2948
vn 0.5267 0.2024 0.8256
vn 0.9302 0.3093 -0.1976
vn -0.9203 -0.3045 0.2456
vn -0.1518 -0.0226 0.9882
vn 0.9381 0.3134 -0.1474
vn -0.5861 -0.1755 0.7910
vn 0.9441 0.3171 -0.0907
vn -0.7530 -0.2372 0.6138
vn 0.9471 0.3201 -0.0213
vn -0.8267 -0.2655 0.4961
vn 0.9441 0.3218 0.0720
vn 0.9333 0.3268 -0.1491
vn -0.6267 -0.0633 0.7766
vn 0.9356 0.3404 -0.0936
vn -0.7801 -0.1624 0.6042
vn 0.9343 0.3556 -0.0258
vn -0.8453 -0.2141 0.4895
vn 0.9254 0.3732 0.0654
vn -0.8790 -0.2459 0.4086
vn 0.8966 0.3937 0.2026
vn -0.8992 -0.2681 0.3459
vn 0.8017 0.4105 0.4345
vn -0.9125 -0.2855 0.2931
vn 0.4672 0.3665 0.8046
vn 0.9286 0.3136 -0.1982
vn -0.9219 -0.3002 0.2451
vn -0.2113 0.1414 0.9671
vn 0.8677 0.4642 0.1776
vn -0.9084 -0.2462 0.3380
vn 0.7585 0.5166 0.3973
vn -0.9177 -0.2729 0.2886
vn 0.4038 0.5220 0.7513
vn 0.9269 0.3177 -0.1997
vn -0.9236 -0.2961 0.2436
vn -0.2763 0.2965 0.9142
vn 0.9281 0.3393 -0.1535
vn -0.6715 0.0422 0.7398
vn 0.9265 0.3624 -0.1015
vn -0.8098 -0.0922 0.5794
vn 0.9205 0.3890 -0.0377
vn -0.8656 -0.1658 0.4724
vn 0.9055 0.4216 0.0481
vn -0.8930 -0.2126 0.3967
vn -0.7186 0.1374 0.6817
vn 0.9170 0.3822 -0.1139
vn -0.8410 -0.0291 0.5403
vn 0.9062 0.4190 -0.0565
vn -0.8869 -0.1224 0.4454
vn 0.8849 0.4653 0.0209
vn -0.9076 -0.1826 0.3780
vn 0.8380 0.5279 0.1381
vn -0.9180 -0.2265 0.3257
vn 0.7142 0.6127 0.3384
vn -0.9232 -0.2617 0.2815
vn 0.3383 0.6639 0.6670
vn 0.9252 0.3214 -0.2020
vn -0.9253 -0.2924 0.2413
vn -0.3447 0.4373 0.8306
vn 0.9227 0.3506 -0.1606
vn -0.9276 -0.2097 0.3093
vn 0.6703 0.6951 0.2599
vn -0.9286 -0.2521 0.2722
vn 0.2727 0.7867 0.5538
vn 0.9234 0.3245 -0.2050
vn -0.9271 -0.2893 0.2383
vn -0.4142 0.5589 0.7184
vn 0.9173 0.3602 -0.1700
vn -0.7664 0.2186 0.6040
vn 0.9076 0.3990 -0.1303
vn -0.8724 0.0246 0.4882
vn 0.8920 0.4445 -0.0815
vn -0.9083 -0.0856 0.4094
vn 0.8645 0.5024 -0.0153
vn -0.9223 -0.1573 0.3531
vn 0.8086 0.5822 0.0855
vn 0.8986 0.4122 -0.1503
vn -0.9028 0.0667 0.4249
vn 0.8785 0.4646 -0.1117
vn -0.9290 -0.0568 0.3658
vn 0.8449 0.5316 -0.0592
vn -0.9364 -0.1374 0.3230
vn 0.7803 0.6250 0.0217
vn -0.9368 -0.1966 0.2894
vn 0.6281 0.7606 0.1643
vn -0.9339 -0.2446 0.2608
vn 0.2092 0.8855 0.4149
vn 0.9217 0.3269 -0.2087
vn -0.9288 -0.2869 0.2346
vn -0.4821 0.6562 0.5805
vn 0.9121 0.3677 -0.1814
vn -0.8127 0.2827 0.5094
vn 0.5890 0.8062 0.0552
vn -0.9387 -0.2395 0.2479
vn 0.1501 0.9552 0.2550
vn 0.9202 0.3286 -0.2129
vn -0.9304 -0.2852 0.2304
vn -0.5452 0.7246 0.4215
vn 0.9073 0.3728 -0.1943
vn -0.8556 0.3270 0.4012
vn 0.8904 0.4212 -0.1728
vn -0.9308 0.0956 0.3529
vn 0.8660 0.4783 -0.1460
vn -0.9480 -0.0370 0.3162
vn 0.8269 0.5517 -0.1090
vn -0.9493 -0.1238 0.2888
vn 0.7543 0.6546 -0.0508
vn -0.9453 -0.1877 0.2669
vn -0.9552 0.1101 0.2748
vn 0.8550 0.4852 -0.1831
vn -0.9645 -0.0272 0.2626
vn 0.8111 0.5618 -0.1628
vn -0.9607 -0.1170 0.2518
vn 0.7314 0.6696 -0.1292
vn -0.9527 -0.1832 0.2425
vn 0.5546 0.8297 -0.0633
vn -0.9429 -0.2370 0.2340
vn 0.0978 0.9920 0.0799
vn 0.9188 0.3294 -0.2174
vn -0.9317 -0.2844 0.2258
vn -0.6006 0.7603 0.2472
vn 0.9032 0.3754 -0.2082
vn -0.8930 0.3495 0.2835
vn 0.8831 0.4257 -0.1972
vn -0.9463 -0.2371 0.2196
vn 0.0546 0.9932 -0.1028
vn 0.9177 0.3294 -0.2221
vn -0.9328 -0.2844 0.2212
vn -0.6455 0.7610 0.0649
vn 0.8998 0.3753 -0.2226
vn -0.9232 0.3491 0.1608
vn 0.8772 0.4255 -0.2225
vn -0.9749 0.1097 0.1937
vn 0.8460 0.4850 -0.2215
vn -0.9780 -0.0275 0.2070
vn 0.7981 0.5616 -0.2185
vn -0.9699 -0.1173 0.2135
vn 0.7125 0.6694 -0.2105
vn -0.9587 -0.1834 0.2173
vn 0.5261 0.8298 -0.1863
vn -0.9817 -0.1887 0.0264
vn 0.0740 0.9732 -0.2179
vn 0.9552 0.2918 -0.0500
vn -0.9696 -0.2416 0.0385
vn -0.5817 0.7914 -0.1878
vn 0.9373 0.3430 -0.0618
vn -0.8971 0.4277 -0.1110
vn 0.9139 0.3990 -0.0748
vn -0.9805 0.1877 -0.0584
vn 0.8808 0.4648 -0.0902
vn -0.9988 0.0419 -0.0259
vn 0.8290 0.5484 -0.1098
vn -0.9984 -0.0560 -0.0038
vn 0.7357 0.6633 -0.1373
vn -0.9916 -0.1290 0.0128
vn 0.5367 0.8250 -0.1769
vn 0.7387 0.6351 -0.2260
vn -0.9903 -0.1378 -0.0154
vn 0.5410 0.7829 -0.3073
vn -0.9810 -0.1938 0.0102
vn 0.0812 0.9125 -0.4009
vn 0.9554 0.2902 -0.0553
vn -0.9694 -0.2432 0.0332
vn -0.5723 0.7314 -0.3708
vn 0.9379 0.3380 -0.0779
vn -0.8902 0.3862 -0.2415
vn 0.9150 0.3902 -0.1030
vn -0.9761 0.1598 -0.1472
vn 0.8824 0.4514 -0.1328
vn -0.9959 0.0227 -0.0875
vn 0.8311 0.5290 -0.1714
vn -0.9965 -0.0693 -0.0465
vn -0.8754 0.3220 -0.3604
vn 0.9174 0.3765 -0.1289
vn -0.9665 0.1167 -0.2285
vn 0.8860 0.4306 -0.1720
vn -0.9895 -0.0072 -0.1440
vn 0.8362 0.4988 -0.2279
vn -0.9923 -0.0899 -0.0857
vn 0.7457 0.5912 -0.3072
vn -0.9876 -0.1515 -0.0414
vn 0.5513 0.7174 -0.4260
vn -0.9795 -0.2016 -0.0046
vn 0.0975 0.8185 -0.5662
vn 0.9559 0.2876 -0.0601
vn -0.9689 -0.2457 0.0284
vn -0.5519 0.6385 -0.5363
vn 0.9393 0.3302 -0.0928
vn -0.9835 -0.1694 -0.0640
vn 0.5671 0.6318 -0.5284
vn -0.9772 -0.2118 -0.0175
vn 0.1220 0.6965 -0.7071
vn 0.9566 0.2843 -0.0643
vn -0.9682 -0.2491 0.0242
vn -0.5222 0.5180 -0.6775
vn 0.9415 0.3199 -0.1057
vn -0.8537 0.2380 -0.4631
vn 0.9212 0.3584 -0.1515
vn -0.9523 0.0601 -0.2991
vn 0.8916 0.4032 -0.2062
vn -0.9800 -0.0464 -0.1933
vn 0.8440 0.4591 -0.2772
vn -0.9859 -0.1171 -0.1199
vn 0.7567 0.5337 -0.3777
vn -0.9343 -0.0077 -0.3565
vn 0.8989 0.3703 -0.2341
vn -0.9679 -0.0934 -0.2335
vn 0.8544 0.4116 -0.3172
vn -0.9776 -0.1497 -0.1479
vn 0.7712 0.4649 -0.4349
vn -0.9781 -0.1909 -0.0825
vn 0.5881 0.5301 -0.6108
vn -0.9742 -0.2241 -0.0281
vn 0.1536 0.5530 -0.8189
vn 0.9575 0.2803 -0.0677
vn -0.9672 -0.2531 0.0207
vn -0.4850 0.3760 -0.7895
vn 0.9444 0.3075 -0.1163
vn -0.8264 0.1381 -0.5458
vn 0.9261 0.3368 -0.1700
vn -0.9706 -0.2381 -0.0359
vn 0.1912 0.3945 -0.8988
vn 0.9587 0.2757 -0.0703
vn -0.9661 -0.2577 0.0182
vn -0.4425 0.2189 -0.8696
vn 0.9479 0.2936 -0.1241
vn -0.7951 0.0262 -0.6059
vn 0.9321 0.3123 -0.1836
vn -0.9133 -0.0840 -0.3985
vn 0.9078 0.3333 -0.2546
vn -0.9536 -0.1465 -0.2630
vn 0.8670 0.3580 -0.3467
vn -0.9679 -0.1865 -0.1684
vn 0.7889 0.3877 -0.4768
vn -0.9718 -0.2153 -0.0961
vn 0.6137 0.4166 -0.6706
vn 0.9179 0.2935 -0.2671
vn -0.9379 -0.2036 -0.2808
vn 0.8814 0.3006 -0.3645
vn -0.9572 -0.2261 -0.1809
vn 0.8093 0.3051 -0.5019
vn -0.9648 -0.2415 -0.1044
vn 0.6432 0.2959 -0.7062
vn -0.9666 -0.2531 -0.0406
vn 0.2334 0.2272 -0.9455
vn 0.9599 0.2708 -0.0718
vn -0.9648 -0.2625 0.0166
vn -0.3966 0.0526 -0.9165
vn 0.9518 0.2785 -0.1288
vn -0.7613 -0.0933 -0.6416
vn 0.9388 0.2860 -0.1918
vn -0.8904 -0.1660 -0.4238
vn 0.2790 0.0567 -0.9586
vn 0.9613 0.2658 -0.0723
vn -0.9634 -0.2676 0.0162
vn -0.3490 -0.1174 -0.9297
vn 0.9560 0.2630 -0.1302
vn -0.7265 -0.2163 -0.6523
vn 0.9461 0.2589 -0.1944
vn -0.8666 -0.2505 -0.4315
vn 0.9289 0.2524 -0.2709
vn -0.9215 -0.2625 -0.2864
vn 0.8971 0.2414 -0.3699
vn -0.9458 -0.2671 -0.1847
vn 0.8318 0.2202 -0.5096
vn -0.9573 -0.2686 -0.1069
vn 0.6757 0.1723 -0.7167
vn -0.9623 -0.2686 -0.0421
vn -0.9049 -0.3212 -0.2794
vn 0.9137 0.1828 -0.3629
vn -0.9343 -0.3078 -0.1799
vn 0.8555 0.1361 -0.4995
vn -0.9497 -0.2955 -0.1037
vn 0.7103 0.0500 -0.7021
vn -0.9580 -0.2840 -0.0403
vn 0.3267 -0.1120 -0.9385
vn 0.9627 0.2608 -0.0717
vn -0.9620 -0.2726 0.0168
vn -0.3013 -0.2860 -0.9096
vn 0.9603 0.2476 -0.1284
vn -0.6919 -0.3386 -0.6377
vn 0.9537 0.2320 -0.1912
vn -0.8429 -0.3345 -0.4215
vn 0.9404 0.2117 -0.2660
vn 0.9641 0.2560 -0.0700
vn -0.9606 -0.2774 0.0184
vn -0.2549 -0.4485 -0.8567
vn 0.9646 0.2329 -0.1233
vn -0.6588 -0.4561 -0.5983
vn 0.9614 0.2063 -0.1823
vn -0.8200 -0.4151 -0.3940
vn 0.9520 0.1729 -0.2527
vn -0.8888 -0.3773 -0.2601
vn 0.9305 0.1269 -0.3437
vn -0.9231 -0.3467 -0.1665
vn 0.8797 0.0559 -0.4722
vn -0.9422 -0.3212 -0.0948
vn 0.7457 -0.0668 -0.6629
vn -0.9537 -0.2987 -0.0352
vn 0.3750 -0.2739 -0.8856
vn 0.9467 0.0758 -0.3130
vn -0.9126 -0.3824 -0.1451
vn 0.9034 -0.0175 -0.4284
vn -0.9352 -0.3448 -0.0806
vn 0.7807 -0.1743 -0.6001
vn -0.9497 -0.3121 -0.0271
vn 0.4226 -0.4241 -0.8010
vn 0.9655 0.2516 -0.0674
vn -0.9592 -0.2818 0.0211
vn -0.2112 -0.5997 -0.7719
vn 0.9688 0.2195 -0.1152
vn -0.6281 -0.5647 -0.5353
vn 0.9687 0.1828 -0.1681
vn -0.7988 -0.4892 -0.3501
vn 0.9631 0.1374 -0.2313
vn -0.8738 -0.4287 -0.2293
vn -0.1713 -0.7342 -0.6569
vn 0.9726 0.2079 -0.1044
vn -0.6008 -0.6604 -0.4505
vn 0.9754 0.1625 -0.1492
vn -0.7799 -0.5540 -0.2913
vn 0.9734 0.1067 -0.2026
vn -0.8604 -0.4736 -0.1881
vn 0.9618 0.0314 -0.2718
vn -0.9031 -0.4134 -0.1164
vn 0.9256 -0.0814 -0.3697
vn -0.9289 -0.3652 -0.0617
vn 0.8138 -0.2684 -0.5155
vn -0.9460 -0.3238 -0.0162
vn 0.4674 -0.5572 -0.6863
vn 0.9667 0.2478 -0.0639
vn -0.9580 -0.2856 0.0246
vn -0.8950 -0.4385 -0.0816
vn 0.9452 -0.1334 -0.2980
vn -0.9234 -0.3818 -0.0386
vn 0.8433 -0.3454 -0.4117
vn -0.9428 -0.3332 -0.0030
vn 0.5076 -0.6680 -0.5441
vn 0.9678 0.2447 -0.0596
vn -0.9570 -0.2886 0.0289
vn -0.1366 -0.8465 -0.5145
vn 0.9759 0.1985 -0.0912
vn -0.5776 -0.7392 -0.3464
vn 0.9812 0.1460 -0.1262
vn -0.7638 -0.6070 -0.2195
vn 0.9824 0.0817 -0.1678
vn -0.8490 -0.5101 -0.1380
vn 0.9751 -0.0046 -0.2218
vn -0.5591 -0.7975 -0.2268
vn 0.9859 0.1341 -0.1000
vn -0.7510 -0.6458 -0.1374
vn 0.9897 0.0637 -0.1282
vn -0.8399 -0.5367 -0.0808
vn 0.9859 -0.0307 -0.1647
vn -0.8886 -0.4568 -0.0419
vn 0.9612 -0.1713 -0.2161
vn -0.9191 -0.3938 -0.0124
vn 0.8677 -0.4021 -0.2923
vn -0.9403 -0.3401 0.0120
vn 0.5410 -0.7509 -0.3788
vn 0.9686 0.2425 -0.0547
vn -0.9562 -0.2909 0.0338
vn -0.1084 -0.9309 -0.3489
vn 0.9785 0.1916 -0.0762
vn -0.9160 -0.4008 0.0160
vn 0.8854 -0.4357 -0.1618
vn -0.9385 -0.3441 0.0282
vn 0.5655 -0.8011 -0.1962
vn 0.9692 0.2412 -0.0494
vn -0.9556 -0.2922 0.0391
vn -0.0880 -0.9822 -0.1662
vn 0.9804 0.1877 -0.0600
vn -0.5459 -0.8324 -0.0960
vn 0.9893 0.1271 -0.0716
vn -0.7420 -0.6687 -0.0482
vn 0.9949 0.0531 -0.0853
vn -0.8334 -0.5523 -0.0188
vn 0.9936 -0.0460 -0.1028
vn -0.8840 -0.4676 0.0011
vn 0.9728 -0.1935 -0.1270
vn 0.9912 0.1254 -0.0421
vn -0.7368 -0.6747 0.0446
vn 0.9979 0.0505 -0.0407
vn -0.8297 -0.5563 0.0456
vn 0.9980 -0.0498 -0.0384
vn -0.8814 -0.4702 0.0457
vn 0.9794 -0.1991 -0.0343
vn -0.9142 -0.4026 0.0454
vn 0.8954 -0.4445 -0.0253
vn -0.9375 -0.3451 0.0450
vn 0.5794 -0.8150 -0.0044
vn 0.9696 0.2409 -0.0439
vn -0.9552 -0.2925 0.0445
vn -0.0763 -0.9967 0.0258
vn 0.9815 0.1867 -0.0432
vn -0.5383 -0.8418 0.0405
vn 0.8971 -0.4277 0.1110
vn -0.9373 -0.3430 0.0618
vn 0.5817 -0.7914 0.1878
vn 0.9696 0.2416 -0.0385
vn -0.9552 -0.2918 0.0500
vn -0.0740 -0.9732 0.2179
vn 0.9817 0.1887 -0.0264
vn -0.5367 -0.8250 0.1769
vn 0.9916 0.1290 -0.0128
vn -0.7357 -0.6633 0.1373
vn 0.9984 0.0560 0.0038
vn -0.8290 -0.5484 0.1099
vn 0.9988 -0.0419 0.0259
vn -0.8808 -0.4648 0.0902
vn 0.9805 -0.1877 0.0584
vn -0.9139 -0.3990 0.0748
vn -0.7387 -0.6351 0.2260
vn 0.9965 0.0693 0.0465
vn -0.8311 -0.5290 0.1714
vn 0.9959 -0.0227 0.0875
vn -0.8824 -0.4514 0.1328
vn 0.9761 -0.1598 0.1472
vn -0.9150 -0.3902 0.1030
vn 0.8902 -0.3862 0.2415
vn -0.9379 -0.3380 0.0779
vn 0.5723 -0.7314 0.3708
vn 0.9694 0.2432 -0.0332
vn -0.9554 -0.2902 0.0553
vn -0.0812 -0.9125 0.4009
vn 0.9810 0.1938 -0.0102
vn -0.5410 -0.7829 0.3073
vn 0.9903 0.1378 0.0154
vn -0.9394 -0.3302 0.0928
vn 0.5519 -0.6385 0.5363
vn 0.9689 0.2458 -0.0284
vn -0.9559 -0.2876 0.0601
vn -0.0975 -0.8185 0.5662
vn 0.9795 0.2016 0.0046
vn -0.5513 -0.7174 0.4260
vn 0.9876 0.1515 0.0414
vn -0.7457 -0.5912 0.3072
vn 0.9923 0.0899 0.0857
vn -0.8362 -0.4988 0.2280
vn 0.9895 0.0072 0.1440
vn -0.8860 -0.4306 0.1720
vn 0.9665 -0.1167 0.2285
vn -0.9174 -0.3765 0.1289
vn 0.8754 -0.3220 0.3604
vn 0.9859 0.1171 0.1199
vn -0.8440 -0.4591 0.2772
vn 0.9800 0.0464 0.1933
vn -0.8916 -0.4032 0.2062
vn 0.9523 -0.0601 0.2991
vn -0.9212 -0.3584 0.1515
vn 0.8537 -0.2380 0.4631
vn -0.9415 -0.3199 0.1057
vn 0.5222 -0.5180 0.6775
vn 0.9682 0.2491 -0.0242
vn -0.9566 -0.2843 0.0643
vn -0.1220 -0.6965 0.7071
vn 0.9772 0.2118 0.0175
vn -0.5671 -0.6318 0.5284
vn 0.9835 0.1694 0.0640
vn -0.7567 -0.5337 0.3777
vn 0.4850 -0.3760 0.7895
vn 0.9672 0.2531 -0.0207
vn -0.9575 -0.2803 0.0677
vn -0.1536 -0.5530 0.8189
vn 0.9742 0.2241 0.0281
vn -0.5881 -0.5301 0.6108
vn 0.9781 0.1909 0.0825
vn -0.7712 -0.4649 0.4349
vn 0.9776 0.1497 0.1479
vn -0.8544 -0.4116 0.3172
vn 0.9679 0.0934 0.2335
vn -0.8989 -0.3703 0.2341
vn 0.9343 0.0077 0.3565
vn -0.9261 -0.3368 0.1700
vn 0.8264 -0.1381 0.5458
vn -0.9444 -0.3075 0.1163
vn -0.8670 -0.3580 0.3467
vn 0.9536 0.1465 0.2630
vn -0.9078 -0.3333 0.2546
vn 0.9133 0.0840 0.3985
vn -0.9321 -0.3123 0.1836
vn 0.7951 -0.0262 0.6059
vn -0.9479 -0.2936 0.1241
vn 0.4425 -0.2189 0.8696
vn 0.9661 0.2577 -0.0182
vn -0.9587 -0.2757 0.0703
vn -0.1912 -0.3945 0.8988
vn 0.9706 0.2381 0.0359
vn -0.6137 -0.4166 0.6706
vn 0.9718 0.2153 0.0961
vn -0.7889 -0.3877 0.4768
vn 0.9679 0.1865 0.1684
vn -0.9599 -0.2708 0.0718
vn -0.2334 -0.2272 0.9455
vn 0.9666 0.2531 0.0406
vn -0.6432 -0.2959 0.7062
vn 0.9648 0.2415 0.1044
vn -0.8093 -0.3051 0.5019
vn 0.9572 0.2261 0.1809
vn -0.8814 -0.3006 0.3645
vn 0.9379 0.2036 0.2808
vn -0.9179 -0.2935 0.2671
vn 0.8904 0.1660 0.4238
vn -0.9388 -0.2860 0.1918
vn 0.7613 0.0933 0.6416
vn -0.9518 -0.2785 0.1288
vn 0.3965 -0.0526 0.9165
vn 0.9648 0.2625 -0.0166
vn -0.9289 -0.2524 0.2709
vn 0.8666 0.2505 0.4315
vn -0.9461 -0.2589 0.1944
vn 0.7265 0.2163 0.6523
vn -0.9560 -0.2630 0.1303
vn 0.3490 0.1174 0.9298
vn 0.9634 0.2676 -0.0162
vn -0.9613 -0.2658 0.0723
vn -0.2790 -0.0567 0.9586
vn 0.9623 0.2686 0.0421
vn -0.6757 -0.1723 0.7167
vn 0.9573 0.2686 0.1069
vn -0.8318 -0.2202 0.5096
vn 0.9458 0.2671 0.1848
vn -0.8971 -0.2414 0.3699
vn 0.9215 0.2625 0.2863
vn 0.9580 0.2840 0.0403
vn -0.7103 -0.0500 0.7021
vn 0.9497 0.2955 0.1037
vn -0.8555 -0.1361 0.4995
vn 0.9343 0.3078 0.1799
vn -0.9137 -0.1828 0.3629
vn 0.9049 0.3212 0.2794
vn -0.9404 -0.2117 0.2660
vn 0.8429 0.3345 0.4215
vn -0.9537 -0.2320 0.1912
vn 0.6919 0.3386 0.6377
vn -0.9603 -0.2476 0.1284
vn 0.3013 0.2860 0.9096
vn 0.9620 0.2726 -0.0168
vn -0.9627 -0.2608 0.0717
vn -0.3267 0.1120 0.9385
vn 0.8200 0.4151 0.3940
vn -0.9614 -0.2063 0.1823
vn 0.6588 0.4561 0.5983
vn -0.9646 -0.2329 0.1233
vn 0.2549 0.4485 0.8567
vn 0.9606 0.2774 -0.0184
vn -0.9641 -0.2560 0.0700
vn -0.3751 0.2739 0.8856
vn 0.9537 0.2987 0.0352
vn -0.7457 0.0668 0.6629
vn 0.9422 0.3212 0.0948
vn -0.8797 -0.0559 0.4722
vn 0.9231 0.3467 0.1665
vn -0.9305 -0.1269 0.3437
vn 0.8888 0.3773 0.2601
vn -0.9520 -0.1729 0.2527
vn -0.7807 0.1743 0.6001
vn 0.9352 0.3448 0.0806
vn -0.9034 0.0175 0.4284
vn 0.9126 0.3824 0.1451
vn -0.9467 -0.0758 0.3130
vn 0.8738 0.4287 0.2293
vn -0.9631 -0.1374 0.2313
vn 0.7988 0.4892 0.3501
vn -0.9687 -0.1828 0.1681
vn 0.6281 0.5647 0.5353
vn -0.9688 -0.2195 0.1152
vn 0.2112 0.5997 0.7719
vn 0.9593 0.2818 -0.0211
vn -0.9655 -0.2516 0.0674
vn -0.4225 0.4241 0.8010
vn 0.9497 0.3121 0.0270
vn -0.9754 -0.1625 0.1492
vn 0.6008 0.6604 0.4505
vn -0.9726 -0.2079 0.1044
vn 0.1712 0.7342 0.6569
vn 0.9580 0.2856 -0.0246
vn -0.9667 -0.2478 0.0639
vn -0.4674 0.5573 0.6863
vn 0.9460 0.3238 0.0162
vn -0.8138 0.2684 0.5155
vn 0.9289 0.3652 0.0617
vn -0.9256 0.0814 0.3697
vn 0.9031 0.4134 0.1164
vn -0.9618 -0.0314 0.2718
vn 0.8604 0.4736 0.1881
vn -0.9734 -0.1067 0.2026
vn 0.7799 0.5540 0.2913
vn 0.9234 0.3818 0.0386
vn -0.9452 0.1334 0.2980
vn 0.8950 0.4385 0.0816
vn -0.9751 0.0046 0.2218
vn 0.8490 0.5101 0.1380
vn -0.9824 -0.0817 0.1678
vn 0.7638 0.6070 0.2195
vn -0.9812 -0.1460 0.1262
vn 0.5776 0.7392 0.3464
vn -0.9759 -0.1985 0.0912
vn 0.1365 0.8465 0.5145
vn 0.9570 0.2886 -0.0289
vn -0.9678 -0.2447 0.0596
vn -0.5076 0.6680 0.5441
vn 0.9428 0.3332 0.0030
vn -0.8433 0.3454 0.4117
vn 0.5591 0.7975 0.2268
vn -0.9785 -0.1916 0.0762
vn 0.1084 0.9309 0.3489
vn 0.9562 0.2909 -0.0338
vn -0.9686 -0.2425 0.0547
vn -0.5410 0.7509 0.3788
vn 0.9403 0.3401 -0.0120
vn -0.8677 0.4021 0.2923
vn 0.9191 0.3938 0.0124
vn -0.9612 0.1713 0.2161
vn 0.8886 0.4568 0.0419
vn -0.9859 0.0307 0.1647
vn 0.8399 0.5367 0.0808
vn -0.9897 -0.0637 0.1282
vn 0.7510 0.6458 0.1374
vn -0.9859 -0.1341 0.1000
vn -0.9728 0.1935 0.1270
vn 0.8840 0.4676 -0.0011
vn -0.9936 0.0460 0.1028
vn 0.8334 0.5523 0.0188
vn -0.9949 -0.0531 0.0853
vn 0.7420 0.6687 0.0482
vn -0.9893 -0.1271 0.0716
vn 0.5458 0.8324 0.0960
vn -0.9804 -0.1877 0.0600
vn 0.0880 0.9822 0.1662
vn 0.9556 0.2922 -0.0390
vn -0.9692 -0.2412 0.0494
vn -0.5655 0.8011 0.1962
vn 0.9385 0.3441 -0.0282
vn -0.8854 0.4357 0.1618
vn 0.9160 0.4009 -0.0160
vn -0.9815 -0.1867 0.0432
vn 0.0763 0.9967 -0.0258
vn 0.9552 0.2925 -0.0445
vn -0.9696 -0.2409 0.0439
vn -0.5794 0.8150 0.0044
vn 0.9375 0.3451 -0.0450
vn -0.8954 0.4444 0.0253
vn 0.9142 0.4026 -0.0454
vn -0.9794 0.1991 0.0343
vn 0.8814 0.4702 -0.0457
vn -0.9980 0.0498 0.0384
vn 0.8297 0.5563 -0.0456
vn -0.9979 -0.0505 0.0407
vn 0.7368 0.6747 -0.0446
vn -0.9912 -0.1254 0.0421
vn 0.5383 0.8418 -0.0405
vn -0.8474 -0.1764 -0.5009
vn 0.0497 0.9946 -0.0907
vn 0.8258 0.3099 0.4712
vn -0.8384 -0.2449 -0.4870
vn -0.4064 0.8426 -0.3534
vn 0.8087 0.3757 0.4527
vn -0.6885 0.5350 -0.4897
vn 0.7850 0.4465 0.4294
vn -0.7998 0.2858 -0.5279
vn 0.7503 0.5277 0.3981
vn -0.8393 0.1151 -0.5314
vn 0.6952 0.6266 0.3521
vn -0.8516 -0.0062 -0.5242
vn 0.5983 0.7518 0.2771
vn -0.8524 -0.0993 -0.5134
vn 0.4096 0.9010 0.1426
vn 0.6554 0.7309 0.1902
vn -0.8333 -0.1063 -0.5425
vn 0.4886 0.8722 0.0223
vn -0.8364 -0.1804 -0.5175
vn 0.1507 0.9578 -0.2447
vn 0.8293 0.3086 0.4658
vn -0.8348 -0.2462 -0.4924
vn -0.3055 0.8057 -0.5074
vn 0.8196 0.3716 0.4360
vn -0.6097 0.5061 -0.6101
vn 0.8041 0.4395 0.4004
vn -0.7428 0.2649 -0.6149
vn 0.7790 0.5172 0.3545
vn -0.7985 0.1001 -0.5936
vn 0.7360 0.6117 0.2900
vn -0.8229 -0.0168 -0.5679
vn -0.5286 0.4507 -0.7193
vn 0.8237 0.4261 0.3740
vn -0.6842 0.2248 -0.6938
vn 0.8085 0.4971 0.3149
vn -0.7566 0.0715 -0.6499
vn 0.7781 0.5831 0.2337
vn -0.7935 -0.0369 -0.6075
vn 0.7142 0.6910 0.1115
vn -0.8137 -0.1197 -0.5688
vn 0.5701 0.8170 -0.0867
vn -0.8252 -0.1881 -0.5327
vn 0.2548 0.8873 -0.3844
vn 0.8330 0.3061 0.4609
vn -0.8311 -0.2487 -0.4973
vn -0.2017 0.7351 -0.6472
vn 0.8309 0.3639 0.4209
vn -0.7943 -0.1390 -0.5914
vn 0.6509 0.7374 -0.1804
vn -0.8140 -0.1992 -0.5457
vn 0.3581 0.7857 -0.5044
vn 0.8367 0.3024 0.4566
vn -0.8275 -0.2523 -0.5016
vn -0.0988 0.6334 -0.7675
vn 0.8421 0.3529 0.4079
vn -0.4483 0.3710 -0.8132
vn 0.8432 0.4068 0.3514
vn -0.6262 0.1671 -0.7615
vn 0.8378 0.4681 0.2810
vn -0.7151 0.0302 -0.6983
vn 0.8197 0.5419 0.1855
vn -0.7643 -0.0659 -0.6415
vn 0.7726 0.6334 0.0439
vn -0.5710 0.0941 -0.8155
vn 0.8657 0.4314 0.2540
vn -0.6757 -0.0220 -0.7369
vn 0.8594 0.4897 0.1470
vn -0.7365 -0.1026 -0.6686
vn 0.8281 0.5605 -0.0099
vn -0.7758 -0.1635 -0.6094
vn 0.7279 0.6365 -0.2550
vn -0.8034 -0.2132 -0.5560
vn 0.4566 0.6566 -0.6003
vn 0.8401 0.2979 0.4533
vn -0.8240 -0.2569 -0.5050
vn -0.0006 0.5042 -0.8636
vn 0.8527 0.3388 0.3976
vn -0.3718 0.2700 -0.8882
vn 0.8617 0.3824 0.3334
vn -0.7937 -0.2297 -0.5633
vn 0.5464 0.5050 -0.6681
vn 0.8433 0.2925 0.4509
vn -0.8209 -0.2622 -0.5073
vn 0.0888 0.3525 -0.9316
vn 0.8624 0.3224 0.3903
vn -0.3021 0.1514 -0.9412
vn 0.8786 0.3537 0.3208
vn -0.5207 0.0084 -0.8537
vn 0.8910 0.3884 0.2349
vn -0.6397 -0.0832 -0.7641
vn 0.8955 0.4285 0.1199
vn -0.7112 -0.1457 -0.6877
vn 0.8787 0.4749 -0.0479
vn -0.7589 -0.1922 -0.6222
vn 0.7981 0.5181 -0.3077
vn 0.9130 0.3407 0.2245
vn -0.6087 -0.1511 -0.7789
vn 0.9267 0.3607 0.1052
vn -0.6894 -0.1934 -0.6981
vn 0.9225 0.3800 -0.0685
vn -0.7444 -0.2239 -0.6291
vn 0.8587 0.3867 -0.3364
vn -0.7854 -0.2479 -0.5672
vn 0.6240 0.3367 -0.7051
vn 0.8460 0.2865 0.4496
vn -0.8181 -0.2682 -0.5086
vn 0.1662 0.1841 -0.9688
vn 0.8708 0.3042 0.3863
vn -0.2419 0.0198 -0.9701
vn 0.8932 0.3220 0.3139
vn -0.4773 -0.0866 -0.8745
vn 0.6864 0.1581 -0.7099
vn 0.8482 0.2803 0.4495
vn -0.8160 -0.2745 -0.5088
vn 0.2284 0.0054 -0.9735
vn 0.8775 0.2849 0.3859
vn -0.1934 -0.1197 -0.9738
vn 0.9049 0.2883 0.3130
vn -0.4423 -0.1873 -0.8771
vn 0.9306 0.2902 0.2233
vn -0.5837 -0.2230 -0.7807
vn 0.9518 0.2888 0.1034
vn -0.6718 -0.2440 -0.6994
vn 0.9576 0.2794 -0.0711
vn -0.7327 -0.2576 -0.6299
vn 0.9074 0.2473 -0.3400
vn -0.7786 -0.2672 -0.5677
vn -0.5658 -0.2962 -0.7695
vn 0.9697 0.2156 0.1146
vn -0.6592 -0.2954 -0.6915
vn 0.9827 0.1769 -0.0554
vn -0.7243 -0.2918 -0.6247
vn 0.9421 0.1053 -0.3182
vn -0.7738 -0.2869 -0.5647
vn 0.7310 -0.0238 -0.6820
vn 0.8498 0.2739 0.4504
vn -0.8144 -0.2809 -0.5078
vn 0.2730 -0.1765 -0.9457
vn 0.8823 0.2652 0.3889
vn -0.1586 -0.2616 -0.9520
vn 0.9133 0.2541 0.3183
vn -0.4172 -0.2897 -0.8614
vn 0.9432 0.2388 0.2312
vn 0.8507 0.2676 0.4525
vn -0.8135 -0.2872 -0.5057
vn 0.2982 -0.3543 -0.8863
vn 0.8850 0.2460 0.3953
vn -0.1389 -0.4004 -0.9057
vn 0.9181 0.2206 0.3294
vn -0.4029 -0.3899 -0.8280
vn 0.9503 0.1884 0.2479
vn -0.5556 -0.3678 -0.7457
vn 0.9799 0.1440 0.1384
vn -0.6521 -0.3457 -0.6748
vn 0.9968 0.0767 -0.0221
vn -0.7195 -0.3253 -0.6135
vn 0.9617 -0.0336 -0.2720
vn -0.7711 -0.3061 -0.5583
vn 0.7560 -0.2017 -0.6227
vn 0.9818 0.0767 0.1738
vn -0.6506 -0.3930 -0.6498
vn 0.9995 -0.0176 0.0276
vn -0.7186 -0.3568 -0.5969
vn 0.9653 -0.1641 -0.2032
vn -0.7705 -0.3242 -0.5488
vn 0.7606 -0.3688 -0.5343
vn 0.8509 0.2617 0.4556
vn -0.8133 -0.2931 -0.5026
vn 0.3030 -0.5213 -0.7977
vn 0.8856 0.2279 0.4048
vn -0.1349 -0.5308 -0.8367
vn 0.9190 0.1891 0.3460
vn -0.4000 -0.4841 -0.7782
vn 0.9517 0.1411 0.2728
vn -0.5535 -0.4351 -0.7102
vn 0.2875 -0.6709 -0.6836
vn 0.8839 0.2117 0.4171
vn -0.1469 -0.6477 -0.7476
vn 0.9161 0.1608 0.3674
vn -0.4086 -0.5685 -0.7140
vn 0.9473 0.0986 0.3049
vn -0.5596 -0.4955 -0.6643
vn 0.9755 0.0162 0.2196
vn -0.6549 -0.4355 -0.6176
vn 0.9905 -0.1021 0.0916
vn -0.7215 -0.3851 -0.5755
vn 0.9528 -0.2811 -0.1144
vn -0.7722 -0.3404 -0.5365
vn 0.7447 -0.5185 -0.4203
vn 0.8503 0.2564 0.4596
vn -0.8139 -0.2984 -0.4986
vn -0.6649 -0.4715 -0.5794
vn 0.9704 -0.1737 0.1676
vn -0.7281 -0.4090 -0.5501
vn 0.9249 -0.3802 -0.0092
vn -0.7760 -0.3541 -0.5219
vn 0.7088 -0.6451 -0.2853
vn 0.8491 0.2519 0.4644
vn -0.8151 -0.3029 -0.4938
vn 0.2520 -0.7974 -0.5484
vn 0.8801 0.1979 0.4316
vn -0.1743 -0.7466 -0.6421
vn 0.9094 0.1368 0.3928
vn -0.4284 -0.6400 -0.6379
vn 0.9372 0.0626 0.3431
vn -0.5737 -0.5466 -0.6100
vn 0.9611 -0.0350 0.2738
vn -0.2161 -0.8238 -0.5241
vn 0.8992 0.1181 0.4212
vn -0.4585 -0.6959 -0.5527
vn 0.9219 0.0345 0.3858
vn -0.5953 -0.5866 -0.5491
vn 0.9394 -0.0750 0.3345
vn -0.6800 -0.4996 -0.5366
vn 0.9399 -0.2297 0.2525
vn -0.7382 -0.4277 -0.5216
vn 0.8826 -0.4575 0.1085
vn -0.7818 -0.3649 -0.5056
vn 0.6547 -0.7438 -0.1345
vn 0.8472 0.2484 0.4697
vn -0.8170 -0.3064 -0.4885
vn 0.1982 -0.8960 -0.3974
vn 0.8742 0.1872 0.4480
vn -0.7514 -0.4405 -0.4913
vn 0.8276 -0.5103 0.2341
vn -0.7894 -0.3722 -0.4882
vn 0.5844 -0.8111 0.0263
vn 0.8447 0.2460 0.4754
vn -0.8195 -0.3088 -0.4828
vn 0.1281 -0.9632 -0.2364
vn 0.8667 0.1798 0.4654
vn -0.2707 -0.8764 -0.3983
vn 0.8860 0.1053 0.4516
vn -0.4980 -0.7340 -0.4619
vn 0.9020 0.0153 0.4314
vn -0.6235 -0.6138 -0.4842
vn 0.9111 -0.1023 0.3994
vn -0.6999 -0.5187 -0.4910
vn 0.9003 -0.2679 0.3432
vn 0.8702 0.0990 0.4827
vn -0.5452 -0.7528 -0.3688
vn 0.8783 0.0057 0.4781
vn -0.6572 -0.6274 -0.4177
vn 0.8773 -0.1158 0.4658
vn -0.7236 -0.5283 -0.4442
vn 0.8529 -0.2868 0.4362
vn -0.7672 -0.4469 -0.4601
vn 0.7620 -0.5364 0.3628
vn -0.7985 -0.3759 -0.4703
vn 0.5005 -0.8444 0.1910
vn 0.8417 0.2448 0.4812
vn -0.8224 -0.3100 -0.4770
vn 0.0444 -0.9964 -0.0717
vn 0.8576 0.1762 0.4832
vn -0.3361 -0.9025 -0.2695
vn 0.6885 -0.5350 0.4897
vn -0.8087 -0.3757 -0.4527
vn 0.4064 -0.8426 0.3534
vn 0.8384 0.2449 0.4869
vn -0.8258 -0.3099 -0.4712
vn -0.0497 -0.9946 0.0907
vn 0.8474 0.1764 0.5009
vn -0.4096 -0.9010 -0.1426
vn 0.8524 0.0993 0.5134
vn -0.5983 -0.7518 -0.2771
vn 0.8516 0.0062 0.5242
vn -0.6952 -0.6266 -0.3521
vn 0.8393 -0.1151 0.5314
vn -0.7503 -0.5277 -0.3981
vn 0.7998 -0.2858 0.5279
vn -0.7850 -0.4465 -0.4294
vn -0.6554 -0.7309 -0.1902
vn 0.8229 0.0168 0.5679
vn -0.7360 -0.6117 -0.2900
vn 0.7985 -0.1001 0.5936
vn -0.7790 -0.5172 -0.3545
vn 0.7428 -0.2649 0.6149
vn -0.8041 -0.4395 -0.4004
vn 0.6097 -0.5061 0.6101
vn -0.8196 -0.3716 -0.4360
vn 0.3055 -0.8057 0.5074
vn 0.8348 0.2462 0.4925
vn -0.8293 -0.3086 -0.4658
vn -0.1507 -0.9578 0.2447
vn 0.8364 0.1804 0.5176
vn -0.4886 -0.8722 -0.0223
vn 0.8333 0.1063 0.5424
vn -0.8309 -0.3639 -0.4209
vn 0.2017 -0.7351 0.6472
vn 0.8312 0.2487 0.4973
vn -0.8330 -0.3061 -0.4609
vn -0.2548 -0.8873 0.3844
vn 0.8252 0.1881 0.5327
vn -0.5701 -0.8170 0.0867
vn 0.8137 0.1197 0.5688
vn -0.7142 -0.6910 -0.1115
vn 0.7935 0.0369 0.6075
vn -0.7781 -0.5831 -0.2337
vn 0.7566 -0.0715 0.6499
vn -0.8085 -0.4971 -0.3149
vn 0.6842 -0.2248 0.6937
vn -0.8237 -0.4261 -0.3740
vn 0.5286 -0.4507 0.7193
vn 0.7643 0.0659 0.6415
vn -0.8197 -0.5419 -0.1855
vn 0.7152 -0.0302 0.6983
vn -0.8378 -0.4681 -0.2810
vn 0.6262 -0.1671 0.7615
vn -0.8432 -0.4068 -0.3514
vn 0.4483 -0.3710 0.8132
vn -0.8421 -0.3529 -0.4079
vn 0.0987 -0.6334 0.7675
vn 0.8275 0.2523 0.5016
vn -0.8367 -0.3024 -0.4566
vn -0.3581 -0.7857 0.5045
vn 0.8140 0.1992 0.5457
vn -0.6509 -0.7374 0.1804
vn 0.7943 0.1391 0.5914
vn -0.7726 -0.6334 -0.0439
vn 0.0006 -0.5042 0.8636
vn 0.8240 0.2569 0.5049
vn -0.8401 -0.2979 -0.4533
vn -0.4566 -0.6566 0.6003
vn 0.8034 0.2132 0.5560
vn -0.7279 -0.6365 0.2550
vn 0.7758 0.1635 0.6094
vn -0.8281 -0.5605 0.0099
vn 0.7365 0.1026 0.6686
vn -0.8594 -0.4897 -0.1470
vn 0.6757 0.0220 0.7369
vn -0.8657 -0.4314 -0.2540
vn 0.5710 -0.0941 0.8155
vn -0.8618 -0.3824 -0.3334
vn 0.3718 -0.2700 0.8882
vn -0.8527 -0.3388 -0.3976
vn -0.8955 -0.4285 -0.1199
vn 0.6397 0.0832 0.7641
vn -0.8910 -0.3884 -0.2349
vn 0.5207 -0.0084 0.8537
vn -0.8786 -0.3537 -0.3208
vn 0.3021 -0.1514 0.9412
vn -0.8624 -0.3224 -0.3903
vn -0.0888 -0.3525 0.9316
vn 0.8209 0.2622 0.5073
vn -0.8433 -0.2925 -0.4509
vn -0.5464 -0.5050 0.6681
vn 0.7937 0.2297 0.5633
vn -0.7981 -0.5181 0.3077
vn 0.7589 0.1922 0.6222
vn -0.8787 -0.4749 0.0479
vn 0.7112 0.1457 0.6877
vn -0.8460 -0.2866 -0.4496
vn -0.6240 -0.3367 0.7052
vn 0.7854 0.2479 0.5673
vn -0.8587 -0.3867 0.3364
vn 0.7444 0.2239 0.6291
vn -0.9225 -0.3800 0.0685
vn 0.6894 0.1934 0.6981
vn -0.9267 -0.3607 -0.1052
vn 0.6087 0.1511 0.7789
vn -0.9130 -0.3407 -0.2245
vn 0.4773 0.0866 0.8745
vn -0.8932 -0.3220 -0.3139
vn 0.2419 -0.0198 0.9701
vn -0.8708 -0.3042 -0.3863
vn -0.1662 -0.1841 0.9688
vn 0.8181 0.2682 0.5086
vn -0.9306 -0.2902 -0.2233
vn 0.4423 0.1873 0.8771
vn -0.9049 -0.2883 -0.3130
vn 0.1934 0.1197 0.9738
vn -0.8775 -0.2849 -0.3859
vn -0.2284 -0.0054 0.9735
vn 0.8160 0.2745 0.5088
vn -0.8482 -0.2802 -0.4494
vn -0.6864 -0.1581 0.7099
vn 0.7786 0.2672 0.5677
vn -0.9074 -0.2473 0.3400
vn 0.7327 0.2576 0.6299
vn -0.9576 -0.2794 0.0711
vn 0.6718 0.2440 0.6994
vn -0.9518 -0.2888 -0.1034
vn 0.5837 0.2230 0.7807
vn 0.7738 0.2869 0.5647
vn -0.9421 -0.1053 0.3182
vn 0.7243 0.2918 0.6247
vn -0.9827 -0.1769 0.0554
vn 0.6592 0.2954 0.6915
vn -0.9697 -0.2156 -0.1146
vn 0.5658 0.2962 0.7695
vn -0.9432 -0.2388 -0.2312
vn 0.4172 0.2897 0.8614
vn -0.9133 -0.2541 -0.3183
vn 0.1586 0.2616 0.9520
vn -0.8823 -0.2652 -0.3889
vn -0.2730 0.1765 0.9457
vn 0.8144 0.2809 0.5078
vn -0.8498 -0.2739 -0.4504
vn -0.7310 0.0238 0.6820
vn 0.4029 0.3899 0.8280
vn -0.9181 -0.2206 -0.3294
vn 0.1389 0.4005 0.9057
vn -0.8850 -0.2460 -0.3953
vn -0.2982 0.3544 0.8863
vn 0.8135 0.2871 0.5057
vn -0.8507 -0.2676 -0.4525
vn -0.7560 0.2017 0.6227
vn 0.7711 0.3061 0.5583
vn -0.9617 0.0336 0.2720
vn 0.7195 0.3253 0.6135
vn -0.9968 -0.0767 0.0221
vn 0.6521 0.3457 0.6748
vn -0.9799 -0.1440 -0.1384
vn 0.5555 0.3678 0.7457
vn -0.9503 -0.1884 -0.2479
vn -0.9653 0.1641 0.2032
vn 0.7186 0.3568 0.5969
vn -0.9995 0.0176 -0.0276
vn 0.6506 0.3930 0.6498
vn -0.9818 -0.0767 -0.1738
vn 0.5535 0.4351 0.7102
vn -0.9517 -0.1411 -0.2728
vn 0.4000 0.4841 0.7782
vn -0.9190 -0.1891 -0.3460
vn 0.1349 0.5308 0.8367
vn -0.8856 -0.2279 -0.4048
vn -0.3031 0.5213 0.7977
vn 0.8133 0.2931 0.5026
vn -0.8509 -0.2617 -0.4556
vn -0.7606 0.3688 0.5343
vn 0.7705 0.3242 0.5488
vn -0.9161 -0.1608 -0.3674
vn 0.1469 0.6477 0.7476
vn -0.8839 -0.2117 -0.4171
vn -0.2874 0.6709 0.6836
vn 0.8139 0.2984 0.4986
vn -0.8503 -0.2564 -0.4596
vn -0.7447 0.5185 0.4203
vn 0.7722 0.3404 0.5365
vn -0.9528 0.2811 0.1144
vn 0.7215 0.3851 0.5755
vn -0.9905 0.1021 -0.0916
vn 0.6549 0.4355 0.6176
vn -0.9755 -0.0162 -0.2196
vn 0.5596 0.4955 0.6643
vn -0.9473 -0.0986 -0.3049
vn 0.4086 0.5685 0.7140
vn 0.7281 0.4090 0.5501
vn -0.9704 0.1737 -0.1675
vn 0.6649 0.4714 0.5794
vn -0.9611 0.0350 -0.2738
vn 0.5737 0.5466 0.6100
vn -0.9372 -0.0626 -0.3431
vn 0.4284 0.6400 0.6379
vn -0.9094 -0.1368 -0.3928
vn 0.1743 0.7466 0.6421
vn -0.8801 -0.1979 -0.4316
vn -0.2520 0.7974 0.5484
vn 0.8151 0.3029 0.4938
vn -0.8491 -0.2519 -0.4644
vn -0.7089 0.6451 0.2853
vn 0.7760 0.3541 0.5219
vn -0.9249 0.3802 0.0092
vn 0.2161 0.8238 0.5241
vn -0.8742 -0.1872 -0.4480
vn -0.1982 0.8960 0.3974
vn 0.8170 0.3064 0.4885
vn -0.8472 -0.2484 -0.4697
vn -0.6547 0.7438 0.1345
vn 0.7818 0.3649 0.5056
vn -0.8826 0.4575 -0.1085
vn 0.7382 0.4277 0.5216
vn -0.9399 0.2297 -0.2525
vn 0.6800 0.4996 0.5366
vn -0.9394 0.0750 -0.3345
vn 0.5953 0.5866 0.5491
vn -0.9219 -0.0345 -0.3858
vn 0.4585 0.6959 0.5527
vn -0.8992 -0.1181 -0.4212
vn -0.9003 0.2679 -0.3432
vn 0.6999 0.5187 0.4910
vn -0.9111 0.1023 -0.3994
vn 0.6235 0.6138 0.4842
vn -0.9020 -0.0153 -0.4314
vn 0.4980 0.7340 0.4619
vn -0.8860 -0.1053 -0.4516
vn 0.2708 0.8764 0.3983
vn -0.8667 -0.1798 -0.4654
vn -0.1281 0.9632 0.2364
vn 0.8195 0.3087 0.4828
vn -0.8447 -0.2460 -0.4754
vn -0.5844 0.8111 -0.0263
vn 0.7894 0.3722 0.4882
vn -0.8276 0.5103 -0.2341
vn 0.7514 0.4405 0.4913
vn -0.8576 -0.1762 -0.4832
vn -0.0444 0.9964 0.0717
vn 0.8224 0.3100 0.4770
vn -0.8417 -0.2448 -0.4812
vn -0.5005 0.8444 -0.1910
vn 0.7985 0.3759 0.4703
vn -0.7620 0.5364 -0.3628
vn 0.7672 0.4468 0.4601
vn -0.8529 0.2868 -0.4362
vn 0.7236 0.5283 0.4442
vn -0.8772 0.1158 -0.4659
vn 0.6572 0.6274 0.4177
vn -0.8783 -0.0057 -0.4781
vn 0.5452 0.7528 0.3688
vn -0.8702 -0.0990 -0.4827
vn 0.3361 0.9024 0.2695
vn -0.9591 0.2339 -0.1591
vn 0.6281 0.7728 -0.0907
vn 0.9762 -0.1606 0.1456
vn -0.9686 0.1967 -0.1523
vn -0.2652 0.9370 -0.2276
vn 0.9827 -0.1229 0.1384
vn -0.7150 0.6631 -0.2214
vn 0.9882 -0.0803 0.1301
vn -0.8475 0.4914 -0.2005
vn 0.9924 -0.0279 0.1195
vn -0.9012 0.3917 -0.1856
vn 0.9936 0.0435 0.1046
vn -0.9293 0.3252 -0.1749
vn 0.9847 0.1547 0.0802
vn -0.9469 0.2753 -0.1664
vn 0.9323 0.3604 0.0309
vn 0.9907 0.1350 0.0144
vn -0.9449 0.2693 -0.1862
vn 0.9415 0.3290 -0.0732
vn -0.9580 0.2306 -0.1704
vn 0.6433 0.7186 -0.2640
vn 0.9766 -0.1617 0.1419
vn -0.9682 0.1956 -0.1560
vn -0.2473 0.8823 -0.4004
vn 0.9838 -0.1263 0.1271
vn -0.7040 0.6314 -0.3253
vn 0.9902 -0.0862 0.1102
vn -0.8407 0.4716 -0.2661
vn 0.9953 -0.0370 0.0893
vn -0.8966 0.3784 -0.2299
vn 0.9977 0.0303 0.0603
vn -0.9263 0.3162 -0.2051
vn -0.6969 0.5807 -0.4209
vn 0.9912 -0.0957 0.0918
vn -0.8365 0.4399 -0.3268
vn 0.9968 -0.0514 0.0612
vn -0.8939 0.3572 -0.2708
vn 0.9998 0.0092 0.0193
vn -0.9245 0.3017 -0.2331
vn 0.9935 0.1037 -0.0465
vn -0.9437 0.2599 -0.2046
vn 0.9453 0.2789 -0.1693
vn -0.9574 0.2252 -0.1808
vn 0.6492 0.6326 -0.4224
vn 0.9768 -0.1635 0.1385
vn -0.9680 0.1939 -0.1594
vn -0.2366 0.7953 -0.5581
vn 0.9844 -0.1317 0.1166
vn -0.9435 0.2473 -0.2208
vn 0.9437 0.2124 -0.2536
vn -0.9573 0.2180 -0.1901
vn 0.6460 0.5193 -0.5594
vn 0.9768 -0.1658 0.1355
vn -0.9680 0.1916 -0.1624
vn -0.2334 0.6809 -0.6942
vn 0.9845 -0.1388 0.1074
vn -0.6942 0.5134 -0.5045
vn 0.9912 -0.1083 0.0756
vn -0.8350 0.3978 -0.3801
vn 0.9968 -0.0705 0.0365
vn -0.8931 0.3289 -0.3069
vn 0.9997 -0.0189 -0.0169
vn -0.9240 0.2824 -0.2578
vn 0.9931 0.0619 -0.1000
vn -0.8366 0.3469 -0.4240
vn 0.9955 -0.0938 0.0160
vn -0.8943 0.2947 -0.3367
vn 0.9975 -0.0529 -0.0468
vn -0.9249 0.2591 -0.2782
vn 0.9895 0.0114 -0.1443
vn -0.9441 0.2320 -0.2342
vn 0.9372 0.1323 -0.3228
vn -0.9577 0.2093 -0.1977
vn 0.6347 0.3845 -0.6703
vn 0.9767 -0.1686 0.1330
vn -0.9681 0.1887 -0.1649
vn -0.2381 0.5449 -0.8040
vn 0.9840 -0.1475 0.0997
vn -0.6962 0.4324 -0.5730
vn 0.9904 -0.1235 0.0622
vn -0.9586 0.1994 -0.2035
vn 0.6164 0.2342 -0.7518
vn 0.9764 -0.1718 0.1312
vn -0.9684 0.1855 -0.1668
vn -0.2504 0.3935 -0.8846
vn 0.9831 -0.1574 0.0940
vn -0.7029 0.3412 -0.6241
vn 0.9887 -0.1409 0.0520
vn -0.8411 0.2893 -0.4570
vn 0.9927 -0.1202 0.0006
vn -0.8975 0.2559 -0.3591
vn 0.9934 -0.0916 -0.0694
vn -0.9272 0.2326 -0.2936
vn 0.9830 -0.0459 -0.1776
vn -0.9457 0.2146 -0.2443
vn 0.9263 0.0418 -0.3745
vn 0.9888 -0.1488 -0.0092
vn -0.9027 0.2140 -0.3732
vn 0.9875 -0.1333 -0.0837
vn -0.9308 0.2040 -0.3033
vn 0.9741 -0.1078 -0.1986
vn -0.9481 0.1958 -0.2507
vn 0.9117 -0.0555 -0.4071
vn -0.9599 0.1887 -0.2071
vn 0.5923 0.0741 -0.8023
vn 0.9759 -0.1753 0.1300
vn -0.9688 0.1820 -0.1680
vn -0.2699 0.2325 -0.9344
vn 0.9816 -0.1681 0.0903
vn -0.7143 0.2433 -0.6562
vn 0.9861 -0.1596 0.0456
vn -0.8486 0.2272 -0.4778
vn 0.5637 -0.0904 -0.8210
vn 0.9753 -0.1789 0.1295
vn -0.9694 0.1784 -0.1684
vn -0.2961 0.0676 -0.9527
vn 0.9798 -0.1792 0.0889
vn -0.7301 0.1422 -0.6684
vn 0.9829 -0.1791 0.0431
vn -0.8587 0.1629 -0.4858
vn 0.9839 -0.1784 -0.0130
vn -0.9097 0.1706 -0.3787
vn 0.9802 -0.1767 -0.0892
vn -0.9356 0.1743 -0.3071
vn 0.9632 -0.1719 -0.2067
vn -0.9512 0.1764 -0.2532
vn 0.8942 -0.1563 -0.4196
vn -0.9617 0.1776 -0.2086
vn -0.9181 0.1274 -0.3753
vn 0.9717 -0.2199 -0.0857
vn -0.9414 0.1447 -0.3047
vn 0.9506 -0.2359 -0.2016
vn -0.9550 0.1569 -0.2516
vn 0.8745 -0.2568 -0.4115
vn -0.9639 0.1666 -0.2077
vn 0.5316 -0.2543 -0.8079
vn 0.9746 -0.1825 0.1298
vn -0.9701 0.1748 -0.1681
vn -0.3283 -0.0963 -0.9397
vn 0.9776 -0.1902 0.0898
vn -0.7498 0.0417 -0.6604
vn 0.9791 -0.1985 0.0447
vn -0.8713 0.0989 -0.4807
vn 0.9781 -0.2080 -0.0106
vn 0.9738 -0.1860 0.1308
vn -0.9709 0.1714 -0.1671
vn -0.3653 -0.2542 -0.8955
vn 0.9752 -0.2008 0.0929
vn -0.7727 -0.0547 -0.6324
vn 0.9749 -0.2171 0.0502
vn -0.8857 0.0376 -0.4627
vn 0.9717 -0.2364 -0.0022
vn -0.9278 0.0860 -0.3630
vn 0.9624 -0.2614 -0.0734
vn -0.9480 0.1164 -0.2963
vn 0.9370 -0.2973 -0.1835
vn -0.9593 0.1383 -0.2461
vn 0.8533 -0.3535 -0.3833
vn -0.9664 0.1560 -0.2045
vn 0.4969 -0.4126 -0.7634
vn 0.9526 -0.2996 -0.0528
vn -0.9551 0.0903 -0.2822
vn 0.9227 -0.3540 -0.1529
vn -0.9640 0.1213 -0.2368
vn 0.8312 -0.4430 -0.3358
vn -0.9690 0.1462 -0.1992
vn 0.4607 -0.5603 -0.6883
vn 0.9730 -0.1891 0.1325
vn -0.9718 0.1682 -0.1654
vn -0.4061 -0.4011 -0.8211
vn 0.9726 -0.2106 0.0982
vn -0.7979 -0.1437 -0.5854
vn 0.9704 -0.2342 0.0595
vn -0.9015 -0.0188 -0.4324
vn 0.9649 -0.2625 0.0119
vn -0.9383 0.0479 -0.3424
vn -0.4491 -0.5318 -0.7180
vn 0.9700 -0.2191 0.1055
vn -0.8244 -0.2218 -0.5207
vn 0.9658 -0.2492 0.0722
vn -0.9179 -0.0682 -0.3909
vn 0.9579 -0.2853 0.0313
vn -0.9492 0.0146 -0.3143
vn 0.9426 -0.3330 -0.0245
vn -0.9625 0.0676 -0.2629
vn 0.9081 -0.4037 -0.1111
vn -0.9687 0.1063 -0.2242
vn 0.8090 -0.5219 -0.2705
vn -0.9717 0.1377 -0.1920
vn 0.4237 -0.6922 -0.5843
vn 0.9721 -0.1919 0.1349
vn -0.9726 0.1655 -0.1630
vn -0.9697 0.0490 -0.2391
vn 0.8938 -0.4445 -0.0596
vn -0.9735 0.0942 -0.2086
vn 0.7870 -0.5870 -0.1897
vn -0.9744 0.1308 -0.1831
vn 0.3869 -0.8027 -0.4538
vn 0.9712 -0.1942 0.1378
vn -0.9735 0.1632 -0.1601
vn -0.4925 -0.6411 -0.5886
vn 0.9674 -0.2260 0.1144
vn -0.8509 -0.2860 -0.4406
vn 0.9612 -0.2614 0.0878
vn -0.9343 -0.1085 -0.3397
vn 0.9511 -0.3039 0.0551
vn -0.9600 -0.0125 -0.2796
vn 0.9328 -0.3604 0.0104
vn -0.8761 -0.3337 -0.3479
vn 0.9569 -0.2704 0.1058
vn -0.9498 -0.1384 -0.2806
vn 0.9446 -0.3177 0.0825
vn -0.9703 -0.0326 -0.2397
vn 0.9234 -0.3806 0.0504
vn -0.9767 0.0354 -0.2118
vn 0.8802 -0.4746 -0.0003
vn -0.9780 0.0852 -0.1906
vn 0.7661 -0.6355 -0.0963
vn -0.9769 0.1257 -0.1729
vn 0.3514 -0.8865 -0.3011
vn 0.9704 -0.1958 0.1411
vn -0.9743 0.1615 -0.1568
vn -0.5343 -0.7237 -0.4368
vn 0.9649 -0.2311 0.1246
vn -0.9820 0.0798 -0.1711
vn 0.7466 -0.6652 0.0062
vn -0.9792 0.1226 -0.1618
vn 0.3185 -0.9388 -0.1316
vn 0.9697 -0.1968 0.1447
vn -0.9751 0.1605 -0.1532
vn -0.5722 -0.7751 -0.2680
vn 0.9627 -0.2342 0.1357
vn -0.8988 -0.3628 -0.2459
vn 0.9530 -0.2758 0.1254
vn -0.9638 -0.1564 -0.2160
vn 0.9387 -0.3260 0.1123
vn -0.9796 -0.0447 -0.1961
vn 0.9148 -0.3928 0.0941
vn -0.9829 0.0271 -0.1820
vn 0.8677 -0.4930 0.0646
vn 0.9496 -0.2775 0.1458
vn -0.9756 -0.1619 -0.1483
vn 0.9335 -0.3285 0.1435
vn -0.9874 -0.0484 -0.1505
vn 0.9073 -0.3966 0.1398
vn -0.9882 0.0246 -0.1509
vn 0.8566 -0.4986 0.1324
vn -0.9855 0.0781 -0.1506
vn 0.7294 -0.6746 0.1136
vn -0.9812 0.1217 -0.1501
vn 0.2893 -0.9561 0.0474
vn 0.9691 -0.1971 0.1485
vn -0.9757 0.1602 -0.1494
vn -0.6041 -0.7919 -0.0895
vn 0.9607 -0.2352 0.1474
vn -0.9178 -0.3719 -0.1388
vn 0.7150 -0.6631 0.2214
vn -0.9827 0.1229 -0.1384
vn 0.2652 -0.9370 0.2276
vn 0.9686 -0.1967 0.1523
vn -0.9762 0.1606 -0.1456
vn -0.6281 -0.7728 0.0907
vn 0.9591 -0.2339 0.1591
vn -0.9323 -0.3604 -0.0309
vn 0.9469 -0.2753 0.1664
vn -0.9847 -0.1547 -0.0802
vn 0.9293 -0.3252 0.1749
vn -0.9936 -0.0435 -0.1046
vn 0.9012 -0.3917 0.1856
vn -0.9924 0.0279 -0.1195
vn 0.8475 -0.4914 0.2005
vn -0.9882 0.0803 -0.1301
vn -0.9907 -0.1350 -0.0144
vn 0.9263 -0.3162 0.2051
vn -0.9977 -0.0303 -0.0603
vn 0.8966 -0.3784 0.2299
vn -0.9953 0.0370 -0.0893
vn 0.8407 -0.4716 0.2662
vn -0.9902 0.0862 -0.1102
vn 0.7040 -0.6314 0.3253
vn -0.9838 0.1263 -0.1271
vn 0.2473 -0.8823 0.4004
vn 0.9682 -0.1956 0.1560
vn -0.9766 0.1617 -0.1419
vn -0.6433 -0.7187 0.2640
vn 0.9580 -0.2306 0.1704
vn -0.9415 -0.3290 0.0732
vn 0.9449 -0.2693 0.1862
vn -0.9844 0.1317 -0.1166
vn 0.2366 -0.7953 0.5581
vn 0.9680 -0.1939 0.1594
vn -0.9768 0.1635 -0.1385
vn -0.6492 -0.6326 0.4224
vn 0.9574 -0.2252 0.1808
vn -0.9453 -0.2789 0.1693
vn 0.9437 -0.2599 0.2046
vn -0.9935 -0.1037 0.0465
vn 0.9245 -0.3017 0.2331
vn -0.9998 -0.0092 -0.0193
vn 0.8939 -0.3572 0.2708
vn -0.9968 0.0514 -0.0612
vn 0.8365 -0.4399 0.3268
vn -0.9912 0.0957 -0.0918
vn 0.6969 -0.5807 0.4209
vn 0.9240 -0.2824 0.2578
vn -0.9997 0.0189 0.0169
vn 0.8931 -0.3289 0.3069
vn -0.9968 0.0705 -0.0365
vn 0.8350 -0.3978 0.3801
vn -0.9912 0.1083 -0.0756
vn 0.6942 -0.5134 0.5045
vn -0.9845 0.1388 -0.1074
vn 0.2334 -0.6809 0.6942
vn 0.9680 -0.1916 0.1624
vn -0.9768 0.1658 -0.1355
vn -0.6460 -0.5193 0.5594
vn 0.9573 -0.2180 0.1901
vn -0.9437 -0.2124 0.2536
vn 0.9435 -0.2473 0.2208
vn -0.9931 -0.0619 0.1000
vn 0.2381 -0.5449 0.8040
vn 0.9681 -0.1887 0.1649
vn -0.9767 0.1686 -0.1330
vn -0.6347 -0.3845 0.6703
vn 0.9577 -0.2093 0.1977
vn -0.9372 -0.1323 0.3228
vn 0.9441 -0.2320 0.2342
vn -0.9895 -0.0114 0.1443
vn 0.9249 -0.2591 0.2782
vn -0.9975 0.0529 0.0468
vn 0.8943 -0.2947 0.3367
vn -0.9955 0.0938 -0.0160
vn 0.8366 -0.3469 0.4240
vn -0.9904 0.1235 -0.0622
vn 0.6962 -0.4324 0.5730
vn -0.9840 0.1475 -0.0997
vn -0.9934 0.0916 0.0694
vn 0.8975 -0.2559 0.3591
vn -0.9927 0.1202 -0.0006
vn 0.8411 -0.2893 0.4570
vn -0.9887 0.1409 -0.0520
vn 0.7029 -0.3412 0.6241
vn -0.9831 0.1574 -0.0940
vn 0.2504 -0.3935 0.8846
vn 0.9684 -0.1855 0.1668
vn -0.9764 0.1719 -0.1312
vn -0.6164 -0.2342 0.7518
vn 0.9586 -0.1994 0.2035
vn -0.9263 -0.0418 0.3745
vn 0.9457 -0.2146 0.2443
vn -0.9830 0.0459 0.1776
vn 0.9272 -0.2326 0.2936
vn -0.9759 0.1753 -0.1300
vn -0.5923 -0.0741 0.8023
vn 0.9599 -0.1887 0.2071
vn -0.9117 0.0555 0.4071
vn 0.9481 -0.1958 0.2507
vn -0.9741 0.1078 0.1986
vn 0.9308 -0.2040 0.3033
vn -0.9875 0.1333 0.0837
vn 0.9027 -0.2140 0.3732
vn -0.9888 0.1488 0.0092
vn 0.8486 -0.2272 0.4778
vn -0.9861 0.1596 -0.0456
vn 0.7143 -0.2433 0.6562
vn -0.9816 0.1681 -0.0903
vn 0.2699 -0.2325 0.9344
vn 0.9688 -0.1820 0.1680
vn -0.9839 0.1784 0.0130
vn 0.8587 -0.1629 0.4858
vn -0.9829 0.1791 -0.0431
vn 0.7301 -0.1422 0.6684
vn -0.9798 0.1792 -0.0889
vn 0.2961 -0.0676 0.9528
vn 0.9694 -0.1784 0.1684
vn -0.9753 0.1789 -0.1295
vn -0.5637 0.0904 0.8210
vn 0.9617 -0.1776 0.2086
vn -0.8942 0.1563 0.4196
vn 0.9512 -0.1764 0.2532
vn -0.9632 0.1719 0.2067
vn 0.9356 -0.1743 0.3071
vn -0.9802 0.1767 0.0892
vn 0.9097 -0.1706 0.3787
vn 0.9639 -0.1666 0.2077
vn -0.8745 0.2568 0.4115
vn 0.9550 -0.1569 0.2516
vn -0.9506 0.2359 0.2016
vn 0.9414 -0.1447 0.3047
vn -0.9717 0.2199 0.0857
vn 0.9181 -0.1274 0.3753
vn -0.9781 0.2080 0.0106
vn 0.8713 -0.0989 0.4807
vn -0.9791 0.1985 -0.0447
vn 0.7498 -0.0417 0.6604
vn -0.9776 0.1902 -0.0898
vn 0.3283 0.0963 0.9397
vn 0.9701 -0.1748 0.1681
vn -0.9746 0.1825 -0.1298
vn -0.5315 0.2543 0.8079
vn 0.8857 -0.0376 0.4627
vn -0.9749 0.2171 -0.0502
vn 0.7727 0.0547 0.6324
vn -0.9752 0.2008 -0.0929
vn 0.3653 0.2542 0.8955
vn 0.9709 -0.1714 0.1671
vn -0.9738 0.1860 -0.1308
vn -0.4969 0.4126 0.7634
vn 0.9664 -0.1560 0.2045
vn -0.8533 0.3535 0.3833
vn 0.9593 -0.1383 0.2461
vn -0.9370 0.2973 0.1835
vn 0.9480 -0.1164 0.2963
vn -0.9624 0.2614 0.0734
vn 0.9278 -0.0860 0.3630
vn -0.9717 0.2364 0.0022
vn -0.8312 0.4430 0.3358
vn 0.9640 -0.1213 0.2368
vn -0.9227 0.3540 0.1529
vn 0.9551 -0.0903 0.2822
vn -0.9526 0.2996 0.0528
vn 0.9383 -0.0479 0.3424
vn -0.9649 0.2625 -0.0119
vn 0.9015 0.0188 0.4324
vn -0.9704 0.2342 -0.0595
vn 0.7979 0.1437 0.5854
vn -0.9726 0.2106 -0.0982
vn 0.4061 0.4011 0.8211
vn 0.9718 -0.1682 0.1654
vn -0.9730 0.1891 -0.1325
vn -0.4607 0.5603 0.6883
vn 0.9690 -0.1462 0.1992
vn -0.9658 0.2492 -0.0722
vn 0.8244 0.2218 0.5207
vn -0.9700 0.2191 -0.1054
vn 0.4491 0.5318 0.7180
vn 0.9726 -0.1655 0.1630
vn -0.9721 0.1919 -0.1349
vn -0.4237 0.6922 0.5843
vn 0.9717 -0.1377 0.1920
vn -0.8090 0.5219 0.2705
vn 0.9687 -0.1063 0.2242
vn -0.9081 0.4037 0.1111
vn 0.9625 -0.0676 0.2629
vn -0.9426 0.3330 0.0245
vn 0.9492 -0.0146 0.3143
vn -0.9579 0.2853 -0.0313
vn 0.9179 0.0682 0.3909
vn 0.9735 -0.0942 0.2086
vn -0.8938 0.4445 0.0596
vn 0.9697 -0.0490 0.2391
vn -0.9328 0.3604 -0.0104
vn 0.9600 0.0125 0.2796
vn -0.9511 0.3039 -0.0551
vn 0.9343 0.1085 0.3397
vn -0.9612 0.2614 -0.0878
vn 0.8509 0.2860 0.4406
vn -0.9674 0.2260 -0.1144
vn 0.4925 0.6411 0.5886
vn 0.9735 -0.1632 0.1601
vn -0.9712 0.1942 -0.1378
vn -0.3869 0.8027 0.4538
vn 0.9744 -0.1308 0.1831
vn -0.7870 0.5870 0.1897
vn 0.8761 0.3338 0.3479
vn -0.9649 0.2311 -0.1246
vn 0.5343 0.7237 0.4368
vn 0.9743 -0.1615 0.1568
vn -0.9704 0.1958 -0.1411
vn -0.3514 0.8865 0.3011
vn 0.9769 -0.1257 0.1729
vn -0.7661 0.6355 0.0963
vn 0.9780 -0.0852 0.1906
vn -0.8802 0.4746 0.0003
vn 0.9767 -0.0354 0.2118
vn -0.9234 0.3806 -0.0504
vn 0.9703 0.0326 0.2397
vn -0.9446 0.3177 -0.0825
vn 0.9498 0.1384 0.2806
vn -0.9569 0.2704 -0.1058
vn -0.8677 0.4930 -0.0646
vn 0.9829 -0.0271 0.1820
vn -0.9148 0.3928 -0.0941
vn 0.9796 0.0447 0.1961
vn -0.9387 0.3260 -0.1123
vn 0.9638 0.1564 0.2160
vn -0.9530 0.2758 -0.1254
vn 0.8988 0.3628 0.2459
vn -0.9627 0.2342 -0.1357
vn 0.5722 0.7751 0.2680
vn 0.9751 -0.1605 0.1532
vn -0.9697 0.1968 -0.1447
vn -0.3185 0.9388 0.1316
vn 0.9792 -0.1226 0.1618
vn -0.7466 0.6652 -0.0062
vn 0.9820 -0.0798 0.1711
vn -0.9607 0.2352 -0.1474
vn 0.6041 0.7919 0.0895
vn 0.9757 -0.1602 0.1494
vn -0.9691 0.1971 -0.1485
vn -0.2893 0.9561 -0.0474
vn 0.9812 -0.1217 0.1501
vn -0.7294 0.6746 -0.1136
vn 0.9855 -0.0781 0.1506
vn -0.8566 0.4986 -0.1324
vn 0.9882 -0.0246 0.1509
vn -0.9073 0.3966 -0.1398
vn 0.9874 0.0484 0.1505
vn -0.9335 0.3285 -0.1435
vn 0.9756 0.1619 0.1483
vn -0.9496 0.2775 -0.1458
vn 0.9178 0.3719 0.1388
vn -0.9645 0.2627 0.0250
vn 0.4713 0.8543 -0.2190
vn 0.9872 -0.1510 -0.0504
vn -0.9778 0.2062 0.0380
vn -0.1583 0.9688 -0.1907
vn 0.9936 -0.0933 -0.0631
vn -0.5945 0.7954 -0.1179
vn 0.9966 -0.0285 -0.0770
vn -0.7840 0.6174 -0.0646
vn 0.9944 0.0499 -0.0933
vn -0.8710 0.4903 -0.0306
vn 0.9816 0.1535 -0.1140
vn -0.9175 0.3976 -0.0073
vn 0.9421 0.3035 -0.1423
vn -0.9458 0.3246 0.0104
vn 0.8234 0.5376 -0.1817
vn 0.9319 0.2752 -0.2364
vn -0.9487 0.3156 -0.0199
vn 0.8082 0.4960 -0.3176
vn -0.9662 0.2576 0.0077
vn 0.4511 0.7957 -0.4042
vn 0.9867 -0.1527 -0.0561
vn -0.9783 0.2046 0.0324
vn -0.1761 0.9097 -0.3760
vn 0.9919 -0.0985 -0.0805
vn -0.6068 0.7532 -0.2539
vn 0.9935 -0.0376 -0.1073
vn -0.7926 0.5888 -0.1588
vn 0.9896 0.0363 -0.1391
vn -0.8771 0.4705 -0.0965
vn 0.9745 0.1338 -0.1799
vn -0.9219 0.3838 -0.0531
vn -0.6218 0.6861 -0.3777
vn 0.9895 -0.0519 -0.1352
vn -0.8031 0.5431 -0.2450
vn 0.9833 0.0146 -0.1812
vn -0.8847 0.4389 -0.1570
vn 0.9653 0.1025 -0.2403
vn -0.9273 0.3620 -0.0952
vn 0.9182 0.2302 -0.3225
vn -0.9524 0.3012 -0.0478
vn 0.7878 0.4298 -0.4412
vn -0.9684 0.2493 -0.0083
vn 0.4244 0.7026 -0.5712
vn 0.9859 -0.1554 -0.0613
vn -0.9790 0.2019 0.0272
vn -0.1984 0.8158 -0.5432
vn 0.9896 -0.1067 -0.0964
vn -0.9567 0.2819 -0.0721
vn 0.7635 0.3424 -0.5475
vn -0.9709 0.2383 -0.0222
vn 0.3929 0.5806 -0.7131
vn 0.9851 -0.1590 -0.0658
vn -0.9799 0.1983 0.0226
vn -0.2243 0.6929 -0.6853
vn 0.9869 -0.1176 -0.1103
vn -0.6391 0.5974 -0.4844
vn 0.9846 -0.0710 -0.1595
vn -0.8154 0.4826 -0.3198
vn 0.9759 -0.0143 -0.2179
vn -0.8936 0.3968 -0.2097
vn 0.9542 0.0608 -0.2929
vn -0.9337 0.3329 -0.1319
vn 0.9018 0.1704 -0.3971
vn -0.8291 0.4097 -0.3805
vn 0.9676 -0.0493 -0.2478
vn -0.9036 0.3460 -0.2525
vn 0.9419 0.0105 -0.3356
vn -0.9409 0.2977 -0.1619
vn 0.8837 0.0983 -0.4576
vn -0.9616 0.2587 -0.0920
vn 0.7368 0.2378 -0.6329
vn -0.9738 0.2250 -0.0336
vn 0.3585 0.4363 -0.8253
vn 0.9841 -0.1633 -0.0695
vn -0.9808 0.1940 0.0189
vn -0.2527 0.5475 -0.7978
vn 0.9839 -0.1309 -0.1217
vn -0.6584 0.4914 -0.5701
vn 0.9793 -0.0942 -0.1793
vn -0.9768 0.2100 -0.0420
vn 0.3230 0.2763 -0.9052
vn 0.9831 -0.1682 -0.0723
vn -0.9818 0.1891 0.0162
vn -0.2828 0.3865 -0.8779
vn 0.9807 -0.1460 -0.1301
vn -0.6793 0.3728 -0.6321
vn 0.9736 -0.1205 -0.1940
vn -0.8439 0.3276 -0.4249
vn 0.9588 -0.0891 -0.2698
vn -0.9143 0.2886 -0.2841
vn 0.9290 -0.0466 -0.3670
vn -0.9485 0.2577 -0.1839
vn 0.8648 0.0169 -0.5018
vn -0.9668 0.2323 -0.1066
vn 0.7092 0.1203 -0.6946
vn 0.9500 -0.1320 -0.2831
vn -0.9256 0.2267 -0.3031
vn 0.9161 -0.1082 -0.3860
vn -0.9566 0.2146 -0.1973
vn 0.8461 -0.0708 -0.5283
vn -0.9722 0.2037 -0.1155
vn 0.6821 -0.0054 -0.7313
vn -0.9799 0.1936 -0.0471
vn 0.2880 0.1066 -0.9517
vn 0.9820 -0.1735 -0.0739
vn -0.9829 0.1838 0.0145
vn -0.3138 0.2161 -0.9246
vn 0.9774 -0.1623 -0.1352
vn -0.7013 0.2462 -0.6690
vn 0.9678 -0.1490 -0.2029
vn -0.8596 0.2393 -0.4515
vn 0.2547 -0.0672 -0.9647
vn 0.9810 -0.1790 -0.0745
vn -0.9839 0.1782 0.0140
vn -0.3450 0.0418 -0.9377
vn 0.9743 -0.1792 -0.1368
vn -0.7241 0.1160 -0.6799
vn 0.9622 -0.1785 -0.2056
vn -0.8756 0.1483 -0.4596
vn 0.9414 -0.1765 -0.2873
vn -0.9371 0.1627 -0.3090
vn 0.9038 -0.1720 -0.3918
vn -0.9646 0.1700 -0.2015
vn 0.8284 -0.1616 -0.5364
vn -0.9776 0.1742 -0.1183
vn 0.6566 -0.1350 -0.7421
vn -0.9831 0.1767 -0.0487
vn -0.9483 0.0990 -0.3015
vn 0.8926 -0.2357 -0.3844
vn -0.9725 0.1256 -0.1963
vn 0.8124 -0.2521 -0.5258
vn -0.9828 0.1447 -0.1149
vn 0.6338 -0.2643 -0.7270
vn -0.9860 0.1598 -0.0467
vn 0.2242 -0.2401 -0.9445
vn 0.9800 -0.1845 -0.0738
vn -0.9849 0.1727 0.0146
vn -0.3755 -0.1311 -0.9175
vn 0.9713 -0.1960 -0.1348
vn -0.7469 -0.0132 -0.6648
vn 0.9570 -0.2080 -0.2022
vn -0.8916 0.0577 -0.4491
vn 0.9336 -0.2210 -0.2821
vn 0.9792 -0.1898 -0.0720
vn -0.9857 0.1675 0.0164
vn -0.4046 -0.2980 -0.8646
vn 0.9686 -0.2122 -0.1294
vn -0.7691 -0.1374 -0.6242
vn 0.9524 -0.2362 -0.1927
vn -0.9070 -0.0291 -0.4202
vn 0.9267 -0.2636 -0.2678
vn -0.9589 0.0379 -0.2810
vn 0.8828 -0.2970 -0.3640
vn -0.9798 0.0830 -0.1819
vn 0.7987 -0.3393 -0.4970
vn -0.9876 0.1165 -0.1054
vn 0.6143 -0.3890 -0.6865
vn -0.9888 0.1437 -0.0413
vn 0.1973 -0.4074 -0.8917
vn 0.8749 -0.3534 -0.3312
vn -0.9863 0.0439 -0.1590
vn 0.7877 -0.4198 -0.4508
vn -0.9918 0.0906 -0.0901
vn 0.5988 -0.5049 -0.6217
vn -0.9911 0.1288 -0.0325
vn 0.1747 -0.5640 -0.8071
vn 0.9784 -0.1947 -0.0692
vn -0.9865 0.1626 0.0193
vn -0.4312 -0.4538 -0.7798
vn 0.9664 -0.2271 -0.1207
vn -0.7897 -0.2525 -0.5592
vn 0.9486 -0.2622 -0.1775
vn -0.9210 -0.1091 -0.3739
vn 0.9210 -0.3029 -0.2448
vn -0.9685 -0.0182 -0.2483
vn -0.4541 -0.5933 -0.6646
vn 0.9646 -0.2401 -0.1090
vn -0.8077 -0.3541 -0.4714
vn 0.9456 -0.2849 -0.1571
vn -0.9331 -0.1794 -0.3118
vn 0.9167 -0.3373 -0.2142
vn -0.9766 -0.0674 -0.2043
vn 0.8689 -0.4029 -0.2874
vn -0.9917 0.0097 -0.1283
vn 0.7797 -0.4908 -0.3889
vn -0.9952 0.0680 -0.0697
vn 0.5875 -0.6078 -0.5342
vn -0.9930 0.1159 -0.0209
vn 0.1571 -0.7044 -0.6922
vn 0.9778 -0.1989 -0.0654
vn -0.9871 0.1584 0.0231
vn -0.9957 -0.0182 -0.0909
vn 0.7747 -0.5493 -0.3132
vn -0.9978 0.0495 -0.0450
vn 0.5806 -0.6934 -0.4267
vn -0.9944 0.1053 -0.0067
vn 0.1450 -0.8229 -0.5493
vn 0.9774 -0.2023 -0.0608
vn -0.9875 0.1550 0.0277
vn -0.4721 -0.7107 -0.5215
vn 0.9634 -0.2507 -0.0948
vn -0.8220 -0.4384 -0.3635
vn 0.9436 -0.3035 -0.1324
vn -0.9424 -0.2371 -0.2359
vn 0.9139 -0.3654 -0.1769
vn -0.9827 -0.1076 -0.1508
vn 0.8652 -0.4436 -0.2340
vn -0.8315 -0.5015 -0.2392
vn 0.9426 -0.3172 -0.1042
vn -0.9484 -0.2798 -0.1490
vn 0.9126 -0.3862 -0.1344
vn -0.9865 -0.1373 -0.0898
vn 0.8636 -0.4736 -0.1731
vn -0.9981 -0.0388 -0.0484
vn 0.7728 -0.5928 -0.2265
vn -0.9992 0.0359 -0.0168
vn 0.5781 -0.7578 -0.3026
vn -0.9952 0.0975 0.0094
vn 0.1390 -0.9134 -0.3826
vn 0.9772 -0.2049 -0.0555
vn -0.9878 0.1524 0.0329
vn -0.4838 -0.8001 -0.3546
vn 0.9628 -0.2585 -0.0787
vn -0.9995 0.0277 0.0137
vn 0.5798 -0.7975 -0.1667
vn -0.9953 0.0928 0.0269
vn 0.1393 -0.9702 -0.1982
vn 0.9772 -0.2064 -0.0498
vn -0.9878 0.1509 0.0386
vn -0.4879 -0.8562 -0.1699
vn 0.9628 -0.2632 -0.0612
vn -0.8352 -0.5403 -0.1030
vn 0.9427 -0.3254 -0.0737
vn -0.9505 -0.3059 -0.0544
vn 0.9128 -0.3987 -0.0884
vn -0.9876 -0.1552 -0.0235
vn 0.8641 -0.4919 -0.1069
vn -0.9987 -0.0512 -0.0023
vn 0.7739 -0.6194 -0.1321
vn 0.9438 -0.3280 -0.0421
vn -0.9484 -0.3139 0.0440
vn 0.9145 -0.4026 -0.0405
vn -0.9860 -0.1607 0.0453
vn 0.8666 -0.4975 -0.0381
vn -0.9974 -0.0549 0.0455
vn 0.7777 -0.6278 -0.0337
vn -0.9987 0.0252 0.0454
vn 0.5854 -0.8104 -0.0244
vn -0.9948 0.0914 0.0450
vn 0.1458 -0.9893 -0.0039
vn 0.9774 -0.2069 -0.0439
vn -0.9876 0.1504 0.0445
vn -0.4838 -0.8748 0.0244
vn 0.9634 -0.2646 -0.0431
vn -0.8325 -0.5526 0.0394
vn 0.5945 -0.7954 0.1179
vn -0.9936 0.0933 0.0631
vn 0.1583 -0.9688 0.1907
vn 0.9778 -0.2062 -0.0380
vn -0.9872 0.1510 0.0504
vn -0.4713 -0.8543 0.2191
vn 0.9645 -0.2627 -0.0250
vn -0.8234 -0.5376 0.1817
vn 0.9458 -0.3246 -0.0104
vn -0.9421 -0.3035 0.1423
vn 0.9176 -0.3976 0.0073
vn -0.9816 -0.1535 0.1140
vn 0.8710 -0.4903 0.0306
vn -0.9944 -0.0499 0.0933
vn 0.7840 -0.6174 0.0646
vn -0.9966 0.0285 0.0770
vn -0.9319 -0.2752 0.2364
vn 0.9219 -0.3838 0.0531
vn -0.9745 -0.1338 0.1799
vn 0.8771 -0.4705 0.0965
vn -0.9896 -0.0363 0.1391
vn 0.7926 -0.5888 0.1588
vn -0.9935 0.0376 0.1073
vn 0.6068 -0.7532 0.2539
vn -0.9919 0.0985 0.0805
vn 0.1761 -0.9097 0.3760
vn 0.9783 -0.2046 -0.0324
vn -0.9867 0.1527 0.0561
vn -0.4511 -0.7957 0.4042
vn 0.9662 -0.2576 -0.0077
vn -0.8082 -0.4960 0.3176
vn 0.9487 -0.3156 0.0199
vn -0.9896 0.1067 0.0964
vn 0.1984 -0.8158 0.5432
vn 0.9790 -0.2019 -0.0272
vn -0.9859 0.1554 0.0613
vn -0.4243 -0.7026 0.5712
vn 0.9684 -0.2493 0.0083
vn -0.7878 -0.4298 0.4412
vn 0.9524 -0.3012 0.0478
vn -0.9182 -0.2302 0.3225
vn 0.9273 -0.3620 0.0952
vn -0.9653 -0.1025 0.2403
vn 0.8847 -0.4389 0.1570
vn -0.9833 -0.0146 0.1812
vn 0.8031 -0.5431 0.2450
vn -0.9895 0.0519 0.1352
vn 0.6218 -0.6861 0.3777
vn 0.9337 -0.3329 0.1319
vn -0.9542 -0.0608 0.2929
vn 0.8936 -0.3968 0.2097
vn -0.9759 0.0143 0.2179
vn 0.8154 -0.4826 0.3198
vn -0.9846 0.0710 0.1595
vn 0.6391 -0.5974 0.4844
vn -0.9869 0.1176 0.1103
vn 0.2243 -0.6929 0.6853
vn 0.9799 -0.1983 -0.0226
vn -0.9851 0.1590 0.0658
vn -0.3929 -0.5806 0.7131
vn 0.9709 -0.2383 0.0222
vn -0.7635 -0.3424 0.5475
vn 0.9567 -0.2819 0.0721
vn -0.9018 -0.1704 0.3971
vn 0.2527 -0.5475 0.7978
vn 0.9808 -0.1940 -0.0189
vn -0.9841 0.1633 0.0695
vn -0.3585 -0.4363 0.8253
vn 0.9738 -0.2251 0.0336
vn -0.7368 -0.2378 0.6329
vn 0.9616 -0.2587 0.0920
vn -0.8837 -0.0983 0.4576
vn 0.9409 -0.2977 0.1619
vn -0.9419 -0.0105 0.3356
vn 0.9036 -0.3460 0.2525
vn -0.9676 0.0493 0.2478
vn 0.8291 -0.4097 0.3805
vn -0.9793 0.0942 0.1793
vn 0.6584 -0.4914 0.5701
vn -0.9839 0.1309 0.1217
vn -0.9290 0.0466 0.3670
vn 0.9143 -0.2886 0.2841
vn -0.9588 0.0891 0.2698
vn 0.8439 -0.3276 0.4249
vn -0.9736 0.1205 0.1940
vn 0.6793 -0.3728 0.6321
vn -0.9807 0.1460 0.1301
vn 0.2828 -0.3865 0.8779
vn 0.9818 -0.1891 -0.0162
vn -0.9831 0.1682 0.0723
vn -0.3230 -0.2763 0.9052
vn 0.9768 -0.2100 0.0420
vn -0.7092 -0.1203 0.6946
vn 0.9668 -0.2323 0.1066
vn -0.8648 -0.0169 0.5018
vn 0.9485 -0.2577 0.1839
vn -0.9820 0.1735 0.0739
vn -0.2880 -0.1066 0.9517
vn 0.9799 -0.1936 0.0471
vn -0.6821 0.0054 0.7313
vn 0.9722 -0.2037 0.1155
vn -0.8461 0.0708 0.5283
vn 0.9566 -0.2146 0.1973
vn -0.9161 0.1082 0.3860
vn 0.9256 -0.2267 0.3031
vn -0.9500 0.1320 0.2831
vn 0.8596 -0.2393 0.4515
vn -0.9678 0.1490 0.2029
vn 0.7013 -0.2462 0.6690
vn -0.9774 0.1623 0.1352
vn 0.3138 -0.2160 0.9246
vn 0.9829 -0.1838 -0.0145
vn -0.9414 0.1765 0.2873
vn 0.8756 -0.1483 0.4596
vn -0.9622 0.1785 0.2056
vn 0.7241 -0.1160 0.6799
vn -0.9743 0.1792 0.1368
vn 0.3450 -0.0418 0.9377
vn 0.9839 -0.1782 -0.0140
vn -0.9810 0.1790 0.0745
vn -0.2547 0.0672 0.9647
vn 0.9831 -0.1767 0.0487
vn -0.6566 0.1350 0.7421
vn 0.9776 -0.1742 0.1183
vn -0.8284 0.1616 0.5363
vn 0.9646 -0.1700 0.2015
vn -0.9038 0.1720 0.3918
vn 0.9371 -0.1627 0.3090
vn 0.9860 -0.1598 0.0467
vn -0.6338 0.2643 0.7270
vn 0.9828 -0.1447 0.1149
vn -0.8124 0.2521 0.5258
vn 0.9725 -0.1256 0.1963
vn -0.8926 0.2357 0.3844
vn 0.9483 -0.0990 0.3015
vn -0.9336 0.2210 0.2821
vn 0.8916 -0.0577 0.4491
vn -0.9570 0.2080 0.2022
vn 0.7469 0.0132 0.6648
vn -0.9713 0.1960 0.1348
vn 0.3755 0.1311 0.9175
vn 0.9849 -0.1727 -0.0146
vn -0.9801 0.1845 0.0738
vn -0.2242 0.2401 0.9445
vn 0.9070 0.0291 0.4202
vn -0.9524 0.2362 0.1927
vn 0.7691 0.1374 0.6242
vn -0.9686 0.2122 0.1294
vn 0.4046 0.2980 0.8646
vn 0.9857 -0.1675 -0.0164
vn -0.9792 0.1898 0.0720
vn -0.1973 0.4074 0.8917
vn 0.9888 -0.1437 0.0413
vn -0.6143 0.3890 0.6865
vn 0.9876 -0.1165 0.1054
vn -0.7987 0.3393 0.4970
vn 0.9798 -0.0830 0.1819
vn -0.8828 0.2970 0.3640
vn 0.9589 -0.0379 0.2810
vn -0.9267 0.2636 0.2678
vn -0.5988 0.5049 0.6217
vn 0.9918 -0.0906 0.0901
vn -0.7877 0.4198 0.4508
vn 0.9863 -0.0439 0.1590
vn -0.8749 0.3534 0.3312
vn 0.9685 0.0182 0.2483
vn -0.9210 0.3029 0.2448
vn 0.9210 0.1091 0.3739
vn -0.9486 0.2622 0.1775
vn 0.7897 0.2525 0.5592
vn -0.9664 0.2271 0.1207
vn 0.4312 0.4538 0.7798
vn 0.9865 -0.1626 -0.0193
vn -0.9784 0.1946 0.0692
vn -0.1747 0.5640 0.8071
vn 0.9911 -0.1288 0.0325
vn -0.9456 0.2849 0.1571
vn 0.8077 0.3541 0.4714
vn -0.9646 0.2401 0.1090
vn 0.4541 0.5933 0.6646
vn 0.9871 -0.1584 -0.0231
vn -0.9778 0.1989 0.0654
vn -0.1571 0.7044 0.6922
vn 0.9930 -0.1159 0.0209
vn -0.5875 0.6078 0.5342
vn 0.9952 -0.0680 0.0697
vn -0.7797 0.4908 0.3889
vn 0.9917 -0.0097 0.1283
vn -0.8689 0.4029 0.2874
vn 0.9766 0.0674 0.2043
vn -0.9167 0.3373 0.2142
vn 0.9331 0.1794 0.3118
vn 0.9978 -0.0495 0.0450
vn -0.7747 0.5493 0.3132
vn 0.9957 0.0182 0.0909
vn -0.8652 0.4436 0.2340
vn 0.9827 0.1076 0.1508
vn -0.9139 0.3654 0.1769
vn 0.9424 0.2371 0.2359
vn -0.9436 0.3035 0.1324
vn 0.8220 0.4384 0.3635
vn -0.9634 0.2507 0.0948
vn 0.4721 0.7107 0.5215
vn 0.9875 -0.1550 -0.0277
vn -0.9774 0.2023 0.0608
vn -0.1450 0.8229 0.5493
vn 0.9944 -0.1053 0.0067
vn -0.5806 0.6934 0.4267
vn 0.8315 0.5015 0.2392
vn -0.9628 0.2585 0.0787
vn 0.4838 0.8001 0.3546
vn 0.9878 -0.1524 -0.0329
vn -0.9772 0.2049 0.0555
vn -0.1390 0.9134 0.3826
vn 0.9952 -0.0975 -0.0094
vn -0.5781 0.7578 0.3026
vn 0.9992 -0.0359 0.0168
vn -0.7728 0.5928 0.2265
vn 0.9981 0.0388 0.0484
vn -0.8636 0.4736 0.1731
vn 0.9865 0.1373 0.0898
vn -0.9126 0.3862 0.1344
vn 0.9484 0.2798 0.1490
vn -0.9426 0.3172 0.1042
vn -0.7739 0.6194 0.1321
vn 0.9987 0.0512 0.0023
vn -0.8641 0.4919 0.1069
vn 0.9876 0.1552 0.0235
vn -0.9128 0.3987 0.0884
vn 0.9505 0.3059 0.0544
vn -0.9427 0.3254 0.0737
vn 0.8352 0.5403 0.1030
vn -0.9628 0.2632 0.0612
vn 0.4879 0.8562 0.1699
vn 0.9878 -0.1509 -0.0386
vn -0.9772 0.2064 0.0498
vn -0.1392 0.9702 0.1982
vn 0.9953 -0.0928 -0.0269
vn -0.5798 0.7975 0.1667
vn 0.9995 -0.0277 -0.0137
vn -0.9634 0.2646 0.0431
vn 0.4838 0.8748 -0.0244
vn 0.9876 -0.1504 -0.0445
vn -0.9774 0.2069 0.0439
vn -0.1458 0.9893 0.0039
vn 0.9948 -0.0914 -0.0450
vn -0.5854 0.8104 0.0244
vn 0.9987 -0.0252 -0.0454
vn -0.7777 0.6278 0.0337
vn 0.9974 0.0549 -0.0455
vn -0.8666 0.4975 0.0381
vn 0.9860 0.1607 -0.0453
vn -0.9145 0.4026 0.0405
vn 0.9484 0.3139 -0.0440
vn -0.9438 0.3280 0.0421
vn 0.8325 0.5526 -0.0394
vn -0.8528 0.2688 0.4478
vn 0.3100 0.8646 -0.3955
vn 0.8629 -0.1490 -0.4829
vn -0.8596 0.2083 0.4665
vn -0.2077 0.9720 -0.1101
vn 0.8629 -0.0870 -0.4978
vn -0.5615 0.8155 0.1405
vn 0.8587 -0.0176 -0.5121
vn -0.7167 0.6404 0.2761
vn 0.8480 0.0662 -0.5259
vn -0.7861 0.5098 0.3494
vn 0.8243 0.1758 -0.5382
vn -0.8213 0.4124 0.3941
vn 0.7708 0.3319 -0.5438
vn -0.8411 0.3350 0.4247
vn 0.6385 0.5666 -0.5209
vn 0.7187 0.3023 -0.6262
vn -0.8579 0.3254 0.3977
vn 0.5642 0.5242 -0.6378
vn -0.8624 0.2633 0.4323
vn 0.2118 0.8074 -0.5507
vn 0.8598 -0.1508 -0.4879
vn -0.8628 0.2065 0.4615
vn -0.3048 0.9145 -0.2659
vn 0.8532 -0.0925 -0.5133
vn -0.6343 0.7728 0.0227
vn 0.8418 -0.0271 -0.5391
vn -0.7680 0.6107 0.1932
vn 0.8224 0.0517 -0.5666
vn -0.8224 0.4889 0.2910
vn 0.7876 0.1550 -0.5964
vn -0.8467 0.3979 0.3533
vn -0.7048 0.7046 -0.0828
vn 0.8251 -0.0425 -0.5634
vn -0.8178 0.5632 0.1186
vn 0.7972 0.0286 -0.6031
vn -0.8577 0.4556 0.2383
vn 0.7514 0.1219 -0.6485
vn -0.8714 0.3747 0.3166
vn 0.6672 0.2552 -0.6998
vn -0.8744 0.3100 0.3733
vn 0.4910 0.4566 -0.7419
vn -0.8719 0.2546 0.4183
vn 0.1157 0.7161 -0.6883
vn 0.8567 -0.1536 -0.4924
vn -0.8659 0.2036 0.4569
vn -0.3989 0.8228 -0.4047
vn 0.8437 -0.1013 -0.5272
vn -0.8899 0.2895 0.3526
vn 0.4220 0.3667 -0.8291
vn -0.8808 0.2428 0.4065
vn 0.0256 0.5954 -0.8030
vn 0.8537 -0.1575 -0.4963
vn -0.8688 0.1998 0.4531
vn -0.4863 0.7016 -0.5208
vn 0.8347 -0.1130 -0.5390
vn -0.7703 0.6140 -0.1720
vn 0.8094 -0.0629 -0.5839
vn -0.8643 0.4999 0.0554
vn 0.7733 -0.0022 -0.6340
vn -0.8908 0.4112 0.1936
vn 0.7171 0.0777 -0.6926
vn -0.8947 0.3438 0.2853
vn 0.6185 0.1923 -0.7619
vn -0.9059 0.4234 0.0058
vn 0.7518 -0.0396 -0.6582
vn -0.9204 0.3574 0.1585
vn 0.6862 0.0242 -0.7270
vn -0.9155 0.3063 0.2608
vn 0.5746 0.1164 -0.8101
vn -0.9038 0.2647 0.3363
vn 0.3599 0.2586 -0.8964
vn -0.8888 0.2286 0.3972
vn -0.0546 0.4510 -0.8909
vn 0.8511 -0.1621 -0.4993
vn -0.8714 0.1952 0.4501
vn -0.5638 0.5566 -0.6103
vn 0.8266 -0.1272 -0.5483
vn -0.8286 0.5051 -0.2414
vn 0.7951 -0.0877 -0.6000
vn -0.8956 0.2124 0.3908
vn -0.1223 0.2890 -0.9495
vn 0.8489 -0.1674 -0.5014
vn -0.8736 0.1899 0.4480
vn -0.6288 0.3940 -0.6703
vn 0.8197 -0.1433 -0.5546
vn -0.8778 0.3823 -0.2886
vn 0.7830 -0.1159 -0.6111
vn -0.9411 0.3369 -0.0281
vn 0.7335 -0.0820 -0.6747
vn -0.9456 0.2964 0.1344
vn 0.6599 -0.0366 -0.7505
vn -0.9333 0.2637 0.2439
vn 0.5372 0.0303 -0.8429
vn -0.9156 0.2364 0.3251
vn 0.3073 0.1365 -0.9418
vn 0.7191 -0.1280 -0.6830
vn -0.9654 0.2305 0.1222
vn 0.6392 -0.1023 -0.7622
vn -0.9472 0.2176 0.2354
vn 0.5079 -0.0625 -0.8592
vn -0.9250 0.2059 0.3195
vn 0.2661 0.0052 -0.9639
vn -0.9010 0.1949 0.3875
vn -0.1751 0.1157 -0.9777
vn 0.8471 -0.1731 -0.5025
vn -0.8754 0.1842 0.4469
vn -0.6797 0.2203 -0.6996
vn 0.8142 -0.1608 -0.5579
vn -0.9164 0.2504 -0.3122
vn 0.7735 -0.1464 -0.6167
vn -0.9688 0.2437 -0.0453
vn -0.2115 -0.0628 -0.9754
vn 0.8459 -0.1790 -0.5024
vn -0.8766 0.1783 0.4469
vn -0.7151 0.0416 -0.6978
vn 0.8104 -0.1790 -0.5578
vn -0.9433 0.1144 -0.3115
vn 0.7669 -0.1780 -0.6166
vn -0.9881 0.1473 -0.0450
vn 0.7091 -0.1756 -0.6828
vn -0.9791 0.1623 0.1223
vn 0.6249 -0.1704 -0.7618
vn -0.9569 0.1699 0.2354
vn 0.4877 -0.1588 -0.8584
vn -0.9314 0.1742 0.3195
vn 0.2378 -0.1306 -0.9625
vn -0.9047 0.1768 0.3875
vn -0.9864 0.0943 0.1347
vn 0.6177 -0.2384 -0.7494
vn -0.9620 0.1224 0.2441
vn 0.4775 -0.2548 -0.8409
vn -0.9348 0.1427 0.3253
vn 0.2233 -0.2660 -0.9378
vn -0.9067 0.1587 0.3909
vn -0.2304 -0.2407 -0.9428
vn 0.8452 -0.1849 -0.5014
vn -0.8773 0.1724 0.4480
vn -0.7341 -0.1363 -0.6653
vn 0.8085 -0.1970 -0.5545
vn -0.9578 -0.0210 -0.2868
vn 0.7636 -0.2096 -0.6108
vn -0.9983 0.0513 -0.0275
vn 0.7041 -0.2232 -0.6741
vn 0.8452 -0.1906 -0.4993
vn -0.8773 0.1667 0.4501
vn -0.7360 -0.3075 -0.6031
vn 0.8085 -0.2144 -0.5480
vn -0.9592 -0.1512 -0.2388
vn 0.7635 -0.2399 -0.5996
vn -0.9991 -0.0409 0.0068
vn 0.7041 -0.2688 -0.6573
vn -0.9869 0.0291 0.1590
vn 0.6177 -0.3037 -0.7254
vn -0.9623 0.0768 0.2611
vn 0.4775 -0.3472 -0.8071
vn -0.9349 0.1124 0.3366
vn 0.2232 -0.3964 -0.8905
vn -0.9067 0.1413 0.3973
vn -0.2314 -0.4122 -0.8812
vn 0.6250 -0.3639 -0.6906
vn -0.9577 0.0348 0.2858
vn 0.4879 -0.4324 -0.7583
vn -0.9318 0.0845 0.3529
vn 0.2376 -0.5171 -0.8223
vn -0.9049 0.1254 0.4067
vn -0.2140 -0.5715 -0.7922
vn 0.8458 -0.1957 -0.4962
vn -0.8767 0.1615 0.4532
vn -0.7206 -0.4664 -0.5130
vn 0.8104 -0.2304 -0.5387
vn -0.9475 -0.2713 -0.1691
vn 0.7668 -0.2678 -0.5833
vn -0.9905 -0.1258 0.0565
vn 0.7091 -0.3109 -0.6329
vn -0.9805 -0.0309 0.1942
vn -0.6879 -0.6073 -0.3975
vn 0.8141 -0.2443 -0.5269
vn -0.9227 -0.3771 -0.0801
vn 0.7733 -0.2921 -0.5627
vn -0.9724 -0.2002 0.1198
vn 0.7190 -0.3476 -0.6019
vn -0.9674 -0.0834 0.2391
vn 0.6392 -0.4166 -0.6464
vn -0.9484 -0.0018 0.3171
vn 0.5081 -0.5072 -0.6961
vn -0.9256 0.0602 0.3737
vn 0.2658 -0.6236 -0.7352
vn -0.9013 0.1114 0.4186
vn -0.1788 -0.7129 -0.6781
vn 0.8470 -0.2003 -0.4924
vn -0.8755 0.1570 0.4570
vn -0.9347 -0.0318 0.3540
vn 0.5373 -0.5687 -0.6228
vn -0.9164 0.0404 0.3982
vn 0.3070 -0.7116 -0.6320
vn -0.8960 0.1001 0.4326
vn -0.1264 -0.8306 -0.5423
vn 0.8488 -0.2040 -0.4878
vn -0.8738 0.1532 0.4616
vn -0.6384 -0.7244 -0.2602
vn 0.8195 -0.2557 -0.5129
vn -0.8853 -0.4643 0.0252
vn 0.7828 -0.3121 -0.5384
vn -0.9455 -0.2612 0.1945
vn 0.7333 -0.3777 -0.5653
vn -0.9481 -0.1263 0.2919
vn 0.6598 -0.4598 -0.5943
vn -0.8364 -0.5293 0.1428
vn 0.7948 -0.3268 -0.5114
vn -0.9105 -0.3064 0.2776
vn 0.7515 -0.4000 -0.5247
vn -0.9231 -0.1581 0.3505
vn 0.6859 -0.4918 -0.5363
vn -0.9171 -0.0539 0.3949
vn 0.5744 -0.6144 -0.5409
vn -0.9047 0.0257 0.4253
vn 0.3595 -0.7773 -0.5163
vn -0.8893 0.0917 0.4481
vn -0.0587 -0.9192 -0.3894
vn 0.8510 -0.2068 -0.4827
vn -0.8715 0.1505 0.4667
vn -0.5733 -0.8125 -0.1058
vn 0.8263 -0.2642 -0.4974
vn -0.8908 0.0168 0.4541
vn 0.4212 -0.8177 -0.3925
vn -0.8813 0.0866 0.4646
vn 0.0218 -0.9741 -0.2250
vn 0.8536 -0.2084 -0.4774
vn -0.8689 0.1489 0.4720
vn -0.4948 -0.8670 0.0597
vn 0.8344 -0.2692 -0.4810
vn -0.7774 -0.5691 0.2681
vn 0.8089 -0.3357 -0.4827
vn -0.8687 -0.3339 0.3659
vn 0.7728 -0.4135 -0.4815
vn -0.8934 -0.1773 0.4128
vn 0.7165 -0.5112 -0.4746
vn -0.8963 -0.0673 0.4384
vn 0.6179 -0.6423 -0.4535
vn 0.8245 -0.3385 -0.4535
vn -0.8215 -0.3425 0.4558
vn 0.7964 -0.4177 -0.4374
vn -0.8600 -0.1833 0.4762
vn 0.7504 -0.5173 -0.4115
vn -0.8729 -0.0714 0.4826
vn 0.6660 -0.6511 -0.3641
vn -0.8753 0.0141 0.4834
vn 0.4895 -0.8306 -0.2655
vn -0.8724 0.0850 0.4814
vn 0.1120 -0.9921 -0.0560
vn 0.8565 -0.2089 -0.4719
vn -0.8660 0.1483 0.4775
vn -0.4057 -0.8847 0.2293
vn 0.8433 -0.2708 -0.4642
vn -0.7105 -0.5817 0.3959
vn 0.5615 -0.8154 -0.1405
vn -0.8629 0.0870 0.4978
vn 0.2077 -0.9720 0.1101
vn 0.8596 -0.2083 -0.4665
vn -0.8629 0.1490 0.4829
vn -0.3100 -0.8646 0.3955
vn 0.8528 -0.2688 -0.4478
vn -0.6385 -0.5666 0.5209
vn 0.8411 -0.3350 -0.4247
vn -0.7708 -0.3319 0.5438
vn 0.8213 -0.4124 -0.3941
vn -0.8243 -0.1758 0.5382
vn 0.7861 -0.5098 -0.3494
vn -0.8480 -0.0662 0.5259
vn 0.7167 -0.6404 -0.2761
vn -0.8587 0.0176 0.5121
vn -0.7187 -0.3023 0.6262
vn 0.8467 -0.3979 -0.3533
vn -0.7876 -0.1550 0.5964
vn 0.8224 -0.4889 -0.2910
vn -0.8224 -0.0517 0.5666
vn 0.7680 -0.6107 -0.1932
vn -0.8418 0.0271 0.5391
vn 0.6343 -0.7728 -0.0227
vn -0.8532 0.0925 0.5133
vn 0.3048 -0.9145 0.2659
vn 0.8628 -0.2065 -0.4615
vn -0.8598 0.1508 0.4879
vn -0.2118 -0.8074 0.5507
vn 0.8624 -0.2633 -0.4323
vn -0.5643 -0.5242 0.6378
vn 0.8579 -0.3254 -0.3977
vn -0.8437 0.1013 0.5272
vn 0.3989 -0.8228 0.4047
vn 0.8659 -0.2036 -0.4570
vn -0.8567 0.1536 0.4924
vn -0.1157 -0.7161 0.6883
vn 0.8719 -0.2546 -0.4183
vn -0.4910 -0.4566 0.7419
vn 0.8744 -0.3100 -0.3733
vn -0.6672 -0.2552 0.6998
vn 0.8714 -0.3747 -0.3166
vn -0.7514 -0.1219 0.6485
vn 0.8577 -0.4556 -0.2383
vn -0.7972 -0.0286 0.6031
vn 0.8178 -0.5632 -0.1186
vn -0.8251 0.0425 0.5634
vn 0.7048 -0.7046 0.0828
vn 0.8947 -0.3438 -0.2853
vn -0.7171 -0.0777 0.6926
vn 0.8908 -0.4112 -0.1936
vn -0.7733 0.0022 0.6340
vn 0.8643 -0.4999 -0.0554
vn -0.8094 0.0629 0.5839
vn 0.7703 -0.6140 0.1720
vn -0.8347 0.1130 0.5390
vn 0.4863 -0.7016 0.5209
vn 0.8688 -0.1998 -0.4531
vn -0.8537 0.1575 0.4963
vn -0.0256 -0.5954 0.8030
vn 0.8808 -0.2428 -0.4065
vn -0.4220 -0.3667 0.8291
vn 0.8899 -0.2895 -0.3526
vn -0.6185 -0.1923 0.7619
vn 0.5638 -0.5566 0.6103
vn 0.8714 -0.1952 -0.4501
vn -0.8511 0.1621 0.4993
vn 0.0546 -0.4510 0.8909
vn 0.8888 -0.2286 -0.3972
vn -0.3599 -0.2586 0.8964
vn 0.9038 -0.2647 -0.3363
vn -0.5746 -0.1164 0.8101
vn 0.9155 -0.3063 -0.2608
vn -0.6862 -0.0242 0.7270
vn 0.9204 -0.3574 -0.1585
vn -0.7518 0.0396 0.6582
vn 0.9059 -0.4234 -0.0058
vn -0.7951 0.0877 0.6000
vn 0.8286 -0.5051 0.2414
vn -0.8266 0.1272 0.5483
vn -0.6599 0.0366 0.7505
vn 0.9456 -0.2964 -0.1344
vn -0.7335 0.0820 0.6747
vn 0.9411 -0.3369 0.0281
vn -0.7830 0.1159 0.6111
vn 0.8778 -0.3823 0.2886
vn -0.8197 0.1433 0.5546
vn 0.6288 -0.3940 0.6703
vn 0.8737 -0.1899 -0.4480
vn -0.8489 0.1674 0.5014
vn 0.1223 -0.2890 0.9495
vn 0.8956 -0.2124 -0.3908
vn -0.3073 -0.1365 0.9418
vn 0.9156 -0.2364 -0.3251
vn -0.5372 -0.0303 0.8429
vn 0.9333 -0.2637 -0.2439
vn -0.8471 0.1731 0.5025
vn 0.1751 -0.1157 0.9777
vn 0.9010 -0.1949 -0.3875
vn -0.2661 -0.0052 0.9639
vn 0.9250 -0.2059 -0.3195
vn -0.5079 0.0625 0.8592
vn 0.9472 -0.2176 -0.2354
vn -0.6392 0.1023 0.7622
vn 0.9654 -0.2305 -0.1222
vn -0.7191 0.1280 0.6830
vn 0.9688 -0.2437 0.0453
vn -0.7735 0.1464 0.6167
vn 0.9164 -0.2504 0.3122
vn -0.8142 0.1608 0.5578
vn 0.6797 -0.2203 0.6996
vn 0.8754 -0.1842 -0.4469
vn -0.7091 0.1756 0.6828
vn 0.9881 -0.1473 0.0450
vn -0.7669 0.1780 0.6166
vn 0.9433 -0.1144 0.3115
vn -0.8104 0.1790 0.5578
vn 0.7151 -0.0416 0.6978
vn 0.8766 -0.1783 -0.4469
vn -0.8459 0.1790 0.5024
vn 0.2115 0.0628 0.9754
vn 0.9047 -0.1768 -0.3875
vn -0.2378 0.1306 0.9625
vn 0.9314 -0.1742 -0.3195
vn -0.4877 0.1588 0.8584
vn 0.9569 -0.1699 -0.2354
vn -0.6249 0.1704 0.7619
vn 0.9791 -0.1623 -0.1223
vn 0.9067 -0.1587 -0.3909
vn -0.2233 0.2660 0.9377
vn 0.9348 -0.1427 -0.3253
vn -0.4775 0.2548 0.8409
vn 0.9620 -0.1224 -0.2441
vn -0.6177 0.2384 0.7494
vn 0.9864 -0.0943 -0.1347
vn -0.7041 0.2232 0.6741
vn 0.9983 -0.0513 0.0275
vn -0.7636 0.2096 0.6108
vn 0.9578 0.0210 0.2868
vn -0.8085 0.1970 0.5545
vn 0.7341 0.1363 0.6653
vn 0.8772 -0.1724 -0.4480
vn -0.8452 0.1849 0.5014
vn 0.2305 0.2407 0.9428
vn 0.9991 0.0409 -0.0068
vn -0.7635 0.2399 0.5996
vn 0.9592 0.1512 0.2388
vn -0.8085 0.2144 0.5481
vn 0.7360 0.3075 0.6031
vn 0.8773 -0.1667 -0.4501
vn -0.8452 0.1905 0.4993
vn 0.2314 0.4122 0.8812
vn 0.9067 -0.1413 -0.3973
vn -0.2233 0.3964 0.8905
vn 0.9349 -0.1124 -0.3366
vn -0.4775 0.3472 0.8071
vn 0.9623 -0.0768 -0.2611
vn -0.6177 0.3037 0.7254
vn 0.9869 -0.0291 -0.1590
vn -0.7041 0.2688 0.6573
vn -0.2376 0.5171 0.8223
vn 0.9318 -0.0845 -0.3529
vn -0.4879 0.4324 0.7583
vn 0.9577 -0.0348 -0.2858
vn -0.6250 0.3639 0.6906
vn 0.9805 0.0309 -0.1942
vn -0.7091 0.3109 0.6329
vn 0.9905 0.1258 -0.0565
vn -0.7668 0.2678 0.5833
vn 0.9475 0.2713 0.1691
vn -0.8104 0.2304 0.5387
vn 0.7206 0.4665 0.5130
vn 0.8767 -0.1615 -0.4532
vn -0.8458 0.1958 0.4962
vn 0.2140 0.5715 0.7922
vn 0.9049 -0.1254 -0.4067
vn -0.7733 0.2921 0.5627
vn 0.9227 0.3771 0.0801
vn -0.8141 0.2443 0.5269
vn 0.6879 0.6073 0.3975
vn 0.8755 -0.1570 -0.4571
vn -0.8470 0.2003 0.4923
vn 0.1788 0.7129 0.6781
vn 0.9013 -0.1114 -0.4186
vn -0.2658 0.6236 0.7352
vn 0.9256 -0.0602 -0.3737
vn -0.5081 0.5072 0.6961
vn 0.9484 0.0018 -0.3171
vn -0.6392 0.4166 0.6464
vn 0.9674 0.0834 -0.2391
vn -0.7190 0.3476 0.6018
vn 0.9724 0.2002 -0.1198
vn 0.9164 -0.0404 -0.3982
vn -0.5373 0.5687 0.6228
vn 0.9347 0.0318 -0.3540
vn -0.6598 0.4598 0.5943
vn 0.9481 0.1263 -0.2919
vn -0.7333 0.3777 0.5653
vn 0.9455 0.2612 -0.1945
vn -0.7828 0.3121 0.5384
vn 0.8853 0.4643 -0.0252
vn -0.8195 0.2557 0.5129
vn 0.6384 0.7244 0.2602
vn 0.8738 -0.1532 -0.4616
vn -0.8488 0.2040 0.4878
vn 0.1264 0.8306 0.5423
vn 0.8960 -0.1001 -0.4326
vn -0.3070 0.7116 0.6320
vn 0.8364 0.5293 -0.1428
vn -0.8263 0.2642 0.4974
vn 0.5733 0.8125 0.1057
vn 0.8715 -0.1505 -0.4667
vn -0.8510 0.2067 0.4827
vn 0.0587 0.9192 0.3894
vn 0.8893 -0.0917 -0.4481
vn -0.3595 0.7773 0.5163
vn 0.9047 -0.0257 -0.4253
vn -0.5744 0.6144 0.5409
vn 0.9171 0.0539 -0.3949
vn -0.6859 0.4918 0.5363
vn 0.9231 0.1581 -0.3505
vn -0.7515 0.4000 0.5247
vn 0.9105 0.3064 -0.2776
vn -0.7948 0.3268 0.5114
vn -0.6179 0.6423 0.4535
vn 0.8963 0.0673 -0.4384
vn -0.7165 0.5112 0.4746
vn 0.8934 0.1773 -0.4128
vn -0.7728 0.4135 0.4815
vn 0.8687 0.3339 -0.3659
vn -0.8089 0.3357 0.4827
vn 0.7774 0.5691 -0.2680
vn -0.8344 0.2692 0.4810
vn 0.4948 0.8670 -0.0597
vn 0.8689 -0.1489 -0.4720
vn -0.8536 0.2084 0.4774
vn -0.0218 0.9741 0.2250
vn 0.8813 -0.0866 -0.4646
vn -0.4212 0.8177 0.3925
vn 0.8908 -0.0168 -0.4541
vn -0.8433 0.2708 0.4642
vn 0.4058 0.8847 -0.2293
vn 0.8660 -0.1483 -0.4775
vn -0.8565 0.2089 0.4719
vn -0.1120 0.9921 0.0560
vn 0.8724 -0.0850 -0.4814
vn -0.4895 0.8306 0.2655
vn 0.8753 -0.0141 -0.4834
vn -0.6660 0.6511 0.3641
vn 0.8729 0.0714 -0.4826
vn -0.7504 0.5173 0.4115
vn 0.8600 0.1833 -0.4762
vn -0.7964 0.4177 0.4374
vn 0.8215 0.3425 -0.4558
vn -0.8245 0.3385 0.4535
vn 0.7105 0.5817 -0.3959
vn -0.8738 -0.2068 0.4401
vn -0.2512 0.8904 -0.3796
vn 0.8063 0.3388 -0.4849
vn -0.8420 -0.2748 0.4642
vn -0.6577 0.7391 -0.1455
vn 0.7644 0.4030 -0.5033
vn -0.8777 0.4725 0.0796
vn 0.7125 0.4711 -0.5200
vn -0.9430 0.2447 0.2256
vn 0.6439 0.5472 -0.5347
vn -0.9460 0.0811 0.3139
vn 0.5457 0.6364 -0.5451
vn -0.9280 -0.0379 0.3706
vn 0.3927 0.7419 -0.5435
vn -0.9027 -0.1302 0.4102
vn 0.1394 0.8511 -0.5061
vn 0.3560 0.6763 -0.6449
vn -0.9147 -0.1522 0.3744
vn 0.0910 0.7619 -0.6413
vn -0.8808 -0.2195 0.4195
vn -0.3078 0.7793 -0.5458
vn 0.8039 0.3347 -0.4916
vn -0.8443 -0.2789 0.4575
vn -0.7113 0.6291 -0.3135
vn 0.7572 0.3903 -0.5238
vn -0.9210 0.3851 -0.0585
vn 0.7000 0.4489 -0.5554
vn -0.9760 0.1805 0.1222
vn 0.6250 0.5140 -0.5875
vn -0.9705 0.0348 0.2385
vn 0.5190 0.5892 -0.6192
vn -0.9458 -0.0708 0.3171
vn -0.9441 0.2756 -0.1811
vn 0.6914 0.4210 -0.5872
vn -0.9946 0.1000 0.0292
vn 0.6120 0.4720 -0.6346
vn -0.9851 -0.0234 0.1705
vn 0.5004 0.5296 -0.6849
vn -0.9567 -0.1120 0.2687
vn 0.3306 0.5933 -0.7339
vn -0.9223 -0.1798 0.3420
vn 0.0588 0.6489 -0.7586
vn -0.8854 -0.2354 0.4009
vn -0.3420 0.6391 -0.6889
vn 0.8024 0.3295 -0.4976
vn -0.8458 -0.2841 0.4515
vn -0.7400 0.4909 -0.4597
vn 0.7523 0.3743 -0.5421
vn -0.9253 -0.2119 0.3144
vn 0.0439 0.5190 -0.8537
vn -0.8873 -0.2539 0.3850
vn -0.3535 0.4794 -0.8033
vn 0.8016 0.3233 -0.5028
vn -0.8465 -0.2901 0.4464
vn -0.7446 0.3337 -0.5780
vn 0.7500 0.3556 -0.5578
vn -0.9474 0.1500 -0.2828
vn 0.6871 0.3883 -0.6141
vn -0.9988 0.0071 -0.0493
vn 0.6053 0.4230 -0.6743
vn -0.9895 -0.0909 0.1125
vn 0.4908 0.4601 -0.7399
vn -0.9606 -0.1599 0.2274
vn 0.3177 0.4972 -0.8074
vn -0.9894 -0.0942 -0.1103
vn 0.6053 0.3691 -0.7052
vn -0.9840 -0.1649 0.0670
vn 0.4906 0.3840 -0.7822
vn -0.9575 -0.2127 0.1948
vn 0.3179 0.3924 -0.8631
vn -0.9237 -0.2474 0.2925
vn 0.0464 0.3790 -0.9242
vn -0.8866 -0.2744 0.3725
vn -0.3434 0.3093 -0.8868
vn 0.8018 0.3167 -0.5068
vn -0.8463 -0.2969 0.4422
vn -0.7276 0.1663 -0.6656
vn 0.7502 0.3349 -0.5701
vn -0.9327 0.0146 -0.3604
vn 0.6873 0.3523 -0.6352
vn -0.8832 -0.2960 0.3637
vn -0.3140 0.1365 -0.9396
vn 0.8028 0.3096 -0.5096
vn -0.8453 -0.3039 0.4394
vn -0.6920 -0.0042 -0.7219
vn 0.7531 0.3131 -0.5786
vn -0.9025 -0.1252 -0.4121
vn 0.6921 0.3144 -0.6497
vn -0.9680 -0.1999 -0.1520
vn 0.6122 0.3125 -0.7263
vn -0.9695 -0.2427 0.0355
vn 0.5001 0.3044 -0.8107
vn -0.9478 -0.2683 0.1721
vn 0.3310 0.2837 -0.9000
vn -0.9176 -0.2848 0.2772
vn 0.0658 0.2352 -0.9697
vn 0.6258 0.2553 -0.7370
vn -0.9468 -0.3213 0.0191
vn 0.5189 0.2243 -0.8249
vn -0.9322 -0.3247 0.1602
vn 0.3566 0.1749 -0.9177
vn -0.9074 -0.3228 0.2692
vn 0.1009 0.0927 -0.9906
vn -0.8775 -0.3180 0.3591
vn -0.2675 -0.0335 -0.9630
vn 0.8046 0.3023 -0.5112
vn -0.8435 -0.3112 0.4379
vn -0.6410 -0.1725 -0.7479
vn 0.7586 0.2910 -0.5830
vn -0.8593 -0.2647 -0.4376
vn 0.7014 0.2761 -0.6572
vn -0.9360 -0.3063 -0.1733
vn -0.2060 -0.1967 -0.9586
vn 0.8071 0.2953 -0.5112
vn -0.8409 -0.3182 0.4378
vn -0.5771 -0.3348 -0.7449
vn 0.7664 0.2695 -0.5832
vn -0.8055 -0.4002 -0.4371
vn 0.7148 0.2387 -0.6573
vn -0.8953 -0.4101 -0.1740
vn 0.6456 0.1997 -0.7371
vn -0.9171 -0.3982 0.0183
vn 0.5465 0.1467 -0.8245
vn -0.9112 -0.3799 0.1594
vn 0.3940 0.0699 -0.9165
vn -0.8934 -0.3599 0.2687
vn 0.1505 -0.0443 -0.9876
vn -0.8695 -0.3395 0.3588
vn -0.8817 -0.4707 0.0330
vn 0.5819 0.0742 -0.8099
vn -0.8858 -0.4318 0.1700
vn 0.4419 -0.0282 -0.8966
vn -0.8763 -0.3949 0.2758
vn 0.2131 -0.1724 -0.9617
vn -0.8596 -0.3596 0.3629
vn -0.1311 -0.3498 -0.9276
vn 0.8104 0.2887 -0.5099
vn -0.8376 -0.3248 0.4392
vn -0.5023 -0.4880 -0.7139
vn 0.7762 0.2493 -0.5791
vn -0.7429 -0.5283 -0.4112
vn 0.7318 0.2038 -0.6503
vn -0.8474 -0.5081 -0.1542
vn 0.6710 0.1477 -0.7266
vn 0.8141 0.2828 -0.5072
vn -0.8339 -0.3307 0.4418
vn -0.4179 -0.6290 -0.6555
vn 0.7878 0.2313 -0.5709
vn -0.6731 -0.6458 -0.3605
vn 0.7520 0.1726 -0.6362
vn -0.7937 -0.5974 -0.1144
vn 0.7011 0.1013 -0.7059
vn -0.8417 -0.5363 0.0626
vn 0.6240 0.0093 -0.7814
vn -0.8569 -0.4786 0.1913
vn 0.4989 -0.1162 -0.8588
vn -0.8568 -0.4263 0.2902
vn 0.2872 -0.2883 -0.9135
vn -0.8483 -0.3777 0.3712
vn -0.0444 -0.4900 -0.8706
vn 0.6712 -0.0456 -0.7399
vn -0.8255 -0.5186 0.2227
vn 0.5632 -0.1914 -0.8039
vn -0.8354 -0.4530 0.3113
vn 0.3708 -0.3887 -0.8435
vn -0.8358 -0.3931 0.3833
vn 0.0527 -0.6137 -0.7878
vn 0.8183 0.2778 -0.5032
vn -0.8298 -0.3357 0.4458
vn -0.3253 -0.7544 -0.5701
vn 0.8005 0.2161 -0.5590
vn -0.5975 -0.7492 -0.2859
vn 0.7743 0.1463 -0.6157
vn -0.7358 -0.6749 -0.0559
vn 0.7346 0.0622 -0.6757
vn -0.7984 -0.5927 0.1064
vn -0.2261 -0.8598 -0.4580
vn 0.8141 0.2043 -0.5437
vn -0.5177 -0.8345 -0.1886
vn 0.7980 0.1258 -0.5894
vn -0.6749 -0.7376 0.0199
vn 0.7703 0.0317 -0.6370
vn -0.7530 -0.6376 0.1627
vn 0.7217 -0.0887 -0.6865
vn -0.7926 -0.5501 0.2630
vn 0.6323 -0.2509 -0.7329
vn -0.8130 -0.4739 0.3383
vn 0.4614 -0.4701 -0.7524
vn -0.8227 -0.4050 0.3989
vn 0.1581 -0.7167 -0.6792
vn 0.8226 0.2740 -0.4982
vn -0.8255 -0.3396 0.4509
vn -0.7592 -0.5718 0.3107
vn 0.7036 -0.2923 -0.6476
vn -0.7903 -0.4882 0.3703
vn 0.5558 -0.5284 -0.6417
vn -0.8095 -0.4131 0.4173
vn 0.2688 -0.7937 -0.5457
vn 0.8271 0.2714 -0.4922
vn -0.8211 -0.3422 0.4569
vn -0.1224 -0.9393 -0.3204
vn 0.8278 0.1964 -0.5256
vn -0.4354 -0.8974 -0.0709
vn 0.8221 0.1121 -0.5582
vn -0.6129 -0.7824 0.1105
vn 0.8066 0.0111 -0.5910
vn -0.7069 -0.6691 0.2295
vn 0.7734 -0.1180 -0.6229
vn -0.3531 -0.9334 0.0635
vn 0.8455 0.1055 -0.5234
vn -0.5514 -0.8067 0.2127
vn 0.8421 0.0012 -0.5394
vn -0.6615 -0.6854 0.3044
vn 0.8239 -0.1324 -0.5510
vn -0.7266 -0.5828 0.3640
vn 0.7738 -0.3134 -0.5505
vn -0.7682 -0.4952 0.4059
vn 0.6497 -0.5601 -0.5140
vn -0.7966 -0.4171 0.4377
vn 0.3803 -0.8387 -0.3899
vn 0.8314 0.2701 -0.4856
vn -0.8168 -0.3434 0.4635
vn -0.0177 -0.9868 -0.1607
vn 0.8411 0.1926 -0.5054
vn -0.7473 -0.4947 0.4437
vn 0.7381 -0.5620 -0.3734
vn -0.7844 -0.4166 0.4594
vn 0.4867 -0.8462 -0.2169
vn 0.8354 0.2703 -0.4786
vn -0.8128 -0.3433 0.4706
vn 0.0832 -0.9964 0.0154
vn 0.8536 0.1931 -0.4839
vn -0.2739 -0.9387 0.2094
vn 0.8674 0.1064 -0.4861
vn -0.4926 -0.8084 0.3222
vn 0.8751 0.0024 -0.4840
vn -0.6185 -0.6854 0.3842
vn 0.8710 -0.1310 -0.4735
vn -0.6957 -0.5823 0.4206
vn 0.8393 -0.3125 -0.4448
vn 0.8867 0.1148 -0.4479
vn -0.4389 -0.7866 0.4343
vn 0.9042 0.0149 -0.4270
vn -0.5794 -0.6690 0.4657
vn 0.9123 -0.1137 -0.3933
vn -0.6678 -0.5703 0.4783
vn 0.8967 -0.2894 -0.3349
vn -0.7285 -0.4865 0.4822
vn 0.8156 -0.5325 -0.2262
vn -0.7736 -0.4119 0.4815
vn 0.5813 -0.8129 -0.0349
vn 0.8390 0.2718 -0.4714
vn -0.8093 -0.3417 0.4778
vn 0.1748 -0.9643 0.1991
vn 0.8646 0.1979 -0.4618
vn -0.2014 -0.9111 0.3595
vn 0.8777 -0.4725 -0.0796
vn -0.7644 -0.4030 0.5033
vn 0.6577 -0.7391 0.1455
vn 0.8420 0.2748 -0.4642
vn -0.8063 -0.3388 0.4849
vn 0.2512 -0.8904 0.3796
vn 0.8738 0.2068 -0.4401
vn -0.1394 -0.8511 0.5061
vn 0.9027 0.1302 -0.4101
vn -0.3927 -0.7419 0.5435
vn 0.9280 0.0379 -0.3706
vn -0.5457 -0.6364 0.5451
vn 0.9460 -0.0811 -0.3139
vn -0.6439 -0.5472 0.5347
vn 0.9430 -0.2446 -0.2256
vn -0.7125 -0.4711 0.5200
vn -0.3560 -0.6763 0.6449
vn 0.9458 0.0708 -0.3171
vn -0.5190 -0.5893 0.6192
vn 0.9705 -0.0348 -0.2385
vn -0.6250 -0.5140 0.5875
vn 0.9760 -0.1805 -0.1222
vn -0.7000 -0.4489 0.5554
vn 0.9210 -0.3852 0.0585
vn -0.7572 -0.3903 0.5238
vn 0.7113 -0.6291 0.3135
vn 0.8443 0.2788 -0.4576
vn -0.8039 -0.3347 0.4916
vn 0.3078 -0.7793 0.5458
vn 0.8808 0.2195 -0.4195
vn -0.0910 -0.7619 0.6413
vn 0.9147 0.1522 -0.3744
vn -0.7523 -0.3743 0.5421
vn 0.7400 -0.4909 0.4597
vn 0.8458 0.2841 -0.4515
vn -0.8024 -0.3295 0.4977
vn 0.3421 -0.6391 0.6889
vn 0.8854 0.2354 -0.4009
vn -0.0588 -0.6489 0.7586
vn 0.9223 0.1798 -0.3420
vn -0.3306 -0.5933 0.7339
vn 0.9567 0.1120 -0.2687
vn -0.5004 -0.5296 0.6850
vn 0.9851 0.0234 -0.1705
vn -0.6120 -0.4720 0.6346
vn 0.9946 -0.1000 -0.0292
vn -0.6914 -0.4210 0.5872
vn 0.9441 -0.2756 0.1811
vn 0.9606 0.1599 -0.2274
vn -0.4908 -0.4602 0.7399
vn 0.9895 0.0909 -0.1125
vn -0.6053 -0.4230 0.6743
vn 0.9988 -0.0071 0.0493
vn -0.6870 -0.3883 0.6141
vn 0.9474 -0.1500 0.2828
vn -0.7500 -0.3556 0.5578
vn 0.7446 -0.3337 0.5780
vn 0.8465 0.2901 -0.4463
vn -0.8016 -0.3233 0.5028
vn 0.3535 -0.4793 0.8033
vn 0.8873 0.2539 -0.3850
vn -0.0439 -0.5190 0.8537
vn 0.9253 0.2119 -0.3144
vn -0.3177 -0.4972 0.8074
vn 0.7276 -0.1663 0.6656
vn 0.8463 0.2969 -0.4422
vn -0.8018 -0.3167 0.5068
vn 0.3434 -0.3093 0.8868
vn 0.8866 0.2744 -0.3725
vn -0.0464 -0.3790 0.9242
vn 0.9237 0.2474 -0.2925
vn -0.3179 -0.3924 0.8631
vn 0.9575 0.2127 -0.1948
vn -0.4906 -0.3840 0.7822
vn 0.9840 0.1649 -0.0670
vn -0.6053 -0.3691 0.7052
vn 0.9894 0.0942 0.1103
vn -0.6873 -0.3524 0.6352
vn 0.9327 -0.0146 0.3604
vn -0.7502 -0.3349 0.5701
vn -0.5001 -0.3044 0.8107
vn 0.9695 0.2427 -0.0355
vn -0.6122 -0.3125 0.7263
vn 0.9680 0.1999 0.1520
vn -0.6921 -0.3145 0.6497
vn 0.9025 0.1252 0.4121
vn -0.7531 -0.3131 0.5786
vn 0.6920 0.0042 0.7219
vn 0.8453 0.3040 -0.4394
vn -0.8028 -0.3096 0.5097
vn 0.3140 -0.1365 0.9396
vn 0.8832 0.2960 -0.3637
vn -0.0658 -0.2352 0.9697
vn 0.9176 0.2848 -0.2772
vn -0.3310 -0.2837 0.9000
vn 0.9478 0.2683 -0.1721
vn -0.8046 -0.3023 0.5111
vn 0.2675 0.0335 0.9630
vn 0.8775 0.3180 -0.3591
vn -0.1009 -0.0927 0.9906
vn 0.9074 0.3228 -0.2692
vn -0.3566 -0.1749 0.9177
vn 0.9321 0.3247 -0.1602
vn -0.5189 -0.2243 0.8249
vn 0.9468 0.3213 -0.0191
vn -0.6258 -0.2552 0.7370
vn 0.9360 0.3063 0.1733
vn -0.7014 -0.2761 0.6572
vn 0.8593 0.2647 0.4376
vn -0.7586 -0.2910 0.5830
vn 0.6410 0.1725 0.7479
vn 0.8435 0.3111 -0.4379
vn -0.6456 -0.1997 0.7371
vn 0.8953 0.4101 0.1740
vn -0.7148 -0.2387 0.6573
vn 0.8055 0.4002 0.4371
vn -0.7664 -0.2695 0.5832
vn 0.5771 0.3348 0.7449
vn 0.8409 0.3182 -0.4378
vn -0.8071 -0.2953 0.5112
vn 0.2060 0.1966 0.9586
vn 0.8695 0.3395 -0.3588
vn -0.1505 0.0443 0.9876
vn 0.8934 0.3600 -0.2687
vn -0.3940 -0.0699 0.9165
vn 0.9112 0.3799 -0.1595
vn -0.5465 -0.1467 0.8245
vn 0.9171 0.3982 -0.0183
vn 0.8596 0.3596 -0.3629
vn -0.2131 0.1724 0.9617
vn 0.8763 0.3949 -0.2758
vn -0.4419 0.0282 0.8966
vn 0.8858 0.4318 -0.1700
vn -0.5819 -0.0742 0.8099
vn 0.8817 0.4707 -0.0330
vn -0.6710 -0.1477 0.7266
vn 0.8474 0.5081 0.1542
vn -0.7319 -0.2038 0.6503
vn 0.7429 0.5283 0.4112
vn -0.7762 -0.2493 0.5791
vn 0.5022 0.4880 0.7139
vn 0.8376 0.3248 -0.4392
vn -0.8104 -0.2887 0.5099
vn 0.1311 0.3498 0.9276
vn 0.7937 0.5974 0.1144
vn -0.7520 -0.1726 0.6362
vn 0.6731 0.6458 0.3605
vn -0.7878 -0.2313 0.5709
vn 0.4179 0.6290 0.6555
vn 0.8339 0.3307 -0.4418
vn -0.8141 -0.2828 0.5072
vn 0.0444 0.4900 0.8706
vn 0.8483 0.3777 -0.3712
vn -0.2872 0.2883 0.9135
vn 0.8568 0.4263 -0.2902
vn -0.4989 0.1162 0.8588
vn 0.8569 0.4786 -0.1913
vn -0.6240 -0.0093 0.7814
vn 0.8417 0.5363 -0.0626
vn -0.7011 -0.1013 0.7059
vn -0.3708 0.3887 0.8435
vn 0.8354 0.4530 -0.3113
vn -0.5632 0.1914 0.8039
vn 0.8255 0.5186 -0.2227
vn -0.6712 0.0456 0.7399
vn 0.7984 0.5927 -0.1064
vn -0.7346 -0.0622 0.6757
vn 0.7358 0.6749 0.0559
vn -0.7743 -0.1463 0.6157
vn 0.5975 0.7492 0.2859
vn -0.8005 -0.2161 0.5590
vn 0.3253 0.7544 0.5701
vn 0.8298 0.3357 -0.4458
vn -0.8183 -0.2778 0.5032
vn -0.0527 0.6137 0.7878
vn 0.8358 0.3931 -0.3833
vn -0.7980 -0.1258 0.5894
vn 0.5177 0.8345 0.1886
vn -0.8141 -0.2043 0.5436
vn 0.2260 0.8598 0.4580
vn 0.8255 0.3396 -0.4509
vn -0.8226 -0.2740 0.4982
vn -0.1581 0.7167 0.6792
vn 0.8227 0.4050 -0.3989
vn -0.4614 0.4701 0.7524
vn 0.8130 0.4739 -0.3383
vn -0.6323 0.2509 0.7329
vn 0.7926 0.5501 -0.2630
vn -0.7217 0.0887 0.6865
vn 0.7530 0.6376 -0.1627
vn -0.7703 -0.0317 0.6369
vn 0.6749 0.7376 -0.0199
vn 0.7903 0.4882 -0.3703
vn -0.7036 0.2923 0.6476
vn 0.7592 0.5718 -0.3107
vn -0.7734 0.1180 0.6229
vn 0.7069 0.6690 -0.2295
vn -0.8066 -0.0111 0.5910
vn 0.6129 0.7824 -0.1105
vn -0.8221 -0.1121 0.5582
vn 0.4354 0.8974 0.0709
vn -0.8278 -0.1964 0.5256
vn 0.1224 0.9393 0.3204
vn 0.8211 0.3422 -0.4569
vn -0.8271 -0.2714 0.4923
vn -0.2688 0.7937 0.5457
vn 0.8095 0.4131 -0.4173
vn -0.5558 0.5284 0.6417
vn 0.3531 0.9334 -0.0635
vn -0.8411 -0.1926 0.5054
vn 0.0177 0.9868 0.1607
vn 0.8168 0.3435 -0.4635
vn -0.8314 -0.2701 0.4856
vn -0.3803 0.8387 0.3899
vn 0.7966 0.4170 -0.4377
vn -0.6497 0.5601 0.5140
vn 0.7682 0.4952 -0.4059
vn -0.7738 0.3134 0.5505
vn 0.7266 0.5828 -0.3640
vn -0.8239 0.1324 0.5510
vn 0.6615 0.6854 -0.3044
vn -0.8421 -0.0012 0.5394
vn 0.5514 0.8067 -0.2127
vn -0.8455 -0.1055 0.5234
vn -0.8393 0.3125 0.4448
vn 0.6957 0.5823 -0.4206
vn -0.8710 0.1310 0.4735
vn 0.6185 0.6854 -0.3842
vn -0.8751 -0.0025 0.4840
vn 0.4926 0.8084 -0.3222
vn -0.8674 -0.1064 0.4861
vn 0.2739 0.9387 -0.2094
vn -0.8536 -0.1931 0.4839
vn -0.0832 0.9964 -0.0154
vn 0.8128 0.3433 -0.4706
vn -0.8354 -0.2703 0.4786
vn -0.4867 0.8462 0.2169
vn 0.7844 0.4166 -0.4594
vn -0.7381 0.5620 0.3734
vn 0.7473 0.4947 -0.4437
vn -0.8646 -0.1979 0.4618
vn -0.1748 0.9643 -0.1991
vn 0.8093 0.3418 -0.4778
vn -0.8390 -0.2718 0.4713
vn -0.5813 0.8129 0.0350
vn 0.7736 0.4119 -0.4816
vn -0.8156 0.5325 0.2262
vn 0.7285 0.4865 -0.4822
vn -0.8967 0.2894 0.3349
vn 0.6678 0.5703 -0.4783
vn -0.9123 0.1137 0.3933
vn 0.5794 0.6690 -0.4657
vn -0.9042 -0.0149 0.4270
vn 0.4389 0.7866 -0.4343
vn -0.8867 -0.1148 0.4479
vn 0.2014 0.9111 -0.3595
vn -0.8958 0.2875 -0.3389
vn 0.4593 0.8868 -0.0507
vn 0.9366 -0.1427 0.3200
vn -0.9192 0.2145 -0.3303
vn -0.0078 0.9767 -0.2143
vn 0.9491 -0.0676 0.3076
vn -0.3981 0.8633 -0.3102
vn 0.9564 0.0160 0.2917
vn -0.6226 0.7026 -0.3446
vn 0.9559 0.1153 0.2701
vn -0.7452 0.5659 -0.3528
vn 0.9408 0.2413 0.2380
vn -0.8174 0.4566 -0.3514
vn 0.8924 0.4110 0.1863
vn -0.8637 0.3663 -0.3461
vn 0.7624 0.6399 0.0965
vn 0.9228 0.3771 0.0787
vn -0.8530 0.3547 -0.3830
vn 0.8033 0.5936 -0.0486
vn -0.8896 0.2809 -0.3601
vn 0.5104 0.8286 -0.2300
vn 0.9386 -0.1448 0.3131
vn -0.9172 0.2123 -0.3372
vn 0.0443 0.9183 -0.3934
vn 0.9552 -0.0742 0.2864
vn -0.3555 0.8166 -0.4547
vn 0.9670 0.0044 0.2548
vn -0.5909 0.6684 -0.4518
vn 0.9717 0.0980 0.2148
vn -0.7223 0.5412 -0.4306
vn 0.9630 0.2169 0.1600
vn -0.8012 0.4392 -0.4065
vn -0.3211 0.7422 -0.5883
vn 0.9753 -0.0140 0.2203
vn -0.5652 0.6138 -0.5512
vn 0.9841 0.0703 0.1632
vn -0.7037 0.5019 -0.5029
vn 0.9802 0.1778 0.0872
vn -0.7881 0.4114 -0.4578
vn 0.9462 0.3229 -0.0216
vn -0.8443 0.3362 -0.4173
vn 0.8344 0.5197 -0.1833
vn -0.8847 0.2702 -0.3799
vn 0.5495 0.7358 -0.3959
vn 0.9402 -0.1483 0.3066
vn -0.9156 0.2089 -0.3437
vn 0.0854 0.8251 -0.5585
vn 0.9601 -0.0848 0.2666
vn -0.8381 0.3115 -0.4479
vn 0.8548 0.4217 -0.3023
vn -0.8812 0.2560 -0.3975
vn 0.5754 0.6130 -0.5414
vn 0.9413 -0.1529 0.3009
vn -0.9144 0.2042 -0.3494
vn 0.1138 0.7019 -0.7031
vn 0.9635 -0.0990 0.2489
vn -0.2966 0.6434 -0.7058
vn 0.9811 -0.0386 0.1896
vn -0.5467 0.5411 -0.6390
vn 0.9925 0.0335 0.1173
vn -0.6903 0.4495 -0.5669
vn 0.9918 0.1257 0.0226
vn -0.7787 0.3744 -0.5034
vn 0.9617 0.2508 -0.1105
vn -0.5361 0.4534 -0.7120
vn 0.9968 -0.0112 0.0789
vn -0.6827 0.3861 -0.6204
vn 0.9975 0.0627 -0.0315
vn -0.7734 0.3296 -0.5415
vn 0.9691 0.1637 -0.1846
vn -0.8346 0.2816 -0.4734
vn 0.8642 0.3040 -0.4010
vn -0.8792 0.2388 -0.4122
vn 0.5876 0.4663 -0.6613
vn 0.9419 -0.1586 0.2960
vn -0.9138 0.1986 -0.3543
vn 0.1287 0.5547 -0.8221
vn 0.9652 -0.1162 0.2341
vn -0.2828 0.5247 -0.8029
vn 0.9841 -0.0685 0.1639
vn -0.8789 0.2193 -0.4236
vn 0.5862 0.3020 -0.7518
vn 0.9420 -0.1649 0.2924
vn -0.9137 0.1922 -0.3580
vn 0.1299 0.3898 -0.9117
vn 0.9654 -0.1357 0.2227
vn -0.2803 0.3913 -0.8765
vn 0.9842 -0.1024 0.1441
vn -0.5339 0.3544 -0.7677
vn 0.9969 -0.0619 0.0494
vn -0.6812 0.3142 -0.6612
vn 0.9973 -0.0088 -0.0730
vn -0.7725 0.2787 -0.5707
vn 0.9683 0.0652 -0.2413
vn -0.8340 0.2475 -0.4930
vn 0.8626 0.1713 -0.4760
vn 0.9927 -0.1167 0.0299
vn -0.6859 0.2367 -0.6881
vn 0.9912 -0.0861 -0.1003
vn -0.7759 0.2237 -0.5899
vn 0.9596 -0.0409 -0.2785
vn -0.8364 0.2108 -0.5060
vn 0.8506 0.0288 -0.5251
vn -0.8803 0.1981 -0.4310
vn 0.5719 0.1263 -0.8105
vn 0.9415 -0.1718 0.2899
vn -0.9142 0.1853 -0.3604
vn 0.1174 0.2138 -0.9698
vn 0.9639 -0.1569 0.2152
vn -0.2893 0.2482 -0.9245
vn 0.9816 -0.1391 0.1311
vn -0.5404 0.2478 -0.8041
vn 0.5456 -0.0545 -0.8363
vn 0.9405 -0.1790 0.2888
vn -0.9152 0.1781 -0.3615
vn 0.0920 0.0328 -0.9952
vn 0.9608 -0.1788 0.2119
vn -0.3093 0.1007 -0.9456
vn 0.9762 -0.1772 0.1253
vn -0.5552 0.1376 -0.8202
vn 0.9846 -0.1736 0.0212
vn -0.6968 0.1565 -0.7000
vn 0.9797 -0.1662 -0.1125
vn -0.7836 0.1667 -0.5984
vn 0.9435 -0.1508 -0.2950
vn -0.8416 0.1726 -0.5117
vn 0.8289 -0.1184 -0.5468
vn -0.8833 0.1761 -0.4344
vn -0.7134 0.0766 -0.6966
vn 0.9631 -0.2461 -0.1091
vn -0.7954 0.1100 -0.5960
vn 0.9208 -0.2606 -0.2904
vn -0.8495 0.1346 -0.5101
vn 0.7984 -0.2652 -0.5405
vn -0.8879 0.1543 -0.4334
vn 0.5082 -0.2347 -0.8286
vn 0.9390 -0.1862 0.2891
vn -0.9167 0.1710 -0.3612
vn 0.0547 -0.1474 -0.9876
vn 0.9563 -0.2007 0.2128
vn -0.3397 -0.0461 -0.9394
vn 0.9683 -0.2152 0.1269
vn -0.5780 0.0279 -0.8156
vn 0.9728 -0.2304 0.0236
vn 0.9371 -0.1930 0.2908
vn -0.9186 0.1641 -0.3595
vn 0.0065 -0.3209 -0.9471
vn 0.9504 -0.2217 0.2180
vn -0.3796 -0.1872 -0.9060
vn 0.9582 -0.2517 0.1359
vn -0.6078 -0.0774 -0.7903
vn 0.9578 -0.2849 0.0371
vn -0.7351 -0.0001 -0.6780
vn 0.9421 -0.3229 -0.0903
vn -0.8108 0.0555 -0.5827
vn 0.8921 -0.3661 -0.2647
vn -0.8598 0.0982 -0.5012
vn 0.7603 -0.4066 -0.5066
vn -0.8938 0.1333 -0.4283
vn 0.4611 -0.4084 -0.7878
vn 0.9175 -0.3937 -0.0567
vn -0.8291 0.0055 -0.5591
vn 0.8586 -0.4636 -0.2188
vn -0.8720 0.0647 -0.4853
vn 0.7156 -0.5377 -0.4459
vn -0.9008 0.1140 -0.4191
vn 0.4054 -0.5699 -0.7147
vn 0.9349 -0.1993 0.2938
vn -0.9209 0.1578 -0.3565
vn -0.0509 -0.4820 -0.8747
vn 0.9436 -0.2410 0.2272
vn -0.4273 -0.3177 -0.8465
vn 0.9463 -0.2853 0.1519
vn -0.6436 -0.1744 -0.7452
vn 0.9402 -0.3351 0.0610
vn -0.7610 -0.0706 -0.6449
vn -0.1159 -0.6250 -0.7720
vn 0.9359 -0.2579 0.2401
vn -0.4813 -0.4327 -0.7623
vn 0.9331 -0.3147 0.1743
vn -0.6839 -0.2596 -0.6818
vn 0.9205 -0.3790 0.0945
vn -0.7902 -0.1324 -0.5984
vn 0.8900 -0.4558 -0.0095
vn -0.8497 -0.0383 -0.5258
vn 0.8212 -0.5493 -0.1543
vn -0.8857 0.0354 -0.4630
vn 0.6657 -0.6535 -0.3604
vn -0.9086 0.0971 -0.4062
vn 0.3430 -0.7133 -0.6112
vn 0.9323 -0.2049 0.2980
vn -0.9234 0.1523 -0.3523
vn -0.8717 -0.0741 -0.4843
vn 0.7812 -0.6200 -0.0735
vn -0.9003 0.0115 -0.4351
vn 0.6120 -0.7494 -0.2526
vn -0.9170 0.0834 -0.3902
vn 0.2756 -0.8328 -0.4800
vn 0.9296 -0.2093 0.3033
vn -0.9261 0.1478 -0.3470
vn -0.1860 -0.7440 -0.6418
vn 0.9277 -0.2717 0.2562
vn -0.5394 -0.5278 -0.6561
vn 0.9189 -0.3387 0.2024
vn -0.7272 -0.3296 -0.6021
vn 0.8995 -0.4150 0.1364
vn -0.8215 -0.1830 -0.5401
vn 0.8607 -0.5067 0.0494
vn -0.5992 -0.5988 -0.5314
vn 0.9043 -0.3564 0.2348
vn -0.7716 -0.3816 -0.5089
vn 0.8779 -0.4416 0.1850
vn -0.8535 -0.2204 -0.4722
vn 0.8304 -0.5445 0.1179
vn -0.8943 -0.1005 -0.4361
vn 0.7398 -0.6725 0.0207
vn -0.9153 -0.0062 -0.4028
vn 0.5564 -0.8213 -0.1264
vn -0.9255 0.0732 -0.3715
vn 0.2055 -0.9229 -0.3255
vn 0.9269 -0.2126 0.3094
vn -0.9289 0.1445 -0.3409
vn -0.2585 -0.8336 -0.4881
vn 0.9192 -0.2818 0.2749
vn -0.9300 -0.0169 -0.3672
vn 0.5007 -0.8655 0.0133
vn -0.9340 0.0671 -0.3510
vn 0.1356 -0.9788 -0.1533
vn 0.9241 -0.2147 0.3161
vn -0.9316 0.1425 -0.3342
vn -0.3304 -0.8891 -0.3166
vn 0.9109 -0.2880 0.2955
vn -0.6580 -0.6425 -0.3927
vn 0.8899 -0.3671 0.2706
vn -0.8152 -0.4133 -0.4059
vn 0.8565 -0.4578 0.2384
vn -0.8849 -0.2431 -0.3973
vn 0.8004 -0.5675 0.1933
vn -0.9164 -0.1166 -0.3829
vn 0.6985 -0.7046 0.1246
vn 0.8762 -0.3705 0.3081
vn -0.8560 -0.4233 -0.2968
vn 0.8361 -0.4628 0.2946
vn -0.9144 -0.2502 -0.3182
vn 0.7716 -0.5747 0.2727
vn -0.9372 -0.1215 -0.3268
vn 0.6590 -0.7148 0.2341
vn -0.9439 -0.0202 -0.3297
vn 0.4473 -0.8798 0.1610
vn -0.9419 0.0652 -0.3295
vn 0.0687 -0.9972 0.0293
vn 0.9215 -0.2153 0.3231
vn -0.9342 0.1419 -0.3272
vn -0.3984 -0.9073 -0.1344
vn 0.9030 -0.2899 0.3171
vn -0.7133 -0.6564 -0.2457
vn 0.3981 -0.8633 0.3102
vn -0.9491 0.0676 -0.3076
vn 0.0078 -0.9767 0.2143
vn 0.9192 -0.2145 0.3303
vn -0.9366 0.1427 -0.3200
vn -0.4593 -0.8868 0.0507
vn 0.8958 -0.2875 0.3389
vn -0.7624 -0.6399 -0.0965
vn 0.8637 -0.3663 0.3461
vn -0.8924 -0.4110 -0.1863
vn 0.8174 -0.4566 0.3514
vn -0.9408 -0.2413 -0.2380
vn 0.7452 -0.5659 0.3528
vn -0.9559 -0.1153 -0.2701
vn 0.6226 -0.7026 0.3446
vn -0.9564 -0.0160 -0.2917
vn -0.9228 -0.3771 -0.0787
vn 0.8012 -0.4392 0.4065
vn -0.9630 -0.2169 -0.1600
vn 0.7223 -0.5412 0.4306
vn -0.9717 -0.0980 -0.2148
vn 0.5909 -0.6684 0.4518
vn -0.9670 -0.0044 -0.2548
vn 0.3555 -0.8166 0.4547
vn -0.9552 0.0742 -0.2864
vn -0.0443 -0.9183 0.3934
vn 0.9172 -0.2123 0.3372
vn -0.9386 0.1449 -0.3131
vn -0.5104 -0.8286 0.2301
vn 0.8896 -0.2808 0.3601
vn -0.8033 -0.5936 0.0486
vn 0.8530 -0.3547 0.3830
vn -0.9601 0.0848 -0.2665
vn -0.0854 -0.8251 0.5585
vn 0.9156 -0.2089 0.3437
vn -0.9402 0.1483 -0.3066
vn -0.5495 -0.7358 0.3959
vn 0.8847 -0.2702 0.3799
vn -0.8344 -0.5197 0.1833
vn 0.8443 -0.3362 0.4173
vn -0.9462 -0.3229 0.0216
vn 0.7881 -0.4114 0.4578
vn -0.9802 -0.1778 -0.0872
vn 0.7037 -0.5019 0.5029
vn -0.9841 -0.0703 -0.1632
vn 0.5652 -0.6138 0.5512
vn -0.9753 0.0140 -0.2203
vn 0.3211 -0.7422 0.5883
vn 0.7787 -0.3744 0.5034
vn -0.9918 -0.1257 -0.0225
vn 0.6903 -0.4495 0.5669
vn -0.9925 -0.0335 -0.1173
vn 0.5467 -0.5411 0.6390
vn -0.9811 0.0386 -0.1896
vn 0.2966 -0.6433 0.7058
vn -0.9635 0.0990 -0.2489
vn -0.1138 -0.7019 0.7031
vn 0.9144 -0.2043 0.3494
vn -0.9413 0.1529 -0.3009
vn -0.5754 -0.6130 0.5414
vn 0.8812 -0.2560 0.3975
vn -0.8548 -0.4217 0.3023
vn 0.8381 -0.3115 0.4479
vn -0.9617 -0.2508 0.1104
vn -0.1287 -0.5547 0.8221
vn 0.9138 -0.1986 0.3543
vn -0.9419 0.1586 -0.2960
vn -0.5876 -0.4663 0.6613
vn 0.8792 -0.2388 0.4122
vn -0.8642 -0.3040 0.4010
vn 0.8346 -0.2816 0.4734
vn -0.9691 -0.1637 0.1846
vn 0.7734 -0.3296 0.5415
vn -0.9975 -0.0627 0.0315
vn 0.6827 -0.3861 0.6204
vn -0.9968 0.0112 -0.0789
vn 0.5361 -0.4534 0.7120
vn -0.9841 0.0685 -0.1639
vn 0.2828 -0.5247 0.8029
vn -0.9652 0.1162 -0.2341
vn -0.9973 0.0088 0.0730
vn 0.6812 -0.3142 0.6612
vn -0.9969 0.0619 -0.0494
vn 0.5339 -0.3544 0.7677
vn -0.9842 0.1024 -0.1441
vn 0.2803 -0.3913 0.8765
vn -0.9654 0.1357 -0.2227
vn -0.1299 -0.3898 0.9117
vn 0.9137 -0.1923 0.3579
vn -0.9420 0.1650 -0.2923
vn -0.5862 -0.3020 0.7518
vn 0.8789 -0.2192 0.4236
vn -0.8626 -0.1713 0.4760
vn 0.8340 -0.2475 0.4930
vn -0.9683 -0.0652 0.2413
vn 0.7725 -0.2787 0.5706
vn -0.9415 0.1718 -0.2899
vn -0.5719 -0.1263 0.8105
vn 0.8803 -0.1981 0.4310
vn -0.8506 -0.0288 0.5251
vn 0.8364 -0.2108 0.5060
vn -0.9596 0.0409 0.2785
vn 0.7759 -0.2237 0.5899
vn -0.9912 0.0861 0.1003
vn 0.6859 -0.2367 0.6881
vn -0.9927 0.1167 -0.0299
vn 0.5404 -0.2478 0.8041
vn -0.9816 0.1391 -0.1311
vn 0.2893 -0.2482 0.9245
vn -0.9639 0.1569 -0.2152
vn -0.1174 -0.2138 0.9698
vn 0.9142 -0.1853 0.3604
vn -0.9846 0.1736 -0.0212
vn 0.5552 -0.1376 0.8202
vn -0.9762 0.1772 -0.1253
vn 0.3093 -0.1007 0.9456
vn -0.9608 0.1788 -0.2119
vn -0.0921 -0.0328 0.9952
vn 0.9152 -0.1781 0.3615
vn -0.9405 0.1790 -0.2888
vn -0.5456 0.0545 0.8363
vn 0.8833 -0.1762 0.4344
vn -0.8289 0.1184 0.5468
vn 0.8416 -0.1727 0.5117
vn -0.9435 0.1508 0.2950
vn 0.7836 -0.1667 0.5984
vn -0.9797 0.1662 0.1125
vn 0.6968 -0.1565 0.7000
vn 0.8879 -0.1543 0.4334
vn -0.7984 0.2652 0.5405
vn 0.8495 -0.1346 0.5101
vn -0.9208 0.2605 0.2904
vn 0.7954 -0.1100 0.5960
vn -0.9631 0.2461 0.1091
vn 0.7134 -0.0766 0.6966
vn -0.9728 0.2304 -0.0236
vn 0.5780 -0.0279 0.8156
vn -0.9683 0.2152 -0.1269
vn 0.3397 0.0461 0.9394
vn -0.9563 0.2007 -0.2128
vn -0.0547 0.1474 0.9876
vn 0.9167 -0.1710 0.3612
vn -0.9390 0.1862 -0.2891
vn -0.5082 0.2347 0.8286
vn 0.6078 0.0774 0.7903
vn -0.9582 0.2517 -0.1359
vn 0.3795 0.1872 0.9060
vn -0.9504 0.2217 -0.2180
vn -0.0065 0.3209 0.9471
vn 0.9186 -0.1641 0.3595
vn -0.9371 0.1930 -0.2908
vn -0.4611 0.4084 0.7878
vn 0.8938 -0.1333 0.4283
vn -0.7603 0.4066 0.5066
vn 0.8598 -0.0982 0.5012
vn -0.8921 0.3661 0.2647
vn 0.8108 -0.0555 0.5827
vn -0.9421 0.3229 0.0903
vn 0.7350 0.0001 0.6780
vn -0.9578 0.2849 -0.0371
vn -0.7156 0.5376 0.4459
vn 0.8720 -0.0647 0.4853
vn -0.8586 0.4636 0.2188
vn 0.8291 -0.0055 0.5591
vn -0.9175 0.3937 0.0567
vn 0.7610 0.0706 0.6449
vn -0.9402 0.3351 -0.0610
vn 0.6436 0.1744 0.7452
vn -0.9463 0.2853 -0.1519
vn 0.4273 0.3177 0.8464
vn -0.9436 0.2410 -0.2272
vn 0.0509 0.4820 0.8747
vn 0.9209 -0.1578 0.3565
vn -0.9349 0.1993 -0.2938
vn -0.4054 0.5699 0.7147
vn 0.9008 -0.1140 0.4191
vn -0.9331 0.3147 -0.1743
vn 0.4813 0.4327 0.7623
vn -0.9359 0.2579 -0.2401
vn 0.1159 0.6250 0.7720
vn 0.9234 -0.1523 0.3523
vn -0.9323 0.2049 -0.2980
vn -0.3430 0.7133 0.6112
vn 0.9086 -0.0971 0.4062
vn -0.6657 0.6535 0.3604
vn 0.8857 -0.0354 0.4630
vn -0.8212 0.5493 0.1543
vn 0.8497 0.0383 0.5258
vn -0.8900 0.4558 0.0095
vn 0.7902 0.1324 0.5984
vn -0.9205 0.3790 -0.0945
vn 0.6839 0.2596 0.6818
vn 0.9003 -0.0115 0.4351
vn -0.7812 0.6200 0.0735
vn 0.8717 0.0741 0.4843
vn -0.8607 0.5068 -0.0494
vn 0.8215 0.1830 0.5401
vn -0.8995 0.4150 -0.1364
vn 0.7272 0.3296 0.6021
vn -0.9189 0.3387 -0.2024
vn 0.5394 0.5278 0.6561
vn -0.9277 0.2717 -0.2562
vn 0.1860 0.7440 0.6418
vn 0.9261 -0.1478 0.3470
vn -0.9296 0.2093 -0.3033
vn -0.2756 0.8328 0.4800
vn 0.9170 -0.0834 0.3902
vn -0.6120 0.7494 0.2526
vn 0.5992 0.5988 0.5314
vn -0.9192 0.2818 -0.2749
vn 0.2585 0.8336 0.4881
vn 0.9289 -0.1445 0.3409
vn -0.9269 0.2127 -0.3094
vn -0.2055 0.9229 0.3255
vn 0.9255 -0.0732 0.3715
vn -0.5564 0.8213 0.1264
vn 0.9153 0.0062 0.4028
vn -0.7398 0.6725 -0.0207
vn 0.8943 0.1005 0.4361
vn -0.8304 0.5445 -0.1179
vn 0.8535 0.2204 0.4722
vn -0.8779 0.4416 -0.1849
vn 0.7716 0.3816 0.5089
vn -0.9043 0.3564 -0.2348
vn -0.6985 0.7046 -0.1246
vn 0.9164 0.1166 0.3829
vn -0.8004 0.5675 -0.1933
vn 0.8849 0.2431 0.3973
vn -0.8565 0.4578 -0.2384
vn 0.8152 0.4133 0.4059
vn -0.8899 0.3671 -0.2706
vn 0.6580 0.6425 0.3927
vn -0.9109 0.2880 -0.2955
vn 0.3304 0.8891 0.3166
vn 0.9317 -0.1425 0.3342
vn -0.9241 0.2147 -0.3161
vn -0.1356 0.9788 0.1533
vn 0.9340 -0.0671 0.3510
vn -0.5007 0.8655 -0.0133
vn 0.9300 0.0169 0.3672
vn -0.9030 0.2899 -0.3171
vn 0.3984 0.9073 0.1344
vn 0.9342 -0.1419 0.3272
vn -0.9215 0.2153 -0.3231
vn -0.0687 0.9972 -0.0293
vn 0.9419 -0.0652 0.3295
vn -0.4473 0.8798 -0.1610
vn 0.9439 0.0202 0.3297
vn -0.6589 0.7148 -0.2341
vn 0.9372 0.1215 0.3268
vn -0.7716 0.5747 -0.2727
vn 0.9144 0.2502 0.3182
vn -0.8361 0.4628 -0.2946
vn 0.8560 0.4233 0.2968
vn -0.8762 0.3705 -0.3081
vn 0.7133 0.6564 0.2457
vt 0.375000 0.000000
vt 0.625000 0.000000
vt 0.625000 0.250000
vt 0.375000 0.250000
vt 0.625000 0.500000
vt 0.375000 0.500000
vt 0.625000 0.750000
vt 0.375000 0.750000
vt 0.625000 1.000000
vt 0.375000 1.000000
vt 0.125000 0.500000
vt 0.125000 0.750000
vt 0.875000 0.500000
vt 0.875000 0.750000
vt 0.750000 0.687500
vt 0.750000 0.750000
vt 0.718750 0.750000
vt 0.718750 0.687500
vt 0.750000 0.187500
vt 0.750000 0.250000
vt 0.718750 0.250000
vt 0.718750 0.187500
vt 0.750000 0.625000
vt 0.718750 0.625000
vt 0.750000 0.125000
vt 0.718750 0.125000
vt 0.750000 0.562500
vt 0.718750 0.562500
vt 0.750000 0.062500
vt 0.718750 0.062500
vt 0.750000 0.500000
vt 0.718750 0.500000
vt 0.750000 0.937500
vt 0.734375 1.000000
vt 0.718750 0.937500
vt 0.734375 0.000000
vt 0.750000 0.437500
vt 0.718750 0.437500
vt 0.750000 0.875000
vt 0.718750 0.875000
vt 0.750000 0.375000
vt 0.718750 0.375000
vt 0.750000 0.812500
vt 0.718750 0.812500
vt 0.750000 0.312500
vt 0.718750 0.312500
vt 0.687500 0.812500
vt 0.687500 0.750000
vt 0.687500 0.312500
vt 0.687500 0.250000
vt 0.687500 0.687500
vt 0.687500 0.187500
vt 0.687500 0.625000
vt 0.687500 0.125000
vt 0.687500 0.562500
vt 0.687500 0.062500
vt 0.687500 0.500000
vt 0.703125 1.000000
vt 0.687500 0.937500
vt 0.703125 0.000000
vt 0.687500 0.437500
vt 0.687500 0.875000
vt 0.687500 0.375000
vt 0.656250 0.562500
vt 0.656250 0.500000
vt 0.671875 1.000000
vt 0.656250 0.937500
vt 0.671875 0.000000
vt 0.656250 0.062500
vt 0.656250 0.437500
vt 0.656250 0.875000
vt 0.656250 0.375000
vt 0.656250 0.812500
vt 0.656250 0.312500
vt 0.656250 0.750000
vt 0.656250 0.250000
vt 0.656250 0.687500
vt 0.656250 0.187500
vt 0.656250 0.625000
vt 0.656250 0.125000
vt 0.625000 0.312500
vt 0.625000 0.687500
vt 0.625000 0.187500
vt 0.625000 0.625000
vt 0.625000 0.125000
vt 0.625000 0.562500
vt 0.625000 0.062500
vt 0.640625 1.000000
vt 0.625000 0.937500
vt 0.640625 0.000000
vt 0.625000 0.437500
vt 0.625000 0.875000
vt 0.625000 0.375000
vt 0.625000 0.812500
vt 0.609375 1.000000
vt 0.593750 0.937500
vt 0.609375 0.000000
vt 0.593750 0.062500
vt 0.593750 0.500000
vt 0.593750 0.437500
vt 0.593750 0.875000
vt 0.593750 0.375000
vt 0.593750 0.812500
vt 0.593750 0.312500
vt 0.593750 0.750000
vt 0.593750 0.250000
vt 0.593750 0.687500
vt 0.593750 0.187500
vt 0.593750 0.625000
vt 0.593750 0.125000
vt 0.593750 0.562500
vt 0.562500 0.750000
vt 0.562500 0.687500
vt 0.562500 0.250000
vt 0.562500 0.187500
vt 0.562500 0.625000
vt 0.562500 0.125000
vt 0.562500 0.562500
vt 0.562500 0.062500
vt 0.562500 0.500000
vt 0.578125 1.000000
vt 0.562500 0.937500
vt 0.578125 0.000000
vt 0.562500 0.437500
vt 0.562500 0.875000
vt 0.562500 0.375000
vt 0.562500 0.812500
vt 0.562500 0.312500
vt 0.531250 0.500000
vt 0.531250 0.437500
vt 0.531250 0.937500
vt 0.531250 0.875000
vt 0.531250 0.375000
vt 0.531250 0.812500
vt 0.531250 0.312500
vt 0.531250 0.750000
vt 0.531250 0.250000
vt 0.531250 0.687500
vt 0.531250 0.187500
vt 0.531250 0.625000
vt 0.531250 0.125000
vt 0.531250 0.562500
vt 0.531250 0.062500
vt 0.546875 1.000000
vt 0.546875 0.000000
vt 0.500000 0.250000
vt 0.500000 0.187500
vt 0.500000 0.687500
vt 0.500000 0.625000
vt 0.500000 0.125000
vt 0.500000 0.562500
vt 0.500000 0.062500
vt 0.500000 0.500000
vt 0.515625 1.000000
vt 0.500000 0.937500
vt 0.515625 0.000000
vt 0.500000 0.437500
vt 0.500000 0.875000
vt 0.500000 0.375000
vt 0.500000 0.812500
vt 0.500000 0.312500
vt 0.500000 0.750000
vt 0.468750 0.437500
vt 0.468750 0.375000
vt 0.468750 0.875000
vt 0.468750 0.812500
vt 0.468750 0.312500
vt 0.468750 0.750000
vt 0.468750 0.250000
vt 0.468750 0.687500
vt 0.468750 0.187500
vt 0.468750 0.625000
vt 0.468750 0.125000
vt 0.468750 0.562500
vt 0.468750 0.062500
vt 0.468750 0.500000
vt 0.484375 1.000000
vt 0.468750 0.937500
vt 0.484375 0.000000
vt 0.437500 0.187500
vt 0.437500 0.125000
vt 0.437500 0.625000
vt 0.437500 0.562500
vt 0.437500 0.062500
vt 0.437500 0.500000
vt 0.453125 1.000000
vt 0.437500 0.937500
vt 0.453125 0.000000
vt 0.437500 0.437500
vt 0.437500 0.875000
vt 0.437500 0.375000
vt 0.437500 0.812500
vt 0.437500 0.312500
vt 0.437500 0.750000
vt 0.437500 0.250000
vt 0.437500 0.687500
vt 0.406250 0.875000
vt 0.406250 0.812500
vt 0.406250 0.375000
vt 0.406250 0.312500
vt 0.406250 0.750000
vt 0.406250 0.250000
vt 0.406250 0.687500
vt 0.406250 0.187500
vt 0.406250 0.625000
vt 0.406250 0.125000
vt 0.406250 0.562500
vt 0.406250 0.062500
vt 0.406250 0.500000
vt 0.421875 1.000000
vt 0.406250 0.937500
vt 0.421875 0.000000
vt 0.406250 0.437500
vt 0.375000 0.625000
vt 0.375000 0.562500
vt 0.375000 0.125000
vt 0.375000 0.062500
vt 0.375000 0.500000
vt 0.390625 1.000000
vt 0.375000 0.937500
vt 0.390625 0.000000
vt 0.375000 0.437500
vt 0.375000 0.875000
vt 0.375000 0.375000
vt 0.375000 0.812500
vt 0.375000 0.312500
vt 0.375000 0.750000
vt 0.375000 0.687500
vt 0.375000 0.187500
vt 0.343750 0.375000
vt 0.343750 0.312500
vt 0.343750 0.812500
vt 0.343750 0.750000
vt 0.343750 0.250000
vt 0.343750 0.687500
vt 0.343750 0.187500
vt 0.343750 0.625000
vt 0.343750 0.125000
vt 0.343750 0.562500
vt 0.343750 0.062500
vt 0.343750 0.500000
vt 0.359375 1.000000
vt 0.343750 0.937500
vt 0.359375 0.000000
vt 0.343750 0.437500
vt 0.343750 0.875000
vt 0.312500 0.125000
vt 0.312500 0.062500
vt 0.312500 0.562500
vt 0.312500 0.500000
vt 0.328125 1.000000
vt 0.312500 0.937500
vt 0.328125 0.000000
vt 0.312500 0.437500
vt 0.312500 0.875000
vt 0.312500 0.375000
vt 0.312500 0.812500
vt 0.312500 0.312500
vt 0.312500 0.750000
vt 0.312500 0.250000
vt 0.312500 0.687500
vt 0.312500 0.187500
vt 0.312500 0.625000
vt 0.281250 0.812500
vt 0.281250 0.750000
vt 0.281250 0.312500
vt 0.281250 0.250000
vt 0.281250 0.687500
vt 0.281250 0.187500
vt 0.281250 0.625000
vt 0.281250 0.125000
vt 0.281250 0.562500
vt 0.281250 0.062500
vt 0.281250 0.500000
vt 0.296875 1.000000
vt 0.281250 0.937500
vt 0.296875 0.000000
vt 0.281250 0.437500
vt 0.281250 0.875000
vt 0.281250 0.375000
vt 0.250000 0.562500
vt 0.250000 0.500000
vt 0.265625 1.000000
vt 0.250000 0.937500
vt 0.265625 0.000000
vt 0.250000 0.062500
vt 0.250000 0.437500
vt 0.250000 0.875000
vt 0.250000 0.375000
vt 0.250000 0.812500
vt 0.250000 0.312500
vt 0.250000 0.750000
vt 0.250000 0.250000
vt 0.250000 0.687500
vt 0.250000 0.187500
vt 0.250000 0.625000
vt 0.250000 0.125000
vt 0.218750 0.312500
vt 0.218750 0.250000
vt 0.218750 0.750000
vt 0.218750 0.687500
vt 0.218750 0.187500
vt 0.218750 0.625000
vt 0.218750 0.125000
vt 0.218750 0.562500
vt 0.218750 0.062500
vt 0.218750 0.500000
vt 0.234375 1.000000
vt 0.218750 0.937500
vt 0.234375 0.000000
vt 0.218750 0.437500
vt 0.218750 0.875000
vt 0.218750 0.375000
vt 0.218750 0.812500
vt 0.203125 0.000000
vt 0.187500 0.062500
vt 0.187500 0.500000
vt 0.187500 0.437500
vt 0.187500 0.937500
vt 0.187500 0.875000
vt 0.187500 0.375000
vt 0.187500 0.812500
vt 0.187500 0.312500
vt 0.187500 0.750000
vt 0.187500 0.250000
vt 0.187500 0.687500
vt 0.187500 0.187500
vt 0.187500 0.625000
vt 0.187500 0.125000
vt 0.187500 0.562500
vt 0.203125 1.000000
vt 0.156250 0.250000
vt 0.156250 0.187500
vt 0.156250 0.687500
vt 0.156250 0.625000
vt 0.156250 0.125000
vt 0.156250 0.562500
vt 0.156250 0.062500
vt 0.156250 0.500000
vt 0.171875 1.000000
vt 0.156250 0.937500
vt 0.171875 0.000000
vt 0.156250 0.437500
vt 0.156250 0.875000
vt 0.156250 0.375000
vt 0.156250 0.812500
vt 0.156250 0.312500
vt 0.156250 0.750000
vt 0.125000 0.937500
vt 0.125000 0.875000
vt 0.125000 0.437500
vt 0.125000 0.375000
vt 0.125000 0.812500
vt 0.125000 0.312500
vt 0.125000 0.750000
vt 0.125000 0.250000
vt 0.125000 0.687500
vt 0.125000 0.187500
vt 0.125000 0.625000
vt 0.125000 0.125000
vt 0.125000 0.562500
vt 0.125000 0.062500
vt 0.125000 0.500000
vt 0.140625 1.000000
vt 0.140625 0.000000
vt 0.093750 0.687500
vt 0.093750 0.625000
vt 0.093750 0.187500
vt 0.093750 0.125000
vt 0.093750 0.562500
vt 0.093750 0.062500
vt 0.093750 0.500000
vt 0.109375 1.000000
vt 0.093750 0.937500
vt 0.109375 0.000000
vt 0.093750 0.437500
vt 0.093750 0.875000
vt 0.093750 0.375000
vt 0.093750 0.812500
vt 0.093750 0.312500
vt 0.093750 0.750000
vt 0.093750 0.250000
vt 0.062500 0.437500
vt 0.062500 0.375000
vt 0.062500 0.875000
vt 0.062500 0.812500
vt 0.062500 0.312500
vt 0.062500 0.750000
vt 0.062500 0.250000
vt 0.062500 0.687500
vt 0.062500 0.187500
vt 0.062500 0.625000
vt 0.062500 0.125000
vt 0.062500 0.562500
vt 0.062500 0.062500
vt 0.062500 0.500000
vt 0.078125 1.000000
vt 0.062500 0.937500
vt 0.078125 0.000000
vt 0.031250 0.187500
vt 0.031250 0.125000
vt 0.031250 0.625000
vt 0.031250 0.562500
vt 0.031250 0.062500
vt 0.031250 0.500000
vt 0.046875 1.000000
vt 0.031250 0.937500
vt 0.046875 0.000000
vt 0.031250 0.437500
vt 0.031250 0.875000
vt 0.031250 0.375000
vt 0.031250 0.812500
vt 0.031250 0.312500
vt 0.031250 0.750000
vt 0.031250 0.250000
vt 0.031250 0.687500
vt 0.000000 0.875000
vt 0.000000 0.812500
vt 0.000000 0.375000
vt 0.000000 0.312500
vt 0.000000 0.750000
vt 0.000000 0.250000
vt 0.000000 0.687500
vt 0.000000 0.187500
vt 0.000000 0.625000
vt 0.000000 0.125000
vt 0.000000 0.562500
vt 0.000000 0.062500
vt 0.000000 0.500000
vt 0.015625 1.000000
vt 0.000000 0.937500
vt 0.015625 0.000000
vt 0.000000 0.437500
vt 1.000000 0.562500
vt 1.000000 0.625000
vt 0.968750 0.625000
vt 0.968750 0.562500
vt 1.000000 0.062500
vt 1.000000 0.125000
vt 0.968750 0.125000
vt 0.968750 0.062500
vt 1.000000 0.500000
vt 0.968750 0.500000
vt 1.000000 0.937500
vt 0.984375 1.000000
vt 0.968750 0.937500
vt 0.984375 0.000000
vt 1.000000 0.437500
vt 0.968750 0.437500
vt 1.000000 0.875000
vt 0.968750 0.875000
vt 1.000000 0.375000
vt 0.968750 0.375000
vt 1.000000 0.812500
vt 0.968750 0.812500
vt 1.000000 0.312500
vt 0.968750 0.312500
vt 1.000000 0.750000
vt 0.968750 0.750000
vt 1.000000 0.250000
vt 0.968750 0.250000
vt 1.000000 0.687500
vt 0.968750 0.687500
vt 1.000000 0.187500
vt 0.968750 0.187500
vt 0.937500 0.375000
vt 0.937500 0.312500
vt 0.937500 0.812500
vt 0.937500 0.750000
vt 0.937500 0.250000
vt 0.937500 0.687500
vt 0.937500 0.187500
vt 0.937500 0.625000
vt 0.937500 0.125000
vt 0.937500 0.562500
vt 0.937500 0.062500
vt 0.937500 0.500000
vt 0.953125 1.000000
vt 0.937500 0.937500
vt 0.953125 0.000000
vt 0.937500 0.437500
vt 0.937500 0.875000
vt 0.906250 0.125000
vt 0.906250 0.062500
vt 0.906250 0.562500
vt 0.906250 0.500000
vt 0.921875 1.000000
vt 0.906250 0.937500
vt 0.921875 0.000000
vt 0.906250 0.437500
vt 0.906250 0.875000
vt 0.906250 0.375000
vt 0.906250 0.812500
vt 0.906250 0.312500
vt 0.906250 0.750000
vt 0.906250 0.250000
vt 0.906250 0.687500
vt 0.906250 0.187500
vt 0.906250 0.625000
vt 0.875000 0.312500
vt 0.875000 0.250000
vt 0.875000 0.750000
vt 0.875000 0.687500
vt 0.875000 0.187500
vt 0.875000 0.625000
vt 0.875000 0.125000
vt 0.875000 0.562500
vt 0.875000 0.062500
vt 0.875000 0.500000
vt 0.890625 1.000000
vt 0.875000 0.937500
vt 0.890625 0.000000
vt 0.875000 0.437500
vt 0.875000 0.875000
vt 0.875000 0.375000
vt 0.875000 0.812500
vt 0.859375 1.000000
vt 0.843750 0.937500
vt 0.859375 0.000000
vt 0.843750 0.062500
vt 0.843750 0.500000
vt 0.843750 0.437500
vt 0.843750 0.875000
vt 0.843750 0.375000
vt 0.843750 0.812500
vt 0.843750 0.312500
vt 0.843750 0.750000
vt 0.843750 0.250000
vt 0.843750 0.687500
vt 0.843750 0.187500
vt 0.843750 0.625000
vt 0.843750 0.125000
vt 0.843750 0.562500
vt 0.812500 0.750000
vt 0.812500 0.687500
vt 0.812500 0.250000
vt 0.812500 0.187500
vt 0.812500 0.625000
vt 0.812500 0.125000
vt 0.812500 0.562500
vt 0.812500 0.062500
vt 0.812500 0.500000
vt 0.828125 1.000000
vt 0.812500 0.937500
vt 0.828125 0.000000
vt 0.812500 0.437500
vt 0.812500 0.875000
vt 0.812500 0.375000
vt 0.812500 0.812500
vt 0.812500 0.312500
vt 0.781250 0.500000
vt 0.781250 0.437500
vt 0.781250 0.937500
vt 0.781250 0.875000
vt 0.781250 0.375000
vt 0.781250 0.812500
vt 0.781250 0.312500
vt 0.781250 0.750000
vt 0.781250 0.250000
vt 0.781250 0.687500
vt 0.781250 0.187500
vt 0.781250 0.625000
vt 0.781250 0.125000
vt 0.781250 0.562500
vt 0.781250 0.062500
vt 0.796875 1.000000
vt 0.796875 0.000000
vt 0.765625 1.000000
vt 0.765625 0.000000
vt 0.250000 0.490000
vt 0.296822 0.485388
vt 0.341844 0.471731
vt 0.383337 0.449553
vt 0.419706 0.419706
vt 0.449553 0.383337
vt 0.471731 0.341844
vt 0.485388 0.296822
vt 0.490000 0.250000
vt 0.485388 0.203178
vt 0.471731 0.158156
vt 0.449553 0.116663
vt 0.419706 0.080294
vt 0.383337 0.050447
vt 0.341844 0.028269
vt 0.296822 0.014612
vt 0.250000 0.010000
vt 0.203178 0.014612
vt 0.158156 0.028269
vt 0.116663 0.050447
vt 0.080294 0.080294
vt 0.050447 0.116663
vt 0.028269 0.158156
vt 0.014612 0.203178
vt 0.010000 0.250000
vt 0.014612 0.296822
vt 0.028269 0.341844
vt 0.050447 0.383337
vt 0.080294 0.419706
vt 0.116663 0.449553
vt 0.158156 0.471731
vt 0.750000 0.490000
vt 0.796822 0.485388
vt 0.841844 0.471731
vt 0.883337 0.449553
vt 0.919706 0.419706
vt 0.949553 0.383337
vt 0.971731 0.341844
vt 0.985388 0.296822
vt 0.990000 0.250000
vt 0.985388 0.203178
vt 0.971731 0.158156
vt 0.949553 0.116663
vt 0.919706 0.080294
vt 0.883337 0.050447
vt 0.841844 0.028269
vt 0.796822 0.014612
vt 0.750000 0.010000
vt 0.703178 0.014612
vt 0.658156 0.028269
vt 0.616663 0.050447
vt 0.580294 0.080294
vt 0.550447 0.116663
vt 0.528269 0.158156
vt 0.514612 0.203178
vt 0.510000 0.250000
vt 0.514612 0.296822
vt 0.528269 0.341844
vt 0.550447 0.383337
vt 0.580294 0.419706
vt 0.616663 0.449553
vt 0.658156 0.471731
vt 0.703178 0.485388
vt 0.203178 0.485388
s 0
usemtl Material.001
f 1/1/1 2/2/1 4/3/1 3/4/1
f 3/4/2 4/3/2 8/5/2 7/6/2
f 7/6/3 8/5/3 6/7/3 5/8/3
f 5/8/4 6/7/4 2/9/4 1/10/4
f 3/11/5 7/6/5 5/8/5 1/12/5
f 8/5/6 4/13/6 2/14/6 6/7/6
f 10/15/7 484/16/7 18/17/7 19/18/7
f 488/19/8 487/20/8 26/21/8 27/22/8
f 485/23/9 10/15/9 19/18/9 20/24/9
f 489/25/10 488/19/10 27/22/10 28/26/10
f 11/27/11 485/23/11 20/24/11 21/28/11
f 490/29/12 489/25/12 28/26/12 29/30/12
f 12/31/13 11/27/13 21/28/13 22/32/13
f 482/33/14 90/34/14 15/35/14
f 316/36/15 490/29/15 29/30/15
f 13/37/16 12/31/16 22/32/16 23/38/16
f 483/39/17 482/33/17 15/35/17 16/40/17
f 486/41/18 13/37/18 23/38/18 24/42/18
f 9/43/19 483/39/19 16/40/19 17/44/19
f 14/45/20 486/41/20 24/42/20 25/46/20
f 484/16/21 9/43/21 17/44/21 18/17/21
f 487/20/22 14/45/22 25/46/22 26/21/22
f 18/17/23 17/44/23 32/47/23 33/48/23
f 26/21/24 25/46/24 40/49/24 41/50/24
f 19/18/25 18/17/25 33/48/25 34/51/25
f 27/22/26 26/21/26 41/50/26 42/52/26
f 20/24/27 19/18/27 34/51/27 35/53/27
f 28/26/28 27/22/28 42/52/28 43/54/28
f 21/28/29 20/24/29 35/53/29 36/55/29
f 29/30/30 28/26/30 43/54/30 44/56/30
f 22/32/31 21/28/31 36/55/31 37/57/31
f 15/35/32 90/58/32 30/59/32
f 316/60/33 29/30/33 44/56/33
f 23/38/34 22/32/34 37/57/34 38/61/34
f 16/40/35 15/35/35 30/59/35 31/62/35
f 24/42/36 23/38/36 38/61/36 39/63/36
f 17/44/37 16/40/37 31/62/37 32/47/37
f 25/46/38 24/42/38 39/63/38 40/49/38
f 37/57/39 36/55/39 51/64/39 52/65/39
f 30/59/40 90/66/40 45/67/40
f 316/68/41 44/56/41 59/69/41
f 38/61/42 37/57/42 52/65/42 53/70/42
f 31/62/43 30/59/43 45/67/43 46/71/43
f 39/63/44 38/61/44 53/70/44 54/72/44
f 32/47/45 31/62/45 46/71/45 47/73/45
f 40/49/46 39/63/46 54/72/46 55/74/46
f 33/48/47 32/47/47 47/73/47 48/75/47
f 41/50/48 40/49/48 55/74/48 56/76/48
f 34/51/49 33/48/49 48/75/49 49/77/49
f 42/52/50 41/50/50 56/76/50 57/78/50
f 35/53/51 34/51/51 49/77/51 50/79/51
f 43/54/52 42/52/52 57/78/52 58/80/52
f 36/55/53 35/53/53 50/79/53 51/64/53
f 44/56/54 43/54/54 58/80/54 59/69/54
f 56/76/55 55/74/55 70/81/55 71/3/55
f 49/77/56 48/75/56 63/7/56 64/82/56
f 57/78/57 56/76/57 71/3/57 72/83/57
f 50/79/58 49/77/58 64/82/58 65/84/58
f 58/80/59 57/78/59 72/83/59 73/85/59
f 51/64/60 50/79/60 65/84/60 66/86/60
f 59/69/61 58/80/61 73/85/61 74/87/61
f 52/65/62 51/64/62 66/86/62 67/5/62
f 45/67/63 90/88/63 60/89/63
f 316/90/64 59/69/64 74/87/64
f 53/70/65 52/65/65 67/5/65 68/91/65
f 46/71/66 45/67/66 60/89/66 61/92/66
f 54/72/67 53/70/67 68/91/67 69/93/67
f 47/73/68 46/71/68 61/92/68 62/94/68
f 55/74/69 54/72/69 69/93/69 70/81/69
f 48/75/70 47/73/70 62/94/70 63/7/70
f 60/89/71 90/95/71 75/96/71
f 316/97/72 74/87/72 89/98/72
f 68/91/73 67/5/73 82/99/73 83/100/73
f 61/92/74 60/89/74 75/96/74 76/101/74
f 69/93/75 68/91/75 83/100/75 84/102/75
f 62/94/76 61/92/76 76/101/76 77/103/76
f 70/81/77 69/93/77 84/102/77 85/104/77
f 63/7/78 62/94/78 77/103/78 78/105/78
f 71/3/79 70/81/79 85/104/79 86/106/79
f 64/82/80 63/7/80 78/105/80 79/107/80
f 72/83/81 71/3/81 86/106/81 87/108/81
f 65/84/82 64/82/82 79/107/82 80/109/82
f 73/85/83 72/83/83 87/108/83 88/110/83
f 66/86/84 65/84/84 80/109/84 81/111/84
f 74/87/85 73/85/85 88/110/85 89/98/85
f 67/5/86 66/86/86 81/111/86 82/99/86
f 79/107/87 78/105/87 94/112/87 95/113/87
f 87/108/88 86/106/88 102/114/88 103/115/88
f 80/109/89 79/107/89 95/113/89 96/116/89
f 88/110/90 87/108/90 103/115/90 104/117/90
f 81/111/91 80/109/91 96/116/91 97/118/91
f 89/98/92 88/110/92 104/117/92 105/119/92
f 82/99/93 81/111/93 97/118/93 98/120/93
f 75/96/94 90/121/94 91/122/94
f 316/123/95 89/98/95 105/119/95
f 83/100/96 82/99/96 98/120/96 99/124/96
f 76/101/97 75/96/97 91/122/97 92/125/97
f 84/102/98 83/100/98 99/124/98 100/126/98
f 77/103/99 76/101/99 92/125/99 93/127/99
f 85/104/100 84/102/100 100/126/100 101/128/100
f 78/105/101 77/103/101 93/127/101 94/112/101
f 86/106/102 85/104/102 101/128/102 102/114/102
f 99/124/103 98/120/103 113/129/103 114/130/103
f 92/125/104 91/122/104 106/131/104 107/132/104
f 100/126/105 99/124/105 114/130/105 115/133/105
f 93/127/106 92/125/106 107/132/106 108/134/106
f 101/128/107 100/126/107 115/133/107 116/135/107
f 94/112/108 93/127/108 108/134/108 109/136/108
f 102/114/109 101/128/109 116/135/109 117/137/109
f 95/113/110 94/112/110 109/136/110 110/138/110
f 103/115/111 102/114/111 117/137/111 118/139/111
f 96/116/112 95/113/112 110/138/112 111/140/112
f 104/117/113 103/115/113 118/139/113 119/141/113
f 97/118/114 96/116/114 111/140/114 112/142/114
f 105/119/115 104/117/115 119/141/115 120/143/115
f 98/120/116 97/118/116 112/142/116 113/129/116
f 91/122/117 90/144/117 106/131/117
f 316/145/118 105/119/118 120/143/118
f 118/139/119 117/137/119 132/146/119 133/147/119
f 111/140/120 110/138/120 125/148/120 126/149/120
f 119/141/121 118/139/121 133/147/121 134/150/121
f 112/142/122 111/140/122 126/149/122 127/151/122
f 120/143/123 119/141/123 134/150/123 135/152/123
f 113/129/124 112/142/124 127/151/124 128/153/124
f 106/131/125 90/154/125 121/155/125
f 316/156/126 120/143/126 135/152/126
f 114/130/127 113/129/127 128/153/127 129/157/127
f 107/132/128 106/131/128 121/155/128 122/158/128
f 115/133/129 114/130/129 129/157/129 130/159/129
f 108/134/130 107/132/130 122/158/130 123/160/130
f 116/135/131 115/133/131 130/159/131 131/161/131
f 109/136/132 108/134/132 123/160/132 124/162/132
f 117/137/133 116/135/133 131/161/133 132/146/133
f 110/138/134 109/136/134 124/162/134 125/148/134
f 130/159/135 129/157/135 144/163/135 145/164/135
f 123/160/136 122/158/136 137/165/136 138/166/136
f 131/161/137 130/159/137 145/164/137 146/167/137
f 124/162/138 123/160/138 138/166/138 139/168/138
f 132/146/139 131/161/139 146/167/139 147/169/139
f 125/148/140 124/162/140 139/168/140 140/170/140
f 133/147/141 132/146/141 147/169/141 148/171/141
f 126/149/142 125/148/142 140/170/142 141/172/142
f 134/150/143 133/147/143 148/171/143 149/173/143
f 127/151/144 126/149/144 141/172/144 142/174/144
f 135/152/145 134/150/145 149/173/145 150/175/145
f 128/153/146 127/151/146 142/174/146 143/176/146
f 121/155/147 90/177/147 136/178/147
f 316/179/148 135/152/148 150/175/148
f 129/157/149 128/153/149 143/176/149 144/163/149
f 122/158/150 121/155/150 136/178/150 137/165/150
f 149/173/151 148/171/151 163/180/151 164/181/151
f 142/174/152 141/172/152 156/182/152 157/183/152
f 150/175/153 149/173/153 164/181/153 165/184/153
f 143/176/154 142/174/154 157/183/154 158/185/154
f 136/178/155 90/186/155 151/187/155
f 316/188/156 150/175/156 165/184/156
f 144/163/157 143/176/157 158/185/157 159/189/157
f 137/165/158 136/178/158 151/187/158 152/190/158
f 145/164/159 144/163/159 159/189/159 160/191/159
f 138/166/160 137/165/160 152/190/160 153/192/160
f 146/167/161 145/164/161 160/191/161 161/193/161
f 139/168/162 138/166/162 153/192/162 154/194/162
f 147/169/163 146/167/163 161/193/163 162/195/163
f 140/170/164 139/168/164 154/194/164 155/196/164
f 148/171/165 147/169/165 162/195/165 163/180/165
f 141/172/166 140/170/166 155/196/166 156/182/166
f 153/192/167 152/190/167 167/197/167 168/198/167
f 161/193/168 160/191/168 175/199/168 176/200/168
f 154/194/169 153/192/169 168/198/169 169/201/169
f 162/195/170 161/193/170 176/200/170 177/202/170
f 155/196/171 154/194/171 169/201/171 170/203/171
f 163/180/172 162/195/172 177/202/172 178/204/172
f 156/182/173 155/196/173 170/203/173 171/205/173
f 164/181/174 163/180/174 178/204/174 179/206/174
f 157/183/175 156/182/175 171/205/175 172/207/175
f 165/184/176 164/181/176 179/206/176 180/208/176
f 158/185/177 157/183/177 172/207/177 173/209/177
f 151/187/178 90/210/178 166/211/178
f 316/212/179 165/184/179 180/208/179
f 159/189/180 158/185/180 173/209/180 174/213/180
f 152/190/181 151/187/181 166/211/181 167/197/181
f 160/191/182 159/189/182 174/213/182 175/199/182
f 172/207/183 171/205/183 186/214/183 187/215/183
f 180/208/184 179/206/184 194/216/184 195/217/184
f 173/209/185 172/207/185 187/215/185 188/218/185
f 166/211/186 90/219/186 181/220/186
f 316/221/187 180/208/187 195/217/187
f 174/213/188 173/209/188 188/218/188 189/222/188
f 167/197/189 166/211/189 181/220/189 182/223/189
f 175/199/190 174/213/190 189/222/190 190/224/190
f 168/198/191 167/197/191 182/223/191 183/225/191
f 176/200/192 175/199/192 190/224/192 191/226/192
f 169/201/193 168/198/193 183/225/193 184/227/193
f 177/202/194 176/200/194 191/226/194 192/4/194
f 170/203/195 169/201/195 184/227/195 185/228/195
f 178/204/196 177/202/196 192/4/196 193/229/196
f 171/205/197 170/203/197 185/228/197 186/214/197
f 179/206/198 178/204/198 193/229/198 194/216/198
f 191/226/199 190/224/199 205/230/199 206/231/199
f 184/227/200 183/225/200 198/232/200 199/233/200
f 192/4/201 191/226/201 206/231/201 207/234/201
f 185/228/202 184/227/202 199/233/202 200/235/202
f 193/229/203 192/4/203 207/234/203 208/236/203
f 186/214/204 185/228/204 200/235/204 201/237/204
f 194/216/205 193/229/205 208/236/205 209/238/205
f 187/215/206 186/214/206 201/237/206 202/239/206
f 195/217/207 194/216/207 209/238/207 210/240/207
f 188/218/208 187/215/208 202/239/208 203/241/208
f 181/220/209 90/242/209 196/243/209
f 316/244/210 195/217/210 210/240/210
f 189/222/211 188/218/211 203/241/211 204/245/211
f 182/223/212 181/220/212 196/243/212 197/246/212
f 190/224/213 189/222/213 204/245/213 205/230/213
f 183/225/214 182/223/214 197/246/214 198/232/214
f 210/240/215 209/238/215 224/247/215 225/248/215
f 203/241/216 202/239/216 217/249/216 218/250/216
f 196/243/217 90/251/217 211/252/217
f 316/253/218 210/240/218 225/248/218
f 204/245/219 203/241/219 218/250/219 219/254/219
f 197/246/220 196/243/220 211/252/220 212/255/220
f 205/230/221 204/245/221 219/254/221 220/256/221
f 198/232/222 197/246/222 212/255/222 213/257/222
f 206/231/223 205/230/223 220/256/223 221/258/223
f 199/233/224 198/232/224 213/257/224 214/259/224
f 207/234/225 206/231/225 221/258/225 222/260/225
f 200/235/226 199/233/226 214/259/226 215/261/226
f 208/236/227 207/234/227 222/260/227 223/262/227
f 201/237/228 200/235/228 215/261/228 216/263/228
f 209/238/229 208/236/229 223/262/229 224/247/229
f 202/239/230 201/237/230 216/263/230 217/249/230
f 214/259/231 213/257/231 228/264/231 229/265/231
f 222/260/232 221/258/232 236/266/232 237/267/232
f 215/261/233 214/259/233 229/265/233 230/268/233
f 223/262/234 222/260/234 237/267/234 238/269/234
f 216/263/235 215/261/235 230/268/235 231/270/235
f 224/247/236 223/262/236 238/269/236 239/271/236
f 217/249/237 216/263/237 231/270/237 232/272/237
f 225/248/238 224/247/238 239/271/238 240/273/238
f 218/250/239 217/249/239 232/272/239 233/274/239
f 211/252/240 90/275/240 226/276/240
f 316/277/241 225/248/241 240/273/241
f 219/254/242 218/250/242 233/274/242 234/278/242
f 212/255/243 211/252/243 226/276/243 227/279/243
f 220/256/244 219/254/244 234/278/244 235/280/244
f 213/257/245 212/255/245 227/279/245 228/264/245
f 221/258/246 220/256/246 235/280/246 236/266/246
f 233/274/247 232/272/247 247/281/247 248/282/247
f 226/276/248 90/283/248 241/284/248
f 316/285/249 240/273/249 255/286/249
f 234/278/250 233/274/250 248/282/250 249/287/250
f 227/279/251 226/276/251 241/284/251 242/288/251
f 235/280/252 234/278/252 249/287/252 250/289/252
f 228/264/253 227/279/253 242/288/253 243/290/253
f 236/266/254 235/280/254 250/289/254 251/291/254
f 229/265/255 228/264/255 243/290/255 244/292/255
f 237/267/256 236/266/256 251/291/256 252/293/256
f 230/268/257 229/265/257 244/292/257 245/294/257
f 238/269/258 237/267/258 252/293/258 253/295/258
f 231/270/259 230/268/259 245/294/259 246/296/259
f 239/271/260 238/269/260 253/295/260 254/297/260
f 232/272/261 231/270/261 246/296/261 247/281/261
f 240/273/262 239/271/262 254/297/262 255/286/262
f 252/293/263 251/291/263 266/298/263 267/299/263
f 245/294/264 244/292/264 259/300/264 260/301/264
f 253/295/265 252/293/265 267/299/265 268/302/265
f 246/296/266 245/294/266 260/301/266 261/303/266
f 254/297/267 253/295/267 268/302/267 269/304/267
f 247/281/268 246/296/268 261/303/268 262/305/268
f 255/286/269 254/297/269 269/304/269 270/306/269
f 248/282/270 247/281/270 262/305/270 263/307/270
f 241/284/271 90/308/271 256/309/271
f 316/310/272 255/286/272 270/306/272
f 249/287/273 248/282/273 263/307/273 264/311/273
f 242/288/274 241/284/274 256/309/274 257/312/274
f 250/289/275 249/287/275 264/311/275 265/313/275
f 243/290/276 242/288/276 257/312/276 258/314/276
f 251/291/277 250/289/277 265/313/277 266/298/277
f 244/292/278 243/290/278 258/314/278 259/300/278
f 316/315/279 270/306/279 285/316/279
f 264/311/280 263/307/280 278/317/280 279/318/280
f 257/312/281 256/309/281 271/319/281 272/320/281
f 265/313/282 264/311/282 279/318/282 280/321/282
f 258/314/283 257/312/283 272/320/283 273/322/283
f 266/298/284 265/313/284 280/321/284 281/323/284
f 259/300/285 258/314/285 273/322/285 274/324/285
f 267/299/286 266/298/286 281/323/286 282/325/286
f 260/301/287 259/300/287 274/324/287 275/326/287
f 268/302/288 267/299/288 282/325/288 283/327/288
f 261/303/289 260/301/289 275/326/289 276/328/289
f 269/304/290 268/302/290 283/327/290 284/329/290
f 262/305/291 261/303/291 276/328/291 277/330/291
f 270/306/292 269/304/292 284/329/292 285/316/292
f 263/307/293 262/305/293 277/330/293 278/317/293
f 256/309/294 90/331/294 271/319/294
f 283/327/295 282/325/295 297/332/295 298/333/295
f 276/328/296 275/326/296 290/334/296 291/335/296
f 284/329/297 283/327/297 298/333/297 299/336/297
f 277/330/298 276/328/298 291/335/298 292/337/298
f 285/316/299 284/329/299 299/336/299 300/338/299
f 278/317/300 277/330/300 292/337/300 293/339/300
f 271/319/301 90/340/301 286/341/301
f 316/342/302 285/316/302 300/338/302
f 279/318/303 278/317/303 293/339/303 294/343/303
f 272/320/304 271/319/304 286/341/304 287/344/304
f 280/321/305 279/318/305 294/343/305 295/345/305
f 273/322/306 272/320/306 287/344/306 288/346/306
f 281/323/307 280/321/307 295/345/307 296/347/307
f 274/324/308 273/322/308 288/346/308 289/348/308
f 282/325/309 281/323/309 296/347/309 297/332/309
f 275/326/310 274/324/310 289/348/310 290/334/310
f 287/344/311 286/341/311 301/349/311 302/350/311
f 295/345/312 294/343/312 309/351/312 310/352/312
f 288/346/313 287/344/313 302/350/313 303/353/313
f 296/347/314 295/345/314 310/352/314 311/354/314
f 289/348/315 288/346/315 303/353/315 304/355/315
f 297/332/316 296/347/316 311/354/316 312/356/316
f 290/334/317 289/348/317 304/355/317 305/357/317
f 298/333/318 297/332/318 312/356/318 313/358/318
f 291/335/319 290/334/319 305/357/319 306/359/319
f 299/336/320 298/333/320 313/358/320 314/360/320
f 292/337/321 291/335/321 306/359/321 307/361/321
f 300/338/322 299/336/322 314/360/322 315/362/322
f 293/339/323 292/337/323 307/361/323 308/363/323
f 286/341/324 90/364/324 301/349/324
f 316/365/325 300/338/325 315/362/325
f 294/343/326 293/339/326 308/363/326 309/351/326
f 306/359/327 305/357/327 321/366/327 322/367/327
f 314/360/328 313/358/328 329/368/328 330/369/328
f 307/361/329 306/359/329 322/367/329 323/370/329
f 315/362/330 314/360/330 330/369/330 331/371/330
f 308/363/331 307/361/331 323/370/331 324/372/331
f 301/349/332 90/373/332 317/374/332
f 316/375/333 315/362/333 331/371/333
f 309/351/334 308/363/334 324/372/334 325/376/334
f 302/350/335 301/349/335 317/374/335 318/377/335
f 310/352/336 309/351/336 325/376/336 326/378/336
f 303/353/337 302/350/337 318/377/337 319/379/337
f 311/354/338 310/352/338 326/378/338 327/380/338
f 304/355/339 303/353/339 319/379/339 320/381/339
f 312/356/340 311/354/340 327/380/340 328/382/340
f 305/357/341 304/355/341 320/381/341 321/366/341
f 313/358/342 312/356/342 328/382/342 329/368/342
f 326/378/343 325/376/343 340/383/343 341/384/343
f 319/379/344 318/377/344 333/385/344 334/386/344
f 327/380/345 326/378/345 341/384/345 342/387/345
f 320/381/346 319/379/346 334/386/346 335/388/346
f 328/382/347 327/380/347 342/387/347 343/389/347
f 321/366/348 320/381/348 335/388/348 336/390/348
f 329/368/349 328/382/349 343/389/349 344/391/349
f 322/367/350 321/366/350 336/390/350 337/392/350
f 330/369/351 329/368/351 344/391/351 345/393/351
f 323/370/352 322/367/352 337/392/352 338/394/352
f 331/371/353 330/369/353 345/393/353 346/395/353
f 324/372/354 323/370/354 338/394/354 339/396/354
f 317/374/355 90/397/355 332/398/355
f 316/399/356 331/371/356 346/395/356
f 325/376/357 324/372/357 339/396/357 340/383/357
f 318/377/358 317/374/358 332/398/358 333/385/358
f 345/393/359 344/391/359 359/400/359 360/401/359
f 338/394/360 337/392/360 352/402/360 353/403/360
f 346/395/361 345/393/361 360/401/361 361/404/361
f 339/396/362 338/394/362 353/403/362 354/405/362
f 332/398/363 90/406/363 347/407/363
f 316/408/364 346/395/364 361/404/364
f 340/383/365 339/396/365 354/405/365 355/409/365
f 333/385/366 332/398/366 347/407/366 348/410/366
f 341/384/367 340/383/367 355/409/367 356/411/367
f 334/386/368 333/385/368 348/410/368 349/412/368
f 342/387/369 341/384/369 356/411/369 357/413/369
f 335/388/370 334/386/370 349/412/370 350/414/370
f 343/389/371 342/387/371 357/413/371 358/415/371
f 336/390/372 335/388/372 350/414/372 351/416/372
f 344/391/373 343/389/373 358/415/373 359/400/373
f 337/392/374 336/390/374 351/416/374 352/402/374
f 349/412/375 348/410/375 363/417/375 364/418/375
f 357/413/376 356/411/376 371/419/376 372/420/376
f 350/414/377 349/412/377 364/418/377 365/421/377
f 358/415/378 357/413/378 372/420/378 373/422/378
f 351/416/379 350/414/379 365/421/379 366/423/379
f 359/400/380 358/415/380 373/422/380 374/424/380
f 352/402/381 351/416/381 366/423/381 367/425/381
f 360/401/382 359/400/382 374/424/382 375/426/382
f 353/403/383 352/402/383 367/425/383 368/427/383
f 361/404/384 360/401/384 375/426/384 376/428/384
f 354/405/385 353/403/385 368/427/385 369/429/385
f 347/407/386 90/430/386 362/431/386
f 316/432/387 361/404/387 376/428/387
f 355/409/388 354/405/388 369/429/388 370/433/388
f 348/410/389 347/407/389 362/431/389 363/417/389
f 356/411/390 355/409/390 370/433/390 371/419/390
f 368/434/391 367/435/391 382/436/391 383/437/391
f 376/438/392 375/439/392 390/440/392 391/441/392
f 369/442/393 368/434/393 383/437/393 384/443/393
f 362/444/394 90/445/394 377/446/394
f 316/447/395 376/438/395 391/441/395
f 370/448/396 369/442/396 384/443/396 385/449/396
f 363/450/397 362/444/397 377/446/397 378/451/397
f 371/452/398 370/448/398 385/449/398 386/453/398
f 364/454/399 363/450/399 378/451/399 379/455/399
f 372/456/400 371/452/400 386/453/400 387/457/400
f 365/458/401 364/454/401 379/455/401 380/459/401
f 373/460/402 372/456/402 387/457/402 388/461/402
f 366/462/403 365/458/403 380/459/403 381/463/403
f 374/464/404 373/460/404 388/461/404 389/465/404
f 367/435/405 366/462/405 381/463/405 382/436/405
f 375/439/406 374/464/406 389/465/406 390/440/406
f 387/457/407 386/453/407 401/466/407 402/467/407
f 380/459/408 379/455/408 394/468/408 395/469/408
f 388/461/409 387/457/409 402/467/409 403/470/409
f 381/463/410 380/459/410 395/469/410 396/471/410
f 389/465/411 388/461/411 403/470/411 404/472/411
f 382/436/412 381/463/412 396/471/412 397/473/412
f 390/440/413 389/465/413 404/472/413 405/474/413
f 383/437/414 382/436/414 397/473/414 398/475/414
f 391/441/415 390/440/415 405/474/415 406/476/415
f 384/443/416 383/437/416 398/475/416 399/477/416
f 377/446/417 90/478/417 392/479/417
f 316/480/418 391/441/418 406/476/418
f 385/449/419 384/443/419 399/477/419 400/481/419
f 378/451/420 377/446/420 392/479/420 393/482/420
f 386/453/421 385/449/421 400/481/421 401/466/421
f 379/455/422 378/451/422 393/482/422 394/468/422
f 406/476/423 405/474/423 420/483/423 421/484/423
f 399/477/424 398/475/424 413/485/424 414/486/424
f 392/479/425 90/487/425 407/488/425
f 316/489/426 406/476/426 421/484/426
f 400/481/427 399/477/427 414/486/427 415/490/427
f 393/482/428 392/479/428 407/488/428 408/491/428
f 401/466/429 400/481/429 415/490/429 416/492/429
f 394/468/430 393/482/430 408/491/430 409/493/430
f 402/467/431 401/466/431 416/492/431 417/494/431
f 395/469/432 394/468/432 409/493/432 410/495/432
f 403/470/433 402/467/433 417/494/433 418/496/433
f 396/471/434 395/469/434 410/495/434 411/497/434
f 404/472/435 403/470/435 418/496/435 419/498/435
f 397/473/436 396/471/436 411/497/436 412/499/436
f 405/474/437 404/472/437 419/498/437 420/483/437
f 398/475/438 397/473/438 412/499/438 413/485/438
f 418/496/439 417/494/439 432/500/439 433/501/439
f 411/497/440 410/495/440 425/502/440 426/503/440
f 419/498/441 418/496/441 433/501/441 434/504/441
f 412/499/442 411/497/442 426/503/442 427/505/442
f 420/483/443 419/498/443 434/504/443 435/506/443
f 413/485/444 412/499/444 427/505/444 428/507/444
f 421/484/445 420/483/445 435/506/445 436/508/445
f 414/486/446 413/485/446 428/507/446 429/509/446
f 407/488/447 90/510/447 422/511/447
f 316/512/448 421/484/448 436/508/448
f 415/490/449 414/486/449 429/509/449 430/513/449
f 408/491/450 407/488/450 422/511/450 423/514/450
f 416/492/451 415/490/451 430/513/451 431/515/451
f 409/493/452 408/491/452 423/514/452 424/516/452
f 417/494/453 416/492/453 431/515/453 432/500/453
f 410/495/454 409/493/454 424/516/454 425/502/454
f 422/511/455 90/517/455 437/518/455
f 316/519/456 436/508/456 451/520/456
f 430/513/457 429/509/457 444/521/457 445/522/457
f 423/514/458 422/511/458 437/518/458 438/523/458
f 431/515/459 430/513/459 445/522/459 446/524/459
f 424/516/460 423/514/460 438/523/460 439/525/460
f 432/500/461 431/515/461 446/524/461 447/526/461
f 425/502/462 424/516/462 439/525/462 440/527/462
f 433/501/463 432/500/463 447/526/463 448/528/463
f 426/503/464 425/502/464 440/527/464 441/529/464
f 434/504/465 433/501/465 448/528/465 449/530/465
f 427/505/466 426/503/466 441/529/466 442/531/466
f 435/506/467 434/504/467 449/530/467 450/532/467
f 428/507/468 427/505/468 442/531/468 443/533/468
f 436/508/469 435/506/469 450/532/469 451/520/469
f 429/509/470 428/507/470 443/533/470 444/521/470
f 441/529/471 440/527/471 455/534/471 456/535/471
f 449/530/472 448/528/472 463/536/472 464/537/472
f 442/531/473 441/529/473 456/535/473 457/538/473
f 450/532/474 449/530/474 464/537/474 465/539/474
f 443/533/475 442/531/475 457/538/475 458/540/475
f 451/520/476 450/532/476 465/539/476 466/541/476
f 444/521/477 443/533/477 458/540/477 459/542/477
f 437/518/478 90/543/478 452/544/478
f 316/545/479 451/520/479 466/541/479
f 445/522/480 444/521/480 459/542/480 460/546/480
f 438/523/481 437/518/481 452/544/481 453/547/481
f 446/524/482 445/522/482 460/546/482 461/548/482
f 439/525/483 438/523/483 453/547/483 454/549/483
f 447/526/484 446/524/484 461/548/484 462/550/484
f 440/527/485 439/525/485 454/549/485 455/534/485
f 448/528/486 447/526/486 462/550/486 463/536/486
f 460/546/487 459/542/487 474/551/487 475/552/487
f 453/547/488 452/544/488 467/553/488 468/554/488
f 461/548/489 460/546/489 475/552/489 476/555/489
f 454/549/490 453/547/490 468/554/490 469/556/490
f 462/550/491 461/548/491 476/555/491 477/557/491
f 455/534/492 454/549/492 469/556/492 470/558/492
f 463/536/493 462/550/493 477/557/493 478/559/493
f 456/535/494 455/534/494 470/558/494 471/560/494
f 464/537/495 463/536/495 478/559/495 479/561/495
f 457/538/496 456/535/496 471/560/496 472/562/496
f 465/539/497 464/537/497 479/561/497 480/563/497
f 458/540/498 457/538/498 472/562/498 473/564/498
f 466/541/499 465/539/499 480/563/499 481/565/499
f 459/542/500 458/540/500 473/564/500 474/551/500
f 452/544/501 90/566/501 467/553/501
f 316/567/502 466/541/502 481/565/502
f 479/561/503 478/559/503 487/20/503 488/19/503
f 472/562/504 471/560/504 10/15/504 485/23/504
f 480/563/505 479/561/505 488/19/505 489/25/505
f 473/564/506 472/562/506 485/23/506 11/27/506
f 481/565/507 480/563/507 489/25/507 490/29/507
f 474/551/508 473/564/508 11/27/508 12/31/508
f 467/553/509 90/568/509 482/33/509
f 316/569/510 481/565/510 490/29/510
f 475/552/511 474/551/511 12/31/511 13/37/511
f 468/554/512 467/553/512 482/33/512 483/39/512
f 476/555/513 475/552/513 13/37/513 486/41/513
f 469/556/514 468/554/514 483/39/514 9/43/514
f 477/557/515 476/555/515 486/41/515 14/45/515
f 470/558/516 469/556/516 9/43/516 484/16/516
f 478/559/517 477/557/517 14/45/517 487/20/517
f 471/560/518 470/558/518 484/16/518 10/15/518
f 492/15/519 966/16/519 500/17/519 501/18/519
f 970/19/520 969/20/520 508/21/520 509/22/520
f 967/23/521 492/15/521 501/18/521 502/24/521
f 971/25/522 970/19/522 509/22/522 510/26/522
f 493/27/523 967/23/523 502/24/523 503/28/523
f 972/29/524 971/25/524 510/26/524 511/30/524
f 494/31/525 493/27/525 503/28/525 504/32/525
f 964/33/526 572/34/526 497/35/526
f 798/36/527 972/29/527 511/30/527
f 495/37/528 494/31/528 504/32/528 505/38/528
f 965/39/529 964/33/529 497/35/529 498/40/529
f 968/41/530 495/37/530 505/38/530 506/42/530
f 491/43/531 965/39/531 498/40/531 499/44/531
f 496/45/532 968/41/532 506/42/532 507/46/532
f 966/16/533 491/43/533 499/44/533 500/17/533
f 969/20/534 496/45/534 507/46/534 508/21/534
f 500/17/535 499/44/535 514/47/535 515/48/535
f 508/21/536 507/46/536 522/49/536 523/50/536
f 501/18/537 500/17/537 515/48/537 516/51/537
f 509/22/538 508/21/538 523/50/538 524/52/538
f 502/24/539 501/18/539 516/51/539 517/53/539
f 510/26/540 509/22/540 524/52/540 525/54/540
f 503/28/541 502/24/541 517/53/541 518/55/541
f 511/30/542 510/26/542 525/54/542 526/56/542
f 504/32/543 503/28/543 518/55/543 519/57/543
f 497/35/544 572/58/544 512/59/544
f 798/60/545 511/30/545 526/56/545
f 505/38/546 504/32/546 519/57/546 520/61/546
f 498/40/547 497/35/547 512/59/547 513/62/547
f 506/42/548 505/38/548 520/61/548 521/63/548
f 499/44/549 498/40/549 513/62/549 514/47/549
f 507/46/550 506/42/550 521/63/550 522/49/550
f 519/57/551 518/55/551 533/64/551 534/65/551
f 512/59/552 572/66/552 527/67/552
f 798/68/553 526/56/553 541/69/553
f 520/61/554 519/57/554 534/65/554 535/70/554
f 513/62/555 512/59/555 527/67/555 528/71/555
f 521/63/556 520/61/556 535/70/556 536/72/556
f 514/47/557 513/62/557 528/71/557 529/73/557
f 522/49/558 521/63/558 536/72/558 537/74/558
f 515/48/559 514/47/559 529/73/559 530/75/559
f 523/50/560 522/49/560 537/74/560 538/76/560
f 516/51/561 515/48/561 530/75/561 531/77/561
f 524/52/562 523/50/562 538/76/562 539/78/562
f 517/53/563 516/51/563 531/77/563 532/79/563
f 525/54/564 524/52/564 539/78/564 540/80/564
f 518/55/565 517/53/565 532/79/565 533/64/565
f 526/56/566 525/54/566 540/80/566 541/69/566
f 538/76/567 537/74/567 552/81/567 553/3/567
f 531/77/568 530/75/568 545/7/568 546/82/568
f 539/78/569 538/76/569 553/3/569 554/83/569
f 532/79/570 531/77/570 546/82/570 547/84/570
f 540/80/571 539/78/571 554/83/571 555/85/571
f 533/64/572 532/79/572 547/84/572 548/86/572
f 541/69/573 540/80/573 555/85/573 556/87/573
f 534/65/574 533/64/574 548/86/574 549/5/574
f 527/67/575 572/88/575 542/89/575
f 798/90/576 541/69/576 556/87/576
f 535/70/577 534/65/577 549/5/577 550/91/577
f 528/71/578 527/67/578 542/89/578 543/92/578
f 536/72/579 535/70/579 550/91/579 551/93/579
f 529/73/580 528/71/580 543/92/580 544/94/580
f 537/74/581 536/72/581 551/93/581 552/81/581
f 530/75/582 529/73/582 544/94/582 545/7/582
f 542/89/583 572/95/583 557/96/583
f 798/97/584 556/87/584 571/98/584
f 550/91/585 549/5/585 564/99/585 565/100/585
f 543/92/586 542/89/586 557/96/586 558/101/586
f 551/93/587 550/91/587 565/100/587 566/102/587
f 544/94/588 543/92/588 558/101/588 559/103/588
f 552/81/589 551/93/589 566/102/589 567/104/589
f 545/7/590 544/94/590 559/103/590 560/105/590
f 553/3/591 552/81/591 567/104/591 568/106/591
f 546/82/592 545/7/592 560/105/592 561/107/592
f 554/83/593 553/3/593 568/106/593 569/108/593
f 547/84/594 546/82/594 561/107/594 562/109/594
f 555/85/595 554/83/595 569/108/595 570/110/595
f 548/86/596 547/84/596 562/109/596 563/111/596
f 556/87/597 555/85/597 570/110/597 571/98/597
f 549/5/598 548/86/598 563/111/598 564/99/598
f 561/107/599 560/105/599 576/112/599 577/113/599
f 569/108/600 568/106/600 584/114/600 585/115/600
f 562/109/601 561/107/601 577/113/601 578/116/601
f 570/110/602 569/108/602 585/115/602 586/117/602
f 563/111/603 562/109/603 578/116/603 579/118/603
f 571/98/604 570/110/604 586/117/604 587/119/604
f 564/99/605 563/111/605 579/118/605 580/120/605
f 557/96/606 572/121/606 573/122/606
f 798/123/607 571/98/607 587/119/607
f 565/100/608 564/99/608 580/120/608 581/124/608
f 558/101/609 557/96/609 573/122/609 574/125/609
f 566/102/610 565/100/610 581/124/610 582/126/610
f 559/103/611 558/101/611 574/125/611 575/127/611
f 567/104/612 566/102/612 582/126/612 583/128/612
f 560/105/613 559/103/613 575/127/613 576/112/613
f 568/106/614 567/104/614 583/128/614 584/114/614
f 581/124/615 580/120/615 595/129/615 596/130/615
f 574/125/616 573/122/616 588/131/616 589/132/616
f 582/126/617 581/124/617 596/130/617 597/133/617
f 575/127/618 574/125/618 589/132/618 590/134/618
f 583/128/619 582/126/619 597/133/619 598/135/619
f 576/112/620 575/127/620 590/134/620 591/136/620
f 584/114/621 583/128/621 598/135/621 599/137/621
f 577/113/622 576/112/622 591/136/622 592/138/622
f 585/115/623 584/114/623 599/137/623 600/139/623
f 578/116/624 577/113/624 592/138/624 593/140/624
f 586/117/625 585/115/625 600/139/625 601/141/625
f 579/118/626 578/116/626 593/140/626 594/142/626
f 587/119/627 586/117/627 601/141/627 602/143/627
f 580/120/628 579/118/628 594/142/628 595/129/628
f 573/122/629 572/144/629 588/131/629
f 798/145/630 587/119/630 602/143/630
f 600/139/631 599/137/631 614/146/631 615/147/631
f 593/140/632 592/138/632 607/148/632 608/149/632
f 601/141/633 600/139/633 615/147/633 616/150/633
f 594/142/634 593/140/634 608/149/634 609/151/634
f 602/143/635 601/141/635 616/150/635 617/152/635
f 595/129/636 594/142/636 609/151/636 610/153/636
f 588/131/637 572/154/637 603/155/637
f 798/156/638 602/143/638 617/152/638
f 596/130/639 595/129/639 610/153/639 611/157/639
f 589/132/640 588/131/640 603/155/640 604/158/640
f 597/133/641 596/130/641 611/157/641 612/159/641
f 590/134/642 589/132/642 604/158/642 605/160/642
f 598/135/643 597/133/643 612/159/643 613/161/643
f 591/136/644 590/134/644 605/160/644 606/162/644
f 599/137/645 598/135/645 613/161/645 614/146/645
f 592/138/646 591/136/646 606/162/646 607/148/646
f 612/159/647 611/157/647 626/163/647 627/164/647
f 605/160/648 604/158/648 619/165/648 620/166/648
f 613/161/649 612/159/649 627/164/649 628/167/649
f 606/162/650 605/160/650 620/166/650 621/168/650
f 614/146/651 613/161/651 628/167/651 629/169/651
f 607/148/652 606/162/652 621/168/652 622/170/652
f 615/147/653 614/146/653 629/169/653 630/171/653
f 608/149/654 607/148/654 622/170/654 623/172/654
f 616/150/655 615/147/655 630/171/655 631/173/655
f 609/151/656 608/149/656 623/172/656 624/174/656
f 617/152/657 616/150/657 631/173/657 632/175/657
f 610/153/658 609/151/658 624/174/658 625/176/658
f 603/155/659 572/177/659 618/178/659
f 798/179/660 617/152/660 632/175/660
f 611/157/661 610/153/661 625/176/661 626/163/661
f 604/158/662 603/155/662 618/178/662 619/165/662
f 631/173/663 630/171/663 645/180/663 646/181/663
f 624/174/664 623/172/664 638/182/664 639/183/664
f 632/175/665 631/173/665 646/181/665 647/184/665
f 625/176/666 624/174/666 639/183/666 640/185/666
f 618/178/667 572/186/667 633/187/667
f 798/188/668 632/175/668 647/184/668
f 626/163/669 625/176/669 640/185/669 641/189/669
f 619/165/670 618/178/670 633/187/670 634/190/670
f 627/164/671 626/163/671 641/189/671 642/191/671
f 620/166/672 619/165/672 634/190/672 635/192/672
f 628/167/673 627/164/673 642/191/673 643/193/673
f 621/168/674 620/166/674 635/192/674 636/194/674
f 629/169/675 628/167/675 643/193/675 644/195/675
f 622/170/676 621/168/676 636/194/676 637/196/676
f 630/171/677 629/169/677 644/195/677 645/180/677
f 623/172/678 622/170/678 637/196/678 638/182/678
f 635/192/679 634/190/679 649/197/679 650/198/679
f 643/193/680 642/191/680 657/199/680 658/200/680
f 636/194/681 635/192/681 650/198/681 651/201/681
f 644/195/682 643/193/682 658/200/682 659/202/682
f 637/196/683 636/194/683 651/201/683 652/203/683
f 645/180/684 644/195/684 659/202/684 660/204/684
f 638/182/685 637/196/685 652/203/685 653/205/685
f 646/181/686 645/180/686 660/204/686 661/206/686
f 639/183/687 638/182/687 653/205/687 654/207/687
f 647/184/688 646/181/688 661/206/688 662/208/688
f 640/185/689 639/183/689 654/207/689 655/209/689
f 633/187/690 572/210/690 648/211/690
f 798/212/691 647/184/691 662/208/691
f 641/189/692 640/185/692 655/209/692 656/213/692
f 634/190/693 633/187/693 648/211/693 649/197/693
f 642/191/694 641/189/694 656/213/694 657/199/694
f 654/207/695 653/205/695 668/214/695 669/215/695
f 662/208/696 661/206/696 676/216/696 677/217/696
f 655/209/697 654/207/697 669/215/697 670/218/697
f 648/211/698 572/219/698 663/220/698
f 798/221/699 662/208/699 677/217/699
f 656/213/700 655/209/700 670/218/700 671/222/700
f 649/197/701 648/211/701 663/220/701 664/223/701
f 657/199/702 656/213/702 671/222/702 672/224/702
f 650/198/703 649/197/703 664/223/703 665/225/703
f 658/200/704 657/199/704 672/224/704 673/226/704
f 651/201/705 650/198/705 665/225/705 666/227/705
f 659/202/706 658/200/706 673/226/706 674/4/706
f 652/203/707 651/201/707 666/227/707 667/228/707
f 660/204/708 659/202/708 674/4/708 675/229/708
f 653/205/709 652/203/709 667/228/709 668/214/709
f 661/206/710 660/204/710 675/229/710 676/216/710
f 673/226/711 672/224/711 687/230/711 688/231/711
f 666/227/712 665/225/712 680/232/712 681/233/712
f 674/4/713 673/226/713 688/231/713 689/234/713
f 667/228/714 666/227/714 681/233/714 682/235/714
f 675/229/715 674/4/715 689/234/715 690/236/715
f 668/214/716 667/228/716 682/235/716 683/237/716
f 676/216/717 675/229/717 690/236/717 691/238/717
f 669/215/718 668/214/718 683/237/718 684/239/718
f 677/217/719 676/216/719 691/238/719 692/240/719
f 670/218/720 669/215/720 684/239/720 685/241/720
f 663/220/721 572/242/721 678/243/721
f 798/244/722 677/217/722 692/240/722
f 671/222/723 670/218/723 685/241/723 686/245/723
f 664/223/724 663/220/724 678/243/724 679/246/724
f 672/224/725 671/222/725 686/245/725 687/230/725
f 665/225/726 664/223/726 679/246/726 680/232/726
f 692/240/727 691/238/727 706/247/727 707/248/727
f 685/241/728 684/239/728 699/249/728 700/250/728
f 678/243/729 572/251/729 693/252/729
f 798/253/730 692/240/730 707/248/730
f 686/245/731 685/241/731 700/250/731 701/254/731
f 679/246/732 678/243/732 693/252/732 694/255/732
f 687/230/733 686/245/733 701/254/733 702/256/733
f 680/232/734 679/246/734 694/255/734 695/257/734
f 688/231/735 687/230/735 702/256/735 703/258/735
f 681/233/736 680/232/736 695/257/736 696/259/736
f 689/234/737 688/231/737 703/258/737 704/260/737
f 682/235/738 681/233/738 696/259/738 697/261/738
f 690/236/739 689/234/739 704/260/739 705/262/739
f 683/237/740 682/235/740 697/261/740 698/263/740
f 691/238/741 690/236/741 705/262/741 706/247/741
f 684/239/742 683/237/742 698/263/742 699/249/742
f 696/259/743 695/257/743 710/264/743 711/265/743
f 704/260/744 703/258/744 718/266/744 719/267/744
f 697/261/745 696/259/745 711/265/745 712/268/745
f 705/262/746 704/260/746 719/267/746 720/269/746
f 698/263/747 697/261/747 712/268/747 713/270/747
f 706/247/748 705/262/748 720/269/748 721/271/748
f 699/249/749 698/263/749 713/270/749 714/272/749
f 707/248/750 706/247/750 721/271/750 722/273/750
f 700/250/751 699/249/751 714/272/751 715/274/751
f 693/252/752 572/275/752 708/276/752
f 798/277/753 707/248/753 722/273/753
f 701/254/754 700/250/754 715/274/754 716/278/754
f 694/255/755 693/252/755 708/276/755 709/279/755
f 702/256/756 701/254/756 716/278/756 717/280/756
f 695/257/757 694/255/757 709/279/757 710/264/757
f 703/258/758 702/256/758 717/280/758 718/266/758
f 715/274/759 714/272/759 729/281/759 730/282/759
f 708/276/760 572/283/760 723/284/760
f 798/285/761 722/273/761 737/286/761
f 716/278/762 715/274/762 730/282/762 731/287/762
f 709/279/763 708/276/763 723/284/763 724/288/763
f 717/280/764 716/278/764 731/287/764 732/289/764
f 710/264/765 709/279/765 724/288/765 725/290/765
f 718/266/766 717/280/766 732/289/766 733/291/766
f 711/265/767 710/264/767 725/290/767 726/292/767
f 719/267/768 718/266/768 733/291/768 734/293/768
f 712/268/769 711/265/769 726/292/769 727/294/769
f 720/269/770 719/267/770 734/293/770 735/295/770
f 713/270/771 712/268/771 727/294/771 728/296/771
f 721/271/772 720/269/772 735/295/772 736/297/772
f 714/272/773 713/270/773 728/296/773 729/281/773
f 722/273/774 721/271/774 736/297/774 737/286/774
f 734/293/775 733/291/775 748/298/775 749/299/775
f 727/294/776 726/292/776 741/300/776 742/301/776
f 735/295/777 734/293/777 749/299/777 750/302/777
f 728/296/778 727/294/778 742/301/778 743/303/778
f 736/297/779 735/295/779 750/302/779 751/304/779
f 729/281/780 728/296/780 743/303/780 744/305/780
f 737/286/781 736/297/781 751/304/781 752/306/781
f 730/282/782 729/281/782 744/305/782 745/307/782
f 723/284/783 572/308/783 738/309/783
f 798/310/784 737/286/784 752/306/784
f 731/287/785 730/282/785 745/307/785 746/311/785
f 724/288/786 723/284/786 738/309/786 739/312/786
f 732/289/787 731/287/787 746/311/787 747/313/787
f 725/290/788 724/288/788 739/312/788 740/314/788
f 733/291/789 732/289/789 747/313/789 748/298/789
f 726/292/790 725/290/790 740/314/790 741/300/790
f 798/315/791 752/306/791 767/316/791
f 746/311/792 745/307/792 760/317/792 761/318/792
f 739/312/793 738/309/793 753/319/793 754/320/793
f 747/313/794 746/311/794 761/318/794 762/321/794
f 740/314/795 739/312/795 754/320/795 755/322/795
f 748/298/796 747/313/796 762/321/796 763/323/796
f 741/300/797 740/314/797 755/322/797 756/324/797
f 749/299/798 748/298/798 763/323/798 764/325/798
f 742/301/799 741/300/799 756/324/799 757/326/799
f 750/302/800 749/299/800 764/325/800 765/327/800
f 743/303/801 742/301/801 757/326/801 758/328/801
f 751/304/802 750/302/802 765/327/802 766/329/802
f 744/305/803 743/303/803 758/328/803 759/330/803
f 752/306/804 751/304/804 766/329/804 767/316/804
f 745/307/805 744/305/805 759/330/805 760/317/805
f 738/309/806 572/331/806 753/319/806
f 765/327/807 764/325/807 779/332/807 780/333/807
f 758/328/808 757/326/808 772/334/808 773/335/808
f 766/329/809 765/327/809 780/333/809 781/336/809
f 759/330/810 758/328/810 773/335/810 774/337/810
f 767/316/811 766/329/811 781/336/811 782/338/811
f 760/317/812 759/330/812 774/337/812 775/339/812
f 753/319/813 572/340/813 768/341/813
f 798/342/814 767/316/814 782/338/814
f 761/318/815 760/317/815 775/339/815 776/343/815
f 754/320/816 753/319/816 768/341/816 769/344/816
f 762/321/817 761/318/817 776/343/817 777/345/817
f 755/322/818 754/320/818 769/344/818 770/346/818
f 763/323/819 762/321/819 777/345/819 778/347/819
f 756/324/820 755/322/820 770/346/820 771/348/820
f 764/325/821 763/323/821 778/347/821 779/332/821
f 757/326/822 756/324/822 771/348/822 772/334/822
f 769/344/823 768/341/823 783/349/823 784/350/823
f 777/345/824 776/343/824 791/351/824 792/352/824
f 770/346/825 769/344/825 784/350/825 785/353/825
f 778/347/826 777/345/826 792/352/826 793/354/826
f 771/348/827 770/346/827 785/353/827 786/355/827
f 779/332/828 778/347/828 793/354/828 794/356/828
f 772/334/829 771/348/829 786/355/829 787/357/829
f 780/333/830 779/332/830 794/356/830 795/358/830
f 773/335/831 772/334/831 787/357/831 788/359/831
f 781/336/832 780/333/832 795/358/832 796/360/832
f 774/337/833 773/335/833 788/359/833 789/361/833
f 782/338/834 781/336/834 796/360/834 797/362/834
f 775/339/835 774/337/835 789/361/835 790/363/835
f 768/341/836 572/364/836 783/349/836
f 798/365/837 782/338/837 797/362/837
f 776/343/838 775/339/838 790/363/838 791/351/838
f 788/359/839 787/357/839 803/366/839 804/367/839
f 796/360/840 795/358/840 811/368/840 812/369/840
f 789/361/841 788/359/841 804/367/841 805/370/841
f 797/362/842 796/360/842 812/369/842 813/371/842
f 790/363/843 789/361/843 805/370/843 806/372/843
f 783/349/844 572/373/844 799/374/844
f 798/375/845 797/362/845 813/371/845
f 791/351/846 790/363/846 806/372/846 807/376/846
f 784/350/847 783/349/847 799/374/847 800/377/847
f 792/352/848 791/351/848 807/376/848 808/378/848
f 785/353/849 784/350/849 800/377/849 801/379/849
f 793/354/850 792/352/850 808/378/850 809/380/850
f 786/355/851 785/353/851 801/379/851 802/381/851
f 794/356/852 793/354/852 809/380/852 810/382/852
f 787/357/853 786/355/853 802/381/853 803/366/853
f 795/358/854 794/356/854 810/382/854 811/368/854
f 808/378/855 807/376/855 822/383/855 823/384/855
f 801/379/856 800/377/856 815/385/856 816/386/856
f 809/380/857 808/378/857 823/384/857 824/387/857
f 802/381/858 801/379/858 816/386/858 817/388/858
f 810/382/859 809/380/859 824/387/859 825/389/859
f 803/366/860 802/381/860 817/388/860 818/390/860
f 811/368/861 810/382/861 825/389/861 826/391/861
f 804/367/862 803/366/862 818/390/862 819/392/862
f 812/369/863 811/368/863 826/391/863 827/393/863
f 805/370/864 804/367/864 819/392/864 820/394/864
f 813/371/865 812/369/865 827/393/865 828/395/865
f 806/372/866 805/370/866 820/394/866 821/396/866
f 799/374/867 572/397/867 814/398/867
f 798/399/868 813/371/868 828/395/868
f 807/376/869 806/372/869 821/396/869 822/383/869
f 800/377/870 799/374/870 814/398/870 815/385/870
f 827/393/871 826/391/871 841/400/871 842/401/871
f 820/394/872 819/392/872 834/402/872 835/403/872
f 828/395/873 827/393/873 842/401/873 843/404/873
f 821/396/874 820/394/874 835/403/874 836/405/874
f 814/398/875 572/406/875 829/407/875
f 798/408/876 828/395/876 843/404/876
f 822/383/877 821/396/877 836/405/877 837/409/877
f 815/385/878 814/398/878 829/407/878 830/410/878
f 823/384/879 822/383/879 837/409/879 838/411/879
f 816/386/880 815/385/880 830/410/880 831/412/880
f 824/387/881 823/384/881 838/411/881 839/413/881
f 817/388/882 816/386/882 831/412/882 832/414/882
f 825/389/883 824/387/883 839/413/883 840/415/883
f 818/390/884 817/388/884 832/414/884 833/416/884
f 826/391/885 825/389/885 840/415/885 841/400/885
f 819/392/886 818/390/886 833/416/886 834/402/886
f 831/412/887 830/410/887 845/417/887 846/418/887
f 839/413/888 838/411/888 853/419/888 854/420/888
f 832/414/889 831/412/889 846/418/889 847/421/889
f 840/415/890 839/413/890 854/420/890 855/422/890
f 833/416/891 832/414/891 847/421/891 848/423/891
f 841/400/892 840/415/892 855/422/892 856/424/892
f 834/402/893 833/416/893 848/423/893 849/425/893
f 842/401/894 841/400/894 856/424/894 857/426/894
f 835/403/895 834/402/895 849/425/895 850/427/895
f 843/404/896 842/401/896 857/426/896 858/428/896
f 836/405/897 835/403/897 850/427/897 851/429/897
f 829/407/898 572/430/898 844/431/898
f 798/432/899 843/404/899 858/428/899
f 837/409/900 836/405/900 851/429/900 852/433/900
f 830/410/901 829/407/901 844/431/901 845/417/901
f 838/411/902 837/409/902 852/433/902 853/419/902
f 850/434/903 849/435/903 864/436/903 865/437/903
f 858/438/904 857/439/904 872/440/904 873/441/904
f 851/442/905 850/434/905 865/437/905 866/443/905
f 844/444/906 572/445/906 859/446/906
f 798/447/907 858/438/907 873/441/907
f 852/448/908 851/442/908 866/443/908 867/449/908
f 845/450/909 844/444/909 859/446/909 860/451/909
f 853/452/910 852/448/910 867/449/910 868/453/910
f 846/454/911 845/450/911 860/451/911 861/455/911
f 854/456/912 853/452/912 868/453/912 869/457/912
f 847/458/913 846/454/913 861/455/913 862/459/913
f 855/460/914 854/456/914 869/457/914 870/461/914
f 848/462/915 847/458/915 862/459/915 863/463/915
f 856/464/916 855/460/916 870/461/916 871/465/916
f 849/435/917 848/462/917 863/463/917 864/436/917
f 857/439/918 856/464/918 871/465/918 872/440/918
f 869/457/919 868/453/919 883/466/919 884/467/919
f 862/459/920 861/455/920 876/468/920 877/469/920
f 870/461/921 869/457/921 884/467/921 885/470/921
f 863/463/922 862/459/922 877/469/922 878/471/922
f 871/465/923 870/461/923 885/470/923 886/472/923
f 864/436/924 863/463/924 878/471/924 879/473/924
f 872/440/925 871/465/925 886/472/925 887/474/925
f 865/437/926 864/436/926 879/473/926 880/475/926
f 873/441/927 872/440/927 887/474/927 888/476/927
f 866/443/928 865/437/928 880/475/928 881/477/928
f 859/446/929 572/478/929 874/479/929
f 798/480/930 873/441/930 888/476/930
f 867/449/931 866/443/931 881/477/931 882/481/931
f 860/451/932 859/446/932 874/479/932 875/482/932
f 868/453/933 867/449/933 882/481/933 883/466/933
f 861/455/934 860/451/934 875/482/934 876/468/934
f 888/476/935 887/474/935 902/483/935 903/484/935
f 881/477/936 880/475/936 895/485/936 896/486/936
f 874/479/937 572/487/937 889/488/937
f 798/489/938 888/476/938 903/484/938
f 882/481/939 881/477/939 896/486/939 897/490/939
f 875/482/940 874/479/940 889/488/940 890/491/940
f 883/466/941 882/481/941 897/490/941 898/492/941
f 876/468/942 875/482/942 890/491/942 891/493/942
f 884/467/943 883/466/943 898/492/943 899/494/943
f 877/469/944 876/468/944 891/493/944 892/495/944
f 885/470/945 884/467/945 899/494/945 900/496/945
f 878/471/946 877/469/946 892/495/946 893/497/946
f 886/472/947 885/470/947 900/496/947 901/498/947
f 879/473/948 878/471/948 893/497/948 894/499/948
f 887/474/949 886/472/949 901/498/949 902/483/949
f 880/475/950 879/473/950 894/499/950 895/485/950
f 900/496/951 899/494/951 914/500/951 915/501/951
f 893/497/952 892/495/952 907/502/952 908/503/952
f 901/498/953 900/496/953 915/501/953 916/504/953
f 894/499/954 893/497/954 908/503/954 909/505/954
f 902/483/955 901/498/955 916/504/955 917/506/955
f 895/485/956 894/499/956 909/505/956 910/507/956
f 903/484/957 902/483/957 917/506/957 918/508/957
f 896/486/958 895/485/958 910/507/958 911/509/958
f 889/488/959 572/510/959 904/511/959
f 798/512/960 903/484/960 918/508/960
f 897/490/961 896/486/961 911/509/961 912/513/961
f 890/491/962 889/488/962 904/511/962 905/514/962
f 898/492/963 897/490/963 912/513/963 913/515/963
f 891/493/964 890/491/964 905/514/964 906/516/964
f 899/494/965 898/492/965 913/515/965 914/500/965
f 892/495/966 891/493/966 906/516/966 907/502/966
f 904/511/967 572/517/967 919/518/967
f 798/519/968 918/508/968 933/520/968
f 912/513/969 911/509/969 926/521/969 927/522/969
f 905/514/970 904/511/970 919/518/970 920/523/970
f 913/515/971 912/513/971 927/522/971 928/524/971
f 906/516/972 905/514/972 920/523/972 921/525/972
f 914/500/973 913/515/973 928/524/973 929/526/973
f 907/502/974 906/516/974 921/525/974 922/527/974
f 915/501/975 914/500/975 929/526/975 930/528/975
f 908/503/976 907/502/976 922/527/976 923/529/976
f 916/504/977 915/501/977 930/528/977 931/530/977
f 909/505/978 908/503/978 923/529/978 924/531/978
f 917/506/979 916/504/979 931/530/979 932/532/979
f 910/507/980 909/505/980 924/531/980 925/533/980
f 918/508/981 917/506/981 932/532/981 933/520/981
f 911/509/982 910/507/982 925/533/982 926/521/982
f 923/529/983 922/527/983 937/534/983 938/535/983
f 931/530/984 930/528/984 945/536/984 946/537/984
f 924/531/985 923/529/985 938/535/985 939/538/985
f 932/532/986 931/530/986 946/537/986 947/539/986
f 925/533/987 924/531/987 939/538/987 940/540/987
f 933/520/988 932/532/988 947/539/988 948/541/988
f 926/521/989 925/533/989 940/540/989 941/542/989
f 919/518/990 572/543/990 934/544/990
f 798/545/991 933/520/991 948/541/991
f 927/522/992 926/521/992 941/542/992 942/546/992
f 920/523/993 919/518/993 934/544/993 935/547/993
f 928/524/994 927/522/994 942/546/994 943/548/994
f 921/525/995 920/523/995 935/547/995 936/549/995
f 929/526/996 928/524/996 943/548/996 944/550/996
f 922/527/997 921/525/997 936/549/997 937/534/997
f 930/528/998 929/526/998 944/550/998 945/536/998
f 942/546/999 941/542/999 956/551/999 957/552/999
f 935/547/1000 934/544/1000 949/553/1000 950/554/1000
f 943/548/1001 942/546/1001 957/552/1001 958/555/1001
f 936/549/1002 935/547/1002 950/554/1002 951/556/1002
f 944/550/1003 943/548/1003 958/555/1003 959/557/1003
f 937/534/1004 936/549/1004 951/556/1004 952/558/1004
f 945/536/1005 944/550/1005 959/557/1005 960/559/1005
f 938/535/1006 937/534/1006 952/558/1006 953/560/1006
f 946/537/1007 945/536/1007 960/559/1007 961/561/1007
f 939/538/1008 938/535/1008 953/560/1008 954/562/1008
f 947/539/1009 946/537/1009 961/561/1009 962/563/1009
f 940/540/1010 939/538/1010 954/562/1010 955/564/1010
f 948/541/1011 947/539/1011 962/563/1011 963/565/1011
f 941/542/1012 940/540/1012 955/564/1012 956/551/1012
f 934/544/1013 572/566/1013 949/553/1013
f 798/567/1014 948/541/1014 963/565/1014
f 961/561/1015 960/559/1015 969/20/1015 970/19/1015
f 954/562/1016 953/560/1016 492/15/1016 967/23/1016
f 962/563/1017 961/561/1017 970/19/1017 971/25/1017
f 955/564/1018 954/562/1018 967/23/1018 493/27/1018
f 963/565/1019 962/563/1019 971/25/1019 972/29/1019
f 956/551/1020 955/564/1020 493/27/1020 494/31/1020
f 949/553/1021 572/568/1021 964/33/1021
f 798/569/1022 963/565/1022 972/29/1022
f 957/552/1023 956/551/1023 494/31/1023 495/37/1023
f 950/554/1024 949/553/1024 964/33/1024 965/39/1024
f 958/555/1025 957/552/1025 495/37/1025 968/41/1025
f 951/556/1026 950/554/1026 965/39/1026 491/43/1026
f 959/557/1027 958/555/1027 968/41/1027 496/45/1027
f 952/558/1028 951/556/1028 491/43/1028 966/16/1028
f 960/559/1029 959/557/1029 496/45/1029 969/20/1029
f 953/560/1030 952/558/1030 966/16/1030 492/15/1030
f 974/15/519 1448/16/519 982/17/519 983/18/519
f 1452/19/520 1451/20/520 990/21/520 991/22/520
f 1449/23/521 974/15/521 983/18/521 984/24/521
f 1453/25/522 1452/19/522 991/22/522 992/26/522
f 975/27/523 1449/23/523 984/24/523 985/28/523
f 1454/29/524 1453/25/524 992/26/524 993/30/524
f 976/31/525 975/27/525 985/28/525 986/32/525
f 1446/33/526 1054/34/526 979/35/526
f 1280/36/527 1454/29/527 993/30/527
f 977/37/528 976/31/528 986/32/528 987/38/528
f 1447/39/529 1446/33/529 979/35/529 980/40/529
f 1450/41/530 977/37/530 987/38/530 988/42/530
f 973/43/531 1447/39/531 980/40/531 981/44/531
f 978/45/532 1450/41/532 988/42/532 989/46/532
f 1448/16/533 973/43/533 981/44/533 982/17/533
f 1451/20/534 978/45/534 989/46/534 990/21/534
f 982/17/535 981/44/535 996/47/535 997/48/535
f 990/21/536 989/46/536 1004/49/536 1005/50/536
f 983/18/537 982/17/537 997/48/537 998/51/537
f 991/22/538 990/21/538 1005/50/538 1006/52/538
f 984/24/539 983/18/539 998/51/539 999/53/539
f 992/26/540 991/22/540 1006/52/540 1007/54/540
f 985/28/541 984/24/541 999/53/541 1000/55/541
f 993/30/542 992/26/542 1007/54/542 1008/56/542
f 986/32/543 985/28/543 1000/55/543 1001/57/543
f 979/35/544 1054/58/544 994/59/544
f 1280/60/545 993/30/545 1008/56/545
f 987/38/546 986/32/546 1001/57/546 1002/61/546
f 980/40/547 979/35/547 994/59/547 995/62/547
f 988/42/548 987/38/548 1002/61/548 1003/63/548
f 981/44/549 980/40/549 995/62/549 996/47/549
f 989/46/550 988/42/550 1003/63/550 1004/49/550
f 1001/57/551 1000/55/551 1015/64/551 1016/65/551
f 994/59/552 1054/66/552 1009/67/552
f 1280/68/553 1008/56/553 1023/69/553
f 1002/61/554 1001/57/554 1016/65/554 1017/70/554
f 995/62/555 994/59/555 1009/67/555 1010/71/555
f 1003/63/556 1002/61/556 1017/70/556 1018/72/556
f 996/47/557 995/62/557 1010/71/557 1011/73/557
f 1004/49/1031 1003/63/1031 1018/72/1031 1019/74/1031
f 997/48/559 996/47/559 1011/73/559 1012/75/559
f 1005/50/560 1004/49/560 1019/74/560 1020/76/560
f 998/51/561 997/48/561 1012/75/561 1013/77/561
f 1006/52/562 1005/50/562 1020/76/562 1021/78/562
f 999/53/1032 998/51/1032 1013/77/1032 1014/79/1032
f 1007/54/564 1006/52/564 1021/78/564 1022/80/564
f 1000/55/565 999/53/565 1014/79/565 1015/64/565
f 1008/56/566 1007/54/566 1022/80/566 1023/69/566
f 1020/76/567 1019/74/567 1034/81/567 1035/3/567
f 1013/77/568 1012/75/568 1027/7/568 1028/82/568
f 1021/78/569 1020/76/569 1035/3/569 1036/83/569
f 1014/79/570 1013/77/570 1028/82/570 1029/84/570
f 1022/80/571 1021/78/571 1036/83/571 1037/85/571
f 1015/64/572 1014/79/572 1029/84/572 1030/86/572
f 1023/69/573 1022/80/573 1037/85/573 1038/87/573
f 1016/65/574 1015/64/574 1030/86/574 1031/5/574
f 1009/67/575 1054/88/575 1024/89/575
f 1280/90/576 1023/69/576 1038/87/576
f 1017/70/577 1016/65/577 1031/5/577 1032/91/577
f 1010/71/578 1009/67/578 1024/89/578 1025/92/578
f 1018/72/579 1017/70/579 1032/91/579 1033/93/579
f 1011/73/580 1010/71/580 1025/92/580 1026/94/580
f 1019/74/581 1018/72/581 1033/93/581 1034/81/581
f 1012/75/582 1011/73/582 1026/94/582 1027/7/582
f 1024/89/583 1054/95/583 1039/96/583
f 1280/97/1033 1038/87/1033 1053/98/1033
f 1032/91/585 1031/5/585 1046/99/585 1047/100/585
f 1025/92/586 1024/89/586 1039/96/586 1040/101/586
f 1033/93/587 1032/91/587 1047/100/587 1048/102/587
f 1026/94/588 1025/92/588 1040/101/588 1041/103/588
f 1034/81/589 1033/93/589 1048/102/589 1049/104/589
f 1027/7/590 1026/94/590 1041/103/590 1042/105/590
f 1035/3/591 1034/81/591 1049/104/591 1050/106/591
f 1028/82/592 1027/7/592 1042/105/592 1043/107/592
f 1036/83/593 1035/3/593 1050/106/593 1051/108/593
f 1029/84/594 1028/82/594 1043/107/594 1044/109/594
f 1037/85/595 1036/83/595 1051/108/595 1052/110/595
f 1030/86/596 1029/84/596 1044/109/596 1045/111/596
f 1038/87/597 1037/85/597 1052/110/597 1053/98/597
f 1031/5/598 1030/86/598 1045/111/598 1046/99/598
f 1043/107/599 1042/105/599 1058/112/599 1059/113/599
f 1051/108/600 1050/106/600 1066/114/600 1067/115/600
f 1044/109/601 1043/107/601 1059/113/601 1060/116/601
f 1052/110/602 1051/108/602 1067/115/602 1068/117/602
f 1045/111/603 1044/109/603 1060/116/603 1061/118/603
f 1053/98/604 1052/110/604 1068/117/604 1069/119/604
f 1046/99/605 1045/111/605 1061/118/605 1062/120/605
f 1039/96/606 1054/121/606 1055/122/606
f 1280/123/607 1053/98/607 1069/119/607
f 1047/100/608 1046/99/608 1062/120/608 1063/124/608
f 1040/101/609 1039/96/609 1055/122/609 1056/125/609
f 1048/102/610 1047/100/610 1063/124/610 1064/126/610
f 1041/103/611 1040/101/611 1056/125/611 1057/127/611
f 1049/104/612 1048/102/612 1064/126/612 1065/128/612
f 1042/105/613 1041/103/613 1057/127/613 1058/112/613
f 1050/106/614 1049/104/614 1065/128/614 1066/114/614
f 1063/124/615 1062/120/615 1077/129/615 1078/130/615
f 1056/125/616 1055/122/616 1070/131/616 1071/132/616
f 1064/126/617 1063/124/617 1078/130/617 1079/133/617
f 1057/127/618 1056/125/618 1071/132/618 1072/134/618
f 1065/128/619 1064/126/619 1079/133/619 1080/135/619
f 1058/112/620 1057/127/620 1072/134/620 1073/136/620
f 1066/114/621 1065/128/621 1080/135/621 1081/137/621
f 1059/113/1034 1058/112/1034 1073/136/1034 1074/138/1034
f 1067/115/623 1066/114/623 1081/137/623 1082/139/623
f 1060/116/624 1059/113/624 1074/138/624 1075/140/624
f 1068/117/625 1067/115/625 1082/139/625 1083/141/625
f 1061/118/626 1060/116/626 1075/140/626 1076/142/626
f 1069/119/627 1068/117/627 1083/141/627 1084/143/627
f 1062/120/628 1061/118/628 1076/142/628 1077/129/628
f 1055/122/629 1054/144/629 1070/131/629
f 1280/145/630 1069/119/630 1084/143/630
f 1082/139/631 1081/137/631 1096/146/631 1097/147/631
f 1075/140/632 1074/138/632 1089/148/632 1090/149/632
f 1083/141/633 1082/139/633 1097/147/633 1098/150/633
f 1076/142/634 1075/140/634 1090/149/634 1091/151/634
f 1084/143/635 1083/141/635 1098/150/635 1099/152/635
f 1077/129/636 1076/142/636 1091/151/636 1092/153/636
f 1070/131/637 1054/154/637 1085/155/637
f 1280/156/638 1084/143/638 1099/152/638
f 1078/130/639 1077/129/639 1092/153/639 1093/157/639
f 1071/132/640 1070/131/640 1085/155/640 1086/158/640
f 1079/133/641 1078/130/641 1093/157/641 1094/159/641
f 1072/134/642 1071/132/642 1086/158/642 1087/160/642
f 1080/135/643 1079/133/643 1094/159/643 1095/161/643
f 1073/136/644 1072/134/644 1087/160/644 1088/162/644
f 1081/137/645 1080/135/645 1095/161/645 1096/146/645
f 1074/138/646 1073/136/646 1088/162/646 1089/148/646
f 1094/159/647 1093/157/647 1108/163/647 1109/164/647
f 1087/160/648 1086/158/648 1101/165/648 1102/166/648
f 1095/161/649 1094/159/649 1109/164/649 1110/167/649
f 1088/162/650 1087/160/650 1102/166/650 1103/168/650
f 1096/146/651 1095/161/651 1110/167/651 1111/169/651
f 1089/148/652 1088/162/652 1103/168/652 1104/170/652
f 1097/147/653 1096/146/653 1111/169/653 1112/171/653
f 1090/149/654 1089/148/654 1104/170/654 1105/172/654
f 1098/150/655 1097/147/655 1112/171/655 1113/173/655
f 1091/151/656 1090/149/656 1105/172/656 1106/174/656
f 1099/152/657 1098/150/657 1113/173/657 1114/175/657
f 1092/153/658 1091/151/658 1106/174/658 1107/176/658
f 1085/155/659 1054/177/659 1100/178/659
f 1280/179/660 1099/152/660 1114/175/660
f 1093/157/661 1092/153/661 1107/176/661 1108/163/661
f 1086/158/662 1085/155/662 1100/178/662 1101/165/662
f 1113/173/663 1112/171/663 1127/180/663 1128/181/663
f 1106/174/664 1105/172/664 1120/182/664 1121/183/664
f 1114/175/665 1113/173/665 1128/181/665 1129/184/665
f 1107/176/666 1106/174/666 1121/183/666 1122/185/666
f 1100/178/667 1054/186/667 1115/187/667
f 1280/188/668 1114/175/668 1129/184/668
f 1108/163/669 1107/176/669 1122/185/669 1123/189/669
f 1101/165/670 1100/178/670 1115/187/670 1116/190/670
f 1109/164/671 1108/163/671 1123/189/671 1124/191/671
f 1102/166/672 1101/165/672 1116/190/672 1117/192/672
f 1110/167/673 1109/164/673 1124/191/673 1125/193/673
f 1103/168/674 1102/166/674 1117/192/674 1118/194/674
f 1111/169/675 1110/167/675 1125/193/675 1126/195/675
f 1104/170/676 1103/168/676 1118/194/676 1119/196/676
f 1112/171/677 1111/169/677 1126/195/677 1127/180/677
f 1105/172/678 1104/170/678 1119/196/678 1120/182/678
f 1117/192/679 1116/190/679 1131/197/679 1132/198/679
f 1125/193/680 1124/191/680 1139/199/680 1140/200/680
f 1118/194/681 1117/192/681 1132/198/681 1133/201/681
f 1126/195/682 1125/193/682 1140/200/682 1141/202/682
f 1119/196/683 1118/194/683 1133/201/683 1134/203/683
f 1127/180/684 1126/195/684 1141/202/684 1142/204/684
f 1120/182/685 1119/196/685 1134/203/685 1135/205/685
f 1128/181/686 1127/180/686 1142/204/686 1143/206/686
f 1121/183/687 1120/182/687 1135/205/687 1136/207/687
f 1129/184/688 1128/181/688 1143/206/688 1144/208/688
f 1122/185/689 1121/183/689 1136/207/689 1137/209/689
f 1115/187/1035 1054/210/1035 1130/211/1035
f 1280/212/691 1129/184/691 1144/208/691
f 1123/189/692 1122/185/692 1137/209/692 1138/213/692
f 1116/190/693 1115/187/693 1130/211/693 1131/197/693
f 1124/191/694 1123/189/694 1138/213/694 1139/199/694
f 1136/207/695 1135/205/695 1150/214/695 1151/215/695
f 1144/208/696 1143/206/696 1158/216/696 1159/217/696
f 1137/209/697 1136/207/697 1151/215/697 1152/218/697
f 1130/211/1036 1054/219/1036 1145/220/1036
f 1280/221/699 1144/208/699 1159/217/699
f 1138/213/700 1137/209/700 1152/218/700 1153/222/700
f 1131/197/701 1130/211/701 1145/220/701 1146/223/701
f 1139/199/702 1138/213/702 1153/222/702 1154/224/702
f 1132/198/703 1131/197/703 1146/223/703 1147/225/703
f 1140/200/704 1139/199/704 1154/224/704 1155/226/704
f 1133/201/705 1132/198/705 1147/225/705 1148/227/705
f 1141/202/706 1140/200/706 1155/226/706 1156/4/706
f 1134/203/707 1133/201/707 1148/227/707 1149/228/707
f 1142/204/708 1141/202/708 1156/4/708 1157/229/708
f 1135/205/709 1134/203/709 1149/228/709 1150/214/709
f 1143/206/710 1142/204/710 1157/229/710 1158/216/710
f 1155/226/711 1154/224/711 1169/230/711 1170/231/711
f 1148/227/712 1147/225/712 1162/232/712 1163/233/712
f 1156/4/713 1155/226/713 1170/231/713 1171/234/713
f 1149/228/714 1148/227/714 1163/233/714 1164/235/714
f 1157/229/715 1156/4/715 1171/234/715 1172/236/715
f 1150/214/716 1149/228/716 1164/235/716 1165/237/716
f 1158/216/717 1157/229/717 1172/236/717 1173/238/717
f 1151/215/718 1150/214/718 1165/237/718 1166/239/718
f 1159/217/719 1158/216/719 1173/238/719 1174/240/719
f 1152/218/720 1151/215/720 1166/239/720 1167/241/720
f 1145/220/721 1054/242/721 1160/243/721
f 1280/244/722 1159/217/722 1174/240/722
f 1153/222/723 1152/218/723 1167/241/723 1168/245/723
f 1146/223/724 1145/220/724 1160/243/724 1161/246/724
f 1154/224/725 1153/222/725 1168/245/725 1169/230/725
f 1147/225/726 1146/223/726 1161/246/726 1162/232/726
f 1174/240/727 1173/238/727 1188/247/727 1189/248/727
f 1167/241/728 1166/239/728 1181/249/728 1182/250/728
f 1160/243/729 1054/251/729 1175/252/729
f 1280/253/730 1174/240/730 1189/248/730
f 1168/245/731 1167/241/731 1182/250/731 1183/254/731
f 1161/246/732 1160/243/732 1175/252/732 1176/255/732
f 1169/230/733 1168/245/733 1183/254/733 1184/256/733
f 1162/232/734 1161/246/734 1176/255/734 1177/257/734
f 1170/231/735 1169/230/735 1184/256/735 1185/258/735
f 1163/233/736 1162/232/736 1177/257/736 1178/259/736
f 1171/234/737 1170/231/737 1185/258/737 1186/260/737
f 1164/235/738 1163/233/738 1178/259/738 1179/261/738
f 1172/236/739 1171/234/739 1186/260/739 1187/262/739
f 1165/237/740 1164/235/740 1179/261/740 1180/263/740
f 1173/238/741 1172/236/741 1187/262/741 1188/247/741
f 1166/239/742 1165/237/742 1180/263/742 1181/249/742
f 1178/259/743 1177/257/743 1192/264/743 1193/265/743
f 1186/260/744 1185/258/744 1200/266/744 1201/267/744
f 1179/261/745 1178/259/745 1193/265/745 1194/268/745
f 1187/262/746 1186/260/746 1201/267/746 1202/269/746
f 1180/263/747 1179/261/747 1194/268/747 1195/270/747
f 1188/247/748 1187/262/748 1202/269/748 1203/271/748
f 1181/249/749 1180/263/749 1195/270/749 1196/272/749
f 1189/248/750 1188/247/750 1203/271/750 1204/273/750
f 1182/250/751 1181/249/751 1196/272/751 1197/274/751
f 1175/252/752 1054/275/752 1190/276/752
f 1280/277/753 1189/248/753 1204/273/753
f 1183/254/754 1182/250/754 1197/274/754 1198/278/754
f 1176/255/755 1175/252/755 1190/276/755 1191/279/755
f 1184/256/756 1183/254/756 1198/278/756 1199/280/756
f 1177/257/757 1176/255/757 1191/279/757 1192/264/757
f 1185/258/758 1184/256/758 1199/280/758 1200/266/758
f 1197/274/759 1196/272/759 1211/281/759 1212/282/759
f 1190/276/760 1054/283/760 1205/284/760
f 1280/285/761 1204/273/761 1219/286/761
f 1198/278/762 1197/274/762 1212/282/762 1213/287/762
f 1191/279/763 1190/276/763 1205/284/763 1206/288/763
f 1199/280/764 1198/278/764 1213/287/764 1214/289/764
f 1192/264/765 1191/279/765 1206/288/765 1207/290/765
f 1200/266/766 1199/280/766 1214/289/766 1215/291/766
f 1193/265/767 1192/264/767 1207/290/767 1208/292/767
f 1201/267/768 1200/266/768 1215/291/768 1216/293/768
f 1194/268/769 1193/265/769 1208/292/769 1209/294/769
f 1202/269/770 1201/267/770 1216/293/770 1217/295/770
f 1195/270/771 1194/268/771 1209/294/771 1210/296/771
f 1203/271/772 1202/269/772 1217/295/772 1218/297/772
f 1196/272/773 1195/270/773 1210/296/773 1211/281/773
f 1204/273/774 1203/271/774 1218/297/774 1219/286/774
f 1216/293/775 1215/291/775 1230/298/775 1231/299/775
f 1209/294/776 1208/292/776 1223/300/776 1224/301/776
f 1217/295/777 1216/293/777 1231/299/777 1232/302/777
f 1210/296/778 1209/294/778 1224/301/778 1225/303/778
f 1218/297/779 1217/295/779 1232/302/779 1233/304/779
f 1211/281/780 1210/296/780 1225/303/780 1226/305/780
f 1219/286/781 1218/297/781 1233/304/781 1234/306/781
f 1212/282/782 1211/281/782 1226/305/782 1227/307/782
f 1205/284/783 1054/308/783 1220/309/783
f 1280/310/784 1219/286/784 1234/306/784
f 1213/287/785 1212/282/785 1227/307/785 1228/311/785
f 1206/288/786 1205/284/786 1220/309/786 1221/312/786
f 1214/289/787 1213/287/787 1228/311/787 1229/313/787
f 1207/290/788 1206/288/788 1221/312/788 1222/314/788
f 1215/291/789 1214/289/789 1229/313/789 1230/298/789
f 1208/292/790 1207/290/790 1222/314/790 1223/300/790
f 1280/315/791 1234/306/791 1249/316/791
f 1228/311/792 1227/307/792 1242/317/792 1243/318/792
f 1221/312/793 1220/309/793 1235/319/793 1236/320/793
f 1229/313/794 1228/311/794 1243/318/794 1244/321/794
f 1222/314/795 1221/312/795 1236/320/795 1237/322/795
f 1230/298/796 1229/313/796 1244/321/796 1245/323/796
f 1223/300/797 1222/314/797 1237/322/797 1238/324/797
f 1231/299/798 1230/298/798 1245/323/798 1246/325/798
f 1224/301/799 1223/300/799 1238/324/799 1239/326/799
f 1232/302/800 1231/299/800 1246/325/800 1247/327/800
f 1225/303/801 1224/301/801 1239/326/801 1240/328/801
f 1233/304/802 1232/302/802 1247/327/802 1248/329/802
f 1226/305/803 1225/303/803 1240/328/803 1241/330/803
f 1234/306/804 1233/304/804 1248/329/804 1249/316/804
f 1227/307/805 1226/305/805 1241/330/805 1242/317/805
f 1220/309/806 1054/331/806 1235/319/806
f 1247/327/807 1246/325/807 1261/332/807 1262/333/807
f 1240/328/808 1239/326/808 1254/334/808 1255/335/808
f 1248/329/809 1247/327/809 1262/333/809 1263/336/809
f 1241/330/810 1240/328/810 1255/335/810 1256/337/810
f 1249/316/811 1248/329/811 1263/336/811 1264/338/811
f 1242/317/812 1241/330/812 1256/337/812 1257/339/812
f 1235/319/813 1054/340/813 1250/341/813
f 1280/342/814 1249/316/814 1264/338/814
f 1243/318/815 1242/317/815 1257/339/815 1258/343/815
f 1236/320/816 1235/319/816 1250/341/816 1251/344/816
f 1244/321/817 1243/318/817 1258/343/817 1259/345/817
f 1237/322/818 1236/320/818 1251/344/818 1252/346/818
f 1245/323/1037 1244/321/1037 1259/345/1037 1260/347/1037
f 1238/324/820 1237/322/820 1252/346/820 1253/348/820
f 1246/325/821 1245/323/821 1260/347/821 1261/332/821
f 1239/326/822 1238/324/822 1253/348/822 1254/334/822
f 1251/344/823 1250/341/823 1265/349/823 1266/350/823
f 1259/345/824 1258/343/824 1273/351/824 1274/352/824
f 1252/346/825 1251/344/825 1266/350/825 1267/353/825
f 1260/347/826 1259/345/826 1274/352/826 1275/354/826
f 1253/348/827 1252/346/827 1267/353/827 1268/355/827
f 1261/332/828 1260/347/828 1275/354/828 1276/356/828
f 1254/334/829 1253/348/829 1268/355/829 1269/357/829
f 1262/333/830 1261/332/830 1276/356/830 1277/358/830
f 1255/335/831 1254/334/831 1269/357/831 1270/359/831
f 1263/336/832 1262/333/832 1277/358/832 1278/360/832
f 1256/337/833 1255/335/833 1270/359/833 1271/361/833
f 1264/338/834 1263/336/834 1278/360/834 1279/362/834
f 1257/339/835 1256/337/835 1271/361/835 1272/363/835
f 1250/341/836 1054/364/836 1265/349/836
f 1280/365/837 1264/338/837 1279/362/837
f 1258/343/838 1257/339/838 1272/363/838 1273/351/838
f 1270/359/839 1269/357/839 1285/366/839 1286/367/839
f 1278/360/840 1277/358/840 1293/368/840 1294/369/840
f 1271/361/841 1270/359/841 1286/367/841 1287/370/841
f 1279/362/842 1278/360/842 1294/369/842 1295/371/842
f 1272/363/843 1271/361/843 1287/370/843 1288/372/843
f 1265/349/1038 1054/373/1038 1281/374/1038
f 1280/375/1039 1279/362/1039 1295/371/1039
f 1273/351/846 1272/363/846 1288/372/846 1289/376/846
f 1266/350/847 1265/349/847 1281/374/847 1282/377/847
f 1274/352/848 1273/351/848 1289/376/848 1290/378/848
f 1267/353/849 1266/350/849 1282/377/849 1283/379/849
f 1275/354/850 1274/352/850 1290/378/850 1291/380/850
f 1268/355/851 1267/353/851 1283/379/851 1284/381/851
f 1276/356/852 1275/354/852 1291/380/852 1292/382/852
f 1269/357/853 1268/355/853 1284/381/853 1285/366/853
f 1277/358/854 1276/356/854 1292/382/854 1293/368/854
f 1290/378/855 1289/376/855 1304/383/855 1305/384/855
f 1283/379/856 1282/377/856 1297/385/856 1298/386/856
f 1291/380/857 1290/378/857 1305/384/857 1306/387/857
f 1284/381/858 1283/379/858 1298/386/858 1299/388/858
f 1292/382/859 1291/380/859 1306/387/859 1307/389/859
f 1285/366/860 1284/381/860 1299/388/860 1300/390/860
f 1293/368/861 1292/382/861 1307/389/861 1308/391/861
f 1286/367/862 1285/366/862 1300/390/862 1301/392/862
f 1294/369/863 1293/368/863 1308/391/863 1309/393/863
f 1287/370/864 1286/367/864 1301/392/864 1302/394/864
f 1295/371/865 1294/369/865 1309/393/865 1310/395/865
f 1288/372/866 1287/370/866 1302/394/866 1303/396/866
f 1281/374/1040 1054/397/1040 1296/398/1040
f 1280/399/868 1295/371/868 1310/395/868
f 1289/376/869 1288/372/869 1303/396/869 1304/383/869
f 1282/377/870 1281/374/870 1296/398/870 1297/385/870
f 1309/393/871 1308/391/871 1323/400/871 1324/401/871
f 1302/394/872 1301/392/872 1316/402/872 1317/403/872
f 1310/395/1041 1309/393/1041 1324/401/1041 1325/404/1041
f 1303/396/874 1302/394/874 1317/403/874 1318/405/874
f 1296/398/875 1054/406/875 1311/407/875
f 1280/408/876 1310/395/876 1325/404/876
f 1304/383/877 1303/396/877 1318/405/877 1319/409/877
f 1297/385/878 1296/398/878 1311/407/878 1312/410/878
f 1305/384/879 1304/383/879 1319/409/879 1320/411/879
f 1298/386/880 1297/385/880 1312/410/880 1313/412/880
f 1306/387/881 1305/384/881 1320/411/881 1321/413/881
f 1299/388/882 1298/386/882 1313/412/882 1314/414/882
f 1307/389/1042 1306/387/1042 1321/413/1042 1322/415/1042
f 1300/390/1043 1299/388/1043 1314/414/1043 1315/416/1043
f 1308/391/885 1307/389/885 1322/415/885 1323/400/885
f 1301/392/886 1300/390/886 1315/416/886 1316/402/886
f 1313/412/887 1312/410/887 1327/417/887 1328/418/887
f 1321/413/888 1320/411/888 1335/419/888 1336/420/888
f 1314/414/889 1313/412/889 1328/418/889 1329/421/889
f 1322/415/890 1321/413/890 1336/420/890 1337/422/890
f 1315/416/891 1314/414/891 1329/421/891 1330/423/891
f 1323/400/892 1322/415/892 1337/422/892 1338/424/892
f 1316/402/893 1315/416/893 1330/423/893 1331/425/893
f 1324/401/894 1323/400/894 1338/424/894 1339/426/894
f 1317/403/895 1316/402/895 1331/425/895 1332/427/895
f 1325/404/896 1324/401/896 1339/426/896 1340/428/896
f 1318/405/897 1317/403/897 1332/427/897 1333/429/897
f 1311/407/1044 1054/430/1044 1326/431/1044
f 1280/432/899 1325/404/899 1340/428/899
f 1319/409/900 1318/405/900 1333/429/900 1334/433/900
f 1312/410/901 1311/407/901 1326/431/901 1327/417/901
f 1320/411/902 1319/409/902 1334/433/902 1335/419/902
f 1332/434/903 1331/435/903 1346/436/903 1347/437/903
f 1340/438/904 1339/439/904 1354/440/904 1355/441/904
f 1333/442/905 1332/434/905 1347/437/905 1348/443/905
f 1326/444/906 1054/445/906 1341/446/906
f 1280/447/907 1340/438/907 1355/441/907
f 1334/448/908 1333/442/908 1348/443/908 1349/449/908
f 1327/450/909 1326/444/909 1341/446/909 1342/451/909
f 1335/452/910 1334/448/910 1349/449/910 1350/453/910
f 1328/454/911 1327/450/911 1342/451/911 1343/455/911
f 1336/456/912 1335/452/912 1350/453/912 1351/457/912
f 1329/458/913 1328/454/913 1343/455/913 1344/459/913
f 1337/460/914 1336/456/914 1351/457/914 1352/461/914
f 1330/462/915 1329/458/915 1344/459/915 1345/463/915
f 1338/464/916 1337/460/916 1352/461/916 1353/465/916
f 1331/435/917 1330/462/917 1345/463/917 1346/436/917
f 1339/439/918 1338/464/918 1353/465/918 1354/440/918
f 1351/457/919 1350/453/919 1365/466/919 1366/467/919
f 1344/459/920 1343/455/920 1358/468/920 1359/469/920
f 1352/461/921 1351/457/921 1366/467/921 1367/470/921
f 1345/463/922 1344/459/922 1359/469/922 1360/471/922
f 1353/465/923 1352/461/923 1367/470/923 1368/472/923
f 1346/436/924 1345/463/924 1360/471/924 1361/473/924
f 1354/440/925 1353/465/925 1368/472/925 1369/474/925
f 1347/437/926 1346/436/926 1361/473/926 1362/475/926
f 1355/441/1045 1354/440/1045 1369/474/1045 1370/476/1045
f 1348/443/928 1347/437/928 1362/475/928 1363/477/928
f 1341/446/929 1054/478/929 1356/479/929
f 1280/480/930 1355/441/930 1370/476/930
f 1349/449/931 1348/443/931 1363/477/931 1364/481/931
f 1342/451/932 1341/446/932 1356/479/932 1357/482/932
f 1350/453/933 1349/449/933 1364/481/933 1365/466/933
f 1343/455/934 1342/451/934 1357/482/934 1358/468/934
f 1370/476/935 1369/474/935 1384/483/935 1385/484/935
f 1363/477/936 1362/475/936 1377/485/936 1378/486/936
f 1356/479/1046 1054/487/1046 1371/488/1046
f 1280/489/938 1370/476/938 1385/484/938
f 1364/481/939 1363/477/939 1378/486/939 1379/490/939
f 1357/482/1047 1356/479/1047 1371/488/1047 1372/491/1047
f 1365/466/941 1364/481/941 1379/490/941 1380/492/941
f 1358/468/942 1357/482/942 1372/491/942 1373/493/942
f 1366/467/943 1365/466/943 1380/492/943 1381/494/943
f 1359/469/944 1358/468/944 1373/493/944 1374/495/944
f 1367/470/945 1366/467/945 1381/494/945 1382/496/945
f 1360/471/946 1359/469/946 1374/495/946 1375/497/946
f 1368/472/947 1367/470/947 1382/496/947 1383/498/947
f 1361/473/948 1360/471/948 1375/497/948 1376/499/948
f 1369/474/949 1368/472/949 1383/498/949 1384/483/949
f 1362/475/950 1361/473/950 1376/499/950 1377/485/950
f 1382/496/1048 1381/494/1048 1396/500/1048 1397/501/1048
f 1375/497/952 1374/495/952 1389/502/952 1390/503/952
f 1383/498/953 1382/496/953 1397/501/953 1398/504/953
f 1376/499/954 1375/497/954 1390/503/954 1391/505/954
f 1384/483/955 1383/498/955 1398/504/955 1399/506/955
f 1377/485/956 1376/499/956 1391/505/956 1392/507/956
f 1385/484/957 1384/483/957 1399/506/957 1400/508/957
f 1378/486/958 1377/485/958 1392/507/958 1393/509/958
f 1371/488/1049 1054/510/1049 1386/511/1049
f 1280/512/1050 1385/484/1050 1400/508/1050
f 1379/490/961 1378/486/961 1393/509/961 1394/513/961
f 1372/491/962 1371/488/962 1386/511/962 1387/514/962
f 1380/492/963 1379/490/963 1394/513/963 1395/515/963
f 1373/493/964 1372/491/964 1387/514/964 1388/516/964
f 1381/494/965 1380/492/965 1395/515/965 1396/500/965
f 1374/495/966 1373/493/966 1388/516/966 1389/502/966
f 1386/511/967 1054/517/967 1401/518/967
f 1280/519/968 1400/508/968 1415/520/968
f 1394/513/969 1393/509/969 1408/521/969 1409/522/969
f 1387/514/970 1386/511/970 1401/518/970 1402/523/970
f 1395/515/971 1394/513/971 1409/522/971 1410/524/971
f 1388/516/972 1387/514/972 1402/523/972 1403/525/972
f 1396/500/973 1395/515/973 1410/524/973 1411/526/973
f 1389/502/974 1388/516/974 1403/525/974 1404/527/974
f 1397/501/975 1396/500/975 1411/526/975 1412/528/975
f 1390/503/976 1389/502/976 1404/527/976 1405/529/976
f 1398/504/977 1397/501/977 1412/528/977 1413/530/977
f 1391/505/978 1390/503/978 1405/529/978 1406/531/978
f 1399/506/979 1398/504/979 1413/530/979 1414/532/979
f 1392/507/980 1391/505/980 1406/531/980 1407/533/980
f 1400/508/981 1399/506/981 1414/532/981 1415/520/981
f 1393/509/982 1392/507/982 1407/533/982 1408/521/982
f 1405/529/983 1404/527/983 1419/534/983 1420/535/983
f 1413/530/984 1412/528/984 1427/536/984 1428/537/984
f 1406/531/1051 1405/529/1051 1420/535/1051 1421/538/1051
f 1414/532/986 1413/530/986 1428/537/986 1429/539/986
f 1407/533/987 1406/531/987 1421/538/987 1422/540/987
f 1415/520/988 1414/532/988 1429/539/988 1430/541/988
f 1408/521/989 1407/533/989 1422/540/989 1423/542/989
f 1401/518/990 1054/543/990 1416/544/990
f 1280/545/991 1415/520/991 1430/541/991
f 1409/522/992 1408/521/992 1423/542/992 1424/546/992
f 1402/523/993 1401/518/993 1416/544/993 1417/547/993
f 1410/524/994 1409/522/994 1424/546/994 1425/548/994
f 1403/525/995 1402/523/995 1417/547/995 1418/549/995
f 1411/526/996 1410/524/996 1425/548/996 1426/550/996
f 1404/527/997 1403/525/997 1418/549/997 1419/534/997
f 1412/528/998 1411/526/998 1426/550/998 1427/536/998
f 1424/546/999 1423/542/999 1438/551/999 1439/552/999
f 1417/547/1000 1416/544/1000 1431/553/1000 1432/554/1000
f 1425/548/1001 1424/546/1001 1439/552/1001 1440/555/1001
f 1418/549/1002 1417/547/1002 1432/554/1002 1433/556/1002
f 1426/550/1003 1425/548/1003 1440/555/1003 1441/557/1003
f 1419/534/1004 1418/549/1004 1433/556/1004 1434/558/1004
f 1427/536/1005 1426/550/1005 1441/557/1005 1442/559/1005
f 1420/535/1006 1419/534/1006 1434/558/1006 1435/560/1006
f 1428/537/1007 1427/536/1007 1442/559/1007 1443/561/1007
f 1421/538/1008 1420/535/1008 1435/560/1008 1436/562/1008
f 1429/539/1009 1428/537/1009 1443/561/1009 1444/563/1009
f 1422/540/1010 1421/538/1010 1436/562/1010 1437/564/1010
f 1430/541/1011 1429/539/1011 1444/563/1011 1445/565/1011
f 1423/542/1012 1422/540/1012 1437/564/1012 1438/551/1012
f 1416/544/1013 1054/566/1013 1431/553/1013
f 1280/567/1014 1430/541/1014 1445/565/1014
f 1443/561/1015 1442/559/1015 1451/20/1015 1452/19/1015
f 1436/562/1016 1435/560/1016 974/15/1016 1449/23/1016
f 1444/563/1017 1443/561/1017 1452/19/1017 1453/25/1017
f 1437/564/1018 1436/562/1018 1449/23/1018 975/27/1018
f 1445/565/1019 1444/563/1019 1453/25/1019 1454/29/1019
f 1438/551/1020 1437/564/1020 975/27/1020 976/31/1020
f 1431/553/1021 1054/568/1021 1446/33/1021
f 1280/569/1022 1445/565/1022 1454/29/1022
f 1439/552/1023 1438/551/1023 976/31/1023 977/37/1023
f 1432/554/1024 1431/553/1024 1446/33/1024 1447/39/1024
f 1440/555/1025 1439/552/1025 977/37/1025 1450/41/1025
f 1433/556/1026 1432/554/1026 1447/39/1026 973/43/1026
f 1441/557/1027 1440/555/1027 1450/41/1027 978/45/1027
f 1434/558/1028 1433/556/1028 973/43/1028 1448/16/1028
f 1442/559/1029 1441/557/1029 978/45/1029 1451/20/1029
f 1435/560/1030 1434/558/1030 1448/16/1030 974/15/1030
f 1455/1/1052 1456/2/1052 1458/3/1052 1457/4/1052
f 1457/4/1053 1458/3/1053 1462/5/1053 1461/6/1053
f 1461/6/1054 1462/5/1054 1460/7/1054 1459/8/1054
f 1459/8/1055 1460/7/1055 1456/9/1055 1455/10/1055
f 1457/11/1056 1461/6/1056 1459/8/1056 1455/12/1056
f 1462/5/1057 1458/13/1057 1456/14/1057 1460/7/1057
f 1468/45/1058 1940/41/1058 1478/42/1058 1479/46/1058
f 1938/16/1059 1463/43/1059 1471/44/1059 1472/17/1059
f 1941/20/1060 1468/45/1060 1479/46/1060 1480/21/1060
f 1464/15/1061 1938/16/1061 1472/17/1061 1473/18/1061
f 1942/19/1062 1941/20/1062 1480/21/1062 1481/22/1062
f 1939/23/1063 1464/15/1063 1473/18/1063 1474/24/1063
f 1943/25/1064 1942/19/1064 1481/22/1064 1482/26/1064
f 1465/27/1065 1939/23/1065 1474/24/1065 1475/28/1065
f 1944/29/1066 1943/25/1066 1482/26/1066 1483/30/1066
f 1466/31/1067 1465/27/1067 1475/28/1067 1476/32/1067
f 1936/33/1068 1544/34/1068 1469/35/1068
f 1770/36/1069 1944/29/1069 1483/30/1069
f 1467/37/1070 1466/31/1070 1476/32/1070 1477/38/1070
f 1937/39/1071 1936/33/1071 1469/35/1071 1470/40/1071
f 1940/41/1072 1467/37/1072 1477/38/1072 1478/42/1072
f 1463/43/1073 1937/39/1073 1470/40/1073 1471/44/1073
f 1478/42/1074 1477/38/1074 1492/61/1074 1493/63/1074
f 1471/44/1075 1470/40/1075 1485/62/1075 1486/47/1075
f 1479/46/1076 1478/42/1076 1493/63/1076 1494/49/1076
f 1472/17/1077 1471/44/1077 1486/47/1077 1487/48/1077
f 1480/21/1078 1479/46/1078 1494/49/1078 1495/50/1078
f 1473/18/1079 1472/17/1079 1487/48/1079 1488/51/1079
f 1481/22/1080 1480/21/1080 1495/50/1080 1496/52/1080
f 1474/24/1081 1473/18/1081 1488/51/1081 1489/53/1081
f 1482/26/1082 1481/22/1082 1496/52/1082 1497/54/1082
f 1475/28/1083 1474/24/1083 1489/53/1083 1490/55/1083
f 1483/30/1084 1482/26/1084 1497/54/1084 1498/56/1084
f 1476/32/1085 1475/28/1085 1490/55/1085 1491/57/1085
f 1469/35/1086 1544/58/1086 1484/59/1086
f 1770/60/1087 1483/30/1087 1498/56/1087
f 1477/38/1088 1476/32/1088 1491/57/1088 1492/61/1088
f 1470/40/1089 1469/35/1089 1484/59/1089 1485/62/1089
f 1497/54/1090 1496/52/1090 1511/78/1090 1512/80/1090
f 1490/55/1091 1489/53/1091 1504/79/1091 1505/64/1091
f 1498/56/1092 1497/54/1092 1512/80/1092 1513/69/1092
f 1491/57/1093 1490/55/1093 1505/64/1093 1506/65/1093
f 1484/59/1094 1544/66/1094 1499/67/1094
f 1770/68/1095 1498/56/1095 1513/69/1095
f 1492/61/1096 1491/57/1096 1506/65/1096 1507/70/1096
f 1485/62/1097 1484/59/1097 1499/67/1097 1500/71/1097
f 1493/63/1098 1492/61/1098 1507/70/1098 1508/72/1098
f 1486/47/1099 1485/62/1099 1500/71/1099 1501/73/1099
f 1494/49/1100 1493/63/1100 1508/72/1100 1509/74/1100
f 1487/48/1101 1486/47/1101 1501/73/1101 1502/75/1101
f 1495/50/1102 1494/49/1102 1509/74/1102 1510/76/1102
f 1488/51/1103 1487/48/1103 1502/75/1103 1503/77/1103
f 1496/52/1104 1495/50/1104 1510/76/1104 1511/78/1104
f 1489/53/1105 1488/51/1105 1503/77/1105 1504/79/1105
f 1501/73/1106 1500/71/1106 1515/92/1106 1516/94/1106
f 1509/74/1107 1508/72/1107 1523/93/1107 1524/81/1107
f 1502/75/1108 1501/73/1108 1516/94/1108 1517/7/1108
f 1510/76/1109 1509/74/1109 1524/81/1109 1525/3/1109
f 1503/77/1110 1502/75/1110 1517/7/1110 1518/82/1110
f 1511/78/1111 1510/76/1111 1525/3/1111 1526/83/1111
f 1504/79/1112 1503/77/1112 1518/82/1112 1519/84/1112
f 1512/80/1113 1511/78/1113 1526/83/1113 1527/85/1113
f 1505/64/1114 1504/79/1114 1519/84/1114 1520/86/1114
f 1513/69/1115 1512/80/1115 1527/85/1115 1528/87/1115
f 1506/65/1116 1505/64/1116 1520/86/1116 1521/5/1116
f 1499/67/1117 1544/88/1117 1514/89/1117
f 1770/90/1118 1513/69/1118 1528/87/1118
f 1507/70/1119 1506/65/1119 1521/5/1119 1522/91/1119
f 1500/71/1120 1499/67/1120 1514/89/1120 1515/92/1120
f 1508/72/1121 1507/70/1121 1522/91/1121 1523/93/1121
f 1520/86/1122 1519/84/1122 1534/109/1122 1535/111/1122
f 1528/87/1123 1527/85/1123 1542/110/1123 1543/98/1123
f 1521/5/1124 1520/86/1124 1535/111/1124 1536/99/1124
f 1514/89/1125 1544/95/1125 1529/96/1125
f 1770/97/1126 1528/87/1126 1543/98/1126
f 1522/91/1127 1521/5/1127 1536/99/1127 1537/100/1127
f 1515/92/1128 1514/89/1128 1529/96/1128 1530/101/1128
f 1523/93/1129 1522/91/1129 1537/100/1129 1538/102/1129
f 1516/94/1130 1515/92/1130 1530/101/1130 1531/103/1130
f 1524/81/1131 1523/93/1131 1538/102/1131 1539/104/1131
f 1517/7/1132 1516/94/1132 1531/103/1132 1532/105/1132
f 1525/3/1133 1524/81/1133 1539/104/1133 1540/106/1133
f 1518/82/1134 1517/7/1134 1532/105/1134 1533/107/1134
f 1526/83/1135 1525/3/1135 1540/106/1135 1541/108/1135
f 1519/84/1136 1518/82/1136 1533/107/1136 1534/109/1136
f 1527/85/1137 1526/83/1137 1541/108/1137 1542/110/1137
f 1539/104/1138 1538/102/1138 1554/126/1138 1555/128/1138
f 1532/105/1139 1531/103/1139 1547/127/1139 1548/112/1139
f 1540/106/1140 1539/104/1140 1555/128/1140 1556/114/1140
f 1533/107/1141 1532/105/1141 1548/112/1141 1549/113/1141
f 1541/108/1142 1540/106/1142 1556/114/1142 1557/115/1142
f 1534/109/1143 1533/107/1143 1549/113/1143 1550/116/1143
f 1542/110/1144 1541/108/1144 1557/115/1144 1558/117/1144
f 1535/111/1145 1534/109/1145 1550/116/1145 1551/118/1145
f 1543/98/1146 1542/110/1146 1558/117/1146 1559/119/1146
f 1536/99/1147 1535/111/1147 1551/118/1147 1552/120/1147
f 1529/96/1148 1544/121/1148 1545/122/1148
f 1770/123/1149 1543/98/1149 1559/119/1149
f 1537/100/1150 1536/99/1150 1552/120/1150 1553/124/1150
f 1530/101/1151 1529/96/1151 1545/122/1151 1546/125/1151
f 1538/102/1152 1537/100/1152 1553/124/1152 1554/126/1152
f 1531/103/1153 1530/101/1153 1546/125/1153 1547/127/1153
f 1559/119/1154 1558/117/1154 1573/141/1154 1574/143/1154
f 1552/120/1155 1551/118/1155 1566/142/1155 1567/129/1155
f 1545/122/1156 1544/144/1156 1560/131/1156
f 1770/145/1157 1559/119/1157 1574/143/1157
f 1553/124/1158 1552/120/1158 1567/129/1158 1568/130/1158
f 1546/125/1159 1545/122/1159 1560/131/1159 1561/132/1159
f 1554/126/1160 1553/124/1160 1568/130/1160 1569/133/1160
f 1547/127/1161 1546/125/1161 1561/132/1161 1562/134/1161
f 1555/128/1162 1554/126/1162 1569/133/1162 1570/135/1162
f 1548/112/1163 1547/127/1163 1562/134/1163 1563/136/1163
f 1556/114/1164 1555/128/1164 1570/135/1164 1571/137/1164
f 1549/113/1165 1548/112/1165 1563/136/1165 1564/138/1165
f 1557/115/1166 1556/114/1166 1571/137/1166 1572/139/1166
f 1550/116/1167 1549/113/1167 1564/138/1167 1565/140/1167
f 1558/117/1168 1557/115/1168 1572/139/1168 1573/141/1168
f 1551/118/1169 1550/116/1169 1565/140/1169 1566/142/1169
f 1571/137/1170 1570/135/1170 1585/161/1170 1586/146/1170
f 1564/138/1171 1563/136/1171 1578/162/1171 1579/148/1171
f 1572/139/1172 1571/137/1172 1586/146/1172 1587/147/1172
f 1565/140/1173 1564/138/1173 1579/148/1173 1580/149/1173
f 1573/141/1174 1572/139/1174 1587/147/1174 1588/150/1174
f 1566/142/1175 1565/140/1175 1580/149/1175 1581/151/1175
f 1574/143/1176 1573/141/1176 1588/150/1176 1589/152/1176
f 1567/129/1177 1566/142/1177 1581/151/1177 1582/153/1177
f 1560/131/1178 1544/154/1178 1575/155/1178
f 1770/156/1179 1574/143/1179 1589/152/1179
f 1568/130/1180 1567/129/1180 1582/153/1180 1583/157/1180
f 1561/132/1181 1560/131/1181 1575/155/1181 1576/158/1181
f 1569/133/1182 1568/130/1182 1583/157/1182 1584/159/1182
f 1562/134/1183 1561/132/1183 1576/158/1183 1577/160/1183
f 1570/135/1184 1569/133/1184 1584/159/1184 1585/161/1184
f 1563/136/1185 1562/134/1185 1577/160/1185 1578/162/1185
f 1575/155/1186 1544/177/1186 1590/178/1186
f 1770/179/1187 1589/152/1187 1604/175/1187
f 1583/157/1188 1582/153/1188 1597/176/1188 1598/163/1188
f 1576/158/1189 1575/155/1189 1590/178/1189 1591/165/1189
f 1584/159/1190 1583/157/1190 1598/163/1190 1599/164/1190
f 1577/160/1191 1576/158/1191 1591/165/1191 1592/166/1191
f 1585/161/1192 1584/159/1192 1599/164/1192 1600/167/1192
f 1578/162/1193 1577/160/1193 1592/166/1193 1593/168/1193
f 1586/146/1194 1585/161/1194 1600/167/1194 1601/169/1194
f 1579/148/1195 1578/162/1195 1593/168/1195 1594/170/1195
f 1587/147/1196 1586/146/1196 1601/169/1196 1602/171/1196
f 1580/149/1197 1579/148/1197 1594/170/1197 1595/172/1197
f 1588/150/1198 1587/147/1198 1602/171/1198 1603/173/1198
f 1581/151/1199 1580/149/1199 1595/172/1199 1596/174/1199
f 1589/152/1200 1588/150/1200 1603/173/1200 1604/175/1200
f 1582/153/1201 1581/151/1201 1596/174/1201 1597/176/1201
f 1594/170/1202 1593/168/1202 1608/194/1202 1609/196/1202
f 1602/171/1203 1601/169/1203 1616/195/1203 1617/180/1203
f 1595/172/1204 1594/170/1204 1609/196/1204 1610/182/1204
f 1603/173/1205 1602/171/1205 1617/180/1205 1618/181/1205
f 1596/174/1206 1595/172/1206 1610/182/1206 1611/183/1206
f 1604/175/1207 1603/173/1207 1618/181/1207 1619/184/1207
f 1597/176/1208 1596/174/1208 1611/183/1208 1612/185/1208
f 1590/178/1209 1544/186/1209 1605/187/1209
f 1770/188/1210 1604/175/1210 1619/184/1210
f 1598/163/1211 1597/176/1211 1612/185/1211 1613/189/1211
f 1591/165/1212 1590/178/1212 1605/187/1212 1606/190/1212
f 1599/164/1213 1598/163/1213 1613/189/1213 1614/191/1213
f 1592/166/1214 1591/165/1214 1606/190/1214 1607/192/1214
f 1600/167/1215 1599/164/1215 1614/191/1215 1615/193/1215
f 1593/168/1216 1592/166/1216 1607/192/1216 1608/194/1216
f 1601/169/1217 1600/167/1217 1615/193/1217 1616/195/1217
f 1613/189/1218 1612/185/1218 1627/209/1218 1628/213/1218
f 1606/190/1219 1605/187/1219 1620/211/1219 1621/197/1219
f 1614/191/1220 1613/189/1220 1628/213/1220 1629/199/1220
f 1607/192/1221 1606/190/1221 1621/197/1221 1622/198/1221
f 1615/193/1222 1614/191/1222 1629/199/1222 1630/200/1222
f 1608/194/1223 1607/192/1223 1622/198/1223 1623/201/1223
f 1616/195/1224 1615/193/1224 1630/200/1224 1631/202/1224
f 1609/196/1225 1608/194/1225 1623/201/1225 1624/203/1225
f 1617/180/1226 1616/195/1226 1631/202/1226 1632/204/1226
f 1610/182/1227 1609/196/1227 1624/203/1227 1625/205/1227
f 1618/181/1228 1617/180/1228 1632/204/1228 1633/206/1228
f 1611/183/1229 1610/182/1229 1625/205/1229 1626/207/1229
f 1619/184/1230 1618/181/1230 1633/206/1230 1634/208/1230
f 1612/185/1231 1611/183/1231 1626/207/1231 1627/209/1231
f 1605/187/1232 1544/210/1232 1620/211/1232
f 1770/212/1233 1619/184/1233 1634/208/1233
f 1632/204/1234 1631/202/1234 1646/4/1234 1647/229/1234
f 1625/205/1235 1624/203/1235 1639/228/1235 1640/214/1235
f 1633/206/1236 1632/204/1236 1647/229/1236 1648/216/1236
f 1626/207/1237 1625/205/1237 1640/214/1237 1641/215/1237
f 1634/208/1238 1633/206/1238 1648/216/1238 1649/217/1238
f 1627/209/1239 1626/207/1239 1641/215/1239 1642/218/1239
f 1620/211/1240 1544/219/1240 1635/220/1240
f 1770/221/1241 1634/208/1241 1649/217/1241
f 1628/213/1242 1627/209/1242 1642/218/1242 1643/222/1242
f 1621/197/1243 1620/211/1243 1635/220/1243 1636/223/1243
f 1629/199/1244 1628/213/1244 1643/222/1244 1644/224/1244
f 1622/198/1245 1621/197/1245 1636/223/1245 1637/225/1245
f 1630/200/1246 1629/199/1246 1644/224/1246 1645/226/1246
f 1623/201/1247 1622/198/1247 1637/225/1247 1638/227/1247
f 1631/202/1248 1630/200/1248 1645/226/1248 1646/4/1248
f 1624/203/1249 1623/201/1249 1638/227/1249 1639/228/1249
f 1636/223/1250 1635/220/1250 1650/243/1250 1651/246/1250
f 1644/224/1251 1643/222/1251 1658/245/1251 1659/230/1251
f 1637/225/1252 1636/223/1252 1651/246/1252 1652/232/1252
f 1645/226/1253 1644/224/1253 1659/230/1253 1660/231/1253
f 1638/227/1254 1637/225/1254 1652/232/1254 1653/233/1254
f 1646/4/1255 1645/226/1255 1660/231/1255 1661/234/1255
f 1639/228/1256 1638/227/1256 1653/233/1256 1654/235/1256
f 1647/229/1257 1646/4/1257 1661/234/1257 1662/236/1257
f 1640/214/1258 1639/228/1258 1654/235/1258 1655/237/1258
f 1648/216/1259 1647/229/1259 1662/236/1259 1663/238/1259
f 1641/215/1260 1640/214/1260 1655/237/1260 1656/239/1260
f 1649/217/1261 1648/216/1261 1663/238/1261 1664/240/1261
f 1642/218/1262 1641/215/1262 1656/239/1262 1657/241/1262
f 1635/220/1263 1544/242/1263 1650/243/1263
f 1770/244/1264 1649/217/1264 1664/240/1264
f 1643/222/1265 1642/218/1265 1657/241/1265 1658/245/1265
f 1655/237/1266 1654/235/1266 1669/261/1266 1670/263/1266
f 1663/238/1267 1662/236/1267 1677/262/1267 1678/247/1267
f 1656/239/1268 1655/237/1268 1670/263/1268 1671/249/1268
f 1664/240/1269 1663/238/1269 1678/247/1269 1679/248/1269
f 1657/241/1270 1656/239/1270 1671/249/1270 1672/250/1270
f 1650/243/1271 1544/251/1271 1665/252/1271
f 1770/253/1272 1664/240/1272 1679/248/1272
f 1658/245/1273 1657/241/1273 1672/250/1273 1673/254/1273
f 1651/246/1274 1650/243/1274 1665/252/1274 1666/255/1274
f 1659/230/1275 1658/245/1275 1673/254/1275 1674/256/1275
f 1652/232/1276 1651/246/1276 1666/255/1276 1667/257/1276
f 1660/231/1277 1659/230/1277 1674/256/1277 1675/258/1277
f 1653/233/1278 1652/232/1278 1667/257/1278 1668/259/1278
f 1661/234/1279 1660/231/1279 1675/258/1279 1676/260/1279
f 1654/235/1280 1653/233/1280 1668/259/1280 1669/261/1280
f 1662/236/1281 1661/234/1281 1676/260/1281 1677/262/1281
f 1674/256/1282 1673/254/1282 1688/278/1282 1689/280/1282
f 1667/257/1283 1666/255/1283 1681/279/1283 1682/264/1283
f 1675/258/1284 1674/256/1284 1689/280/1284 1690/266/1284
f 1668/259/1285 1667/257/1285 1682/264/1285 1683/265/1285
f 1676/260/1286 1675/258/1286 1690/266/1286 1691/267/1286
f 1669/261/1287 1668/259/1287 1683/265/1287 1684/268/1287
f 1677/262/1288 1676/260/1288 1691/267/1288 1692/269/1288
f 1670/263/1289 1669/261/1289 1684/268/1289 1685/270/1289
f 1678/247/1290 1677/262/1290 1692/269/1290 1693/271/1290
f 1671/249/1291 1670/263/1291 1685/270/1291 1686/272/1291
f 1679/248/1292 1678/247/1292 1693/271/1292 1694/273/1292
f 1672/250/1293 1671/249/1293 1686/272/1293 1687/274/1293
f 1665/252/1294 1544/275/1294 1680/276/1294
f 1770/277/1295 1679/248/1295 1694/273/1295
f 1673/254/1296 1672/250/1296 1687/274/1296 1688/278/1296
f 1666/255/1297 1665/252/1297 1680/276/1297 1681/279/1297
f 1693/271/1298 1692/269/1298 1707/295/1298 1708/297/1298
f 1686/272/1299 1685/270/1299 1700/296/1299 1701/281/1299
f 1694/273/1300 1693/271/1300 1708/297/1300 1709/286/1300
f 1687/274/1301 1686/272/1301 1701/281/1301 1702/282/1301
f 1680/276/1302 1544/283/1302 1695/284/1302
f 1770/285/1303 1694/273/1303 1709/286/1303
f 1688/278/1304 1687/274/1304 1702/282/1304 1703/287/1304
f 1681/279/1305 1680/276/1305 1695/284/1305 1696/288/1305
f 1689/280/1306 1688/278/1306 1703/287/1306 1704/289/1306
f 1682/264/1307 1681/279/1307 1696/288/1307 1697/290/1307
f 1690/266/1308 1689/280/1308 1704/289/1308 1705/291/1308
f 1683/265/1309 1682/264/1309 1697/290/1309 1698/292/1309
f 1691/267/1310 1690/266/1310 1705/291/1310 1706/293/1310
f 1684/268/1311 1683/265/1311 1698/292/1311 1699/294/1311
f 1692/269/1312 1691/267/1312 1706/293/1312 1707/295/1312
f 1685/270/1313 1684/268/1313 1699/294/1313 1700/296/1313
f 1705/291/1314 1704/289/1314 1719/313/1314 1720/298/1314
f 1698/292/1315 1697/290/1315 1712/314/1315 1713/300/1315
f 1706/293/1316 1705/291/1316 1720/298/1316 1721/299/1316
f 1699/294/1317 1698/292/1317 1713/300/1317 1714/301/1317
f 1707/295/1318 1706/293/1318 1721/299/1318 1722/302/1318
f 1700/296/1319 1699/294/1319 1714/301/1319 1715/303/1319
f 1708/297/1320 1707/295/1320 1722/302/1320 1723/304/1320
f 1701/281/1321 1700/296/1321 1715/303/1321 1716/305/1321
f 1709/286/1322 1708/297/1322 1723/304/1322 1724/306/1322
f 1702/282/1323 1701/281/1323 1716/305/1323 1717/307/1323
f 1695/284/1324 1544/308/1324 1710/309/1324
f 1770/310/1325 1709/286/1325 1724/306/1325
f 1703/287/1326 1702/282/1326 1717/307/1326 1718/311/1326
f 1696/288/1327 1695/284/1327 1710/309/1327 1711/312/1327
f 1704/289/1328 1703/287/1328 1718/311/1328 1719/313/1328
f 1697/290/1329 1696/288/1329 1711/312/1329 1712/314/1329
f 1724/306/1330 1723/304/1330 1738/329/1330 1739/316/1330
f 1717/307/1331 1716/305/1331 1731/330/1331 1732/317/1331
f 1710/309/1332 1544/331/1332 1725/319/1332
f 1770/315/1333 1724/306/1333 1739/316/1333
f 1718/311/1334 1717/307/1334 1732/317/1334 1733/318/1334
f 1711/312/1335 1710/309/1335 1725/319/1335 1726/320/1335
f 1719/313/1336 1718/311/1336 1733/318/1336 1734/321/1336
f 1712/314/1337 1711/312/1337 1726/320/1337 1727/322/1337
f 1720/298/1338 1719/313/1338 1734/321/1338 1735/323/1338
f 1713/300/1339 1712/314/1339 1727/322/1339 1728/324/1339
f 1721/299/1340 1720/298/1340 1735/323/1340 1736/325/1340
f 1714/301/1341 1713/300/1341 1728/324/1341 1729/326/1341
f 1722/302/1342 1721/299/1342 1736/325/1342 1737/327/1342
f 1715/303/1343 1714/301/1343 1729/326/1343 1730/328/1343
f 1723/304/1344 1722/302/1344 1737/327/1344 1738/329/1344
f 1716/305/1345 1715/303/1345 1730/328/1345 1731/330/1345
f 1728/324/1346 1727/322/1346 1742/346/1346 1743/348/1346
f 1736/325/1347 1735/323/1347 1750/347/1347 1751/332/1347
f 1729/326/1348 1728/324/1348 1743/348/1348 1744/334/1348
f 1737/327/1349 1736/325/1349 1751/332/1349 1752/333/1349
f 1730/328/1350 1729/326/1350 1744/334/1350 1745/335/1350
f 1738/329/1351 1737/327/1351 1752/333/1351 1753/336/1351
f 1731/330/1352 1730/328/1352 1745/335/1352 1746/337/1352
f 1739/316/1353 1738/329/1353 1753/336/1353 1754/338/1353
f 1732/317/1354 1731/330/1354 1746/337/1354 1747/339/1354
f 1725/319/1355 1544/340/1355 1740/341/1355
f 1770/342/1356 1739/316/1356 1754/338/1356
f 1733/318/1357 1732/317/1357 1747/339/1357 1748/343/1357
f 1726/320/1358 1725/319/1358 1740/341/1358 1741/344/1358
f 1734/321/1359 1733/318/1359 1748/343/1359 1749/345/1359
f 1727/322/1360 1726/320/1360 1741/344/1360 1742/346/1360
f 1735/323/1361 1734/321/1361 1749/345/1361 1750/347/1361
f 1747/339/1362 1746/337/1362 1761/361/1362 1762/363/1362
f 1740/341/1363 1544/364/1363 1755/349/1363
f 1770/365/1364 1754/338/1364 1769/362/1364
f 1748/343/1365 1747/339/1365 1762/363/1365 1763/351/1365
f 1741/344/1366 1740/341/1366 1755/349/1366 1756/350/1366
f 1749/345/1367 1748/343/1367 1763/351/1367 1764/352/1367
f 1742/346/1368 1741/344/1368 1756/350/1368 1757/353/1368
f 1750/347/1369 1749/345/1369 1764/352/1369 1765/354/1369
f 1743/348/1370 1742/346/1370 1757/353/1370 1758/355/1370
f 1751/332/1371 1750/347/1371 1765/354/1371 1766/356/1371
f 1744/334/1372 1743/348/1372 1758/355/1372 1759/357/1372
f 1752/333/1373 1751/332/1373 1766/356/1373 1767/358/1373
f 1745/335/1374 1744/334/1374 1759/357/1374 1760/359/1374
f 1753/336/1375 1752/333/1375 1767/358/1375 1768/360/1375
f 1746/337/1376 1745/335/1376 1760/359/1376 1761/361/1376
f 1754/338/1377 1753/336/1377 1768/360/1377 1769/362/1377
f 1766/356/1378 1765/354/1378 1781/380/1378 1782/382/1378
f 1759/357/1379 1758/355/1379 1774/381/1379 1775/366/1379
f 1767/358/1380 1766/356/1380 1782/382/1380 1783/368/1380
f 1760/359/1381 1759/357/1381 1775/366/1381 1776/367/1381
f 1768/360/1382 1767/358/1382 1783/368/1382 1784/369/1382
f 1761/361/1383 1760/359/1383 1776/367/1383 1777/370/1383
f 1769/362/1384 1768/360/1384 1784/369/1384 1785/371/1384
f 1762/363/1385 1761/361/1385 1777/370/1385 1778/372/1385
f 1755/349/1386 1544/373/1386 1771/374/1386
f 1770/375/1387 1769/362/1387 1785/371/1387
f 1763/351/1388 1762/363/1388 1778/372/1388 1779/376/1388
f 1756/350/1389 1755/349/1389 1771/374/1389 1772/377/1389
f 1764/352/1390 1763/351/1390 1779/376/1390 1780/378/1390
f 1757/353/1391 1756/350/1391 1772/377/1391 1773/379/1391
f 1765/354/1392 1764/352/1392 1780/378/1392 1781/380/1392
f 1758/355/1393 1757/353/1393 1773/379/1393 1774/381/1393
f 1771/374/1394 1544/397/1394 1786/398/1394
f 1770/399/1395 1785/371/1395 1800/395/1395
f 1779/376/1396 1778/372/1396 1793/396/1396 1794/383/1396
f 1772/377/1397 1771/374/1397 1786/398/1397 1787/385/1397
f 1780/378/1398 1779/376/1398 1794/383/1398 1795/384/1398
f 1773/379/1399 1772/377/1399 1787/385/1399 1788/386/1399
f 1781/380/1400 1780/378/1400 1795/384/1400 1796/387/1400
f 1774/381/1401 1773/379/1401 1788/386/1401 1789/388/1401
f 1782/382/1402 1781/380/1402 1796/387/1402 1797/389/1402
f 1775/366/1403 1774/381/1403 1789/388/1403 1790/390/1403
f 1783/368/1404 1782/382/1404 1797/389/1404 1798/391/1404
f 1776/367/1405 1775/366/1405 1790/390/1405 1791/392/1405
f 1784/369/1406 1783/368/1406 1798/391/1406 1799/393/1406
f 1777/370/1407 1776/367/1407 1791/392/1407 1792/394/1407
f 1785/371/1408 1784/369/1408 1799/393/1408 1800/395/1408
f 1778/372/1409 1777/370/1409 1792/394/1409 1793/396/1409
f 1790/390/1410 1789/388/1410 1804/414/1410 1805/416/1410
f 1798/391/1411 1797/389/1411 1812/415/1411 1813/400/1411
f 1791/392/1412 1790/390/1412 1805/416/1412 1806/402/1412
f 1799/393/1413 1798/391/1413 1813/400/1413 1814/401/1413
f 1792/394/1414 1791/392/1414 1806/402/1414 1807/403/1414
f 1800/395/1415 1799/393/1415 1814/401/1415 1815/404/1415
f 1793/396/1416 1792/394/1416 1807/403/1416 1808/405/1416
f 1786/398/1417 1544/406/1417 1801/407/1417
f 1770/408/1418 1800/395/1418 1815/404/1418
f 1794/383/1419 1793/396/1419 1808/405/1419 1809/409/1419
f 1787/385/1420 1786/398/1420 1801/407/1420 1802/410/1420
f 1795/384/1421 1794/383/1421 1809/409/1421 1810/411/1421
f 1788/386/1422 1787/385/1422 1802/410/1422 1803/412/1422
f 1796/387/1423 1795/384/1423 1810/411/1423 1811/413/1423
f 1789/388/1424 1788/386/1424 1803/412/1424 1804/414/1424
f 1797/389/1425 1796/387/1425 1811/413/1425 1812/415/1425
f 1809/409/1426 1808/405/1426 1823/429/1426 1824/433/1426
f 1802/410/1427 1801/407/1427 1816/431/1427 1817/417/1427
f 1810/411/1428 1809/409/1428 1824/433/1428 1825/419/1428
f 1803/412/1429 1802/410/1429 1817/417/1429 1818/418/1429
f 1811/413/1430 1810/411/1430 1825/419/1430 1826/420/1430
f 1804/414/1431 1803/412/1431 1818/418/1431 1819/421/1431
f 1812/415/1432 1811/413/1432 1826/420/1432 1827/422/1432
f 1805/416/1433 1804/414/1433 1819/421/1433 1820/423/1433
f 1813/400/1434 1812/415/1434 1827/422/1434 1828/424/1434
f 1806/402/1435 1805/416/1435 1820/423/1435 1821/425/1435
f 1814/401/1436 1813/400/1436 1828/424/1436 1829/426/1436
f 1807/403/1437 1806/402/1437 1821/425/1437 1822/427/1437
f 1815/404/1438 1814/401/1438 1829/426/1438 1830/428/1438
f 1808/405/1439 1807/403/1439 1822/427/1439 1823/429/1439
f 1801/407/1440 1544/430/1440 1816/431/1440
f 1770/432/1441 1815/404/1441 1830/428/1441
f 1828/464/1442 1827/460/1442 1842/461/1442 1843/465/1442
f 1821/435/1443 1820/462/1443 1835/463/1443 1836/436/1443
f 1829/439/1444 1828/464/1444 1843/465/1444 1844/440/1444
f 1822/434/1445 1821/435/1445 1836/436/1445 1837/437/1445
f 1830/438/1446 1829/439/1446 1844/440/1446 1845/441/1446
f 1823/442/1447 1822/434/1447 1837/437/1447 1838/443/1447
f 1816/444/1448 1544/445/1448 1831/446/1448
f 1770/447/1449 1830/438/1449 1845/441/1449
f 1824/448/1450 1823/442/1450 1838/443/1450 1839/449/1450
f 1817/450/1451 1816/444/1451 1831/446/1451 1832/451/1451
f 1825/452/1452 1824/448/1452 1839/449/1452 1840/453/1452
f 1818/454/1453 1817/450/1453 1832/451/1453 1833/455/1453
f 1826/456/1454 1825/452/1454 1840/453/1454 1841/457/1454
f 1819/458/1455 1818/454/1455 1833/455/1455 1834/459/1455
f 1827/460/1456 1826/456/1456 1841/457/1456 1842/461/1456
f 1820/462/1457 1819/458/1457 1834/459/1457 1835/463/1457
f 1840/453/1458 1839/449/1458 1854/481/1458 1855/466/1458
f 1833/455/1459 1832/451/1459 1847/482/1459 1848/468/1459
f 1841/457/1460 1840/453/1460 1855/466/1460 1856/467/1460
f 1834/459/1461 1833/455/1461 1848/468/1461 1849/469/1461
f 1842/461/1462 1841/457/1462 1856/467/1462 1857/470/1462
f 1835/463/1463 1834/459/1463 1849/469/1463 1850/471/1463
f 1843/465/1464 1842/461/1464 1857/470/1464 1858/472/1464
f 1836/436/1465 1835/463/1465 1850/471/1465 1851/473/1465
f 1844/440/1466 1843/465/1466 1858/472/1466 1859/474/1466
f 1837/437/1467 1836/436/1467 1851/473/1467 1852/475/1467
f 1845/441/1468 1844/440/1468 1859/474/1468 1860/476/1468
f 1838/443/1469 1837/437/1469 1852/475/1469 1853/477/1469
f 1831/446/1470 1544/478/1470 1846/479/1470
f 1770/480/1471 1845/441/1471 1860/476/1471
f 1839/449/1472 1838/443/1472 1853/477/1472 1854/481/1472
f 1832/451/1473 1831/446/1473 1846/479/1473 1847/482/1473
f 1859/474/1474 1858/472/1474 1873/498/1474 1874/483/1474
f 1852/475/1475 1851/473/1475 1866/499/1475 1867/485/1475
f 1860/476/1476 1859/474/1476 1874/483/1476 1875/484/1476
f 1853/477/1477 1852/475/1477 1867/485/1477 1868/486/1477
f 1846/479/1478 1544/487/1478 1861/488/1478
f 1770/489/1479 1860/476/1479 1875/484/1479
f 1854/481/1480 1853/477/1480 1868/486/1480 1869/490/1480
f 1847/482/1481 1846/479/1481 1861/488/1481 1862/491/1481
f 1855/466/1482 1854/481/1482 1869/490/1482 1870/492/1482
f 1848/468/1483 1847/482/1483 1862/491/1483 1863/493/1483
f 1856/467/1484 1855/466/1484 1870/492/1484 1871/494/1484
f 1849/469/1485 1848/468/1485 1863/493/1485 1864/495/1485
f 1857/470/1486 1856/467/1486 1871/494/1486 1872/496/1486
f 1850/471/1487 1849/469/1487 1864/495/1487 1865/497/1487
f 1858/472/1488 1857/470/1488 1872/496/1488 1873/498/1488
f 1851/473/1489 1850/471/1489 1865/497/1489 1866/499/1489
f 1863/493/1490 1862/491/1490 1877/514/1490 1878/516/1490
f 1871/494/1491 1870/492/1491 1885/515/1491 1886/500/1491
f 1864/495/1492 1863/493/1492 1878/516/1492 1879/502/1492
f 1872/496/1493 1871/494/1493 1886/500/1493 1887/501/1493
f 1865/497/1494 1864/495/1494 1879/502/1494 1880/503/1494
f 1873/498/1495 1872/496/1495 1887/501/1495 1888/504/1495
f 1866/499/1496 1865/497/1496 1880/503/1496 1881/505/1496
f 1874/483/1497 1873/498/1497 1888/504/1497 1889/506/1497
f 1867/485/1498 1866/499/1498 1881/505/1498 1882/507/1498
f 1875/484/1499 1874/483/1499 1889/506/1499 1890/508/1499
f 1868/486/1500 1867/485/1500 1882/507/1500 1883/509/1500
f 1861/488/1501 1544/510/1501 1876/511/1501
f 1770/512/1502 1875/484/1502 1890/508/1502
f 1869/490/1503 1868/486/1503 1883/509/1503 1884/513/1503
f 1862/491/1504 1861/488/1504 1876/511/1504 1877/514/1504
f 1870/492/1505 1869/490/1505 1884/513/1505 1885/515/1505
f 1882/507/1506 1881/505/1506 1896/531/1506 1897/533/1506
f 1890/508/1507 1889/506/1507 1904/532/1507 1905/520/1507
f 1883/509/1508 1882/507/1508 1897/533/1508 1898/521/1508
f 1876/511/1509 1544/517/1509 1891/518/1509
f 1770/519/1510 1890/508/1510 1905/520/1510
f 1884/513/1511 1883/509/1511 1898/521/1511 1899/522/1511
f 1877/514/1512 1876/511/1512 1891/518/1512 1892/523/1512
f 1885/515/1513 1884/513/1513 1899/522/1513 1900/524/1513
f 1878/516/1514 1877/514/1514 1892/523/1514 1893/525/1514
f 1886/500/1515 1885/515/1515 1900/524/1515 1901/526/1515
f 1879/502/1516 1878/516/1516 1893/525/1516 1894/527/1516
f 1887/501/1517 1886/500/1517 1901/526/1517 1902/528/1517
f 1880/503/1518 1879/502/1518 1894/527/1518 1895/529/1518
f 1888/504/1519 1887/501/1519 1902/528/1519 1903/530/1519
f 1881/505/1520 1880/503/1520 1895/529/1520 1896/531/1520
f 1889/506/1521 1888/504/1521 1903/530/1521 1904/532/1521
f 1901/526/1522 1900/524/1522 1915/548/1522 1916/550/1522
f 1894/527/1523 1893/525/1523 1908/549/1523 1909/534/1523
f 1902/528/1524 1901/526/1524 1916/550/1524 1917/536/1524
f 1895/529/1525 1894/527/1525 1909/534/1525 1910/535/1525
f 1903/530/1526 1902/528/1526 1917/536/1526 1918/537/1526
f 1896/531/1527 1895/529/1527 1910/535/1527 1911/538/1527
f 1904/532/1528 1903/530/1528 1918/537/1528 1919/539/1528
f 1897/533/1529 1896/531/1529 1911/538/1529 1912/540/1529
f 1905/520/1530 1904/532/1530 1919/539/1530 1920/541/1530
f 1898/521/1531 1897/533/1531 1912/540/1531 1913/542/1531
f 1891/518/1532 1544/543/1532 1906/544/1532
f 1770/545/1533 1905/520/1533 1920/541/1533
f 1899/522/1534 1898/521/1534 1913/542/1534 1914/546/1534
f 1892/523/1535 1891/518/1535 1906/544/1535 1907/547/1535
f 1900/524/1536 1899/522/1536 1914/546/1536 1915/548/1536
f 1893/525/1537 1892/523/1537 1907/547/1537 1908/549/1537
f 1920/541/1538 1919/539/1538 1934/563/1538 1935/565/1538
f 1913/542/1539 1912/540/1539 1927/564/1539 1928/551/1539
f 1906/544/1540 1544/566/1540 1921/553/1540
f 1770/567/1541 1920/541/1541 1935/565/1541
f 1914/546/1542 1913/542/1542 1928/551/1542 1929/552/1542
f 1907/547/1543 1906/544/1543 1921/553/1543 1922/554/1543
f 1915/548/1544 1914/546/1544 1929/552/1544 1930/555/1544
f 1908/549/1545 1907/547/1545 1922/554/1545 1923/556/1545
f 1916/550/1546 1915/548/1546 1930/555/1546 1931/557/1546
f 1909/534/1547 1908/549/1547 1923/556/1547 1924/558/1547
f 1917/536/1548 1916/550/1548 1931/557/1548 1932/559/1548
f 1910/535/1549 1909/534/1549 1924/558/1549 1925/560/1549
f 1918/537/1550 1917/536/1550 1932/559/1550 1933/561/1550
f 1911/538/1551 1910/535/1551 1925/560/1551 1926/562/1551
f 1919/539/1552 1918/537/1552 1933/561/1552 1934/563/1552
f 1912/540/1553 1911/538/1553 1926/562/1553 1927/564/1553
f 1924/558/1554 1923/556/1554 1463/43/1554 1938/16/1554
f 1932/559/1555 1931/557/1555 1468/45/1555 1941/20/1555
f 1925/560/1556 1924/558/1556 1938/16/1556 1464/15/1556
f 1933/561/1557 1932/559/1557 1941/20/1557 1942/19/1557
f 1926/562/1558 1925/560/1558 1464/15/1558 1939/23/1558
f 1934/563/1559 1933/561/1559 1942/19/1559 1943/25/1559
f 1927/564/1560 1926/562/1560 1939/23/1560 1465/27/1560
f 1935/565/1561 1934/563/1561 1943/25/1561 1944/29/1561
f 1928/551/1562 1927/564/1562 1465/27/1562 1466/31/1562
f 1921/553/1563 1544/568/1563 1936/33/1563
f 1770/569/1564 1935/565/1564 1944/29/1564
f 1929/552/1565 1928/551/1565 1466/31/1565 1467/37/1565
f 1922/554/1566 1921/553/1566 1936/33/1566 1937/39/1566
f 1930/555/1567 1929/552/1567 1467/37/1567 1940/41/1567
f 1923/556/1568 1922/554/1568 1937/39/1568 1463/43/1568
f 1931/557/1569 1930/555/1569 1940/41/1569 1468/45/1569
f 1945/1/1570 1946/2/1570 1948/3/1570 1947/4/1570
f 1947/4/1571 1948/3/1571 1952/5/1571 1951/6/1571
f 1951/6/1572 1952/5/1572 1950/7/1572 1949/8/1572
f 1949/8/1573 1950/7/1573 1946/9/1573 1945/10/1573
f 1947/11/1574 1951/6/1574 1949/8/1574 1945/12/1574
f 1952/5/1575 1948/13/1575 1946/14/1575 1950/7/1575
f 1953/570/1576 1985/293/1576 1954/571/1576
f 1954/571/1577 1985/293/1577 1955/572/1577
f 1955/572/1578 1985/293/1578 1956/573/1578
f 1956/573/1579 1985/293/1579 1957/574/1579
f 1957/574/1580 1985/293/1580 1958/575/1580
f 1958/575/1581 1985/293/1581 1959/576/1581
f 1959/576/1582 1985/293/1582 1960/577/1582
f 1960/577/1583 1985/293/1583 1961/578/1583
f 1961/578/1584 1985/293/1584 1962/579/1584
f 1962/579/1585 1985/293/1585 1963/580/1585
f 1963/580/1586 1985/293/1586 1964/581/1586
f 1964/581/1587 1985/293/1587 1965/582/1587
f 1965/582/1588 1985/293/1588 1966/583/1588
f 1966/583/1589 1985/293/1589 1967/584/1589
f 1967/584/1590 1985/293/1590 1968/585/1590
f 1968/585/1591 1985/293/1591 1969/586/1591
f 1969/586/1592 1985/293/1592 1970/587/1592
f 1970/587/1593 1985/293/1593 1971/588/1593
f 1971/588/1594 1985/293/1594 1972/589/1594
f 1972/589/1595 1985/293/1595 1973/590/1595
f 1973/590/1596 1985/293/1596 1974/591/1596
f 1974/591/1597 1985/293/1597 1975/592/1597
f 1975/592/1598 1985/293/1598 1976/593/1598
f 1976/593/1599 1985/293/1599 1977/594/1599
f 1977/594/1600 1985/293/1600 1978/595/1600
f 1978/595/1601 1985/293/1601 1979/596/1601
f 1979/596/1602 1985/293/1602 1980/597/1602
f 1980/597/1603 1985/293/1603 1981/598/1603
f 1981/598/1604 1985/293/1604 1982/599/1604
f 1982/599/1605 1985/293/1605 1983/600/1605
f 1953/601/1606 1954/602/1606 1955/603/1606 1956/604/1606 1957/605/1606 1958/606/1606 1959/607/1606 1960/608/1606 1961/609/1606 1962/610/1606 1963/611/1606 1964/612/1606 1965/613/1606 1966/614/1606 1967/615/1606 1968/616/1606 1969/617/1606 1970/618/1606 1971/619/1606 1972/620/1606 1973/621/1606 1974/622/1606 1975/623/1606 1976/624/1606 1977/625/1606 1978/626/1606 1979/627/1606 1980/628/1606 1981/629/1606 1982/630/1606 1983/631/1606 1984/632/1606
f 1983/600/1607 1985/293/1607 1984/633/1607
f 1984/633/1608 1985/293/1608 1953/570/1608
f 1986/570/1609 2018/293/1609 1987/571/1609
f 1987/571/1610 2018/293/1610 1988/572/1610
f 1988/572/1611 2018/293/1611 1989/573/1611
f 1989/573/1612 2018/293/1612 1990/574/1612
f 1990/574/1613 2018/293/1613 1991/575/1613
f 1991/575/1614 2018/293/1614 1992/576/1614
f 1992/576/1615 2018/293/1615 1993/577/1615
f 1993/577/1616 2018/293/1616 1994/578/1616
f 1994/578/1617 2018/293/1617 1995/579/1617
f 1995/579/1618 2018/293/1618 1996/580/1618
f 1996/580/1619 2018/293/1619 1997/581/1619
f 1997/581/1620 2018/293/1620 1998/582/1620
f 1998/582/1621 2018/293/1621 1999/583/1621
f 1999/583/1622 2018/293/1622 2000/584/1622
f 2000/584/1623 2018/293/1623 2001/585/1623
f 2001/585/1624 2018/293/1624 2002/586/1624
f 2002/586/1625 2018/293/1625 2003/587/1625
f 2003/587/1626 2018/293/1626 2004/588/1626
f 2004/588/1627 2018/293/1627 2005/589/1627
f 2005/589/1628 2018/293/1628 2006/590/1628
f 2006/590/1629 2018/293/1629 2007/591/1629
f 2007/591/1630 2018/293/1630 2008/592/1630
f 2008/592/1631 2018/293/1631 2009/593/1631
f 2009/593/1632 2018/293/1632 2010/594/1632
f 2010/594/1633 2018/293/1633 2011/595/1633
f 2011/595/1634 2018/293/1634 2012/596/1634
f 2012/596/1635 2018/293/1635 2013/597/1635
f 2013/597/1636 2018/293/1636 2014/598/1636
f 2014/598/1637 2018/293/1637 2015/599/1637
f 2015/599/1638 2018/293/1638 2016/600/1638
f 1986/601/1639 1987/602/1639 1988/603/1639 1989/604/1639 1990/605/1639 1991/606/1639 1992/607/1639 1993/608/1639 1994/609/1639 1995/610/1639 1996/611/1639 1997/612/1639 1998/613/1639 1999/614/1639 2000/615/1639 2001/616/1639 2002/617/1639 2003/618/1639 2004/619/1639 2005/620/1639 2006/621/1639 2007/622/1639 2008/623/1639 2009/624/1639 2010/625/1639 2011/626/1639 2012/627/1639 2013/628/1639 2014/629/1639 2015/630/1639 2016/631/1639 2017/632/1639
f 2016/600/1640 2018/293/1640 2017/633/1640
f 2017/633/1641 2018/293/1641 1986/570/1641
f 2019/570/1642 2051/293/1642 2020/571/1642
f 2020/571/1643 2051/293/1643 2021/572/1643
f 2021/572/1644 2051/293/1644 2022/573/1644
f 2022/573/1645 2051/293/1645 2023/574/1645
f 2023/574/1646 2051/293/1646 2024/575/1646
f 2024/575/1647 2051/293/1647 2025/576/1647
f 2025/576/1648 2051/293/1648 2026/577/1648
f 2026/577/1649 2051/293/1649 2027/578/1649
f 2027/578/1650 2051/293/1650 2028/579/1650
f 2028/579/1651 2051/293/1651 2029/580/1651
f 2029/580/1652 2051/293/1652 2030/581/1652
f 2030/581/1653 2051/293/1653 2031/582/1653
f 2031/582/1654 2051/293/1654 2032/583/1654
f 2032/583/1655 2051/293/1655 2033/584/1655
f 2033/584/1656 2051/293/1656 2034/585/1656
f 2034/585/1657 2051/293/1657 2035/586/1657
f 2035/586/1658 2051/293/1658 2036/587/1658
f 2036/587/1659 2051/293/1659 2037/588/1659
f 2037/588/1660 2051/293/1660 2038/589/1660
f 2038/589/1661 2051/293/1661 2039/590/1661
f 2039/590/1662 2051/293/1662 2040/591/1662
f 2040/591/1663 2051/293/1663 2041/592/1663
f 2041/592/1664 2051/293/1664 2042/593/1664
f 2042/593/1665 2051/293/1665 2043/594/1665
f 2043/594/1666 2051/293/1666 2044/595/1666
f 2044/595/1667 2051/293/1667 2045/596/1667
f 2045/596/1668 2051/293/1668 2046/597/1668
f 2046/597/1669 2051/293/1669 2047/598/1669
f 2047/598/1670 2051/293/1670 2048/599/1670
f 2048/599/1671 2051/293/1671 2049/600/1671
f 2019/601/1672 2020/602/1672 2021/603/1672 2022/604/1672 2023/605/1672 2024/606/1672 2025/607/1672 2026/608/1672 2027/609/1672 2028/610/1672 2029/611/1672 2030/612/1672 2031/613/1672 2032/614/1672 2033/615/1672 2034/616/1672 2035/617/1672 2036/618/1672 2037/619/1672 2038/620/1672 2039/621/1672 2040/622/1672 2041/623/1672 2042/624/1672 2043/625/1672 2044/626/1672 2045/627/1672 2046/628/1672 2047/629/1672 2048/630/1672 2049/631/1672 2050/632/1672
f 2049/600/1673 2051/293/1673 2050/633/1673
f 2050/633/1674 2051/293/1674 2019/570/1674
f 2533/29/1675 2532/25/1675 2071/26/1675 2072/30/1675
f 2055/31/1676 2054/27/1676 2064/28/1676 2065/32/1676
f 2525/33/1677 2133/34/1677 2058/35/1677
f 2359/36/1678 2533/29/1678 2072/30/1678
f 2056/37/1679 2055/31/1679 2065/32/1679 2066/38/1679
f 2526/39/1680 2525/33/1680 2058/35/1680 2059/40/1680
f 2529/41/1681 2056/37/1681 2066/38/1681 2067/42/1681
f 2052/43/1682 2526/39/1682 2059/40/1682 2060/44/1682
f 2057/45/1683 2529/41/1683 2067/42/1683 2068/46/1683
f 2527/16/1684 2052/43/1684 2060/44/1684 2061/17/1684
f 2530/20/1685 2057/45/1685 2068/46/1685 2069/21/1685
f 2053/15/1686 2527/16/1686 2061/17/1686 2062/18/1686
f 2531/19/1687 2530/20/1687 2069/21/1687 2070/22/1687
f 2528/23/1688 2053/15/1688 2062/18/1688 2063/24/1688
f 2532/25/1689 2531/19/1689 2070/22/1689 2071/26/1689
f 2054/27/1690 2528/23/1690 2063/24/1690 2064/28/1690
f 2063/24/1691 2062/18/1691 2077/51/1691 2078/53/1691
f 2071/26/1692 2070/22/1692 2085/52/1692 2086/54/1692
f 2064/28/1693 2063/24/1693 2078/53/1693 2079/55/1693
f 2072/30/1694 2071/26/1694 2086/54/1694 2087/56/1694
f 2065/32/1695 2064/28/1695 2079/55/1695 2080/57/1695
f 2058/35/1696 2133/58/1696 2073/59/1696
f 2359/60/1697 2072/30/1697 2087/56/1697
f 2066/38/1698 2065/32/1698 2080/57/1698 2081/61/1698
f 2059/40/1699 2058/35/1699 2073/59/1699 2074/62/1699
f 2067/42/1700 2066/38/1700 2081/61/1700 2082/63/1700
f 2060/44/1701 2059/40/1701 2074/62/1701 2075/47/1701
f 2068/46/1702 2067/42/1702 2082/63/1702 2083/49/1702
f 2061/17/1703 2060/44/1703 2075/47/1703 2076/48/1703
f 2069/21/1704 2068/46/1704 2083/49/1704 2084/50/1704
f 2062/18/1705 2061/17/1705 2076/48/1705 2077/51/1705
f 2070/22/1706 2069/21/1706 2084/50/1706 2085/52/1706
f 2082/63/1707 2081/61/1707 2096/70/1707 2097/72/1707
f 2075/47/1708 2074/62/1708 2089/71/1708 2090/73/1708
f 2083/49/1709 2082/63/1709 2097/72/1709 2098/74/1709
f 2076/48/1710 2075/47/1710 2090/73/1710 2091/75/1710
f 2084/50/1711 2083/49/1711 2098/74/1711 2099/76/1711
f 2077/51/1712 2076/48/1712 2091/75/1712 2092/77/1712
f 2085/52/1713 2084/50/1713 2099/76/1713 2100/78/1713
f 2078/53/1714 2077/51/1714 2092/77/1714 2093/79/1714
f 2086/54/1715 2085/52/1715 2100/78/1715 2101/80/1715
f 2079/55/1716 2078/53/1716 2093/79/1716 2094/64/1716
f 2087/56/1717 2086/54/1717 2101/80/1717 2102/69/1717
f 2080/57/1718 2079/55/1718 2094/64/1718 2095/65/1718
f 2073/59/1719 2133/66/1719 2088/67/1719
f 2359/68/1720 2087/56/1720 2102/69/1720
f 2081/61/1721 2080/57/1721 2095/65/1721 2096/70/1721
f 2074/62/1722 2073/59/1722 2088/67/1722 2089/71/1722
f 2101/80/1723 2100/78/1723 2115/83/1723 2116/85/1723
f 2094/64/1724 2093/79/1724 2108/84/1724 2109/86/1724
f 2102/69/1725 2101/80/1725 2116/85/1725 2117/87/1725
f 2095/65/1726 2094/64/1726 2109/86/1726 2110/5/1726
f 2088/67/1727 2133/88/1727 2103/89/1727
f 2359/90/1728 2102/69/1728 2117/87/1728
f 2096/70/1729 2095/65/1729 2110/5/1729 2111/91/1729
f 2089/71/1730 2088/67/1730 2103/89/1730 2104/92/1730
f 2097/72/1731 2096/70/1731 2111/91/1731 2112/93/1731
f 2090/73/1732 2089/71/1732 2104/92/1732 2105/94/1732
f 2098/74/1733 2097/72/1733 2112/93/1733 2113/81/1733
f 2091/75/1734 2090/73/1734 2105/94/1734 2106/7/1734
f 2099/76/1735 2098/74/1735 2113/81/1735 2114/3/1735
f 2092/77/1736 2091/75/1736 2106/7/1736 2107/82/1736
f 2100/78/1737 2099/76/1737 2114/3/1737 2115/83/1737
f 2093/79/1738 2092/77/1738 2107/82/1738 2108/84/1738
f 2113/81/1739 2112/93/1739 2127/102/1739 2128/104/1739
f 2106/7/1740 2105/94/1740 2120/103/1740 2121/105/1740
f 2114/3/1741 2113/81/1741 2128/104/1741 2129/106/1741
f 2107/82/1742 2106/7/1742 2121/105/1742 2122/107/1742
f 2115/83/1743 2114/3/1743 2129/106/1743 2130/108/1743
f 2108/84/1744 2107/82/1744 2122/107/1744 2123/109/1744
f 2116/85/1745 2115/83/1745 2130/108/1745 2131/110/1745
f 2109/86/1746 2108/84/1746 2123/109/1746 2124/111/1746
f 2117/87/1747 2116/85/1747 2131/110/1747 2132/98/1747
f 2110/5/1748 2109/86/1748 2124/111/1748 2125/99/1748
f 2103/89/1749 2133/95/1749 2118/96/1749
f 2359/97/1750 2117/87/1750 2132/98/1750
f 2111/91/1751 2110/5/1751 2125/99/1751 2126/100/1751
f 2104/92/1752 2103/89/1752 2118/96/1752 2119/101/1752
f 2112/93/1753 2111/91/1753 2126/100/1753 2127/102/1753
f 2105/94/1754 2104/92/1754 2119/101/1754 2120/103/1754
f 2132/98/1755 2131/110/1755 2147/117/1755 2148/119/1755
f 2125/99/1756 2124/111/1756 2140/118/1756 2141/120/1756
f 2118/96/1757 2133/121/1757 2134/122/1757
f 2359/123/1758 2132/98/1758 2148/119/1758
f 2126/100/1759 2125/99/1759 2141/120/1759 2142/124/1759
f 2119/101/1760 2118/96/1760 2134/122/1760 2135/125/1760
f 2127/102/1761 2126/100/1761 2142/124/1761 2143/126/1761
f 2120/103/1762 2119/101/1762 2135/125/1762 2136/127/1762
f 2128/104/1763 2127/102/1763 2143/126/1763 2144/128/1763
f 2121/105/1764 2120/103/1764 2136/127/1764 2137/112/1764
f 2129/106/1765 2128/104/1765 2144/128/1765 2145/114/1765
f 2122/107/1766 2121/105/1766 2137/112/1766 2138/113/1766
f 2130/108/1767 2129/106/1767 2145/114/1767 2146/115/1767
f 2123/109/1768 2122/107/1768 2138/113/1768 2139/116/1768
f 2131/110/1769 2130/108/1769 2146/115/1769 2147/117/1769
f 2124/111/1770 2123/109/1770 2139/116/1770 2140/118/1770
f 2137/112/1771 2136/127/1771 2151/134/1771 2152/136/1771
f 2145/114/1772 2144/128/1772 2159/135/1772 2160/137/1772
f 2138/113/1773 2137/112/1773 2152/136/1773 2153/138/1773
f 2146/115/1774 2145/114/1774 2160/137/1774 2161/139/1774
f 2139/116/1775 2138/113/1775 2153/138/1775 2154/140/1775
f 2147/117/1776 2146/115/1776 2161/139/1776 2162/141/1776
f 2140/118/1777 2139/116/1777 2154/140/1777 2155/142/1777
f 2148/119/1778 2147/117/1778 2162/141/1778 2163/143/1778
f 2141/120/1779 2140/118/1779 2155/142/1779 2156/129/1779
f 2134/122/1780 2133/144/1780 2149/131/1780
f 2359/145/1781 2148/119/1781 2163/143/1781
f 2142/124/1782 2141/120/1782 2156/129/1782 2157/130/1782
f 2135/125/1783 2134/122/1783 2149/131/1783 2150/132/1783
f 2143/126/1784 2142/124/1784 2157/130/1784 2158/133/1784
f 2136/127/1785 2135/125/1785 2150/132/1785 2151/134/1785
f 2144/128/1786 2143/126/1786 2158/133/1786 2159/135/1786
f 2156/129/1787 2155/142/1787 2170/151/1787 2171/153/1787
f 2149/131/1788 2133/154/1788 2164/155/1788
f 2359/156/1789 2163/143/1789 2178/152/1789
f 2157/130/1790 2156/129/1790 2171/153/1790 2172/157/1790
f 2150/132/1791 2149/131/1791 2164/155/1791 2165/158/1791
f 2158/133/1792 2157/130/1792 2172/157/1792 2173/159/1792
f 2151/134/1793 2150/132/1793 2165/158/1793 2166/160/1793
f 2159/135/1794 2158/133/1794 2173/159/1794 2174/161/1794
f 2152/136/1795 2151/134/1795 2166/160/1795 2167/162/1795
f 2160/137/1796 2159/135/1796 2174/161/1796 2175/146/1796
f 2153/138/1797 2152/136/1797 2167/162/1797 2168/148/1797
f 2161/139/1798 2160/137/1798 2175/146/1798 2176/147/1798
f 2154/140/1799 2153/138/1799 2168/148/1799 2169/149/1799
f 2162/141/1800 2161/139/1800 2176/147/1800 2177/150/1800
f 2155/142/1801 2154/140/1801 2169/149/1801 2170/151/1801
f 2163/143/1802 2162/141/1802 2177/150/1802 2178/152/1802
f 2175/146/1803 2174/161/1803 2189/167/1803 2190/169/1803
f 2168/148/1804 2167/162/1804 2182/168/1804 2183/170/1804
f 2176/147/1805 2175/146/1805 2190/169/1805 2191/171/1805
f 2169/149/1806 2168/148/1806 2183/170/1806 2184/172/1806
f 2177/150/1807 2176/147/1807 2191/171/1807 2192/173/1807
f 2170/151/1808 2169/149/1808 2184/172/1808 2185/174/1808
f 2178/152/1809 2177/150/1809 2192/173/1809 2193/175/1809
f 2171/153/1810 2170/151/1810 2185/174/1810 2186/176/1810
f 2164/155/1811 2133/177/1811 2179/178/1811
f 2359/179/1812 2178/152/1812 2193/175/1812
f 2172/157/1813 2171/153/1813 2186/176/1813 2187/163/1813
f 2165/158/1814 2164/155/1814 2179/178/1814 2180/165/1814
f 2173/159/1815 2172/157/1815 2187/163/1815 2188/164/1815
f 2166/160/1816 2165/158/1816 2180/165/1816 2181/166/1816
f 2174/161/1817 2173/159/1817 2188/164/1817 2189/167/1817
f 2167/162/1818 2166/160/1818 2181/166/1818 2182/168/1818
f 2179/178/1819 2133/186/1819 2194/187/1819
f 2359/188/1820 2193/175/1820 2208/184/1820
f 2187/163/1821 2186/176/1821 2201/185/1821 2202/189/1821
f 2180/165/1822 2179/178/1822 2194/187/1822 2195/190/1822
f 2188/164/1823 2187/163/1823 2202/189/1823 2203/191/1823
f 2181/166/1824 2180/165/1824 2195/190/1824 2196/192/1824
f 2189/167/1825 2188/164/1825 2203/191/1825 2204/193/1825
f 2182/168/1826 2181/166/1826 2196/192/1826 2197/194/1826
f 2190/169/1827 2189/167/1827 2204/193/1827 2205/195/1827
f 2183/170/1828 2182/168/1828 2197/194/1828 2198/196/1828
f 2191/171/1829 2190/169/1829 2205/195/1829 2206/180/1829
f 2184/172/1830 2183/170/1830 2198/196/1830 2199/182/1830
f 2192/173/1831 2191/171/1831 2206/180/1831 2207/181/1831
f 2185/174/1832 2184/172/1832 2199/182/1832 2200/183/1832
f 2193/175/1833 2192/173/1833 2207/181/1833 2208/184/1833
f 2186/176/1834 2185/174/1834 2200/183/1834 2201/185/1834
f 2198/196/1835 2197/194/1835 2212/201/1835 2213/203/1835
f 2206/180/1836 2205/195/1836 2220/202/1836 2221/204/1836
f 2199/182/1837 2198/196/1837 2213/203/1837 2214/205/1837
f 2207/181/1838 2206/180/1838 2221/204/1838 2222/206/1838
f 2200/183/1839 2199/182/1839 2214/205/1839 2215/207/1839
f 2208/184/1840 2207/181/1840 2222/206/1840 2223/208/1840
f 2201/185/1841 2200/183/1841 2215/207/1841 2216/209/1841
f 2194/187/1842 2133/210/1842 2209/211/1842
f 2359/212/1843 2208/184/1843 2223/208/1843
f 2202/189/1844 2201/185/1844 2216/209/1844 2217/213/1844
f 2195/190/1845 2194/187/1845 2209/211/1845 2210/197/1845
f 2203/191/1846 2202/189/1846 2217/213/1846 2218/199/1846
f 2196/192/1847 2195/190/1847 2210/197/1847 2211/198/1847
f 2204/193/1848 2203/191/1848 2218/199/1848 2219/200/1848
f 2197/194/1849 2196/192/1849 2211/198/1849 2212/201/1849
f 2205/195/1850 2204/193/1850 2219/200/1850 2220/202/1850
f 2217/213/1851 2216/209/1851 2231/218/1851 2232/222/1851
f 2210/197/1852 2209/211/1852 2224/220/1852 2225/223/1852
f 2218/199/1853 2217/213/1853 2232/222/1853 2233/224/1853
f 2211/198/1854 2210/197/1854 2225/223/1854 2226/225/1854
f 2219/200/1855 2218/199/1855 2233/224/1855 2234/226/1855
f 2212/201/1856 2211/198/1856 2226/225/1856 2227/227/1856
f 2220/202/1857 2219/200/1857 2234/226/1857 2235/4/1857
f 2213/203/1858 2212/201/1858 2227/227/1858 2228/228/1858
f 2221/204/1859 2220/202/1859 2235/4/1859 2236/229/1859
f 2214/205/1860 2213/203/1860 2228/228/1860 2229/214/1860
f 2222/206/1861 2221/204/1861 2236/229/1861 2237/216/1861
f 2215/207/1862 2214/205/1862 2229/214/1862 2230/215/1862
f 2223/208/1863 2222/206/1863 2237/216/1863 2238/217/1863
f 2216/209/1864 2215/207/1864 2230/215/1864 2231/218/1864
f 2209/211/1865 2133/219/1865 2224/220/1865
f 2359/221/1866 2223/208/1866 2238/217/1866
f 2236/229/1867 2235/4/1867 2250/234/1867 2251/236/1867
f 2229/214/1868 2228/228/1868 2243/235/1868 2244/237/1868
f 2237/216/1869 2236/229/1869 2251/236/1869 2252/238/1869
f 2230/215/1870 2229/214/1870 2244/237/1870 2245/239/1870
f 2238/217/1871 2237/216/1871 2252/238/1871 2253/240/1871
f 2231/218/1872 2230/215/1872 2245/239/1872 2246/241/1872
f 2224/220/1873 2133/242/1873 2239/243/1873
f 2359/244/1874 2238/217/1874 2253/240/1874
f 2232/222/1875 2231/218/1875 2246/241/1875 2247/245/1875
f 2225/223/1876 2224/220/1876 2239/243/1876 2240/246/1876
f 2233/224/1877 2232/222/1877 2247/245/1877 2248/230/1877
f 2226/225/1878 2225/223/1878 2240/246/1878 2241/232/1878
f 2234/226/1879 2233/224/1879 2248/230/1879 2249/231/1879
f 2227/227/1880 2226/225/1880 2241/232/1880 2242/233/1880
f 2235/4/1881 2234/226/1881 2249/231/1881 2250/234/1881
f 2228/228/1882 2227/227/1882 2242/233/1882 2243/235/1882
f 2248/230/1883 2247/245/1883 2262/254/1883 2263/256/1883
f 2241/232/1884 2240/246/1884 2255/255/1884 2256/257/1884
f 2249/231/1885 2248/230/1885 2263/256/1885 2264/258/1885
f 2242/233/1886 2241/232/1886 2256/257/1886 2257/259/1886
f 2250/234/1887 2249/231/1887 2264/258/1887 2265/260/1887
f 2243/235/1888 2242/233/1888 2257/259/1888 2258/261/1888
f 2251/236/1889 2250/234/1889 2265/260/1889 2266/262/1889
f 2244/237/1890 2243/235/1890 2258/261/1890 2259/263/1890
f 2252/238/1891 2251/236/1891 2266/262/1891 2267/247/1891
f 2245/239/1892 2244/237/1892 2259/263/1892 2260/249/1892
f 2253/240/1893 2252/238/1893 2267/247/1893 2268/248/1893
f 2246/241/1894 2245/239/1894 2260/249/1894 2261/250/1894
f 2239/243/1895 2133/251/1895 2254/252/1895
f 2359/253/1896 2253/240/1896 2268/248/1896
f 2247/245/1897 2246/241/1897 2261/250/1897 2262/254/1897
f 2240/246/1898 2239/243/1898 2254/252/1898 2255/255/1898
f 2267/247/1899 2266/262/1899 2281/269/1899 2282/271/1899
f 2260/249/1900 2259/263/1900 2274/270/1900 2275/272/1900
f 2268/248/1901 2267/247/1901 2282/271/1901 2283/273/1901
f 2261/250/1902 2260/249/1902 2275/272/1902 2276/274/1902
f 2254/252/1903 2133/275/1903 2269/276/1903
f 2359/277/1904 2268/248/1904 2283/273/1904
f 2262/254/1905 2261/250/1905 2276/274/1905 2277/278/1905
f 2255/255/1906 2254/252/1906 2269/276/1906 2270/279/1906
f 2263/256/1907 2262/254/1907 2277/278/1907 2278/280/1907
f 2256/257/1908 2255/255/1908 2270/279/1908 2271/264/1908
f 2264/258/1909 2263/256/1909 2278/280/1909 2279/266/1909
f 2257/259/1910 2256/257/1910 2271/264/1910 2272/265/1910
f 2265/260/1911 2264/258/1911 2279/266/1911 2280/267/1911
f 2258/261/1912 2257/259/1912 2272/265/1912 2273/268/1912
f 2266/262/1913 2265/260/1913 2280/267/1913 2281/269/1913
f 2259/263/1914 2258/261/1914 2273/268/1914 2274/270/1914
f 2271/264/1915 2270/279/1915 2285/288/1915 2286/290/1915
f 2279/266/1916 2278/280/1916 2293/289/1916 2294/291/1916
f 2272/265/1917 2271/264/1917 2286/290/1917 2287/292/1917
f 2280/267/1918 2279/266/1918 2294/291/1918 2295/293/1918
f 2273/268/1919 2272/265/1919 2287/292/1919 2288/294/1919
f 2281/269/1920 2280/267/1920 2295/293/1920 2296/295/1920
f 2274/270/1921 2273/268/1921 2288/294/1921 2289/296/1921
f 2282/271/1922 2281/269/1922 2296/295/1922 2297/297/1922
f 2275/272/1923 2274/270/1923 2289/296/1923 2290/281/1923
f 2283/273/1924 2282/271/1924 2297/297/1924 2298/286/1924
f 2276/274/1925 2275/272/1925 2290/281/1925 2291/282/1925
f 2269/276/1926 2133/283/1926 2284/284/1926
f 2359/285/1927 2283/273/1927 2298/286/1927
f 2277/278/1928 2276/274/1928 2291/282/1928 2292/287/1928
f 2270/279/1929 2269/276/1929 2284/284/1929 2285/288/1929
f 2278/280/1930 2277/278/1930 2292/287/1930 2293/289/1930
f 2290/281/1931 2289/296/1931 2304/303/1931 2305/305/1931
f 2298/286/1932 2297/297/1932 2312/304/1932 2313/306/1932
f 2291/282/1933 2290/281/1933 2305/305/1933 2306/307/1933
f 2284/284/1934 2133/308/1934 2299/309/1934
f 2359/310/1935 2298/286/1935 2313/306/1935
f 2292/287/1936 2291/282/1936 2306/307/1936 2307/311/1936
f 2285/288/1937 2284/284/1937 2299/309/1937 2300/312/1937
f 2293/289/1938 2292/287/1938 2307/311/1938 2308/313/1938
f 2286/290/1939 2285/288/1939 2300/312/1939 2301/314/1939
f 2294/291/1940 2293/289/1940 2308/313/1940 2309/298/1940
f 2287/292/1941 2286/290/1941 2301/314/1941 2302/300/1941
f 2295/293/1942 2294/291/1942 2309/298/1942 2310/299/1942
f 2288/294/1943 2287/292/1943 2302/300/1943 2303/301/1943
f 2296/295/1944 2295/293/1944 2310/299/1944 2311/302/1944
f 2289/296/1945 2288/294/1945 2303/301/1945 2304/303/1945
f 2297/297/1946 2296/295/1946 2311/302/1946 2312/304/1946
f 2309/298/1947 2308/313/1947 2323/321/1947 2324/323/1947
f 2302/300/1948 2301/314/1948 2316/322/1948 2317/324/1948
f 2310/299/1949 2309/298/1949 2324/323/1949 2325/325/1949
f 2303/301/1950 2302/300/1950 2317/324/1950 2318/326/1950
f 2311/302/1951 2310/299/1951 2325/325/1951 2326/327/1951
f 2304/303/1952 2303/301/1952 2318/326/1952 2319/328/1952
f 2312/304/1953 2311/302/1953 2326/327/1953 2327/329/1953
f 2305/305/1954 2304/303/1954 2319/328/1954 2320/330/1954
f 2313/306/1955 2312/304/1955 2327/329/1955 2328/316/1955
f 2306/307/1956 2305/305/1956 2320/330/1956 2321/317/1956
f 2299/309/1957 2133/331/1957 2314/319/1957
f 2359/315/1958 2313/306/1958 2328/316/1958
f 2307/311/1959 2306/307/1959 2321/317/1959 2322/318/1959
f 2300/312/1960 2299/309/1960 2314/319/1960 2315/320/1960
f 2308/313/1961 2307/311/1961 2322/318/1961 2323/321/1961
f 2301/314/1962 2300/312/1962 2315/320/1962 2316/322/1962
f 2328/316/1963 2327/329/1963 2342/336/1963 2343/338/1963
f 2321/317/1964 2320/330/1964 2335/337/1964 2336/339/1964
f 2314/319/1965 2133/340/1965 2329/341/1965
f 2359/342/1966 2328/316/1966 2343/338/1966
f 2322/318/1967 2321/317/1967 2336/339/1967 2337/343/1967
f 2315/320/1968 2314/319/1968 2329/341/1968 2330/344/1968
f 2323/321/1969 2322/318/1969 2337/343/1969 2338/345/1969
f 2316/322/1970 2315/320/1970 2330/344/1970 2331/346/1970
f 2324/323/1971 2323/321/1971 2338/345/1971 2339/347/1971
f 2317/324/1972 2316/322/1972 2331/346/1972 2332/348/1972
f 2325/325/1973 2324/323/1973 2339/347/1973 2340/332/1973
f 2318/326/1974 2317/324/1974 2332/348/1974 2333/334/1974
f 2326/327/1975 2325/325/1975 2340/332/1975 2341/333/1975
f 2319/328/1976 2318/326/1976 2333/334/1976 2334/335/1976
f 2327/329/1977 2326/327/1977 2341/333/1977 2342/336/1977
f 2320/330/1978 2319/328/1978 2334/335/1978 2335/337/1978
f 2332/348/1979 2331/346/1979 2346/353/1979 2347/355/1979
f 2340/332/1980 2339/347/1980 2354/354/1980 2355/356/1980
f 2333/334/1981 2332/348/1981 2347/355/1981 2348/357/1981
f 2341/333/1982 2340/332/1982 2355/356/1982 2356/358/1982
f 2334/335/1983 2333/334/1983 2348/357/1983 2349/359/1983
f 2342/336/1984 2341/333/1984 2356/358/1984 2357/360/1984
f 2335/337/1985 2334/335/1985 2349/359/1985 2350/361/1985
f 2343/338/1986 2342/336/1986 2357/360/1986 2358/362/1986
f 2336/339/1987 2335/337/1987 2350/361/1987 2351/363/1987
f 2329/341/1988 2133/364/1988 2344/349/1988
f 2359/365/1989 2343/338/1989 2358/362/1989
f 2337/343/1990 2336/339/1990 2351/363/1990 2352/351/1990
f 2330/344/1991 2329/341/1991 2344/349/1991 2345/350/1991
f 2338/345/1992 2337/343/1992 2352/351/1992 2353/352/1992
f 2331/346/1993 2330/344/1993 2345/350/1993 2346/353/1993
f 2339/347/1994 2338/345/1994 2353/352/1994 2354/354/1994
f 2351/363/1995 2350/361/1995 2366/370/1995 2367/372/1995
f 2344/349/1996 2133/373/1996 2360/374/1996
f 2359/375/1997 2358/362/1997 2374/371/1997
f 2352/351/1998 2351/363/1998 2367/372/1998 2368/376/1998
f 2345/350/1999 2344/349/1999 2360/374/1999 2361/377/1999
f 2353/352/2000 2352/351/2000 2368/376/2000 2369/378/2000
f 2346/353/2001 2345/350/2001 2361/377/2001 2362/379/2001
f 2354/354/2002 2353/352/2002 2369/378/2002 2370/380/2002
f 2347/355/2003 2346/353/2003 2362/379/2003 2363/381/2003
f 2355/356/2004 2354/354/2004 2370/380/2004 2371/382/2004
f 2348/357/2005 2347/355/2005 2363/381/2005 2364/366/2005
f 2356/358/2006 2355/356/2006 2371/382/2006 2372/368/2006
f 2349/359/2007 2348/357/2007 2364/366/2007 2365/367/2007
f 2357/360/2008 2356/358/2008 2372/368/2008 2373/369/2008
f 2350/361/2009 2349/359/2009 2365/367/2009 2366/370/2009
f 2358/362/2010 2357/360/2010 2373/369/2010 2374/371/2010
f 2371/382/2011 2370/380/2011 2385/387/2011 2386/389/2011
f 2364/366/2012 2363/381/2012 2378/388/2012 2379/390/2012
f 2372/368/2013 2371/382/2013 2386/389/2013 2387/391/2013
f 2365/367/2014 2364/366/2014 2379/390/2014 2380/392/2014
f 2373/369/2015 2372/368/2015 2387/391/2015 2388/393/2015
f 2366/370/2016 2365/367/2016 2380/392/2016 2381/394/2016
f 2374/371/2017 2373/369/2017 2388/393/2017 2389/395/2017
f 2367/372/2018 2366/370/2018 2381/394/2018 2382/396/2018
f 2360/374/2019 2133/397/2019 2375/398/2019
f 2359/399/2020 2374/371/2020 2389/395/2020
f 2368/376/2021 2367/372/2021 2382/396/2021 2383/383/2021
f 2361/377/2022 2360/374/2022 2375/398/2022 2376/385/2022
f 2369/378/2023 2368/376/2023 2383/383/2023 2384/384/2023
f 2362/379/2024 2361/377/2024 2376/385/2024 2377/386/2024
f 2370/380/2025 2369/378/2025 2384/384/2025 2385/387/2025
f 2363/381/2026 2362/379/2026 2377/386/2026 2378/388/2026
f 2359/408/2027 2389/395/2027 2404/404/2027
f 2383/383/2028 2382/396/2028 2397/405/2028 2398/409/2028
f 2376/385/2029 2375/398/2029 2390/407/2029 2391/410/2029
f 2384/384/2030 2383/383/2030 2398/409/2030 2399/411/2030
f 2377/386/2031 2376/385/2031 2391/410/2031 2392/412/2031
f 2385/387/2032 2384/384/2032 2399/411/2032 2400/413/2032
f 2378/388/2033 2377/386/2033 2392/412/2033 2393/414/2033
f 2386/389/2034 2385/387/2034 2400/413/2034 2401/415/2034
f 2379/390/2035 2378/388/2035 2393/414/2035 2394/416/2035
f 2387/391/2036 2386/389/2036 2401/415/2036 2402/400/2036
f 2380/392/2037 2379/390/2037 2394/416/2037 2395/402/2037
f 2388/393/2038 2387/391/2038 2402/400/2038 2403/401/2038
f 2381/394/2039 2380/392/2039 2395/402/2039 2396/403/2039
f 2389/395/2040 2388/393/2040 2403/401/2040 2404/404/2040
f 2382/396/2041 2381/394/2041 2396/403/2041 2397/405/2041
f 2375/398/2042 2133/406/2042 2390/407/2042
f 2402/400/2043 2401/415/2043 2416/422/2043 2417/424/2043
f 2395/402/2044 2394/416/2044 2409/423/2044 2410/425/2044
f 2403/401/2045 2402/400/2045 2417/424/2045 2418/426/2045
f 2396/403/2046 2395/402/2046 2410/425/2046 2411/427/2046
f 2404/404/2047 2403/401/2047 2418/426/2047 2419/428/2047
f 2397/405/2048 2396/403/2048 2411/427/2048 2412/429/2048
f 2390/407/2049 2133/430/2049 2405/431/2049
f 2359/432/2050 2404/404/2050 2419/428/2050
f 2398/409/2051 2397/405/2051 2412/429/2051 2413/433/2051
f 2391/410/2052 2390/407/2052 2405/431/2052 2406/417/2052
f 2399/411/2053 2398/409/2053 2413/433/2053 2414/419/2053
f 2392/412/2054 2391/410/2054 2406/417/2054 2407/418/2054
f 2400/413/2055 2399/411/2055 2414/419/2055 2415/420/2055
f 2393/414/2056 2392/412/2056 2407/418/2056 2408/421/2056
f 2401/415/2057 2400/413/2057 2415/420/2057 2416/422/2057
f 2394/416/2058 2393/414/2058 2408/421/2058 2409/423/2058
f 2406/450/2059 2405/444/2059 2420/446/2059 2421/451/2059
f 2414/452/2060 2413/448/2060 2428/449/2060 2429/453/2060
f 2407/454/2061 2406/450/2061 2421/451/2061 2422/455/2061
f 2415/456/2062 2414/452/2062 2429/453/2062 2430/457/2062
f 2408/458/2063 2407/454/2063 2422/455/2063 2423/459/2063
f 2416/460/2064 2415/456/2064 2430/457/2064 2431/461/2064
f 2409/462/2065 2408/458/2065 2423/459/2065 2424/463/2065
f 2417/464/2066 2416/460/2066 2431/461/2066 2432/465/2066
f 2410/435/2067 2409/462/2067 2424/463/2067 2425/436/2067
f 2418/439/2068 2417/464/2068 2432/465/2068 2433/440/2068
f 2411/434/2069 2410/435/2069 2425/436/2069 2426/437/2069
f 2419/438/2070 2418/439/2070 2433/440/2070 2434/441/2070
f 2412/442/2071 2411/434/2071 2426/437/2071 2427/443/2071
f 2405/444/2072 2133/445/2072 2420/446/2072
f 2359/447/2073 2419/438/2073 2434/441/2073
f 2413/448/2074 2412/442/2074 2427/443/2074 2428/449/2074
f 2425/436/2075 2424/463/2075 2439/471/2075 2440/473/2075
f 2433/440/2076 2432/465/2076 2447/472/2076 2448/474/2076
f 2426/437/2077 2425/436/2077 2440/473/2077 2441/475/2077
f 2434/441/2078 2433/440/2078 2448/474/2078 2449/476/2078
f 2427/443/2079 2426/437/2079 2441/475/2079 2442/477/2079
f 2420/446/2080 2133/478/2080 2435/479/2080
f 2359/480/2081 2434/441/2081 2449/476/2081
f 2428/449/2082 2427/443/2082 2442/477/2082 2443/481/2082
f 2421/451/2083 2420/446/2083 2435/479/2083 2436/482/2083
f 2429/453/2084 2428/449/2084 2443/481/2084 2444/466/2084
f 2422/455/2085 2421/451/2085 2436/482/2085 2437/468/2085
f 2430/457/2086 2429/453/2086 2444/466/2086 2445/467/2086
f 2423/459/2087 2422/455/2087 2437/468/2087 2438/469/2087
f 2431/461/2088 2430/457/2088 2445/467/2088 2446/470/2088
f 2424/463/2089 2423/459/2089 2438/469/2089 2439/471/2089
f 2432/465/2090 2431/461/2090 2446/470/2090 2447/472/2090
f 2444/466/2091 2443/481/2091 2458/490/2091 2459/492/2091
f 2437/468/2092 2436/482/2092 2451/491/2092 2452/493/2092
f 2445/467/2093 2444/466/2093 2459/492/2093 2460/494/2093
f 2438/469/2094 2437/468/2094 2452/493/2094 2453/495/2094
f 2446/470/2095 2445/467/2095 2460/494/2095 2461/496/2095
f 2439/471/2096 2438/469/2096 2453/495/2096 2454/497/2096
f 2447/472/2097 2446/470/2097 2461/496/2097 2462/498/2097
f 2440/473/2098 2439/471/2098 2454/497/2098 2455/499/2098
f 2448/474/2099 2447/472/2099 2462/498/2099 2463/483/2099
f 2441/475/2100 2440/473/2100 2455/499/2100 2456/485/2100
f 2449/476/2101 2448/474/2101 2463/483/2101 2464/484/2101
f 2442/477/2102 2441/475/2102 2456/485/2102 2457/486/2102
f 2435/479/2103 2133/487/2103 2450/488/2103
f 2359/489/2104 2449/476/2104 2464/484/2104
f 2443/481/2105 2442/477/2105 2457/486/2105 2458/490/2105
f 2436/482/2106 2435/479/2106 2450/488/2106 2451/491/2106
f 2463/483/2107 2462/498/2107 2477/504/2107 2478/506/2107
f 2456/485/2108 2455/499/2108 2470/505/2108 2471/507/2108
f 2464/484/2109 2463/483/2109 2478/506/2109 2479/508/2109
f 2457/486/2110 2456/485/2110 2471/507/2110 2472/509/2110
f 2450/488/2111 2133/510/2111 2465/511/2111
f 2359/512/2112 2464/484/2112 2479/508/2112
f 2458/490/2113 2457/486/2113 2472/509/2113 2473/513/2113
f 2451/491/2114 2450/488/2114 2465/511/2114 2466/514/2114
f 2459/492/2115 2458/490/2115 2473/513/2115 2474/515/2115
f 2452/493/2116 2451/491/2116 2466/514/2116 2467/516/2116
f 2460/494/2117 2459/492/2117 2474/515/2117 2475/500/2117
f 2453/495/2118 2452/493/2118 2467/516/2118 2468/502/2118
f 2461/496/2119 2460/494/2119 2475/500/2119 2476/501/2119
f 2454/497/2120 2453/495/2120 2468/502/2120 2469/503/2120
f 2462/498/2121 2461/496/2121 2476/501/2121 2477/504/2121
f 2455/499/2122 2454/497/2122 2469/503/2122 2470/505/2122
f 2467/516/2123 2466/514/2123 2481/523/2123 2482/525/2123
f 2475/500/2124 2474/515/2124 2489/524/2124 2490/526/2124
f 2468/502/2125 2467/516/2125 2482/525/2125 2483/527/2125
f 2476/501/2126 2475/500/2126 2490/526/2126 2491/528/2126
f 2469/503/2127 2468/502/2127 2483/527/2127 2484/529/2127
f 2477/504/2128 2476/501/2128 2491/528/2128 2492/530/2128
f 2470/505/2129 2469/503/2129 2484/529/2129 2485/531/2129
f 2478/506/2130 2477/504/2130 2492/530/2130 2493/532/2130
f 2471/507/2131 2470/505/2131 2485/531/2131 2486/533/2131
f 2479/508/2132 2478/506/2132 2493/532/2132 2494/520/2132
f 2472/509/2133 2471/507/2133 2486/533/2133 2487/521/2133
f 2465/511/2134 2133/517/2134 2480/518/2134
f 2359/519/2135 2479/508/2135 2494/520/2135
f 2473/513/2136 2472/509/2136 2487/521/2136 2488/522/2136
f 2466/514/2137 2465/511/2137 2480/518/2137 2481/523/2137
f 2474/515/2138 2473/513/2138 2488/522/2138 2489/524/2138
f 2486/533/2139 2485/531/2139 2500/538/2139 2501/540/2139
f 2494/520/2140 2493/532/2140 2508/539/2140 2509/541/2140
f 2487/521/2141 2486/533/2141 2501/540/2141 2502/542/2141
f 2480/518/2142 2133/543/2142 2495/544/2142
f 2359/545/2143 2494/520/2143 2509/541/2143
f 2488/522/2144 2487/521/2144 2502/542/2144 2503/546/2144
f 2481/523/2145 2480/518/2145 2495/544/2145 2496/547/2145
f 2489/524/2146 2488/522/2146 2503/546/2146 2504/548/2146
f 2482/525/2147 2481/523/2147 2496/547/2147 2497/549/2147
f 2490/526/2148 2489/524/2148 2504/548/2148 2505/550/2148
f 2483/527/2149 2482/525/2149 2497/549/2149 2498/534/2149
f 2491/528/2150 2490/526/2150 2505/550/2150 2506/536/2150
f 2484/529/2151 2483/527/2151 2498/534/2151 2499/535/2151
f 2492/530/2152 2491/528/2152 2506/536/2152 2507/537/2152
f 2485/531/2153 2484/529/2153 2499/535/2153 2500/538/2153
f 2493/532/2154 2492/530/2154 2507/537/2154 2508/539/2154
f 2505/550/2155 2504/548/2155 2519/555/2155 2520/557/2155
f 2498/534/2156 2497/549/2156 2512/556/2156 2513/558/2156
f 2506/536/2157 2505/550/2157 2520/557/2157 2521/559/2157
f 2499/535/2158 2498/534/2158 2513/558/2158 2514/560/2158
f 2507/537/2159 2506/536/2159 2521/559/2159 2522/561/2159
f 2500/538/2160 2499/535/2160 2514/560/2160 2515/562/2160
f 2508/539/2161 2507/537/2161 2522/561/2161 2523/563/2161
f 2501/540/2162 2500/538/2162 2515/562/2162 2516/564/2162
f 2509/541/2163 2508/539/2163 2523/563/2163 2524/565/2163
f 2502/542/2164 2501/540/2164 2516/564/2164 2517/551/2164
f 2495/544/2165 2133/566/2165 2510/553/2165
f 2359/567/2166 2509/541/2166 2524/565/2166
f 2503/546/2167 2502/542/2167 2517/551/2167 2518/552/2167
f 2496/547/2168 2495/544/2168 2510/553/2168 2511/554/2168
f 2504/548/2169 2503/546/2169 2518/552/2169 2519/555/2169
f 2497/549/2170 2496/547/2170 2511/554/2170 2512/556/2170
f 2524/565/2171 2523/563/2171 2532/25/2171 2533/29/2171
f 2517/551/2172 2516/564/2172 2054/27/2172 2055/31/2172
f 2510/553/2173 2133/568/2173 2525/33/2173
f 2359/569/2174 2524/565/2174 2533/29/2174
f 2518/552/2175 2517/551/2175 2055/31/2175 2056/37/2175
f 2511/554/2176 2510/553/2176 2525/33/2176 2526/39/2176
f 2519/555/2177 2518/552/2177 2056/37/2177 2529/41/2177
f 2512/556/2178 2511/554/2178 2526/39/2178 2052/43/2178
f 2520/557/2179 2519/555/2179 2529/41/2179 2057/45/2179
f 2513/558/2180 2512/556/2180 2052/43/2180 2527/16/2180
f 2521/559/2181 2520/557/2181 2057/45/2181 2530/20/2181
f 2514/560/2182 2513/558/2182 2527/16/2182 2053/15/2182
f 2522/561/2183 2521/559/2183 2530/20/2183 2531/19/2183
f 2515/562/2184 2514/560/2184 2053/15/2184 2528/23/2184
f 2523/563/2185 2522/561/2185 2531/19/2185 2532/25/2185
f 2516/564/2186 2515/562/2186 2528/23/2186 2054/27/2186
f 3015/29/2187 3014/25/2187 2553/26/2187 2554/30/2187
f 2537/31/2188 2536/27/2188 2546/28/2188 2547/32/2188
f 3007/33/2189 2615/34/2189 2540/35/2189
f 2841/36/2190 3015/29/2190 2554/30/2190
f 2538/37/2191 2537/31/2191 2547/32/2191 2548/38/2191
f 3008/39/2192 3007/33/2192 2540/35/2192 2541/40/2192
f 3011/41/2193 2538/37/2193 2548/38/2193 2549/42/2193
f 2534/43/2194 3008/39/2194 2541/40/2194 2542/44/2194
f 2539/45/2195 3011/41/2195 2549/42/2195 2550/46/2195
f 3009/16/2196 2534/43/2196 2542/44/2196 2543/17/2196
f 3012/20/2197 2539/45/2197 2550/46/2197 2551/21/2197
f 2535/15/2198 3009/16/2198 2543/17/2198 2544/18/2198
f 3013/19/2199 3012/20/2199 2551/21/2199 2552/22/2199
f 3010/23/2200 2535/15/2200 2544/18/2200 2545/24/2200
f 3014/25/2201 3013/19/2201 2552/22/2201 2553/26/2201
f 2536/27/2202 3010/23/2202 2545/24/2202 2546/28/2202
f 2545/24/2203 2544/18/2203 2559/51/2203 2560/53/2203
f 2553/26/2204 2552/22/2204 2567/52/2204 2568/54/2204
f 2546/28/2205 2545/24/2205 2560/53/2205 2561/55/2205
f 2554/30/2206 2553/26/2206 2568/54/2206 2569/56/2206
f 2547/32/2207 2546/28/2207 2561/55/2207 2562/57/2207
f 2540/35/2208 2615/58/2208 2555/59/2208
f 2841/60/2209 2554/30/2209 2569/56/2209
f 2548/38/2210 2547/32/2210 2562/57/2210 2563/61/2210
f 2541/40/2211 2540/35/2211 2555/59/2211 2556/62/2211
f 2549/42/2212 2548/38/2212 2563/61/2212 2564/63/2212
f 2542/44/2213 2541/40/2213 2556/62/2213 2557/47/2213
f 2550/46/2214 2549/42/2214 2564/63/2214 2565/49/2214
f 2543/17/2215 2542/44/2215 2557/47/2215 2558/48/2215
f 2551/21/2216 2550/46/2216 2565/49/2216 2566/50/2216
f 2544/18/2217 2543/17/2217 2558/48/2217 2559/51/2217
f 2552/22/2218 2551/21/2218 2566/50/2218 2567/52/2218
f 2564/63/2219 2563/61/2219 2578/70/2219 2579/72/2219
f 2557/47/2220 2556/62/2220 2571/71/2220 2572/73/2220
f 2565/49/2221 2564/63/2221 2579/72/2221 2580/74/2221
f 2558/48/2222 2557/47/2222 2572/73/2222 2573/75/2222
f 2566/50/2223 2565/49/2223 2580/74/2223 2581/76/2223
f 2559/51/2224 2558/48/2224 2573/75/2224 2574/77/2224
f 2567/52/2225 2566/50/2225 2581/76/2225 2582/78/2225
f 2560/53/2226 2559/51/2226 2574/77/2226 2575/79/2226
f 2568/54/2227 2567/52/2227 2582/78/2227 2583/80/2227
f 2561/55/2228 2560/53/2228 2575/79/2228 2576/64/2228
f 2569/56/2229 2568/54/2229 2583/80/2229 2584/69/2229
f 2562/57/2230 2561/55/2230 2576/64/2230 2577/65/2230
f 2555/59/2231 2615/66/2231 2570/67/2231
f 2841/68/2232 2569/56/2232 2584/69/2232
f 2563/61/2233 2562/57/2233 2577/65/2233 2578/70/2233
f 2556/62/2234 2555/59/2234 2570/67/2234 2571/71/2234
f 2583/80/2235 2582/78/2235 2597/83/2235 2598/85/2235
f 2576/64/2236 2575/79/2236 2590/84/2236 2591/86/2236
f 2584/69/2237 2583/80/2237 2598/85/2237 2599/87/2237
f 2577/65/2238 2576/64/2238 2591/86/2238 2592/5/2238
f 2570/67/2239 2615/88/2239 2585/89/2239
f 2841/90/2240 2584/69/2240 2599/87/2240
f 2578/70/2241 2577/65/2241 2592/5/2241 2593/91/2241
f 2571/71/2242 2570/67/2242 2585/89/2242 2586/92/2242
f 2579/72/2243 2578/70/2243 2593/91/2243 2594/93/2243
f 2572/73/2244 2571/71/2244 2586/92/2244 2587/94/2244
f 2580/74/2245 2579/72/2245 2594/93/2245 2595/81/2245
f 2573/75/2246 2572/73/2246 2587/94/2246 2588/7/2246
f 2581/76/2247 2580/74/2247 2595/81/2247 2596/3/2247
f 2574/77/2248 2573/75/2248 2588/7/2248 2589/82/2248
f 2582/78/2249 2581/76/2249 2596/3/2249 2597/83/2249
f 2575/79/2250 2574/77/2250 2589/82/2250 2590/84/2250
f 2595/81/2251 2594/93/2251 2609/102/2251 2610/104/2251
f 2588/7/2252 2587/94/2252 2602/103/2252 2603/105/2252
f 2596/3/2253 2595/81/2253 2610/104/2253 2611/106/2253
f 2589/82/2254 2588/7/2254 2603/105/2254 2604/107/2254
f 2597/83/2255 2596/3/2255 2611/106/2255 2612/108/2255
f 2590/84/2256 2589/82/2256 2604/107/2256 2605/109/2256
f 2598/85/2257 2597/83/2257 2612/108/2257 2613/110/2257
f 2591/86/2258 2590/84/2258 2605/109/2258 2606/111/2258
f 2599/87/2259 2598/85/2259 2613/110/2259 2614/98/2259
f 2592/5/2260 2591/86/2260 2606/111/2260 2607/99/2260
f 2585/89/2261 2615/95/2261 2600/96/2261
f 2841/97/2262 2599/87/2262 2614/98/2262
f 2593/91/2263 2592/5/2263 2607/99/2263 2608/100/2263
f 2586/92/2264 2585/89/2264 2600/96/2264 2601/101/2264
f 2594/93/2265 2593/91/2265 2608/100/2265 2609/102/2265
f 2587/94/2266 2586/92/2266 2601/101/2266 2602/103/2266
f 2614/98/2267 2613/110/2267 2629/117/2267 2630/119/2267
f 2607/99/2268 2606/111/2268 2622/118/2268 2623/120/2268
f 2600/96/2269 2615/121/2269 2616/122/2269
f 2841/123/2270 2614/98/2270 2630/119/2270
f 2608/100/2271 2607/99/2271 2623/120/2271 2624/124/2271
f 2601/101/2272 2600/96/2272 2616/122/2272 2617/125/2272
f 2609/102/2273 2608/100/2273 2624/124/2273 2625/126/2273
f 2602/103/2274 2601/101/2274 2617/125/2274 2618/127/2274
f 2610/104/2275 2609/102/2275 2625/126/2275 2626/128/2275
f 2603/105/2276 2602/103/2276 2618/127/2276 2619/112/2276
f 2611/106/2277 2610/104/2277 2626/128/2277 2627/114/2277
f 2604/107/2278 2603/105/2278 2619/112/2278 2620/113/2278
f 2612/108/2279 2611/106/2279 2627/114/2279 2628/115/2279
f 2605/109/2280 2604/107/2280 2620/113/2280 2621/116/2280
f 2613/110/2281 2612/108/2281 2628/115/2281 2629/117/2281
f 2606/111/2282 2605/109/2282 2621/116/2282 2622/118/2282
f 2619/112/2283 2618/127/2283 2633/134/2283 2634/136/2283
f 2627/114/2284 2626/128/2284 2641/135/2284 2642/137/2284
f 2620/113/2285 2619/112/2285 2634/136/2285 2635/138/2285
f 2628/115/2286 2627/114/2286 2642/137/2286 2643/139/2286
f 2621/116/2287 2620/113/2287 2635/138/2287 2636/140/2287
f 2629/117/2288 2628/115/2288 2643/139/2288 2644/141/2288
f 2622/118/2289 2621/116/2289 2636/140/2289 2637/142/2289
f 2630/119/2290 2629/117/2290 2644/141/2290 2645/143/2290
f 2623/120/2291 2622/118/2291 2637/142/2291 2638/129/2291
f 2616/122/2292 2615/144/2292 2631/131/2292
f 2841/145/2293 2630/119/2293 2645/143/2293
f 2624/124/2294 2623/120/2294 2638/129/2294 2639/130/2294
f 2617/125/2295 2616/122/2295 2631/131/2295 2632/132/2295
f 2625/126/2296 2624/124/2296 2639/130/2296 2640/133/2296
f 2618/127/2297 2617/125/2297 2632/132/2297 2633/134/2297
f 2626/128/2298 2625/126/2298 2640/133/2298 2641/135/2298
f 2638/129/2299 2637/142/2299 2652/151/2299 2653/153/2299
f 2631/131/2300 2615/154/2300 2646/155/2300
f 2841/156/2301 2645/143/2301 2660/152/2301
f 2639/130/2302 2638/129/2302 2653/153/2302 2654/157/2302
f 2632/132/2303 2631/131/2303 2646/155/2303 2647/158/2303
f 2640/133/2304 2639/130/2304 2654/157/2304 2655/159/2304
f 2633/134/2305 2632/132/2305 2647/158/2305 2648/160/2305
f 2641/135/2306 2640/133/2306 2655/159/2306 2656/161/2306
f 2634/136/2307 2633/134/2307 2648/160/2307 2649/162/2307
f 2642/137/2308 2641/135/2308 2656/161/2308 2657/146/2308
f 2635/138/2309 2634/136/2309 2649/162/2309 2650/148/2309
f 2643/139/2310 2642/137/2310 2657/146/2310 2658/147/2310
f 2636/140/2311 2635/138/2311 2650/148/2311 2651/149/2311
f 2644/141/2312 2643/139/2312 2658/147/2312 2659/150/2312
f 2637/142/2313 2636/140/2313 2651/149/2313 2652/151/2313
f 2645/143/2314 2644/141/2314 2659/150/2314 2660/152/2314
f 2657/146/2315 2656/161/2315 2671/167/2315 2672/169/2315
f 2650/148/2316 2649/162/2316 2664/168/2316 2665/170/2316
f 2658/147/2317 2657/146/2317 2672/169/2317 2673/171/2317
f 2651/149/2318 2650/148/2318 2665/170/2318 2666/172/2318
f 2659/150/2319 2658/147/2319 2673/171/2319 2674/173/2319
f 2652/151/2320 2651/149/2320 2666/172/2320 2667/174/2320
f 2660/152/2321 2659/150/2321 2674/173/2321 2675/175/2321
f 2653/153/2322 2652/151/2322 2667/174/2322 2668/176/2322
f 2646/155/2323 2615/177/2323 2661/178/2323
f 2841/179/2324 2660/152/2324 2675/175/2324
f 2654/157/2325 2653/153/2325 2668/176/2325 2669/163/2325
f 2647/158/2326 2646/155/2326 2661/178/2326 2662/165/2326
f 2655/159/2327 2654/157/2327 2669/163/2327 2670/164/2327
f 2648/160/2328 2647/158/2328 2662/165/2328 2663/166/2328
f 2656/161/2329 2655/159/2329 2670/164/2329 2671/167/2329
f 2649/162/2330 2648/160/2330 2663/166/2330 2664/168/2330
f 2661/178/2331 2615/186/2331 2676/187/2331
f 2841/188/2332 2675/175/2332 2690/184/2332
f 2669/163/2333 2668/176/2333 2683/185/2333 2684/189/2333
f 2662/165/2334 2661/178/2334 2676/187/2334 2677/190/2334
f 2670/164/2335 2669/163/2335 2684/189/2335 2685/191/2335
f 2663/166/2336 2662/165/2336 2677/190/2336 2678/192/2336
f 2671/167/2337 2670/164/2337 2685/191/2337 2686/193/2337
f 2664/168/2338 2663/166/2338 2678/192/2338 2679/194/2338
f 2672/169/2339 2671/167/2339 2686/193/2339 2687/195/2339
f 2665/170/2340 2664/168/2340 2679/194/2340 2680/196/2340
f 2673/171/2341 2672/169/2341 2687/195/2341 2688/180/2341
f 2666/172/2342 2665/170/2342 2680/196/2342 2681/182/2342
f 2674/173/2343 2673/171/2343 2688/180/2343 2689/181/2343
f 2667/174/2344 2666/172/2344 2681/182/2344 2682/183/2344
f 2675/175/2345 2674/173/2345 2689/181/2345 2690/184/2345
f 2668/176/2346 2667/174/2346 2682/183/2346 2683/185/2346
f 2680/196/2347 2679/194/2347 2694/201/2347 2695/203/2347
f 2688/180/2348 2687/195/2348 2702/202/2348 2703/204/2348
f 2681/182/2349 2680/196/2349 2695/203/2349 2696/205/2349
f 2689/181/2350 2688/180/2350 2703/204/2350 2704/206/2350
f 2682/183/2351 2681/182/2351 2696/205/2351 2697/207/2351
f 2690/184/2352 2689/181/2352 2704/206/2352 2705/208/2352
f 2683/185/2353 2682/183/2353 2697/207/2353 2698/209/2353
f 2676/187/2354 2615/210/2354 2691/211/2354
f 2841/212/2355 2690/184/2355 2705/208/2355
f 2684/189/2356 2683/185/2356 2698/209/2356 2699/213/2356
f 2677/190/2357 2676/187/2357 2691/211/2357 2692/197/2357
f 2685/191/2358 2684/189/2358 2699/213/2358 2700/199/2358
f 2678/192/2359 2677/190/2359 2692/197/2359 2693/198/2359
f 2686/193/2360 2685/191/2360 2700/199/2360 2701/200/2360
f 2679/194/2361 2678/192/2361 2693/198/2361 2694/201/2361
f 2687/195/2362 2686/193/2362 2701/200/2362 2702/202/2362
f 2699/213/2363 2698/209/2363 2713/218/2363 2714/222/2363
f 2692/197/2364 2691/211/2364 2706/220/2364 2707/223/2364
f 2700/199/2365 2699/213/2365 2714/222/2365 2715/224/2365
f 2693/198/2366 2692/197/2366 2707/223/2366 2708/225/2366
f 2701/200/2367 2700/199/2367 2715/224/2367 2716/226/2367
f 2694/201/2368 2693/198/2368 2708/225/2368 2709/227/2368
f 2702/202/2369 2701/200/2369 2716/226/2369 2717/4/2369
f 2695/203/2370 2694/201/2370 2709/227/2370 2710/228/2370
f 2703/204/2371 2702/202/2371 2717/4/2371 2718/229/2371
f 2696/205/2372 2695/203/2372 2710/228/2372 2711/214/2372
f 2704/206/2373 2703/204/2373 2718/229/2373 2719/216/2373
f 2697/207/2374 2696/205/2374 2711/214/2374 2712/215/2374
f 2705/208/2375 2704/206/2375 2719/216/2375 2720/217/2375
f 2698/209/2376 2697/207/2376 2712/215/2376 2713/218/2376
f 2691/211/2377 2615/219/2377 2706/220/2377
f 2841/221/2378 2705/208/2378 2720/217/2378
f 2718/229/2379 2717/4/2379 2732/234/2379 2733/236/2379
f 2711/214/2380 2710/228/2380 2725/235/2380 2726/237/2380
f 2719/216/2381 2718/229/2381 2733/236/2381 2734/238/2381
f 2712/215/2382 2711/214/2382 2726/237/2382 2727/239/2382
f 2720/217/2383 2719/216/2383 2734/238/2383 2735/240/2383
f 2713/218/2384 2712/215/2384 2727/239/2384 2728/241/2384
f 2706/220/2385 2615/242/2385 2721/243/2385
f 2841/244/2386 2720/217/2386 2735/240/2386
f 2714/222/2387 2713/218/2387 2728/241/2387 2729/245/2387
f 2707/223/2388 2706/220/2388 2721/243/2388 2722/246/2388
f 2715/224/2389 2714/222/2389 2729/245/2389 2730/230/2389
f 2708/225/2390 2707/223/2390 2722/246/2390 2723/232/2390
f 2716/226/2391 2715/224/2391 2730/230/2391 2731/231/2391
f 2709/227/2392 2708/225/2392 2723/232/2392 2724/233/2392
f 2717/4/2393 2716/226/2393 2731/231/2393 2732/234/2393
f 2710/228/2394 2709/227/2394 2724/233/2394 2725/235/2394
f 2730/230/2395 2729/245/2395 2744/254/2395 2745/256/2395
f 2723/232/2396 2722/246/2396 2737/255/2396 2738/257/2396
f 2731/231/2397 2730/230/2397 2745/256/2397 2746/258/2397
f 2724/233/2398 2723/232/2398 2738/257/2398 2739/259/2398
f 2732/234/2399 2731/231/2399 2746/258/2399 2747/260/2399
f 2725/235/2400 2724/233/2400 2739/259/2400 2740/261/2400
f 2733/236/2401 2732/234/2401 2747/260/2401 2748/262/2401
f 2726/237/2402 2725/235/2402 2740/261/2402 2741/263/2402
f 2734/238/2403 2733/236/2403 2748/262/2403 2749/247/2403
f 2727/239/2404 2726/237/2404 2741/263/2404 2742/249/2404
f 2735/240/2405 2734/238/2405 2749/247/2405 2750/248/2405
f 2728/241/2406 2727/239/2406 2742/249/2406 2743/250/2406
f 2721/243/2407 2615/251/2407 2736/252/2407
f 2841/253/2408 2735/240/2408 2750/248/2408
f 2729/245/2409 2728/241/2409 2743/250/2409 2744/254/2409
f 2722/246/2410 2721/243/2410 2736/252/2410 2737/255/2410
f 2749/247/2411 2748/262/2411 2763/269/2411 2764/271/2411
f 2742/249/2412 2741/263/2412 2756/270/2412 2757/272/2412
f 2750/248/2413 2749/247/2413 2764/271/2413 2765/273/2413
f 2743/250/2414 2742/249/2414 2757/272/2414 2758/274/2414
f 2736/252/2415 2615/275/2415 2751/276/2415
f 2841/277/2416 2750/248/2416 2765/273/2416
f 2744/254/2417 2743/250/2417 2758/274/2417 2759/278/2417
f 2737/255/2418 2736/252/2418 2751/276/2418 2752/279/2418
f 2745/256/2419 2744/254/2419 2759/278/2419 2760/280/2419
f 2738/257/2420 2737/255/2420 2752/279/2420 2753/264/2420
f 2746/258/2421 2745/256/2421 2760/280/2421 2761/266/2421
f 2739/259/2422 2738/257/2422 2753/264/2422 2754/265/2422
f 2747/260/2423 2746/258/2423 2761/266/2423 2762/267/2423
f 2740/261/2424 2739/259/2424 2754/265/2424 2755/268/2424
f 2748/262/2425 2747/260/2425 2762/267/2425 2763/269/2425
f 2741/263/2426 2740/261/2426 2755/268/2426 2756/270/2426
f 2753/264/2427 2752/279/2427 2767/288/2427 2768/290/2427
f 2761/266/2428 2760/280/2428 2775/289/2428 2776/291/2428
f 2754/265/2429 2753/264/2429 2768/290/2429 2769/292/2429
f 2762/267/2430 2761/266/2430 2776/291/2430 2777/293/2430
f 2755/268/2431 2754/265/2431 2769/292/2431 2770/294/2431
f 2763/269/2432 2762/267/2432 2777/293/2432 2778/295/2432
f 2756/270/2433 2755/268/2433 2770/294/2433 2771/296/2433
f 2764/271/2434 2763/269/2434 2778/295/2434 2779/297/2434
f 2757/272/2435 2756/270/2435 2771/296/2435 2772/281/2435
f 2765/273/2436 2764/271/2436 2779/297/2436 2780/286/2436
f 2758/274/2437 2757/272/2437 2772/281/2437 2773/282/2437
f 2751/276/2438 2615/283/2438 2766/284/2438
f 2841/285/2439 2765/273/2439 2780/286/2439
f 2759/278/2440 2758/274/2440 2773/282/2440 2774/287/2440
f 2752/279/2441 2751/276/2441 2766/284/2441 2767/288/2441
f 2760/280/2442 2759/278/2442 2774/287/2442 2775/289/2442
f 2772/281/2443 2771/296/2443 2786/303/2443 2787/305/2443
f 2780/286/2444 2779/297/2444 2794/304/2444 2795/306/2444
f 2773/282/2445 2772/281/2445 2787/305/2445 2788/307/2445
f 2766/284/2446 2615/308/2446 2781/309/2446
f 2841/310/2447 2780/286/2447 2795/306/2447
f 2774/287/2448 2773/282/2448 2788/307/2448 2789/311/2448
f 2767/288/2449 2766/284/2449 2781/309/2449 2782/312/2449
f 2775/289/2450 2774/287/2450 2789/311/2450 2790/313/2450
f 2768/290/2451 2767/288/2451 2782/312/2451 2783/314/2451
f 2776/291/2452 2775/289/2452 2790/313/2452 2791/298/2452
f 2769/292/2453 2768/290/2453 2783/314/2453 2784/300/2453
f 2777/293/2454 2776/291/2454 2791/298/2454 2792/299/2454
f 2770/294/2455 2769/292/2455 2784/300/2455 2785/301/2455
f 2778/295/2456 2777/293/2456 2792/299/2456 2793/302/2456
f 2771/296/2457 2770/294/2457 2785/301/2457 2786/303/2457
f 2779/297/2458 2778/295/2458 2793/302/2458 2794/304/2458
f 2791/298/2459 2790/313/2459 2805/321/2459 2806/323/2459
f 2784/300/2460 2783/314/2460 2798/322/2460 2799/324/2460
f 2792/299/2461 2791/298/2461 2806/323/2461 2807/325/2461
f 2785/301/2462 2784/300/2462 2799/324/2462 2800/326/2462
f 2793/302/2463 2792/299/2463 2807/325/2463 2808/327/2463
f 2786/303/2464 2785/301/2464 2800/326/2464 2801/328/2464
f 2794/304/2465 2793/302/2465 2808/327/2465 2809/329/2465
f 2787/305/2466 2786/303/2466 2801/328/2466 2802/330/2466
f 2795/306/2467 2794/304/2467 2809/329/2467 2810/316/2467
f 2788/307/2468 2787/305/2468 2802/330/2468 2803/317/2468
f 2781/309/2469 2615/331/2469 2796/319/2469
f 2841/315/2470 2795/306/2470 2810/316/2470
f 2789/311/2471 2788/307/2471 2803/317/2471 2804/318/2471
f 2782/312/2472 2781/309/2472 2796/319/2472 2797/320/2472
f 2790/313/2473 2789/311/2473 2804/318/2473 2805/321/2473
f 2783/314/2474 2782/312/2474 2797/320/2474 2798/322/2474
f 2810/316/2475 2809/329/2475 2824/336/2475 2825/338/2475
f 2803/317/2476 2802/330/2476 2817/337/2476 2818/339/2476
f 2796/319/2477 2615/340/2477 2811/341/2477
f 2841/342/2478 2810/316/2478 2825/338/2478
f 2804/318/2479 2803/317/2479 2818/339/2479 2819/343/2479
f 2797/320/2480 2796/319/2480 2811/341/2480 2812/344/2480
f 2805/321/2481 2804/318/2481 2819/343/2481 2820/345/2481
f 2798/322/2482 2797/320/2482 2812/344/2482 2813/346/2482
f 2806/323/2483 2805/321/2483 2820/345/2483 2821/347/2483
f 2799/324/2484 2798/322/2484 2813/346/2484 2814/348/2484
f 2807/325/2485 2806/323/2485 2821/347/2485 2822/332/2485
f 2800/326/2486 2799/324/2486 2814/348/2486 2815/334/2486
f 2808/327/2487 2807/325/2487 2822/332/2487 2823/333/2487
f 2801/328/2488 2800/326/2488 2815/334/2488 2816/335/2488
f 2809/329/2489 2808/327/2489 2823/333/2489 2824/336/2489
f 2802/330/2490 2801/328/2490 2816/335/2490 2817/337/2490
f 2814/348/2491 2813/346/2491 2828/353/2491 2829/355/2491
f 2822/332/2492 2821/347/2492 2836/354/2492 2837/356/2492
f 2815/334/2493 2814/348/2493 2829/355/2493 2830/357/2493
f 2823/333/2494 2822/332/2494 2837/356/2494 2838/358/2494
f 2816/335/2495 2815/334/2495 2830/357/2495 2831/359/2495
f 2824/336/2496 2823/333/2496 2838/358/2496 2839/360/2496
f 2817/337/2497 2816/335/2497 2831/359/2497 2832/361/2497
f 2825/338/2498 2824/336/2498 2839/360/2498 2840/362/2498
f 2818/339/2499 2817/337/2499 2832/361/2499 2833/363/2499
f 2811/341/2500 2615/364/2500 2826/349/2500
f 2841/365/2501 2825/338/2501 2840/362/2501
f 2819/343/2502 2818/339/2502 2833/363/2502 2834/351/2502
f 2812/344/2503 2811/341/2503 2826/349/2503 2827/350/2503
f 2820/345/2504 2819/343/2504 2834/351/2504 2835/352/2504
f 2813/346/2505 2812/344/2505 2827/350/2505 2828/353/2505
f 2821/347/2506 2820/345/2506 2835/352/2506 2836/354/2506
f 2833/363/2507 2832/361/2507 2848/370/2507 2849/372/2507
f 2826/349/2508 2615/373/2508 2842/374/2508
f 2841/375/2509 2840/362/2509 2856/371/2509
f 2834/351/2510 2833/363/2510 2849/372/2510 2850/376/2510
f 2827/350/2511 2826/349/2511 2842/374/2511 2843/377/2511
f 2835/352/2512 2834/351/2512 2850/376/2512 2851/378/2512
f 2828/353/2513 2827/350/2513 2843/377/2513 2844/379/2513
f 2836/354/2514 2835/352/2514 2851/378/2514 2852/380/2514
f 2829/355/2515 2828/353/2515 2844/379/2515 2845/381/2515
f 2837/356/2516 2836/354/2516 2852/380/2516 2853/382/2516
f 2830/357/2517 2829/355/2517 2845/381/2517 2846/366/2517
f 2838/358/2518 2837/356/2518 2853/382/2518 2854/368/2518
f 2831/359/2519 2830/357/2519 2846/366/2519 2847/367/2519
f 2839/360/2520 2838/358/2520 2854/368/2520 2855/369/2520
f 2832/361/2521 2831/359/2521 2847/367/2521 2848/370/2521
f 2840/362/2522 2839/360/2522 2855/369/2522 2856/371/2522
f 2853/382/2523 2852/380/2523 2867/387/2523 2868/389/2523
f 2846/366/2524 2845/381/2524 2860/388/2524 2861/390/2524
f 2854/368/2525 2853/382/2525 2868/389/2525 2869/391/2525
f 2847/367/2526 2846/366/2526 2861/390/2526 2862/392/2526
f 2855/369/2527 2854/368/2527 2869/391/2527 2870/393/2527
f 2848/370/2528 2847/367/2528 2862/392/2528 2863/394/2528
f 2856/371/2529 2855/369/2529 2870/393/2529 2871/395/2529
f 2849/372/2530 2848/370/2530 2863/394/2530 2864/396/2530
f 2842/374/2531 2615/397/2531 2857/398/2531
f 2841/399/2532 2856/371/2532 2871/395/2532
f 2850/376/2533 2849/372/2533 2864/396/2533 2865/383/2533
f 2843/377/2534 2842/374/2534 2857/398/2534 2858/385/2534
f 2851/378/2535 2850/376/2535 2865/383/2535 2866/384/2535
f 2844/379/2536 2843/377/2536 2858/385/2536 2859/386/2536
f 2852/380/2537 2851/378/2537 2866/384/2537 2867/387/2537
f 2845/381/2538 2844/379/2538 2859/386/2538 2860/388/2538
f 2841/408/2539 2871/395/2539 2886/404/2539
f 2865/383/2540 2864/396/2540 2879/405/2540 2880/409/2540
f 2858/385/2541 2857/398/2541 2872/407/2541 2873/410/2541
f 2866/384/2542 2865/383/2542 2880/409/2542 2881/411/2542
f 2859/386/2543 2858/385/2543 2873/410/2543 2874/412/2543
f 2867/387/2544 2866/384/2544 2881/411/2544 2882/413/2544
f 2860/388/2545 2859/386/2545 2874/412/2545 2875/414/2545
f 2868/389/2546 2867/387/2546 2882/413/2546 2883/415/2546
f 2861/390/2547 2860/388/2547 2875/414/2547 2876/416/2547
f 2869/391/2548 2868/389/2548 2883/415/2548 2884/400/2548
f 2862/392/2549 2861/390/2549 2876/416/2549 2877/402/2549
f 2870/393/2550 2869/391/2550 2884/400/2550 2885/401/2550
f 2863/394/2551 2862/392/2551 2877/402/2551 2878/403/2551
f 2871/395/2552 2870/393/2552 2885/401/2552 2886/404/2552
f 2864/396/2553 2863/394/2553 2878/403/2553 2879/405/2553
f 2857/398/2554 2615/406/2554 2872/407/2554
f 2884/400/2555 2883/415/2555 2898/422/2555 2899/424/2555
f 2877/402/2556 2876/416/2556 2891/423/2556 2892/425/2556
f 2885/401/2557 2884/400/2557 2899/424/2557 2900/426/2557
f 2878/403/2558 2877/402/2558 2892/425/2558 2893/427/2558
f 2886/404/2559 2885/401/2559 2900/426/2559 2901/428/2559
f 2879/405/2560 2878/403/2560 2893/427/2560 2894/429/2560
f 2872/407/2561 2615/430/2561 2887/431/2561
f 2841/432/2562 2886/404/2562 2901/428/2562
f 2880/409/2563 2879/405/2563 2894/429/2563 2895/433/2563
f 2873/410/2564 2872/407/2564 2887/431/2564 2888/417/2564
f 2881/411/2565 2880/409/2565 2895/433/2565 2896/419/2565
f 2874/412/2566 2873/410/2566 2888/417/2566 2889/418/2566
f 2882/413/2567 2881/411/2567 2896/419/2567 2897/420/2567
f 2875/414/2568 2874/412/2568 2889/418/2568 2890/421/2568
f 2883/415/2569 2882/413/2569 2897/420/2569 2898/422/2569
f 2876/416/2570 2875/414/2570 2890/421/2570 2891/423/2570
f 2888/450/2571 2887/444/2571 2902/446/2571 2903/451/2571
f 2896/452/2572 2895/448/2572 2910/449/2572 2911/453/2572
f 2889/454/2573 2888/450/2573 2903/451/2573 2904/455/2573
f 2897/456/2574 2896/452/2574 2911/453/2574 2912/457/2574
f 2890/458/2575 2889/454/2575 2904/455/2575 2905/459/2575
f 2898/460/2576 2897/456/2576 2912/457/2576 2913/461/2576
f 2891/462/2577 2890/458/2577 2905/459/2577 2906/463/2577
f 2899/464/2578 2898/460/2578 2913/461/2578 2914/465/2578
f 2892/435/2579 2891/462/2579 2906/463/2579 2907/436/2579
f 2900/439/2580 2899/464/2580 2914/465/2580 2915/440/2580
f 2893/434/2581 2892/435/2581 2907/436/2581 2908/437/2581
f 2901/438/2582 2900/439/2582 2915/440/2582 2916/441/2582
f 2894/442/2583 2893/434/2583 2908/437/2583 2909/443/2583
f 2887/444/2584 2615/445/2584 2902/446/2584
f 2841/447/2585 2901/438/2585 2916/441/2585
f 2895/448/2586 2894/442/2586 2909/443/2586 2910/449/2586
f 2907/436/2587 2906/463/2587 2921/471/2587 2922/473/2587
f 2915/440/2588 2914/465/2588 2929/472/2588 2930/474/2588
f 2908/437/2589 2907/436/2589 2922/473/2589 2923/475/2589
f 2916/441/2590 2915/440/2590 2930/474/2590 2931/476/2590
f 2909/443/2591 2908/437/2591 2923/475/2591 2924/477/2591
f 2902/446/2592 2615/478/2592 2917/479/2592
f 2841/480/2593 2916/441/2593 2931/476/2593
f 2910/449/2594 2909/443/2594 2924/477/2594 2925/481/2594
f 2903/451/2595 2902/446/2595 2917/479/2595 2918/482/2595
f 2911/453/2596 2910/449/2596 2925/481/2596 2926/466/2596
f 2904/455/2597 2903/451/2597 2918/482/2597 2919/468/2597
f 2912/457/2598 2911/453/2598 2926/466/2598 2927/467/2598
f 2905/459/2599 2904/455/2599 2919/468/2599 2920/469/2599
f 2913/461/2600 2912/457/2600 2927/467/2600 2928/470/2600
f 2906/463/2601 2905/459/2601 2920/469/2601 2921/471/2601
f 2914/465/2602 2913/461/2602 2928/470/2602 2929/472/2602
f 2926/466/2603 2925/481/2603 2940/490/2603 2941/492/2603
f 2919/468/2604 2918/482/2604 2933/491/2604 2934/493/2604
f 2927/467/2605 2926/466/2605 2941/492/2605 2942/494/2605
f 2920/469/2606 2919/468/2606 2934/493/2606 2935/495/2606
f 2928/470/2607 2927/467/2607 2942/494/2607 2943/496/2607
f 2921/471/2608 2920/469/2608 2935/495/2608 2936/497/2608
f 2929/472/2609 2928/470/2609 2943/496/2609 2944/498/2609
f 2922/473/2610 2921/471/2610 2936/497/2610 2937/499/2610
f 2930/474/2611 2929/472/2611 2944/498/2611 2945/483/2611
f 2923/475/2612 2922/473/2612 2937/499/2612 2938/485/2612
f 2931/476/2613 2930/474/2613 2945/483/2613 2946/484/2613
f 2924/477/2614 2923/475/2614 2938/485/2614 2939/486/2614
f 2917/479/2615 2615/487/2615 2932/488/2615
f 2841/489/2616 2931/476/2616 2946/484/2616
f 2925/481/2617 2924/477/2617 2939/486/2617 2940/490/2617
f 2918/482/2618 2917/479/2618 2932/488/2618 2933/491/2618
f 2945/483/2619 2944/498/2619 2959/504/2619 2960/506/2619
f 2938/485/2620 2937/499/2620 2952/505/2620 2953/507/2620
f 2946/484/2621 2945/483/2621 2960/506/2621 2961/508/2621
f 2939/486/2622 2938/485/2622 2953/507/2622 2954/509/2622
f 2932/488/2623 2615/510/2623 2947/511/2623
f 2841/512/2624 2946/484/2624 2961/508/2624
f 2940/490/2625 2939/486/2625 2954/509/2625 2955/513/2625
f 2933/491/2626 2932/488/2626 2947/511/2626 2948/514/2626
f 2941/492/2627 2940/490/2627 2955/513/2627 2956/515/2627
f 2934/493/2628 2933/491/2628 2948/514/2628 2949/516/2628
f 2942/494/2629 2941/492/2629 2956/515/2629 2957/500/2629
f 2935/495/2630 2934/493/2630 2949/516/2630 2950/502/2630
f 2943/496/2631 2942/494/2631 2957/500/2631 2958/501/2631
f 2936/497/2632 2935/495/2632 2950/502/2632 2951/503/2632
f 2944/498/2633 2943/496/2633 2958/501/2633 2959/504/2633
f 2937/499/2634 2936/497/2634 2951/503/2634 2952/505/2634
f 2949/516/2635 2948/514/2635 2963/523/2635 2964/525/2635
f 2957/500/2636 2956/515/2636 2971/524/2636 2972/526/2636
f 2950/502/2637 2949/516/2637 2964/525/2637 2965/527/2637
f 2958/501/2638 2957/500/2638 2972/526/2638 2973/528/2638
f 2951/503/2639 2950/502/2639 2965/527/2639 2966/529/2639
f 2959/504/2640 2958/501/2640 2973/528/2640 2974/530/2640
f 2952/505/2641 2951/503/2641 2966/529/2641 2967/531/2641
f 2960/506/2642 2959/504/2642 2974/530/2642 2975/532/2642
f 2953/507/2643 2952/505/2643 2967/531/2643 2968/533/2643
f 2961/508/2644 2960/506/2644 2975/532/2644 2976/520/2644
f 2954/509/2645 2953/507/2645 2968/533/2645 2969/521/2645
f 2947/511/2646 2615/517/2646 2962/518/2646
f 2841/519/2647 2961/508/2647 2976/520/2647
f 2955/513/2648 2954/509/2648 2969/521/2648 2970/522/2648
f 2948/514/2649 2947/511/2649 2962/518/2649 2963/523/2649
f 2956/515/2650 2955/513/2650 2970/522/2650 2971/524/2650
f 2968/533/2651 2967/531/2651 2982/538/2651 2983/540/2651
f 2976/520/2652 2975/532/2652 2990/539/2652 2991/541/2652
f 2969/521/2653 2968/533/2653 2983/540/2653 2984/542/2653
f 2962/518/2654 2615/543/2654 2977/544/2654
f 2841/545/2655 2976/520/2655 2991/541/2655
f 2970/522/2656 2969/521/2656 2984/542/2656 2985/546/2656
f 2963/523/2657 2962/518/2657 2977/544/2657 2978/547/2657
f 2971/524/2658 2970/522/2658 2985/546/2658 2986/548/2658
f 2964/525/2659 2963/523/2659 2978/547/2659 2979/549/2659
f 2972/526/2660 2971/524/2660 2986/548/2660 2987/550/2660
f 2965/527/2661 2964/525/2661 2979/549/2661 2980/534/2661
f 2973/528/2662 2972/526/2662 2987/550/2662 2988/536/2662
f 2966/529/2663 2965/527/2663 2980/534/2663 2981/535/2663
f 2974/530/2664 2973/528/2664 2988/536/2664 2989/537/2664
f 2967/531/2665 2966/529/2665 2981/535/2665 2982/538/2665
f 2975/532/2666 2974/530/2666 2989/537/2666 2990/539/2666
f 2987/550/2667 2986/548/2667 3001/555/2667 3002/557/2667
f 2980/534/2668 2979/549/2668 2994/556/2668 2995/558/2668
f 2988/536/2669 2987/550/2669 3002/557/2669 3003/559/2669
f 2981/535/2670 2980/534/2670 2995/558/2670 2996/560/2670
f 2989/537/2671 2988/536/2671 3003/559/2671 3004/561/2671
f 2982/538/2672 2981/535/2672 2996/560/2672 2997/562/2672
f 2990/539/2673 2989/537/2673 3004/561/2673 3005/563/2673
f 2983/540/2674 2982/538/2674 2997/562/2674 2998/564/2674
f 2991/541/2675 2990/539/2675 3005/563/2675 3006/565/2675
f 2984/542/2676 2983/540/2676 2998/564/2676 2999/551/2676
f 2977/544/2677 2615/566/2677 2992/553/2677
f 2841/567/2678 2991/541/2678 3006/565/2678
f 2985/546/2679 2984/542/2679 2999/551/2679 3000/552/2679
f 2978/547/2680 2977/544/2680 2992/553/2680 2993/554/2680
f 2986/548/2681 2985/546/2681 3000/552/2681 3001/555/2681
f 2979/549/2682 2978/547/2682 2993/554/2682 2994/556/2682
f 3006/565/2683 3005/563/2683 3014/25/2683 3015/29/2683
f 2999/551/2684 2998/564/2684 2536/27/2684 2537/31/2684
f 2992/553/2685 2615/568/2685 3007/33/2685
f 2841/569/2686 3006/565/2686 3015/29/2686
f 3000/552/2687 2999/551/2687 2537/31/2687 2538/37/2687
f 2993/554/2688 2992/553/2688 3007/33/2688 3008/39/2688
f 3001/555/2689 3000/552/2689 2538/37/2689 3011/41/2689
f 2994/556/2690 2993/554/2690 3008/39/2690 2534/43/2690
f 3002/557/2691 3001/555/2691 3011/41/2691 2539/45/2691
f 2995/558/2692 2994/556/2692 2534/43/2692 3009/16/2692
f 3003/559/2693 3002/557/2693 2539/45/2693 3012/20/2693
f 2996/560/2694 2995/558/2694 3009/16/2694 2535/15/2694
f 3004/561/2695 3003/559/2695 3012/20/2695 3013/19/2695
f 2997/562/2696 2996/560/2696 2535/15/2696 3010/23/2696
f 3005/563/2697 3004/561/2697 3013/19/2697 3014/25/2697
f 2998/564/2698 2997/562/2698 3010/23/2698 2536/27/2698
f 3497/29/2699 3496/25/2699 3035/26/2699 3036/30/2699
f 3019/31/2700 3018/27/2700 3028/28/2700 3029/32/2700
f 3489/33/2701 3097/34/2701 3022/35/2701
f 3323/36/2702 3497/29/2702 3036/30/2702
f 3020/37/2703 3019/31/2703 3029/32/2703 3030/38/2703
f 3490/39/2704 3489/33/2704 3022/35/2704 3023/40/2704
f 3493/41/2705 3020/37/2705 3030/38/2705 3031/42/2705
f 3016/43/2706 3490/39/2706 3023/40/2706 3024/44/2706
f 3021/45/2707 3493/41/2707 3031/42/2707 3032/46/2707
f 3491/16/2708 3016/43/2708 3024/44/2708 3025/17/2708
f 3494/20/2709 3021/45/2709 3032/46/2709 3033/21/2709
f 3017/15/2710 3491/16/2710 3025/17/2710 3026/18/2710
f 3495/19/2711 3494/20/2711 3033/21/2711 3034/22/2711
f 3492/23/2712 3017/15/2712 3026/18/2712 3027/24/2712
f 3496/25/2713 3495/19/2713 3034/22/2713 3035/26/2713
f 3018/27/2714 3492/23/2714 3027/24/2714 3028/28/2714
f 3027/24/2715 3026/18/2715 3041/51/2715 3042/53/2715
f 3035/26/2716 3034/22/2716 3049/52/2716 3050/54/2716
f 3028/28/2717 3027/24/2717 3042/53/2717 3043/55/2717
f 3036/30/2718 3035/26/2718 3050/54/2718 3051/56/2718
f 3029/32/2719 3028/28/2719 3043/55/2719 3044/57/2719
f 3022/35/2720 3097/58/2720 3037/59/2720
f 3323/60/2721 3036/30/2721 3051/56/2721
f 3030/38/2722 3029/32/2722 3044/57/2722 3045/61/2722
f 3023/40/2723 3022/35/2723 3037/59/2723 3038/62/2723
f 3031/42/2724 3030/38/2724 3045/61/2724 3046/63/2724
f 3024/44/2725 3023/40/2725 3038/62/2725 3039/47/2725
f 3032/46/2726 3031/42/2726 3046/63/2726 3047/49/2726
f 3025/17/2727 3024/44/2727 3039/47/2727 3040/48/2727
f 3033/21/2728 3032/46/2728 3047/49/2728 3048/50/2728
f 3026/18/2729 3025/17/2729 3040/48/2729 3041/51/2729
f 3034/22/2730 3033/21/2730 3048/50/2730 3049/52/2730
f 3046/63/2731 3045/61/2731 3060/70/2731 3061/72/2731
f 3039/47/2732 3038/62/2732 3053/71/2732 3054/73/2732
f 3047/49/2733 3046/63/2733 3061/72/2733 3062/74/2733
f 3040/48/2734 3039/47/2734 3054/73/2734 3055/75/2734
f 3048/50/2735 3047/49/2735 3062/74/2735 3063/76/2735
f 3041/51/2736 3040/48/2736 3055/75/2736 3056/77/2736
f 3049/52/2737 3048/50/2737 3063/76/2737 3064/78/2737
f 3042/53/2738 3041/51/2738 3056/77/2738 3057/79/2738
f 3050/54/2739 3049/52/2739 3064/78/2739 3065/80/2739
f 3043/55/2740 3042/53/2740 3057/79/2740 3058/64/2740
f 3051/56/2741 3050/54/2741 3065/80/2741 3066/69/2741
f 3044/57/2742 3043/55/2742 3058/64/2742 3059/65/2742
f 3037/59/2743 3097/66/2743 3052/67/2743
f 3323/68/2744 3051/56/2744 3066/69/2744
f 3045/61/2745 3044/57/2745 3059/65/2745 3060/70/2745
f 3038/62/2746 3037/59/2746 3052/67/2746 3053/71/2746
f 3065/80/2747 3064/78/2747 3079/83/2747 3080/85/2747
f 3058/64/2748 3057/79/2748 3072/84/2748 3073/86/2748
f 3066/69/2749 3065/80/2749 3080/85/2749 3081/87/2749
f 3059/65/2750 3058/64/2750 3073/86/2750 3074/5/2750
f 3052/67/2751 3097/88/2751 3067/89/2751
f 3323/90/2752 3066/69/2752 3081/87/2752
f 3060/70/2753 3059/65/2753 3074/5/2753 3075/91/2753
f 3053/71/2754 3052/67/2754 3067/89/2754 3068/92/2754
f 3061/72/2755 3060/70/2755 3075/91/2755 3076/93/2755
f 3054/73/2756 3053/71/2756 3068/92/2756 3069/94/2756
f 3062/74/2757 3061/72/2757 3076/93/2757 3077/81/2757
f 3055/75/2758 3054/73/2758 3069/94/2758 3070/7/2758
f 3063/76/2759 3062/74/2759 3077/81/2759 3078/3/2759
f 3056/77/2760 3055/75/2760 3070/7/2760 3071/82/2760
f 3064/78/2761 3063/76/2761 3078/3/2761 3079/83/2761
f 3057/79/2762 3056/77/2762 3071/82/2762 3072/84/2762
f 3077/81/2763 3076/93/2763 3091/102/2763 3092/104/2763
f 3070/7/2764 3069/94/2764 3084/103/2764 3085/105/2764
f 3078/3/2765 3077/81/2765 3092/104/2765 3093/106/2765
f 3071/82/2766 3070/7/2766 3085/105/2766 3086/107/2766
f 3079/83/2767 3078/3/2767 3093/106/2767 3094/108/2767
f 3072/84/2768 3071/82/2768 3086/107/2768 3087/109/2768
f 3080/85/2769 3079/83/2769 3094/108/2769 3095/110/2769
f 3073/86/2770 3072/84/2770 3087/109/2770 3088/111/2770
f 3081/87/2771 3080/85/2771 3095/110/2771 3096/98/2771
f 3074/5/2772 3073/86/2772 3088/111/2772 3089/99/2772
f 3067/89/2773 3097/95/2773 3082/96/2773
f 3323/97/2774 3081/87/2774 3096/98/2774
f 3075/91/2775 3074/5/2775 3089/99/2775 3090/100/2775
f 3068/92/2776 3067/89/2776 3082/96/2776 3083/101/2776
f 3076/93/2777 3075/91/2777 3090/100/2777 3091/102/2777
f 3069/94/2778 3068/92/2778 3083/101/2778 3084/103/2778
f 3096/98/2779 3095/110/2779 3111/117/2779 3112/119/2779
f 3089/99/2780 3088/111/2780 3104/118/2780 3105/120/2780
f 3082/96/2781 3097/121/2781 3098/122/2781
f 3323/123/2782 3096/98/2782 3112/119/2782
f 3090/100/2783 3089/99/2783 3105/120/2783 3106/124/2783
f 3083/101/2784 3082/96/2784 3098/122/2784 3099/125/2784
f 3091/102/2785 3090/100/2785 3106/124/2785 3107/126/2785
f 3084/103/2786 3083/101/2786 3099/125/2786 3100/127/2786
f 3092/104/2787 3091/102/2787 3107/126/2787 3108/128/2787
f 3085/105/2788 3084/103/2788 3100/127/2788 3101/112/2788
f 3093/106/2789 3092/104/2789 3108/128/2789 3109/114/2789
f 3086/107/2790 3085/105/2790 3101/112/2790 3102/113/2790
f 3094/108/2791 3093/106/2791 3109/114/2791 3110/115/2791
f 3087/109/2792 3086/107/2792 3102/113/2792 3103/116/2792
f 3095/110/2793 3094/108/2793 3110/115/2793 3111/117/2793
f 3088/111/2794 3087/109/2794 3103/116/2794 3104/118/2794
f 3101/112/2795 3100/127/2795 3115/134/2795 3116/136/2795
f 3109/114/2796 3108/128/2796 3123/135/2796 3124/137/2796
f 3102/113/2797 3101/112/2797 3116/136/2797 3117/138/2797
f 3110/115/2798 3109/114/2798 3124/137/2798 3125/139/2798
f 3103/116/2799 3102/113/2799 3117/138/2799 3118/140/2799
f 3111/117/2800 3110/115/2800 3125/139/2800 3126/141/2800
f 3104/118/2801 3103/116/2801 3118/140/2801 3119/142/2801
f 3112/119/2802 3111/117/2802 3126/141/2802 3127/143/2802
f 3105/120/2803 3104/118/2803 3119/142/2803 3120/129/2803
f 3098/122/2804 3097/144/2804 3113/131/2804
f 3323/145/2805 3112/119/2805 3127/143/2805
f 3106/124/2806 3105/120/2806 3120/129/2806 3121/130/2806
f 3099/125/2807 3098/122/2807 3113/131/2807 3114/132/2807
f 3107/126/2808 3106/124/2808 3121/130/2808 3122/133/2808
f 3100/127/2809 3099/125/2809 3114/132/2809 3115/134/2809
f 3108/128/2810 3107/126/2810 3122/133/2810 3123/135/2810
f 3120/129/2811 3119/142/2811 3134/151/2811 3135/153/2811
f 3113/131/2812 3097/154/2812 3128/155/2812
f 3323/156/2813 3127/143/2813 3142/152/2813
f 3121/130/2814 3120/129/2814 3135/153/2814 3136/157/2814
f 3114/132/2815 3113/131/2815 3128/155/2815 3129/158/2815
f 3122/133/2816 3121/130/2816 3136/157/2816 3137/159/2816
f 3115/134/2817 3114/132/2817 3129/158/2817 3130/160/2817
f 3123/135/2818 3122/133/2818 3137/159/2818 3138/161/2818
f 3116/136/2819 3115/134/2819 3130/160/2819 3131/162/2819
f 3124/137/2820 3123/135/2820 3138/161/2820 3139/146/2820
f 3117/138/2821 3116/136/2821 3131/162/2821 3132/148/2821
f 3125/139/2822 3124/137/2822 3139/146/2822 3140/147/2822
f 3118/140/2823 3117/138/2823 3132/148/2823 3133/149/2823
f 3126/141/2824 3125/139/2824 3140/147/2824 3141/150/2824
f 3119/142/2825 3118/140/2825 3133/149/2825 3134/151/2825
f 3127/143/2826 3126/141/2826 3141/150/2826 3142/152/2826
f 3139/146/2827 3138/161/2827 3153/167/2827 3154/169/2827
f 3132/148/2828 3131/162/2828 3146/168/2828 3147/170/2828
f 3140/147/2829 3139/146/2829 3154/169/2829 3155/171/2829
f 3133/149/2830 3132/148/2830 3147/170/2830 3148/172/2830
f 3141/150/2831 3140/147/2831 3155/171/2831 3156/173/2831
f 3134/151/2832 3133/149/2832 3148/172/2832 3149/174/2832
f 3142/152/2833 3141/150/2833 3156/173/2833 3157/175/2833
f 3135/153/2834 3134/151/2834 3149/174/2834 3150/176/2834
f 3128/155/2835 3097/177/2835 3143/178/2835
f 3323/179/2836 3142/152/2836 3157/175/2836
f 3136/157/2837 3135/153/2837 3150/176/2837 3151/163/2837
f 3129/158/2838 3128/155/2838 3143/178/2838 3144/165/2838
f 3137/159/2839 3136/157/2839 3151/163/2839 3152/164/2839
f 3130/160/2840 3129/158/2840 3144/165/2840 3145/166/2840
f 3138/161/2841 3137/159/2841 3152/164/2841 3153/167/2841
f 3131/162/2842 3130/160/2842 3145/166/2842 3146/168/2842
f 3143/178/2843 3097/186/2843 3158/187/2843
f 3323/188/2844 3157/175/2844 3172/184/2844
f 3151/163/2845 3150/176/2845 3165/185/2845 3166/189/2845
f 3144/165/2846 3143/178/2846 3158/187/2846 3159/190/2846
f 3152/164/2847 3151/163/2847 3166/189/2847 3167/191/2847
f 3145/166/2848 3144/165/2848 3159/190/2848 3160/192/2848
f 3153/167/2849 3152/164/2849 3167/191/2849 3168/193/2849
f 3146/168/2850 3145/166/2850 3160/192/2850 3161/194/2850
f 3154/169/2851 3153/167/2851 3168/193/2851 3169/195/2851
f 3147/170/2852 3146/168/2852 3161/194/2852 3162/196/2852
f 3155/171/2853 3154/169/2853 3169/195/2853 3170/180/2853
f 3148/172/2854 3147/170/2854 3162/196/2854 3163/182/2854
f 3156/173/2855 3155/171/2855 3170/180/2855 3171/181/2855
f 3149/174/2856 3148/172/2856 3163/182/2856 3164/183/2856
f 3157/175/2857 3156/173/2857 3171/181/2857 3172/184/2857
f 3150/176/2858 3149/174/2858 3164/183/2858 3165/185/2858
f 3162/196/2859 3161/194/2859 3176/201/2859 3177/203/2859
f 3170/180/2860 3169/195/2860 3184/202/2860 3185/204/2860
f 3163/182/2861 3162/196/2861 3177/203/2861 3178/205/2861
f 3171/181/2862 3170/180/2862 3185/204/2862 3186/206/2862
f 3164/183/2863 3163/182/2863 3178/205/2863 3179/207/2863
f 3172/184/2864 3171/181/2864 3186/206/2864 3187/208/2864
f 3165/185/2865 3164/183/2865 3179/207/2865 3180/209/2865
f 3158/187/2866 3097/210/2866 3173/211/2866
f 3323/212/2867 3172/184/2867 3187/208/2867
f 3166/189/2868 3165/185/2868 3180/209/2868 3181/213/2868
f 3159/190/2869 3158/187/2869 3173/211/2869 3174/197/2869
f 3167/191/2870 3166/189/2870 3181/213/2870 3182/199/2870
f 3160/192/2871 3159/190/2871 3174/197/2871 3175/198/2871
f 3168/193/2872 3167/191/2872 3182/199/2872 3183/200/2872
f 3161/194/2873 3160/192/2873 3175/198/2873 3176/201/2873
f 3169/195/2874 3168/193/2874 3183/200/2874 3184/202/2874
f 3181/213/2875 3180/209/2875 3195/218/2875 3196/222/2875
f 3174/197/2876 3173/211/2876 3188/220/2876 3189/223/2876
f 3182/199/2877 3181/213/2877 3196/222/2877 3197/224/2877
f 3175/198/2878 3174/197/2878 3189/223/2878 3190/225/2878
f 3183/200/2879 3182/199/2879 3197/224/2879 3198/226/2879
f 3176/201/2880 3175/198/2880 3190/225/2880 3191/227/2880
f 3184/202/2881 3183/200/2881 3198/226/2881 3199/4/2881
f 3177/203/2882 3176/201/2882 3191/227/2882 3192/228/2882
f 3185/204/2883 3184/202/2883 3199/4/2883 3200/229/2883
f 3178/205/2884 3177/203/2884 3192/228/2884 3193/214/2884
f 3186/206/2885 3185/204/2885 3200/229/2885 3201/216/2885
f 3179/207/2886 3178/205/2886 3193/214/2886 3194/215/2886
f 3187/208/2887 3186/206/2887 3201/216/2887 3202/217/2887
f 3180/209/2888 3179/207/2888 3194/215/2888 3195/218/2888
f 3173/211/2889 3097/219/2889 3188/220/2889
f 3323/221/2890 3187/208/2890 3202/217/2890
f 3200/229/2891 3199/4/2891 3214/234/2891 3215/236/2891
f 3193/214/2892 3192/228/2892 3207/235/2892 3208/237/2892
f 3201/216/2893 3200/229/2893 3215/236/2893 3216/238/2893
f 3194/215/2894 3193/214/2894 3208/237/2894 3209/239/2894
f 3202/217/2895 3201/216/2895 3216/238/2895 3217/240/2895
f 3195/218/2896 3194/215/2896 3209/239/2896 3210/241/2896
f 3188/220/2897 3097/242/2897 3203/243/2897
f 3323/244/2898 3202/217/2898 3217/240/2898
f 3196/222/2899 3195/218/2899 3210/241/2899 3211/245/2899
f 3189/223/2900 3188/220/2900 3203/243/2900 3204/246/2900
f 3197/224/2901 3196/222/2901 3211/245/2901 3212/230/2901
f 3190/225/2902 3189/223/2902 3204/246/2902 3205/232/2902
f 3198/226/2903 3197/224/2903 3212/230/2903 3213/231/2903
f 3191/227/2904 3190/225/2904 3205/232/2904 3206/233/2904
f 3199/4/2905 3198/226/2905 3213/231/2905 3214/234/2905
f 3192/228/2906 3191/227/2906 3206/233/2906 3207/235/2906
f 3212/230/2907 3211/245/2907 3226/254/2907 3227/256/2907
f 3205/232/2908 3204/246/2908 3219/255/2908 3220/257/2908
f 3213/231/2909 3212/230/2909 3227/256/2909 3228/258/2909
f 3206/233/2910 3205/232/2910 3220/257/2910 3221/259/2910
f 3214/234/2911 3213/231/2911 3228/258/2911 3229/260/2911
f 3207/235/2912 3206/233/2912 3221/259/2912 3222/261/2912
f 3215/236/2913 3214/234/2913 3229/260/2913 3230/262/2913
f 3208/237/2914 3207/235/2914 3222/261/2914 3223/263/2914
f 3216/238/2915 3215/236/2915 3230/262/2915 3231/247/2915
f 3209/239/2916 3208/237/2916 3223/263/2916 3224/249/2916
f 3217/240/2917 3216/238/2917 3231/247/2917 3232/248/2917
f 3210/241/2918 3209/239/2918 3224/249/2918 3225/250/2918
f 3203/243/2919 3097/251/2919 3218/252/2919
f 3323/253/2920 3217/240/2920 3232/248/2920
f 3211/245/2921 3210/241/2921 3225/250/2921 3226/254/2921
f 3204/246/2922 3203/243/2922 3218/252/2922 3219/255/2922
f 3231/247/2923 3230/262/2923 3245/269/2923 3246/271/2923
f 3224/249/2924 3223/263/2924 3238/270/2924 3239/272/2924
f 3232/248/2925 3231/247/2925 3246/271/2925 3247/273/2925
f 3225/250/2926 3224/249/2926 3239/272/2926 3240/274/2926
f 3218/252/2927 3097/275/2927 3233/276/2927
f 3323/277/2928 3232/248/2928 3247/273/2928
f 3226/254/2929 3225/250/2929 3240/274/2929 3241/278/2929
f 3219/255/2930 3218/252/2930 3233/276/2930 3234/279/2930
f 3227/256/2931 3226/254/2931 3241/278/2931 3242/280/2931
f 3220/257/2932 3219/255/2932 3234/279/2932 3235/264/2932
f 3228/258/2933 3227/256/2933 3242/280/2933 3243/266/2933
f 3221/259/2934 3220/257/2934 3235/264/2934 3236/265/2934
f 3229/260/2935 3228/258/2935 3243/266/2935 3244/267/2935
f 3222/261/2936 3221/259/2936 3236/265/2936 3237/268/2936
f 3230/262/2937 3229/260/2937 3244/267/2937 3245/269/2937
f 3223/263/2938 3222/261/2938 3237/268/2938 3238/270/2938
f 3235/264/2939 3234/279/2939 3249/288/2939 3250/290/2939
f 3243/266/2940 3242/280/2940 3257/289/2940 3258/291/2940
f 3236/265/2941 3235/264/2941 3250/290/2941 3251/292/2941
f 3244/267/2942 3243/266/2942 3258/291/2942 3259/293/2942
f 3237/268/2943 3236/265/2943 3251/292/2943 3252/294/2943
f 3245/269/2944 3244/267/2944 3259/293/2944 3260/295/2944
f 3238/270/2945 3237/268/2945 3252/294/2945 3253/296/2945
f 3246/271/2946 3245/269/2946 3260/295/2946 3261/297/2946
f 3239/272/2947 3238/270/2947 3253/296/2947 3254/281/2947
f 3247/273/2948 3246/271/2948 3261/297/2948 3262/286/2948
f 3240/274/2949 3239/272/2949 3254/281/2949 3255/282/2949
f 3233/276/2950 3097/283/2950 3248/284/2950
f 3323/285/2951 3247/273/2951 3262/286/2951
f 3241/278/2952 3240/274/2952 3255/282/2952 3256/287/2952
f 3234/279/2953 3233/276/2953 3248/284/2953 3249/288/2953
f 3242/280/2954 3241/278/2954 3256/287/2954 3257/289/2954
f 3254/281/2955 3253/296/2955 3268/303/2955 3269/305/2955
f 3262/286/2956 3261/297/2956 3276/304/2956 3277/306/2956
f 3255/282/2957 3254/281/2957 3269/305/2957 3270/307/2957
f 3248/284/2958 3097/308/2958 3263/309/2958
f 3323/310/2959 3262/286/2959 3277/306/2959
f 3256/287/2960 3255/282/2960 3270/307/2960 3271/311/2960
f 3249/288/2961 3248/284/2961 3263/309/2961 3264/312/2961
f 3257/289/2962 3256/287/2962 3271/311/2962 3272/313/2962
f 3250/290/2963 3249/288/2963 3264/312/2963 3265/314/2963
f 3258/291/2964 3257/289/2964 3272/313/2964 3273/298/2964
f 3251/292/2965 3250/290/2965 3265/314/2965 3266/300/2965
f 3259/293/2966 3258/291/2966 3273/298/2966 3274/299/2966
f 3252/294/2967 3251/292/2967 3266/300/2967 3267/301/2967
f 3260/295/2968 3259/293/2968 3274/299/2968 3275/302/2968
f 3253/296/2969 3252/294/2969 3267/301/2969 3268/303/2969
f 3261/297/2970 3260/295/2970 3275/302/2970 3276/304/2970
f 3273/298/2971 3272/313/2971 3287/321/2971 3288/323/2971
f 3266/300/2972 3265/314/2972 3280/322/2972 3281/324/2972
f 3274/299/2973 3273/298/2973 3288/323/2973 3289/325/2973
f 3267/301/2974 3266/300/2974 3281/324/2974 3282/326/2974
f 3275/302/2975 3274/299/2975 3289/325/2975 3290/327/2975
f 3268/303/2976 3267/301/2976 3282/326/2976 3283/328/2976
f 3276/304/2977 3275/302/2977 3290/327/2977 3291/329/2977
f 3269/305/2978 3268/303/2978 3283/328/2978 3284/330/2978
f 3277/306/2979 3276/304/2979 3291/329/2979 3292/316/2979
f 3270/307/2980 3269/305/2980 3284/330/2980 3285/317/2980
f 3263/309/2981 3097/331/2981 3278/319/2981
f 3323/315/2982 3277/306/2982 3292/316/2982
f 3271/311/2983 3270/307/2983 3285/317/2983 3286/318/2983
f 3264/312/2984 3263/309/2984 3278/319/2984 3279/320/2984
f 3272/313/2985 3271/311/2985 3286/318/2985 3287/321/2985
f 3265/314/2986 3264/312/2986 3279/320/2986 3280/322/2986
f 3292/316/2987 3291/329/2987 3306/336/2987 3307/338/2987
f 3285/317/2988 3284/330/2988 3299/337/2988 3300/339/2988
f 3278/319/2989 3097/340/2989 3293/341/2989
f 3323/342/2990 3292/316/2990 3307/338/2990
f 3286/318/2991 3285/317/2991 3300/339/2991 3301/343/2991
f 3279/320/2992 3278/319/2992 3293/341/2992 3294/344/2992
f 3287/321/2993 3286/318/2993 3301/343/2993 3302/345/2993
f 3280/322/2994 3279/320/2994 3294/344/2994 3295/346/2994
f 3288/323/2995 3287/321/2995 3302/345/2995 3303/347/2995
f 3281/324/2996 3280/322/2996 3295/346/2996 3296/348/2996
f 3289/325/2997 3288/323/2997 3303/347/2997 3304/332/2997
f 3282/326/2998 3281/324/2998 3296/348/2998 3297/334/2998
f 3290/327/2999 3289/325/2999 3304/332/2999 3305/333/2999
f 3283/328/3000 3282/326/3000 3297/334/3000 3298/335/3000
f 3291/329/3001 3290/327/3001 3305/333/3001 3306/336/3001
f 3284/330/3002 3283/328/3002 3298/335/3002 3299/337/3002
f 3296/348/3003 3295/346/3003 3310/353/3003 3311/355/3003
f 3304/332/3004 3303/347/3004 3318/354/3004 3319/356/3004
f 3297/334/3005 3296/348/3005 3311/355/3005 3312/357/3005
f 3305/333/3006 3304/332/3006 3319/356/3006 3320/358/3006
f 3298/335/3007 3297/334/3007 3312/357/3007 3313/359/3007
f 3306/336/3008 3305/333/3008 3320/358/3008 3321/360/3008
f 3299/337/3009 3298/335/3009 3313/359/3009 3314/361/3009
f 3307/338/3010 3306/336/3010 3321/360/3010 3322/362/3010
f 3300/339/3011 3299/337/3011 3314/361/3011 3315/363/3011
f 3293/341/3012 3097/364/3012 3308/349/3012
f 3323/365/3013 3307/338/3013 3322/362/3013
f 3301/343/3014 3300/339/3014 3315/363/3014 3316/351/3014
f 3294/344/3015 3293/341/3015 3308/349/3015 3309/350/3015
f 3302/345/3016 3301/343/3016 3316/351/3016 3317/352/3016
f 3295/346/3017 3294/344/3017 3309/350/3017 3310/353/3017
f 3303/347/3018 3302/345/3018 3317/352/3018 3318/354/3018
f 3315/363/3019 3314/361/3019 3330/370/3019 3331/372/3019
f 3308/349/3020 3097/373/3020 3324/374/3020
f 3323/375/3021 3322/362/3021 3338/371/3021
f 3316/351/3022 3315/363/3022 3331/372/3022 3332/376/3022
f 3309/350/3023 3308/349/3023 3324/374/3023 3325/377/3023
f 3317/352/3024 3316/351/3024 3332/376/3024 3333/378/3024
f 3310/353/3025 3309/350/3025 3325/377/3025 3326/379/3025
f 3318/354/3026 3317/352/3026 3333/378/3026 3334/380/3026
f 3311/355/3027 3310/353/3027 3326/379/3027 3327/381/3027
f 3319/356/3028 3318/354/3028 3334/380/3028 3335/382/3028
f 3312/357/3029 3311/355/3029 3327/381/3029 3328/366/3029
f 3320/358/3030 3319/356/3030 3335/382/3030 3336/368/3030
f 3313/359/3031 3312/357/3031 3328/366/3031 3329/367/3031
f 3321/360/3032 3320/358/3032 3336/368/3032 3337/369/3032
f 3314/361/3033 3313/359/3033 3329/367/3033 3330/370/3033
f 3322/362/3034 3321/360/3034 3337/369/3034 3338/371/3034
f 3335/382/3035 3334/380/3035 3349/387/3035 3350/389/3035
f 3328/366/3036 3327/381/3036 3342/388/3036 3343/390/3036
f 3336/368/3037 3335/382/3037 3350/389/3037 3351/391/3037
f 3329/367/3038 3328/366/3038 3343/390/3038 3344/392/3038
f 3337/369/3039 3336/368/3039 3351/391/3039 3352/393/3039
f 3330/370/3040 3329/367/3040 3344/392/3040 3345/394/3040
f 3338/371/3041 3337/369/3041 3352/393/3041 3353/395/3041
f 3331/372/3042 3330/370/3042 3345/394/3042 3346/396/3042
f 3324/374/3043 3097/397/3043 3339/398/3043
f 3323/399/3044 3338/371/3044 3353/395/3044
f 3332/376/3045 3331/372/3045 3346/396/3045 3347/383/3045
f 3325/377/3046 3324/374/3046 3339/398/3046 3340/385/3046
f 3333/378/3047 3332/376/3047 3347/383/3047 3348/384/3047
f 3326/379/3048 3325/377/3048 3340/385/3048 3341/386/3048
f 3334/380/3049 3333/378/3049 3348/384/3049 3349/387/3049
f 3327/381/3050 3326/379/3050 3341/386/3050 3342/388/3050
f 3323/408/3051 3353/395/3051 3368/404/3051
f 3347/383/3052 3346/396/3052 3361/405/3052 3362/409/3052
f 3340/385/3053 3339/398/3053 3354/407/3053 3355/410/3053
f 3348/384/3054 3347/383/3054 3362/409/3054 3363/411/3054
f 3341/386/3055 3340/385/3055 3355/410/3055 3356/412/3055
f 3349/387/3056 3348/384/3056 3363/411/3056 3364/413/3056
f 3342/388/3057 3341/386/3057 3356/412/3057 3357/414/3057
f 3350/389/3058 3349/387/3058 3364/413/3058 3365/415/3058
f 3343/390/3059 3342/388/3059 3357/414/3059 3358/416/3059
f 3351/391/3060 3350/389/3060 3365/415/3060 3366/400/3060
f 3344/392/3061 3343/390/3061 3358/416/3061 3359/402/3061
f 3352/393/3062 3351/391/3062 3366/400/3062 3367/401/3062
f 3345/394/3063 3344/392/3063 3359/402/3063 3360/403/3063
f 3353/395/3064 3352/393/3064 3367/401/3064 3368/404/3064
f 3346/396/3065 3345/394/3065 3360/403/3065 3361/405/3065
f 3339/398/3066 3097/406/3066 3354/407/3066
f 3366/400/3067 3365/415/3067 3380/422/3067 3381/424/3067
f 3359/402/3068 3358/416/3068 3373/423/3068 3374/425/3068
f 3367/401/3069 3366/400/3069 3381/424/3069 3382/426/3069
f 3360/403/3070 3359/402/3070 3374/425/3070 3375/427/3070
f 3368/404/3071 3367/401/3071 3382/426/3071 3383/428/3071
f 3361/405/3072 3360/403/3072 3375/427/3072 3376/429/3072
f 3354/407/3073 3097/430/3073 3369/431/3073
f 3323/432/3074 3368/404/3074 3383/428/3074
f 3362/409/3075 3361/405/3075 3376/429/3075 3377/433/3075
f 3355/410/3076 3354/407/3076 3369/431/3076 3370/417/3076
f 3363/411/3077 3362/409/3077 3377/433/3077 3378/419/3077
f 3356/412/3078 3355/410/3078 3370/417/3078 3371/418/3078
f 3364/413/3079 3363/411/3079 3378/419/3079 3379/420/3079
f 3357/414/3080 3356/412/3080 3371/418/3080 3372/421/3080
f 3365/415/3081 3364/413/3081 3379/420/3081 3380/422/3081
f 3358/416/3082 3357/414/3082 3372/421/3082 3373/423/3082
f 3370/450/3083 3369/444/3083 3384/446/3083 3385/451/3083
f 3378/452/3084 3377/448/3084 3392/449/3084 3393/453/3084
f 3371/454/3085 3370/450/3085 3385/451/3085 3386/455/3085
f 3379/456/3086 3378/452/3086 3393/453/3086 3394/457/3086
f 3372/458/3087 3371/454/3087 3386/455/3087 3387/459/3087
f 3380/460/3088 3379/456/3088 3394/457/3088 3395/461/3088
f 3373/462/3089 3372/458/3089 3387/459/3089 3388/463/3089
f 3381/464/3090 3380/460/3090 3395/461/3090 3396/465/3090
f 3374/435/3091 3373/462/3091 3388/463/3091 3389/436/3091
f 3382/439/3092 3381/464/3092 3396/465/3092 3397/440/3092
f 3375/434/3093 3374/435/3093 3389/436/3093 3390/437/3093
f 3383/438/3094 3382/439/3094 3397/440/3094 3398/441/3094
f 3376/442/3095 3375/434/3095 3390/437/3095 3391/443/3095
f 3369/444/3096 3097/445/3096 3384/446/3096
f 3323/447/3097 3383/438/3097 3398/441/3097
f 3377/448/3098 3376/442/3098 3391/443/3098 3392/449/3098
f 3389/436/3099 3388/463/3099 3403/471/3099 3404/473/3099
f 3397/440/3100 3396/465/3100 3411/472/3100 3412/474/3100
f 3390/437/3101 3389/436/3101 3404/473/3101 3405/475/3101
f 3398/441/3102 3397/440/3102 3412/474/3102 3413/476/3102
f 3391/443/3103 3390/437/3103 3405/475/3103 3406/477/3103
f 3384/446/3104 3097/478/3104 3399/479/3104
f 3323/480/3105 3398/441/3105 3413/476/3105
f 3392/449/3106 3391/443/3106 3406/477/3106 3407/481/3106
f 3385/451/3107 3384/446/3107 3399/479/3107 3400/482/3107
f 3393/453/3108 3392/449/3108 3407/481/3108 3408/466/3108
f 3386/455/3109 3385/451/3109 3400/482/3109 3401/468/3109
f 3394/457/3110 3393/453/3110 3408/466/3110 3409/467/3110
f 3387/459/3111 3386/455/3111 3401/468/3111 3402/469/3111
f 3395/461/3112 3394/457/3112 3409/467/3112 3410/470/3112
f 3388/463/3113 3387/459/3113 3402/469/3113 3403/471/3113
f 3396/465/3114 3395/461/3114 3410/470/3114 3411/472/3114
f 3408/466/3115 3407/481/3115 3422/490/3115 3423/492/3115
f 3401/468/3116 3400/482/3116 3415/491/3116 3416/493/3116
f 3409/467/3117 3408/466/3117 3423/492/3117 3424/494/3117
f 3402/469/3118 3401/468/3118 3416/493/3118 3417/495/3118
f 3410/470/3119 3409/467/3119 3424/494/3119 3425/496/3119
f 3403/471/3120 3402/469/3120 3417/495/3120 3418/497/3120
f 3411/472/3121 3410/470/3121 3425/496/3121 3426/498/3121
f 3404/473/3122 3403/471/3122 3418/497/3122 3419/499/3122
f 3412/474/3123 3411/472/3123 3426/498/3123 3427/483/3123
f 3405/475/3124 3404/473/3124 3419/499/3124 3420/485/3124
f 3413/476/3125 3412/474/3125 3427/483/3125 3428/484/3125
f 3406/477/3126 3405/475/3126 3420/485/3126 3421/486/3126
f 3399/479/3127 3097/487/3127 3414/488/3127
f 3323/489/3128 3413/476/3128 3428/484/3128
f 3407/481/3129 3406/477/3129 3421/486/3129 3422/490/3129
f 3400/482/3130 3399/479/3130 3414/488/3130 3415/491/3130
f 3427/483/3131 3426/498/3131 3441/504/3131 3442/506/3131
f 3420/485/3132 3419/499/3132 3434/505/3132 3435/507/3132
f 3428/484/3133 3427/483/3133 3442/506/3133 3443/508/3133
f 3421/486/3134 3420/485/3134 3435/507/3134 3436/509/3134
f 3414/488/3135 3097/510/3135 3429/511/3135
f 3323/512/3136 3428/484/3136 3443/508/3136
f 3422/490/3137 3421/486/3137 3436/509/3137 3437/513/3137
f 3415/491/3138 3414/488/3138 3429/511/3138 3430/514/3138
f 3423/492/3139 3422/490/3139 3437/513/3139 3438/515/3139
f 3416/493/3140 3415/491/3140 3430/514/3140 3431/516/3140
f 3424/494/3141 3423/492/3141 3438/515/3141 3439/500/3141
f 3417/495/3142 3416/493/3142 3431/516/3142 3432/502/3142
f 3425/496/3143 3424/494/3143 3439/500/3143 3440/501/3143
f 3418/497/3144 3417/495/3144 3432/502/3144 3433/503/3144
f 3426/498/3145 3425/496/3145 3440/501/3145 3441/504/3145
f 3419/499/3146 3418/497/3146 3433/503/3146 3434/505/3146
f 3431/516/3147 3430/514/3147 3445/523/3147 3446/525/3147
f 3439/500/3148 3438/515/3148 3453/524/3148 3454/526/3148
f 3432/502/3149 3431/516/3149 3446/525/3149 3447/527/3149
f 3440/501/3150 3439/500/3150 3454/526/3150 3455/528/3150
f 3433/503/3151 3432/502/3151 3447/527/3151 3448/529/3151
f 3441/504/3152 3440/501/3152 3455/528/3152 3456/530/3152
f 3434/505/3153 3433/503/3153 3448/529/3153 3449/531/3153
f 3442/506/3154 3441/504/3154 3456/530/3154 3457/532/3154
f 3435/507/3155 3434/505/3155 3449/531/3155 3450/533/3155
f 3443/508/3156 3442/506/3156 3457/532/3156 3458/520/3156
f 3436/509/3157 3435/507/3157 3450/533/3157 3451/521/3157
f 3429/511/3158 3097/517/3158 3444/518/3158
f 3323/519/3159 3443/508/3159 3458/520/3159
f 3437/513/3160 3436/509/3160 3451/521/3160 3452/522/3160
f 3430/514/3161 3429/511/3161 3444/518/3161 3445/523/3161
f 3438/515/3162 3437/513/3162 3452/522/3162 3453/524/3162
f 3450/533/3163 3449/531/3163 3464/538/3163 3465/540/3163
f 3458/520/3164 3457/532/3164 3472/539/3164 3473/541/3164
f 3451/521/3165 3450/533/3165 3465/540/3165 3466/542/3165
f 3444/518/3166 3097/543/3166 3459/544/3166
f 3323/545/3167 3458/520/3167 3473/541/3167
f 3452/522/3168 3451/521/3168 3466/542/3168 3467/546/3168
f 3445/523/3169 3444/518/3169 3459/544/3169 3460/547/3169
f 3453/524/3170 3452/522/3170 3467/546/3170 3468/548/3170
f 3446/525/3171 3445/523/3171 3460/547/3171 3461/549/3171
f 3454/526/3172 3453/524/3172 3468/548/3172 3469/550/3172
f 3447/527/3173 3446/525/3173 3461/549/3173 3462/534/3173
f 3455/528/3174 3454/526/3174 3469/550/3174 3470/536/3174
f 3448/529/3175 3447/527/3175 3462/534/3175 3463/535/3175
f 3456/530/3176 3455/528/3176 3470/536/3176 3471/537/3176
f 3449/531/3177 3448/529/3177 3463/535/3177 3464/538/3177
f 3457/532/3178 3456/530/3178 3471/537/3178 3472/539/3178
f 3469/550/3179 3468/548/3179 3483/555/3179 3484/557/3179
f 3462/534/3180 3461/549/3180 3476/556/3180 3477/558/3180
f 3470/536/3181 3469/550/3181 3484/557/3181 3485/559/3181
f 3463/535/3182 3462/534/3182 3477/558/3182 3478/560/3182
f 3471/537/3183 3470/536/3183 3485/559/3183 3486/561/3183
f 3464/538/3184 3463/535/3184 3478/560/3184 3479/562/3184
f 3472/539/3185 3471/537/3185 3486/561/3185 3487/563/3185
f 3465/540/3186 3464/538/3186 3479/562/3186 3480/564/3186
f 3473/541/3187 3472/539/3187 3487/563/3187 3488/565/3187
f 3466/542/3188 3465/540/3188 3480/564/3188 3481/551/3188
f 3459/544/3189 3097/566/3189 3474/553/3189
f 3323/567/3190 3473/541/3190 3488/565/3190
f 3467/546/3191 3466/542/3191 3481/551/3191 3482/552/3191
f 3460/547/3192 3459/544/3192 3474/553/3192 3475/554/3192
f 3468/548/3193 3467/546/3193 3482/552/3193 3483/555/3193
f 3461/549/3194 3460/547/3194 3475/554/3194 3476/556/3194
f 3488/565/3195 3487/563/3195 3496/25/3195 3497/29/3195
f 3481/551/3196 3480/564/3196 3018/27/3196 3019/31/3196
f 3474/553/3197 3097/568/3197 3489/33/3197
f 3323/569/3198 3488/565/3198 3497/29/3198
f 3482/552/3199 3481/551/3199 3019/31/3199 3020/37/3199
f 3475/554/3200 3474/553/3200 3489/33/3200 3490/39/3200
f 3483/555/3201 3482/552/3201 3020/37/3201 3493/41/3201
f 3476/556/3202 3475/554/3202 3490/39/3202 3016/43/3202
f 3484/557/3203 3483/555/3203 3493/41/3203 3021/45/3203
f 3477/558/3204 3476/556/3204 3016/43/3204 3491/16/3204
f 3485/559/3205 3484/557/3205 3021/45/3205 3494/20/3205
f 3478/560/3206 3477/558/3206 3491/16/3206 3017/15/3206
f 3486/561/3207 3485/559/3207 3494/20/3207 3495/19/3207
f 3479/562/3208 3478/560/3208 3017/15/3208 3492/23/3208
f 3487/563/3209 3486/561/3209 3495/19/3209 3496/25/3209
f 3480/564/3210 3479/562/3210 3492/23/3210 3018/27/3210
f 3979/29/3211 3978/25/3211 3517/26/3211 3518/30/3211
f 3501/31/3212 3500/27/3212 3510/28/3212 3511/32/3212
f 3971/33/3213 3579/34/3213 3504/35/3213
f 3805/36/3214 3979/29/3214 3518/30/3214
f 3502/37/3215 3501/31/3215 3511/32/3215 3512/38/3215
f 3972/39/3216 3971/33/3216 3504/35/3216 3505/40/3216
f 3975/41/3217 3502/37/3217 3512/38/3217 3513/42/3217
f 3498/43/3218 3972/39/3218 3505/40/3218 3506/44/3218
f 3503/45/3219 3975/41/3219 3513/42/3219 3514/46/3219
f 3973/16/3220 3498/43/3220 3506/44/3220 3507/17/3220
f 3976/20/3221 3503/45/3221 3514/46/3221 3515/21/3221
f 3499/15/3222 3973/16/3222 3507/17/3222 3508/18/3222
f 3977/19/3223 3976/20/3223 3515/21/3223 3516/22/3223
f 3974/23/3224 3499/15/3224 3508/18/3224 3509/24/3224
f 3978/25/3225 3977/19/3225 3516/22/3225 3517/26/3225
f 3500/27/3226 3974/23/3226 3509/24/3226 3510/28/3226
f 3509/24/3227 3508/18/3227 3523/51/3227 3524/53/3227
f 3517/26/3228 3516/22/3228 3531/52/3228 3532/54/3228
f 3510/28/3229 3509/24/3229 3524/53/3229 3525/55/3229
f 3518/30/3230 3517/26/3230 3532/54/3230 3533/56/3230
f 3511/32/3231 3510/28/3231 3525/55/3231 3526/57/3231
f 3504/35/3232 3579/58/3232 3519/59/3232
f 3805/60/3233 3518/30/3233 3533/56/3233
f 3512/38/3234 3511/32/3234 3526/57/3234 3527/61/3234
f 3505/40/3235 3504/35/3235 3519/59/3235 3520/62/3235
f 3513/42/3236 3512/38/3236 3527/61/3236 3528/63/3236
f 3506/44/3237 3505/40/3237 3520/62/3237 3521/47/3237
f 3514/46/3238 3513/42/3238 3528/63/3238 3529/49/3238
f 3507/17/3239 3506/44/3239 3521/47/3239 3522/48/3239
f 3515/21/3240 3514/46/3240 3529/49/3240 3530/50/3240
f 3508/18/3241 3507/17/3241 3522/48/3241 3523/51/3241
f 3516/22/3242 3515/21/3242 3530/50/3242 3531/52/3242
f 3528/63/3243 3527/61/3243 3542/70/3243 3543/72/3243
f 3521/47/3244 3520/62/3244 3535/71/3244 3536/73/3244
f 3529/49/3245 3528/63/3245 3543/72/3245 3544/74/3245
f 3522/48/3246 3521/47/3246 3536/73/3246 3537/75/3246
f 3530/50/3247 3529/49/3247 3544/74/3247 3545/76/3247
f 3523/51/3248 3522/48/3248 3537/75/3248 3538/77/3248
f 3531/52/3249 3530/50/3249 3545/76/3249 3546/78/3249
f 3524/53/3250 3523/51/3250 3538/77/3250 3539/79/3250
f 3532/54/3251 3531/52/3251 3546/78/3251 3547/80/3251
f 3525/55/3252 3524/53/3252 3539/79/3252 3540/64/3252
f 3533/56/3253 3532/54/3253 3547/80/3253 3548/69/3253
f 3526/57/3254 3525/55/3254 3540/64/3254 3541/65/3254
f 3519/59/3255 3579/66/3255 3534/67/3255
f 3805/68/3256 3533/56/3256 3548/69/3256
f 3527/61/3257 3526/57/3257 3541/65/3257 3542/70/3257
f 3520/62/3258 3519/59/3258 3534/67/3258 3535/71/3258
f 3547/80/3259 3546/78/3259 3561/83/3259 3562/85/3259
f 3540/64/3260 3539/79/3260 3554/84/3260 3555/86/3260
f 3548/69/3261 3547/80/3261 3562/85/3261 3563/87/3261
f 3541/65/3262 3540/64/3262 3555/86/3262 3556/5/3262
f 3534/67/3263 3579/88/3263 3549/89/3263
f 3805/90/3264 3548/69/3264 3563/87/3264
f 3542/70/3265 3541/65/3265 3556/5/3265 3557/91/3265
f 3535/71/3266 3534/67/3266 3549/89/3266 3550/92/3266
f 3543/72/3267 3542/70/3267 3557/91/3267 3558/93/3267
f 3536/73/3268 3535/71/3268 3550/92/3268 3551/94/3268
f 3544/74/3269 3543/72/3269 3558/93/3269 3559/81/3269
f 3537/75/3270 3536/73/3270 3551/94/3270 3552/7/3270
f 3545/76/3271 3544/74/3271 3559/81/3271 3560/3/3271
f 3538/77/3272 3537/75/3272 3552/7/3272 3553/82/3272
f 3546/78/3273 3545/76/3273 3560/3/3273 3561/83/3273
f 3539/79/3274 3538/77/3274 3553/82/3274 3554/84/3274
f 3559/81/3275 3558/93/3275 3573/102/3275 3574/104/3275
f 3552/7/3276 3551/94/3276 3566/103/3276 3567/105/3276
f 3560/3/3277 3559/81/3277 3574/104/3277 3575/106/3277
f 3553/82/3278 3552/7/3278 3567/105/3278 3568/107/3278
f 3561/83/3279 3560/3/3279 3575/106/3279 3576/108/3279
f 3554/84/3280 3553/82/3280 3568/107/3280 3569/109/3280
f 3562/85/3281 3561/83/3281 3576/108/3281 3577/110/3281
f 3555/86/3282 3554/84/3282 3569/109/3282 3570/111/3282
f 3563/87/3283 3562/85/3283 3577/110/3283 3578/98/3283
f 3556/5/3284 3555/86/3284 3570/111/3284 3571/99/3284
f 3549/89/3285 3579/95/3285 3564/96/3285
f 3805/97/3286 3563/87/3286 3578/98/3286
f 3557/91/3287 3556/5/3287 3571/99/3287 3572/100/3287
f 3550/92/3288 3549/89/3288 3564/96/3288 3565/101/3288
f 3558/93/3289 3557/91/3289 3572/100/3289 3573/102/3289
f 3551/94/3290 3550/92/3290 3565/101/3290 3566/103/3290
f 3578/98/3291 3577/110/3291 3593/117/3291 3594/119/3291
f 3571/99/3292 3570/111/3292 3586/118/3292 3587/120/3292
f 3564/96/3293 3579/121/3293 3580/122/3293
f 3805/123/3294 3578/98/3294 3594/119/3294
f 3572/100/3295 3571/99/3295 3587/120/3295 3588/124/3295
f 3565/101/3296 3564/96/3296 3580/122/3296 3581/125/3296
f 3573/102/3297 3572/100/3297 3588/124/3297 3589/126/3297
f 3566/103/3298 3565/101/3298 3581/125/3298 3582/127/3298
f 3574/104/3299 3573/102/3299 3589/126/3299 3590/128/3299
f 3567/105/3300 3566/103/3300 3582/127/3300 3583/112/3300
f 3575/106/3301 3574/104/3301 3590/128/3301 3591/114/3301
f 3568/107/3302 3567/105/3302 3583/112/3302 3584/113/3302
f 3576/108/3303 3575/106/3303 3591/114/3303 3592/115/3303
f 3569/109/3304 3568/107/3304 3584/113/3304 3585/116/3304
f 3577/110/3305 3576/108/3305 3592/115/3305 3593/117/3305
f 3570/111/3306 3569/109/3306 3585/116/3306 3586/118/3306
f 3583/112/3307 3582/127/3307 3597/134/3307 3598/136/3307
f 3591/114/3308 3590/128/3308 3605/135/3308 3606/137/3308
f 3584/113/3309 3583/112/3309 3598/136/3309 3599/138/3309
f 3592/115/3310 3591/114/3310 3606/137/3310 3607/139/3310
f 3585/116/3311 3584/113/3311 3599/138/3311 3600/140/3311
f 3593/117/3312 3592/115/3312 3607/139/3312 3608/141/3312
f 3586/118/3313 3585/116/3313 3600/140/3313 3601/142/3313
f 3594/119/3314 3593/117/3314 3608/141/3314 3609/143/3314
f 3587/120/3315 3586/118/3315 3601/142/3315 3602/129/3315
f 3580/122/3316 3579/144/3316 3595/131/3316
f 3805/145/3317 3594/119/3317 3609/143/3317
f 3588/124/3318 3587/120/3318 3602/129/3318 3603/130/3318
f 3581/125/3319 3580/122/3319 3595/131/3319 3596/132/3319
f 3589/126/3320 3588/124/3320 3603/130/3320 3604/133/3320
f 3582/127/3321 3581/125/3321 3596/132/3321 3597/134/3321
f 3590/128/3322 3589/126/3322 3604/133/3322 3605/135/3322
f 3602/129/3323 3601/142/3323 3616/151/3323 3617/153/3323
f 3595/131/3324 3579/154/3324 3610/155/3324
f 3805/156/3325 3609/143/3325 3624/152/3325
f 3603/130/3326 3602/129/3326 3617/153/3326 3618/157/3326
f 3596/132/3327 3595/131/3327 3610/155/3327 3611/158/3327
f 3604/133/3328 3603/130/3328 3618/157/3328 3619/159/3328
f 3597/134/3329 3596/132/3329 3611/158/3329 3612/160/3329
f 3605/135/3330 3604/133/3330 3619/159/3330 3620/161/3330
f 3598/136/3331 3597/134/3331 3612/160/3331 3613/162/3331
f 3606/137/3332 3605/135/3332 3620/161/3332 3621/146/3332
f 3599/138/3333 3598/136/3333 3613/162/3333 3614/148/3333
f 3607/139/3334 3606/137/3334 3621/146/3334 3622/147/3334
f 3600/140/3335 3599/138/3335 3614/148/3335 3615/149/3335
f 3608/141/3336 3607/139/3336 3622/147/3336 3623/150/3336
f 3601/142/3337 3600/140/3337 3615/149/3337 3616/151/3337
f 3609/143/3338 3608/141/3338 3623/150/3338 3624/152/3338
f 3621/146/3339 3620/161/3339 3635/167/3339 3636/169/3339
f 3614/148/3340 3613/162/3340 3628/168/3340 3629/170/3340
f 3622/147/3341 3621/146/3341 3636/169/3341 3637/171/3341
f 3615/149/3342 3614/148/3342 3629/170/3342 3630/172/3342
f 3623/150/3343 3622/147/3343 3637/171/3343 3638/173/3343
f 3616/151/3344 3615/149/3344 3630/172/3344 3631/174/3344
f 3624/152/3345 3623/150/3345 3638/173/3345 3639/175/3345
f 3617/153/3346 3616/151/3346 3631/174/3346 3632/176/3346
f 3610/155/3347 3579/177/3347 3625/178/3347
f 3805/179/3348 3624/152/3348 3639/175/3348
f 3618/157/3349 3617/153/3349 3632/176/3349 3633/163/3349
f 3611/158/3350 3610/155/3350 3625/178/3350 3626/165/3350
f 3619/159/3351 3618/157/3351 3633/163/3351 3634/164/3351
f 3612/160/3352 3611/158/3352 3626/165/3352 3627/166/3352
f 3620/161/3353 3619/159/3353 3634/164/3353 3635/167/3353
f 3613/162/3354 3612/160/3354 3627/166/3354 3628/168/3354
f 3625/178/3355 3579/186/3355 3640/187/3355
f 3805/188/3356 3639/175/3356 3654/184/3356
f 3633/163/3357 3632/176/3357 3647/185/3357 3648/189/3357
f 3626/165/3358 3625/178/3358 3640/187/3358 3641/190/3358
f 3634/164/3359 3633/163/3359 3648/189/3359 3649/191/3359
f 3627/166/3360 3626/165/3360 3641/190/3360 3642/192/3360
f 3635/167/3361 3634/164/3361 3649/191/3361 3650/193/3361
f 3628/168/3362 3627/166/3362 3642/192/3362 3643/194/3362
f 3636/169/3363 3635/167/3363 3650/193/3363 3651/195/3363
f 3629/170/3364 3628/168/3364 3643/194/3364 3644/196/3364
f 3637/171/3365 3636/169/3365 3651/195/3365 3652/180/3365
f 3630/172/3366 3629/170/3366 3644/196/3366 3645/182/3366
f 3638/173/3367 3637/171/3367 3652/180/3367 3653/181/3367
f 3631/174/3368 3630/172/3368 3645/182/3368 3646/183/3368
f 3639/175/3369 3638/173/3369 3653/181/3369 3654/184/3369
f 3632/176/3370 3631/174/3370 3646/183/3370 3647/185/3370
f 3644/196/3371 3643/194/3371 3658/201/3371 3659/203/3371
f 3652/180/3372 3651/195/3372 3666/202/3372 3667/204/3372
f 3645/182/3373 3644/196/3373 3659/203/3373 3660/205/3373
f 3653/181/3374 3652/180/3374 3667/204/3374 3668/206/3374
f 3646/183/3375 3645/182/3375 3660/205/3375 3661/207/3375
f 3654/184/3376 3653/181/3376 3668/206/3376 3669/208/3376
f 3647/185/3377 3646/183/3377 3661/207/3377 3662/209/3377
f 3640/187/3378 3579/210/3378 3655/211/3378
f 3805/212/3379 3654/184/3379 3669/208/3379
f 3648/189/3380 3647/185/3380 3662/209/3380 3663/213/3380
f 3641/190/3381 3640/187/3381 3655/211/3381 3656/197/3381
f 3649/191/3382 3648/189/3382 3663/213/3382 3664/199/3382
f 3642/192/3383 3641/190/3383 3656/197/3383 3657/198/3383
f 3650/193/3384 3649/191/3384 3664/199/3384 3665/200/3384
f 3643/194/3385 3642/192/3385 3657/198/3385 3658/201/3385
f 3651/195/3386 3650/193/3386 3665/200/3386 3666/202/3386
f 3663/213/3387 3662/209/3387 3677/218/3387 3678/222/3387
f 3656/197/3388 3655/211/3388 3670/220/3388 3671/223/3388
f 3664/199/3389 3663/213/3389 3678/222/3389 3679/224/3389
f 3657/198/3390 3656/197/3390 3671/223/3390 3672/225/3390
f 3665/200/3391 3664/199/3391 3679/224/3391 3680/226/3391
f 3658/201/3392 3657/198/3392 3672/225/3392 3673/227/3392
f 3666/202/3393 3665/200/3393 3680/226/3393 3681/4/3393
f 3659/203/3394 3658/201/3394 3673/227/3394 3674/228/3394
f 3667/204/3395 3666/202/3395 3681/4/3395 3682/229/3395
f 3660/205/3396 3659/203/3396 3674/228/3396 3675/214/3396
f 3668/206/3397 3667/204/3397 3682/229/3397 3683/216/3397
f 3661/207/3398 3660/205/3398 3675/214/3398 3676/215/3398
f 3669/208/3399 3668/206/3399 3683/216/3399 3684/217/3399
f 3662/209/3400 3661/207/3400 3676/215/3400 3677/218/3400
f 3655/211/3401 3579/219/3401 3670/220/3401
f 3805/221/3402 3669/208/3402 3684/217/3402
f 3682/229/3403 3681/4/3403 3696/234/3403 3697/236/3403
f 3675/214/3404 3674/228/3404 3689/235/3404 3690/237/3404
f 3683/216/3405 3682/229/3405 3697/236/3405 3698/238/3405
f 3676/215/3406 3675/214/3406 3690/237/3406 3691/239/3406
f 3684/217/3407 3683/216/3407 3698/238/3407 3699/240/3407
f 3677/218/3408 3676/215/3408 3691/239/3408 3692/241/3408
f 3670/220/3409 3579/242/3409 3685/243/3409
f 3805/244/3410 3684/217/3410 3699/240/3410
f 3678/222/3411 3677/218/3411 3692/241/3411 3693/245/3411
f 3671/223/3412 3670/220/3412 3685/243/3412 3686/246/3412
f 3679/224/3413 3678/222/3413 3693/245/3413 3694/230/3413
f 3672/225/3414 3671/223/3414 3686/246/3414 3687/232/3414
f 3680/226/3415 3679/224/3415 3694/230/3415 3695/231/3415
f 3673/227/3416 3672/225/3416 3687/232/3416 3688/233/3416
f 3681/4/3417 3680/226/3417 3695/231/3417 3696/234/3417
f 3674/228/3418 3673/227/3418 3688/233/3418 3689/235/3418
f 3694/230/3419 3693/245/3419 3708/254/3419 3709/256/3419
f 3687/232/3420 3686/246/3420 3701/255/3420 3702/257/3420
f 3695/231/3421 3694/230/3421 3709/256/3421 3710/258/3421
f 3688/233/3422 3687/232/3422 3702/257/3422 3703/259/3422
f 3696/234/3423 3695/231/3423 3710/258/3423 3711/260/3423
f 3689/235/3424 3688/233/3424 3703/259/3424 3704/261/3424
f 3697/236/3425 3696/234/3425 3711/260/3425 3712/262/3425
f 3690/237/3426 3689/235/3426 3704/261/3426 3705/263/3426
f 3698/238/3427 3697/236/3427 3712/262/3427 3713/247/3427
f 3691/239/3428 3690/237/3428 3705/263/3428 3706/249/3428
f 3699/240/3429 3698/238/3429 3713/247/3429 3714/248/3429
f 3692/241/3430 3691/239/3430 3706/249/3430 3707/250/3430
f 3685/243/3431 3579/251/3431 3700/252/3431
f 3805/253/3432 3699/240/3432 3714/248/3432
f 3693/245/3433 3692/241/3433 3707/250/3433 3708/254/3433
f 3686/246/3434 3685/243/3434 3700/252/3434 3701/255/3434
f 3713/247/3435 3712/262/3435 3727/269/3435 3728/271/3435
f 3706/249/3436 3705/263/3436 3720/270/3436 3721/272/3436
f 3714/248/3437 3713/247/3437 3728/271/3437 3729/273/3437
f 3707/250/3438 3706/249/3438 3721/272/3438 3722/274/3438
f 3700/252/3439 3579/275/3439 3715/276/3439
f 3805/277/3440 3714/248/3440 3729/273/3440
f 3708/254/3441 3707/250/3441 3722/274/3441 3723/278/3441
f 3701/255/3442 3700/252/3442 3715/276/3442 3716/279/3442
f 3709/256/3443 3708/254/3443 3723/278/3443 3724/280/3443
f 3702/257/3444 3701/255/3444 3716/279/3444 3717/264/3444
f 3710/258/3445 3709/256/3445 3724/280/3445 3725/266/3445
f 3703/259/3446 3702/257/3446 3717/264/3446 3718/265/3446
f 3711/260/3447 3710/258/3447 3725/266/3447 3726/267/3447
f 3704/261/3448 3703/259/3448 3718/265/3448 3719/268/3448
f 3712/262/3449 3711/260/3449 3726/267/3449 3727/269/3449
f 3705/263/3450 3704/261/3450 3719/268/3450 3720/270/3450
f 3717/264/3451 3716/279/3451 3731/288/3451 3732/290/3451
f 3725/266/3452 3724/280/3452 3739/289/3452 3740/291/3452
f 3718/265/3453 3717/264/3453 3732/290/3453 3733/292/3453
f 3726/267/3454 3725/266/3454 3740/291/3454 3741/293/3454
f 3719/268/3455 3718/265/3455 3733/292/3455 3734/294/3455
f 3727/269/3456 3726/267/3456 3741/293/3456 3742/295/3456
f 3720/270/3457 3719/268/3457 3734/294/3457 3735/296/3457
f 3728/271/3458 3727/269/3458 3742/295/3458 3743/297/3458
f 3721/272/3459 3720/270/3459 3735/296/3459 3736/281/3459
f 3729/273/3460 3728/271/3460 3743/297/3460 3744/286/3460
f 3722/274/3461 3721/272/3461 3736/281/3461 3737/282/3461
f 3715/276/3462 3579/283/3462 3730/284/3462
f 3805/285/3463 3729/273/3463 3744/286/3463
f 3723/278/3464 3722/274/3464 3737/282/3464 3738/287/3464
f 3716/279/3465 3715/276/3465 3730/284/3465 3731/288/3465
f 3724/280/3466 3723/278/3466 3738/287/3466 3739/289/3466
f 3736/281/3467 3735/296/3467 3750/303/3467 3751/305/3467
f 3744/286/3468 3743/297/3468 3758/304/3468 3759/306/3468
f 3737/282/3469 3736/281/3469 3751/305/3469 3752/307/3469
f 3730/284/3470 3579/308/3470 3745/309/3470
f 3805/310/3471 3744/286/3471 3759/306/3471
f 3738/287/3472 3737/282/3472 3752/307/3472 3753/311/3472
f 3731/288/3473 3730/284/3473 3745/309/3473 3746/312/3473
f 3739/289/3474 3738/287/3474 3753/311/3474 3754/313/3474
f 3732/290/3475 3731/288/3475 3746/312/3475 3747/314/3475
f 3740/291/3476 3739/289/3476 3754/313/3476 3755/298/3476
f 3733/292/3477 3732/290/3477 3747/314/3477 3748/300/3477
f 3741/293/3478 3740/291/3478 3755/298/3478 3756/299/3478
f 3734/294/3479 3733/292/3479 3748/300/3479 3749/301/3479
f 3742/295/3480 3741/293/3480 3756/299/3480 3757/302/3480
f 3735/296/3481 3734/294/3481 3749/301/3481 3750/303/3481
f 3743/297/3482 3742/295/3482 3757/302/3482 3758/304/3482
f 3755/298/3483 3754/313/3483 3769/321/3483 3770/323/3483
f 3748/300/3484 3747/314/3484 3762/322/3484 3763/324/3484
f 3756/299/3485 3755/298/3485 3770/323/3485 3771/325/3485
f 3749/301/3486 3748/300/3486 3763/324/3486 3764/326/3486
f 3757/302/3487 3756/299/3487 3771/325/3487 3772/327/3487
f 3750/303/3488 3749/301/3488 3764/326/3488 3765/328/3488
f 3758/304/3489 3757/302/3489 3772/327/3489 3773/329/3489
f 3751/305/3490 3750/303/3490 3765/328/3490 3766/330/3490
f 3759/306/3491 3758/304/3491 3773/329/3491 3774/316/3491
f 3752/307/3492 3751/305/3492 3766/330/3492 3767/317/3492
f 3745/309/3493 3579/331/3493 3760/319/3493
f 3805/315/3494 3759/306/3494 3774/316/3494
f 3753/311/3495 3752/307/3495 3767/317/3495 3768/318/3495
f 3746/312/3496 3745/309/3496 3760/319/3496 3761/320/3496
f 3754/313/3497 3753/311/3497 3768/318/3497 3769/321/3497
f 3747/314/3498 3746/312/3498 3761/320/3498 3762/322/3498
f 3774/316/3499 3773/329/3499 3788/336/3499 3789/338/3499
f 3767/317/3500 3766/330/3500 3781/337/3500 3782/339/3500
f 3760/319/3501 3579/340/3501 3775/341/3501
f 3805/342/3502 3774/316/3502 3789/338/3502
f 3768/318/3503 3767/317/3503 3782/339/3503 3783/343/3503
f 3761/320/3504 3760/319/3504 3775/341/3504 3776/344/3504
f 3769/321/3505 3768/318/3505 3783/343/3505 3784/345/3505
f 3762/322/3506 3761/320/3506 3776/344/3506 3777/346/3506
f 3770/323/3507 3769/321/3507 3784/345/3507 3785/347/3507
f 3763/324/3508 3762/322/3508 3777/346/3508 3778/348/3508
f 3771/325/3509 3770/323/3509 3785/347/3509 3786/332/3509
f 3764/326/3510 3763/324/3510 3778/348/3510 3779/334/3510
f 3772/327/3511 3771/325/3511 3786/332/3511 3787/333/3511
f 3765/328/3512 3764/326/3512 3779/334/3512 3780/335/3512
f 3773/329/3513 3772/327/3513 3787/333/3513 3788/336/3513
f 3766/330/3514 3765/328/3514 3780/335/3514 3781/337/3514
f 3778/348/3515 3777/346/3515 3792/353/3515 3793/355/3515
f 3786/332/3516 3785/347/3516 3800/354/3516 3801/356/3516
f 3779/334/3517 3778/348/3517 3793/355/3517 3794/357/3517
f 3787/333/3518 3786/332/3518 3801/356/3518 3802/358/3518
f 3780/335/3519 3779/334/3519 3794/357/3519 3795/359/3519
f 3788/336/3520 3787/333/3520 3802/358/3520 3803/360/3520
f 3781/337/3521 3780/335/3521 3795/359/3521 3796/361/3521
f 3789/338/3522 3788/336/3522 3803/360/3522 3804/362/3522
f 3782/339/3523 3781/337/3523 3796/361/3523 3797/363/3523
f 3775/341/3524 3579/364/3524 3790/349/3524
f 3805/365/3525 3789/338/3525 3804/362/3525
f 3783/343/3526 3782/339/3526 3797/363/3526 3798/351/3526
f 3776/344/3527 3775/341/3527 3790/349/3527 3791/350/3527
f 3784/345/3528 3783/343/3528 3798/351/3528 3799/352/3528
f 3777/346/3529 3776/344/3529 3791/350/3529 3792/353/3529
f 3785/347/3530 3784/345/3530 3799/352/3530 3800/354/3530
f 3797/363/3531 3796/361/3531 3812/370/3531 3813/372/3531
f 3790/349/3532 3579/373/3532 3806/374/3532
f 3805/375/3533 3804/362/3533 3820/371/3533
f 3798/351/3534 3797/363/3534 3813/372/3534 3814/376/3534
f 3791/350/3535 3790/349/3535 3806/374/3535 3807/377/3535
f 3799/352/3536 3798/351/3536 3814/376/3536 3815/378/3536
f 3792/353/3537 3791/350/3537 3807/377/3537 3808/379/3537
f 3800/354/3538 3799/352/3538 3815/378/3538 3816/380/3538
f 3793/355/3539 3792/353/3539 3808/379/3539 3809/381/3539
f 3801/356/3540 3800/354/3540 3816/380/3540 3817/382/3540
f 3794/357/3541 3793/355/3541 3809/381/3541 3810/366/3541
f 3802/358/3542 3801/356/3542 3817/382/3542 3818/368/3542
f 3795/359/3543 3794/357/3543 3810/366/3543 3811/367/3543
f 3803/360/3544 3802/358/3544 3818/368/3544 3819/369/3544
f 3796/361/3545 3795/359/3545 3811/367/3545 3812/370/3545
f 3804/362/3546 3803/360/3546 3819/369/3546 3820/371/3546
f 3817/382/3547 3816/380/3547 3831/387/3547 3832/389/3547
f 3810/366/3548 3809/381/3548 3824/388/3548 3825/390/3548
f 3818/368/3549 3817/382/3549 3832/389/3549 3833/391/3549
f 3811/367/3550 3810/366/3550 3825/390/3550 3826/392/3550
f 3819/369/3551 3818/368/3551 3833/391/3551 3834/393/3551
f 3812/370/3552 3811/367/3552 3826/392/3552 3827/394/3552
f 3820/371/3553 3819/369/3553 3834/393/3553 3835/395/3553
f 3813/372/3554 3812/370/3554 3827/394/3554 3828/396/3554
f 3806/374/3555 3579/397/3555 3821/398/3555
f 3805/399/3556 3820/371/3556 3835/395/3556
f 3814/376/3557 3813/372/3557 3828/396/3557 3829/383/3557
f 3807/377/3558 3806/374/3558 3821/398/3558 3822/385/3558
f 3815/378/3559 3814/376/3559 3829/383/3559 3830/384/3559
f 3808/379/3560 3807/377/3560 3822/385/3560 3823/386/3560
f 3816/380/3561 3815/378/3561 3830/384/3561 3831/387/3561
f 3809/381/3562 3808/379/3562 3823/386/3562 3824/388/3562
f 3805/408/3563 3835/395/3563 3850/404/3563
f 3829/383/3564 3828/396/3564 3843/405/3564 3844/409/3564
f 3822/385/3565 3821/398/3565 3836/407/3565 3837/410/3565
f 3830/384/3566 3829/383/3566 3844/409/3566 3845/411/3566
f 3823/386/3567 3822/385/3567 3837/410/3567 3838/412/3567
f 3831/387/3568 3830/384/3568 3845/411/3568 3846/413/3568
f 3824/388/3569 3823/386/3569 3838/412/3569 3839/414/3569
f 3832/389/3570 3831/387/3570 3846/413/3570 3847/415/3570
f 3825/390/3571 3824/388/3571 3839/414/3571 3840/416/3571
f 3833/391/3572 3832/389/3572 3847/415/3572 3848/400/3572
f 3826/392/3573 3825/390/3573 3840/416/3573 3841/402/3573
f 3834/393/3574 3833/391/3574 3848/400/3574 3849/401/3574
f 3827/394/3575 3826/392/3575 3841/402/3575 3842/403/3575
f 3835/395/3576 3834/393/3576 3849/401/3576 3850/404/3576
f 3828/396/3577 3827/394/3577 3842/403/3577 3843/405/3577
f 3821/398/3578 3579/406/3578 3836/407/3578
f 3848/400/3579 3847/415/3579 3862/422/3579 3863/424/3579
f 3841/402/3580 3840/416/3580 3855/423/3580 3856/425/3580
f 3849/401/3581 3848/400/3581 3863/424/3581 3864/426/3581
f 3842/403/3582 3841/402/3582 3856/425/3582 3857/427/3582
f 3850/404/3583 3849/401/3583 3864/426/3583 3865/428/3583
f 3843/405/3584 3842/403/3584 3857/427/3584 3858/429/3584
f 3836/407/3585 3579/430/3585 3851/431/3585
f 3805/432/3586 3850/404/3586 3865/428/3586
f 3844/409/3587 3843/405/3587 3858/429/3587 3859/433/3587
f 3837/410/3588 3836/407/3588 3851/431/3588 3852/417/3588
f 3845/411/3589 3844/409/3589 3859/433/3589 3860/419/3589
f 3838/412/3590 3837/410/3590 3852/417/3590 3853/418/3590
f 3846/413/3591 3845/411/3591 3860/419/3591 3861/420/3591
f 3839/414/3592 3838/412/3592 3853/418/3592 3854/421/3592
f 3847/415/3593 3846/413/3593 3861/420/3593 3862/422/3593
f 3840/416/3594 3839/414/3594 3854/421/3594 3855/423/3594
f 3852/450/3595 3851/444/3595 3866/446/3595 3867/451/3595
f 3860/452/3596 3859/448/3596 3874/449/3596 3875/453/3596
f 3853/454/3597 3852/450/3597 3867/451/3597 3868/455/3597
f 3861/456/3598 3860/452/3598 3875/453/3598 3876/457/3598
f 3854/458/3599 3853/454/3599 3868/455/3599 3869/459/3599
f 3862/460/3600 3861/456/3600 3876/457/3600 3877/461/3600
f 3855/462/3601 3854/458/3601 3869/459/3601 3870/463/3601
f 3863/464/3602 3862/460/3602 3877/461/3602 3878/465/3602
f 3856/435/3603 3855/462/3603 3870/463/3603 3871/436/3603
f 3864/439/3604 3863/464/3604 3878/465/3604 3879/440/3604
f 3857/434/3605 3856/435/3605 3871/436/3605 3872/437/3605
f 3865/438/3606 3864/439/3606 3879/440/3606 3880/441/3606
f 3858/442/3607 3857/434/3607 3872/437/3607 3873/443/3607
f 3851/444/3608 3579/445/3608 3866/446/3608
f 3805/447/3609 3865/438/3609 3880/441/3609
f 3859/448/3610 3858/442/3610 3873/443/3610 3874/449/3610
f 3871/436/3611 3870/463/3611 3885/471/3611 3886/473/3611
f 3879/440/3612 3878/465/3612 3893/472/3612 3894/474/3612
f 3872/437/3613 3871/436/3613 3886/473/3613 3887/475/3613
f 3880/441/3614 3879/440/3614 3894/474/3614 3895/476/3614
f 3873/443/3615 3872/437/3615 3887/475/3615 3888/477/3615
f 3866/446/3616 3579/478/3616 3881/479/3616
f 3805/480/3617 3880/441/3617 3895/476/3617
f 3874/449/3618 3873/443/3618 3888/477/3618 3889/481/3618
f 3867/451/3619 3866/446/3619 3881/479/3619 3882/482/3619
f 3875/453/3620 3874/449/3620 3889/481/3620 3890/466/3620
f 3868/455/3621 3867/451/3621 3882/482/3621 3883/468/3621
f 3876/457/3622 3875/453/3622 3890/466/3622 3891/467/3622
f 3869/459/3623 3868/455/3623 3883/468/3623 3884/469/3623
f 3877/461/3624 3876/457/3624 3891/467/3624 3892/470/3624
f 3870/463/3625 3869/459/3625 3884/469/3625 3885/471/3625
f 3878/465/3626 3877/461/3626 3892/470/3626 3893/472/3626
f 3890/466/3627 3889/481/3627 3904/490/3627 3905/492/3627
f 3883/468/3628 3882/482/3628 3897/491/3628 3898/493/3628
f 3891/467/3629 3890/466/3629 3905/492/3629 3906/494/3629
f 3884/469/3630 3883/468/3630 3898/493/3630 3899/495/3630
f 3892/470/3631 3891/467/3631 3906/494/3631 3907/496/3631
f 3885/471/3632 3884/469/3632 3899/495/3632 3900/497/3632
f 3893/472/3633 3892/470/3633 3907/496/3633 3908/498/3633
f 3886/473/3634 3885/471/3634 3900/497/3634 3901/499/3634
f 3894/474/3635 3893/472/3635 3908/498/3635 3909/483/3635
f 3887/475/3636 3886/473/3636 3901/499/3636 3902/485/3636
f 3895/476/3637 3894/474/3637 3909/483/3637 3910/484/3637
f 3888/477/3638 3887/475/3638 3902/485/3638 3903/486/3638
f 3881/479/3639 3579/487/3639 3896/488/3639
f 3805/489/3640 3895/476/3640 3910/484/3640
f 3889/481/3641 3888/477/3641 3903/486/3641 3904/490/3641
f 3882/482/3642 3881/479/3642 3896/488/3642 3897/491/3642
f 3909/483/3643 3908/498/3643 3923/504/3643 3924/506/3643
f 3902/485/3644 3901/499/3644 3916/505/3644 3917/507/3644
f 3910/484/3645 3909/483/3645 3924/506/3645 3925/508/3645
f 3903/486/3646 3902/485/3646 3917/507/3646 3918/509/3646
f 3896/488/3647 3579/510/3647 3911/511/3647
f 3805/512/3648 3910/484/3648 3925/508/3648
f 3904/490/3649 3903/486/3649 3918/509/3649 3919/513/3649
f 3897/491/3650 3896/488/3650 3911/511/3650 3912/514/3650
f 3905/492/3651 3904/490/3651 3919/513/3651 3920/515/3651
f 3898/493/3652 3897/491/3652 3912/514/3652 3913/516/3652
f 3906/494/3653 3905/492/3653 3920/515/3653 3921/500/3653
f 3899/495/3654 3898/493/3654 3913/516/3654 3914/502/3654
f 3907/496/3655 3906/494/3655 3921/500/3655 3922/501/3655
f 3900/497/3656 3899/495/3656 3914/502/3656 3915/503/3656
f 3908/498/3657 3907/496/3657 3922/501/3657 3923/504/3657
f 3901/499/3658 3900/497/3658 3915/503/3658 3916/505/3658
f 3913/516/3659 3912/514/3659 3927/523/3659 3928/525/3659
f 3921/500/3660 3920/515/3660 3935/524/3660 3936/526/3660
f 3914/502/3661 3913/516/3661 3928/525/3661 3929/527/3661
f 3922/501/3662 3921/500/3662 3936/526/3662 3937/528/3662
f 3915/503/3663 3914/502/3663 3929/527/3663 3930/529/3663
f 3923/504/3664 3922/501/3664 3937/528/3664 3938/530/3664
f 3916/505/3665 3915/503/3665 3930/529/3665 3931/531/3665
f 3924/506/3666 3923/504/3666 3938/530/3666 3939/532/3666
f 3917/507/3667 3916/505/3667 3931/531/3667 3932/533/3667
f 3925/508/3668 3924/506/3668 3939/532/3668 3940/520/3668
f 3918/509/3669 3917/507/3669 3932/533/3669 3933/521/3669
f 3911/511/3670 3579/517/3670 3926/518/3670
f 3805/519/3671 3925/508/3671 3940/520/3671
f 3919/513/3672 3918/509/3672 3933/521/3672 3934/522/3672
f 3912/514/3673 3911/511/3673 3926/518/3673 3927/523/3673
f 3920/515/3674 3919/513/3674 3934/522/3674 3935/524/3674
f 3932/533/3675 3931/531/3675 3946/538/3675 3947/540/3675
f 3940/520/3676 3939/532/3676 3954/539/3676 3955/541/3676
f 3933/521/3677 3932/533/3677 3947/540/3677 3948/542/3677
f 3926/518/3678 3579/543/3678 3941/544/3678
f 3805/545/3679 3940/520/3679 3955/541/3679
f 3934/522/3680 3933/521/3680 3948/542/3680 3949/546/3680
f 3927/523/3681 3926/518/3681 3941/544/3681 3942/547/3681
f 3935/524/3682 3934/522/3682 3949/546/3682 3950/548/3682
f 3928/525/3683 3927/523/3683 3942/547/3683 3943/549/3683
f 3936/526/3684 3935/524/3684 3950/548/3684 3951/550/3684
f 3929/527/3685 3928/525/3685 3943/549/3685 3944/534/3685
f 3937/528/3686 3936/526/3686 3951/550/3686 3952/536/3686
f 3930/529/3687 3929/527/3687 3944/534/3687 3945/535/3687
f 3938/530/3688 3937/528/3688 3952/536/3688 3953/537/3688
f 3931/531/3689 3930/529/3689 3945/535/3689 3946/538/3689
f 3939/532/3690 3938/530/3690 3953/537/3690 3954/539/3690
f 3951/550/3691 3950/548/3691 3965/555/3691 3966/557/3691
f 3944/534/3692 3943/549/3692 3958/556/3692 3959/558/3692
f 3952/536/3693 3951/550/3693 3966/557/3693 3967/559/3693
f 3945/535/3694 3944/534/3694 3959/558/3694 3960/560/3694
f 3953/537/3695 3952/536/3695 3967/559/3695 3968/561/3695
f 3946/538/3696 3945/535/3696 3960/560/3696 3961/562/3696
f 3954/539/3697 3953/537/3697 3968/561/3697 3969/563/3697
f 3947/540/3698 3946/538/3698 3961/562/3698 3962/564/3698
f 3955/541/3699 3954/539/3699 3969/563/3699 3970/565/3699
f 3948/542/3700 3947/540/3700 3962/564/3700 3963/551/3700
f 3941/544/3701 3579/566/3701 3956/553/3701
f 3805/567/3702 3955/541/3702 3970/565/3702
f 3949/546/3703 3948/542/3703 3963/551/3703 3964/552/3703
f 3942/547/3704 3941/544/3704 3956/553/3704 3957/554/3704
f 3950/548/3705 3949/546/3705 3964/552/3705 3965/555/3705
f 3943/549/3706 3942/547/3706 3957/554/3706 3958/556/3706
f 3970/565/3707 3969/563/3707 3978/25/3707 3979/29/3707
f 3963/551/3708 3962/564/3708 3500/27/3708 3501/31/3708
f 3956/553/3709 3579/568/3709 3971/33/3709
f 3805/569/3710 3970/565/3710 3979/29/3710
f 3964/552/3711 3963/551/3711 3501/31/3711 3502/37/3711
f 3957/554/3712 3956/553/3712 3971/33/3712 3972/39/3712
f 3965/555/3713 3964/552/3713 3502/37/3713 3975/41/3713
f 3958/556/3714 3957/554/3714 3972/39/3714 3498/43/3714
f 3966/557/3715 3965/555/3715 3975/41/3715 3503/45/3715
f 3959/558/3716 3958/556/3716 3498/43/3716 3973/16/3716
f 3967/559/3717 3966/557/3717 3503/45/3717 3976/20/3717
f 3960/560/3718 3959/558/3718 3973/16/3718 3499/15/3718
f 3968/561/3719 3967/559/3719 3976/20/3719 3977/19/3719
f 3961/562/3720 3960/560/3720 3499/15/3720 3974/23/3720
f 3969/563/3721 3968/561/3721 3977/19/3721 3978/25/3721
f 3962/564/3722 3961/562/3722 3974/23/3722 3500/27/3722
f 4461/29/3723 4460/25/3723 3999/26/3723 4000/30/3723
f 3983/31/3724 3982/27/3724 3992/28/3724 3993/32/3724
f 4453/33/3725 4061/34/3725 3986/35/3725
f 4287/36/3726 4461/29/3726 4000/30/3726
f 3984/37/3727 3983/31/3727 3993/32/3727 3994/38/3727
f 4454/39/3728 4453/33/3728 3986/35/3728 3987/40/3728
f 4457/41/3729 3984/37/3729 3994/38/3729 3995/42/3729
f 3980/43/3730 4454/39/3730 3987/40/3730 3988/44/3730
f 3985/45/3731 4457/41/3731 3995/42/3731 3996/46/3731
f 4455/16/3732 3980/43/3732 3988/44/3732 3989/17/3732
f 4458/20/3733 3985/45/3733 3996/46/3733 3997/21/3733
f 3981/15/3734 4455/16/3734 3989/17/3734 3990/18/3734
f 4459/19/3735 4458/20/3735 3997/21/3735 3998/22/3735
f 4456/23/3736 3981/15/3736 3990/18/3736 3991/24/3736
f 4460/25/3737 4459/19/3737 3998/22/3737 3999/26/3737
f 3982/27/3738 4456/23/3738 3991/24/3738 3992/28/3738
f 3991/24/3739 3990/18/3739 4005/51/3739 4006/53/3739
f 3999/26/3740 3998/22/3740 4013/52/3740 4014/54/3740
f 3992/28/3741 3991/24/3741 4006/53/3741 4007/55/3741
f 4000/30/3742 3999/26/3742 4014/54/3742 4015/56/3742
f 3993/32/3743 3992/28/3743 4007/55/3743 4008/57/3743
f 3986/35/3744 4061/58/3744 4001/59/3744
f 4287/60/3745 4000/30/3745 4015/56/3745
f 3994/38/3746 3993/32/3746 4008/57/3746 4009/61/3746
f 3987/40/3747 3986/35/3747 4001/59/3747 4002/62/3747
f 3995/42/3748 3994/38/3748 4009/61/3748 4010/63/3748
f 3988/44/3749 3987/40/3749 4002/62/3749 4003/47/3749
f 3996/46/3750 3995/42/3750 4010/63/3750 4011/49/3750
f 3989/17/3751 3988/44/3751 4003/47/3751 4004/48/3751
f 3997/21/3752 3996/46/3752 4011/49/3752 4012/50/3752
f 3990/18/3753 3989/17/3753 4004/48/3753 4005/51/3753
f 3998/22/3754 3997/21/3754 4012/50/3754 4013/52/3754
f 4010/63/3755 4009/61/3755 4024/70/3755 4025/72/3755
f 4003/47/3756 4002/62/3756 4017/71/3756 4018/73/3756
f 4011/49/3757 4010/63/3757 4025/72/3757 4026/74/3757
f 4004/48/3758 4003/47/3758 4018/73/3758 4019/75/3758
f 4012/50/3759 4011/49/3759 4026/74/3759 4027/76/3759
f 4005/51/3760 4004/48/3760 4019/75/3760 4020/77/3760
f 4013/52/3761 4012/50/3761 4027/76/3761 4028/78/3761
f 4006/53/3762 4005/51/3762 4020/77/3762 4021/79/3762
f 4014/54/3763 4013/52/3763 4028/78/3763 4029/80/3763
f 4007/55/3764 4006/53/3764 4021/79/3764 4022/64/3764
f 4015/56/3765 4014/54/3765 4029/80/3765 4030/69/3765
f 4008/57/3766 4007/55/3766 4022/64/3766 4023/65/3766
f 4001/59/3767 4061/66/3767 4016/67/3767
f 4287/68/3768 4015/56/3768 4030/69/3768
f 4009/61/3769 4008/57/3769 4023/65/3769 4024/70/3769
f 4002/62/3770 4001/59/3770 4016/67/3770 4017/71/3770
f 4029/80/3771 4028/78/3771 4043/83/3771 4044/85/3771
f 4022/64/3772 4021/79/3772 4036/84/3772 4037/86/3772
f 4030/69/3773 4029/80/3773 4044/85/3773 4045/87/3773
f 4023/65/3774 4022/64/3774 4037/86/3774 4038/5/3774
f 4016/67/3775 4061/88/3775 4031/89/3775
f 4287/90/3776 4030/69/3776 4045/87/3776
f 4024/70/3777 4023/65/3777 4038/5/3777 4039/91/3777
f 4017/71/3778 4016/67/3778 4031/89/3778 4032/92/3778
f 4025/72/3779 4024/70/3779 4039/91/3779 4040/93/3779
f 4018/73/3780 4017/71/3780 4032/92/3780 4033/94/3780
f 4026/74/3781 4025/72/3781 4040/93/3781 4041/81/3781
f 4019/75/3782 4018/73/3782 4033/94/3782 4034/7/3782
f 4027/76/3783 4026/74/3783 4041/81/3783 4042/3/3783
f 4020/77/3784 4019/75/3784 4034/7/3784 4035/82/3784
f 4028/78/3785 4027/76/3785 4042/3/3785 4043/83/3785
f 4021/79/3786 4020/77/3786 4035/82/3786 4036/84/3786
f 4041/81/3787 4040/93/3787 4055/102/3787 4056/104/3787
f 4034/7/3788 4033/94/3788 4048/103/3788 4049/105/3788
f 4042/3/3789 4041/81/3789 4056/104/3789 4057/106/3789
f 4035/82/3790 4034/7/3790 4049/105/3790 4050/107/3790
f 4043/83/3791 4042/3/3791 4057/106/3791 4058/108/3791
f 4036/84/3792 4035/82/3792 4050/107/3792 4051/109/3792
f 4044/85/3793 4043/83/3793 4058/108/3793 4059/110/3793
f 4037/86/3794 4036/84/3794 4051/109/3794 4052/111/3794
f 4045/87/3795 4044/85/3795 4059/110/3795 4060/98/3795
f 4038/5/3796 4037/86/3796 4052/111/3796 4053/99/3796
f 4031/89/3797 4061/95/3797 4046/96/3797
f 4287/97/3798 4045/87/3798 4060/98/3798
f 4039/91/3799 4038/5/3799 4053/99/3799 4054/100/3799
f 4032/92/3800 4031/89/3800 4046/96/3800 4047/101/3800
f 4040/93/3801 4039/91/3801 4054/100/3801 4055/102/3801
f 4033/94/3802 4032/92/3802 4047/101/3802 4048/103/3802
f 4060/98/3803 4059/110/3803 4075/117/3803 4076/119/3803
f 4053/99/3804 4052/111/3804 4068/118/3804 4069/120/3804
f 4046/96/3805 4061/121/3805 4062/122/3805
f 4287/123/3806 4060/98/3806 4076/119/3806
f 4054/100/3807 4053/99/3807 4069/120/3807 4070/124/3807
f 4047/101/3808 4046/96/3808 4062/122/3808 4063/125/3808
f 4055/102/3809 4054/100/3809 4070/124/3809 4071/126/3809
f 4048/103/3810 4047/101/3810 4063/125/3810 4064/127/3810
f 4056/104/3811 4055/102/3811 4071/126/3811 4072/128/3811
f 4049/105/3812 4048/103/3812 4064/127/3812 4065/112/3812
f 4057/106/3813 4056/104/3813 4072/128/3813 4073/114/3813
f 4050/107/3814 4049/105/3814 4065/112/3814 4066/113/3814
f 4058/108/3815 4057/106/3815 4073/114/3815 4074/115/3815
f 4051/109/3816 4050/107/3816 4066/113/3816 4067/116/3816
f 4059/110/3817 4058/108/3817 4074/115/3817 4075/117/3817
f 4052/111/3818 4051/109/3818 4067/116/3818 4068/118/3818
f 4065/112/3819 4064/127/3819 4079/134/3819 4080/136/3819
f 4073/114/3820 4072/128/3820 4087/135/3820 4088/137/3820
f 4066/113/3821 4065/112/3821 4080/136/3821 4081/138/3821
f 4074/115/3822 4073/114/3822 4088/137/3822 4089/139/3822
f 4067/116/3823 4066/113/3823 4081/138/3823 4082/140/3823
f 4075/117/3824 4074/115/3824 4089/139/3824 4090/141/3824
f 4068/118/3825 4067/116/3825 4082/140/3825 4083/142/3825
f 4076/119/3826 4075/117/3826 4090/141/3826 4091/143/3826
f 4069/120/3827 4068/118/3827 4083/142/3827 4084/129/3827
f 4062/122/3828 4061/144/3828 4077/131/3828
f 4287/145/3829 4076/119/3829 4091/143/3829
f 4070/124/3830 4069/120/3830 4084/129/3830 4085/130/3830
f 4063/125/3831 4062/122/3831 4077/131/3831 4078/132/3831
f 4071/126/3832 4070/124/3832 4085/130/3832 4086/133/3832
f 4064/127/3833 4063/125/3833 4078/132/3833 4079/134/3833
f 4072/128/3834 4071/126/3834 4086/133/3834 4087/135/3834
f 4084/129/3835 4083/142/3835 4098/151/3835 4099/153/3835
f 4077/131/3836 4061/154/3836 4092/155/3836
f 4287/156/3837 4091/143/3837 4106/152/3837
f 4085/130/3838 4084/129/3838 4099/153/3838 4100/157/3838
f 4078/132/3839 4077/131/3839 4092/155/3839 4093/158/3839
f 4086/133/3840 4085/130/3840 4100/157/3840 4101/159/3840
f 4079/134/3841 4078/132/3841 4093/158/3841 4094/160/3841
f 4087/135/3842 4086/133/3842 4101/159/3842 4102/161/3842
f 4080/136/3843 4079/134/3843 4094/160/3843 4095/162/3843
f 4088/137/3844 4087/135/3844 4102/161/3844 4103/146/3844
f 4081/138/3845 4080/136/3845 4095/162/3845 4096/148/3845
f 4089/139/3846 4088/137/3846 4103/146/3846 4104/147/3846
f 4082/140/3847 4081/138/3847 4096/148/3847 4097/149/3847
f 4090/141/3848 4089/139/3848 4104/147/3848 4105/150/3848
f 4083/142/3849 4082/140/3849 4097/149/3849 4098/151/3849
f 4091/143/3850 4090/141/3850 4105/150/3850 4106/152/3850
f 4103/146/3851 4102/161/3851 4117/167/3851 4118/169/3851
f 4096/148/3852 4095/162/3852 4110/168/3852 4111/170/3852
f 4104/147/3853 4103/146/3853 4118/169/3853 4119/171/3853
f 4097/149/3854 4096/148/3854 4111/170/3854 4112/172/3854
f 4105/150/3855 4104/147/3855 4119/171/3855 4120/173/3855
f 4098/151/3856 4097/149/3856 4112/172/3856 4113/174/3856
f 4106/152/3857 4105/150/3857 4120/173/3857 4121/175/3857
f 4099/153/3858 4098/151/3858 4113/174/3858 4114/176/3858
f 4092/155/3859 4061/177/3859 4107/178/3859
f 4287/179/3860 4106/152/3860 4121/175/3860
f 4100/157/3861 4099/153/3861 4114/176/3861 4115/163/3861
f 4093/158/3862 4092/155/3862 4107/178/3862 4108/165/3862
f 4101/159/3863 4100/157/3863 4115/163/3863 4116/164/3863
f 4094/160/3864 4093/158/3864 4108/165/3864 4109/166/3864
f 4102/161/3865 4101/159/3865 4116/164/3865 4117/167/3865
f 4095/162/3866 4094/160/3866 4109/166/3866 4110/168/3866
f 4107/178/3867 4061/186/3867 4122/187/3867
f 4287/188/3868 4121/175/3868 4136/184/3868
f 4115/163/3869 4114/176/3869 4129/185/3869 4130/189/3869
f 4108/165/3870 4107/178/3870 4122/187/3870 4123/190/3870
f 4116/164/3871 4115/163/3871 4130/189/3871 4131/191/3871
f 4109/166/3872 4108/165/3872 4123/190/3872 4124/192/3872
f 4117/167/3873 4116/164/3873 4131/191/3873 4132/193/3873
f 4110/168/3874 4109/166/3874 4124/192/3874 4125/194/3874
f 4118/169/3875 4117/167/3875 4132/193/3875 4133/195/3875
f 4111/170/3876 4110/168/3876 4125/194/3876 4126/196/3876
f 4119/171/3877 4118/169/3877 4133/195/3877 4134/180/3877
f 4112/172/3878 4111/170/3878 4126/196/3878 4127/182/3878
f 4120/173/3879 4119/171/3879 4134/180/3879 4135/181/3879
f 4113/174/3880 4112/172/3880 4127/182/3880 4128/183/3880
f 4121/175/3881 4120/173/3881 4135/181/3881 4136/184/3881
f 4114/176/3882 4113/174/3882 4128/183/3882 4129/185/3882
f 4126/196/3883 4125/194/3883 4140/201/3883 4141/203/3883
f 4134/180/3884 4133/195/3884 4148/202/3884 4149/204/3884
f 4127/182/3885 4126/196/3885 4141/203/3885 4142/205/3885
f 4135/181/3886 4134/180/3886 4149/204/3886 4150/206/3886
f 4128/183/3887 4127/182/3887 4142/205/3887 4143/207/3887
f 4136/184/3888 4135/181/3888 4150/206/3888 4151/208/3888
f 4129/185/3889 4128/183/3889 4143/207/3889 4144/209/3889
f 4122/187/3890 4061/210/3890 4137/211/3890
f 4287/212/3891 4136/184/3891 4151/208/3891
f 4130/189/3892 4129/185/3892 4144/209/3892 4145/213/3892
f 4123/190/3893 4122/187/3893 4137/211/3893 4138/197/3893
f 4131/191/3894 4130/189/3894 4145/213/3894 4146/199/3894
f 4124/192/3895 4123/190/3895 4138/197/3895 4139/198/3895
f 4132/193/3896 4131/191/3896 4146/199/3896 4147/200/3896
f 4125/194/3897 4124/192/3897 4139/198/3897 4140/201/3897
f 4133/195/3898 4132/193/3898 4147/200/3898 4148/202/3898
f 4145/213/3899 4144/209/3899 4159/218/3899 4160/222/3899
f 4138/197/3900 4137/211/3900 4152/220/3900 4153/223/3900
f 4146/199/3901 4145/213/3901 4160/222/3901 4161/224/3901
f 4139/198/3902 4138/197/3902 4153/223/3902 4154/225/3902
f 4147/200/3903 4146/199/3903 4161/224/3903 4162/226/3903
f 4140/201/3904 4139/198/3904 4154/225/3904 4155/227/3904
f 4148/202/3905 4147/200/3905 4162/226/3905 4163/4/3905
f 4141/203/3906 4140/201/3906 4155/227/3906 4156/228/3906
f 4149/204/3907 4148/202/3907 4163/4/3907 4164/229/3907
f 4142/205/3908 4141/203/3908 4156/228/3908 4157/214/3908
f 4150/206/3909 4149/204/3909 4164/229/3909 4165/216/3909
f 4143/207/3910 4142/205/3910 4157/214/3910 4158/215/3910
f 4151/208/3911 4150/206/3911 4165/216/3911 4166/217/3911
f 4144/209/3912 4143/207/3912 4158/215/3912 4159/218/3912
f 4137/211/3913 4061/219/3913 4152/220/3913
f 4287/221/3914 4151/208/3914 4166/217/3914
f 4164/229/3915 4163/4/3915 4178/234/3915 4179/236/3915
f 4157/214/3916 4156/228/3916 4171/235/3916 4172/237/3916
f 4165/216/3917 4164/229/3917 4179/236/3917 4180/238/3917
f 4158/215/3918 4157/214/3918 4172/237/3918 4173/239/3918
f 4166/217/3919 4165/216/3919 4180/238/3919 4181/240/3919
f 4159/218/3920 4158/215/3920 4173/239/3920 4174/241/3920
f 4152/220/3921 4061/242/3921 4167/243/3921
f 4287/244/3922 4166/217/3922 4181/240/3922
f 4160/222/3923 4159/218/3923 4174/241/3923 4175/245/3923
f 4153/223/3924 4152/220/3924 4167/243/3924 4168/246/3924
f 4161/224/3925 4160/222/3925 4175/245/3925 4176/230/3925
f 4154/225/3926 4153/223/3926 4168/246/3926 4169/232/3926
f 4162/226/3927 4161/224/3927 4176/230/3927 4177/231/3927
f 4155/227/3928 4154/225/3928 4169/232/3928 4170/233/3928
f 4163/4/3929 4162/226/3929 4177/231/3929 4178/234/3929
f 4156/228/3930 4155/227/3930 4170/233/3930 4171/235/3930
f 4176/230/3931 4175/245/3931 4190/254/3931 4191/256/3931
f 4169/232/3932 4168/246/3932 4183/255/3932 4184/257/3932
f 4177/231/3933 4176/230/3933 4191/256/3933 4192/258/3933
f 4170/233/3934 4169/232/3934 4184/257/3934 4185/259/3934
f 4178/234/3935 4177/231/3935 4192/258/3935 4193/260/3935
f 4171/235/3936 4170/233/3936 4185/259/3936 4186/261/3936
f 4179/236/3937 4178/234/3937 4193/260/3937 4194/262/3937
f 4172/237/3938 4171/235/3938 4186/261/3938 4187/263/3938
f 4180/238/3939 4179/236/3939 4194/262/3939 4195/247/3939
f 4173/239/3940 4172/237/3940 4187/263/3940 4188/249/3940
f 4181/240/3941 4180/238/3941 4195/247/3941 4196/248/3941
f 4174/241/3942 4173/239/3942 4188/249/3942 4189/250/3942
f 4167/243/3943 4061/251/3943 4182/252/3943
f 4287/253/3944 4181/240/3944 4196/248/3944
f 4175/245/3945 4174/241/3945 4189/250/3945 4190/254/3945
f 4168/246/3946 4167/243/3946 4182/252/3946 4183/255/3946
f 4195/247/3947 4194/262/3947 4209/269/3947 4210/271/3947
f 4188/249/3948 4187/263/3948 4202/270/3948 4203/272/3948
f 4196/248/3949 4195/247/3949 4210/271/3949 4211/273/3949
f 4189/250/3950 4188/249/3950 4203/272/3950 4204/274/3950
f 4182/252/3951 4061/275/3951 4197/276/3951
f 4287/277/3952 4196/248/3952 4211/273/3952
f 4190/254/3953 4189/250/3953 4204/274/3953 4205/278/3953
f 4183/255/3954 4182/252/3954 4197/276/3954 4198/279/3954
f 4191/256/3955 4190/254/3955 4205/278/3955 4206/280/3955
f 4184/257/3956 4183/255/3956 4198/279/3956 4199/264/3956
f 4192/258/3957 4191/256/3957 4206/280/3957 4207/266/3957
f 4185/259/3958 4184/257/3958 4199/264/3958 4200/265/3958
f 4193/260/3959 4192/258/3959 4207/266/3959 4208/267/3959
f 4186/261/3960 4185/259/3960 4200/265/3960 4201/268/3960
f 4194/262/3961 4193/260/3961 4208/267/3961 4209/269/3961
f 4187/263/3962 4186/261/3962 4201/268/3962 4202/270/3962
f 4199/264/3963 4198/279/3963 4213/288/3963 4214/290/3963
f 4207/266/3964 4206/280/3964 4221/289/3964 4222/291/3964
f 4200/265/3965 4199/264/3965 4214/290/3965 4215/292/3965
f 4208/267/3966 4207/266/3966 4222/291/3966 4223/293/3966
f 4201/268/3967 4200/265/3967 4215/292/3967 4216/294/3967
f 4209/269/3968 4208/267/3968 4223/293/3968 4224/295/3968
f 4202/270/3969 4201/268/3969 4216/294/3969 4217/296/3969
f 4210/271/3970 4209/269/3970 4224/295/3970 4225/297/3970
f 4203/272/3971 4202/270/3971 4217/296/3971 4218/281/3971
f 4211/273/3972 4210/271/3972 4225/297/3972 4226/286/3972
f 4204/274/3973 4203/272/3973 4218/281/3973 4219/282/3973
f 4197/276/3974 4061/283/3974 4212/284/3974
f 4287/285/3975 4211/273/3975 4226/286/3975
f 4205/278/3976 4204/274/3976 4219/282/3976 4220/287/3976
f 4198/279/3977 4197/276/3977 4212/284/3977 4213/288/3977
f 4206/280/3978 4205/278/3978 4220/287/3978 4221/289/3978
f 4218/281/3979 4217/296/3979 4232/303/3979 4233/305/3979
f 4226/286/3980 4225/297/3980 4240/304/3980 4241/306/3980
f 4219/282/3981 4218/281/3981 4233/305/3981 4234/307/3981
f 4212/284/3982 4061/308/3982 4227/309/3982
f 4287/310/3983 4226/286/3983 4241/306/3983
f 4220/287/3984 4219/282/3984 4234/307/3984 4235/311/3984
f 4213/288/3985 4212/284/3985 4227/309/3985 4228/312/3985
f 4221/289/3986 4220/287/3986 4235/311/3986 4236/313/3986
f 4214/290/3987 4213/288/3987 4228/312/3987 4229/314/3987
f 4222/291/3988 4221/289/3988 4236/313/3988 4237/298/3988
f 4215/292/3989 4214/290/3989 4229/314/3989 4230/300/3989
f 4223/293/3990 4222/291/3990 4237/298/3990 4238/299/3990
f 4216/294/3991 4215/292/3991 4230/300/3991 4231/301/3991
f 4224/295/3992 4223/293/3992 4238/299/3992 4239/302/3992
f 4217/296/3993 4216/294/3993 4231/301/3993 4232/303/3993
f 4225/297/3994 4224/295/3994 4239/302/3994 4240/304/3994
f 4237/298/3995 4236/313/3995 4251/321/3995 4252/323/3995
f 4230/300/3996 4229/314/3996 4244/322/3996 4245/324/3996
f 4238/299/3997 4237/298/3997 4252/323/3997 4253/325/3997
f 4231/301/3998 4230/300/3998 4245/324/3998 4246/326/3998
f 4239/302/3999 4238/299/3999 4253/325/3999 4254/327/3999
f 4232/303/4000 4231/301/4000 4246/326/4000 4247/328/4000
f 4240/304/4001 4239/302/4001 4254/327/4001 4255/329/4001
f 4233/305/4002 4232/303/4002 4247/328/4002 4248/330/4002
f 4241/306/4003 4240/304/4003 4255/329/4003 4256/316/4003
f 4234/307/4004 4233/305/4004 4248/330/4004 4249/317/4004
f 4227/309/4005 4061/331/4005 4242/319/4005
f 4287/315/4006 4241/306/4006 4256/316/4006
f 4235/311/4007 4234/307/4007 4249/317/4007 4250/318/4007
f 4228/312/4008 4227/309/4008 4242/319/4008 4243/320/4008
f 4236/313/4009 4235/311/4009 4250/318/4009 4251/321/4009
f 4229/314/4010 4228/312/4010 4243/320/4010 4244/322/4010
f 4256/316/4011 4255/329/4011 4270/336/4011 4271/338/4011
f 4249/317/4012 4248/330/4012 4263/337/4012 4264/339/4012
f 4242/319/4013 4061/340/4013 4257/341/4013
f 4287/342/4014 4256/316/4014 4271/338/4014
f 4250/318/4015 4249/317/4015 4264/339/4015 4265/343/4015
f 4243/320/4016 4242/319/4016 4257/341/4016 4258/344/4016
f 4251/321/4017 4250/318/4017 4265/343/4017 4266/345/4017
f 4244/322/4018 4243/320/4018 4258/344/4018 4259/346/4018
f 4252/323/4019 4251/321/4019 4266/345/4019 4267/347/4019
f 4245/324/4020 4244/322/4020 4259/346/4020 4260/348/4020
f 4253/325/4021 4252/323/4021 4267/347/4021 4268/332/4021
f 4246/326/4022 4245/324/4022 4260/348/4022 4261/334/4022
f 4254/327/4023 4253/325/4023 4268/332/4023 4269/333/4023
f 4247/328/4024 4246/326/4024 4261/334/4024 4262/335/4024
f 4255/329/4025 4254/327/4025 4269/333/4025 4270/336/4025
f 4248/330/4026 4247/328/4026 4262/335/4026 4263/337/4026
f 4260/348/4027 4259/346/4027 4274/353/4027 4275/355/4027
f 4268/332/4028 4267/347/4028 4282/354/4028 4283/356/4028
f 4261/334/4029 4260/348/4029 4275/355/4029 4276/357/4029
f 4269/333/4030 4268/332/4030 4283/356/4030 4284/358/4030
f 4262/335/4031 4261/334/4031 4276/357/4031 4277/359/4031
f 4270/336/4032 4269/333/4032 4284/358/4032 4285/360/4032
f 4263/337/4033 4262/335/4033 4277/359/4033 4278/361/4033
f 4271/338/4034 4270/336/4034 4285/360/4034 4286/362/4034
f 4264/339/4035 4263/337/4035 4278/361/4035 4279/363/4035
f 4257/341/4036 4061/364/4036 4272/349/4036
f 4287/365/4037 4271/338/4037 4286/362/4037
f 4265/343/4038 4264/339/4038 4279/363/4038 4280/351/4038
f 4258/344/4039 4257/341/4039 4272/349/4039 4273/350/4039
f 4266/345/4040 4265/343/4040 4280/351/4040 4281/352/4040
f 4259/346/4041 4258/344/4041 4273/350/4041 4274/353/4041
f 4267/347/4042 4266/345/4042 4281/352/4042 4282/354/4042
f 4279/363/4043 4278/361/4043 4294/370/4043 4295/372/4043
f 4272/349/4044 4061/373/4044 4288/374/4044
f 4287/375/4045 4286/362/4045 4302/371/4045
f 4280/351/4046 4279/363/4046 4295/372/4046 4296/376/4046
f 4273/350/4047 4272/349/4047 4288/374/4047 4289/377/4047
f 4281/352/4048 4280/351/4048 4296/376/4048 4297/378/4048
f 4274/353/4049 4273/350/4049 4289/377/4049 4290/379/4049
f 4282/354/4050 4281/352/4050 4297/378/4050 4298/380/4050
f 4275/355/4051 4274/353/4051 4290/379/4051 4291/381/4051
f 4283/356/4052 4282/354/4052 4298/380/4052 4299/382/4052
f 4276/357/4053 4275/355/4053 4291/381/4053 4292/366/4053
f 4284/358/4054 4283/356/4054 4299/382/4054 4300/368/4054
f 4277/359/4055 4276/357/4055 4292/366/4055 4293/367/4055
f 4285/360/4056 4284/358/4056 4300/368/4056 4301/369/4056
f 4278/361/4057 4277/359/4057 4293/367/4057 4294/370/4057
f 4286/362/4058 4285/360/4058 4301/369/4058 4302/371/4058
f 4299/382/4059 4298/380/4059 4313/387/4059 4314/389/4059
f 4292/366/4060 4291/381/4060 4306/388/4060 4307/390/4060
f 4300/368/4061 4299/382/4061 4314/389/4061 4315/391/4061
f 4293/367/4062 4292/366/4062 4307/390/4062 4308/392/4062
f 4301/369/4063 4300/368/4063 4315/391/4063 4316/393/4063
f 4294/370/4064 4293/367/4064 4308/392/4064 4309/394/4064
f 4302/371/4065 4301/369/4065 4316/393/4065 4317/395/4065
f 4295/372/4066 4294/370/4066 4309/394/4066 4310/396/4066
f 4288/374/4067 4061/397/4067 4303/398/4067
f 4287/399/4068 4302/371/4068 4317/395/4068
f 4296/376/4069 4295/372/4069 4310/396/4069 4311/383/4069
f 4289/377/4070 4288/374/4070 4303/398/4070 4304/385/4070
f 4297/378/4071 4296/376/4071 4311/383/4071 4312/384/4071
f 4290/379/4072 4289/377/4072 4304/385/4072 4305/386/4072
f 4298/380/4073 4297/378/4073 4312/384/4073 4313/387/4073
f 4291/381/4074 4290/379/4074 4305/386/4074 4306/388/4074
f 4287/408/4075 4317/395/4075 4332/404/4075
f 4311/383/4076 4310/396/4076 4325/405/4076 4326/409/4076
f 4304/385/4077 4303/398/4077 4318/407/4077 4319/410/4077
f 4312/384/4078 4311/383/4078 4326/409/4078 4327/411/4078
f 4305/386/4079 4304/385/4079 4319/410/4079 4320/412/4079
f 4313/387/4080 4312/384/4080 4327/411/4080 4328/413/4080
f 4306/388/4081 4305/386/4081 4320/412/4081 4321/414/4081
f 4314/389/4082 4313/387/4082 4328/413/4082 4329/415/4082
f 4307/390/4083 4306/388/4083 4321/414/4083 4322/416/4083
f 4315/391/4084 4314/389/4084 4329/415/4084 4330/400/4084
f 4308/392/4085 4307/390/4085 4322/416/4085 4323/402/4085
f 4316/393/4086 4315/391/4086 4330/400/4086 4331/401/4086
f 4309/394/4087 4308/392/4087 4323/402/4087 4324/403/4087
f 4317/395/4088 4316/393/4088 4331/401/4088 4332/404/4088
f 4310/396/4089 4309/394/4089 4324/403/4089 4325/405/4089
f 4303/398/4090 4061/406/4090 4318/407/4090
f 4330/400/4091 4329/415/4091 4344/422/4091 4345/424/4091
f 4323/402/4092 4322/416/4092 4337/423/4092 4338/425/4092
f 4331/401/4093 4330/400/4093 4345/424/4093 4346/426/4093
f 4324/403/4094 4323/402/4094 4338/425/4094 4339/427/4094
f 4332/404/4095 4331/401/4095 4346/426/4095 4347/428/4095
f 4325/405/4096 4324/403/4096 4339/427/4096 4340/429/4096
f 4318/407/4097 4061/430/4097 4333/431/4097
f 4287/432/4098 4332/404/4098 4347/428/4098
f 4326/409/4099 4325/405/4099 4340/429/4099 4341/433/4099
f 4319/410/4100 4318/407/4100 4333/431/4100 4334/417/4100
f 4327/411/4101 4326/409/4101 4341/433/4101 4342/419/4101
f 4320/412/4102 4319/410/4102 4334/417/4102 4335/418/4102
f 4328/413/4103 4327/411/4103 4342/419/4103 4343/420/4103
f 4321/414/4104 4320/412/4104 4335/418/4104 4336/421/4104
f 4329/415/4105 4328/413/4105 4343/420/4105 4344/422/4105
f 4322/416/4106 4321/414/4106 4336/421/4106 4337/423/4106
f 4334/450/4107 4333/444/4107 4348/446/4107 4349/451/4107
f 4342/452/4108 4341/448/4108 4356/449/4108 4357/453/4108
f 4335/454/4109 4334/450/4109 4349/451/4109 4350/455/4109
f 4343/456/4110 4342/452/4110 4357/453/4110 4358/457/4110
f 4336/458/4111 4335/454/4111 4350/455/4111 4351/459/4111
f 4344/460/4112 4343/456/4112 4358/457/4112 4359/461/4112
f 4337/462/4113 4336/458/4113 4351/459/4113 4352/463/4113
f 4345/464/4114 4344/460/4114 4359/461/4114 4360/465/4114
f 4338/435/4115 4337/462/4115 4352/463/4115 4353/436/4115
f 4346/439/4116 4345/464/4116 4360/465/4116 4361/440/4116
f 4339/434/4117 4338/435/4117 4353/436/4117 4354/437/4117
f 4347/438/4118 4346/439/4118 4361/440/4118 4362/441/4118
f 4340/442/4119 4339/434/4119 4354/437/4119 4355/443/4119
f 4333/444/4120 4061/445/4120 4348/446/4120
f 4287/447/4121 4347/438/4121 4362/441/4121
f 4341/448/4122 4340/442/4122 4355/443/4122 4356/449/4122
f 4353/436/4123 4352/463/4123 4367/471/4123 4368/473/4123
f 4361/440/4124 4360/465/4124 4375/472/4124 4376/474/4124
f 4354/437/4125 4353/436/4125 4368/473/4125 4369/475/4125
f 4362/441/4126 4361/440/4126 4376/474/4126 4377/476/4126
f 4355/443/4127 4354/437/4127 4369/475/4127 4370/477/4127
f 4348/446/4128 4061/478/4128 4363/479/4128
f 4287/480/4129 4362/441/4129 4377/476/4129
f 4356/449/4130 4355/443/4130 4370/477/4130 4371/481/4130
f 4349/451/4131 4348/446/4131 4363/479/4131 4364/482/4131
f 4357/453/4132 4356/449/4132 4371/481/4132 4372/466/4132
f 4350/455/4133 4349/451/4133 4364/482/4133 4365/468/4133
f 4358/457/4134 4357/453/4134 4372/466/4134 4373/467/4134
f 4351/459/4135 4350/455/4135 4365/468/4135 4366/469/4135
f 4359/461/4136 4358/457/4136 4373/467/4136 4374/470/4136
f 4352/463/4137 4351/459/4137 4366/469/4137 4367/471/4137
f 4360/465/4138 4359/461/4138 4374/470/4138 4375/472/4138
f 4372/466/4139 4371/481/4139 4386/490/4139 4387/492/4139
f 4365/468/4140 4364/482/4140 4379/491/4140 4380/493/4140
f 4373/467/4141 4372/466/4141 4387/492/4141 4388/494/4141
f 4366/469/4142 4365/468/4142 4380/493/4142 4381/495/4142
f 4374/470/4143 4373/467/4143 4388/494/4143 4389/496/4143
f 4367/471/4144 4366/469/4144 4381/495/4144 4382/497/4144
f 4375/472/4145 4374/470/4145 4389/496/4145 4390/498/4145
f 4368/473/4146 4367/471/4146 4382/497/4146 4383/499/4146
f 4376/474/4147 4375/472/4147 4390/498/4147 4391/483/4147
f 4369/475/4148 4368/473/4148 4383/499/4148 4384/485/4148
f 4377/476/4149 4376/474/4149 4391/483/4149 4392/484/4149
f 4370/477/4150 4369/475/4150 4384/485/4150 4385/486/4150
f 4363/479/4151 4061/487/4151 4378/488/4151
f 4287/489/4152 4377/476/4152 4392/484/4152
f 4371/481/4153 4370/477/4153 4385/486/4153 4386/490/4153
f 4364/482/4154 4363/479/4154 4378/488/4154 4379/491/4154
f 4391/483/4155 4390/498/4155 4405/504/4155 4406/506/4155
f 4384/485/4156 4383/499/4156 4398/505/4156 4399/507/4156
f 4392/484/4157 4391/483/4157 4406/506/4157 4407/508/4157
f 4385/486/4158 4384/485/4158 4399/507/4158 4400/509/4158
f 4378/488/4159 4061/510/4159 4393/511/4159
f 4287/512/4160 4392/484/4160 4407/508/4160
f 4386/490/4161 4385/486/4161 4400/509/4161 4401/513/4161
f 4379/491/4162 4378/488/4162 4393/511/4162 4394/514/4162
f 4387/492/4163 4386/490/4163 4401/513/4163 4402/515/4163
f 4380/493/4164 4379/491/4164 4394/514/4164 4395/516/4164
f 4388/494/4165 4387/492/4165 4402/515/4165 4403/500/4165
f 4381/495/4166 4380/493/4166 4395/516/4166 4396/502/4166
f 4389/496/4167 4388/494/4167 4403/500/4167 4404/501/4167
f 4382/497/4168 4381/495/4168 4396/502/4168 4397/503/4168
f 4390/498/4169 4389/496/4169 4404/501/4169 4405/504/4169
f 4383/499/4170 4382/497/4170 4397/503/4170 4398/505/4170
f 4395/516/4171 4394/514/4171 4409/523/4171 4410/525/4171
f 4403/500/4172 4402/515/4172 4417/524/4172 4418/526/4172
f 4396/502/4173 4395/516/4173 4410/525/4173 4411/527/4173
f 4404/501/4174 4403/500/4174 4418/526/4174 4419/528/4174
f 4397/503/4175 4396/502/4175 4411/527/4175 4412/529/4175
f 4405/504/4176 4404/501/4176 4419/528/4176 4420/530/4176
f 4398/505/4177 4397/503/4177 4412/529/4177 4413/531/4177
f 4406/506/4178 4405/504/4178 4420/530/4178 4421/532/4178
f 4399/507/4179 4398/505/4179 4413/531/4179 4414/533/4179
f 4407/508/4180 4406/506/4180 4421/532/4180 4422/520/4180
f 4400/509/4181 4399/507/4181 4414/533/4181 4415/521/4181
f 4393/511/4182 4061/517/4182 4408/518/4182
f 4287/519/4183 4407/508/4183 4422/520/4183
f 4401/513/4184 4400/509/4184 4415/521/4184 4416/522/4184
f 4394/514/4185 4393/511/4185 4408/518/4185 4409/523/4185
f 4402/515/4186 4401/513/4186 4416/522/4186 4417/524/4186
f 4414/533/4187 4413/531/4187 4428/538/4187 4429/540/4187
f 4422/520/4188 4421/532/4188 4436/539/4188 4437/541/4188
f 4415/521/4189 4414/533/4189 4429/540/4189 4430/542/4189
f 4408/518/4190 4061/543/4190 4423/544/4190
f 4287/545/4191 4422/520/4191 4437/541/4191
f 4416/522/4192 4415/521/4192 4430/542/4192 4431/546/4192
f 4409/523/4193 4408/518/4193 4423/544/4193 4424/547/4193
f 4417/524/4194 4416/522/4194 4431/546/4194 4432/548/4194
f 4410/525/4195 4409/523/4195 4424/547/4195 4425/549/4195
f 4418/526/4196 4417/524/4196 4432/548/4196 4433/550/4196
f 4411/527/4197 4410/525/4197 4425/549/4197 4426/534/4197
f 4419/528/4198 4418/526/4198 4433/550/4198 4434/536/4198
f 4412/529/4199 4411/527/4199 4426/534/4199 4427/535/4199
f 4420/530/4200 4419/528/4200 4434/536/4200 4435/537/4200
f 4413/531/4201 4412/529/4201 4427/535/4201 4428/538/4201
f 4421/532/4202 4420/530/4202 4435/537/4202 4436/539/4202
f 4433/550/4203 4432/548/4203 4447/555/4203 4448/557/4203
f 4426/534/4204 4425/549/4204 4440/556/4204 4441/558/4204
f 4434/536/4205 4433/550/4205 4448/557/4205 4449/559/4205
f 4427/535/4206 4426/534/4206 4441/558/4206 4442/560/4206
f 4435/537/4207 4434/536/4207 4449/559/4207 4450/561/4207
f 4428/538/4208 4427/535/4208 4442/560/4208 4443/562/4208
f 4436/539/4209 4435/537/4209 4450/561/4209 4451/563/4209
f 4429/540/4210 4428/538/4210 4443/562/4210 4444/564/4210
f 4437/541/4211 4436/539/4211 4451/563/4211 4452/565/4211
f 4430/542/4212 4429/540/4212 4444/564/4212 4445/551/4212
f 4423/544/4213 4061/566/4213 4438/553/4213
f 4287/567/4214 4437/541/4214 4452/565/4214
f 4431/546/4215 4430/542/4215 4445/551/4215 4446/552/4215
f 4424/547/4216 4423/544/4216 4438/553/4216 4439/554/4216
f 4432/548/4217 4431/546/4217 4446/552/4217 4447/555/4217
f 4425/549/4218 4424/547/4218 4439/554/4218 4440/556/4218
f 4452/565/4219 4451/563/4219 4460/25/4219 4461/29/4219
f 4445/551/4220 4444/564/4220 3982/27/4220 3983/31/4220
f 4438/553/4221 4061/568/4221 4453/33/4221
f 4287/569/4222 4452/565/4222 4461/29/4222
f 4446/552/4223 4445/551/4223 3983/31/4223 3984/37/4223
f 4439/554/4224 4438/553/4224 4453/33/4224 4454/39/4224
f 4447/555/4225 4446/552/4225 3984/37/4225 4457/41/4225
f 4440/556/4226 4439/554/4226 4454/39/4226 3980/43/4226
f 4448/557/4227 4447/555/4227 4457/41/4227 3985/45/4227
f 4441/558/4228 4440/556/4228 3980/43/4228 4455/16/4228
f 4449/559/4229 4448/557/4229 3985/45/4229 4458/20/4229
f 4442/560/4230 4441/558/4230 4455/16/4230 3981/15/4230
f 4450/561/4231 4449/559/4231 4458/20/4231 4459/19/4231
f 4443/562/4232 4442/560/4232 3981/15/4232 4456/23/4232
f 4451/563/4233 4450/561/4233 4459/19/4233 4460/25/4233
f 4444/564/4234 4443/562/4234 4456/23/4234 3982/27/4234
f 4943/29/4235 4942/25/4235 4481/26/4235 4482/30/4235
f 4465/31/4236 4464/27/4236 4474/28/4236 4475/32/4236
f 4935/33/4237 4543/34/4237 4468/35/4237
f 4769/36/4238 4943/29/4238 4482/30/4238
f 4466/37/4239 4465/31/4239 4475/32/4239 4476/38/4239
f 4936/39/4240 4935/33/4240 4468/35/4240 4469/40/4240
f 4939/41/4241 4466/37/4241 4476/38/4241 4477/42/4241
f 4462/43/4242 4936/39/4242 4469/40/4242 4470/44/4242
f 4467/45/4243 4939/41/4243 4477/42/4243 4478/46/4243
f 4937/16/4244 4462/43/4244 4470/44/4244 4471/17/4244
f 4940/20/4245 4467/45/4245 4478/46/4245 4479/21/4245
f 4463/15/4246 4937/16/4246 4471/17/4246 4472/18/4246
f 4941/19/4247 4940/20/4247 4479/21/4247 4480/22/4247
f 4938/23/4248 4463/15/4248 4472/18/4248 4473/24/4248
f 4942/25/4249 4941/19/4249 4480/22/4249 4481/26/4249
f 4464/27/4250 4938/23/4250 4473/24/4250 4474/28/4250
f 4473/24/4251 4472/18/4251 4487/51/4251 4488/53/4251
f 4481/26/4252 4480/22/4252 4495/52/4252 4496/54/4252
f 4474/28/4253 4473/24/4253 4488/53/4253 4489/55/4253
f 4482/30/4254 4481/26/4254 4496/54/4254 4497/56/4254
f 4475/32/4255 4474/28/4255 4489/55/4255 4490/57/4255
f 4468/35/4256 4543/58/4256 4483/59/4256
f 4769/60/4257 4482/30/4257 4497/56/4257
f 4476/38/4258 4475/32/4258 4490/57/4258 4491/61/4258
f 4469/40/4259 4468/35/4259 4483/59/4259 4484/62/4259
f 4477/42/4260 4476/38/4260 4491/61/4260 4492/63/4260
f 4470/44/4261 4469/40/4261 4484/62/4261 4485/47/4261
f 4478/46/4262 4477/42/4262 4492/63/4262 4493/49/4262
f 4471/17/4263 4470/44/4263 4485/47/4263 4486/48/4263
f 4479/21/4264 4478/46/4264 4493/49/4264 4494/50/4264
f 4472/18/4265 4471/17/4265 4486/48/4265 4487/51/4265
f 4480/22/4266 4479/21/4266 4494/50/4266 4495/52/4266
f 4492/63/4267 4491/61/4267 4506/70/4267 4507/72/4267
f 4485/47/4268 4484/62/4268 4499/71/4268 4500/73/4268
f 4493/49/4269 4492/63/4269 4507/72/4269 4508/74/4269
f 4486/48/4270 4485/47/4270 4500/73/4270 4501/75/4270
f 4494/50/4271 4493/49/4271 4508/74/4271 4509/76/4271
f 4487/51/4272 4486/48/4272 4501/75/4272 4502/77/4272
f 4495/52/4273 4494/50/4273 4509/76/4273 4510/78/4273
f 4488/53/4274 4487/51/4274 4502/77/4274 4503/79/4274
f 4496/54/4275 4495/52/4275 4510/78/4275 4511/80/4275
f 4489/55/4276 4488/53/4276 4503/79/4276 4504/64/4276
f 4497/56/4277 4496/54/4277 4511/80/4277 4512/69/4277
f 4490/57/4278 4489/55/4278 4504/64/4278 4505/65/4278
f 4483/59/4279 4543/66/4279 4498/67/4279
f 4769/68/4280 4497/56/4280 4512/69/4280
f 4491/61/4281 4490/57/4281 4505/65/4281 4506/70/4281
f 4484/62/4282 4483/59/4282 4498/67/4282 4499/71/4282
f 4511/80/4283 4510/78/4283 4525/83/4283 4526/85/4283
f 4504/64/4284 4503/79/4284 4518/84/4284 4519/86/4284
f 4512/69/4285 4511/80/4285 4526/85/4285 4527/87/4285
f 4505/65/4286 4504/64/4286 4519/86/4286 4520/5/4286
f 4498/67/4287 4543/88/4287 4513/89/4287
f 4769/90/4288 4512/69/4288 4527/87/4288
f 4506/70/4289 4505/65/4289 4520/5/4289 4521/91/4289
f 4499/71/4290 4498/67/4290 4513/89/4290 4514/92/4290
f 4507/72/4291 4506/70/4291 4521/91/4291 4522/93/4291
f 4500/73/4292 4499/71/4292 4514/92/4292 4515/94/4292
f 4508/74/4293 4507/72/4293 4522/93/4293 4523/81/4293
f 4501/75/4294 4500/73/4294 4515/94/4294 4516/7/4294
f 4509/76/4295 4508/74/4295 4523/81/4295 4524/3/4295
f 4502/77/4296 4501/75/4296 4516/7/4296 4517/82/4296
f 4510/78/4297 4509/76/4297 4524/3/4297 4525/83/4297
f 4503/79/4298 4502/77/4298 4517/82/4298 4518/84/4298
f 4523/81/4299 4522/93/4299 4537/102/4299 4538/104/4299
f 4516/7/4300 4515/94/4300 4530/103/4300 4531/105/4300
f 4524/3/4301 4523/81/4301 4538/104/4301 4539/106/4301
f 4517/82/4302 4516/7/4302 4531/105/4302 4532/107/4302
f 4525/83/4303 4524/3/4303 4539/106/4303 4540/108/4303
f 4518/84/4304 4517/82/4304 4532/107/4304 4533/109/4304
f 4526/85/4305 4525/83/4305 4540/108/4305 4541/110/4305
f 4519/86/4306 4518/84/4306 4533/109/4306 4534/111/4306
f 4527/87/4307 4526/85/4307 4541/110/4307 4542/98/4307
f 4520/5/4308 4519/86/4308 4534/111/4308 4535/99/4308
f 4513/89/4309 4543/95/4309 4528/96/4309
f 4769/97/4310 4527/87/4310 4542/98/4310
f 4521/91/4311 4520/5/4311 4535/99/4311 4536/100/4311
f 4514/92/4312 4513/89/4312 4528/96/4312 4529/101/4312
f 4522/93/4313 4521/91/4313 4536/100/4313 4537/102/4313
f 4515/94/4314 4514/92/4314 4529/101/4314 4530/103/4314
f 4542/98/4315 4541/110/4315 4557/117/4315 4558/119/4315
f 4535/99/4316 4534/111/4316 4550/118/4316 4551/120/4316
f 4528/96/4317 4543/121/4317 4544/122/4317
f 4769/123/4318 4542/98/4318 4558/119/4318
f 4536/100/4319 4535/99/4319 4551/120/4319 4552/124/4319
f 4529/101/4320 4528/96/4320 4544/122/4320 4545/125/4320
f 4537/102/4321 4536/100/4321 4552/124/4321 4553/126/4321
f 4530/103/4322 4529/101/4322 4545/125/4322 4546/127/4322
f 4538/104/4323 4537/102/4323 4553/126/4323 4554/128/4323
f 4531/105/4324 4530/103/4324 4546/127/4324 4547/112/4324
f 4539/106/4325 4538/104/4325 4554/128/4325 4555/114/4325
f 4532/107/4326 4531/105/4326 4547/112/4326 4548/113/4326
f 4540/108/4327 4539/106/4327 4555/114/4327 4556/115/4327
f 4533/109/4328 4532/107/4328 4548/113/4328 4549/116/4328
f 4541/110/4329 4540/108/4329 4556/115/4329 4557/117/4329
f 4534/111/4330 4533/109/4330 4549/116/4330 4550/118/4330
f 4547/112/4331 4546/127/4331 4561/134/4331 4562/136/4331
f 4555/114/4332 4554/128/4332 4569/135/4332 4570/137/4332
f 4548/113/4333 4547/112/4333 4562/136/4333 4563/138/4333
f 4556/115/4334 4555/114/4334 4570/137/4334 4571/139/4334
f 4549/116/4335 4548/113/4335 4563/138/4335 4564/140/4335
f 4557/117/4336 4556/115/4336 4571/139/4336 4572/141/4336
f 4550/118/4337 4549/116/4337 4564/140/4337 4565/142/4337
f 4558/119/4338 4557/117/4338 4572/141/4338 4573/143/4338
f 4551/120/4339 4550/118/4339 4565/142/4339 4566/129/4339
f 4544/122/4340 4543/144/4340 4559/131/4340
f 4769/145/4341 4558/119/4341 4573/143/4341
f 4552/124/4342 4551/120/4342 4566/129/4342 4567/130/4342
f 4545/125/4343 4544/122/4343 4559/131/4343 4560/132/4343
f 4553/126/4344 4552/124/4344 4567/130/4344 4568/133/4344
f 4546/127/4345 4545/125/4345 4560/132/4345 4561/134/4345
f 4554/128/4346 4553/126/4346 4568/133/4346 4569/135/4346
f 4566/129/4347 4565/142/4347 4580/151/4347 4581/153/4347
f 4559/131/4348 4543/154/4348 4574/155/4348
f 4769/156/4349 4573/143/4349 4588/152/4349
f 4567/130/4350 4566/129/4350 4581/153/4350 4582/157/4350
f 4560/132/4351 4559/131/4351 4574/155/4351 4575/158/4351
f 4568/133/4352 4567/130/4352 4582/157/4352 4583/159/4352
f 4561/134/4353 4560/132/4353 4575/158/4353 4576/160/4353
f 4569/135/4354 4568/133/4354 4583/159/4354 4584/161/4354
f 4562/136/4355 4561/134/4355 4576/160/4355 4577/162/4355
f 4570/137/4356 4569/135/4356 4584/161/4356 4585/146/4356
f 4563/138/4357 4562/136/4357 4577/162/4357 4578/148/4357
f 4571/139/4358 4570/137/4358 4585/146/4358 4586/147/4358
f 4564/140/4359 4563/138/4359 4578/148/4359 4579/149/4359
f 4572/141/4360 4571/139/4360 4586/147/4360 4587/150/4360
f 4565/142/4361 4564/140/4361 4579/149/4361 4580/151/4361
f 4573/143/4362 4572/141/4362 4587/150/4362 4588/152/4362
f 4585/146/4363 4584/161/4363 4599/167/4363 4600/169/4363
f 4578/148/4364 4577/162/4364 4592/168/4364 4593/170/4364
f 4586/147/4365 4585/146/4365 4600/169/4365 4601/171/4365
f 4579/149/4366 4578/148/4366 4593/170/4366 4594/172/4366
f 4587/150/4367 4586/147/4367 4601/171/4367 4602/173/4367
f 4580/151/4368 4579/149/4368 4594/172/4368 4595/174/4368
f 4588/152/4369 4587/150/4369 4602/173/4369 4603/175/4369
f 4581/153/4370 4580/151/4370 4595/174/4370 4596/176/4370
f 4574/155/4371 4543/177/4371 4589/178/4371
f 4769/179/4372 4588/152/4372 4603/175/4372
f 4582/157/4373 4581/153/4373 4596/176/4373 4597/163/4373
f 4575/158/4374 4574/155/4374 4589/178/4374 4590/165/4374
f 4583/159/4375 4582/157/4375 4597/163/4375 4598/164/4375
f 4576/160/4376 4575/158/4376 4590/165/4376 4591/166/4376
f 4584/161/4377 4583/159/4377 4598/164/4377 4599/167/4377
f 4577/162/4378 4576/160/4378 4591/166/4378 4592/168/4378
f 4589/178/4379 4543/186/4379 4604/187/4379
f 4769/188/4380 4603/175/4380 4618/184/4380
f 4597/163/4381 4596/176/4381 4611/185/4381 4612/189/4381
f 4590/165/4382 4589/178/4382 4604/187/4382 4605/190/4382
f 4598/164/4383 4597/163/4383 4612/189/4383 4613/191/4383
f 4591/166/4384 4590/165/4384 4605/190/4384 4606/192/4384
f 4599/167/4385 4598/164/4385 4613/191/4385 4614/193/4385
f 4592/168/4386 4591/166/4386 4606/192/4386 4607/194/4386
f 4600/169/4387 4599/167/4387 4614/193/4387 4615/195/4387
f 4593/170/4388 4592/168/4388 4607/194/4388 4608/196/4388
f 4601/171/4389 4600/169/4389 4615/195/4389 4616/180/4389
f 4594/172/4390 4593/170/4390 4608/196/4390 4609/182/4390
f 4602/173/4391 4601/171/4391 4616/180/4391 4617/181/4391
f 4595/174/4392 4594/172/4392 4609/182/4392 4610/183/4392
f 4603/175/4393 4602/173/4393 4617/181/4393 4618/184/4393
f 4596/176/4394 4595/174/4394 4610/183/4394 4611/185/4394
f 4608/196/4395 4607/194/4395 4622/201/4395 4623/203/4395
f 4616/180/4396 4615/195/4396 4630/202/4396 4631/204/4396
f 4609/182/4397 4608/196/4397 4623/203/4397 4624/205/4397
f 4617/181/4398 4616/180/4398 4631/204/4398 4632/206/4398
f 4610/183/4399 4609/182/4399 4624/205/4399 4625/207/4399
f 4618/184/4400 4617/181/4400 4632/206/4400 4633/208/4400
f 4611/185/4401 4610/183/4401 4625/207/4401 4626/209/4401
f 4604/187/4402 4543/210/4402 4619/211/4402
f 4769/212/4403 4618/184/4403 4633/208/4403
f 4612/189/4404 4611/185/4404 4626/209/4404 4627/213/4404
f 4605/190/4405 4604/187/4405 4619/211/4405 4620/197/4405
f 4613/191/4406 4612/189/4406 4627/213/4406 4628/199/4406
f 4606/192/4407 4605/190/4407 4620/197/4407 4621/198/4407
f 4614/193/4408 4613/191/4408 4628/199/4408 4629/200/4408
f 4607/194/4409 4606/192/4409 4621/198/4409 4622/201/4409
f 4615/195/4410 4614/193/4410 4629/200/4410 4630/202/4410
f 4627/213/4411 4626/209/4411 4641/218/4411 4642/222/4411
f 4620/197/4412 4619/211/4412 4634/220/4412 4635/223/4412
f 4628/199/4413 4627/213/4413 4642/222/4413 4643/224/4413
f 4621/198/4414 4620/197/4414 4635/223/4414 4636/225/4414
f 4629/200/4415 4628/199/4415 4643/224/4415 4644/226/4415
f 4622/201/4416 4621/198/4416 4636/225/4416 4637/227/4416
f 4630/202/4417 4629/200/4417 4644/226/4417 4645/4/4417
f 4623/203/4418 4622/201/4418 4637/227/4418 4638/228/4418
f 4631/204/4419 4630/202/4419 4645/4/4419 4646/229/4419
f 4624/205/4420 4623/203/4420 4638/228/4420 4639/214/4420
f 4632/206/4421 4631/204/4421 4646/229/4421 4647/216/4421
f 4625/207/4422 4624/205/4422 4639/214/4422 4640/215/4422
f 4633/208/4423 4632/206/4423 4647/216/4423 4648/217/4423
f 4626/209/4424 4625/207/4424 4640/215/4424 4641/218/4424
f 4619/211/4425 4543/219/4425 4634/220/4425
f 4769/221/4426 4633/208/4426 4648/217/4426
f 4646/229/4427 4645/4/4427 4660/234/4427 4661/236/4427
f 4639/214/4428 4638/228/4428 4653/235/4428 4654/237/4428
f 4647/216/4429 4646/229/4429 4661/236/4429 4662/238/4429
f 4640/215/4430 4639/214/4430 4654/237/4430 4655/239/4430
f 4648/217/4431 4647/216/4431 4662/238/4431 4663/240/4431
f 4641/218/4432 4640/215/4432 4655/239/4432 4656/241/4432
f 4634/220/4433 4543/242/4433 4649/243/4433
f 4769/244/4434 4648/217/4434 4663/240/4434
f 4642/222/4435 4641/218/4435 4656/241/4435 4657/245/4435
f 4635/223/4436 4634/220/4436 4649/243/4436 4650/246/4436
f 4643/224/4437 4642/222/4437 4657/245/4437 4658/230/4437
f 4636/225/4438 4635/223/4438 4650/246/4438 4651/232/4438
f 4644/226/4439 4643/224/4439 4658/230/4439 4659/231/4439
f 4637/227/4440 4636/225/4440 4651/232/4440 4652/233/4440
f 4645/4/4441 4644/226/4441 4659/231/4441 4660/234/4441
f 4638/228/4442 4637/227/4442 4652/233/4442 4653/235/4442
f 4658/230/4443 4657/245/4443 4672/254/4443 4673/256/4443
f 4651/232/4444 4650/246/4444 4665/255/4444 4666/257/4444
f 4659/231/4445 4658/230/4445 4673/256/4445 4674/258/4445
f 4652/233/4446 4651/232/4446 4666/257/4446 4667/259/4446
f 4660/234/4447 4659/231/4447 4674/258/4447 4675/260/4447
f 4653/235/4448 4652/233/4448 4667/259/4448 4668/261/4448
f 4661/236/4449 4660/234/4449 4675/260/4449 4676/262/4449
f 4654/237/4450 4653/235/4450 4668/261/4450 4669/263/4450
f 4662/238/4451 4661/236/4451 4676/262/4451 4677/247/4451
f 4655/239/4452 4654/237/4452 4669/263/4452 4670/249/4452
f 4663/240/4453 4662/238/4453 4677/247/4453 4678/248/4453
f 4656/241/4454 4655/239/4454 4670/249/4454 4671/250/4454
f 4649/243/4455 4543/251/4455 4664/252/4455
f 4769/253/4456 4663/240/4456 4678/248/4456
f 4657/245/4457 4656/241/4457 4671/250/4457 4672/254/4457
f 4650/246/4458 4649/243/4458 4664/252/4458 4665/255/4458
f 4677/247/4459 4676/262/4459 4691/269/4459 4692/271/4459
f 4670/249/4460 4669/263/4460 4684/270/4460 4685/272/4460
f 4678/248/4461 4677/247/4461 4692/271/4461 4693/273/4461
f 4671/250/4462 4670/249/4462 4685/272/4462 4686/274/4462
f 4664/252/4463 4543/275/4463 4679/276/4463
f 4769/277/4464 4678/248/4464 4693/273/4464
f 4672/254/4465 4671/250/4465 4686/274/4465 4687/278/4465
f 4665/255/4466 4664/252/4466 4679/276/4466 4680/279/4466
f 4673/256/4467 4672/254/4467 4687/278/4467 4688/280/4467
f 4666/257/4468 4665/255/4468 4680/279/4468 4681/264/4468
f 4674/258/4469 4673/256/4469 4688/280/4469 4689/266/4469
f 4667/259/4470 4666/257/4470 4681/264/4470 4682/265/4470
f 4675/260/4471 4674/258/4471 4689/266/4471 4690/267/4471
f 4668/261/4472 4667/259/4472 4682/265/4472 4683/268/4472
f 4676/262/4473 4675/260/4473 4690/267/4473 4691/269/4473
f 4669/263/4474 4668/261/4474 4683/268/4474 4684/270/4474
f 4681/264/4475 4680/279/4475 4695/288/4475 4696/290/4475
f 4689/266/4476 4688/280/4476 4703/289/4476 4704/291/4476
f 4682/265/4477 4681/264/4477 4696/290/4477 4697/292/4477
f 4690/267/4478 4689/266/4478 4704/291/4478 4705/293/4478
f 4683/268/4479 4682/265/4479 4697/292/4479 4698/294/4479
f 4691/269/4480 4690/267/4480 4705/293/4480 4706/295/4480
f 4684/270/4481 4683/268/4481 4698/294/4481 4699/296/4481
f 4692/271/4482 4691/269/4482 4706/295/4482 4707/297/4482
f 4685/272/4483 4684/270/4483 4699/296/4483 4700/281/4483
f 4693/273/4484 4692/271/4484 4707/297/4484 4708/286/4484
f 4686/274/4485 4685/272/4485 4700/281/4485 4701/282/4485
f 4679/276/4486 4543/283/4486 4694/284/4486
f 4769/285/4487 4693/273/4487 4708/286/4487
f 4687/278/4488 4686/274/4488 4701/282/4488 4702/287/4488
f 4680/279/4489 4679/276/4489 4694/284/4489 4695/288/4489
f 4688/280/4490 4687/278/4490 4702/287/4490 4703/289/4490
f 4700/281/4491 4699/296/4491 4714/303/4491 4715/305/4491
f 4708/286/4492 4707/297/4492 4722/304/4492 4723/306/4492
f 4701/282/4493 4700/281/4493 4715/305/4493 4716/307/4493
f 4694/284/4494 4543/308/4494 4709/309/4494
f 4769/310/4495 4708/286/4495 4723/306/4495
f 4702/287/4496 4701/282/4496 4716/307/4496 4717/311/4496
f 4695/288/4497 4694/284/4497 4709/309/4497 4710/312/4497
f 4703/289/4498 4702/287/4498 4717/311/4498 4718/313/4498
f 4696/290/4499 4695/288/4499 4710/312/4499 4711/314/4499
f 4704/291/4500 4703/289/4500 4718/313/4500 4719/298/4500
f 4697/292/4501 4696/290/4501 4711/314/4501 4712/300/4501
f 4705/293/4502 4704/291/4502 4719/298/4502 4720/299/4502
f 4698/294/4503 4697/292/4503 4712/300/4503 4713/301/4503
f 4706/295/4504 4705/293/4504 4720/299/4504 4721/302/4504
f 4699/296/4505 4698/294/4505 4713/301/4505 4714/303/4505
f 4707/297/4506 4706/295/4506 4721/302/4506 4722/304/4506
f 4719/298/4507 4718/313/4507 4733/321/4507 4734/323/4507
f 4712/300/4508 4711/314/4508 4726/322/4508 4727/324/4508
f 4720/299/4509 4719/298/4509 4734/323/4509 4735/325/4509
f 4713/301/4510 4712/300/4510 4727/324/4510 4728/326/4510
f 4721/302/4511 4720/299/4511 4735/325/4511 4736/327/4511
f 4714/303/4512 4713/301/4512 4728/326/4512 4729/328/4512
f 4722/304/4513 4721/302/4513 4736/327/4513 4737/329/4513
f 4715/305/4514 4714/303/4514 4729/328/4514 4730/330/4514
f 4723/306/4515 4722/304/4515 4737/329/4515 4738/316/4515
f 4716/307/4516 4715/305/4516 4730/330/4516 4731/317/4516
f 4709/309/4517 4543/331/4517 4724/319/4517
f 4769/315/4518 4723/306/4518 4738/316/4518
f 4717/311/4519 4716/307/4519 4731/317/4519 4732/318/4519
f 4710/312/4520 4709/309/4520 4724/319/4520 4725/320/4520
f 4718/313/4521 4717/311/4521 4732/318/4521 4733/321/4521
f 4711/314/4522 4710/312/4522 4725/320/4522 4726/322/4522
f 4738/316/4523 4737/329/4523 4752/336/4523 4753/338/4523
f 4731/317/4524 4730/330/4524 4745/337/4524 4746/339/4524
f 4724/319/4525 4543/340/4525 4739/341/4525
f 4769/342/4526 4738/316/4526 4753/338/4526
f 4732/318/4527 4731/317/4527 4746/339/4527 4747/343/4527
f 4725/320/4528 4724/319/4528 4739/341/4528 4740/344/4528
f 4733/321/4529 4732/318/4529 4747/343/4529 4748/345/4529
f 4726/322/4530 4725/320/4530 4740/344/4530 4741/346/4530
f 4734/323/4531 4733/321/4531 4748/345/4531 4749/347/4531
f 4727/324/4532 4726/322/4532 4741/346/4532 4742/348/4532
f 4735/325/4533 4734/323/4533 4749/347/4533 4750/332/4533
f 4728/326/4534 4727/324/4534 4742/348/4534 4743/334/4534
f 4736/327/4535 4735/325/4535 4750/332/4535 4751/333/4535
f 4729/328/4536 4728/326/4536 4743/334/4536 4744/335/4536
f 4737/329/4537 4736/327/4537 4751/333/4537 4752/336/4537
f 4730/330/4538 4729/328/4538 4744/335/4538 4745/337/4538
f 4742/348/4539 4741/346/4539 4756/353/4539 4757/355/4539
f 4750/332/4540 4749/347/4540 4764/354/4540 4765/356/4540
f 4743/334/4541 4742/348/4541 4757/355/4541 4758/357/4541
f 4751/333/4542 4750/332/4542 4765/356/4542 4766/358/4542
f 4744/335/4543 4743/334/4543 4758/357/4543 4759/359/4543
f 4752/336/4544 4751/333/4544 4766/358/4544 4767/360/4544
f 4745/337/4545 4744/335/4545 4759/359/4545 4760/361/4545
f 4753/338/4546 4752/336/4546 4767/360/4546 4768/362/4546
f 4746/339/4547 4745/337/4547 4760/361/4547 4761/363/4547
f 4739/341/4548 4543/364/4548 4754/349/4548
f 4769/365/4549 4753/338/4549 4768/362/4549
f 4747/343/4550 4746/339/4550 4761/363/4550 4762/351/4550
f 4740/344/4551 4739/341/4551 4754/349/4551 4755/350/4551
f 4748/345/4552 4747/343/4552 4762/351/4552 4763/352/4552
f 4741/346/4553 4740/344/4553 4755/350/4553 4756/353/4553
f 4749/347/4554 4748/345/4554 4763/352/4554 4764/354/4554
f 4761/363/4555 4760/361/4555 4776/370/4555 4777/372/4555
f 4754/349/4556 4543/373/4556 4770/374/4556
f 4769/375/4557 4768/362/4557 4784/371/4557
f 4762/351/4558 4761/363/4558 4777/372/4558 4778/376/4558
f 4755/350/4559 4754/349/4559 4770/374/4559 4771/377/4559
f 4763/352/4560 4762/351/4560 4778/376/4560 4779/378/4560
f 4756/353/4561 4755/350/4561 4771/377/4561 4772/379/4561
f 4764/354/4562 4763/352/4562 4779/378/4562 4780/380/4562
f 4757/355/4563 4756/353/4563 4772/379/4563 4773/381/4563
f 4765/356/4564 4764/354/4564 4780/380/4564 4781/382/4564
f 4758/357/4565 4757/355/4565 4773/381/4565 4774/366/4565
f 4766/358/4566 4765/356/4566 4781/382/4566 4782/368/4566
f 4759/359/4567 4758/357/4567 4774/366/4567 4775/367/4567
f 4767/360/4568 4766/358/4568 4782/368/4568 4783/369/4568
f 4760/361/4569 4759/359/4569 4775/367/4569 4776/370/4569
f 4768/362/4570 4767/360/4570 4783/369/4570 4784/371/4570
f 4781/382/4571 4780/380/4571 4795/387/4571 4796/389/4571
f 4774/366/4572 4773/381/4572 4788/388/4572 4789/390/4572
f 4782/368/4573 4781/382/4573 4796/389/4573 4797/391/4573
f 4775/367/4574 4774/366/4574 4789/390/4574 4790/392/4574
f 4783/369/4575 4782/368/4575 4797/391/4575 4798/393/4575
f 4776/370/4576 4775/367/4576 4790/392/4576 4791/394/4576
f 4784/371/4577 4783/369/4577 4798/393/4577 4799/395/4577
f 4777/372/4578 4776/370/4578 4791/394/4578 4792/396/4578
f 4770/374/4579 4543/397/4579 4785/398/4579
f 4769/399/4580 4784/371/4580 4799/395/4580
f 4778/376/4581 4777/372/4581 4792/396/4581 4793/383/4581
f 4771/377/4582 4770/374/4582 4785/398/4582 4786/385/4582
f 4779/378/4583 4778/376/4583 4793/383/4583 4794/384/4583
f 4772/379/4584 4771/377/4584 4786/385/4584 4787/386/4584
f 4780/380/4585 4779/378/4585 4794/384/4585 4795/387/4585
f 4773/381/4586 4772/379/4586 4787/386/4586 4788/388/4586
f 4769/408/4587 4799/395/4587 4814/404/4587
f 4793/383/4588 4792/396/4588 4807/405/4588 4808/409/4588
f 4786/385/4589 4785/398/4589 4800/407/4589 4801/410/4589
f 4794/384/4590 4793/383/4590 4808/409/4590 4809/411/4590
f 4787/386/4591 4786/385/4591 4801/410/4591 4802/412/4591
f 4795/387/4592 4794/384/4592 4809/411/4592 4810/413/4592
f 4788/388/4593 4787/386/4593 4802/412/4593 4803/414/4593
f 4796/389/4594 4795/387/4594 4810/413/4594 4811/415/4594
f 4789/390/4595 4788/388/4595 4803/414/4595 4804/416/4595
f 4797/391/4596 4796/389/4596 4811/415/4596 4812/400/4596
f 4790/392/4597 4789/390/4597 4804/416/4597 4805/402/4597
f 4798/393/4598 4797/391/4598 4812/400/4598 4813/401/4598
f 4791/394/4599 4790/392/4599 4805/402/4599 4806/403/4599
f 4799/395/4600 4798/393/4600 4813/401/4600 4814/404/4600
f 4792/396/4601 4791/394/4601 4806/403/4601 4807/405/4601
f 4785/398/4602 4543/406/4602 4800/407/4602
f 4812/400/4603 4811/415/4603 4826/422/4603 4827/424/4603
f 4805/402/4604 4804/416/4604 4819/423/4604 4820/425/4604
f 4813/401/4605 4812/400/4605 4827/424/4605 4828/426/4605
f 4806/403/4606 4805/402/4606 4820/425/4606 4821/427/4606
f 4814/404/4607 4813/401/4607 4828/426/4607 4829/428/4607
f 4807/405/4608 4806/403/4608 4821/427/4608 4822/429/4608
f 4800/407/4609 4543/430/4609 4815/431/4609
f 4769/432/4610 4814/404/4610 4829/428/4610
f 4808/409/4611 4807/405/4611 4822/429/4611 4823/433/4611
f 4801/410/4612 4800/407/4612 4815/431/4612 4816/417/4612
f 4809/411/4613 4808/409/4613 4823/433/4613 4824/419/4613
f 4802/412/4614 4801/410/4614 4816/417/4614 4817/418/4614
f 4810/413/4615 4809/411/4615 4824/419/4615 4825/420/4615
f 4803/414/4616 4802/412/4616 4817/418/4616 4818/421/4616
f 4811/415/4617 4810/413/4617 4825/420/4617 4826/422/4617
f 4804/416/4618 4803/414/4618 4818/421/4618 4819/423/4618
f 4816/450/4619 4815/444/4619 4830/446/4619 4831/451/4619
f 4824/452/4620 4823/448/4620 4838/449/4620 4839/453/4620
f 4817/454/4621 4816/450/4621 4831/451/4621 4832/455/4621
f 4825/456/4622 4824/452/4622 4839/453/4622 4840/457/4622
f 4818/458/4623 4817/454/4623 4832/455/4623 4833/459/4623
f 4826/460/4624 4825/456/4624 4840/457/4624 4841/461/4624
f 4819/462/4625 4818/458/4625 4833/459/4625 4834/463/4625
f 4827/464/4626 4826/460/4626 4841/461/4626 4842/465/4626
f 4820/435/4627 4819/462/4627 4834/463/4627 4835/436/4627
f 4828/439/4628 4827/464/4628 4842/465/4628 4843/440/4628
f 4821/434/4629 4820/435/4629 4835/436/4629 4836/437/4629
f 4829/438/4630 4828/439/4630 4843/440/4630 4844/441/4630
f 4822/442/4631 4821/434/4631 4836/437/4631 4837/443/4631
f 4815/444/4632 4543/445/4632 4830/446/4632
f 4769/447/4633 4829/438/4633 4844/441/4633
f 4823/448/4634 4822/442/4634 4837/443/4634 4838/449/4634
f 4835/436/4635 4834/463/4635 4849/471/4635 4850/473/4635
f 4843/440/4636 4842/465/4636 4857/472/4636 4858/474/4636
f 4836/437/4637 4835/436/4637 4850/473/4637 4851/475/4637
f 4844/441/4638 4843/440/4638 4858/474/4638 4859/476/4638
f 4837/443/4639 4836/437/4639 4851/475/4639 4852/477/4639
f 4830/446/4640 4543/478/4640 4845/479/4640
f 4769/480/4641 4844/441/4641 4859/476/4641
f 4838/449/4642 4837/443/4642 4852/477/4642 4853/481/4642
f 4831/451/4643 4830/446/4643 4845/479/4643 4846/482/4643
f 4839/453/4644 4838/449/4644 4853/481/4644 4854/466/4644
f 4832/455/4645 4831/451/4645 4846/482/4645 4847/468/4645
f 4840/457/4646 4839/453/4646 4854/466/4646 4855/467/4646
f 4833/459/4647 4832/455/4647 4847/468/4647 4848/469/4647
f 4841/461/4648 4840/457/4648 4855/467/4648 4856/470/4648
f 4834/463/4649 4833/459/4649 4848/469/4649 4849/471/4649
f 4842/465/4650 4841/461/4650 4856/470/4650 4857/472/4650
f 4854/466/4651 4853/481/4651 4868/490/4651 4869/492/4651
f 4847/468/4652 4846/482/4652 4861/491/4652 4862/493/4652
f 4855/467/4653 4854/466/4653 4869/492/4653 4870/494/4653
f 4848/469/4654 4847/468/4654 4862/493/4654 4863/495/4654
f 4856/470/4655 4855/467/4655 4870/494/4655 4871/496/4655
f 4849/471/4656 4848/469/4656 4863/495/4656 4864/497/4656
f 4857/472/4657 4856/470/4657 4871/496/4657 4872/498/4657
f 4850/473/4658 4849/471/4658 4864/497/4658 4865/499/4658
f 4858/474/4659 4857/472/4659 4872/498/4659 4873/483/4659
f 4851/475/4660 4850/473/4660 4865/499/4660 4866/485/4660
f 4859/476/4661 4858/474/4661 4873/483/4661 4874/484/4661
f 4852/477/4662 4851/475/4662 4866/485/4662 4867/486/4662
f 4845/479/4663 4543/487/4663 4860/488/4663
f 4769/489/4664 4859/476/4664 4874/484/4664
f 4853/481/4665 4852/477/4665 4867/486/4665 4868/490/4665
f 4846/482/4666 4845/479/4666 4860/488/4666 4861/491/4666
f 4873/483/4667 4872/498/4667 4887/504/4667 4888/506/4667
f 4866/485/4668 4865/499/4668 4880/505/4668 4881/507/4668
f 4874/484/4669 4873/483/4669 4888/506/4669 4889/508/4669
f 4867/486/4670 4866/485/4670 4881/507/4670 4882/509/4670
f 4860/488/4671 4543/510/4671 4875/511/4671
f 4769/512/4672 4874/484/4672 4889/508/4672
f 4868/490/4673 4867/486/4673 4882/509/4673 4883/513/4673
f 4861/491/4674 4860/488/4674 4875/511/4674 4876/514/4674
f 4869/492/4675 4868/490/4675 4883/513/4675 4884/515/4675
f 4862/493/4676 4861/491/4676 4876/514/4676 4877/516/4676
f 4870/494/4677 4869/492/4677 4884/515/4677 4885/500/4677
f 4863/495/4678 4862/493/4678 4877/516/4678 4878/502/4678
f 4871/496/4679 4870/494/4679 4885/500/4679 4886/501/4679
f 4864/497/4680 4863/495/4680 4878/502/4680 4879/503/4680
f 4872/498/4681 4871/496/4681 4886/501/4681 4887/504/4681
f 4865/499/4682 4864/497/4682 4879/503/4682 4880/505/4682
f 4877/516/4683 4876/514/4683 4891/523/4683 4892/525/4683
f 4885/500/4684 4884/515/4684 4899/524/4684 4900/526/4684
f 4878/502/4685 4877/516/4685 4892/525/4685 4893/527/4685
f 4886/501/4686 4885/500/4686 4900/526/4686 4901/528/4686
f 4879/503/4687 4878/502/4687 4893/527/4687 4894/529/4687
f 4887/504/4688 4886/501/4688 4901/528/4688 4902/530/4688
f 4880/505/4689 4879/503/4689 4894/529/4689 4895/531/4689
f 4888/506/4690 4887/504/4690 4902/530/4690 4903/532/4690
f 4881/507/4691 4880/505/4691 4895/531/4691 4896/533/4691
f 4889/508/4692 4888/506/4692 4903/532/4692 4904/520/4692
f 4882/509/4693 4881/507/4693 4896/533/4693 4897/521/4693
f 4875/511/4694 4543/517/4694 4890/518/4694
f 4769/519/4695 4889/508/4695 4904/520/4695
f 4883/513/4696 4882/509/4696 4897/521/4696 4898/522/4696
f 4876/514/4697 4875/511/4697 4890/518/4697 4891/523/4697
f 4884/515/4698 4883/513/4698 4898/522/4698 4899/524/4698
f 4896/533/4699 4895/531/4699 4910/538/4699 4911/540/4699
f 4904/520/4700 4903/532/4700 4918/539/4700 4919/541/4700
f 4897/521/4701 4896/533/4701 4911/540/4701 4912/542/4701
f 4890/518/4702 4543/543/4702 4905/544/4702
f 4769/545/4703 4904/520/4703 4919/541/4703
f 4898/522/4704 4897/521/4704 4912/542/4704 4913/546/4704
f 4891/523/4705 4890/518/4705 4905/544/4705 4906/547/4705
f 4899/524/4706 4898/522/4706 4913/546/4706 4914/548/4706
f 4892/525/4707 4891/523/4707 4906/547/4707 4907/549/4707
f 4900/526/4708 4899/524/4708 4914/548/4708 4915/550/4708
f 4893/527/4709 4892/525/4709 4907/549/4709 4908/534/4709
f 4901/528/4710 4900/526/4710 4915/550/4710 4916/536/4710
f 4894/529/4711 4893/527/4711 4908/534/4711 4909/535/4711
f 4902/530/4712 4901/528/4712 4916/536/4712 4917/537/4712
f 4895/531/4713 4894/529/4713 4909/535/4713 4910/538/4713
f 4903/532/4714 4902/530/4714 4917/537/4714 4918/539/4714
f 4915/550/4715 4914/548/4715 4929/555/4715 4930/557/4715
f 4908/534/4716 4907/549/4716 4922/556/4716 4923/558/4716
f 4916/536/4717 4915/550/4717 4930/557/4717 4931/559/4717
f 4909/535/4718 4908/534/4718 4923/558/4718 4924/560/4718
f 4917/537/4719 4916/536/4719 4931/559/4719 4932/561/4719
f 4910/538/4720 4909/535/4720 4924/560/4720 4925/562/4720
f 4918/539/4721 4917/537/4721 4932/561/4721 4933/563/4721
f 4911/540/4722 4910/538/4722 4925/562/4722 4926/564/4722
f 4919/541/4723 4918/539/4723 4933/563/4723 4934/565/4723
f 4912/542/4724 4911/540/4724 4926/564/4724 4927/551/4724
f 4905/544/4725 4543/566/4725 4920/553/4725
f 4769/567/4726 4919/541/4726 4934/565/4726
f 4913/546/4727 4912/542/4727 4927/551/4727 4928/552/4727
f 4906/547/4728 4905/544/4728 4920/553/4728 4921/554/4728
f 4914/548/4729 4913/546/4729 4928/552/4729 4929/555/4729
f 4907/549/4730 4906/547/4730 4921/554/4730 4922/556/4730
f 4934/565/4731 4933/563/4731 4942/25/4731 4943/29/4731
f 4927/551/4732 4926/564/4732 4464/27/4732 4465/31/4732
f 4920/553/4733 4543/568/4733 4935/33/4733
f 4769/569/4734 4934/565/4734 4943/29/4734
f 4928/552/4735 4927/551/4735 4465/31/4735 4466/37/4735
f 4921/554/4736 4920/553/4736 4935/33/4736 4936/39/4736
f 4929/555/4737 4928/552/4737 4466/37/4737 4939/41/4737
f 4922/556/4738 4921/554/4738 4936/39/4738 4462/43/4738
f 4930/557/4739 4929/555/4739 4939/41/4739 4467/45/4739
f 4923/558/4740 4922/556/4740 4462/43/4740 4937/16/4740
f 4931/559/4741 4930/557/4741 4467/45/4741 4940/20/4741
f 4924/560/4742 4923/558/4742 4937/16/4742 4463/15/4742
f 4932/561/4743 4931/559/4743 4940/20/4743 4941/19/4743
f 4925/562/4744 4924/560/4744 4463/15/4744 4938/23/4744
f 4933/563/4745 4932/561/4745 4941/19/4745 4942/25/4745
f 4926/564/4746 4925/562/4746 4938/23/4746 4464/27/4746
f 5425/29/4747 5424/25/4747 4963/26/4747 4964/30/4747
f 4947/31/4748 4946/27/4748 4956/28/4748 4957/32/4748
f 5417/33/4749 5025/34/4749 4950/35/4749
f 5251/36/4750 5425/29/4750 4964/30/4750
f 4948/37/4751 4947/31/4751 4957/32/4751 4958/38/4751
f 5418/39/4752 5417/33/4752 4950/35/4752 4951/40/4752
f 5421/41/4753 4948/37/4753 4958/38/4753 4959/42/4753
f 4944/43/4754 5418/39/4754 4951/40/4754 4952/44/4754
f 4949/45/4755 5421/41/4755 4959/42/4755 4960/46/4755
f 5419/16/4756 4944/43/4756 4952/44/4756 4953/17/4756
f 5422/20/4757 4949/45/4757 4960/46/4757 4961/21/4757
f 4945/15/4758 5419/16/4758 4953/17/4758 4954/18/4758
f 5423/19/4759 5422/20/4759 4961/21/4759 4962/22/4759
f 5420/23/4760 4945/15/4760 4954/18/4760 4955/24/4760
f 5424/25/4761 5423/19/4761 4962/22/4761 4963/26/4761
f 4946/27/4762 5420/23/4762 4955/24/4762 4956/28/4762
f 4955/24/4763 4954/18/4763 4969/51/4763 4970/53/4763
f 4963/26/4764 4962/22/4764 4977/52/4764 4978/54/4764
f 4956/28/4765 4955/24/4765 4970/53/4765 4971/55/4765
f 4964/30/4766 4963/26/4766 4978/54/4766 4979/56/4766
f 4957/32/4767 4956/28/4767 4971/55/4767 4972/57/4767
f 4950/35/4768 5025/58/4768 4965/59/4768
f 5251/60/4769 4964/30/4769 4979/56/4769
f 4958/38/4770 4957/32/4770 4972/57/4770 4973/61/4770
f 4951/40/4771 4950/35/4771 4965/59/4771 4966/62/4771
f 4959/42/4772 4958/38/4772 4973/61/4772 4974/63/4772
f 4952/44/4773 4951/40/4773 4966/62/4773 4967/47/4773
f 4960/46/4774 4959/42/4774 4974/63/4774 4975/49/4774
f 4953/17/4775 4952/44/4775 4967/47/4775 4968/48/4775
f 4961/21/4776 4960/46/4776 4975/49/4776 4976/50/4776
f 4954/18/4777 4953/17/4777 4968/48/4777 4969/51/4777
f 4962/22/4778 4961/21/4778 4976/50/4778 4977/52/4778
f 4974/63/4779 4973/61/4779 4988/70/4779 4989/72/4779
f 4967/47/4780 4966/62/4780 4981/71/4780 4982/73/4780
f 4975/49/4781 4974/63/4781 4989/72/4781 4990/74/4781
f 4968/48/4782 4967/47/4782 4982/73/4782 4983/75/4782
f 4976/50/4783 4975/49/4783 4990/74/4783 4991/76/4783
f 4969/51/4784 4968/48/4784 4983/75/4784 4984/77/4784
f 4977/52/4785 4976/50/4785 4991/76/4785 4992/78/4785
f 4970/53/4786 4969/51/4786 4984/77/4786 4985/79/4786
f 4978/54/4787 4977/52/4787 4992/78/4787 4993/80/4787
f 4971/55/4788 4970/53/4788 4985/79/4788 4986/64/4788
f 4979/56/4789 4978/54/4789 4993/80/4789 4994/69/4789
f 4972/57/4790 4971/55/4790 4986/64/4790 4987/65/4790
f 4965/59/4791 5025/66/4791 4980/67/4791
f 5251/68/4792 4979/56/4792 4994/69/4792
f 4973/61/4793 4972/57/4793 4987/65/4793 4988/70/4793
f 4966/62/4794 4965/59/4794 4980/67/4794 4981/71/4794
f 4993/80/4795 4992/78/4795 5007/83/4795 5008/85/4795
f 4986/64/4796 4985/79/4796 5000/84/4796 5001/86/4796
f 4994/69/4797 4993/80/4797 5008/85/4797 5009/87/4797
f 4987/65/4798 4986/64/4798 5001/86/4798 5002/5/4798
f 4980/67/4799 5025/88/4799 4995/89/4799
f 5251/90/4800 4994/69/4800 5009/87/4800
f 4988/70/4801 4987/65/4801 5002/5/4801 5003/91/4801
f 4981/71/4802 4980/67/4802 4995/89/4802 4996/92/4802
f 4989/72/4803 4988/70/4803 5003/91/4803 5004/93/4803
f 4982/73/4804 4981/71/4804 4996/92/4804 4997/94/4804
f 4990/74/4805 4989/72/4805 5004/93/4805 5005/81/4805
f 4983/75/4806 4982/73/4806 4997/94/4806 4998/7/4806
f 4991/76/4807 4990/74/4807 5005/81/4807 5006/3/4807
f 4984/77/4808 4983/75/4808 4998/7/4808 4999/82/4808
f 4992/78/4809 4991/76/4809 5006/3/4809 5007/83/4809
f 4985/79/4810 4984/77/4810 4999/82/4810 5000/84/4810
f 5005/81/4811 5004/93/4811 5019/102/4811 5020/104/4811
f 4998/7/4812 4997/94/4812 5012/103/4812 5013/105/4812
f 5006/3/4813 5005/81/4813 5020/104/4813 5021/106/4813
f 4999/82/4814 4998/7/4814 5013/105/4814 5014/107/4814
f 5007/83/4815 5006/3/4815 5021/106/4815 5022/108/4815
f 5000/84/4816 4999/82/4816 5014/107/4816 5015/109/4816
f 5008/85/4817 5007/83/4817 5022/108/4817 5023/110/4817
f 5001/86/4818 5000/84/4818 5015/109/4818 5016/111/4818
f 5009/87/4819 5008/85/4819 5023/110/4819 5024/98/4819
f 5002/5/4820 5001/86/4820 5016/111/4820 5017/99/4820
f 4995/89/4821 5025/95/4821 5010/96/4821
f 5251/97/4822 5009/87/4822 5024/98/4822
f 5003/91/4823 5002/5/4823 5017/99/4823 5018/100/4823
f 4996/92/4824 4995/89/4824 5010/96/4824 5011/101/4824
f 5004/93/4825 5003/91/4825 5018/100/4825 5019/102/4825
f 4997/94/4826 4996/92/4826 5011/101/4826 5012/103/4826
f 5024/98/4827 5023/110/4827 5039/117/4827 5040/119/4827
f 5017/99/4828 5016/111/4828 5032/118/4828 5033/120/4828
f 5010/96/4829 5025/121/4829 5026/122/4829
f 5251/123/4830 5024/98/4830 5040/119/4830
f 5018/100/4831 5017/99/4831 5033/120/4831 5034/124/4831
f 5011/101/4832 5010/96/4832 5026/122/4832 5027/125/4832
f 5019/102/4833 5018/100/4833 5034/124/4833 5035/126/4833
f 5012/103/4834 5011/101/4834 5027/125/4834 5028/127/4834
f 5020/104/4835 5019/102/4835 5035/126/4835 5036/128/4835
f 5013/105/4836 5012/103/4836 5028/127/4836 5029/112/4836
f 5021/106/4837 5020/104/4837 5036/128/4837 5037/114/4837
f 5014/107/4838 5013/105/4838 5029/112/4838 5030/113/4838
f 5022/108/4839 5021/106/4839 5037/114/4839 5038/115/4839
f 5015/109/4840 5014/107/4840 5030/113/4840 5031/116/4840
f 5023/110/4841 5022/108/4841 5038/115/4841 5039/117/4841
f 5016/111/4842 5015/109/4842 5031/116/4842 5032/118/4842
f 5029/112/4843 5028/127/4843 5043/134/4843 5044/136/4843
f 5037/114/4844 5036/128/4844 5051/135/4844 5052/137/4844
f 5030/113/4845 5029/112/4845 5044/136/4845 5045/138/4845
f 5038/115/4846 5037/114/4846 5052/137/4846 5053/139/4846
f 5031/116/4847 5030/113/4847 5045/138/4847 5046/140/4847
f 5039/117/4848 5038/115/4848 5053/139/4848 5054/141/4848
f 5032/118/4849 5031/116/4849 5046/140/4849 5047/142/4849
f 5040/119/4850 5039/117/4850 5054/141/4850 5055/143/4850
f 5033/120/4851 5032/118/4851 5047/142/4851 5048/129/4851
f 5026/122/4852 5025/144/4852 5041/131/4852
f 5251/145/4853 5040/119/4853 5055/143/4853
f 5034/124/4854 5033/120/4854 5048/129/4854 5049/130/4854
f 5027/125/4855 5026/122/4855 5041/131/4855 5042/132/4855
f 5035/126/4856 5034/124/4856 5049/130/4856 5050/133/4856
f 5028/127/4857 5027/125/4857 5042/132/4857 5043/134/4857
f 5036/128/4858 5035/126/4858 5050/133/4858 5051/135/4858
f 5048/129/4859 5047/142/4859 5062/151/4859 5063/153/4859
f 5041/131/4860 5025/154/4860 5056/155/4860
f 5251/156/4861 5055/143/4861 5070/152/4861
f 5049/130/4862 5048/129/4862 5063/153/4862 5064/157/4862
f 5042/132/4863 5041/131/4863 5056/155/4863 5057/158/4863
f 5050/133/4864 5049/130/4864 5064/157/4864 5065/159/4864
f 5043/134/4865 5042/132/4865 5057/158/4865 5058/160/4865
f 5051/135/4866 5050/133/4866 5065/159/4866 5066/161/4866
f 5044/136/4867 5043/134/4867 5058/160/4867 5059/162/4867
f 5052/137/4868 5051/135/4868 5066/161/4868 5067/146/4868
f 5045/138/4869 5044/136/4869 5059/162/4869 5060/148/4869
f 5053/139/4870 5052/137/4870 5067/146/4870 5068/147/4870
f 5046/140/4871 5045/138/4871 5060/148/4871 5061/149/4871
f 5054/141/4872 5053/139/4872 5068/147/4872 5069/150/4872
f 5047/142/4873 5046/140/4873 5061/149/4873 5062/151/4873
f 5055/143/4874 5054/141/4874 5069/150/4874 5070/152/4874
f 5067/146/4875 5066/161/4875 5081/167/4875 5082/169/4875
f 5060/148/4876 5059/162/4876 5074/168/4876 5075/170/4876
f 5068/147/4877 5067/146/4877 5082/169/4877 5083/171/4877
f 5061/149/4878 5060/148/4878 5075/170/4878 5076/172/4878
f 5069/150/4879 5068/147/4879 5083/171/4879 5084/173/4879
f 5062/151/4880 5061/149/4880 5076/172/4880 5077/174/4880
f 5070/152/4881 5069/150/4881 5084/173/4881 5085/175/4881
f 5063/153/4882 5062/151/4882 5077/174/4882 5078/176/4882
f 5056/155/4883 5025/177/4883 5071/178/4883
f 5251/179/4884 5070/152/4884 5085/175/4884
f 5064/157/4885 5063/153/4885 5078/176/4885 5079/163/4885
f 5057/158/4886 5056/155/4886 5071/178/4886 5072/165/4886
f 5065/159/4887 5064/157/4887 5079/163/4887 5080/164/4887
f 5058/160/4888 5057/158/4888 5072/165/4888 5073/166/4888
f 5066/161/4889 5065/159/4889 5080/164/4889 5081/167/4889
f 5059/162/4890 5058/160/4890 5073/166/4890 5074/168/4890
f 5071/178/4891 5025/186/4891 5086/187/4891
f 5251/188/4892 5085/175/4892 5100/184/4892
f 5079/163/4893 5078/176/4893 5093/185/4893 5094/189/4893
f 5072/165/4894 5071/178/4894 5086/187/4894 5087/190/4894
f 5080/164/4895 5079/163/4895 5094/189/4895 5095/191/4895
f 5073/166/4896 5072/165/4896 5087/190/4896 5088/192/4896
f 5081/167/4897 5080/164/4897 5095/191/4897 5096/193/4897
f 5074/168/4898 5073/166/4898 5088/192/4898 5089/194/4898
f 5082/169/4899 5081/167/4899 5096/193/4899 5097/195/4899
f 5075/170/4900 5074/168/4900 5089/194/4900 5090/196/4900
f 5083/171/4901 5082/169/4901 5097/195/4901 5098/180/4901
f 5076/172/4902 5075/170/4902 5090/196/4902 5091/182/4902
f 5084/173/4903 5083/171/4903 5098/180/4903 5099/181/4903
f 5077/174/4904 5076/172/4904 5091/182/4904 5092/183/4904
f 5085/175/4905 5084/173/4905 5099/181/4905 5100/184/4905
f 5078/176/4906 5077/174/4906 5092/183/4906 5093/185/4906
f 5090/196/4907 5089/194/4907 5104/201/4907 5105/203/4907
f 5098/180/4908 5097/195/4908 5112/202/4908 5113/204/4908
f 5091/182/4909 5090/196/4909 5105/203/4909 5106/205/4909
f 5099/181/4910 5098/180/4910 5113/204/4910 5114/206/4910
f 5092/183/4911 5091/182/4911 5106/205/4911 5107/207/4911
f 5100/184/4912 5099/181/4912 5114/206/4912 5115/208/4912
f 5093/185/4913 5092/183/4913 5107/207/4913 5108/209/4913
f 5086/187/4914 5025/210/4914 5101/211/4914
f 5251/212/4915 5100/184/4915 5115/208/4915
f 5094/189/4916 5093/185/4916 5108/209/4916 5109/213/4916
f 5087/190/4917 5086/187/4917 5101/211/4917 5102/197/4917
f 5095/191/4918 5094/189/4918 5109/213/4918 5110/199/4918
f 5088/192/4919 5087/190/4919 5102/197/4919 5103/198/4919
f 5096/193/4920 5095/191/4920 5110/199/4920 5111/200/4920
f 5089/194/4921 5088/192/4921 5103/198/4921 5104/201/4921
f 5097/195/4922 5096/193/4922 5111/200/4922 5112/202/4922
f 5109/213/4923 5108/209/4923 5123/218/4923 5124/222/4923
f 5102/197/4924 5101/211/4924 5116/220/4924 5117/223/4924
f 5110/199/4925 5109/213/4925 5124/222/4925 5125/224/4925
f 5103/198/4926 5102/197/4926 5117/223/4926 5118/225/4926
f 5111/200/4927 5110/199/4927 5125/224/4927 5126/226/4927
f 5104/201/4928 5103/198/4928 5118/225/4928 5119/227/4928
f 5112/202/4929 5111/200/4929 5126/226/4929 5127/4/4929
f 5105/203/4930 5104/201/4930 5119/227/4930 5120/228/4930
f 5113/204/4931 5112/202/4931 5127/4/4931 5128/229/4931
f 5106/205/4932 5105/203/4932 5120/228/4932 5121/214/4932
f 5114/206/4933 5113/204/4933 5128/229/4933 5129/216/4933
f 5107/207/4934 5106/205/4934 5121/214/4934 5122/215/4934
f 5115/208/4935 5114/206/4935 5129/216/4935 5130/217/4935
f 5108/209/4936 5107/207/4936 5122/215/4936 5123/218/4936
f 5101/211/4937 5025/219/4937 5116/220/4937
f 5251/221/4938 5115/208/4938 5130/217/4938
f 5128/229/4939 5127/4/4939 5142/234/4939 5143/236/4939
f 5121/214/4940 5120/228/4940 5135/235/4940 5136/237/4940
f 5129/216/4941 5128/229/4941 5143/236/4941 5144/238/4941
f 5122/215/4942 5121/214/4942 5136/237/4942 5137/239/4942
f 5130/217/4943 5129/216/4943 5144/238/4943 5145/240/4943
f 5123/218/4944 5122/215/4944 5137/239/4944 5138/241/4944
f 5116/220/4945 5025/242/4945 5131/243/4945
f 5251/244/4946 5130/217/4946 5145/240/4946
f 5124/222/4947 5123/218/4947 5138/241/4947 5139/245/4947
f 5117/223/4948 5116/220/4948 5131/243/4948 5132/246/4948
f 5125/224/4949 5124/222/4949 5139/245/4949 5140/230/4949
f 5118/225/4950 5117/223/4950 5132/246/4950 5133/232/4950
f 5126/226/4951 5125/224/4951 5140/230/4951 5141/231/4951
f 5119/227/4952 5118/225/4952 5133/232/4952 5134/233/4952
f 5127/4/4953 5126/226/4953 5141/231/4953 5142/234/4953
f 5120/228/4954 5119/227/4954 5134/233/4954 5135/235/4954
f 5140/230/4955 5139/245/4955 5154/254/4955 5155/256/4955
f 5133/232/4956 5132/246/4956 5147/255/4956 5148/257/4956
f 5141/231/4957 5140/230/4957 5155/256/4957 5156/258/4957
f 5134/233/4958 5133/232/4958 5148/257/4958 5149/259/4958
f 5142/234/4959 5141/231/4959 5156/258/4959 5157/260/4959
f 5135/235/4960 5134/233/4960 5149/259/4960 5150/261/4960
f 5143/236/4961 5142/234/4961 5157/260/4961 5158/262/4961
f 5136/237/4962 5135/235/4962 5150/261/4962 5151/263/4962
f 5144/238/4963 5143/236/4963 5158/262/4963 5159/247/4963
f 5137/239/4964 5136/237/4964 5151/263/4964 5152/249/4964
f 5145/240/4965 5144/238/4965 5159/247/4965 5160/248/4965
f 5138/241/4966 5137/239/4966 5152/249/4966 5153/250/4966
f 5131/243/4967 5025/251/4967 5146/252/4967
f 5251/253/4968 5145/240/4968 5160/248/4968
f 5139/245/4969 5138/241/4969 5153/250/4969 5154/254/4969
f 5132/246/4970 5131/243/4970 5146/252/4970 5147/255/4970
f 5159/247/4971 5158/262/4971 5173/269/4971 5174/271/4971
f 5152/249/4972 5151/263/4972 5166/270/4972 5167/272/4972
f 5160/248/4973 5159/247/4973 5174/271/4973 5175/273/4973
f 5153/250/4974 5152/249/4974 5167/272/4974 5168/274/4974
f 5146/252/4975 5025/275/4975 5161/276/4975
f 5251/277/4976 5160/248/4976 5175/273/4976
f 5154/254/4977 5153/250/4977 5168/274/4977 5169/278/4977
f 5147/255/4978 5146/252/4978 5161/276/4978 5162/279/4978
f 5155/256/4979 5154/254/4979 5169/278/4979 5170/280/4979
f 5148/257/4980 5147/255/4980 5162/279/4980 5163/264/4980
f 5156/258/4981 5155/256/4981 5170/280/4981 5171/266/4981
f 5149/259/4982 5148/257/4982 5163/264/4982 5164/265/4982
f 5157/260/4983 5156/258/4983 5171/266/4983 5172/267/4983
f 5150/261/4984 5149/259/4984 5164/265/4984 5165/268/4984
f 5158/262/4985 5157/260/4985 5172/267/4985 5173/269/4985
f 5151/263/4986 5150/261/4986 5165/268/4986 5166/270/4986
f 5163/264/4987 5162/279/4987 5177/288/4987 5178/290/4987
f 5171/266/4988 5170/280/4988 5185/289/4988 5186/291/4988
f 5164/265/4989 5163/264/4989 5178/290/4989 5179/292/4989
f 5172/267/4990 5171/266/4990 5186/291/4990 5187/293/4990
f 5165/268/4991 5164/265/4991 5179/292/4991 5180/294/4991
f 5173/269/4992 5172/267/4992 5187/293/4992 5188/295/4992
f 5166/270/4993 5165/268/4993 5180/294/4993 5181/296/4993
f 5174/271/4994 5173/269/4994 5188/295/4994 5189/297/4994
f 5167/272/4995 5166/270/4995 5181/296/4995 5182/281/4995
f 5175/273/4996 5174/271/4996 5189/297/4996 5190/286/4996
f 5168/274/4997 5167/272/4997 5182/281/4997 5183/282/4997
f 5161/276/4998 5025/283/4998 5176/284/4998
f 5251/285/4999 5175/273/4999 5190/286/4999
f 5169/278/5000 5168/274/5000 5183/282/5000 5184/287/5000
f 5162/279/5001 5161/276/5001 5176/284/5001 5177/288/5001
f 5170/280/5002 5169/278/5002 5184/287/5002 5185/289/5002
f 5182/281/5003 5181/296/5003 5196/303/5003 5197/305/5003
f 5190/286/5004 5189/297/5004 5204/304/5004 5205/306/5004
f 5183/282/5005 5182/281/5005 5197/305/5005 5198/307/5005
f 5176/284/5006 5025/308/5006 5191/309/5006
f 5251/310/5007 5190/286/5007 5205/306/5007
f 5184/287/5008 5183/282/5008 5198/307/5008 5199/311/5008
f 5177/288/5009 5176/284/5009 5191/309/5009 5192/312/5009
f 5185/289/5010 5184/287/5010 5199/311/5010 5200/313/5010
f 5178/290/5011 5177/288/5011 5192/312/5011 5193/314/5011
f 5186/291/5012 5185/289/5012 5200/313/5012 5201/298/5012
f 5179/292/5013 5178/290/5013 5193/314/5013 5194/300/5013
f 5187/293/5014 5186/291/5014 5201/298/5014 5202/299/5014
f 5180/294/5015 5179/292/5015 5194/300/5015 5195/301/5015
f 5188/295/5016 5187/293/5016 5202/299/5016 5203/302/5016
f 5181/296/5017 5180/294/5017 5195/301/5017 5196/303/5017
f 5189/297/5018 5188/295/5018 5203/302/5018 5204/304/5018
f 5201/298/5019 5200/313/5019 5215/321/5019 5216/323/5019
f 5194/300/5020 5193/314/5020 5208/322/5020 5209/324/5020
f 5202/299/5021 5201/298/5021 5216/323/5021 5217/325/5021
f 5195/301/5022 5194/300/5022 5209/324/5022 5210/326/5022
f 5203/302/5023 5202/299/5023 5217/325/5023 5218/327/5023
f 5196/303/5024 5195/301/5024 5210/326/5024 5211/328/5024
f 5204/304/5025 5203/302/5025 5218/327/5025 5219/329/5025
f 5197/305/5026 5196/303/5026 5211/328/5026 5212/330/5026
f 5205/306/5027 5204/304/5027 5219/329/5027 5220/316/5027
f 5198/307/5028 5197/305/5028 5212/330/5028 5213/317/5028
f 5191/309/5029 5025/331/5029 5206/319/5029
f 5251/315/5030 5205/306/5030 5220/316/5030
f 5199/311/5031 5198/307/5031 5213/317/5031 5214/318/5031
f 5192/312/5032 5191/309/5032 5206/319/5032 5207/320/5032
f 5200/313/5033 5199/311/5033 5214/318/5033 5215/321/5033
f 5193/314/5034 5192/312/5034 5207/320/5034 5208/322/5034
f 5220/316/5035 5219/329/5035 5234/336/5035 5235/338/5035
f 5213/317/5036 5212/330/5036 5227/337/5036 5228/339/5036
f 5206/319/5037 5025/340/5037 5221/341/5037
f 5251/342/5038 5220/316/5038 5235/338/5038
f 5214/318/5039 5213/317/5039 5228/339/5039 5229/343/5039
f 5207/320/5040 5206/319/5040 5221/341/5040 5222/344/5040
f 5215/321/5041 5214/318/5041 5229/343/5041 5230/345/5041
f 5208/322/5042 5207/320/5042 5222/344/5042 5223/346/5042
f 5216/323/5043 5215/321/5043 5230/345/5043 5231/347/5043
f 5209/324/5044 5208/322/5044 5223/346/5044 5224/348/5044
f 5217/325/5045 5216/323/5045 5231/347/5045 5232/332/5045
f 5210/326/5046 5209/324/5046 5224/348/5046 5225/334/5046
f 5218/327/5047 5217/325/5047 5232/332/5047 5233/333/5047
f 5211/328/5048 5210/326/5048 5225/334/5048 5226/335/5048
f 5219/329/5049 5218/327/5049 5233/333/5049 5234/336/5049
f 5212/330/5050 5211/328/5050 5226/335/5050 5227/337/5050
f 5224/348/5051 5223/346/5051 5238/353/5051 5239/355/5051
f 5232/332/5052 5231/347/5052 5246/354/5052 5247/356/5052
f 5225/334/5053 5224/348/5053 5239/355/5053 5240/357/5053
f 5233/333/5054 5232/332/5054 5247/356/5054 5248/358/5054
f 5226/335/5055 5225/334/5055 5240/357/5055 5241/359/5055
f 5234/336/5056 5233/333/5056 5248/358/5056 5249/360/5056
f 5227/337/5057 5226/335/5057 5241/359/5057 5242/361/5057
f 5235/338/5058 5234/336/5058 5249/360/5058 5250/362/5058
f 5228/339/5059 5227/337/5059 5242/361/5059 5243/363/5059
f 5221/341/5060 5025/364/5060 5236/349/5060
f 5251/365/5061 5235/338/5061 5250/362/5061
f 5229/343/5062 5228/339/5062 5243/363/5062 5244/351/5062
f 5222/344/5063 5221/341/5063 5236/349/5063 5237/350/5063
f 5230/345/5064 5229/343/5064 5244/351/5064 5245/352/5064
f 5223/346/5065 5222/344/5065 5237/350/5065 5238/353/5065
f 5231/347/5066 5230/345/5066 5245/352/5066 5246/354/5066
f 5243/363/5067 5242/361/5067 5258/370/5067 5259/372/5067
f 5236/349/5068 5025/373/5068 5252/374/5068
f 5251/375/5069 5250/362/5069 5266/371/5069
f 5244/351/5070 5243/363/5070 5259/372/5070 5260/376/5070
f 5237/350/5071 5236/349/5071 5252/374/5071 5253/377/5071
f 5245/352/5072 5244/351/5072 5260/376/5072 5261/378/5072
f 5238/353/5073 5237/350/5073 5253/377/5073 5254/379/5073
f 5246/354/5074 5245/352/5074 5261/378/5074 5262/380/5074
f 5239/355/5075 5238/353/5075 5254/379/5075 5255/381/5075
f 5247/356/5076 5246/354/5076 5262/380/5076 5263/382/5076
f 5240/357/5077 5239/355/5077 5255/381/5077 5256/366/5077
f 5248/358/5078 5247/356/5078 5263/382/5078 5264/368/5078
f 5241/359/5079 5240/357/5079 5256/366/5079 5257/367/5079
f 5249/360/5080 5248/358/5080 5264/368/5080 5265/369/5080
f 5242/361/5081 5241/359/5081 5257/367/5081 5258/370/5081
f 5250/362/5082 5249/360/5082 5265/369/5082 5266/371/5082
f 5263/382/5083 5262/380/5083 5277/387/5083 5278/389/5083
f 5256/366/5084 5255/381/5084 5270/388/5084 5271/390/5084
f 5264/368/5085 5263/382/5085 5278/389/5085 5279/391/5085
f 5257/367/5086 5256/366/5086 5271/390/5086 5272/392/5086
f 5265/369/5087 5264/368/5087 5279/391/5087 5280/393/5087
f 5258/370/5088 5257/367/5088 5272/392/5088 5273/394/5088
f 5266/371/5089 5265/369/5089 5280/393/5089 5281/395/5089
f 5259/372/5090 5258/370/5090 5273/394/5090 5274/396/5090
f 5252/374/5091 5025/397/5091 5267/398/5091
f 5251/399/5092 5266/371/5092 5281/395/5092
f 5260/376/5093 5259/372/5093 5274/396/5093 5275/383/5093
f 5253/377/5094 5252/374/5094 5267/398/5094 5268/385/5094
f 5261/378/5095 5260/376/5095 5275/383/5095 5276/384/5095
f 5254/379/5096 5253/377/5096 5268/385/5096 5269/386/5096
f 5262/380/5097 5261/378/5097 5276/384/5097 5277/387/5097
f 5255/381/5098 5254/379/5098 5269/386/5098 5270/388/5098
f 5251/408/5099 5281/395/5099 5296/404/5099
f 5275/383/5100 5274/396/5100 5289/405/5100 5290/409/5100
f 5268/385/5101 5267/398/5101 5282/407/5101 5283/410/5101
f 5276/384/5102 5275/383/5102 5290/409/5102 5291/411/5102
f 5269/386/5103 5268/385/5103 5283/410/5103 5284/412/5103
f 5277/387/5104 5276/384/5104 5291/411/5104 5292/413/5104
f 5270/388/5105 5269/386/5105 5284/412/5105 5285/414/5105
f 5278/389/5106 5277/387/5106 5292/413/5106 5293/415/5106
f 5271/390/5107 5270/388/5107 5285/414/5107 5286/416/5107
f 5279/391/5108 5278/389/5108 5293/415/5108 5294/400/5108
f 5272/392/5109 5271/390/5109 5286/416/5109 5287/402/5109
f 5280/393/5110 5279/391/5110 5294/400/5110 5295/401/5110
f 5273/394/5111 5272/392/5111 5287/402/5111 5288/403/5111
f 5281/395/5112 5280/393/5112 5295/401/5112 5296/404/5112
f 5274/396/5113 5273/394/5113 5288/403/5113 5289/405/5113
f 5267/398/5114 5025/406/5114 5282/407/5114
f 5294/400/5115 5293/415/5115 5308/422/5115 5309/424/5115
f 5287/402/5116 5286/416/5116 5301/423/5116 5302/425/5116
f 5295/401/5117 5294/400/5117 5309/424/5117 5310/426/5117
f 5288/403/5118 5287/402/5118 5302/425/5118 5303/427/5118
f 5296/404/5119 5295/401/5119 5310/426/5119 5311/428/5119
f 5289/405/5120 5288/403/5120 5303/427/5120 5304/429/5120
f 5282/407/5121 5025/430/5121 5297/431/5121
f 5251/432/5122 5296/404/5122 5311/428/5122
f 5290/409/5123 5289/405/5123 5304/429/5123 5305/433/5123
f 5283/410/5124 5282/407/5124 5297/431/5124 5298/417/5124
f 5291/411/5125 5290/409/5125 5305/433/5125 5306/419/5125
f 5284/412/5126 5283/410/5126 5298/417/5126 5299/418/5126
f 5292/413/5127 5291/411/5127 5306/419/5127 5307/420/5127
f 5285/414/5128 5284/412/5128 5299/418/5128 5300/421/5128
f 5293/415/5129 5292/413/5129 5307/420/5129 5308/422/5129
f 5286/416/5130 5285/414/5130 5300/421/5130 5301/423/5130
f 5298/450/5131 5297/444/5131 5312/446/5131 5313/451/5131
f 5306/452/5132 5305/448/5132 5320/449/5132 5321/453/5132
f 5299/454/5133 5298/450/5133 5313/451/5133 5314/455/5133
f 5307/456/5134 5306/452/5134 5321/453/5134 5322/457/5134
f 5300/458/5135 5299/454/5135 5314/455/5135 5315/459/5135
f 5308/460/5136 5307/456/5136 5322/457/5136 5323/461/5136
f 5301/462/5137 5300/458/5137 5315/459/5137 5316/463/5137
f 5309/464/5138 5308/460/5138 5323/461/5138 5324/465/5138
f 5302/435/5139 5301/462/5139 5316/463/5139 5317/436/5139
f 5310/439/5140 5309/464/5140 5324/465/5140 5325/440/5140
f 5303/434/5141 5302/435/5141 5317/436/5141 5318/437/5141
f 5311/438/5142 5310/439/5142 5325/440/5142 5326/441/5142
f 5304/442/5143 5303/434/5143 5318/437/5143 5319/443/5143
f 5297/444/5144 5025/445/5144 5312/446/5144
f 5251/447/5145 5311/438/5145 5326/441/5145
f 5305/448/5146 5304/442/5146 5319/443/5146 5320/449/5146
f 5317/436/5147 5316/463/5147 5331/471/5147 5332/473/5147
f 5325/440/5148 5324/465/5148 5339/472/5148 5340/474/5148
f 5318/437/5149 5317/436/5149 5332/473/5149 5333/475/5149
f 5326/441/5150 5325/440/5150 5340/474/5150 5341/476/5150
f 5319/443/5151 5318/437/5151 5333/475/5151 5334/477/5151
f 5312/446/5152 5025/478/5152 5327/479/5152
f 5251/480/5153 5326/441/5153 5341/476/5153
f 5320/449/5154 5319/443/5154 5334/477/5154 5335/481/5154
f 5313/451/5155 5312/446/5155 5327/479/5155 5328/482/5155
f 5321/453/5156 5320/449/5156 5335/481/5156 5336/466/5156
f 5314/455/5157 5313/451/5157 5328/482/5157 5329/468/5157
f 5322/457/5158 5321/453/5158 5336/466/5158 5337/467/5158
f 5315/459/5159 5314/455/5159 5329/468/5159 5330/469/5159
f 5323/461/5160 5322/457/5160 5337/467/5160 5338/470/5160
f 5316/463/5161 5315/459/5161 5330/469/5161 5331/471/5161
f 5324/465/5162 5323/461/5162 5338/470/5162 5339/472/5162
f 5336/466/5163 5335/481/5163 5350/490/5163 5351/492/5163
f 5329/468/5164 5328/482/5164 5343/491/5164 5344/493/5164
f 5337/467/5165 5336/466/5165 5351/492/5165 5352/494/5165
f 5330/469/5166 5329/468/5166 5344/493/5166 5345/495/5166
f 5338/470/5167 5337/467/5167 5352/494/5167 5353/496/5167
f 5331/471/5168 5330/469/5168 5345/495/5168 5346/497/5168
f 5339/472/5169 5338/470/5169 5353/496/5169 5354/498/5169
f 5332/473/5170 5331/471/5170 5346/497/5170 5347/499/5170
f 5340/474/5171 5339/472/5171 5354/498/5171 5355/483/5171
f 5333/475/5172 5332/473/5172 5347/499/5172 5348/485/5172
f 5341/476/5173 5340/474/5173 5355/483/5173 5356/484/5173
f 5334/477/5174 5333/475/5174 5348/485/5174 5349/486/5174
f 5327/479/5175 5025/487/5175 5342/488/5175
f 5251/489/5176 5341/476/5176 5356/484/5176
f 5335/481/5177 5334/477/5177 5349/486/5177 5350/490/5177
f 5328/482/5178 5327/479/5178 5342/488/5178 5343/491/5178
f 5355/483/5179 5354/498/5179 5369/504/5179 5370/506/5179
f 5348/485/5180 5347/499/5180 5362/505/5180 5363/507/5180
f 5356/484/5181 5355/483/5181 5370/506/5181 5371/508/5181
f 5349/486/5182 5348/485/5182 5363/507/5182 5364/509/5182
f 5342/488/5183 5025/510/5183 5357/511/5183
f 5251/512/5184 5356/484/5184 5371/508/5184
f 5350/490/5185 5349/486/5185 5364/509/5185 5365/513/5185
f 5343/491/5186 5342/488/5186 5357/511/5186 5358/514/5186
f 5351/492/5187 5350/490/5187 5365/513/5187 5366/515/5187
f 5344/493/5188 5343/491/5188 5358/514/5188 5359/516/5188
f 5352/494/5189 5351/492/5189 5366/515/5189 5367/500/5189
f 5345/495/5190 5344/493/5190 5359/516/5190 5360/502/5190
f 5353/496/5191 5352/494/5191 5367/500/5191 5368/501/5191
f 5346/497/5192 5345/495/5192 5360/502/5192 5361/503/5192
f 5354/498/5193 5353/496/5193 5368/501/5193 5369/504/5193
f 5347/499/5194 5346/497/5194 5361/503/5194 5362/505/5194
f 5359/516/5195 5358/514/5195 5373/523/5195 5374/525/5195
f 5367/500/5196 5366/515/5196 5381/524/5196 5382/526/5196
f 5360/502/5197 5359/516/5197 5374/525/5197 5375/527/5197
f 5368/501/5198 5367/500/5198 5382/526/5198 5383/528/5198
f 5361/503/5199 5360/502/5199 5375/527/5199 5376/529/5199
f 5369/504/5200 5368/501/5200 5383/528/5200 5384/530/5200
f 5362/505/5201 5361/503/5201 5376/529/5201 5377/531/5201
f 5370/506/5202 5369/504/5202 5384/530/5202 5385/532/5202
f 5363/507/5203 5362/505/5203 5377/531/5203 5378/533/5203
f 5371/508/5204 5370/506/5204 5385/532/5204 5386/520/5204
f 5364/509/5205 5363/507/5205 5378/533/5205 5379/521/5205
f 5357/511/5206 5025/517/5206 5372/518/5206
f 5251/519/5207 5371/508/5207 5386/520/5207
f 5365/513/5208 5364/509/5208 5379/521/5208 5380/522/5208
f 5358/514/5209 5357/511/5209 5372/518/5209 5373/523/5209
f 5366/515/5210 5365/513/5210 5380/522/5210 5381/524/5210
f 5378/533/5211 5377/531/5211 5392/538/5211 5393/540/5211
f 5386/520/5212 5385/532/5212 5400/539/5212 5401/541/5212
f 5379/521/5213 5378/533/5213 5393/540/5213 5394/542/5213
f 5372/518/5214 5025/543/5214 5387/544/5214
f 5251/545/5215 5386/520/5215 5401/541/5215
f 5380/522/5216 5379/521/5216 5394/542/5216 5395/546/5216
f 5373/523/5217 5372/518/5217 5387/544/5217 5388/547/5217
f 5381/524/5218 5380/522/5218 5395/546/5218 5396/548/5218
f 5374/525/5219 5373/523/5219 5388/547/5219 5389/549/5219
f 5382/526/5220 5381/524/5220 5396/548/5220 5397/550/5220
f 5375/527/5221 5374/525/5221 5389/549/5221 5390/534/5221
f 5383/528/5222 5382/526/5222 5397/550/5222 5398/536/5222
f 5376/529/5223 5375/527/5223 5390/534/5223 5391/535/5223
f 5384/530/5224 5383/528/5224 5398/536/5224 5399/537/5224
f 5377/531/5225 5376/529/5225 5391/535/5225 5392/538/5225
f 5385/532/5226 5384/530/5226 5399/537/5226 5400/539/5226
f 5397/550/5227 5396/548/5227 5411/555/5227 5412/557/5227
f 5390/534/5228 5389/549/5228 5404/556/5228 5405/558/5228
f 5398/536/5229 5397/550/5229 5412/557/5229 5413/559/5229
f 5391/535/5230 5390/534/5230 5405/558/5230 5406/560/5230
f 5399/537/5231 5398/536/5231 5413/559/5231 5414/561/5231
f 5392/538/5232 5391/535/5232 5406/560/5232 5407/562/5232
f 5400/539/5233 5399/537/5233 5414/561/5233 5415/563/5233
f 5393/540/5234 5392/538/5234 5407/562/5234 5408/564/5234
f 5401/541/5235 5400/539/5235 5415/563/5235 5416/565/5235
f 5394/542/5236 5393/540/5236 5408/564/5236 5409/551/5236
f 5387/544/5237 5025/566/5237 5402/553/5237
f 5251/567/5238 5401/541/5238 5416/565/5238
f 5395/546/5239 5394/542/5239 5409/551/5239 5410/552/5239
f 5388/547/5240 5387/544/5240 5402/553/5240 5403/554/5240
f 5396/548/5241 5395/546/5241 5410/552/5241 5411/555/5241
f 5389/549/5242 5388/547/5242 5403/554/5242 5404/556/5242
f 5416/565/5243 5415/563/5243 5424/25/5243 5425/29/5243
f 5409/551/5244 5408/564/5244 4946/27/5244 4947/31/5244
f 5402/553/5245 5025/568/5245 5417/33/5245
f 5251/569/5246 5416/565/5246 5425/29/5246
f 5410/552/5247 5409/551/5247 4947/31/5247 4948/37/5247
f 5403/554/5248 5402/553/5248 5417/33/5248 5418/39/5248
f 5411/555/5249 5410/552/5249 4948/37/5249 5421/41/5249
f 5404/556/5250 5403/554/5250 5418/39/5250 4944/43/5250
f 5412/557/5251 5411/555/5251 5421/41/5251 4949/45/5251
f 5405/558/5252 5404/556/5252 4944/43/5252 5419/16/5252
f 5413/559/5253 5412/557/5253 4949/45/5253 5422/20/5253
f 5406/560/5254 5405/558/5254 5419/16/5254 4945/15/5254
f 5414/561/5255 5413/559/5255 5422/20/5255 5423/19/5255
f 5407/562/5256 5406/560/5256 4945/15/5256 5420/23/5256
f 5415/563/5257 5414/561/5257 5423/19/5257 5424/25/5257
f 5408/564/5258 5407/562/5258 5420/23/5258 4946/27/5258
f 5907/29/5259 5906/25/5259 5445/26/5259 5446/30/5259
f 5429/31/5260 5428/27/5260 5438/28/5260 5439/32/5260
f 5899/33/5261 5507/34/5261 5432/35/5261
f 5733/36/5262 5907/29/5262 5446/30/5262
f 5430/37/5263 5429/31/5263 5439/32/5263 5440/38/5263
f 5900/39/5264 5899/33/5264 5432/35/5264 5433/40/5264
f 5903/41/5265 5430/37/5265 5440/38/5265 5441/42/5265
f 5426/43/5266 5900/39/5266 5433/40/5266 5434/44/5266
f 5431/45/5267 5903/41/5267 5441/42/5267 5442/46/5267
f 5901/16/5268 5426/43/5268 5434/44/5268 5435/17/5268
f 5904/20/5269 5431/45/5269 5442/46/5269 5443/21/5269
f 5427/15/5270 5901/16/5270 5435/17/5270 5436/18/5270
f 5905/19/5271 5904/20/5271 5443/21/5271 5444/22/5271
f 5902/23/5272 5427/15/5272 5436/18/5272 5437/24/5272
f 5906/25/5273 5905/19/5273 5444/22/5273 5445/26/5273
f 5428/27/5274 5902/23/5274 5437/24/5274 5438/28/5274
f 5437/24/5275 5436/18/5275 5451/51/5275 5452/53/5275
f 5445/26/5276 5444/22/5276 5459/52/5276 5460/54/5276
f 5438/28/5277 5437/24/5277 5452/53/5277 5453/55/5277
f 5446/30/5278 5445/26/5278 5460/54/5278 5461/56/5278
f 5439/32/5279 5438/28/5279 5453/55/5279 5454/57/5279
f 5432/35/5280 5507/58/5280 5447/59/5280
f 5733/60/5281 5446/30/5281 5461/56/5281
f 5440/38/5282 5439/32/5282 5454/57/5282 5455/61/5282
f 5433/40/5283 5432/35/5283 5447/59/5283 5448/62/5283
f 5441/42/5284 5440/38/5284 5455/61/5284 5456/63/5284
f 5434/44/5285 5433/40/5285 5448/62/5285 5449/47/5285
f 5442/46/5286 5441/42/5286 5456/63/5286 5457/49/5286
f 5435/17/5287 5434/44/5287 5449/47/5287 5450/48/5287
f 5443/21/5288 5442/46/5288 5457/49/5288 5458/50/5288
f 5436/18/5289 5435/17/5289 5450/48/5289 5451/51/5289
f 5444/22/5290 5443/21/5290 5458/50/5290 5459/52/5290
f 5456/63/5291 5455/61/5291 5470/70/5291 5471/72/5291
f 5449/47/5292 5448/62/5292 5463/71/5292 5464/73/5292
f 5457/49/5293 5456/63/5293 5471/72/5293 5472/74/5293
f 5450/48/5294 5449/47/5294 5464/73/5294 5465/75/5294
f 5458/50/5295 5457/49/5295 5472/74/5295 5473/76/5295
f 5451/51/5296 5450/48/5296 5465/75/5296 5466/77/5296
f 5459/52/5297 5458/50/5297 5473/76/5297 5474/78/5297
f 5452/53/5298 5451/51/5298 5466/77/5298 5467/79/5298
f 5460/54/5299 5459/52/5299 5474/78/5299 5475/80/5299
f 5453/55/5300 5452/53/5300 5467/79/5300 5468/64/5300
f 5461/56/5301 5460/54/5301 5475/80/5301 5476/69/5301
f 5454/57/5302 5453/55/5302 5468/64/5302 5469/65/5302
f 5447/59/5303 5507/66/5303 5462/67/5303
f 5733/68/5304 5461/56/5304 5476/69/5304
f 5455/61/5305 5454/57/5305 5469/65/5305 5470/70/5305
f 5448/62/5306 5447/59/5306 5462/67/5306 5463/71/5306
f 5475/80/5307 5474/78/5307 5489/83/5307 5490/85/5307
f 5468/64/5308 5467/79/5308 5482/84/5308 5483/86/5308
f 5476/69/5309 5475/80/5309 5490/85/5309 5491/87/5309
f 5469/65/5310 5468/64/5310 5483/86/5310 5484/5/5310
f 5462/67/5311 5507/88/5311 5477/89/5311
f 5733/90/5312 5476/69/5312 5491/87/5312
f 5470/70/5313 5469/65/5313 5484/5/5313 5485/91/5313
f 5463/71/5314 5462/67/5314 5477/89/5314 5478/92/5314
f 5471/72/5315 5470/70/5315 5485/91/5315 5486/93/5315
f 5464/73/5316 5463/71/5316 5478/92/5316 5479/94/5316
f 5472/74/5317 5471/72/5317 5486/93/5317 5487/81/5317
f 5465/75/5318 5464/73/5318 5479/94/5318 5480/7/5318
f 5473/76/5319 5472/74/5319 5487/81/5319 5488/3/5319
f 5466/77/5320 5465/75/5320 5480/7/5320 5481/82/5320
f 5474/78/5321 5473/76/5321 5488/3/5321 5489/83/5321
f 5467/79/5322 5466/77/5322 5481/82/5322 5482/84/5322
f 5487/81/5323 5486/93/5323 5501/102/5323 5502/104/5323
f 5480/7/5324 5479/94/5324 5494/103/5324 5495/105/5324
f 5488/3/5325 5487/81/5325 5502/104/5325 5503/106/5325
f 5481/82/5326 5480/7/5326 5495/105/5326 5496/107/5326
f 5489/83/5327 5488/3/5327 5503/106/5327 5504/108/5327
f 5482/84/5328 5481/82/5328 5496/107/5328 5497/109/5328
f 5490/85/5329 5489/83/5329 5504/108/5329 5505/110/5329
f 5483/86/5330 5482/84/5330 5497/109/5330 5498/111/5330
f 5491/87/5331 5490/85/5331 5505/110/5331 5506/98/5331
f 5484/5/5332 5483/86/5332 5498/111/5332 5499/99/5332
f 5477/89/5333 5507/95/5333 5492/96/5333
f 5733/97/5334 5491/87/5334 5506/98/5334
f 5485/91/5335 5484/5/5335 5499/99/5335 5500/100/5335
f 5478/92/5336 5477/89/5336 5492/96/5336 5493/101/5336
f 5486/93/5337 5485/91/5337 5500/100/5337 5501/102/5337
f 5479/94/5338 5478/92/5338 5493/101/5338 5494/103/5338
f 5506/98/5339 5505/110/5339 5521/117/5339 5522/119/5339
f 5499/99/5340 5498/111/5340 5514/118/5340 5515/120/5340
f 5492/96/5341 5507/121/5341 5508/122/5341
f 5733/123/5342 5506/98/5342 5522/119/5342
f 5500/100/5343 5499/99/5343 5515/120/5343 5516/124/5343
f 5493/101/5344 5492/96/5344 5508/122/5344 5509/125/5344
f 5501/102/5345 5500/100/5345 5516/124/5345 5517/126/5345
f 5494/103/5346 5493/101/5346 5509/125/5346 5510/127/5346
f 5502/104/5347 5501/102/5347 5517/126/5347 5518/128/5347
f 5495/105/5348 5494/103/5348 5510/127/5348 5511/112/5348
f 5503/106/5349 5502/104/5349 5518/128/5349 5519/114/5349
f 5496/107/5350 5495/105/5350 5511/112/5350 5512/113/5350
f 5504/108/5351 5503/106/5351 5519/114/5351 5520/115/5351
f 5497/109/5352 5496/107/5352 5512/113/5352 5513/116/5352
f 5505/110/5353 5504/108/5353 5520/115/5353 5521/117/5353
f 5498/111/5354 5497/109/5354 5513/116/5354 5514/118/5354
f 5511/112/5355 5510/127/5355 5525/134/5355 5526/136/5355
f 5519/114/5356 5518/128/5356 5533/135/5356 5534/137/5356
f 5512/113/5357 5511/112/5357 5526/136/5357 5527/138/5357
f 5520/115/5358 5519/114/5358 5534/137/5358 5535/139/5358
f 5513/116/5359 5512/113/5359 5527/138/5359 5528/140/5359
f 5521/117/5360 5520/115/5360 5535/139/5360 5536/141/5360
f 5514/118/5361 5513/116/5361 5528/140/5361 5529/142/5361
f 5522/119/5362 5521/117/5362 5536/141/5362 5537/143/5362
f 5515/120/5363 5514/118/5363 5529/142/5363 5530/129/5363
f 5508/122/5364 5507/144/5364 5523/131/5364
f 5733/145/5365 5522/119/5365 5537/143/5365
f 5516/124/5366 5515/120/5366 5530/129/5366 5531/130/5366
f 5509/125/5367 5508/122/5367 5523/131/5367 5524/132/5367
f 5517/126/5368 5516/124/5368 5531/130/5368 5532/133/5368
f 5510/127/5369 5509/125/5369 5524/132/5369 5525/134/5369
f 5518/128/5370 5517/126/5370 5532/133/5370 5533/135/5370
f 5530/129/5371 5529/142/5371 5544/151/5371 5545/153/5371
f 5523/131/5372 5507/154/5372 5538/155/5372
f 5733/156/5373 5537/143/5373 5552/152/5373
f 5531/130/5374 5530/129/5374 5545/153/5374 5546/157/5374
f 5524/132/5375 5523/131/5375 5538/155/5375 5539/158/5375
f 5532/133/5376 5531/130/5376 5546/157/5376 5547/159/5376
f 5525/134/5377 5524/132/5377 5539/158/5377 5540/160/5377
f 5533/135/5378 5532/133/5378 5547/159/5378 5548/161/5378
f 5526/136/5379 5525/134/5379 5540/160/5379 5541/162/5379
f 5534/137/5380 5533/135/5380 5548/161/5380 5549/146/5380
f 5527/138/5381 5526/136/5381 5541/162/5381 5542/148/5381
f 5535/139/5382 5534/137/5382 5549/146/5382 5550/147/5382
f 5528/140/5383 5527/138/5383 5542/148/5383 5543/149/5383
f 5536/141/5384 5535/139/5384 5550/147/5384 5551/150/5384
f 5529/142/5385 5528/140/5385 5543/149/5385 5544/151/5385
f 5537/143/5386 5536/141/5386 5551/150/5386 5552/152/5386
f 5549/146/5387 5548/161/5387 5563/167/5387 5564/169/5387
f 5542/148/5388 5541/162/5388 5556/168/5388 5557/170/5388
f 5550/147/5389 5549/146/5389 5564/169/5389 5565/171/5389
f 5543/149/5390 5542/148/5390 5557/170/5390 5558/172/5390
f 5551/150/5391 5550/147/5391 5565/171/5391 5566/173/5391
f 5544/151/5392 5543/149/5392 5558/172/5392 5559/174/5392
f 5552/152/5393 5551/150/5393 5566/173/5393 5567/175/5393
f 5545/153/5394 5544/151/5394 5559/174/5394 5560/176/5394
f 5538/155/5395 5507/177/5395 5553/178/5395
f 5733/179/5396 5552/152/5396 5567/175/5396
f 5546/157/5397 5545/153/5397 5560/176/5397 5561/163/5397
f 5539/158/5398 5538/155/5398 5553/178/5398 5554/165/5398
f 5547/159/5399 5546/157/5399 5561/163/5399 5562/164/5399
f 5540/160/5400 5539/158/5400 5554/165/5400 5555/166/5400
f 5548/161/5401 5547/159/5401 5562/164/5401 5563/167/5401
f 5541/162/5402 5540/160/5402 5555/166/5402 5556/168/5402
f 5553/178/5403 5507/186/5403 5568/187/5403
f 5733/188/5404 5567/175/5404 5582/184/5404
f 5561/163/5405 5560/176/5405 5575/185/5405 5576/189/5405
f 5554/165/5406 5553/178/5406 5568/187/5406 5569/190/5406
f 5562/164/5407 5561/163/5407 5576/189/5407 5577/191/5407
f 5555/166/5408 5554/165/5408 5569/190/5408 5570/192/5408
f 5563/167/5409 5562/164/5409 5577/191/5409 5578/193/5409
f 5556/168/5410 5555/166/5410 5570/192/5410 5571/194/5410
f 5564/169/5411 5563/167/5411 5578/193/5411 5579/195/5411
f 5557/170/5412 5556/168/5412 5571/194/5412 5572/196/5412
f 5565/171/5413 5564/169/5413 5579/195/5413 5580/180/5413
f 5558/172/5414 5557/170/5414 5572/196/5414 5573/182/5414
f 5566/173/5415 5565/171/5415 5580/180/5415 5581/181/5415
f 5559/174/5416 5558/172/5416 5573/182/5416 5574/183/5416
f 5567/175/5417 5566/173/5417 5581/181/5417 5582/184/5417
f 5560/176/5418 5559/174/5418 5574/183/5418 5575/185/5418
f 5572/196/5419 5571/194/5419 5586/201/5419 5587/203/5419
f 5580/180/5420 5579/195/5420 5594/202/5420 5595/204/5420
f 5573/182/5421 5572/196/5421 5587/203/5421 5588/205/5421
f 5581/181/5422 5580/180/5422 5595/204/5422 5596/206/5422
f 5574/183/5423 5573/182/5423 5588/205/5423 5589/207/5423
f 5582/184/5424 5581/181/5424 5596/206/5424 5597/208/5424
f 5575/185/5425 5574/183/5425 5589/207/5425 5590/209/5425
f 5568/187/5426 5507/210/5426 5583/211/5426
f 5733/212/5427 5582/184/5427 5597/208/5427
f 5576/189/5428 5575/185/5428 5590/209/5428 5591/213/5428
f 5569/190/5429 5568/187/5429 5583/211/5429 5584/197/5429
f 5577/191/5430 5576/189/5430 5591/213/5430 5592/199/5430
f 5570/192/5431 5569/190/5431 5584/197/5431 5585/198/5431
f 5578/193/5432 5577/191/5432 5592/199/5432 5593/200/5432
f 5571/194/5433 5570/192/5433 5585/198/5433 5586/201/5433
f 5579/195/5434 5578/193/5434 5593/200/5434 5594/202/5434
f 5591/213/5435 5590/209/5435 5605/218/5435 5606/222/5435
f 5584/197/5436 5583/211/5436 5598/220/5436 5599/223/5436
f 5592/199/5437 5591/213/5437 5606/222/5437 5607/224/5437
f 5585/198/5438 5584/197/5438 5599/223/5438 5600/225/5438
f 5593/200/5439 5592/199/5439 5607/224/5439 5608/226/5439
f 5586/201/5440 5585/198/5440 5600/225/5440 5601/227/5440
f 5594/202/5441 5593/200/5441 5608/226/5441 5609/4/5441
f 5587/203/5442 5586/201/5442 5601/227/5442 5602/228/5442
f 5595/204/5443 5594/202/5443 5609/4/5443 5610/229/5443
f 5588/205/5444 5587/203/5444 5602/228/5444 5603/214/5444
f 5596/206/5445 5595/204/5445 5610/229/5445 5611/216/5445
f 5589/207/5446 5588/205/5446 5603/214/5446 5604/215/5446
f 5597/208/5447 5596/206/5447 5611/216/5447 5612/217/5447
f 5590/209/5448 5589/207/5448 5604/215/5448 5605/218/5448
f 5583/211/5449 5507/219/5449 5598/220/5449
f 5733/221/5450 5597/208/5450 5612/217/5450
f 5610/229/5451 5609/4/5451 5624/234/5451 5625/236/5451
f 5603/214/5452 5602/228/5452 5617/235/5452 5618/237/5452
f 5611/216/5453 5610/229/5453 5625/236/5453 5626/238/5453
f 5604/215/5454 5603/214/5454 5618/237/5454 5619/239/5454
f 5612/217/5455 5611/216/5455 5626/238/5455 5627/240/5455
f 5605/218/5456 5604/215/5456 5619/239/5456 5620/241/5456
f 5598/220/5457 5507/242/5457 5613/243/5457
f 5733/244/5458 5612/217/5458 5627/240/5458
f 5606/222/5459 5605/218/5459 5620/241/5459 5621/245/5459
f 5599/223/5460 5598/220/5460 5613/243/5460 5614/246/5460
f 5607/224/5461 5606/222/5461 5621/245/5461 5622/230/5461
f 5600/225/5462 5599/223/5462 5614/246/5462 5615/232/5462
f 5608/226/5463 5607/224/5463 5622/230/5463 5623/231/5463
f 5601/227/5464 5600/225/5464 5615/232/5464 5616/233/5464
f 5609/4/5465 5608/226/5465 5623/231/5465 5624/234/5465
f 5602/228/5466 5601/227/5466 5616/233/5466 5617/235/5466
f 5622/230/5467 5621/245/5467 5636/254/5467 5637/256/5467
f 5615/232/5468 5614/246/5468 5629/255/5468 5630/257/5468
f 5623/231/5469 5622/230/5469 5637/256/5469 5638/258/5469
f 5616/233/5470 5615/232/5470 5630/257/5470 5631/259/5470
f 5624/234/5471 5623/231/5471 5638/258/5471 5639/260/5471
f 5617/235/5472 5616/233/5472 5631/259/5472 5632/261/5472
f 5625/236/5473 5624/234/5473 5639/260/5473 5640/262/5473
f 5618/237/5474 5617/235/5474 5632/261/5474 5633/263/5474
f 5626/238/5475 5625/236/5475 5640/262/5475 5641/247/5475
f 5619/239/5476 5618/237/5476 5633/263/5476 5634/249/5476
f 5627/240/5477 5626/238/5477 5641/247/5477 5642/248/5477
f 5620/241/5478 5619/239/5478 5634/249/5478 5635/250/5478
f 5613/243/5479 5507/251/5479 5628/252/5479
f 5733/253/5480 5627/240/5480 5642/248/5480
f 5621/245/5481 5620/241/5481 5635/250/5481 5636/254/5481
f 5614/246/5482 5613/243/5482 5628/252/5482 5629/255/5482
f 5641/247/5483 5640/262/5483 5655/269/5483 5656/271/5483
f 5634/249/5484 5633/263/5484 5648/270/5484 5649/272/5484
f 5642/248/5485 5641/247/5485 5656/271/5485 5657/273/5485
f 5635/250/5486 5634/249/5486 5649/272/5486 5650/274/5486
f 5628/252/5487 5507/275/5487 5643/276/5487
f 5733/277/5488 5642/248/5488 5657/273/5488
f 5636/254/5489 5635/250/5489 5650/274/5489 5651/278/5489
f 5629/255/5490 5628/252/5490 5643/276/5490 5644/279/5490
f 5637/256/5491 5636/254/5491 5651/278/5491 5652/280/5491
f 5630/257/5492 5629/255/5492 5644/279/5492 5645/264/5492
f 5638/258/5493 5637/256/5493 5652/280/5493 5653/266/5493
f 5631/259/5494 5630/257/5494 5645/264/5494 5646/265/5494
f 5639/260/5495 5638/258/5495 5653/266/5495 5654/267/5495
f 5632/261/5496 5631/259/5496 5646/265/5496 5647/268/5496
f 5640/262/5497 5639/260/5497 5654/267/5497 5655/269/5497
f 5633/263/5498 5632/261/5498 5647/268/5498 5648/270/5498
f 5645/264/5499 5644/279/5499 5659/288/5499 5660/290/5499
f 5653/266/5500 5652/280/5500 5667/289/5500 5668/291/5500
f 5646/265/5501 5645/264/5501 5660/290/5501 5661/292/5501
f 5654/267/5502 5653/266/5502 5668/291/5502 5669/293/5502
f 5647/268/5503 5646/265/5503 5661/292/5503 5662/294/5503
f 5655/269/5504 5654/267/5504 5669/293/5504 5670/295/5504
f 5648/270/5505 5647/268/5505 5662/294/5505 5663/296/5505
f 5656/271/5506 5655/269/5506 5670/295/5506 5671/297/5506
f 5649/272/5507 5648/270/5507 5663/296/5507 5664/281/5507
f 5657/273/5508 5656/271/5508 5671/297/5508 5672/286/5508
f 5650/274/5509 5649/272/5509 5664/281/5509 5665/282/5509
f 5643/276/5510 5507/283/5510 5658/284/5510
f 5733/285/5511 5657/273/5511 5672/286/5511
f 5651/278/5512 5650/274/5512 5665/282/5512 5666/287/5512
f 5644/279/5513 5643/276/5513 5658/284/5513 5659/288/5513
f 5652/280/5514 5651/278/5514 5666/287/5514 5667/289/5514
f 5664/281/5515 5663/296/5515 5678/303/5515 5679/305/5515
f 5672/286/5516 5671/297/5516 5686/304/5516 5687/306/5516
f 5665/282/5517 5664/281/5517 5679/305/5517 5680/307/5517
f 5658/284/5518 5507/308/5518 5673/309/5518
f 5733/310/5519 5672/286/5519 5687/306/5519
f 5666/287/5520 5665/282/5520 5680/307/5520 5681/311/5520
f 5659/288/5521 5658/284/5521 5673/309/5521 5674/312/5521
f 5667/289/5522 5666/287/5522 5681/311/5522 5682/313/5522
f 5660/290/5523 5659/288/5523 5674/312/5523 5675/314/5523
f 5668/291/5524 5667/289/5524 5682/313/5524 5683/298/5524
f 5661/292/5525 5660/290/5525 5675/314/5525 5676/300/5525
f 5669/293/5526 5668/291/5526 5683/298/5526 5684/299/5526
f 5662/294/5527 5661/292/5527 5676/300/5527 5677/301/5527
f 5670/295/5528 5669/293/5528 5684/299/5528 5685/302/5528
f 5663/296/5529 5662/294/5529 5677/301/5529 5678/303/5529
f 5671/297/5530 5670/295/5530 5685/302/5530 5686/304/5530
f 5683/298/5531 5682/313/5531 5697/321/5531 5698/323/5531
f 5676/300/5532 5675/314/5532 5690/322/5532 5691/324/5532
f 5684/299/5533 5683/298/5533 5698/323/5533 5699/325/5533
f 5677/301/5534 5676/300/5534 5691/324/5534 5692/326/5534
f 5685/302/5535 5684/299/5535 5699/325/5535 5700/327/5535
f 5678/303/5536 5677/301/5536 5692/326/5536 5693/328/5536
f 5686/304/5537 5685/302/5537 5700/327/5537 5701/329/5537
f 5679/305/5538 5678/303/5538 5693/328/5538 5694/330/5538
f 5687/306/5539 5686/304/5539 5701/329/5539 5702/316/5539
f 5680/307/5540 5679/305/5540 5694/330/5540 5695/317/5540
f 5673/309/5541 5507/331/5541 5688/319/5541
f 5733/315/5542 5687/306/5542 5702/316/5542
f 5681/311/5543 5680/307/5543 5695/317/5543 5696/318/5543
f 5674/312/5544 5673/309/5544 5688/319/5544 5689/320/5544
f 5682/313/5545 5681/311/5545 5696/318/5545 5697/321/5545
f 5675/314/5546 5674/312/5546 5689/320/5546 5690/322/5546
f 5702/316/5547 5701/329/5547 5716/336/5547 5717/338/5547
f 5695/317/5548 5694/330/5548 5709/337/5548 5710/339/5548
f 5688/319/5549 5507/340/5549 5703/341/5549
f 5733/342/5550 5702/316/5550 5717/338/5550
f 5696/318/5551 5695/317/5551 5710/339/5551 5711/343/5551
f 5689/320/5552 5688/319/5552 5703/341/5552 5704/344/5552
f 5697/321/5553 5696/318/5553 5711/343/5553 5712/345/5553
f 5690/322/5554 5689/320/5554 5704/344/5554 5705/346/5554
f 5698/323/5555 5697/321/5555 5712/345/5555 5713/347/5555
f 5691/324/5556 5690/322/5556 5705/346/5556 5706/348/5556
f 5699/325/5557 5698/323/5557 5713/347/5557 5714/332/5557
f 5692/326/5558 5691/324/5558 5706/348/5558 5707/334/5558
f 5700/327/5559 5699/325/5559 5714/332/5559 5715/333/5559
f 5693/328/5560 5692/326/5560 5707/334/5560 5708/335/5560
f 5701/329/5561 5700/327/5561 5715/333/5561 5716/336/5561
f 5694/330/5562 5693/328/5562 5708/335/5562 5709/337/5562
f 5706/348/5563 5705/346/5563 5720/353/5563 5721/355/5563
f 5714/332/5564 5713/347/5564 5728/354/5564 5729/356/5564
f 5707/334/5565 5706/348/5565 5721/355/5565 5722/357/5565
f 5715/333/5566 5714/332/5566 5729/356/5566 5730/358/5566
f 5708/335/5567 5707/334/5567 5722/357/5567 5723/359/5567
f 5716/336/5568 5715/333/5568 5730/358/5568 5731/360/5568
f 5709/337/5569 5708/335/5569 5723/359/5569 5724/361/5569
f 5717/338/5570 5716/336/5570 5731/360/5570 5732/362/5570
f 5710/339/5571 5709/337/5571 5724/361/5571 5725/363/5571
f 5703/341/5572 5507/364/5572 5718/349/5572
f 5733/365/5573 5717/338/5573 5732/362/5573
f 5711/343/5574 5710/339/5574 5725/363/5574 5726/351/5574
f 5704/344/5575 5703/341/5575 5718/349/5575 5719/350/5575
f 5712/345/5576 5711/343/5576 5726/351/5576 5727/352/5576
f 5705/346/5577 5704/344/5577 5719/350/5577 5720/353/5577
f 5713/347/5578 5712/345/5578 5727/352/5578 5728/354/5578
f 5725/363/5579 5724/361/5579 5740/370/5579 5741/372/5579
f 5718/349/5580 5507/373/5580 5734/374/5580
f 5733/375/5581 5732/362/5581 5748/371/5581
f 5726/351/5582 5725/363/5582 5741/372/5582 5742/376/5582
f 5719/350/5583 5718/349/5583 5734/374/5583 5735/377/5583
f 5727/352/5584 5726/351/5584 5742/376/5584 5743/378/5584
f 5720/353/5585 5719/350/5585 5735/377/5585 5736/379/5585
f 5728/354/5586 5727/352/5586 5743/378/5586 5744/380/5586
f 5721/355/5587 5720/353/5587 5736/379/5587 5737/381/5587
f 5729/356/5588 5728/354/5588 5744/380/5588 5745/382/5588
f 5722/357/5589 5721/355/5589 5737/381/5589 5738/366/5589
f 5730/358/5590 5729/356/5590 5745/382/5590 5746/368/5590
f 5723/359/5591 5722/357/5591 5738/366/5591 5739/367/5591
f 5731/360/5592 5730/358/5592 5746/368/5592 5747/369/5592
f 5724/361/5593 5723/359/5593 5739/367/5593 5740/370/5593
f 5732/362/5594 5731/360/5594 5747/369/5594 5748/371/5594
f 5745/382/5595 5744/380/5595 5759/387/5595 5760/389/5595
f 5738/366/5596 5737/381/5596 5752/388/5596 5753/390/5596
f 5746/368/5597 5745/382/5597 5760/389/5597 5761/391/5597
f 5739/367/5598 5738/366/5598 5753/390/5598 5754/392/5598
f 5747/369/5599 5746/368/5599 5761/391/5599 5762/393/5599
f 5740/370/5600 5739/367/5600 5754/392/5600 5755/394/5600
f 5748/371/5601 5747/369/5601 5762/393/5601 5763/395/5601
f 5741/372/5602 5740/370/5602 5755/394/5602 5756/396/5602
f 5734/374/5603 5507/397/5603 5749/398/5603
f 5733/399/5604 5748/371/5604 5763/395/5604
f 5742/376/5605 5741/372/5605 5756/396/5605 5757/383/5605
f 5735/377/5606 5734/374/5606 5749/398/5606 5750/385/5606
f 5743/378/5607 5742/376/5607 5757/383/5607 5758/384/5607
f 5736/379/5608 5735/377/5608 5750/385/5608 5751/386/5608
f 5744/380/5609 5743/378/5609 5758/384/5609 5759/387/5609
f 5737/381/5610 5736/379/5610 5751/386/5610 5752/388/5610
f 5733/408/5611 5763/395/5611 5778/404/5611
f 5757/383/5612 5756/396/5612 5771/405/5612 5772/409/5612
f 5750/385/5613 5749/398/5613 5764/407/5613 5765/410/5613
f 5758/384/5614 5757/383/5614 5772/409/5614 5773/411/5614
f 5751/386/5615 5750/385/5615 5765/410/5615 5766/412/5615
f 5759/387/5616 5758/384/5616 5773/411/5616 5774/413/5616
f 5752/388/5617 5751/386/5617 5766/412/5617 5767/414/5617
f 5760/389/5618 5759/387/5618 5774/413/5618 5775/415/5618
f 5753/390/5619 5752/388/5619 5767/414/5619 5768/416/5619
f 5761/391/5620 5760/389/5620 5775/415/5620 5776/400/5620
f 5754/392/5621 5753/390/5621 5768/416/5621 5769/402/5621
f 5762/393/5622 5761/391/5622 5776/400/5622 5777/401/5622
f 5755/394/5623 5754/392/5623 5769/402/5623 5770/403/5623
f 5763/395/5624 5762/393/5624 5777/401/5624 5778/404/5624
f 5756/396/5625 5755/394/5625 5770/403/5625 5771/405/5625
f 5749/398/5626 5507/406/5626 5764/407/5626
f 5776/400/5627 5775/415/5627 5790/422/5627 5791/424/5627
f 5769/402/5628 5768/416/5628 5783/423/5628 5784/425/5628
f 5777/401/5629 5776/400/5629 5791/424/5629 5792/426/5629
f 5770/403/5630 5769/402/5630 5784/425/5630 5785/427/5630
f 5778/404/5631 5777/401/5631 5792/426/5631 5793/428/5631
f 5771/405/5632 5770/403/5632 5785/427/5632 5786/429/5632
f 5764/407/5633 5507/430/5633 5779/431/5633
f 5733/432/5634 5778/404/5634 5793/428/5634
f 5772/409/5635 5771/405/5635 5786/429/5635 5787/433/5635
f 5765/410/5636 5764/407/5636 5779/431/5636 5780/417/5636
f 5773/411/5637 5772/409/5637 5787/433/5637 5788/419/5637
f 5766/412/5638 5765/410/5638 5780/417/5638 5781/418/5638
f 5774/413/5639 5773/411/5639 5788/419/5639 5789/420/5639
f 5767/414/5640 5766/412/5640 5781/418/5640 5782/421/5640
f 5775/415/5641 5774/413/5641 5789/420/5641 5790/422/5641
f 5768/416/5642 5767/414/5642 5782/421/5642 5783/423/5642
f 5780/450/5643 5779/444/5643 5794/446/5643 5795/451/5643
f 5788/452/5644 5787/448/5644 5802/449/5644 5803/453/5644
f 5781/454/5645 5780/450/5645 5795/451/5645 5796/455/5645
f 5789/456/5646 5788/452/5646 5803/453/5646 5804/457/5646
f 5782/458/5647 5781/454/5647 5796/455/5647 5797/459/5647
f 5790/460/5648 5789/456/5648 5804/457/5648 5805/461/5648
f 5783/462/5649 5782/458/5649 5797/459/5649 5798/463/5649
f 5791/464/5650 5790/460/5650 5805/461/5650 5806/465/5650
f 5784/435/5651 5783/462/5651 5798/463/5651 5799/436/5651
f 5792/439/5652 5791/464/5652 5806/465/5652 5807/440/5652
f 5785/434/5653 5784/435/5653 5799/436/5653 5800/437/5653
f 5793/438/5654 5792/439/5654 5807/440/5654 5808/441/5654
f 5786/442/5655 5785/434/5655 5800/437/5655 5801/443/5655
f 5779/444/5656 5507/445/5656 5794/446/5656
f 5733/447/5657 5793/438/5657 5808/441/5657
f 5787/448/5658 5786/442/5658 5801/443/5658 5802/449/5658
f 5799/436/5659 5798/463/5659 5813/471/5659 5814/473/5659
f 5807/440/5660 5806/465/5660 5821/472/5660 5822/474/5660
f 5800/437/5661 5799/436/5661 5814/473/5661 5815/475/5661
f 5808/441/5662 5807/440/5662 5822/474/5662 5823/476/5662
f 5801/443/5663 5800/437/5663 5815/475/5663 5816/477/5663
f 5794/446/5664 5507/478/5664 5809/479/5664
f 5733/480/5665 5808/441/5665 5823/476/5665
f 5802/449/5666 5801/443/5666 5816/477/5666 5817/481/5666
f 5795/451/5667 5794/446/5667 5809/479/5667 5810/482/5667
f 5803/453/5668 5802/449/5668 5817/481/5668 5818/466/5668
f 5796/455/5669 5795/451/5669 5810/482/5669 5811/468/5669
f 5804/457/5670 5803/453/5670 5818/466/5670 5819/467/5670
f 5797/459/5671 5796/455/5671 5811/468/5671 5812/469/5671
f 5805/461/5672 5804/457/5672 5819/467/5672 5820/470/5672
f 5798/463/5673 5797/459/5673 5812/469/5673 5813/471/5673
f 5806/465/5674 5805/461/5674 5820/470/5674 5821/472/5674
f 5818/466/5675 5817/481/5675 5832/490/5675 5833/492/5675
f 5811/468/5676 5810/482/5676 5825/491/5676 5826/493/5676
f 5819/467/5677 5818/466/5677 5833/492/5677 5834/494/5677
f 5812/469/5678 5811/468/5678 5826/493/5678 5827/495/5678
f 5820/470/5679 5819/467/5679 5834/494/5679 5835/496/5679
f 5813/471/5680 5812/469/5680 5827/495/5680 5828/497/5680
f 5821/472/5681 5820/470/5681 5835/496/5681 5836/498/5681
f 5814/473/5682 5813/471/5682 5828/497/5682 5829/499/5682
f 5822/474/5683 5821/472/5683 5836/498/5683 5837/483/5683
f 5815/475/5684 5814/473/5684 5829/499/5684 5830/485/5684
f 5823/476/5685 5822/474/5685 5837/483/5685 5838/484/5685
f 5816/477/5686 5815/475/5686 5830/485/5686 5831/486/5686
f 5809/479/5687 5507/487/5687 5824/488/5687
f 5733/489/5688 5823/476/5688 5838/484/5688
f 5817/481/5689 5816/477/5689 5831/486/5689 5832/490/5689
f 5810/482/5690 5809/479/5690 5824/488/5690 5825/491/5690
f 5837/483/5691 5836/498/5691 5851/504/5691 5852/506/5691
f 5830/485/5692 5829/499/5692 5844/505/5692 5845/507/5692
f 5838/484/5693 5837/483/5693 5852/506/5693 5853/508/5693
f 5831/486/5694 5830/485/5694 5845/507/5694 5846/509/5694
f 5824/488/5695 5507/510/5695 5839/511/5695
f 5733/512/5696 5838/484/5696 5853/508/5696
f 5832/490/5697 5831/486/5697 5846/509/5697 5847/513/5697
f 5825/491/5698 5824/488/5698 5839/511/5698 5840/514/5698
f 5833/492/5699 5832/490/5699 5847/513/5699 5848/515/5699
f 5826/493/5700 5825/491/5700 5840/514/5700 5841/516/5700
f 5834/494/5701 5833/492/5701 5848/515/5701 5849/500/5701
f 5827/495/5702 5826/493/5702 5841/516/5702 5842/502/5702
f 5835/496/5703 5834/494/5703 5849/500/5703 5850/501/5703
f 5828/497/5704 5827/495/5704 5842/502/5704 5843/503/5704
f 5836/498/5705 5835/496/5705 5850/501/5705 5851/504/5705
f 5829/499/5706 5828/497/5706 5843/503/5706 5844/505/5706
f 5841/516/5707 5840/514/5707 5855/523/5707 5856/525/5707
f 5849/500/5708 5848/515/5708 5863/524/5708 5864/526/5708
f 5842/502/5709 5841/516/5709 5856/525/5709 5857/527/5709
f 5850/501/5710 5849/500/5710 5864/526/5710 5865/528/5710
f 5843/503/5711 5842/502/5711 5857/527/5711 5858/529/5711
f 5851/504/5712 5850/501/5712 5865/528/5712 5866/530/5712
f 5844/505/5713 5843/503/5713 5858/529/5713 5859/531/5713
f 5852/506/5714 5851/504/5714 5866/530/5714 5867/532/5714
f 5845/507/5715 5844/505/5715 5859/531/5715 5860/533/5715
f 5853/508/5716 5852/506/5716 5867/532/5716 5868/520/5716
f 5846/509/5717 5845/507/5717 5860/533/5717 5861/521/5717
f 5839/511/5718 5507/517/5718 5854/518/5718
f 5733/519/5719 5853/508/5719 5868/520/5719
f 5847/513/5720 5846/509/5720 5861/521/5720 5862/522/5720
f 5840/514/5721 5839/511/5721 5854/518/5721 5855/523/5721
f 5848/515/5722 5847/513/5722 5862/522/5722 5863/524/5722
f 5860/533/5723 5859/531/5723 5874/538/5723 5875/540/5723
f 5868/520/5724 5867/532/5724 5882/539/5724 5883/541/5724
f 5861/521/5725 5860/533/5725 5875/540/5725 5876/542/5725
f 5854/518/5726 5507/543/5726 5869/544/5726
f 5733/545/5727 5868/520/5727 5883/541/5727
f 5862/522/5728 5861/521/5728 5876/542/5728 5877/546/5728
f 5855/523/5729 5854/518/5729 5869/544/5729 5870/547/5729
f 5863/524/5730 5862/522/5730 5877/546/5730 5878/548/5730
f 5856/525/5731 5855/523/5731 5870/547/5731 5871/549/5731
f 5864/526/5732 5863/524/5732 5878/548/5732 5879/550/5732
f 5857/527/5733 5856/525/5733 5871/549/5733 5872/534/5733
f 5865/528/5734 5864/526/5734 5879/550/5734 5880/536/5734
f 5858/529/5735 5857/527/5735 5872/534/5735 5873/535/5735
f 5866/530/5736 5865/528/5736 5880/536/5736 5881/537/5736
f 5859/531/5737 5858/529/5737 5873/535/5737 5874/538/5737
f 5867/532/5738 5866/530/5738 5881/537/5738 5882/539/5738
f 5879/550/5739 5878/548/5739 5893/555/5739 5894/557/5739
f 5872/534/5740 5871/549/5740 5886/556/5740 5887/558/5740
f 5880/536/5741 5879/550/5741 5894/557/5741 5895/559/5741
f 5873/535/5742 5872/534/5742 5887/558/5742 5888/560/5742
f 5881/537/5743 5880/536/5743 5895/559/5743 5896/561/5743
f 5874/538/5744 5873/535/5744 5888/560/5744 5889/562/5744
f 5882/539/5745 5881/537/5745 5896/561/5745 5897/563/5745
f 5875/540/5746 5874/538/5746 5889/562/5746 5890/564/5746
f 5883/541/5747 5882/539/5747 5897/563/5747 5898/565/5747
f 5876/542/5748 5875/540/5748 5890/564/5748 5891/551/5748
f 5869/544/5749 5507/566/5749 5884/553/5749
f 5733/567/5750 5883/541/5750 5898/565/5750
f 5877/546/5751 5876/542/5751 5891/551/5751 5892/552/5751
f 5870/547/5752 5869/544/5752 5884/553/5752 5885/554/5752
f 5878/548/5753 5877/546/5753 5892/552/5753 5893/555/5753
f 5871/549/5754 5870/547/5754 5885/554/5754 5886/556/5754
f 5898/565/5755 5897/563/5755 5906/25/5755 5907/29/5755
f 5891/551/5756 5890/564/5756 5428/27/5756 5429/31/5756
f 5884/553/5757 5507/568/5757 5899/33/5757
f 5733/569/5758 5898/565/5758 5907/29/5758
f 5892/552/5759 5891/551/5759 5429/31/5759 5430/37/5759
f 5885/554/5760 5884/553/5760 5899/33/5760 5900/39/5760
f 5893/555/5761 5892/552/5761 5430/37/5761 5903/41/5761
f 5886/556/5762 5885/554/5762 5900/39/5762 5426/43/5762
f 5894/557/5763 5893/555/5763 5903/41/5763 5431/45/5763
f 5887/558/5764 5886/556/5764 5426/43/5764 5901/16/5764
f 5895/559/5765 5894/557/5765 5431/45/5765 5904/20/5765
f 5888/560/5766 5887/558/5766 5901/16/5766 5427/15/5766
f 5896/561/5767 5895/559/5767 5904/20/5767 5905/19/5767
f 5889/562/5768 5888/560/5768 5427/15/5768 5902/23/5768
f 5897/563/5769 5896/561/5769 5905/19/5769 5906/25/5769
f 5890/564/5770 5889/562/5770 5902/23/5770 5428/27/5770
f 6389/29/5771 6388/25/5771 5927/26/5771 5928/30/5771
f 5911/31/5772 5910/27/5772 5920/28/5772 5921/32/5772
f 6381/33/5773 5989/34/5773 5914/35/5773
f 6215/36/5774 6389/29/5774 5928/30/5774
f 5912/37/5775 5911/31/5775 5921/32/5775 5922/38/5775
f 6382/39/5776 6381/33/5776 5914/35/5776 5915/40/5776
f 6385/41/5777 5912/37/5777 5922/38/5777 5923/42/5777
f 5908/43/5778 6382/39/5778 5915/40/5778 5916/44/5778
f 5913/45/5779 6385/41/5779 5923/42/5779 5924/46/5779
f 6383/16/5780 5908/43/5780 5916/44/5780 5917/17/5780
f 6386/20/5781 5913/45/5781 5924/46/5781 5925/21/5781
f 5909/15/5782 6383/16/5782 5917/17/5782 5918/18/5782
f 6387/19/5783 6386/20/5783 5925/21/5783 5926/22/5783
f 6384/23/5784 5909/15/5784 5918/18/5784 5919/24/5784
f 6388/25/5785 6387/19/5785 5926/22/5785 5927/26/5785
f 5910/27/5786 6384/23/5786 5919/24/5786 5920/28/5786
f 5919/24/5787 5918/18/5787 5933/51/5787 5934/53/5787
f 5927/26/5788 5926/22/5788 5941/52/5788 5942/54/5788
f 5920/28/5789 5919/24/5789 5934/53/5789 5935/55/5789
f 5928/30/5790 5927/26/5790 5942/54/5790 5943/56/5790
f 5921/32/5791 5920/28/5791 5935/55/5791 5936/57/5791
f 5914/35/5792 5989/58/5792 5929/59/5792
f 6215/60/5793 5928/30/5793 5943/56/5793
f 5922/38/5794 5921/32/5794 5936/57/5794 5937/61/5794
f 5915/40/5795 5914/35/5795 5929/59/5795 5930/62/5795
f 5923/42/5796 5922/38/5796 5937/61/5796 5938/63/5796
f 5916/44/5797 5915/40/5797 5930/62/5797 5931/47/5797
f 5924/46/5798 5923/42/5798 5938/63/5798 5939/49/5798
f 5917/17/5799 5916/44/5799 5931/47/5799 5932/48/5799
f 5925/21/5800 5924/46/5800 5939/49/5800 5940/50/5800
f 5918/18/5801 5917/17/5801 5932/48/5801 5933/51/5801
f 5926/22/5802 5925/21/5802 5940/50/5802 5941/52/5802
f 5938/63/5803 5937/61/5803 5952/70/5803 5953/72/5803
f 5931/47/5804 5930/62/5804 5945/71/5804 5946/73/5804
f 5939/49/5805 5938/63/5805 5953/72/5805 5954/74/5805
f 5932/48/5806 5931/47/5806 5946/73/5806 5947/75/5806
f 5940/50/5807 5939/49/5807 5954/74/5807 5955/76/5807
f 5933/51/5808 5932/48/5808 5947/75/5808 5948/77/5808
f 5941/52/5809 5940/50/5809 5955/76/5809 5956/78/5809
f 5934/53/5810 5933/51/5810 5948/77/5810 5949/79/5810
f 5942/54/5811 5941/52/5811 5956/78/5811 5957/80/5811
f 5935/55/5812 5934/53/5812 5949/79/5812 5950/64/5812
f 5943/56/5813 5942/54/5813 5957/80/5813 5958/69/5813
f 5936/57/5814 5935/55/5814 5950/64/5814 5951/65/5814
f 5929/59/5815 5989/66/5815 5944/67/5815
f 6215/68/5816 5943/56/5816 5958/69/5816
f 5937/61/5817 5936/57/5817 5951/65/5817 5952/70/5817
f 5930/62/5818 5929/59/5818 5944/67/5818 5945/71/5818
f 5957/80/5819 5956/78/5819 5971/83/5819 5972/85/5819
f 5950/64/5820 5949/79/5820 5964/84/5820 5965/86/5820
f 5958/69/5821 5957/80/5821 5972/85/5821 5973/87/5821
f 5951/65/5822 5950/64/5822 5965/86/5822 5966/5/5822
f 5944/67/5823 5989/88/5823 5959/89/5823
f 6215/90/5824 5958/69/5824 5973/87/5824
f 5952/70/5825 5951/65/5825 5966/5/5825 5967/91/5825
f 5945/71/5826 5944/67/5826 5959/89/5826 5960/92/5826
f 5953/72/5827 5952/70/5827 5967/91/5827 5968/93/5827
f 5946/73/5828 5945/71/5828 5960/92/5828 5961/94/5828
f 5954/74/5829 5953/72/5829 5968/93/5829 5969/81/5829
f 5947/75/5830 5946/73/5830 5961/94/5830 5962/7/5830
f 5955/76/5831 5954/74/5831 5969/81/5831 5970/3/5831
f 5948/77/5832 5947/75/5832 5962/7/5832 5963/82/5832
f 5956/78/5833 5955/76/5833 5970/3/5833 5971/83/5833
f 5949/79/5834 5948/77/5834 5963/82/5834 5964/84/5834
f 5969/81/5835 5968/93/5835 5983/102/5835 5984/104/5835
f 5962/7/5836 5961/94/5836 5976/103/5836 5977/105/5836
f 5970/3/5837 5969/81/5837 5984/104/5837 5985/106/5837
f 5963/82/5838 5962/7/5838 5977/105/5838 5978/107/5838
f 5971/83/5839 5970/3/5839 5985/106/5839 5986/108/5839
f 5964/84/5840 5963/82/5840 5978/107/5840 5979/109/5840
f 5972/85/5841 5971/83/5841 5986/108/5841 5987/110/5841
f 5965/86/5842 5964/84/5842 5979/109/5842 5980/111/5842
f 5973/87/5843 5972/85/5843 5987/110/5843 5988/98/5843
f 5966/5/5844 5965/86/5844 5980/111/5844 5981/99/5844
f 5959/89/5845 5989/95/5845 5974/96/5845
f 6215/97/5846 5973/87/5846 5988/98/5846
f 5967/91/5847 5966/5/5847 5981/99/5847 5982/100/5847
f 5960/92/5848 5959/89/5848 5974/96/5848 5975/101/5848
f 5968/93/5849 5967/91/5849 5982/100/5849 5983/102/5849
f 5961/94/5850 5960/92/5850 5975/101/5850 5976/103/5850
f 5988/98/5851 5987/110/5851 6003/117/5851 6004/119/5851
f 5981/99/5852 5980/111/5852 5996/118/5852 5997/120/5852
f 5974/96/5853 5989/121/5853 5990/122/5853
f 6215/123/5854 5988/98/5854 6004/119/5854
f 5982/100/5855 5981/99/5855 5997/120/5855 5998/124/5855
f 5975/101/5856 5974/96/5856 5990/122/5856 5991/125/5856
f 5983/102/5857 5982/100/5857 5998/124/5857 5999/126/5857
f 5976/103/5858 5975/101/5858 5991/125/5858 5992/127/5858
f 5984/104/5859 5983/102/5859 5999/126/5859 6000/128/5859
f 5977/105/5860 5976/103/5860 5992/127/5860 5993/112/5860
f 5985/106/5861 5984/104/5861 6000/128/5861 6001/114/5861
f 5978/107/5862 5977/105/5862 5993/112/5862 5994/113/5862
f 5986/108/5863 5985/106/5863 6001/114/5863 6002/115/5863
f 5979/109/5864 5978/107/5864 5994/113/5864 5995/116/5864
f 5987/110/5865 5986/108/5865 6002/115/5865 6003/117/5865
f 5980/111/5866 5979/109/5866 5995/116/5866 5996/118/5866
f 5993/112/5867 5992/127/5867 6007/134/5867 6008/136/5867
f 6001/114/5868 6000/128/5868 6015/135/5868 6016/137/5868
f 5994/113/5869 5993/112/5869 6008/136/5869 6009/138/5869
f 6002/115/5870 6001/114/5870 6016/137/5870 6017/139/5870
f 5995/116/5871 5994/113/5871 6009/138/5871 6010/140/5871
f 6003/117/5872 6002/115/5872 6017/139/5872 6018/141/5872
f 5996/118/5873 5995/116/5873 6010/140/5873 6011/142/5873
f 6004/119/5874 6003/117/5874 6018/141/5874 6019/143/5874
f 5997/120/5875 5996/118/5875 6011/142/5875 6012/129/5875
f 5990/122/5876 5989/144/5876 6005/131/5876
f 6215/145/5877 6004/119/5877 6019/143/5877
f 5998/124/5878 5997/120/5878 6012/129/5878 6013/130/5878
f 5991/125/5879 5990/122/5879 6005/131/5879 6006/132/5879
f 5999/126/5880 5998/124/5880 6013/130/5880 6014/133/5880
f 5992/127/5881 5991/125/5881 6006/132/5881 6007/134/5881
f 6000/128/5882 5999/126/5882 6014/133/5882 6015/135/5882
f 6012/129/5883 6011/142/5883 6026/151/5883 6027/153/5883
f 6005/131/5884 5989/154/5884 6020/155/5884
f 6215/156/5885 6019/143/5885 6034/152/5885
f 6013/130/5886 6012/129/5886 6027/153/5886 6028/157/5886
f 6006/132/5887 6005/131/5887 6020/155/5887 6021/158/5887
f 6014/133/5888 6013/130/5888 6028/157/5888 6029/159/5888
f 6007/134/5889 6006/132/5889 6021/158/5889 6022/160/5889
f 6015/135/5890 6014/133/5890 6029/159/5890 6030/161/5890
f 6008/136/5891 6007/134/5891 6022/160/5891 6023/162/5891
f 6016/137/5892 6015/135/5892 6030/161/5892 6031/146/5892
f 6009/138/5893 6008/136/5893 6023/162/5893 6024/148/5893
f 6017/139/5894 6016/137/5894 6031/146/5894 6032/147/5894
f 6010/140/5895 6009/138/5895 6024/148/5895 6025/149/5895
f 6018/141/5896 6017/139/5896 6032/147/5896 6033/150/5896
f 6011/142/5897 6010/140/5897 6025/149/5897 6026/151/5897
f 6019/143/5898 6018/141/5898 6033/150/5898 6034/152/5898
f 6031/146/5899 6030/161/5899 6045/167/5899 6046/169/5899
f 6024/148/5900 6023/162/5900 6038/168/5900 6039/170/5900
f 6032/147/5901 6031/146/5901 6046/169/5901 6047/171/5901
f 6025/149/5902 6024/148/5902 6039/170/5902 6040/172/5902
f 6033/150/5903 6032/147/5903 6047/171/5903 6048/173/5903
f 6026/151/5904 6025/149/5904 6040/172/5904 6041/174/5904
f 6034/152/5905 6033/150/5905 6048/173/5905 6049/175/5905
f 6027/153/5906 6026/151/5906 6041/174/5906 6042/176/5906
f 6020/155/5907 5989/177/5907 6035/178/5907
f 6215/179/5908 6034/152/5908 6049/175/5908
f 6028/157/5909 6027/153/5909 6042/176/5909 6043/163/5909
f 6021/158/5910 6020/155/5910 6035/178/5910 6036/165/5910
f 6029/159/5911 6028/157/5911 6043/163/5911 6044/164/5911
f 6022/160/5912 6021/158/5912 6036/165/5912 6037/166/5912
f 6030/161/5913 6029/159/5913 6044/164/5913 6045/167/5913
f 6023/162/5914 6022/160/5914 6037/166/5914 6038/168/5914
f 6035/178/5915 5989/186/5915 6050/187/5915
f 6215/188/5916 6049/175/5916 6064/184/5916
f 6043/163/5917 6042/176/5917 6057/185/5917 6058/189/5917
f 6036/165/5918 6035/178/5918 6050/187/5918 6051/190/5918
f 6044/164/5919 6043/163/5919 6058/189/5919 6059/191/5919
f 6037/166/5920 6036/165/5920 6051/190/5920 6052/192/5920
f 6045/167/5921 6044/164/5921 6059/191/5921 6060/193/5921
f 6038/168/5922 6037/166/5922 6052/192/5922 6053/194/5922
f 6046/169/5923 6045/167/5923 6060/193/5923 6061/195/5923
f 6039/170/5924 6038/168/5924 6053/194/5924 6054/196/5924
f 6047/171/5925 6046/169/5925 6061/195/5925 6062/180/5925
f 6040/172/5926 6039/170/5926 6054/196/5926 6055/182/5926
f 6048/173/5927 6047/171/5927 6062/180/5927 6063/181/5927
f 6041/174/5928 6040/172/5928 6055/182/5928 6056/183/5928
f 6049/175/5929 6048/173/5929 6063/181/5929 6064/184/5929
f 6042/176/5930 6041/174/5930 6056/183/5930 6057/185/5930
f 6054/196/5931 6053/194/5931 6068/201/5931 6069/203/5931
f 6062/180/5932 6061/195/5932 6076/202/5932 6077/204/5932
f 6055/182/5933 6054/196/5933 6069/203/5933 6070/205/5933
f 6063/181/5934 6062/180/5934 6077/204/5934 6078/206/5934
f 6056/183/5935 6055/182/5935 6070/205/5935 6071/207/5935
f 6064/184/5936 6063/181/5936 6078/206/5936 6079/208/5936
f 6057/185/5937 6056/183/5937 6071/207/5937 6072/209/5937
f 6050/187/5938 5989/210/5938 6065/211/5938
f 6215/212/5939 6064/184/5939 6079/208/5939
f 6058/189/5940 6057/185/5940 6072/209/5940 6073/213/5940
f 6051/190/5941 6050/187/5941 6065/211/5941 6066/197/5941
f 6059/191/5942 6058/189/5942 6073/213/5942 6074/199/5942
f 6052/192/5943 6051/190/5943 6066/197/5943 6067/198/5943
f 6060/193/5944 6059/191/5944 6074/199/5944 6075/200/5944
f 6053/194/5945 6052/192/5945 6067/198/5945 6068/201/5945
f 6061/195/5946 6060/193/5946 6075/200/5946 6076/202/5946
f 6073/213/5947 6072/209/5947 6087/218/5947 6088/222/5947
f 6066/197/5948 6065/211/5948 6080/220/5948 6081/223/5948
f 6074/199/5949 6073/213/5949 6088/222/5949 6089/224/5949
f 6067/198/5950 6066/197/5950 6081/223/5950 6082/225/5950
f 6075/200/5951 6074/199/5951 6089/224/5951 6090/226/5951
f 6068/201/5952 6067/198/5952 6082/225/5952 6083/227/5952
f 6076/202/5953 6075/200/5953 6090/226/5953 6091/4/5953
f 6069/203/5954 6068/201/5954 6083/227/5954 6084/228/5954
f 6077/204/5955 6076/202/5955 6091/4/5955 6092/229/5955
f 6070/205/5956 6069/203/5956 6084/228/5956 6085/214/5956
f 6078/206/5957 6077/204/5957 6092/229/5957 6093/216/5957
f 6071/207/5958 6070/205/5958 6085/214/5958 6086/215/5958
f 6079/208/5959 6078/206/5959 6093/216/5959 6094/217/5959
f 6072/209/5960 6071/207/5960 6086/215/5960 6087/218/5960
f 6065/211/5961 5989/219/5961 6080/220/5961
f 6215/221/5962 6079/208/5962 6094/217/5962
f 6092/229/5963 6091/4/5963 6106/234/5963 6107/236/5963
f 6085/214/5964 6084/228/5964 6099/235/5964 6100/237/5964
f 6093/216/5965 6092/229/5965 6107/236/5965 6108/238/5965
f 6086/215/5966 6085/214/5966 6100/237/5966 6101/239/5966
f 6094/217/5967 6093/216/5967 6108/238/5967 6109/240/5967
f 6087/218/5968 6086/215/5968 6101/239/5968 6102/241/5968
f 6080/220/5969 5989/242/5969 6095/243/5969
f 6215/244/5970 6094/217/5970 6109/240/5970
f 6088/222/5971 6087/218/5971 6102/241/5971 6103/245/5971
f 6081/223/5972 6080/220/5972 6095/243/5972 6096/246/5972
f 6089/224/5973 6088/222/5973 6103/245/5973 6104/230/5973
f 6082/225/5974 6081/223/5974 6096/246/5974 6097/232/5974
f 6090/226/5975 6089/224/5975 6104/230/5975 6105/231/5975
f 6083/227/5976 6082/225/5976 6097/232/5976 6098/233/5976
f 6091/4/5977 6090/226/5977 6105/231/5977 6106/234/5977
f 6084/228/5978 6083/227/5978 6098/233/5978 6099/235/5978
f 6104/230/5979 6103/245/5979 6118/254/5979 6119/256/5979
f 6097/232/5980 6096/246/5980 6111/255/5980 6112/257/5980
f 6105/231/5981 6104/230/5981 6119/256/5981 6120/258/5981
f 6098/233/5982 6097/232/5982 6112/257/5982 6113/259/5982
f 6106/234/5983 6105/231/5983 6120/258/5983 6121/260/5983
f 6099/235/5984 6098/233/5984 6113/259/5984 6114/261/5984
f 6107/236/5985 6106/234/5985 6121/260/5985 6122/262/5985
f 6100/237/5986 6099/235/5986 6114/261/5986 6115/263/5986
f 6108/238/5987 6107/236/5987 6122/262/5987 6123/247/5987
f 6101/239/5988 6100/237/5988 6115/263/5988 6116/249/5988
f 6109/240/5989 6108/238/5989 6123/247/5989 6124/248/5989
f 6102/241/5990 6101/239/5990 6116/249/5990 6117/250/5990
f 6095/243/5991 5989/251/5991 6110/252/5991
f 6215/253/5992 6109/240/5992 6124/248/5992
f 6103/245/5993 6102/241/5993 6117/250/5993 6118/254/5993
f 6096/246/5994 6095/243/5994 6110/252/5994 6111/255/5994
f 6123/247/5995 6122/262/5995 6137/269/5995 6138/271/5995
f 6116/249/5996 6115/263/5996 6130/270/5996 6131/272/5996
f 6124/248/5997 6123/247/5997 6138/271/5997 6139/273/5997
f 6117/250/5998 6116/249/5998 6131/272/5998 6132/274/5998
f 6110/252/5999 5989/275/5999 6125/276/5999
f 6215/277/6000 6124/248/6000 6139/273/6000
f 6118/254/6001 6117/250/6001 6132/274/6001 6133/278/6001
f 6111/255/6002 6110/252/6002 6125/276/6002 6126/279/6002
f 6119/256/6003 6118/254/6003 6133/278/6003 6134/280/6003
f 6112/257/6004 6111/255/6004 6126/279/6004 6127/264/6004
f 6120/258/6005 6119/256/6005 6134/280/6005 6135/266/6005
f 6113/259/6006 6112/257/6006 6127/264/6006 6128/265/6006
f 6121/260/6007 6120/258/6007 6135/266/6007 6136/267/6007
f 6114/261/6008 6113/259/6008 6128/265/6008 6129/268/6008
f 6122/262/6009 6121/260/6009 6136/267/6009 6137/269/6009
f 6115/263/6010 6114/261/6010 6129/268/6010 6130/270/6010
f 6127/264/6011 6126/279/6011 6141/288/6011 6142/290/6011
f 6135/266/6012 6134/280/6012 6149/289/6012 6150/291/6012
f 6128/265/6013 6127/264/6013 6142/290/6013 6143/292/6013
f 6136/267/6014 6135/266/6014 6150/291/6014 6151/293/6014
f 6129/268/6015 6128/265/6015 6143/292/6015 6144/294/6015
f 6137/269/6016 6136/267/6016 6151/293/6016 6152/295/6016
f 6130/270/6017 6129/268/6017 6144/294/6017 6145/296/6017
f 6138/271/6018 6137/269/6018 6152/295/6018 6153/297/6018
f 6131/272/6019 6130/270/6019 6145/296/6019 6146/281/6019
f 6139/273/6020 6138/271/6020 6153/297/6020 6154/286/6020
f 6132/274/6021 6131/272/6021 6146/281/6021 6147/282/6021
f 6125/276/6022 5989/283/6022 6140/284/6022
f 6215/285/6023 6139/273/6023 6154/286/6023
f 6133/278/6024 6132/274/6024 6147/282/6024 6148/287/6024
f 6126/279/6025 6125/276/6025 6140/284/6025 6141/288/6025
f 6134/280/6026 6133/278/6026 6148/287/6026 6149/289/6026
f 6146/281/6027 6145/296/6027 6160/303/6027 6161/305/6027
f 6154/286/6028 6153/297/6028 6168/304/6028 6169/306/6028
f 6147/282/6029 6146/281/6029 6161/305/6029 6162/307/6029
f 6140/284/6030 5989/308/6030 6155/309/6030
f 6215/310/6031 6154/286/6031 6169/306/6031
f 6148/287/6032 6147/282/6032 6162/307/6032 6163/311/6032
f 6141/288/6033 6140/284/6033 6155/309/6033 6156/312/6033
f 6149/289/6034 6148/287/6034 6163/311/6034 6164/313/6034
f 6142/290/6035 6141/288/6035 6156/312/6035 6157/314/6035
f 6150/291/6036 6149/289/6036 6164/313/6036 6165/298/6036
f 6143/292/6037 6142/290/6037 6157/314/6037 6158/300/6037
f 6151/293/6038 6150/291/6038 6165/298/6038 6166/299/6038
f 6144/294/6039 6143/292/6039 6158/300/6039 6159/301/6039
f 6152/295/6040 6151/293/6040 6166/299/6040 6167/302/6040
f 6145/296/6041 6144/294/6041 6159/301/6041 6160/303/6041
f 6153/297/6042 6152/295/6042 6167/302/6042 6168/304/6042
f 6165/298/6043 6164/313/6043 6179/321/6043 6180/323/6043
f 6158/300/6044 6157/314/6044 6172/322/6044 6173/324/6044
f 6166/299/6045 6165/298/6045 6180/323/6045 6181/325/6045
f 6159/301/6046 6158/300/6046 6173/324/6046 6174/326/6046
f 6167/302/6047 6166/299/6047 6181/325/6047 6182/327/6047
f 6160/303/6048 6159/301/6048 6174/326/6048 6175/328/6048
f 6168/304/6049 6167/302/6049 6182/327/6049 6183/329/6049
f 6161/305/6050 6160/303/6050 6175/328/6050 6176/330/6050
f 6169/306/6051 6168/304/6051 6183/329/6051 6184/316/6051
f 6162/307/6052 6161/305/6052 6176/330/6052 6177/317/6052
f 6155/309/6053 5989/331/6053 6170/319/6053
f 6215/315/6054 6169/306/6054 6184/316/6054
f 6163/311/6055 6162/307/6055 6177/317/6055 6178/318/6055
f 6156/312/6056 6155/309/6056 6170/319/6056 6171/320/6056
f 6164/313/6057 6163/311/6057 6178/318/6057 6179/321/6057
f 6157/314/6058 6156/312/6058 6171/320/6058 6172/322/6058
f 6184/316/6059 6183/329/6059 6198/336/6059 6199/338/6059
f 6177/317/6060 6176/330/6060 6191/337/6060 6192/339/6060
f 6170/319/6061 5989/340/6061 6185/341/6061
f 6215/342/6062 6184/316/6062 6199/338/6062
f 6178/318/6063 6177/317/6063 6192/339/6063 6193/343/6063
f 6171/320/6064 6170/319/6064 6185/341/6064 6186/344/6064
f 6179/321/6065 6178/318/6065 6193/343/6065 6194/345/6065
f 6172/322/6066 6171/320/6066 6186/344/6066 6187/346/6066
f 6180/323/6067 6179/321/6067 6194/345/6067 6195/347/6067
f 6173/324/6068 6172/322/6068 6187/346/6068 6188/348/6068
f 6181/325/6069 6180/323/6069 6195/347/6069 6196/332/6069
f 6174/326/6070 6173/324/6070 6188/348/6070 6189/334/6070
f 6182/327/6071 6181/325/6071 6196/332/6071 6197/333/6071
f 6175/328/6072 6174/326/6072 6189/334/6072 6190/335/6072
f 6183/329/6073 6182/327/6073 6197/333/6073 6198/336/6073
f 6176/330/6074 6175/328/6074 6190/335/6074 6191/337/6074
f 6188/348/6075 6187/346/6075 6202/353/6075 6203/355/6075
f 6196/332/6076 6195/347/6076 6210/354/6076 6211/356/6076
f 6189/334/6077 6188/348/6077 6203/355/6077 6204/357/6077
f 6197/333/6078 6196/332/6078 6211/356/6078 6212/358/6078
f 6190/335/6079 6189/334/6079 6204/357/6079 6205/359/6079
f 6198/336/6080 6197/333/6080 6212/358/6080 6213/360/6080
f 6191/337/6081 6190/335/6081 6205/359/6081 6206/361/6081
f 6199/338/6082 6198/336/6082 6213/360/6082 6214/362/6082
f 6192/339/6083 6191/337/6083 6206/361/6083 6207/363/6083
f 6185/341/6084 5989/364/6084 6200/349/6084
f 6215/365/6085 6199/338/6085 6214/362/6085
f 6193/343/6086 6192/339/6086 6207/363/6086 6208/351/6086
f 6186/344/6087 6185/341/6087 6200/349/6087 6201/350/6087
f 6194/345/6088 6193/343/6088 6208/351/6088 6209/352/6088
f 6187/346/6089 6186/344/6089 6201/350/6089 6202/353/6089
f 6195/347/6090 6194/345/6090 6209/352/6090 6210/354/6090
f 6207/363/6091 6206/361/6091 6222/370/6091 6223/372/6091
f 6200/349/6092 5989/373/6092 6216/374/6092
f 6215/375/6093 6214/362/6093 6230/371/6093
f 6208/351/6094 6207/363/6094 6223/372/6094 6224/376/6094
f 6201/350/6095 6200/349/6095 6216/374/6095 6217/377/6095
f 6209/352/6096 6208/351/6096 6224/376/6096 6225/378/6096
f 6202/353/6097 6201/350/6097 6217/377/6097 6218/379/6097
f 6210/354/6098 6209/352/6098 6225/378/6098 6226/380/6098
f 6203/355/6099 6202/353/6099 6218/379/6099 6219/381/6099
f 6211/356/6100 6210/354/6100 6226/380/6100 6227/382/6100
f 6204/357/6101 6203/355/6101 6219/381/6101 6220/366/6101
f 6212/358/6102 6211/356/6102 6227/382/6102 6228/368/6102
f 6205/359/6103 6204/357/6103 6220/366/6103 6221/367/6103
f 6213/360/6104 6212/358/6104 6228/368/6104 6229/369/6104
f 6206/361/6105 6205/359/6105 6221/367/6105 6222/370/6105
f 6214/362/6106 6213/360/6106 6229/369/6106 6230/371/6106
f 6227/382/6107 6226/380/6107 6241/387/6107 6242/389/6107
f 6220/366/6108 6219/381/6108 6234/388/6108 6235/390/6108
f 6228/368/6109 6227/382/6109 6242/389/6109 6243/391/6109
f 6221/367/6110 6220/366/6110 6235/390/6110 6236/392/6110
f 6229/369/6111 6228/368/6111 6243/391/6111 6244/393/6111
f 6222/370/6112 6221/367/6112 6236/392/6112 6237/394/6112
f 6230/371/6113 6229/369/6113 6244/393/6113 6245/395/6113
f 6223/372/6114 6222/370/6114 6237/394/6114 6238/396/6114
f 6216/374/6115 5989/397/6115 6231/398/6115
f 6215/399/6116 6230/371/6116 6245/395/6116
f 6224/376/6117 6223/372/6117 6238/396/6117 6239/383/6117
f 6217/377/6118 6216/374/6118 6231/398/6118 6232/385/6118
f 6225/378/6119 6224/376/6119 6239/383/6119 6240/384/6119
f 6218/379/6120 6217/377/6120 6232/385/6120 6233/386/6120
f 6226/380/6121 6225/378/6121 6240/384/6121 6241/387/6121
f 6219/381/6122 6218/379/6122 6233/386/6122 6234/388/6122
f 6215/408/6123 6245/395/6123 6260/404/6123
f 6239/383/6124 6238/396/6124 6253/405/6124 6254/409/6124
f 6232/385/6125 6231/398/6125 6246/407/6125 6247/410/6125
f 6240/384/6126 6239/383/6126 6254/409/6126 6255/411/6126
f 6233/386/6127 6232/385/6127 6247/410/6127 6248/412/6127
f 6241/387/6128 6240/384/6128 6255/411/6128 6256/413/6128
f 6234/388/6129 6233/386/6129 6248/412/6129 6249/414/6129
f 6242/389/6130 6241/387/6130 6256/413/6130 6257/415/6130
f 6235/390/6131 6234/388/6131 6249/414/6131 6250/416/6131
f 6243/391/6132 6242/389/6132 6257/415/6132 6258/400/6132
f 6236/392/6133 6235/390/6133 6250/416/6133 6251/402/6133
f 6244/393/6134 6243/391/6134 6258/400/6134 6259/401/6134
f 6237/394/6135 6236/392/6135 6251/402/6135 6252/403/6135
f 6245/395/6136 6244/393/6136 6259/401/6136 6260/404/6136
f 6238/396/6137 6237/394/6137 6252/403/6137 6253/405/6137
f 6231/398/6138 5989/406/6138 6246/407/6138
f 6258/400/6139 6257/415/6139 6272/422/6139 6273/424/6139
f 6251/402/6140 6250/416/6140 6265/423/6140 6266/425/6140
f 6259/401/6141 6258/400/6141 6273/424/6141 6274/426/6141
f 6252/403/6142 6251/402/6142 6266/425/6142 6267/427/6142
f 6260/404/6143 6259/401/6143 6274/426/6143 6275/428/6143
f 6253/405/6144 6252/403/6144 6267/427/6144 6268/429/6144
f 6246/407/6145 5989/430/6145 6261/431/6145
f 6215/432/6146 6260/404/6146 6275/428/6146
f 6254/409/6147 6253/405/6147 6268/429/6147 6269/433/6147
f 6247/410/6148 6246/407/6148 6261/431/6148 6262/417/6148
f 6255/411/6149 6254/409/6149 6269/433/6149 6270/419/6149
f 6248/412/6150 6247/410/6150 6262/417/6150 6263/418/6150
f 6256/413/6151 6255/411/6151 6270/419/6151 6271/420/6151
f 6249/414/6152 6248/412/6152 6263/418/6152 6264/421/6152
f 6257/415/6153 6256/413/6153 6271/420/6153 6272/422/6153
f 6250/416/6154 6249/414/6154 6264/421/6154 6265/423/6154
f 6262/450/6155 6261/444/6155 6276/446/6155 6277/451/6155
f 6270/452/6156 6269/448/6156 6284/449/6156 6285/453/6156
f 6263/454/6157 6262/450/6157 6277/451/6157 6278/455/6157
f 6271/456/6158 6270/452/6158 6285/453/6158 6286/457/6158
f 6264/458/6159 6263/454/6159 6278/455/6159 6279/459/6159
f 6272/460/6160 6271/456/6160 6286/457/6160 6287/461/6160
f 6265/462/6161 6264/458/6161 6279/459/6161 6280/463/6161
f 6273/464/6162 6272/460/6162 6287/461/6162 6288/465/6162
f 6266/435/6163 6265/462/6163 6280/463/6163 6281/436/6163
f 6274/439/6164 6273/464/6164 6288/465/6164 6289/440/6164
f 6267/434/6165 6266/435/6165 6281/436/6165 6282/437/6165
f 6275/438/6166 6274/439/6166 6289/440/6166 6290/441/6166
f 6268/442/6167 6267/434/6167 6282/437/6167 6283/443/6167
f 6261/444/6168 5989/445/6168 6276/446/6168
f 6215/447/6169 6275/438/6169 6290/441/6169
f 6269/448/6170 6268/442/6170 6283/443/6170 6284/449/6170
f 6281/436/6171 6280/463/6171 6295/471/6171 6296/473/6171
f 6289/440/6172 6288/465/6172 6303/472/6172 6304/474/6172
f 6282/437/6173 6281/436/6173 6296/473/6173 6297/475/6173
f 6290/441/6174 6289/440/6174 6304/474/6174 6305/476/6174
f 6283/443/6175 6282/437/6175 6297/475/6175 6298/477/6175
f 6276/446/6176 5989/478/6176 6291/479/6176
f 6215/480/6177 6290/441/6177 6305/476/6177
f 6284/449/6178 6283/443/6178 6298/477/6178 6299/481/6178
f 6277/451/6179 6276/446/6179 6291/479/6179 6292/482/6179
f 6285/453/6180 6284/449/6180 6299/481/6180 6300/466/6180
f 6278/455/6181 6277/451/6181 6292/482/6181 6293/468/6181
f 6286/457/6182 6285/453/6182 6300/466/6182 6301/467/6182
f 6279/459/6183 6278/455/6183 6293/468/6183 6294/469/6183
f 6287/461/6184 6286/457/6184 6301/467/6184 6302/470/6184
f 6280/463/6185 6279/459/6185 6294/469/6185 6295/471/6185
f 6288/465/6186 6287/461/6186 6302/470/6186 6303/472/6186
f 6300/466/6187 6299/481/6187 6314/490/6187 6315/492/6187
f 6293/468/6188 6292/482/6188 6307/491/6188 6308/493/6188
f 6301/467/6189 6300/466/6189 6315/492/6189 6316/494/6189
f 6294/469/6190 6293/468/6190 6308/493/6190 6309/495/6190
f 6302/470/6191 6301/467/6191 6316/494/6191 6317/496/6191
f 6295/471/6192 6294/469/6192 6309/495/6192 6310/497/6192
f 6303/472/6193 6302/470/6193 6317/496/6193 6318/498/6193
f 6296/473/6194 6295/471/6194 6310/497/6194 6311/499/6194
f 6304/474/6195 6303/472/6195 6318/498/6195 6319/483/6195
f 6297/475/6196 6296/473/6196 6311/499/6196 6312/485/6196
f 6305/476/6197 6304/474/6197 6319/483/6197 6320/484/6197
f 6298/477/6198 6297/475/6198 6312/485/6198 6313/486/6198
f 6291/479/6199 5989/487/6199 6306/488/6199
f 6215/489/6200 6305/476/6200 6320/484/6200
f 6299/481/6201 6298/477/6201 6313/486/6201 6314/490/6201
f 6292/482/6202 6291/479/6202 6306/488/6202 6307/491/6202
f 6319/483/6203 6318/498/6203 6333/504/6203 6334/506/6203
f 6312/485/6204 6311/499/6204 6326/505/6204 6327/507/6204
f 6320/484/6205 6319/483/6205 6334/506/6205 6335/508/6205
f 6313/486/6206 6312/485/6206 6327/507/6206 6328/509/6206
f 6306/488/6207 5989/510/6207 6321/511/6207
f 6215/512/6208 6320/484/6208 6335/508/6208
f 6314/490/6209 6313/486/6209 6328/509/6209 6329/513/6209
f 6307/491/6210 6306/488/6210 6321/511/6210 6322/514/6210
f 6315/492/6211 6314/490/6211 6329/513/6211 6330/515/6211
f 6308/493/6212 6307/491/6212 6322/514/6212 6323/516/6212
f 6316/494/6213 6315/492/6213 6330/515/6213 6331/500/6213
f 6309/495/6214 6308/493/6214 6323/516/6214 6324/502/6214
f 6317/496/6215 6316/494/6215 6331/500/6215 6332/501/6215
f 6310/497/6216 6309/495/6216 6324/502/6216 6325/503/6216
f 6318/498/6217 6317/496/6217 6332/501/6217 6333/504/6217
f 6311/499/6218 6310/497/6218 6325/503/6218 6326/505/6218
f 6323/516/6219 6322/514/6219 6337/523/6219 6338/525/6219
f 6331/500/6220 6330/515/6220 6345/524/6220 6346/526/6220
f 6324/502/6221 6323/516/6221 6338/525/6221 6339/527/6221
f 6332/501/6222 6331/500/6222 6346/526/6222 6347/528/6222
f 6325/503/6223 6324/502/6223 6339/527/6223 6340/529/6223
f 6333/504/6224 6332/501/6224 6347/528/6224 6348/530/6224
f 6326/505/6225 6325/503/6225 6340/529/6225 6341/531/6225
f 6334/506/6226 6333/504/6226 6348/530/6226 6349/532/6226
f 6327/507/6227 6326/505/6227 6341/531/6227 6342/533/6227
f 6335/508/6228 6334/506/6228 6349/532/6228 6350/520/6228
f 6328/509/6229 6327/507/6229 6342/533/6229 6343/521/6229
f 6321/511/6230 5989/517/6230 6336/518/6230
f 6215/519/6231 6335/508/6231 6350/520/6231
f 6329/513/6232 6328/509/6232 6343/521/6232 6344/522/6232
f 6322/514/6233 6321/511/6233 6336/518/6233 6337/523/6233
f 6330/515/6234 6329/513/6234 6344/522/6234 6345/524/6234
f 6342/533/6235 6341/531/6235 6356/538/6235 6357/540/6235
f 6350/520/6236 6349/532/6236 6364/539/6236 6365/541/6236
f 6343/521/6237 6342/533/6237 6357/540/6237 6358/542/6237
f 6336/518/6238 5989/543/6238 6351/544/6238
f 6215/545/6239 6350/520/6239 6365/541/6239
f 6344/522/6240 6343/521/6240 6358/542/6240 6359/546/6240
f 6337/523/6241 6336/518/6241 6351/544/6241 6352/547/6241
f 6345/524/6242 6344/522/6242 6359/546/6242 6360/548/6242
f 6338/525/6243 6337/523/6243 6352/547/6243 6353/549/6243
f 6346/526/6244 6345/524/6244 6360/548/6244 6361/550/6244
f 6339/527/6245 6338/525/6245 6353/549/6245 6354/534/6245
f 6347/528/6246 6346/526/6246 6361/550/6246 6362/536/6246
f 6340/529/6247 6339/527/6247 6354/534/6247 6355/535/6247
f 6348/530/6248 6347/528/6248 6362/536/6248 6363/537/6248
f 6341/531/6249 6340/529/6249 6355/535/6249 6356/538/6249
f 6349/532/6250 6348/530/6250 6363/537/6250 6364/539/6250
f 6361/550/6251 6360/548/6251 6375/555/6251 6376/557/6251
f 6354/534/6252 6353/549/6252 6368/556/6252 6369/558/6252
f 6362/536/6253 6361/550/6253 6376/557/6253 6377/559/6253
f 6355/535/6254 6354/534/6254 6369/558/6254 6370/560/6254
f 6363/537/6255 6362/536/6255 6377/559/6255 6378/561/6255
f 6356/538/6256 6355/535/6256 6370/560/6256 6371/562/6256
f 6364/539/6257 6363/537/6257 6378/561/6257 6379/563/6257
f 6357/540/6258 6356/538/6258 6371/562/6258 6372/564/6258
f 6365/541/6259 6364/539/6259 6379/563/6259 6380/565/6259
f 6358/542/6260 6357/540/6260 6372/564/6260 6373/551/6260
f 6351/544/6261 5989/566/6261 6366/553/6261
f 6215/567/6262 6365/541/6262 6380/565/6262
f 6359/546/6263 6358/542/6263 6373/551/6263 6374/552/6263
f 6352/547/6264 6351/544/6264 6366/553/6264 6367/554/6264
f 6360/548/6265 6359/546/6265 6374/552/6265 6375/555/6265
f 6353/549/6266 6352/547/6266 6367/554/6266 6368/556/6266
f 6380/565/6267 6379/563/6267 6388/25/6267 6389/29/6267
f 6373/551/6268 6372/564/6268 5910/27/6268 5911/31/6268
f 6366/553/6269 5989/568/6269 6381/33/6269
f 6215/569/6270 6380/565/6270 6389/29/6270
f 6374/552/6271 6373/551/6271 5911/31/6271 5912/37/6271
f 6367/554/6272 6366/553/6272 6381/33/6272 6382/39/6272
f 6375/555/6273 6374/552/6273 5912/37/6273 6385/41/6273
f 6368/556/6274 6367/554/6274 6382/39/6274 5908/43/6274
f 6376/557/6275 6375/555/6275 6385/41/6275 5913/45/6275
f 6369/558/6276 6368/556/6276 5908/43/6276 6383/16/6276
f 6377/559/6277 6376/557/6277 5913/45/6277 6386/20/6277
f 6370/560/6278 6369/558/6278 6383/16/6278 5909/15/6278
f 6378/561/6279 6377/559/6279 6386/20/6279 6387/19/6279
f 6371/562/6280 6370/560/6280 5909/15/6280 6384/23/6280
f 6379/563/6281 6378/561/6281 6387/19/6281 6388/25/6281
f 6372/564/6282 6371/562/6282 6384/23/6282 5910/27/6282
