# Blender 4.3.2
# www.blender.org
mtllib gumgum.mtl
o Cylinder
v -0.115852 0.000000 -3.896220
v 0.174836 0.000000 -3.896220
v -0.016444 0.000000 -3.896220
v 0.075428 0.000000 -3.896220
v 0.174836 0.432622 -3.896220
v -0.115852 0.432622 -3.896220
v 0.075428 0.432622 -3.896220
v -0.016444 0.432622 -3.896220
v 0.262588 0.000000 -3.891885
v 0.551862 0.000000 -3.863237
v 0.361512 0.000000 -3.882088
v 0.452938 0.000000 -3.873034
v 0.551862 0.432622 -3.863237
v 0.262589 0.432622 -3.891885
v 0.452937 0.432622 -3.873034
v 0.361513 0.432622 -3.882089
v 0.638804 0.000000 -3.850269
v 0.923850 0.000000 -3.793257
v 0.736282 0.000000 -3.830773
v 0.826371 0.000000 -3.812754
v 0.923850 0.432622 -3.793257
v 0.638803 0.432622 -3.850269
v 0.826371 0.432622 -3.812754
v 0.736282 0.432622 -3.830772
v 1.009173 0.000000 -3.771766
v 1.287222 0.000000 -3.686956
v 1.104259 0.000000 -3.742763
v 1.192135 0.000000 -3.715959
v 1.287222 0.432622 -3.686956
v 1.009173 0.432622 -3.771766
v 1.192135 0.432622 -3.715959
v 1.104259 0.432622 -3.742763
v 1.370131 0.000000 -3.657126
v 1.638487 0.000000 -3.545357
v 1.461904 0.000000 -3.618903
v 1.546715 0.000000 -3.583580
v 1.638487 0.432622 -3.545357
v 1.370131 0.432622 -3.657126
v 1.546715 0.432622 -3.583580
v 1.461904 0.432622 -3.618903
v 1.718201 0.000000 -3.507446
v 1.974269 0.000000 -3.369820
v 1.805772 0.000000 -3.460380
v 1.886698 0.000000 -3.416886
v 1.974269 0.432622 -3.369820
v 1.718201 0.432622 -3.507446
v 1.886698 0.432622 -3.416886
v 1.805772 0.432622 -3.460380
v 2.050028 0.000000 -3.324161
v 2.291339 0.000000 -3.162033
v 2.132553 0.000000 -3.268715
v 2.208813 0.000000 -3.217478
v 2.291339 0.432622 -3.162033
v 2.050028 0.432622 -3.324161
v 2.208813 0.432622 -3.217478
v 2.132553 0.432622 -3.268715
v 2.362411 0.000000 -3.109030
v 2.586646 0.000000 -2.923990
v 2.439098 0.000000 -3.045748
v 2.509959 0.000000 -2.987272
v 2.586646 0.432622 -2.923990
v 2.362411 0.432622 -3.109030
v 2.509960 0.432622 -2.987272
v 2.439098 0.432622 -3.045747
v 2.652336 0.000000 -2.864122
v 2.857350 0.000000 -2.657978
v 2.722450 0.000000 -2.793621
v 2.787236 0.000000 -2.728479
v 2.857350 0.432622 -2.657978
v 2.652336 0.432622 -2.864122
v 2.787236 0.432622 -2.728479
v 2.722450 0.432622 -2.793621
v 2.917005 0.000000 -2.591794
v 3.100844 0.000000 -2.366551
v 2.979878 0.000000 -2.514761
v 3.037971 0.000000 -2.443584
v 3.100844 0.432622 -2.366551
v 2.917005 0.432622 -2.591794
v 3.037971 0.432622 -2.443584
v 2.979878 0.432622 -2.514761
v 3.153861 0.000000 -2.294669
v 3.314780 0.000000 -2.052509
v 3.208896 0.000000 -2.211849
v 3.259745 0.000000 -2.135329
v 3.314780 0.432622 -2.052509
v 3.153861 0.432622 -2.294669
v 3.259745 0.432622 -2.135329
v 3.208896 0.432622 -2.211849
v 3.360617 0.000000 -1.975610
v 3.497095 0.000000 -1.718871
v 3.407294 0.000000 -1.887803
v 3.450418 0.000000 -1.806678
v 3.497095 0.432622 -1.718871
v 3.360617 0.432622 -1.975610
v 3.450418 0.432622 -1.806678
v 3.407294 0.432622 -1.887803
v 3.535277 0.000000 -1.637694
v 3.646027 0.000000 -1.368845
v 3.573155 0.000000 -1.545745
v 3.608149 0.000000 -1.460795
v 3.646027 0.432622 -1.368845
v 3.535277 0.432622 -1.637694
v 3.608149 0.432622 -1.460795
v 3.573155 0.432622 -1.545745
v 3.676153 0.000000 -1.284181
v 3.760136 0.000000 -1.005801
v 3.704877 0.000000 -1.188971
v 3.731413 0.000000 -1.101012
v 3.760136 0.432622 -1.005801
v 3.676153 0.432622 -1.284181
v 3.731413 0.432622 -1.101012
v 3.704877 0.432622 -1.188971
v 3.781888 0.000000 -0.918482
v 3.838316 0.000000 -0.633233
v 3.801187 0.000000 -0.820922
v 3.819016 0.000000 -0.730793
v 3.838316 0.432622 -0.633233
v 3.781888 0.432622 -0.918481
v 3.819017 0.432622 -0.730794
v 3.801188 0.432622 -0.820922
v 3.851461 0.000000 -0.544124
v 3.879808 0.000000 -0.254731
v 3.861157 0.000000 -0.445147
v 3.870113 0.000000 -0.353709
v 3.879808 0.432622 -0.254731
v 3.851461 0.432622 -0.544125
v 3.870113 0.432622 -0.353709
v 3.861157 0.432622 -0.445147
v 3.884205 0.000000 -0.164722
v 3.884205 0.000000 0.126057
v 3.884205 0.000000 -0.065270
v 3.884205 0.000000 0.026605
v 3.884205 0.432622 0.126057
v 3.884205 0.432622 -0.164722
v 3.884205 0.432622 0.026605
v 3.884205 0.432622 -0.065270
v 3.879808 0.000000 0.216066
v 3.851461 0.000000 0.505460
v 3.870113 0.000000 0.315045
v 3.861157 0.000000 0.406482
v 3.851461 0.432622 0.505460
v 3.879808 0.432622 0.216066
v 3.861157 0.432622 0.406482
v 3.870113 0.432622 0.315045
v 3.838316 0.000000 0.594569
v 3.781888 0.000000 0.879817
v 3.819017 0.000000 0.692129
v 3.801188 0.000000 0.782257
v 3.781888 0.432622 0.879817
v 3.838316 0.432622 0.594568
v 3.801187 0.432622 0.782257
v 3.819016 0.432622 0.692128
v 3.760136 0.000000 0.967136
v 3.676153 0.000000 1.245516
v 3.731413 0.000000 1.062347
v 3.704877 0.000000 1.150306
v 3.676153 0.432622 1.245516
v 3.760136 0.432622 0.967136
v 3.704877 0.432622 1.150306
v 3.731413 0.432622 1.062347
v 3.646027 0.000000 1.330181
v 3.535277 0.000000 1.599029
v 3.608149 0.000000 1.422130
v 3.573155 0.000000 1.507080
v 3.535277 0.432622 1.599029
v 3.646027 0.432622 1.330181
v 3.573155 0.432622 1.507080
v 3.608149 0.432622 1.422130
v 3.497095 0.000000 1.680206
v 3.360617 0.000000 1.936945
v 3.450418 0.000000 1.768013
v 3.407294 0.000000 1.849138
v 3.360617 0.432622 1.936945
v 3.497095 0.432622 1.680206
v 3.407294 0.432622 1.849138
v 3.450418 0.432622 1.768013
v 3.314780 0.000000 2.013844
v 3.153861 0.000000 2.256004
v 3.259745 0.000000 2.096664
v 3.208896 0.000000 2.173185
v 3.153861 0.432622 2.256004
v 3.314780 0.432622 2.013844
v 3.208896 0.432622 2.173185
v 3.259745 0.432622 2.096664
v 3.100844 0.000000 2.327886
v 2.917005 0.000000 2.553130
v 3.037971 0.000000 2.404920
v 2.979878 0.000000 2.476096
v 2.917005 0.432622 2.553130
v 3.100844 0.432622 2.327886
v 2.979878 0.432622 2.476096
v 3.037971 0.432622 2.404920
v 2.857350 0.000000 2.619313
v 2.652336 0.000000 2.825457
v 2.787236 0.000000 2.689814
v 2.722450 0.000000 2.754956
v 2.652336 0.432622 2.825457
v 2.857350 0.432622 2.619313
v 2.722450 0.432622 2.754956
v 2.787236 0.432622 2.689814
v 2.586646 0.000000 2.885325
v 2.362411 0.000000 3.070365
v 2.509960 0.000000 2.948607
v 2.439098 0.000000 3.007082
v 2.362411 0.432622 3.070365
v 2.586646 0.432622 2.885325
v 2.439098 0.432622 3.007083
v 2.509959 0.432622 2.948607
v 2.291339 0.000000 3.123368
v 2.050028 0.000000 3.285496
v 2.208813 0.000000 3.178813
v 2.132553 0.000000 3.230050
v 2.050028 0.432622 3.285496
v 2.291339 0.432622 3.123368
v 2.132553 0.432622 3.230050
v 2.208813 0.432622 3.178813
v 1.974269 0.000000 3.331155
v 1.718201 0.000000 3.468781
v 1.886698 0.000000 3.378221
v 1.805772 0.000000 3.421715
v 1.718201 0.432622 3.468781
v 1.974269 0.432622 3.331155
v 1.805772 0.432622 3.421715
v 1.886698 0.432622 3.378221
v 1.638487 0.000000 3.506692
v 1.370131 0.000000 3.618462
v 1.546715 0.000000 3.544915
v 1.461904 0.000000 3.580239
v 1.370131 0.432622 3.618462
v 1.638487 0.432622 3.506692
v 1.461904 0.432622 3.580239
v 1.546715 0.432622 3.544915
v 1.287222 0.000000 3.648291
v 1.009173 0.000000 3.733102
v 1.192135 0.000000 3.677294
v 1.104259 0.000000 3.704098
v 1.009173 0.432622 3.733102
v 1.287222 0.432622 3.648291
v 1.104259 0.432622 3.704098
v 1.192135 0.432622 3.677294
v 0.923850 0.000000 3.754592
v 0.638803 0.000000 3.811604
v 0.826371 0.000000 3.774089
v 0.736282 0.000000 3.792108
v 0.638804 0.432622 3.811604
v 0.923850 0.432622 3.754592
v 0.736282 0.432622 3.792108
v 0.826371 0.432622 3.774089
v 0.551862 0.000000 3.824572
v 0.262589 0.000000 3.853220
v 0.452937 0.000000 3.834370
v 0.361513 0.000000 3.843424
v 0.262588 0.432622 3.853220
v 0.551862 0.432622 3.824572
v 0.361512 0.432622 3.843423
v 0.452938 0.432622 3.834369
v 0.174836 0.000000 3.857555
v -0.115852 0.000000 3.857555
v 0.075428 0.000000 3.857555
v -0.016444 0.000000 3.857555
v -0.115852 0.432622 3.857555
v 0.174836 0.432622 3.857555
v -0.016444 0.432622 3.857555
v 0.075428 0.432622 3.857555
v -0.203605 0.000000 3.853220
v -0.492879 0.000000 3.824572
v -0.302529 0.000000 3.843423
v -0.393954 0.000000 3.834369
v -0.492878 0.432622 3.824572
v -0.203605 0.432622 3.853220
v -0.393954 0.432622 3.834370
v -0.302529 0.432622 3.843424
v -0.579820 0.000000 3.811604
v -0.864866 0.000000 3.754592
v -0.677298 0.000000 3.792108
v -0.767387 0.000000 3.774089
v -0.864866 0.432622 3.754592
v -0.579820 0.432622 3.811604
v -0.767387 0.432622 3.774089
v -0.677298 0.432622 3.792108
v -0.950189 0.000000 3.733102
v -1.228238 0.000000 3.648291
v -1.045276 0.000000 3.704098
v -1.133152 0.000000 3.677294
v -1.228238 0.432622 3.648291
v -0.950189 0.432622 3.733102
v -1.133152 0.432622 3.677294
v -1.045276 0.432622 3.704098
v -1.311147 0.000000 3.618462
v -1.579504 0.000000 3.506692
v -1.402920 0.000000 3.580238
v -1.487731 0.000000 3.544915
v -1.579504 0.432622 3.506692
v -1.311147 0.432622 3.618462
v -1.487731 0.432622 3.544915
v -1.402920 0.432622 3.580239
v -1.659217 0.000000 3.468781
v -1.915285 0.000000 3.331155
v -1.746788 0.000000 3.421715
v -1.827714 0.000000 3.378221
v -1.915285 0.432622 3.331155
v -1.659217 0.432622 3.468781
v -1.827714 0.432622 3.378221
v -1.746788 0.432622 3.421715
v -1.991044 0.000000 3.285496
v -2.232355 0.000000 3.123368
v -2.073569 0.000000 3.230050
v -2.149829 0.000000 3.178813
v -2.232355 0.432622 3.123368
v -1.991044 0.432622 3.285496
v -2.149829 0.432622 3.178813
v -2.073569 0.432622 3.230050
v -2.303427 0.000000 3.070365
v -2.527662 0.000000 2.885325
v -2.380114 0.000000 3.007083
v -2.450976 0.000000 2.948607
v -2.527663 0.432622 2.885325
v -2.303427 0.432622 3.070365
v -2.450976 0.432622 2.948607
v -2.380114 0.432622 3.007082
v -2.593352 0.000000 2.825457
v -2.798366 0.000000 2.619313
v -2.663466 0.000000 2.754956
v -2.728252 0.000000 2.689814
v -2.798366 0.432622 2.619313
v -2.593352 0.432622 2.825457
v -2.728252 0.432622 2.689814
v -2.663466 0.432622 2.754956
v -2.858021 0.000000 2.553130
v -3.041860 0.000000 2.327886
v -2.920894 0.000000 2.476096
v -2.978987 0.000000 2.404920
v -3.041860 0.432622 2.327886
v -2.858021 0.432622 2.553130
v -2.978987 0.432622 2.404920
v -2.920894 0.432622 2.476096
v -3.094877 0.000000 2.256004
v -3.255796 0.000000 2.013844
v -3.149912 0.000000 2.173185
v -3.200761 0.000000 2.096664
v -3.255796 0.432622 2.013844
v -3.094877 0.432622 2.256004
v -3.200761 0.432622 2.096664
v -3.149912 0.432622 2.173185
v -3.301633 0.000000 1.936945
v -3.438111 0.000000 1.680206
v -3.348310 0.000000 1.849138
v -3.391434 0.000000 1.768013
v -3.438111 0.432622 1.680206
v -3.301633 0.432622 1.936945
v -3.391434 0.432622 1.768013
v -3.348310 0.432622 1.849138
v -3.476293 0.000000 1.599029
v -3.587043 0.000000 1.330181
v -3.514171 0.000000 1.507080
v -3.549165 0.000000 1.422130
v -3.587043 0.432622 1.330181
v -3.476293 0.432622 1.599029
v -3.549165 0.432622 1.422130
v -3.514171 0.432622 1.507080
v -3.617170 0.000000 1.245516
v -3.701152 0.000000 0.967136
v -3.645893 0.000000 1.150306
v -3.672429 0.000000 1.062347
v -3.701152 0.432622 0.967136
v -3.617170 0.432622 1.245516
v -3.672429 0.432622 1.062347
v -3.645893 0.432622 1.150306
v -3.722904 0.000000 0.879817
v -3.779332 0.000000 0.594568
v -3.742203 0.000000 0.782257
v -3.760032 0.000000 0.692128
v -3.779332 0.432622 0.594569
v -3.722904 0.432622 0.879817
v -3.760033 0.432622 0.692129
v -3.742204 0.432622 0.782257
v -3.792478 0.000000 0.505460
v -3.820824 0.000000 0.216066
v -3.802173 0.000000 0.406482
v -3.811129 0.000000 0.315045
v -3.820824 0.432622 0.216066
v -3.792478 0.432622 0.505460
v -3.811129 0.432622 0.315045
v -3.802173 0.432622 0.406482
v -3.825222 0.000000 0.126057
v -3.825222 0.000000 -0.164722
v -3.825222 0.000000 0.026605
v -3.825222 0.000000 -0.065270
v -3.825222 0.432622 -0.164722
v -3.825222 0.432622 0.126057
v -3.825222 0.432622 -0.065270
v -3.825222 0.432622 0.026605
v -3.820824 0.000000 -0.254731
v -3.792478 0.000000 -0.544125
v -3.811129 0.000000 -0.353709
v -3.802173 0.000000 -0.445147
v -3.792478 0.432622 -0.544124
v -3.820824 0.432622 -0.254731
v -3.802173 0.432622 -0.445147
v -3.811129 0.432622 -0.353709
v -3.779332 0.000000 -0.633233
v -3.722904 0.000000 -0.918481
v -3.760033 0.000000 -0.730794
v -3.742204 0.000000 -0.820922
v -3.722904 0.432622 -0.918482
v -3.779332 0.432622 -0.633233
v -3.742203 0.432622 -0.820922
v -3.760032 0.432622 -0.730793
v -3.701152 0.000000 -1.005801
v -3.617170 0.000000 -1.284181
v -3.672429 0.000000 -1.101012
v -3.645893 0.000000 -1.188971
v -3.617170 0.432622 -1.284181
v -3.701152 0.432622 -1.005801
v -3.645893 0.432622 -1.188971
v -3.672429 0.432622 -1.101012
v -3.587043 0.000000 -1.368845
v -3.476293 0.000000 -1.637694
v -3.549165 0.000000 -1.460795
v -3.514171 0.000000 -1.545745
v -3.476293 0.432622 -1.637694
v -3.587043 0.432622 -1.368845
v -3.514171 0.432622 -1.545745
v -3.549165 0.432622 -1.460795
v -3.438111 0.000000 -1.718871
v -3.301633 0.000000 -1.975610
v -3.391434 0.000000 -1.806678
v -3.348310 0.000000 -1.887803
v -3.301633 0.432622 -1.975610
v -3.438111 0.432622 -1.718871
v -3.348310 0.432622 -1.887803
v -3.391434 0.432622 -1.806678
v -3.255796 0.000000 -2.052509
v -3.094877 0.000000 -2.294669
v -3.200761 0.000000 -2.135329
v -3.149912 0.000000 -2.211849
v -3.094877 0.432622 -2.294669
v -3.255796 0.432622 -2.052509
v -3.149912 0.432622 -2.211849
v -3.200761 0.432622 -2.135329
v -3.041860 0.000000 -2.366551
v -2.858021 0.000000 -2.591794
v -2.978987 0.000000 -2.443584
v -2.920894 0.000000 -2.514761
v -2.858021 0.432622 -2.591794
v -3.041860 0.432622 -2.366551
v -2.920894 0.432622 -2.514761
v -2.978987 0.432622 -2.443584
v -2.798366 0.000000 -2.657978
v -2.593352 0.000000 -2.864122
v -2.728252 0.000000 -2.728479
v -2.663466 0.000000 -2.793621
v -2.593352 0.432622 -2.864122
v -2.798366 0.432622 -2.657978
v -2.663466 0.432622 -2.793621
v -2.728252 0.432622 -2.728479
v -2.527663 0.000000 -2.923990
v -2.303427 0.000000 -3.109030
v -2.450976 0.000000 -2.987272
v -2.380114 0.000000 -3.045747
v -2.303427 0.432622 -3.109030
v -2.527662 0.432622 -2.923990
v -2.380114 0.432622 -3.045748
v -2.450976 0.432622 -2.987272
v -2.232355 0.000000 -3.162033
v -1.991044 0.000000 -3.324161
v -2.149829 0.000000 -3.217478
v -2.073569 0.000000 -3.268715
v -1.991044 0.432622 -3.324161
v -2.232355 0.432622 -3.162033
v -2.073569 0.432622 -3.268715
v -2.149829 0.432622 -3.217478
v -1.915285 0.000000 -3.369820
v -1.659217 0.000000 -3.507446
v -1.827714 0.000000 -3.416886
v -1.746788 0.000000 -3.460380
v -1.659217 0.432622 -3.507446
v -1.915285 0.432622 -3.369820
v -1.746788 0.432622 -3.460380
v -1.827714 0.432622 -3.416886
v -1.579504 0.000000 -3.545357
v -1.311147 0.000000 -3.657126
v -1.487731 0.000000 -3.583580
v -1.402920 0.000000 -3.618903
v -1.311147 0.432622 -3.657126
v -1.579504 0.432622 -3.545357
v -1.402920 0.432622 -3.618903
v -1.487731 0.432622 -3.583580
v -1.228238 0.000000 -3.686956
v -0.950189 0.000000 -3.771766
v -1.133152 0.000000 -3.715959
v -1.045276 0.000000 -3.742763
v -0.950189 0.432622 -3.771766
v -1.228238 0.432622 -3.686956
v -1.045276 0.432622 -3.742763
v -1.133152 0.432622 -3.715959
v -0.864866 0.000000 -3.793257
v -0.579820 0.000000 -3.850269
v -0.767387 0.000000 -3.812754
v -0.677298 0.000000 -3.830772
v -0.579820 0.432622 -3.850269
v -0.864866 0.432622 -3.793257
v -0.677298 0.432622 -3.830772
v -0.767387 0.432622 -3.812754
v -0.492878 0.000000 -3.863237
v -0.203605 0.000000 -3.891885
v -0.393954 0.000000 -3.873034
v -0.302529 0.000000 -3.882089
v -0.203605 0.432622 -3.891885
v -0.492879 0.432622 -3.863237
v -0.302529 0.432622 -3.882088
v -0.393954 0.432622 -3.873034
v -0.042079 0.000982 -4.093053
v -0.094034 0.000982 -4.093053
v -0.094034 0.431640 -4.093053
v -0.042079 0.431640 -4.093053
v 0.101063 0.431640 -4.093053
v 0.101063 0.000982 -4.093053
v 0.153018 0.000982 -4.093053
v 0.153018 0.431640 -4.093053
v 0.497846 0.431640 -4.066383
v 0.549549 0.431640 -4.061262
v 0.549549 0.000982 -4.061262
v 0.497846 0.000982 -4.066382
v 0.355401 0.000982 -4.080489
v 0.355401 0.431640 -4.080490
v 0.303699 0.431640 -4.085610
v 0.303699 0.000982 -4.085610
v 0.890111 0.431640 -4.000737
v 0.941058 0.431640 -3.990547
v 0.941058 0.000982 -3.990547
v 0.890111 0.000982 -4.000737
v 0.749749 0.000982 -4.028811
v 0.749749 0.431640 -4.028811
v 0.698803 0.431640 -4.039000
v 0.698803 0.000982 -4.039000
v 1.274081 0.431640 -3.896750
v 1.323776 0.431640 -3.881593
v 1.323776 0.000982 -3.881593
v 1.274081 0.000982 -3.896750
v 1.137166 0.000982 -3.938512
v 1.137166 0.431640 -3.938512
v 1.087471 0.431640 -3.953670
v 1.087471 0.000982 -3.953670
v 1.646058 0.431640 -3.755427
v 1.694020 0.431640 -3.735451
v 1.694020 0.000982 -3.735451
v 1.646058 0.000982 -3.755427
v 1.513919 0.000982 -3.810462
v 1.513919 0.431640 -3.810462
v 1.465957 0.431640 -3.830438
v 1.465957 0.000982 -3.830438
v 2.002461 0.431640 -3.578129
v 2.048226 0.431640 -3.553532
v 2.048226 0.000982 -3.553532
v 2.002461 0.000982 -3.578129
v 1.876376 0.000982 -3.645894
v 1.876376 0.431640 -3.645894
v 1.830611 0.431640 -3.670491
v 1.830611 0.000982 -3.670491
v 2.339861 0.431640 -3.366565
v 2.382987 0.431640 -3.337590
v 2.382987 0.000982 -3.337590
v 2.339861 0.000982 -3.366565
v 2.221045 0.000982 -3.446393
v 2.221045 0.431640 -3.446393
v 2.177919 0.431640 -3.475368
v 2.177919 0.000982 -3.475368
v 2.655011 0.431640 -3.122773
v 2.695085 0.431640 -3.089704
v 2.695085 0.000982 -3.089704
v 2.655011 0.000982 -3.122773
v 2.544605 0.000982 -3.213880
v 2.544605 0.431640 -3.213880
v 2.504532 0.431640 -3.246949
v 2.504532 0.000982 -3.246949
v 2.944877 0.431640 -2.849101
v 2.981514 0.431640 -2.812262
v 2.981514 0.000982 -2.812262
v 2.944877 0.000982 -2.849101
v 2.843938 0.000982 -2.950597
v 2.843938 0.431640 -2.950597
v 2.807300 0.431640 -2.987436
v 2.807300 0.000982 -2.987436
v 3.206670 0.431640 -2.548184
v 3.239522 0.431640 -2.507932
v 3.239522 0.000982 -2.507932
v 3.206670 0.000982 -2.548184
v 3.116159 0.000982 -2.659080
v 3.116159 0.431640 -2.659080
v 3.083307 0.431640 -2.699331
v 3.083307 0.000982 -2.699331
v 3.437870 0.431640 -2.222917
v 3.466626 0.431640 -2.179644
v 3.466626 0.000982 -2.179644
v 3.437870 0.000982 -2.222917
v 3.358646 0.000982 -2.342139
v 3.358646 0.431640 -2.342139
v 3.329890 0.431640 -2.385412
v 3.329890 0.000982 -2.385412
v 3.636253 0.431640 -1.876433
v 3.660641 0.431640 -1.830555
v 3.660641 0.000982 -1.830555
v 3.636253 0.000982 -1.876433
v 3.569064 0.000982 -2.002829
v 3.569064 0.431640 -2.002829
v 3.544676 0.431640 -2.048706
v 3.544676 0.000982 -2.048706
v 3.799909 0.431640 -1.512064
v 3.819699 0.431640 -1.464024
v 3.819699 0.000982 -1.464024
v 3.799909 0.000982 -1.512064
v 3.745387 0.000982 -1.644419
v 3.745387 0.431640 -1.644419
v 3.725597 0.431640 -1.692459
v 3.725597 0.000982 -1.692459
v 3.927261 0.431640 -1.133319
v 3.942268 0.431640 -1.083577
v 3.942268 0.000982 -1.083577
v 3.927261 0.000982 -1.133319
v 3.885917 0.000982 -1.270364
v 3.885917 0.431640 -1.270364
v 3.870911 0.431640 -1.320106
v 3.870911 0.000982 -1.320106
v 4.017083 0.431640 -0.743843
v 4.027165 0.431640 -0.692874
v 4.027165 0.000982 -0.692874
v 4.017082 0.000982 -0.743843
v 3.989304 0.000982 -0.884267
v 3.989304 0.431640 -0.884267
v 3.979221 0.431640 -0.935236
v 3.979221 0.000982 -0.935236
v 4.068508 0.431640 -0.347384
v 4.073573 0.431640 -0.295675
v 4.073573 0.000982 -0.295675
v 4.068508 0.000982 -0.347384
v 4.054554 0.000982 -0.489848
v 4.054554 0.431640 -0.489848
v 4.049488 0.431640 -0.541557
v 4.049488 0.000982 -0.541557
v 4.081038 0.431640 0.052240
v 4.081038 0.431640 0.104197
v 4.081038 0.000982 0.104197
v 4.081038 0.000982 0.052240
v 4.081038 0.000982 -0.090905
v 4.081038 0.431640 -0.090905
v 4.081038 0.431640 -0.142862
v 4.081038 0.000982 -0.142862
v 4.054554 0.431640 0.451183
v 4.049488 0.431640 0.502893
v 4.049488 0.000982 0.502893
v 4.054554 0.000982 0.451183
v 4.068508 0.000982 0.308719
v 4.068508 0.431640 0.308719
v 4.073573 0.431640 0.257010
v 4.073573 0.000982 0.257010
v 3.989304 0.431640 0.845602
v 3.979221 0.431640 0.896571
v 3.979221 0.000982 0.896571
v 3.989304 0.000982 0.845602
v 4.017083 0.000982 0.705178
v 4.017082 0.431640 0.705178
v 4.027165 0.431640 0.654209
v 4.027165 0.000982 0.654209
v 3.885917 0.431640 1.231699
v 3.870911 0.431640 1.281441
v 3.870911 0.000982 1.281441
v 3.885917 0.000982 1.231699
v 3.927261 0.000982 1.094655
v 3.927261 0.431640 1.094655
v 3.942268 0.431640 1.044912
v 3.942268 0.000982 1.044912
v 3.745387 0.431640 1.605754
v 3.725597 0.431640 1.653794
v 3.725597 0.000982 1.653794
v 3.745387 0.000982 1.605754
v 3.799909 0.000982 1.473399
v 3.799909 0.431640 1.473399
v 3.819699 0.431640 1.425359
v 3.819699 0.000982 1.425359
v 3.569064 0.431640 1.964164
v 3.544676 0.431640 2.010041
v 3.544676 0.000982 2.010041
v 3.569064 0.000982 1.964164
v 3.636253 0.000982 1.837768
v 3.636253 0.431640 1.837768
v 3.660641 0.431640 1.791890
v 3.660641 0.000982 1.791890
v 3.358646 0.431640 2.303474
v 3.329890 0.431640 2.346747
v 3.329890 0.000982 2.346747
v 3.358646 0.000982 2.303474
v 3.437870 0.000982 2.184253
v 3.437870 0.431640 2.184253
v 3.466626 0.431640 2.140979
v 3.466626 0.000982 2.140979
v 3.116159 0.431640 2.620415
v 3.083307 0.431640 2.660666
v 3.083307 0.000982 2.660666
v 3.116159 0.000982 2.620415
v 3.206670 0.000982 2.509519
v 3.206670 0.431640 2.509519
v 3.239522 0.431640 2.469267
v 3.239522 0.000982 2.469267
v 2.843938 0.431640 2.911932
v 2.807300 0.431640 2.948771
v 2.807300 0.000982 2.948771
v 2.843938 0.000982 2.911932
v 2.944877 0.000982 2.810436
v 2.944877 0.431640 2.810436
v 2.981514 0.431640 2.773597
v 2.981514 0.000982 2.773597
v 2.544605 0.431640 3.175215
v 2.504532 0.431640 3.208284
v 2.504532 0.000982 3.208284
v 2.544605 0.000982 3.175215
v 2.655011 0.000982 3.084108
v 2.655011 0.431640 3.084108
v 2.695085 0.431640 3.051039
v 2.695085 0.000982 3.051039
v 2.221045 0.431640 3.407728
v 2.177919 0.431640 3.436703
v 2.177919 0.000982 3.436703
v 2.221045 0.000982 3.407728
v 2.339861 0.000982 3.327900
v 2.339861 0.431640 3.327900
v 2.382987 0.431640 3.298925
v 2.382987 0.000982 3.298925
v 1.876376 0.431640 3.607229
v 1.830611 0.431640 3.631826
v 1.830611 0.000982 3.631826
v 1.876376 0.000982 3.607229
v 2.002461 0.000982 3.539464
v 2.002461 0.431640 3.539464
v 2.048226 0.431640 3.514867
v 2.048226 0.000982 3.514867
v 1.513919 0.431640 3.771797
v 1.465957 0.431640 3.791774
v 1.465957 0.000982 3.791774
v 1.513919 0.000982 3.771797
v 1.646058 0.000982 3.716762
v 1.646058 0.431640 3.716762
v 1.694020 0.431640 3.696786
v 1.694020 0.000982 3.696786
v 1.137166 0.431640 3.899848
v 1.087471 0.431640 3.915005
v 1.087471 0.000982 3.915005
v 1.137166 0.000982 3.899848
v 1.274081 0.000982 3.858086
v 1.274081 0.431640 3.858086
v 1.323776 0.431640 3.842928
v 1.323776 0.000982 3.842928
v 0.749749 0.431640 3.990146
v 0.698803 0.431640 4.000335
v 0.698803 0.000982 4.000335
v 0.749749 0.000982 3.990146
v 0.890111 0.000982 3.962072
v 0.890111 0.431640 3.962072
v 0.941058 0.431640 3.951882
v 0.941058 0.000982 3.951882
v 0.355401 0.431640 4.041824
v 0.303699 0.431640 4.046945
v 0.303699 0.000982 4.046945
v 0.355401 0.000982 4.041825
v 0.497846 0.000982 4.027718
v 0.497846 0.431640 4.027718
v 0.549549 0.431640 4.022597
v 0.549549 0.000982 4.022597
v -0.042079 0.431640 4.054388
v -0.094034 0.431640 4.054388
v -0.094034 0.000982 4.054388
v -0.042079 0.000982 4.054388
v 0.101063 0.000982 4.054388
v 0.101063 0.431640 4.054388
v 0.153018 0.431640 4.054388
v 0.153018 0.000982 4.054388
v -0.438862 0.431640 4.027718
v -0.490565 0.431640 4.022597
v -0.490565 0.000982 4.022597
v -0.438862 0.000982 4.027718
v -0.296417 0.000982 4.041824
v -0.296417 0.431640 4.041825
v -0.244715 0.431640 4.046945
v -0.244715 0.000982 4.046945
v -0.831127 0.431640 3.962072
v -0.882074 0.431640 3.951882
v -0.882074 0.000982 3.951882
v -0.831127 0.000982 3.962072
v -0.690766 0.000982 3.990146
v -0.690766 0.431640 3.990146
v -0.639819 0.431640 4.000335
v -0.639819 0.000982 4.000335
v -1.215097 0.431640 3.858086
v -1.264792 0.431640 3.842928
v -1.264792 0.000982 3.842928
v -1.215097 0.000982 3.858086
v -1.078182 0.000982 3.899848
v -1.078182 0.431640 3.899848
v -1.028487 0.431640 3.915005
v -1.028487 0.000982 3.915005
v -1.587074 0.431640 3.716762
v -1.635036 0.431640 3.696786
v -1.635036 0.000982 3.696786
v -1.587074 0.000982 3.716762
v -1.454935 0.000982 3.771797
v -1.454935 0.431640 3.771797
v -1.406973 0.431640 3.791774
v -1.406973 0.000982 3.791774
v -1.943478 0.431640 3.539464
v -1.989242 0.431640 3.514867
v -1.989242 0.000982 3.514867
v -1.943478 0.000982 3.539464
v -1.817392 0.000982 3.607229
v -1.817392 0.431640 3.607229
v -1.771628 0.431640 3.631826
v -1.771628 0.000982 3.631826
v -2.280878 0.431640 3.327900
v -2.324004 0.431640 3.298925
v -2.324004 0.000982 3.298925
v -2.280878 0.000982 3.327900
v -2.162061 0.000982 3.407728
v -2.162061 0.431640 3.407728
v -2.118935 0.431640 3.436703
v -2.118935 0.000982 3.436703
v -2.596027 0.431640 3.084108
v -2.636101 0.431640 3.051039
v -2.636101 0.000982 3.051039
v -2.596027 0.000982 3.084108
v -2.485621 0.000982 3.175215
v -2.485621 0.431640 3.175215
v -2.445548 0.431640 3.208284
v -2.445548 0.000982 3.208284
v -2.885893 0.431640 2.810436
v -2.922530 0.431640 2.773597
v -2.922530 0.000982 2.773597
v -2.885893 0.000982 2.810436
v -2.784954 0.000982 2.911932
v -2.784954 0.431640 2.911932
v -2.748317 0.431640 2.948771
v -2.748317 0.000982 2.948771
v -3.147686 0.431640 2.509519
v -3.180538 0.431640 2.469267
v -3.180538 0.000982 2.469267
v -3.147686 0.000982 2.509519
v -3.057175 0.000982 2.620415
v -3.057175 0.431640 2.620415
v -3.024323 0.431640 2.660666
v -3.024323 0.000982 2.660666
v -3.378886 0.431640 2.184253
v -3.407642 0.431640 2.140979
v -3.407642 0.000982 2.140979
v -3.378886 0.000982 2.184253
v -3.299662 0.000982 2.303474
v -3.299662 0.431640 2.303474
v -3.270906 0.431640 2.346747
v -3.270906 0.000982 2.346747
v -3.577270 0.431640 1.837768
v -3.601657 0.431640 1.791891
v -3.601657 0.000982 1.791891
v -3.577270 0.000982 1.837768
v -3.510080 0.000982 1.964164
v -3.510080 0.431640 1.964164
v -3.485693 0.431640 2.010041
v -3.485693 0.000982 2.010041
v -3.740925 0.431640 1.473399
v -3.760715 0.431640 1.425359
v -3.760715 0.000982 1.425359
v -3.740925 0.000982 1.473399
v -3.686403 0.000982 1.605754
v -3.686403 0.431640 1.605754
v -3.666613 0.431640 1.653794
v -3.666613 0.000982 1.653794
v -3.868278 0.431640 1.094654
v -3.883284 0.431640 1.044912
v -3.883284 0.000982 1.044912
v -3.868278 0.000982 1.094654
v -3.826933 0.000982 1.231699
v -3.826933 0.431640 1.231699
v -3.811927 0.431640 1.281441
v -3.811927 0.000982 1.281441
v -3.958099 0.431640 0.705178
v -3.968182 0.431640 0.654209
v -3.968182 0.000982 0.654209
v -3.958099 0.000982 0.705178
v -3.930320 0.000982 0.845602
v -3.930321 0.431640 0.845602
v -3.920238 0.431640 0.896571
v -3.920237 0.000982 0.896571
v -4.009524 0.431640 0.308719
v -4.014589 0.431640 0.257010
v -4.014589 0.000982 0.257010
v -4.009524 0.000982 0.308719
v -3.995570 0.000982 0.451183
v -3.995570 0.431640 0.451183
v -3.990504 0.431640 0.502893
v -3.990504 0.000982 0.502893
v -4.022055 0.431640 -0.090905
v -4.022055 0.431640 -0.142862
v -4.022055 0.000982 -0.142862
v -4.022055 0.000982 -0.090905
v -4.022055 0.000982 0.052240
v -4.022055 0.431640 0.052240
v -4.022055 0.431640 0.104197
v -4.022055 0.000982 0.104197
v -3.995570 0.431640 -0.489848
v -3.990504 0.431640 -0.541557
v -3.990504 0.000982 -0.541557
v -3.995570 0.000982 -0.489848
v -4.009524 0.000982 -0.347384
v -4.009524 0.431640 -0.347384
v -4.014589 0.431640 -0.295675
v -4.014589 0.000982 -0.295675
v -3.930320 0.431640 -0.884267
v -3.920237 0.431640 -0.935236
v -3.920238 0.000982 -0.935236
v -3.930321 0.000982 -0.884267
v -3.958099 0.000982 -0.743843
v -3.958099 0.431640 -0.743843
v -3.968182 0.431640 -0.692874
v -3.968182 0.000982 -0.692874
v -3.826933 0.431640 -1.270364
v -3.811927 0.431640 -1.320106
v -3.811927 0.000982 -1.320106
v -3.826933 0.000982 -1.270364
v -3.868278 0.000982 -1.133319
v -3.868278 0.431640 -1.133319
v -3.883284 0.431640 -1.083577
v -3.883284 0.000982 -1.083577
v -3.686403 0.431640 -1.644419
v -3.666613 0.431640 -1.692459
v -3.666613 0.000982 -1.692459
v -3.686403 0.000982 -1.644419
v -3.740925 0.000982 -1.512064
v -3.740925 0.431640 -1.512064
v -3.760715 0.431640 -1.464024
v -3.760715 0.000982 -1.464024
v -3.510080 0.431640 -2.002829
v -3.485693 0.431640 -2.048706
v -3.485693 0.000982 -2.048706
v -3.510080 0.000982 -2.002829
v -3.577270 0.000982 -1.876432
v -3.577270 0.431640 -1.876432
v -3.601657 0.431640 -1.830555
v -3.601657 0.000982 -1.830555
v -3.299662 0.431640 -2.342139
v -3.270906 0.431640 -2.385412
v -3.270906 0.000982 -2.385412
v -3.299662 0.000982 -2.342139
v -3.378886 0.000982 -2.222917
v -3.378886 0.431640 -2.222917
v -3.407642 0.431640 -2.179644
v -3.407642 0.000982 -2.179644
v -3.057175 0.431640 -2.659080
v -3.024323 0.431640 -2.699331
v -3.024323 0.000982 -2.699331
v -3.057175 0.000982 -2.659080
v -3.147686 0.000982 -2.548184
v -3.147686 0.431640 -2.548184
v -3.180538 0.431640 -2.507932
v -3.180538 0.000982 -2.507932
v -2.784954 0.431640 -2.950597
v -2.748317 0.431640 -2.987436
v -2.748317 0.000982 -2.987436
v -2.784954 0.000982 -2.950597
v -2.885893 0.000982 -2.849101
v -2.885893 0.431640 -2.849101
v -2.922530 0.431640 -2.812262
v -2.922530 0.000982 -2.812262
v -2.485621 0.431640 -3.213880
v -2.445548 0.431640 -3.246949
v -2.445548 0.000982 -3.246949
v -2.485621 0.000982 -3.213880
v -2.596027 0.000982 -3.122773
v -2.596027 0.431640 -3.122773
v -2.636101 0.431640 -3.089704
v -2.636101 0.000982 -3.089704
v -2.162061 0.431640 -3.446393
v -2.118935 0.431640 -3.475368
v -2.118935 0.000982 -3.475368
v -2.162061 0.000982 -3.446393
v -2.280878 0.000982 -3.366565
v -2.280878 0.431640 -3.366565
v -2.324004 0.431640 -3.337590
v -2.324004 0.000982 -3.337590
v -1.817392 0.431640 -3.645894
v -1.771627 0.431640 -3.670491
v -1.771627 0.000982 -3.670491
v -1.817392 0.000982 -3.645894
v -1.943478 0.000982 -3.578129
v -1.943478 0.431640 -3.578129
v -1.989242 0.431640 -3.553532
v -1.989242 0.000982 -3.553532
v -1.454935 0.431640 -3.810462
v -1.406973 0.431640 -3.830438
v -1.406973 0.000982 -3.830438
v -1.454935 0.000982 -3.810462
v -1.587074 0.000982 -3.755427
v -1.587074 0.431640 -3.755427
v -1.635036 0.431640 -3.735451
v -1.635036 0.000982 -3.735451
v -1.078182 0.431640 -3.938512
v -1.028487 0.431640 -3.953670
v -1.028487 0.000982 -3.953670
v -1.078182 0.000982 -3.938512
v -1.215097 0.000982 -3.896750
v -1.215097 0.431640 -3.896750
v -1.264792 0.431640 -3.881593
v -1.264792 0.000982 -3.881593
v -0.690766 0.431640 -4.028811
v -0.639819 0.431640 -4.039000
v -0.639819 0.000982 -4.039000
v -0.690766 0.000982 -4.028811
v -0.831127 0.000982 -4.000737
v -0.831127 0.431640 -4.000737
v -0.882074 0.431640 -3.990547
v -0.882074 0.000982 -3.990547
v -0.296417 0.431640 -4.080489
v -0.244715 0.431640 -4.085610
v -0.244715 0.000982 -4.085610
v -0.296417 0.000982 -4.080490
v -0.438862 0.000982 -4.066383
v -0.438862 0.431640 -4.066382
v -0.490565 0.431640 -4.061262
v -0.490565 0.000982 -4.061262
v -0.016444 0.000000 -4.050838
v -0.119669 0.000000 -4.050838
v -0.119669 0.432622 -4.050838
v -0.016444 0.432622 -4.050838
v 0.075428 0.000000 -4.050838
v 0.075428 0.432622 -4.050838
v 0.178653 0.000000 -4.050838
v 0.178653 0.432622 -4.050838
v 0.468176 0.432622 -4.026900
v 0.570898 0.432622 -4.016726
v 0.570898 0.000000 -4.016726
v 0.468176 0.000000 -4.026899
v 0.376751 0.432622 -4.035954
v 0.376751 0.000000 -4.035954
v 0.274029 0.432622 -4.046127
v 0.274029 0.000000 -4.046127
v 0.856695 0.432622 -3.964369
v 0.957915 0.432622 -3.944124
v 0.957915 0.000000 -3.944124
v 0.856695 0.000000 -3.964369
v 0.766607 0.432622 -3.982388
v 0.766607 0.000000 -3.982388
v 0.665387 0.432622 -4.002633
v 0.665387 0.000000 -4.002633
v 1.237245 0.432622 -3.863851
v 1.335979 0.432622 -3.833735
v 1.335979 0.000000 -3.833735
v 1.237245 0.000000 -3.863851
v 1.149369 0.432622 -3.890655
v 1.149369 0.000000 -3.890655
v 1.050635 0.432622 -3.920770
v 1.050635 0.000000 -3.920770
v 1.606163 0.432622 -3.726313
v 1.701453 0.432622 -3.686625
v 1.701453 0.000000 -3.686625
v 1.606163 0.000000 -3.726313
v 1.521352 0.432622 -3.761636
v 1.521352 0.000000 -3.761636
v 1.426062 0.432622 -3.801324
v 1.426062 0.000000 -3.801324
v 1.959896 0.432622 -3.553080
v 2.050821 0.432622 -3.504211
v 2.050821 0.000000 -3.504211
v 1.959896 0.000000 -3.553080
v 1.878971 0.432622 -3.596574
v 1.878971 0.000000 -3.596574
v 1.788046 0.432622 -3.645442
v 1.788046 0.000000 -3.645442
v 2.295041 0.432622 -3.345820
v 2.380723 0.432622 -3.288253
v 2.380723 0.000000 -3.288253
v 2.295041 0.000000 -3.345820
v 2.218781 0.432622 -3.397056
v 2.218781 0.000000 -3.397056
v 2.133098 0.432622 -3.454623
v 2.133098 0.000000 -3.454623
v 2.608370 0.432622 -3.106528
v 2.687988 0.432622 -3.040828
v 2.687988 0.000000 -3.040828
v 2.608370 0.000000 -3.106529
v 2.537508 0.432622 -3.165004
v 2.537508 0.000000 -3.165004
v 2.457891 0.432622 -3.230705
v 2.457891 0.000000 -3.230705
v 2.896868 0.432622 -2.837509
v 2.969658 0.432622 -2.764317
v 2.969658 0.000000 -2.764317
v 2.896868 0.000000 -2.837509
v 2.832082 0.432622 -2.902652
v 2.832082 0.000000 -2.902652
v 2.759291 0.432622 -2.975844
v 2.759291 0.000000 -2.975844
v 3.157756 0.432622 -2.541351
v 3.223027 0.432622 -2.461380
v 3.223027 0.000000 -2.461380
v 3.157756 0.000000 -2.541351
v 3.099663 0.432622 -2.612527
v 3.099663 0.000000 -2.612527
v 3.034393 0.432622 -2.692498
v 3.034393 0.000000 -2.692498
v 3.388522 0.432622 -2.220904
v 3.445654 0.432622 -2.134929
v 3.445654 0.000000 -2.134929
v 3.388522 0.000000 -2.220904
v 3.337674 0.432622 -2.297424
v 3.337674 0.000000 -2.297424
v 3.280542 0.432622 -2.383399
v 3.280542 0.000000 -2.383399
v 3.586945 0.432622 -1.879253
v 3.635398 0.432622 -1.788105
v 3.635398 0.000000 -1.788105
v 3.586945 0.000000 -1.879253
v 3.543821 0.432622 -1.960378
v 3.543821 0.000000 -1.960378
v 3.495368 0.432622 -2.051526
v 3.495368 0.000000 -2.051526
v 3.751112 0.432622 -1.519688
v 3.790430 0.432622 -1.424242
v 3.790430 0.000000 -1.424242
v 3.751112 0.000000 -1.519688
v 3.716118 0.432622 -1.604637
v 3.716118 0.000000 -1.604637
v 3.676800 0.432622 -1.700083
v 3.676800 0.000000 -1.700083
v 3.879441 0.432622 -1.145669
v 3.909256 0.432622 -1.046842
v 3.909256 0.000000 -1.046842
v 3.879441 0.000000 -1.145669
v 3.852905 0.432622 -1.233629
v 3.852905 0.000000 -1.233629
v 3.823091 0.432622 -1.332456
v 3.823091 0.000000 -1.332456
v 3.970696 0.432622 -0.760799
v 3.990728 0.432622 -0.659534
v 3.990728 0.000000 -0.659534
v 3.970695 0.000000 -0.760799
v 3.952867 0.432622 -0.850927
v 3.952866 0.000000 -0.850927
v 3.932834 0.432622 -0.952192
v 3.932834 0.000000 -0.952192
v 4.023994 0.432622 -0.368782
v 4.034058 0.432622 -0.266047
v 4.034058 0.000000 -0.266047
v 4.023994 0.000000 -0.368782
v 4.015038 0.432622 -0.460220
v 4.015038 0.000000 -0.460220
v 4.004975 0.432622 -0.562955
v 4.004975 0.000000 -0.562955
v 4.038824 0.432622 0.026605
v 4.038824 0.432622 0.129832
v 4.038824 0.000000 0.129832
v 4.038824 0.000000 0.026605
v 4.038824 0.432622 -0.065270
v 4.038824 0.000000 -0.065270
v 4.038824 0.432622 -0.168497
v 4.038824 0.000000 -0.168497
v 4.015038 0.432622 0.421555
v 4.004975 0.432622 0.524290
v 4.004975 0.000000 0.524290
v 4.015038 0.000000 0.421555
v 4.023994 0.432622 0.330117
v 4.023994 0.000000 0.330117
v 4.034058 0.432622 0.227382
v 4.034058 0.000000 0.227382
v 3.952866 0.432622 0.812262
v 3.932834 0.432622 0.913527
v 3.932834 0.000000 0.913527
v 3.952867 0.000000 0.812262
v 3.970695 0.432622 0.722134
v 3.970696 0.000000 0.722134
v 3.990728 0.432622 0.620869
v 3.990728 0.000000 0.620869
v 3.852905 0.432622 1.194964
v 3.823091 0.432622 1.293791
v 3.823091 0.000000 1.293791
v 3.852905 0.000000 1.194964
v 3.879441 0.432622 1.107004
v 3.879441 0.000000 1.107004
v 3.909256 0.432622 1.008177
v 3.909256 0.000000 1.008177
v 3.716118 0.432622 1.565972
v 3.676800 0.432622 1.661418
v 3.676800 0.000000 1.661418
v 3.716118 0.000000 1.565972
v 3.751112 0.432622 1.481023
v 3.751112 0.000000 1.481023
v 3.790430 0.432622 1.385577
v 3.790430 0.000000 1.385577
v 3.543821 0.432622 1.921713
v 3.495368 0.432622 2.012861
v 3.495368 0.000000 2.012861
v 3.543821 0.000000 1.921713
v 3.586945 0.432622 1.840588
v 3.586945 0.000000 1.840588
v 3.635398 0.432622 1.749440
v 3.635398 0.000000 1.749440
v 3.337674 0.432622 2.258759
v 3.280542 0.432622 2.344734
v 3.280542 0.000000 2.344734
v 3.337674 0.000000 2.258759
v 3.388522 0.432622 2.182239
v 3.388522 0.000000 2.182239
v 3.445654 0.432622 2.096264
v 3.445654 0.000000 2.096264
v 3.099663 0.432622 2.573862
v 3.034393 0.432622 2.653833
v 3.034393 0.000000 2.653833
v 3.099663 0.000000 2.573862
v 3.157756 0.432622 2.502686
v 3.157756 0.000000 2.502686
v 3.223027 0.432622 2.422715
v 3.223027 0.000000 2.422715
v 2.832082 0.432622 2.863987
v 2.759291 0.432622 2.937179
v 2.759291 0.000000 2.937179
v 2.832082 0.000000 2.863987
v 2.896868 0.432622 2.798844
v 2.896868 0.000000 2.798844
v 2.969658 0.432622 2.725652
v 2.969658 0.000000 2.725652
v 2.537508 0.432622 3.126339
v 2.457891 0.432622 3.192040
v 2.457891 0.000000 3.192040
v 2.537508 0.000000 3.126339
v 2.608370 0.432622 3.067864
v 2.608370 0.000000 3.067863
v 2.687988 0.432622 3.002163
v 2.687988 0.000000 3.002163
v 2.218781 0.432622 3.358391
v 2.133098 0.432622 3.415958
v 2.133098 0.000000 3.415958
v 2.218781 0.000000 3.358391
v 2.295041 0.432622 3.307155
v 2.295041 0.000000 3.307155
v 2.380723 0.432622 3.249588
v 2.380723 0.000000 3.249588
v 1.878971 0.432622 3.557909
v 1.788046 0.432622 3.606777
v 1.788046 0.000000 3.606777
v 1.878971 0.000000 3.557909
v 1.959896 0.432622 3.514415
v 1.959896 0.000000 3.514415
v 2.050821 0.432622 3.465547
v 2.050821 0.000000 3.465547
v 1.521352 0.432622 3.722971
v 1.426062 0.432622 3.762660
v 1.426062 0.000000 3.762660
v 1.521352 0.000000 3.722971
v 1.606163 0.432622 3.687648
v 1.606163 0.000000 3.687648
v 1.701453 0.432622 3.647960
v 1.701453 0.000000 3.647960
v 1.149369 0.432622 3.851990
v 1.050635 0.432622 3.882106
v 1.050635 0.000000 3.882106
v 1.149369 0.000000 3.851990
v 1.237245 0.432622 3.825186
v 1.237245 0.000000 3.825186
v 1.335979 0.432622 3.795070
v 1.335979 0.000000 3.795070
v 0.766607 0.432622 3.943723
v 0.665387 0.432622 3.963968
v 0.665387 0.000000 3.963968
v 0.766607 0.000000 3.943723
v 0.856695 0.432622 3.925704
v 0.856695 0.000000 3.925704
v 0.957915 0.432622 3.905459
v 0.957915 0.000000 3.905459
v 0.376751 0.432622 3.997289
v 0.274029 0.432622 4.007462
v 0.274029 0.000000 4.007462
v 0.376751 0.000000 3.997290
v 0.468176 0.432622 3.988235
v 0.468176 0.000000 3.988235
v 0.570898 0.432622 3.978061
v 0.570898 0.000000 3.978062
v -0.016444 0.432622 4.012173
v -0.119669 0.432622 4.012173
v -0.119669 0.000000 4.012173
v -0.016444 0.000000 4.012173
v 0.075428 0.432622 4.012173
v 0.075428 0.000000 4.012173
v 0.178653 0.432622 4.012173
v 0.178653 0.000000 4.012173
v -0.409192 0.432622 3.988235
v -0.511914 0.432622 3.978062
v -0.511914 0.000000 3.978061
v -0.409192 0.000000 3.988235
v -0.317767 0.432622 3.997290
v -0.317767 0.000000 3.997289
v -0.215045 0.432622 4.007462
v -0.215045 0.000000 4.007462
v -0.797711 0.432622 3.925704
v -0.898931 0.432622 3.905459
v -0.898931 0.000000 3.905459
v -0.797711 0.000000 3.925704
v -0.707623 0.432622 3.943723
v -0.707623 0.000000 3.943723
v -0.606403 0.432622 3.963968
v -0.606403 0.000000 3.963968
v -1.178261 0.432622 3.825186
v -1.276995 0.432622 3.795070
v -1.276995 0.000000 3.795070
v -1.178261 0.000000 3.825186
v -1.090385 0.432622 3.851990
v -1.090385 0.000000 3.851990
v -0.991652 0.432622 3.882106
v -0.991652 0.000000 3.882106
v -1.547179 0.432622 3.687648
v -1.642469 0.432622 3.647960
v -1.642469 0.000000 3.647960
v -1.547179 0.000000 3.687648
v -1.462368 0.432622 3.722971
v -1.462368 0.000000 3.722971
v -1.367078 0.432622 3.762660
v -1.367078 0.000000 3.762660
v -1.900912 0.432622 3.514415
v -1.991837 0.432622 3.465547
v -1.991837 0.000000 3.465547
v -1.900912 0.000000 3.514415
v -1.819987 0.432622 3.557909
v -1.819987 0.000000 3.557909
v -1.729062 0.432622 3.606777
v -1.729062 0.000000 3.606777
v -2.236057 0.432622 3.307155
v -2.321740 0.432622 3.249588
v -2.321740 0.000000 3.249588
v -2.236057 0.000000 3.307155
v -2.159797 0.432622 3.358391
v -2.159797 0.000000 3.358391
v -2.074115 0.432622 3.415958
v -2.074115 0.000000 3.415958
v -2.549387 0.432622 3.067863
v -2.629004 0.432622 3.002163
v -2.629004 0.000000 3.002163
v -2.549387 0.000000 3.067864
v -2.478525 0.432622 3.126339
v -2.478525 0.000000 3.126339
v -2.398907 0.432622 3.192040
v -2.398907 0.000000 3.192040
v -2.837884 0.432622 2.798844
v -2.910675 0.432622 2.725652
v -2.910675 0.000000 2.725652
v -2.837884 0.000000 2.798844
v -2.773098 0.432622 2.863987
v -2.773098 0.000000 2.863987
v -2.700307 0.432622 2.937179
v -2.700307 0.000000 2.937179
v -3.098772 0.432622 2.502686
v -3.164043 0.432622 2.422715
v -3.164043 0.000000 2.422715
v -3.098772 0.000000 2.502686
v -3.040679 0.432622 2.573862
v -3.040679 0.000000 2.573862
v -2.975409 0.432622 2.653833
v -2.975409 0.000000 2.653833
v -3.329539 0.432622 2.182239
v -3.386670 0.432622 2.096264
v -3.386670 0.000000 2.096264
v -3.329539 0.000000 2.182239
v -3.278690 0.432622 2.258759
v -3.278690 0.000000 2.258759
v -3.221559 0.432622 2.344734
v -3.221559 0.000000 2.344734
v -3.527961 0.432622 1.840588
v -3.576414 0.432622 1.749440
v -3.576414 0.000000 1.749440
v -3.527961 0.000000 1.840588
v -3.484837 0.432622 1.921713
v -3.484837 0.000000 1.921713
v -3.436384 0.432622 2.012861
v -3.436384 0.000000 2.012861
v -3.692128 0.432622 1.481023
v -3.731446 0.432622 1.385577
v -3.731446 0.000000 1.385577
v -3.692128 0.000000 1.481023
v -3.657134 0.432622 1.565972
v -3.657134 0.000000 1.565972
v -3.617816 0.432622 1.661418
v -3.617816 0.000000 1.661418
v -3.820457 0.432622 1.107004
v -3.850272 0.432622 1.008177
v -3.850272 0.000000 1.008177
v -3.820457 0.000000 1.107004
v -3.793921 0.432622 1.194964
v -3.793921 0.000000 1.194964
v -3.764107 0.432622 1.293791
v -3.764107 0.000000 1.293791
v -3.911712 0.432622 0.722134
v -3.931744 0.432622 0.620869
v -3.931744 0.000000 0.620869
v -3.911711 0.000000 0.722134
v -3.893883 0.432622 0.812262
v -3.893882 0.000000 0.812262
v -3.873850 0.432622 0.913527
v -3.873850 0.000000 0.913527
v -3.965011 0.432622 0.330117
v -3.975074 0.432622 0.227382
v -3.975074 0.000000 0.227382
v -3.965011 0.000000 0.330117
v -3.956055 0.432622 0.421555
v -3.956055 0.000000 0.421555
v -3.945991 0.432622 0.524290
v -3.945991 0.000000 0.524290
v -3.979840 0.432622 -0.065270
v -3.979840 0.432622 -0.168497
v -3.979840 0.000000 -0.168497
v -3.979840 0.000000 -0.065270
v -3.979840 0.432622 0.026605
v -3.979840 0.000000 0.026605
v -3.979840 0.432622 0.129832
v -3.979840 0.000000 0.129832
v -3.956055 0.432622 -0.460220
v -3.945991 0.432622 -0.562955
v -3.945991 0.000000 -0.562955
v -3.956055 0.000000 -0.460220
v -3.965011 0.432622 -0.368782
v -3.965011 0.000000 -0.368782
v -3.975074 0.432622 -0.266047
v -3.975074 0.000000 -0.266047
v -3.893882 0.432622 -0.850927
v -3.873850 0.432622 -0.952192
v -3.873850 0.000000 -0.952192
v -3.893883 0.000000 -0.850927
v -3.911711 0.432622 -0.760799
v -3.911712 0.000000 -0.760799
v -3.931744 0.432622 -0.659534
v -3.931744 0.000000 -0.659534
v -3.793921 0.432622 -1.233629
v -3.764107 0.432622 -1.332456
v -3.764107 0.000000 -1.332456
v -3.793921 0.000000 -1.233629
v -3.820457 0.432622 -1.145669
v -3.820457 0.000000 -1.145669
v -3.850272 0.432622 -1.046842
v -3.850272 0.000000 -1.046842
v -3.657134 0.432622 -1.604637
v -3.617816 0.432622 -1.700083
v -3.617816 0.000000 -1.700083
v -3.657134 0.000000 -1.604637
v -3.692128 0.432622 -1.519688
v -3.692128 0.000000 -1.519688
v -3.731446 0.432622 -1.424242
v -3.731446 0.000000 -1.424242
v -3.484837 0.432622 -1.960378
v -3.436384 0.432622 -2.051526
v -3.436384 0.000000 -2.051526
v -3.484837 0.000000 -1.960378
v -3.527961 0.432622 -1.879253
v -3.527961 0.000000 -1.879253
v -3.576414 0.432622 -1.788105
v -3.576414 0.000000 -1.788105
v -3.278690 0.432622 -2.297424
v -3.221559 0.432622 -2.383399
v -3.221559 0.000000 -2.383399
v -3.278690 0.000000 -2.297424
v -3.329539 0.432622 -2.220904
v -3.329539 0.000000 -2.220904
v -3.386670 0.432622 -2.134929
v -3.386670 0.000000 -2.134929
v -3.040679 0.432622 -2.612527
v -2.975409 0.432622 -2.692498
v -2.975409 0.000000 -2.692498
v -3.040679 0.000000 -2.612527
v -3.098772 0.432622 -2.541351
v -3.098772 0.000000 -2.541351
v -3.164043 0.432622 -2.461380
v -3.164043 0.000000 -2.461380
v -2.773098 0.432622 -2.902652
v -2.700307 0.432622 -2.975844
v -2.700307 0.000000 -2.975844
v -2.773098 0.000000 -2.902652
v -2.837884 0.432622 -2.837509
v -2.837884 0.000000 -2.837509
v -2.910675 0.432622 -2.764317
v -2.910675 0.000000 -2.764317
v -2.478525 0.432622 -3.165004
v -2.398907 0.432622 -3.230705
v -2.398907 0.000000 -3.230705
v -2.478525 0.000000 -3.165004
v -2.549387 0.432622 -3.106529
v -2.549387 0.000000 -3.106528
v -2.629004 0.432622 -3.040828
v -2.629004 0.000000 -3.040828
v -2.159797 0.432622 -3.397056
v -2.074115 0.432622 -3.454623
v -2.074115 0.000000 -3.454623
v -2.159797 0.000000 -3.397056
v -2.236057 0.432622 -3.345820
v -2.236057 0.000000 -3.345820
v -2.321740 0.432622 -3.288253
v -2.321740 0.000000 -3.288253
v -1.819987 0.432622 -3.596574
v -1.729062 0.432622 -3.645442
v -1.729062 0.000000 -3.645442
v -1.819987 0.000000 -3.596574
v -1.900912 0.432622 -3.553080
v -1.900912 0.000000 -3.553080
v -1.991837 0.432622 -3.504211
v -1.991837 0.000000 -3.504211
v -1.462368 0.432622 -3.761636
v -1.367078 0.432622 -3.801324
v -1.367078 0.000000 -3.801324
v -1.462368 0.000000 -3.761636
v -1.547179 0.432622 -3.726313
v -1.547179 0.000000 -3.726313
v -1.642469 0.432622 -3.686625
v -1.642469 0.000000 -3.686625
v -1.090385 0.432622 -3.890655
v -0.991652 0.432622 -3.920770
v -0.991652 0.000000 -3.920770
v -1.090385 0.000000 -3.890655
v -1.178261 0.432622 -3.863851
v -1.178261 0.000000 -3.863851
v -1.276995 0.432622 -3.833735
v -1.276995 0.000000 -3.833735
v -0.707623 0.432622 -3.982388
v -0.606403 0.432622 -4.002633
v -0.606403 0.000000 -4.002633
v -0.707623 0.000000 -3.982388
v -0.797711 0.432622 -3.964369
v -0.797711 0.000000 -3.964369
v -0.898931 0.432622 -3.944124
v -0.898931 0.000000 -3.944124
v -0.317767 0.432622 -4.035954
v -0.215045 0.432622 -4.046127
v -0.215045 0.000000 -4.046127
v -0.317767 0.000000 -4.035954
v -0.409192 0.432622 -4.026899
v -0.409192 0.000000 -4.026900
v -0.511914 0.432622 -4.016726
v -0.511914 0.000000 -4.016726
v -0.016444 0.149977 -3.896220
v -0.115852 0.149977 -3.896220
v -0.115852 0.282645 -3.896220
v -0.016444 0.282645 -3.896220
v 0.075428 0.149977 -3.896220
v 0.075428 0.282645 -3.896220
v 0.174836 0.149977 -3.896220
v 0.174836 0.282645 -3.896220
v 0.452937 0.282645 -3.873034
v 0.551862 0.282645 -3.863237
v 0.551862 0.149977 -3.863237
v 0.452938 0.149977 -3.873034
v 0.361513 0.282645 -3.882089
v 0.361512 0.149977 -3.882088
v 0.262589 0.282645 -3.891885
v 0.262588 0.149977 -3.891885
v 0.826371 0.282645 -3.812754
v 0.923850 0.282645 -3.793257
v 0.923850 0.149977 -3.793257
v 0.826371 0.149977 -3.812754
v 0.736282 0.282645 -3.830772
v 0.736282 0.149977 -3.830773
v 0.638803 0.282645 -3.850269
v 0.638804 0.149977 -3.850269
v 1.192135 0.282645 -3.715959
v 1.287222 0.282645 -3.686956
v 1.287222 0.149977 -3.686956
v 1.192135 0.149977 -3.715959
v 1.104259 0.282645 -3.742763
v 1.104259 0.149977 -3.742763
v 1.009173 0.282645 -3.771766
v 1.009173 0.149977 -3.771766
v 1.546715 0.282645 -3.583580
v 1.638487 0.282645 -3.545357
v 1.638487 0.149977 -3.545357
v 1.546715 0.149977 -3.583580
v 1.461904 0.282645 -3.618903
v 1.461904 0.149977 -3.618903
v 1.370131 0.282645 -3.657126
v 1.370131 0.149977 -3.657126
v 1.886698 0.282645 -3.416886
v 1.974269 0.282645 -3.369820
v 1.974269 0.149977 -3.369820
v 1.886698 0.149977 -3.416886
v 1.805772 0.282645 -3.460380
v 1.805772 0.149977 -3.460380
v 1.718201 0.282645 -3.507446
v 1.718201 0.149977 -3.507446
v 2.208813 0.282645 -3.217478
v 2.291339 0.282645 -3.162033
v 2.291339 0.149977 -3.162033
v 2.208813 0.149977 -3.217478
v 2.132553 0.282645 -3.268715
v 2.132553 0.149977 -3.268715
v 2.050028 0.282645 -3.324161
v 2.050028 0.149977 -3.324161
v 2.509960 0.282645 -2.987272
v 2.586646 0.282645 -2.923990
v 2.586646 0.149977 -2.923990
v 2.509959 0.149977 -2.987272
v 2.439098 0.282645 -3.045747
v 2.439098 0.149977 -3.045748
v 2.362411 0.282645 -3.109030
v 2.362411 0.149977 -3.109030
v 2.787236 0.282645 -2.728479
v 2.857350 0.282645 -2.657978
v 2.857350 0.149977 -2.657978
v 2.787236 0.149977 -2.728479
v 2.722450 0.282645 -2.793621
v 2.722450 0.149977 -2.793621
v 2.652336 0.282645 -2.864122
v 2.652336 0.149977 -2.864122
v 3.037971 0.282645 -2.443584
v 3.100844 0.282645 -2.366551
v 3.100844 0.149977 -2.366551
v 3.037971 0.149977 -2.443584
v 2.979878 0.282645 -2.514761
v 2.979878 0.149977 -2.514761
v 2.917005 0.282645 -2.591794
v 2.917005 0.149977 -2.591794
v 3.259745 0.282645 -2.135329
v 3.314780 0.282645 -2.052509
v 3.314780 0.149977 -2.052509
v 3.259745 0.149977 -2.135329
v 3.208896 0.282645 -2.211849
v 3.208896 0.149977 -2.211849
v 3.153861 0.282645 -2.294669
v 3.153861 0.149977 -2.294669
v 3.450418 0.282645 -1.806678
v 3.497095 0.282645 -1.718871
v 3.497095 0.149977 -1.718871
v 3.450418 0.149977 -1.806678
v 3.407294 0.282645 -1.887803
v 3.407294 0.149977 -1.887803
v 3.360617 0.282645 -1.975610
v 3.360617 0.149977 -1.975610
v 3.608149 0.282645 -1.460795
v 3.646027 0.282645 -1.368845
v 3.646027 0.149977 -1.368845
v 3.608149 0.149977 -1.460795
v 3.573155 0.282645 -1.545745
v 3.573155 0.149977 -1.545745
v 3.535277 0.282645 -1.637694
v 3.535277 0.149977 -1.637694
v 3.731413 0.282645 -1.101012
v 3.760136 0.282645 -1.005801
v 3.760136 0.149977 -1.005801
v 3.731413 0.149977 -1.101012
v 3.704877 0.282645 -1.188971
v 3.704877 0.149977 -1.188971
v 3.676153 0.282645 -1.284181
v 3.676153 0.149977 -1.284181
v 3.819017 0.282645 -0.730794
v 3.838316 0.282645 -0.633233
v 3.838316 0.149977 -0.633233
v 3.819016 0.149977 -0.730793
v 3.801188 0.282645 -0.820922
v 3.801187 0.149977 -0.820922
v 3.781888 0.282645 -0.918481
v 3.781888 0.149977 -0.918482
v 3.870113 0.282645 -0.353709
v 3.879808 0.282645 -0.254731
v 3.879808 0.149977 -0.254731
v 3.870113 0.149977 -0.353709
v 3.861157 0.282645 -0.445147
v 3.861157 0.149977 -0.445147
v 3.851461 0.282645 -0.544125
v 3.851461 0.149977 -0.544124
v 3.884205 0.282645 0.026605
v 3.884205 0.282645 0.126057
v 3.884205 0.149977 0.126057
v 3.884205 0.149977 0.026605
v 3.884205 0.282645 -0.065270
v 3.884205 0.149977 -0.065270
v 3.884205 0.282645 -0.164722
v 3.884205 0.149977 -0.164722
v 3.861157 0.282645 0.406482
v 3.851461 0.282645 0.505460
v 3.851461 0.149977 0.505460
v 3.861157 0.149977 0.406482
v 3.870113 0.282645 0.315045
v 3.870113 0.149977 0.315045
v 3.879808 0.282645 0.216066
v 3.879808 0.149977 0.216066
v 3.801187 0.282645 0.782257
v 3.781888 0.282645 0.879817
v 3.781888 0.149977 0.879817
v 3.801188 0.149977 0.782257
v 3.819016 0.282645 0.692128
v 3.819017 0.149977 0.692129
v 3.838316 0.282645 0.594568
v 3.838316 0.149977 0.594569
v 3.704877 0.282645 1.150306
v 3.676153 0.282645 1.245516
v 3.676153 0.149977 1.245516
v 3.704877 0.149977 1.150306
v 3.731413 0.282645 1.062347
v 3.731413 0.149977 1.062347
v 3.760136 0.282645 0.967136
v 3.760136 0.149977 0.967136
v 3.573155 0.282645 1.507080
v 3.535277 0.282645 1.599029
v 3.535277 0.149977 1.599029
v 3.573155 0.149977 1.507080
v 3.608149 0.282645 1.422130
v 3.608149 0.149977 1.422130
v 3.646027 0.282645 1.330181
v 3.646027 0.149977 1.330181
v 3.407294 0.282645 1.849138
v 3.360617 0.282645 1.936945
v 3.360617 0.149977 1.936945
v 3.407294 0.149977 1.849138
v 3.450418 0.282645 1.768013
v 3.450418 0.149977 1.768013
v 3.497095 0.282645 1.680206
v 3.497095 0.149977 1.680206
v 3.208896 0.282645 2.173185
v 3.153861 0.282645 2.256004
v 3.153861 0.149977 2.256004
v 3.208896 0.149977 2.173185
v 3.259745 0.282645 2.096664
v 3.259745 0.149977 2.096664
v 3.314780 0.282645 2.013844
v 3.314780 0.149977 2.013844
v 2.979878 0.282645 2.476096
v 2.917005 0.282645 2.553130
v 2.917005 0.149977 2.553130
v 2.979878 0.149977 2.476096
v 3.037971 0.282645 2.404920
v 3.037971 0.149977 2.404920
v 3.100844 0.282645 2.327886
v 3.100844 0.149977 2.327886
v 2.722450 0.282645 2.754956
v 2.652336 0.282645 2.825457
v 2.652336 0.149977 2.825457
v 2.722450 0.149977 2.754956
v 2.787236 0.282645 2.689814
v 2.787236 0.149977 2.689814
v 2.857350 0.282645 2.619313
v 2.857350 0.149977 2.619313
v 2.439098 0.282645 3.007083
v 2.362411 0.282645 3.070365
v 2.362411 0.149977 3.070365
v 2.439098 0.149977 3.007082
v 2.509959 0.282645 2.948607
v 2.509960 0.149977 2.948607
v 2.586646 0.282645 2.885325
v 2.586646 0.149977 2.885325
v 2.132553 0.282645 3.230050
v 2.050028 0.282645 3.285496
v 2.050028 0.149977 3.285496
v 2.132553 0.149977 3.230050
v 2.208813 0.282645 3.178813
v 2.208813 0.149977 3.178813
v 2.291339 0.282645 3.123368
v 2.291339 0.149977 3.123368
v 1.805772 0.282645 3.421715
v 1.718201 0.282645 3.468781
v 1.718201 0.149977 3.468781
v 1.805772 0.149977 3.421715
v 1.886698 0.282645 3.378221
v 1.886698 0.149977 3.378221
v 1.974269 0.282645 3.331155
v 1.974269 0.149977 3.331155
v 1.461904 0.282645 3.580239
v 1.370131 0.282645 3.618462
v 1.370131 0.149977 3.618462
v 1.461904 0.149977 3.580239
v 1.546715 0.282645 3.544915
v 1.546715 0.149977 3.544915
v 1.638487 0.282645 3.506692
v 1.638487 0.149977 3.506692
v 1.104259 0.282645 3.704098
v 1.009173 0.282645 3.733102
v 1.009173 0.149977 3.733102
v 1.104259 0.149977 3.704098
v 1.192135 0.282645 3.677294
v 1.192135 0.149977 3.677294
v 1.287222 0.282645 3.648291
v 1.287222 0.149977 3.648291
v 0.736282 0.282645 3.792108
v 0.638804 0.282645 3.811604
v 0.638803 0.149977 3.811604
v 0.736282 0.149977 3.792108
v 0.826371 0.282645 3.774089
v 0.826371 0.149977 3.774089
v 0.923850 0.282645 3.754592
v 0.923850 0.149977 3.754592
v 0.361512 0.282645 3.843423
v 0.262588 0.282645 3.853220
v 0.262589 0.149977 3.853220
v 0.361513 0.149977 3.843424
v 0.452938 0.282645 3.834369
v 0.452937 0.149977 3.834370
v 0.551862 0.282645 3.824572
v 0.551862 0.149977 3.824572
v -0.016444 0.282645 3.857555
v -0.115852 0.282645 3.857555
v -0.115852 0.149977 3.857555
v -0.016444 0.149977 3.857555
v 0.075428 0.282645 3.857555
v 0.075428 0.149977 3.857555
v 0.174836 0.282645 3.857555
v 0.174836 0.149977 3.857555
v -0.393954 0.282645 3.834370
v -0.492878 0.282645 3.824572
v -0.492879 0.149977 3.824572
v -0.393954 0.149977 3.834369
v -0.302529 0.282645 3.843424
v -0.302529 0.149977 3.843423
v -0.203605 0.282645 3.853220
v -0.203605 0.149977 3.853220
v -0.767387 0.282645 3.774089
v -0.864866 0.282645 3.754592
v -0.864866 0.149977 3.754592
v -0.767387 0.149977 3.774089
v -0.677298 0.282645 3.792108
v -0.677298 0.149977 3.792108
v -0.579820 0.282645 3.811604
v -0.579820 0.149977 3.811604
v -1.133152 0.282645 3.677294
v -1.228238 0.282645 3.648291
v -1.228238 0.149977 3.648291
v -1.133152 0.149977 3.677294
v -1.045276 0.282645 3.704098
v -1.045276 0.149977 3.704098
v -0.950189 0.282645 3.733102
v -0.950189 0.149977 3.733102
v -1.487731 0.282645 3.544915
v -1.579504 0.282645 3.506692
v -1.579504 0.149977 3.506692
v -1.487731 0.149977 3.544915
v -1.402920 0.282645 3.580239
v -1.402920 0.149977 3.580238
v -1.311147 0.282645 3.618462
v -1.311147 0.149977 3.618462
v -1.827714 0.282645 3.378221
v -1.915285 0.282645 3.331155
v -1.915285 0.149977 3.331155
v -1.827714 0.149977 3.378221
v -1.746788 0.282645 3.421715
v -1.746788 0.149977 3.421715
v -1.659217 0.282645 3.468781
v -1.659217 0.149977 3.468781
v -2.149829 0.282645 3.178813
v -2.232355 0.282645 3.123368
v -2.232355 0.149977 3.123368
v -2.149829 0.149977 3.178813
v -2.073569 0.282645 3.230050
v -2.073569 0.149977 3.230050
v -1.991044 0.282645 3.285496
v -1.991044 0.149977 3.285496
v -2.450976 0.282645 2.948607
v -2.527663 0.282645 2.885325
v -2.527662 0.149977 2.885325
v -2.450976 0.149977 2.948607
v -2.380114 0.282645 3.007082
v -2.380114 0.149977 3.007083
v -2.303427 0.282645 3.070365
v -2.303427 0.149977 3.070365
v -2.728252 0.282645 2.689814
v -2.798366 0.282645 2.619313
v -2.798366 0.149977 2.619313
v -2.728252 0.149977 2.689814
v -2.663466 0.282645 2.754956
v -2.663466 0.149977 2.754956
v -2.593352 0.282645 2.825457
v -2.593352 0.149977 2.825457
v -2.978987 0.282645 2.404920
v -3.041860 0.282645 2.327886
v -3.041860 0.149977 2.327886
v -2.978987 0.149977 2.404920
v -2.920894 0.282645 2.476096
v -2.920894 0.149977 2.476096
v -2.858021 0.282645 2.553130
v -2.858021 0.149977 2.553130
v -3.200761 0.282645 2.096664
v -3.255796 0.282645 2.013844
v -3.255796 0.149977 2.013844
v -3.200761 0.149977 2.096664
v -3.149912 0.282645 2.173185
v -3.149912 0.149977 2.173185
v -3.094877 0.282645 2.256004
v -3.094877 0.149977 2.256004
v -3.391434 0.282645 1.768013
v -3.438111 0.282645 1.680206
v -3.438111 0.149977 1.680206
v -3.391434 0.149977 1.768013
v -3.348310 0.282645 1.849138
v -3.348310 0.149977 1.849138
v -3.301633 0.282645 1.936945
v -3.301633 0.149977 1.936945
v -3.549165 0.282645 1.422130
v -3.587043 0.282645 1.330181
v -3.587043 0.149977 1.330181
v -3.549165 0.149977 1.422130
v -3.514171 0.282645 1.507080
v -3.514171 0.149977 1.507080
v -3.476293 0.282645 1.599029
v -3.476293 0.149977 1.599029
v -3.672429 0.282645 1.062347
v -3.701152 0.282645 0.967136
v -3.701152 0.149977 0.967136
v -3.672429 0.149977 1.062347
v -3.645893 0.282645 1.150306
v -3.645893 0.149977 1.150306
v -3.617170 0.282645 1.245516
v -3.617170 0.149977 1.245516
v -3.760033 0.282645 0.692129
v -3.779332 0.282645 0.594569
v -3.779332 0.149977 0.594568
v -3.760032 0.149977 0.692128
v -3.742204 0.282645 0.782257
v -3.742203 0.149977 0.782257
v -3.722904 0.282645 0.879817
v -3.722904 0.149977 0.879817
v -3.811129 0.282645 0.315045
v -3.820824 0.282645 0.216066
v -3.820824 0.149977 0.216066
v -3.811129 0.149977 0.315045
v -3.802173 0.282645 0.406482
v -3.802173 0.149977 0.406482
v -3.792478 0.282645 0.505460
v -3.792478 0.149977 0.505460
v -3.825222 0.282645 -0.065270
v -3.825222 0.282645 -0.164722
v -3.825222 0.149977 -0.164722
v -3.825222 0.149977 -0.065270
v -3.825222 0.282645 0.026605
v -3.825222 0.149977 0.026605
v -3.825222 0.282645 0.126057
v -3.825222 0.149977 0.126057
v -3.802173 0.282645 -0.445147
v -3.792478 0.282645 -0.544124
v -3.792478 0.149977 -0.544125
v -3.802173 0.149977 -0.445147
v -3.811129 0.282645 -0.353709
v -3.811129 0.149977 -0.353709
v -3.820824 0.282645 -0.254731
v -3.820824 0.149977 -0.254731
v -3.742203 0.282645 -0.820922
v -3.722904 0.282645 -0.918482
v -3.722904 0.149977 -0.918481
v -3.742204 0.149977 -0.820922
v -3.760032 0.282645 -0.730793
v -3.760033 0.149977 -0.730794
v -3.779332 0.282645 -0.633233
v -3.779332 0.149977 -0.633233
v -3.645893 0.282645 -1.188971
v -3.617170 0.282645 -1.284181
v -3.617170 0.149977 -1.284181
v -3.645893 0.149977 -1.188971
v -3.672429 0.282645 -1.101012
v -3.672429 0.149977 -1.101012
v -3.701152 0.282645 -1.005801
v -3.701152 0.149977 -1.005801
v -3.514171 0.282645 -1.545745
v -3.476293 0.282645 -1.637694
v -3.476293 0.149977 -1.637694
v -3.514171 0.149977 -1.545745
v -3.549165 0.282645 -1.460795
v -3.549165 0.149977 -1.460795
v -3.587043 0.282645 -1.368845
v -3.587043 0.149977 -1.368845
v -3.348310 0.282645 -1.887803
v -3.301633 0.282645 -1.975610
v -3.301633 0.149977 -1.975610
v -3.348310 0.149977 -1.887803
v -3.391434 0.282645 -1.806678
v -3.391434 0.149977 -1.806678
v -3.438111 0.282645 -1.718871
v -3.438111 0.149977 -1.718871
v -3.149912 0.282645 -2.211849
v -3.094877 0.282645 -2.294669
v -3.094877 0.149977 -2.294669
v -3.149912 0.149977 -2.211849
v -3.200761 0.282645 -2.135329
v -3.200761 0.149977 -2.135329
v -3.255796 0.282645 -2.052509
v -3.255796 0.149977 -2.052509
v -2.920894 0.282645 -2.514761
v -2.858021 0.282645 -2.591794
v -2.858021 0.149977 -2.591794
v -2.920894 0.149977 -2.514761
v -2.978987 0.282645 -2.443584
v -2.978987 0.149977 -2.443584
v -3.041860 0.282645 -2.366551
v -3.041860 0.149977 -2.366551
v -2.663466 0.282645 -2.793621
v -2.593352 0.282645 -2.864122
v -2.593352 0.149977 -2.864122
v -2.663466 0.149977 -2.793621
v -2.728252 0.282645 -2.728479
v -2.728252 0.149977 -2.728479
v -2.798366 0.282645 -2.657978
v -2.798366 0.149977 -2.657978
v -2.380114 0.282645 -3.045748
v -2.303427 0.282645 -3.109030
v -2.303427 0.149977 -3.109030
v -2.380114 0.149977 -3.045747
v -2.450976 0.282645 -2.987272
v -2.450976 0.149977 -2.987272
v -2.527662 0.282645 -2.923990
v -2.527663 0.149977 -2.923990
v -2.073569 0.282645 -3.268715
v -1.991044 0.282645 -3.324161
v -1.991044 0.149977 -3.324161
v -2.073569 0.149977 -3.268715
v -2.149829 0.282645 -3.217478
v -2.149829 0.149977 -3.217478
v -2.232355 0.282645 -3.162033
v -2.232355 0.149977 -3.162033
v -1.746788 0.282645 -3.460380
v -1.659217 0.282645 -3.507446
v -1.659217 0.149977 -3.507446
v -1.746788 0.149977 -3.460380
v -1.827714 0.282645 -3.416886
v -1.827714 0.149977 -3.416886
v -1.915285 0.282645 -3.369820
v -1.915285 0.149977 -3.369820
v -1.402920 0.282645 -3.618903
v -1.311147 0.282645 -3.657126
v -1.311147 0.149977 -3.657126
v -1.402920 0.149977 -3.618903
v -1.487731 0.282645 -3.583580
v -1.487731 0.149977 -3.583580
v -1.579504 0.282645 -3.545357
v -1.579504 0.149977 -3.545357
v -1.045276 0.282645 -3.742763
v -0.950189 0.282645 -3.771766
v -0.950189 0.149977 -3.771766
v -1.045276 0.149977 -3.742763
v -1.133152 0.282645 -3.715959
v -1.133152 0.149977 -3.715959
v -1.228238 0.282645 -3.686956
v -1.228238 0.149977 -3.686956
v -0.677298 0.282645 -3.830772
v -0.579820 0.282645 -3.850269
v -0.579820 0.149977 -3.850269
v -0.677298 0.149977 -3.830772
v -0.767387 0.282645 -3.812754
v -0.767387 0.149977 -3.812754
v -0.864866 0.282645 -3.793257
v -0.864866 0.149977 -3.793257
v -0.302529 0.282645 -3.882088
v -0.203605 0.282645 -3.891885
v -0.203605 0.149977 -3.891885
v -0.302529 0.149977 -3.882089
v -0.393954 0.282645 -3.873034
v -0.393954 0.149977 -3.873034
v -0.492879 0.282645 -3.863237
v -0.492878 0.149977 -3.863237
v -0.016444 0.115648 -3.896220
v -0.115852 0.115648 -3.896220
v -0.115852 0.316974 -3.896220
v -0.016444 0.316974 -3.896220
v 0.075428 0.115648 -3.896220
v 0.075428 0.316974 -3.896220
v 0.174836 0.115648 -3.896220
v 0.174836 0.316974 -3.896220
v 0.452937 0.316974 -3.873034
v 0.551862 0.316974 -3.863237
v 0.551862 0.115648 -3.863237
v 0.452938 0.115648 -3.873034
v 0.361513 0.316974 -3.882089
v 0.361512 0.115648 -3.882088
v 0.262589 0.316974 -3.891885
v 0.262588 0.115648 -3.891885
v 0.826371 0.316974 -3.812754
v 0.923850 0.316974 -3.793257
v 0.923850 0.115648 -3.793257
v 0.826371 0.115648 -3.812754
v 0.736282 0.316974 -3.830772
v 0.736282 0.115648 -3.830773
v 0.638803 0.316974 -3.850269
v 0.638804 0.115648 -3.850269
v 1.192135 0.316974 -3.715959
v 1.287222 0.316974 -3.686956
v 1.287222 0.115648 -3.686956
v 1.192135 0.115648 -3.715959
v 1.104259 0.316974 -3.742763
v 1.104259 0.115648 -3.742763
v 1.009173 0.316974 -3.771766
v 1.009173 0.115648 -3.771766
v 1.546715 0.316974 -3.583580
v 1.638487 0.316974 -3.545357
v 1.638487 0.115648 -3.545357
v 1.546715 0.115648 -3.583580
v 1.461904 0.316974 -3.618903
v 1.461904 0.115648 -3.618903
v 1.370131 0.316974 -3.657126
v 1.370131 0.115648 -3.657126
v 1.886698 0.316974 -3.416886
v 1.974269 0.316974 -3.369820
v 1.974269 0.115648 -3.369820
v 1.886698 0.115648 -3.416886
v 1.805772 0.316974 -3.460380
v 1.805772 0.115648 -3.460380
v 1.718201 0.316974 -3.507446
v 1.718201 0.115648 -3.507446
v 2.208813 0.316974 -3.217478
v 2.291339 0.316974 -3.162033
v 2.291339 0.115648 -3.162033
v 2.208813 0.115648 -3.217478
v 2.132553 0.316974 -3.268715
v 2.132553 0.115648 -3.268715
v 2.050028 0.316974 -3.324161
v 2.050028 0.115648 -3.324161
v 2.509960 0.316974 -2.987272
v 2.586646 0.316974 -2.923990
v 2.586646 0.115648 -2.923990
v 2.509959 0.115648 -2.987272
v 2.439098 0.316974 -3.045747
v 2.439098 0.115648 -3.045748
v 2.362411 0.316974 -3.109030
v 2.362411 0.115648 -3.109030
v 2.787236 0.316974 -2.728479
v 2.857350 0.316974 -2.657978
v 2.857350 0.115648 -2.657978
v 2.787236 0.115648 -2.728479
v 2.722450 0.316974 -2.793621
v 2.722450 0.115648 -2.793621
v 2.652336 0.316974 -2.864122
v 2.652336 0.115648 -2.864122
v 3.037971 0.316974 -2.443584
v 3.100844 0.316974 -2.366551
v 3.100844 0.115648 -2.366551
v 3.037971 0.115648 -2.443584
v 2.979878 0.316974 -2.514761
v 2.979878 0.115648 -2.514761
v 2.917005 0.316974 -2.591794
v 2.917005 0.115648 -2.591794
v 3.259745 0.316974 -2.135329
v 3.314780 0.316974 -2.052509
v 3.314780 0.115648 -2.052509
v 3.259745 0.115648 -2.135329
v 3.208896 0.316974 -2.211849
v 3.208896 0.115648 -2.211849
v 3.153861 0.316974 -2.294669
v 3.153861 0.115648 -2.294669
v 3.450418 0.316974 -1.806678
v 3.497095 0.316974 -1.718871
v 3.497095 0.115648 -1.718871
v 3.450418 0.115648 -1.806678
v 3.407294 0.316974 -1.887803
v 3.407294 0.115648 -1.887803
v 3.360617 0.316974 -1.975610
v 3.360617 0.115648 -1.975610
v 3.608149 0.316974 -1.460795
v 3.646027 0.316974 -1.368845
v 3.646027 0.115648 -1.368845
v 3.608149 0.115648 -1.460795
v 3.573155 0.316974 -1.545745
v 3.573155 0.115648 -1.545745
v 3.535277 0.316974 -1.637694
v 3.535277 0.115648 -1.637694
v 3.731413 0.316974 -1.101012
v 3.760136 0.316974 -1.005801
v 3.760136 0.115648 -1.005801
v 3.731413 0.115648 -1.101012
v 3.704877 0.316974 -1.188971
v 3.704877 0.115648 -1.188971
v 3.676153 0.316974 -1.284181
v 3.676153 0.115648 -1.284181
v 3.819017 0.316974 -0.730794
v 3.838316 0.316974 -0.633233
v 3.838316 0.115648 -0.633233
v 3.819016 0.115648 -0.730793
v 3.801188 0.316974 -0.820922
v 3.801187 0.115648 -0.820922
v 3.781888 0.316974 -0.918481
v 3.781888 0.115648 -0.918482
v 3.870113 0.316974 -0.353709
v 3.879808 0.316974 -0.254731
v 3.879808 0.115648 -0.254731
v 3.870113 0.115648 -0.353709
v 3.861157 0.316974 -0.445147
v 3.861157 0.115648 -0.445147
v 3.851461 0.316974 -0.544125
v 3.851461 0.115648 -0.544124
v 3.884205 0.316974 0.026605
v 3.884205 0.316974 0.126057
v 3.884205 0.115648 0.126057
v 3.884205 0.115648 0.026605
v 3.884205 0.316974 -0.065270
v 3.884205 0.115648 -0.065270
v 3.884205 0.316974 -0.164722
v 3.884205 0.115648 -0.164722
v 3.861157 0.316974 0.406482
v 3.851461 0.316974 0.505460
v 3.851461 0.115648 0.505460
v 3.861157 0.115648 0.406482
v 3.870113 0.316974 0.315045
v 3.870113 0.115648 0.315045
v 3.879808 0.316974 0.216066
v 3.879808 0.115648 0.216066
v 3.801187 0.316974 0.782257
v 3.781888 0.316974 0.879817
v 3.781888 0.115648 0.879817
v 3.801188 0.115648 0.782257
v 3.819016 0.316974 0.692128
v 3.819017 0.115648 0.692129
v 3.838316 0.316974 0.594568
v 3.838316 0.115648 0.594569
v 3.704877 0.316974 1.150306
v 3.676153 0.316974 1.245516
v 3.676153 0.115648 1.245516
v 3.704877 0.115648 1.150306
v 3.731413 0.316974 1.062347
v 3.731413 0.115648 1.062347
v 3.760136 0.316974 0.967136
v 3.760136 0.115648 0.967136
v 3.573155 0.316974 1.507080
v 3.535277 0.316974 1.599029
v 3.535277 0.115648 1.599029
v 3.573155 0.115648 1.507080
v 3.608149 0.316974 1.422130
v 3.608149 0.115648 1.422130
v 3.646027 0.316974 1.330181
v 3.646027 0.115648 1.330181
v 3.407294 0.316974 1.849138
v 3.360617 0.316974 1.936945
v 3.360617 0.115648 1.936945
v 3.407294 0.115648 1.849138
v 3.450418 0.316974 1.768013
v 3.450418 0.115648 1.768013
v 3.497095 0.316974 1.680206
v 3.497095 0.115648 1.680206
v 3.208896 0.316974 2.173185
v 3.153861 0.316974 2.256004
v 3.153861 0.115648 2.256004
v 3.208896 0.115648 2.173185
v 3.259745 0.316974 2.096664
v 3.259745 0.115648 2.096664
v 3.314780 0.316974 2.013844
v 3.314780 0.115648 2.013844
v 2.979878 0.316974 2.476096
v 2.917005 0.316974 2.553130
v 2.917005 0.115648 2.553130
v 2.979878 0.115648 2.476096
v 3.037971 0.316974 2.404920
v 3.037971 0.115648 2.404920
v 3.100844 0.316974 2.327886
v 3.100844 0.115648 2.327886
v 2.722450 0.316974 2.754956
v 2.652336 0.316974 2.825457
v 2.652336 0.115648 2.825457
v 2.722450 0.115648 2.754956
v 2.787236 0.316974 2.689814
v 2.787236 0.115648 2.689814
v 2.857350 0.316974 2.619313
v 2.857350 0.115648 2.619313
v 2.439098 0.316974 3.007083
v 2.362411 0.316974 3.070365
v 2.362411 0.115648 3.070365
v 2.439098 0.115648 3.007082
v 2.509959 0.316974 2.948607
v 2.509960 0.115648 2.948607
v 2.586646 0.316974 2.885325
v 2.586646 0.115648 2.885325
v 2.132553 0.316974 3.230050
v 2.050028 0.316974 3.285496
v 2.050028 0.115648 3.285496
v 2.132553 0.115648 3.230050
v 2.208813 0.316974 3.178813
v 2.208813 0.115648 3.178813
v 2.291339 0.316974 3.123368
v 2.291339 0.115648 3.123368
v 1.805772 0.316974 3.421715
v 1.718201 0.316974 3.468781
v 1.718201 0.115648 3.468781
v 1.805772 0.115648 3.421715
v 1.886698 0.316974 3.378221
v 1.886698 0.115648 3.378221
v 1.974269 0.316974 3.331155
v 1.974269 0.115648 3.331155
v 1.461904 0.316974 3.580239
v 1.370131 0.316974 3.618462
v 1.370131 0.115648 3.618462
v 1.461904 0.115648 3.580239
v 1.546715 0.316974 3.544915
v 1.546715 0.115648 3.544915
v 1.638487 0.316974 3.506692
v 1.638487 0.115648 3.506692
v 1.104259 0.316974 3.704098
v 1.009173 0.316974 3.733102
v 1.009173 0.115648 3.733102
v 1.104259 0.115648 3.704098
v 1.192135 0.316974 3.677294
v 1.192135 0.115648 3.677294
v 1.287222 0.316974 3.648291
v 1.287222 0.115648 3.648291
v 0.736282 0.316974 3.792108
v 0.638804 0.316974 3.811604
v 0.638803 0.115648 3.811604
v 0.736282 0.115648 3.792108
v 0.826371 0.316974 3.774089
v 0.826371 0.115648 3.774089
v 0.923850 0.316974 3.754592
v 0.923850 0.115648 3.754592
v 0.361512 0.316974 3.843423
v 0.262588 0.316974 3.853220
v 0.262589 0.115648 3.853220
v 0.361513 0.115648 3.843424
v 0.452938 0.316974 3.834369
v 0.452937 0.115648 3.834370
v 0.551862 0.316974 3.824572
v 0.551862 0.115648 3.824572
v -0.016444 0.316974 3.857555
v -0.115852 0.316974 3.857555
v -0.115852 0.115648 3.857555
v -0.016444 0.115648 3.857555
v 0.075428 0.316974 3.857555
v 0.075428 0.115648 3.857555
v 0.174836 0.316974 3.857555
v 0.174836 0.115648 3.857555
v -0.393954 0.316974 3.834370
v -0.492878 0.316974 3.824572
v -0.492879 0.115648 3.824572
v -0.393954 0.115648 3.834369
v -0.302529 0.316974 3.843424
v -0.302529 0.115648 3.843423
v -0.203605 0.316974 3.853220
v -0.203605 0.115648 3.853220
v -0.767387 0.316974 3.774089
v -0.864866 0.316974 3.754592
v -0.864866 0.115648 3.754592
v -0.767387 0.115648 3.774089
v -0.677298 0.316974 3.792108
v -0.677298 0.115648 3.792108
v -0.579820 0.316974 3.811604
v -0.579820 0.115648 3.811604
v -1.133152 0.316974 3.677294
v -1.228238 0.316974 3.648291
v -1.228238 0.115648 3.648291
v -1.133152 0.115648 3.677294
v -1.045276 0.316974 3.704098
v -1.045276 0.115648 3.704098
v -0.950189 0.316974 3.733102
v -0.950189 0.115648 3.733102
v -1.487731 0.316974 3.544915
v -1.579504 0.316974 3.506692
v -1.579504 0.115648 3.506692
v -1.487731 0.115648 3.544915
v -1.402920 0.316974 3.580239
v -1.402920 0.115648 3.580238
v -1.311147 0.316974 3.618462
v -1.311147 0.115648 3.618462
v -1.827714 0.316974 3.378221
v -1.915285 0.316974 3.331155
v -1.915285 0.115648 3.331155
v -1.827714 0.115648 3.378221
v -1.746788 0.316974 3.421715
v -1.746788 0.115648 3.421715
v -1.659217 0.316974 3.468781
v -1.659217 0.115648 3.468781
v -2.149829 0.316974 3.178813
v -2.232355 0.316974 3.123368
v -2.232355 0.115648 3.123368
v -2.149829 0.115648 3.178813
v -2.073569 0.316974 3.230050
v -2.073569 0.115648 3.230050
v -1.991044 0.316974 3.285496
v -1.991044 0.115648 3.285496
v -2.450976 0.316974 2.948607
v -2.527663 0.316974 2.885325
v -2.527662 0.115648 2.885325
v -2.450976 0.115648 2.948607
v -2.380114 0.316974 3.007082
v -2.380114 0.115648 3.007083
v -2.303427 0.316974 3.070365
v -2.303427 0.115648 3.070365
v -2.728252 0.316974 2.689814
v -2.798366 0.316974 2.619313
v -2.798366 0.115648 2.619313
v -2.728252 0.115648 2.689814
v -2.663466 0.316974 2.754956
v -2.663466 0.115648 2.754956
v -2.593352 0.316974 2.825457
v -2.593352 0.115648 2.825457
v -2.978987 0.316974 2.404920
v -3.041860 0.316974 2.327886
v -3.041860 0.115648 2.327886
v -2.978987 0.115648 2.404920
v -2.920894 0.316974 2.476096
v -2.920894 0.115648 2.476096
v -2.858021 0.316974 2.553130
v -2.858021 0.115648 2.553130
v -3.200761 0.316974 2.096664
v -3.255796 0.316974 2.013844
v -3.255796 0.115648 2.013844
v -3.200761 0.115648 2.096664
v -3.149912 0.316974 2.173185
v -3.149912 0.115648 2.173185
v -3.094877 0.316974 2.256004
v -3.094877 0.115648 2.256004
v -3.391434 0.316974 1.768013
v -3.438111 0.316974 1.680206
v -3.438111 0.115648 1.680206
v -3.391434 0.115648 1.768013
v -3.348310 0.316974 1.849138
v -3.348310 0.115648 1.849138
v -3.301633 0.316974 1.936945
v -3.301633 0.115648 1.936945
v -3.549165 0.316974 1.422130
v -3.587043 0.316974 1.330181
v -3.587043 0.115648 1.330181
v -3.549165 0.115648 1.422130
v -3.514171 0.316974 1.507080
v -3.514171 0.115648 1.507080
v -3.476293 0.316974 1.599029
v -3.476293 0.115648 1.599029
v -3.672429 0.316974 1.062347
v -3.701152 0.316974 0.967136
v -3.701152 0.115648 0.967136
v -3.672429 0.115648 1.062347
v -3.645893 0.316974 1.150306
v -3.645893 0.115648 1.150306
v -3.617170 0.316974 1.245516
v -3.617170 0.115648 1.245516
v -3.760033 0.316974 0.692129
v -3.779332 0.316974 0.594569
v -3.779332 0.115648 0.594568
v -3.760032 0.115648 0.692128
v -3.742204 0.316974 0.782257
v -3.742203 0.115648 0.782257
v -3.722904 0.316974 0.879817
v -3.722904 0.115648 0.879817
v -3.811129 0.316974 0.315045
v -3.820824 0.316974 0.216066
v -3.820824 0.115648 0.216066
v -3.811129 0.115648 0.315045
v -3.802173 0.316974 0.406482
v -3.802173 0.115648 0.406482
v -3.792478 0.316974 0.505460
v -3.792478 0.115648 0.505460
v -3.825222 0.316974 -0.065270
v -3.825222 0.316974 -0.164722
v -3.825222 0.115648 -0.164722
v -3.825222 0.115648 -0.065270
v -3.825222 0.316974 0.026605
v -3.825222 0.115648 0.026605
v -3.825222 0.316974 0.126057
v -3.825222 0.115648 0.126057
v -3.802173 0.316974 -0.445147
v -3.792478 0.316974 -0.544124
v -3.792478 0.115648 -0.544125
v -3.802173 0.115648 -0.445147
v -3.811129 0.316974 -0.353709
v -3.811129 0.115648 -0.353709
v -3.820824 0.316974 -0.254731
v -3.820824 0.115648 -0.254731
v -3.742203 0.316974 -0.820922
v -3.722904 0.316974 -0.918482
v -3.722904 0.115648 -0.918481
v -3.742204 0.115648 -0.820922
v -3.760032 0.316974 -0.730793
v -3.760033 0.115648 -0.730794
v -3.779332 0.316974 -0.633233
v -3.779332 0.115648 -0.633233
v -3.645893 0.316974 -1.188971
v -3.617170 0.316974 -1.284181
v -3.617170 0.115648 -1.284181
v -3.645893 0.115648 -1.188971
v -3.672429 0.316974 -1.101012
v -3.672429 0.115648 -1.101012
v -3.701152 0.316974 -1.005801
v -3.701152 0.115648 -1.005801
v -3.514171 0.316974 -1.545745
v -3.476293 0.316974 -1.637694
v -3.476293 0.115648 -1.637694
v -3.514171 0.115648 -1.545745
v -3.549165 0.316974 -1.460795
v -3.549165 0.115648 -1.460795
v -3.587043 0.316974 -1.368845
v -3.587043 0.115648 -1.368845
v -3.348310 0.316974 -1.887803
v -3.301633 0.316974 -1.975610
v -3.301633 0.115648 -1.975610
v -3.348310 0.115648 -1.887803
v -3.391434 0.316974 -1.806678
v -3.391434 0.115648 -1.806678
v -3.438111 0.316974 -1.718871
v -3.438111 0.115648 -1.718871
v -3.149912 0.316974 -2.211849
v -3.094877 0.316974 -2.294669
v -3.094877 0.115648 -2.294669
v -3.149912 0.115648 -2.211849
v -3.200761 0.316974 -2.135329
v -3.200761 0.115648 -2.135329
v -3.255796 0.316974 -2.052509
v -3.255796 0.115648 -2.052509
v -2.920894 0.316974 -2.514761
v -2.858021 0.316974 -2.591794
v -2.858021 0.115648 -2.591794
v -2.920894 0.115648 -2.514761
v -2.978987 0.316974 -2.443584
v -2.978987 0.115648 -2.443584
v -3.041860 0.316974 -2.366551
v -3.041860 0.115648 -2.366551
v -2.663466 0.316974 -2.793621
v -2.593352 0.316974 -2.864122
v -2.593352 0.115648 -2.864122
v -2.663466 0.115648 -2.793621
v -2.728252 0.316974 -2.728479
v -2.728252 0.115648 -2.728479
v -2.798366 0.316974 -2.657978
v -2.798366 0.115648 -2.657978
v -2.380114 0.316974 -3.045748
v -2.303427 0.316974 -3.109030
v -2.303427 0.115648 -3.109030
v -2.380114 0.115648 -3.045747
v -2.450976 0.316974 -2.987272
v -2.450976 0.115648 -2.987272
v -2.527662 0.316974 -2.923990
v -2.527663 0.115648 -2.923990
v -2.073569 0.316974 -3.268715
v -1.991044 0.316974 -3.324161
v -1.991044 0.115648 -3.324161
v -2.073569 0.115648 -3.268715
v -2.149829 0.316974 -3.217478
v -2.149829 0.115648 -3.217478
v -2.232355 0.316974 -3.162033
v -2.232355 0.115648 -3.162033
v -1.746788 0.316974 -3.460380
v -1.659217 0.316974 -3.507446
v -1.659217 0.115648 -3.507446
v -1.746788 0.115648 -3.460380
v -1.827714 0.316974 -3.416886
v -1.827714 0.115648 -3.416886
v -1.915285 0.316974 -3.369820
v -1.915285 0.115648 -3.369820
v -1.402920 0.316974 -3.618903
v -1.311147 0.316974 -3.657126
v -1.311147 0.115648 -3.657126
v -1.402920 0.115648 -3.618903
v -1.487731 0.316974 -3.583580
v -1.487731 0.115648 -3.583580
v -1.579504 0.316974 -3.545357
v -1.579504 0.115648 -3.545357
v -1.045276 0.316974 -3.742763
v -0.950189 0.316974 -3.771766
v -0.950189 0.115648 -3.771766
v -1.045276 0.115648 -3.742763
v -1.133152 0.316974 -3.715959
v -1.133152 0.115648 -3.715959
v -1.228238 0.316974 -3.686956
v -1.228238 0.115648 -3.686956
v -0.677298 0.316974 -3.830772
v -0.579820 0.316974 -3.850269
v -0.579820 0.115648 -3.850269
v -0.677298 0.115648 -3.830772
v -0.767387 0.316974 -3.812754
v -0.767387 0.115648 -3.812754
v -0.864866 0.316974 -3.793257
v -0.864866 0.115648 -3.793257
v -0.302529 0.316974 -3.882088
v -0.203605 0.316974 -3.891885
v -0.203605 0.115648 -3.891885
v -0.302529 0.115648 -3.882089
v -0.393954 0.316974 -3.873034
v -0.393954 0.115648 -3.873034
v -0.492879 0.316974 -3.863237
v -0.492878 0.115648 -3.863237
vn -0.0493 -0.0000 -0.9988
vn 0.2442 -0.0000 -0.9697
vn 0.3385 -0.0000 -0.9410
vn 0.4295 -0.0000 -0.9031
vn 0.5162 -0.0000 -0.8565
vn 0.5978 -0.0000 -0.8016
vn 0.6736 -0.0000 -0.7391
vn 0.7428 -0.0000 -0.6695
vn 0.8048 -0.0000 -0.5936
vn 0.8590 -0.0000 -0.5120
vn 0.9049 -0.0000 -0.4256
vn 0.9421 -0.0000 -0.3352
vn 0.9703 -0.0000 -0.2417
vn 0.9893 -0.0000 -0.1459
vn 0.9988 -0.0000 -0.0488
vn 0.9988 -0.0000 0.0488
vn 0.9893 -0.0000 0.1459
vn 0.9703 -0.0000 0.2417
vn 0.9421 -0.0000 0.3352
vn 0.9049 -0.0000 0.4256
vn 0.8590 -0.0000 0.5120
vn 0.8048 -0.0000 0.5936
vn 0.7428 -0.0000 0.6695
vn 0.6736 -0.0000 0.7391
vn 0.5978 -0.0000 0.8016
vn 0.5162 -0.0000 0.8565
vn 0.4295 -0.0000 0.9031
vn 0.3385 -0.0000 0.9410
vn 0.2442 -0.0000 0.9697
vn 0.1475 -0.0000 0.9891
vn 0.0493 -0.0000 0.9988
vn -0.0493 -0.0000 0.9988
vn -0.1475 -0.0000 0.9891
vn -0.2442 -0.0000 0.9697
vn -0.3385 -0.0000 0.9410
vn -0.4295 -0.0000 0.9031
vn -0.5162 -0.0000 0.8565
vn -0.5978 -0.0000 0.8016
vn -0.6736 -0.0000 0.7391
vn -0.7428 -0.0000 0.6695
vn -0.8048 -0.0000 0.5936
vn -0.8590 -0.0000 0.5120
vn -0.9049 -0.0000 0.4256
vn -0.9421 -0.0000 0.3352
vn -0.9703 -0.0000 0.2417
vn -0.9893 -0.0000 0.1459
vn -0.9988 -0.0000 0.0488
vn -0.9988 -0.0000 -0.0488
vn -0.9893 -0.0000 -0.1459
vn -0.9703 -0.0000 -0.2417
vn -0.9421 -0.0000 -0.3352
vn -0.9049 -0.0000 -0.4256
vn -0.8590 -0.0000 -0.5120
vn -0.8048 -0.0000 -0.5936
vn -0.7428 -0.0000 -0.6695
vn -0.6736 -0.0000 -0.7391
vn -0.5978 -0.0000 -0.8016
vn -0.5162 -0.0000 -0.8565
vn -0.4295 -0.0000 -0.9031
vn -0.3385 -0.0000 -0.9410
vn -0.2442 -0.0000 -0.9697
vn -0.1475 -0.0000 -0.9891
vn 0.1475 -0.0000 -0.9891
vn -0.7091 -0.0000 -0.7052
vn 0.0493 -0.0000 -0.9988
vn -0.1544 -0.0000 -0.9880
vn -0.0000 -0.0000 -1.0000
vn 0.0194 -0.9997 -0.0129
vn -0.0215 0.9997 -0.0089
vn 0.0986 -0.0000 -0.9951
vn 0.0194 0.9997 -0.0129
vn 0.9017 -0.0000 0.4323
vn 0.1961 -0.0000 -0.9806
vn -0.7438 -0.0000 0.6684
vn 0.9054 -0.0000 0.4246
vn 0.2918 -0.0000 -0.9565
vn 0.0023 -0.9997 0.0231
vn -0.0223 -0.9997 -0.0067
vn 0.3845 -0.0000 -0.9231
vn -0.7994 -0.0000 0.6007
vn -0.0223 0.9997 -0.0067
vn 0.4734 -0.0000 -0.8808
vn 0.0023 0.9997 0.0231
vn -0.2501 -0.0000 -0.9682
vn 0.5577 -0.0000 -0.8301
vn -0.0408 -0.0000 -0.9992
vn 0.9399 -0.0000 0.3413
vn 0.6365 -0.0000 -0.7713
vn 0.0046 -0.9997 0.0228
vn 0.7090 -0.0000 -0.7052
vn 0.0046 0.9997 0.0228
vn 0.7747 -0.0000 -0.6323
vn 0.8329 -0.0000 -0.5535
vn -0.7364 -0.0000 0.6766
vn 0.8830 -0.0000 -0.4694
vn -0.1384 -0.0000 -0.9904
vn 0.9246 -0.0000 -0.3809
vn 0.0180 -0.9997 -0.0147
vn 0.9574 -0.0000 -0.2888
vn 0.0180 0.9997 -0.0147
vn 0.9810 -0.0000 -0.1941
vn -0.6751 -0.0000 0.7378
vn 0.9426 -0.0000 0.3340
vn 0.9952 -0.0000 -0.0975
vn -0.0228 -0.9997 -0.0045
vn 1.0000 -0.0000 -0.0000
vn -0.0228 0.9997 -0.0045
vn 0.9952 -0.0000 0.0975
vn -0.3433 -0.0000 -0.9392
vn 0.9810 -0.0000 0.1941
vn 0.9690 -0.0000 0.2471
vn 0.9574 -0.0000 0.2888
vn 0.0068 -0.9997 0.0222
vn 0.9246 -0.0000 0.3809
vn 0.0068 0.9997 0.0222
vn 0.8830 -0.0000 0.4694
vn -0.6750 -0.0000 0.7378
vn 0.8329 -0.0000 0.5535
vn -0.6661 -0.0000 0.7458
vn 0.7747 -0.0000 0.6323
vn -0.2347 -0.0000 -0.9721
vn 0.7090 -0.0000 0.7052
vn 0.0165 -0.9997 -0.0164
vn 0.6365 -0.0000 0.7713
vn 0.0165 0.9997 -0.0164
vn 0.5577 -0.0000 0.8301
vn -0.5999 -0.0000 0.8001
vn 0.9708 -0.0000 0.2401
vn 0.4734 -0.0000 0.8808
vn -0.0231 -0.9997 -0.0023
vn 0.3845 -0.0000 0.9231
vn -0.0231 0.9997 -0.0023
vn 0.2918 -0.0000 0.9565
vn -0.4333 -0.0000 -0.9013
vn 0.1961 -0.0000 0.9806
vn 0.9886 -0.0000 0.1505
vn 0.0986 -0.0000 0.9951
vn 0.0089 -0.9997 0.0215
vn -0.0000 -0.0000 1.0000
vn 0.0089 0.9997 0.0215
vn -0.0986 -0.0000 0.9951
vn -0.1961 -0.0000 0.9806
vn -0.5895 -0.0000 0.8078
vn -0.2918 -0.0000 0.9565
vn -0.3289 -0.0000 -0.9444
vn -0.4332 -0.0000 -0.9013
vn -0.3845 -0.0000 0.9231
vn 0.0148 -0.9997 -0.0179
vn -0.4734 -0.0000 0.8808
vn 0.0148 0.9997 -0.0179
vn -0.5577 -0.0000 0.8301
vn -0.5190 -0.0000 0.8547
vn 0.9896 -0.0000 0.1437
vn -0.6365 -0.0000 0.7713
vn -0.0233 -0.9997 -0.0000
vn -0.7090 -0.0000 0.7052
vn -0.0233 0.9997 -0.0000
vn -0.7747 -0.0000 0.6323
vn -0.5190 -0.0000 -0.8547
vn -0.8329 -0.0000 0.5535
vn 0.9986 -0.0000 0.0525
vn -0.8830 -0.0000 0.4694
vn 0.0110 -0.9997 0.0205
vn -0.9246 -0.0000 0.3809
vn 0.0110 0.9997 0.0205
vn -0.9574 -0.0000 0.2888
vn -0.9810 -0.0000 0.1941
vn -0.5072 -0.0000 0.8618
vn -0.9952 -0.0000 0.0975
vn -0.4200 -0.0000 -0.9075
vn -1.0000 -0.0000 -0.0000
vn 0.0130 -0.9997 -0.0193
vn -0.9952 -0.0000 -0.0975
vn 0.0130 0.9997 -0.0193
vn -0.9810 -0.0000 -0.1941
vn -0.4332 -0.0000 0.9013
vn 0.9989 -0.0000 0.0459
vn -0.9574 -0.0000 -0.2888
vn -0.0231 -0.9997 0.0023
vn -0.9246 -0.0000 -0.3809
vn -0.0231 0.9997 0.0023
vn -0.8830 -0.0000 -0.4694
vn -0.5999 -0.0000 -0.8001
vn -0.8329 -0.0000 -0.5535
vn 0.9989 -0.0000 -0.0458
vn -0.7747 -0.0000 -0.6323
vn 0.0130 -0.9997 0.0193
vn -0.7090 -0.0000 -0.7052
vn 0.9989 -0.0000 0.0458
vn 0.0130 0.9997 0.0193
vn -0.6365 -0.0000 -0.7713
vn -0.4333 -0.0000 0.9013
vn -0.5577 -0.0000 -0.8301
vn -0.4200 -0.0000 0.9075
vn -0.4734 -0.0000 -0.8808
vn -0.5072 -0.0000 -0.8618
vn -0.3845 -0.0000 -0.9231
vn 0.0110 -0.9997 -0.0205
vn -0.2918 -0.0000 -0.9565
vn 0.0110 0.9997 -0.0205
vn 0.9989 -0.0000 -0.0459
vn -0.1961 -0.0000 -0.9806
vn -0.3433 -0.0000 0.9392
vn 0.9986 -0.0000 -0.0525
vn -0.0986 -0.0000 -0.9951
vn 0.2917 -0.0000 -0.9565
vn 0.2917 -0.0000 0.9565
vn -0.2917 -0.0000 0.9565
vn -0.2917 -0.0000 -0.9565
vn -0.0215 -0.9997 -0.0089
vn 0.0205 0.9997 -0.0109
vn -0.8055 -0.0000 0.5926
vn 0.8595 -0.0000 0.5111
vn 0.0205 -0.9997 -0.0109
vn 0.0571 -0.0000 -0.9984
vn -0.0000 0.9997 0.0233
vn -0.8548 -0.0000 0.5190
vn -0.0000 -0.9997 0.0233
vn 0.8548 -0.0000 0.5190
vn -0.0205 0.9997 -0.0109
vn -0.0571 -0.0000 -0.9984
vn -0.0205 -0.9997 -0.0109
vn 0.0215 0.9997 -0.0089
vn -0.8595 -0.0000 0.5111
vn 0.8055 -0.0000 0.5926
vn 0.0215 -0.9997 -0.0089
vn 0.1544 -0.0000 -0.9880
vn -0.0023 0.9997 0.0231
vn -0.9017 -0.0000 0.4323
vn -0.0023 -0.9997 0.0231
vn 0.7994 -0.0000 0.6007
vn -0.0194 0.9997 -0.0129
vn 0.0408 -0.0000 -0.9992
vn -0.0194 -0.9997 -0.0129
vn 0.0223 0.9997 -0.0067
vn -0.9054 -0.0000 0.4246
vn 0.7438 -0.0000 0.6684
vn 0.0223 -0.9997 -0.0067
vn 0.2501 -0.0000 -0.9682
vn -0.0046 0.9997 0.0228
vn -0.9399 -0.0000 0.3413
vn -0.0046 -0.9997 0.0228
vn 0.7364 -0.0000 0.6766
vn -0.0180 0.9997 -0.0147
vn 0.1383 -0.0000 -0.9904
vn -0.0180 -0.9997 -0.0147
vn 0.0228 0.9997 -0.0045
vn -0.9426 -0.0000 0.3340
vn 0.6751 -0.0000 0.7378
vn 0.0228 -0.9997 -0.0045
vn 0.3433 -0.0000 -0.9392
vn 0.1384 -0.0000 -0.9904
vn -0.0068 0.9997 0.0222
vn -0.9690 -0.0000 0.2471
vn -0.0068 -0.9997 0.0222
vn 0.6750 -0.0000 0.7378
vn 0.6661 -0.0000 0.7458
vn -0.0165 0.9997 -0.0164
vn 0.2347 -0.0000 -0.9721
vn -0.0165 -0.9997 -0.0164
vn 0.0231 0.9997 -0.0023
vn -0.9708 -0.0000 0.2401
vn 0.5999 -0.0000 0.8001
vn 0.0231 -0.9997 -0.0023
vn 0.4333 -0.0000 -0.9013
vn -0.0089 0.9997 0.0215
vn -0.9886 -0.0000 0.1505
vn -0.0089 -0.9997 0.0215
vn 0.5895 -0.0000 0.8078
vn -0.0148 0.9997 -0.0179
vn 0.3289 -0.0000 -0.9444
vn 0.4332 -0.0000 -0.9013
vn -0.0148 -0.9997 -0.0179
vn 0.0233 0.9997 -0.0000
vn -0.9896 -0.0000 0.1437
vn 0.5190 -0.0000 0.8547
vn 0.0233 -0.9997 -0.0000
vn 0.5190 -0.0000 -0.8547
vn -0.0110 0.9997 0.0205
vn -0.9986 -0.0000 0.0525
vn -0.0110 -0.9997 0.0205
vn 0.5072 -0.0000 0.8618
vn -0.0130 0.9997 -0.0193
vn 0.4200 -0.0000 -0.9075
vn -0.0130 -0.9997 -0.0193
vn 0.0231 0.9997 0.0023
vn -0.9989 -0.0000 0.0459
vn 0.4332 -0.0000 0.9013
vn 0.0231 -0.9997 0.0023
vn 0.5999 -0.0000 -0.8001
vn -0.0130 0.9997 0.0193
vn -0.9989 -0.0000 -0.0458
vn -0.0130 -0.9997 0.0193
vn 0.4333 -0.0000 0.9013
vn -0.9989 -0.0000 0.0458
vn 0.4200 -0.0000 0.9075
vn -0.0110 0.9997 -0.0205
vn 0.5072 -0.0000 -0.8618
vn -0.0110 -0.9997 -0.0205
vn -0.9989 -0.0000 -0.0459
vn 0.0228 0.9997 0.0045
vn -0.9986 -0.0000 -0.0525
vn 0.3433 -0.0000 0.9392
vn 0.0228 -0.9997 0.0045
vn 0.6750 -0.0000 -0.7378
vn -0.0148 0.9997 0.0179
vn -0.9896 -0.0000 -0.1437
vn -0.0148 -0.9997 0.0179
vn 0.3289 -0.0000 0.9444
vn -0.0089 0.9997 -0.0215
vn 0.5895 -0.0000 -0.8078
vn 0.6751 -0.0000 -0.7378
vn -0.0089 -0.9997 -0.0215
vn 0.0223 0.9997 0.0067
vn -0.9886 -0.0000 -0.1505
vn 0.2501 -0.0000 0.9682
vn 0.0223 -0.9997 0.0067
vn 0.7438 -0.0000 -0.6684
vn -0.0165 0.9997 0.0164
vn -0.9708 -0.0000 -0.2401
vn -0.0165 -0.9997 0.0164
vn 0.2347 -0.0000 0.9721
vn -0.0068 0.9997 -0.0222
vn 0.6661 -0.0000 -0.7458
vn -0.0068 -0.9997 -0.0222
vn 0.0215 0.9997 0.0089
vn -0.9690 -0.0000 -0.2471
vn 0.1544 -0.0000 0.9880
vn 0.0215 -0.9997 0.0089
vn 0.8055 -0.0000 -0.5926
vn -0.0180 0.9997 0.0147
vn -0.9426 -0.0000 -0.3340
vn -0.0180 -0.9997 0.0147
vn -0.0000 -0.9997 -0.0233
vn 0.1384 -0.0000 0.9904
vn -0.8548 -0.0000 -0.5190
vn -0.0046 0.9997 -0.0228
vn -0.0000 0.9997 -0.0233
vn 0.7364 -0.0000 -0.6766
vn 0.8548 -0.0000 -0.5190
vn -0.0046 -0.9997 -0.0228
vn 0.0205 0.9997 0.0109
vn -0.9399 -0.0000 -0.3413
vn 0.0571 -0.0000 0.9984
vn 0.0205 -0.9997 0.0109
vn 0.8595 -0.0000 -0.5111
vn -0.0194 0.9997 0.0129
vn -0.9054 -0.0000 -0.4246
vn -0.0194 -0.9997 0.0129
vn 0.0023 0.9997 -0.0231
vn 0.0408 -0.0000 0.9992
vn 0.9017 -0.0000 -0.4323
vn -0.0023 0.9997 -0.0231
vn 0.0023 -0.9997 -0.0231
vn 0.7994 -0.0000 -0.6007
vn -0.7994 -0.0000 -0.6008
vn -0.0023 -0.9997 -0.0231
vn 0.0194 0.9997 0.0129
vn -0.9017 -0.0000 -0.4323
vn -0.0408 -0.0000 0.9992
vn 0.0194 -0.9997 0.0129
vn 0.9054 -0.0000 -0.4246
vn -0.0205 0.9997 0.0109
vn -0.8595 -0.0000 -0.5111
vn -0.7994 -0.0000 -0.6007
vn -0.0205 -0.9997 0.0109
vn 0.0046 0.9997 -0.0228
vn -0.0571 -0.0000 0.9984
vn 0.9399 -0.0000 -0.3413
vn 0.0046 -0.9997 -0.0228
vn -0.7364 -0.0000 -0.6766
vn 0.0180 0.9997 0.0147
vn -0.1383 -0.0000 0.9904
vn 0.0180 -0.9997 0.0147
vn 0.9426 -0.0000 -0.3340
vn -0.0215 0.9997 0.0089
vn -0.8055 -0.0000 -0.5926
vn -0.0215 -0.9997 0.0089
vn -0.1384 -0.0000 0.9904
vn 0.0068 0.9997 -0.0222
vn -0.1544 -0.0000 0.9880
vn 0.9690 -0.0000 -0.2471
vn 0.0068 -0.9997 -0.0222
vn -0.6661 -0.0000 -0.7458
vn 0.0165 0.9997 0.0164
vn -0.2347 -0.0000 0.9721
vn 0.0165 -0.9997 0.0164
vn 0.9708 -0.0000 -0.2401
vn -0.0223 0.9997 0.0067
vn -0.7438 -0.0000 -0.6684
vn -0.0223 -0.9997 0.0067
vn 0.0089 0.9997 -0.0215
vn -0.2501 -0.0000 0.9682
vn 0.9886 -0.0000 -0.1505
vn 0.0089 -0.9997 -0.0215
vn -0.5895 -0.0000 -0.8078
vn 0.0148 0.9997 0.0179
vn -0.3289 -0.0000 0.9444
vn 0.0148 -0.9997 0.0179
vn 0.9896 -0.0000 -0.1437
vn -0.0228 0.9997 0.0045
vn -0.6751 -0.0000 -0.7378
vn -0.0228 -0.9997 0.0045
vn -0.6750 -0.0000 -0.7378
vn -0.0000 -1.0000 -0.0000
vn -0.0000 1.0000 -0.0000
vn 0.0985 -0.0000 0.9951
vn -0.0985 -0.0000 -0.9951
vn 0.0985 -0.0000 -0.9951
vn -0.0985 -0.0000 0.9951
vn -0.7091 -0.0000 0.7052
vn 0.7091 -0.0000 -0.7052
vn 0.7091 -0.0000 0.7052
vt 0.009705 0.500000
vt 0.009705 1.000000
vt 0.005920 1.000000
vt 0.005920 0.500000
vt 0.962832 0.500000
vt 0.962832 1.000000
vt 0.959043 1.000000
vt 0.959043 0.500000
vt 0.947209 0.500000
vt 0.947209 1.000000
vt 0.943416 1.000000
vt 0.943416 0.500000
vt 0.931586 0.500000
vt 0.931586 1.000000
vt 0.927789 1.000000
vt 0.927789 0.500000
vt 0.915964 0.500000
vt 0.915964 1.000000
vt 0.912161 1.000000
vt 0.912161 0.500000
vt 0.900342 0.500000
vt 0.900342 1.000000
vt 0.896533 1.000000
vt 0.896533 0.500000
vt 0.884720 0.500000
vt 0.884720 1.000000
vt 0.880905 1.000000
vt 0.880905 0.500000
vt 0.869098 0.500000
vt 0.869098 1.000000
vt 0.865277 1.000000
vt 0.865277 0.500000
vt 0.853476 0.500000
vt 0.853476 1.000000
vt 0.849649 1.000000
vt 0.849649 0.500000
vt 0.837854 0.500000
vt 0.837854 1.000000
vt 0.834021 1.000000
vt 0.834021 0.500000
vt 0.822232 0.500000
vt 0.822232 1.000000
vt 0.818393 1.000000
vt 0.818393 0.500000
vt 0.806609 0.500000
vt 0.806609 1.000000
vt 0.802766 1.000000
vt 0.802766 0.500000
vt 0.790986 0.500000
vt 0.790986 1.000000
vt 0.787139 1.000000
vt 0.787139 0.500000
vt 0.775362 0.500000
vt 0.775362 1.000000
vt 0.771513 1.000000
vt 0.771513 0.500000
vt 0.759738 0.500000
vt 0.759738 1.000000
vt 0.755887 1.000000
vt 0.755887 0.500000
vt 0.744113 0.500000
vt 0.744113 1.000000
vt 0.740262 1.000000
vt 0.740262 0.500000
vt 0.728487 0.500000
vt 0.728487 1.000000
vt 0.724638 1.000000
vt 0.724638 0.500000
vt 0.712861 0.500000
vt 0.712861 1.000000
vt 0.709014 1.000000
vt 0.709014 0.500000
vt 0.697234 0.500000
vt 0.697234 1.000000
vt 0.693391 1.000000
vt 0.693391 0.500000
vt 0.681607 0.500000
vt 0.681607 1.000000
vt 0.677768 1.000000
vt 0.677768 0.500000
vt 0.665979 0.500000
vt 0.665979 1.000000
vt 0.662146 1.000000
vt 0.662146 0.500000
vt 0.650351 0.500000
vt 0.650351 1.000000
vt 0.646524 1.000000
vt 0.646524 0.500000
vt 0.634723 0.500000
vt 0.634723 1.000000
vt 0.630902 1.000000
vt 0.630902 0.500000
vt 0.619095 0.500000
vt 0.619095 1.000000
vt 0.615280 1.000000
vt 0.615280 0.500000
vt 0.603467 0.500000
vt 0.603467 1.000000
vt 0.599658 1.000000
vt 0.599658 0.500000
vt 0.587839 0.500000
vt 0.587839 1.000000
vt 0.584036 1.000000
vt 0.584036 0.500000
vt 0.572211 0.500000
vt 0.572211 1.000000
vt 0.568414 1.000000
vt 0.568414 0.500000
vt 0.556584 0.500000
vt 0.556584 1.000000
vt 0.552791 1.000000
vt 0.552791 0.500000
vt 0.540957 0.500000
vt 0.540957 1.000000
vt 0.537168 1.000000
vt 0.537168 0.500000
vt 0.525331 0.500000
vt 0.525331 1.000000
vt 0.521544 1.000000
vt 0.521544 0.500000
vt 0.509705 0.500000
vt 0.509705 1.000000
vt 0.505920 1.000000
vt 0.505920 0.500000
vt 0.494080 0.500000
vt 0.494080 1.000000
vt 0.490295 1.000000
vt 0.490295 0.500000
vt 0.478456 0.500000
vt 0.478456 1.000000
vt 0.474669 1.000000
vt 0.474669 0.500000
vt 0.462832 0.500000
vt 0.462832 1.000000
vt 0.459043 1.000000
vt 0.459043 0.500000
vt 0.447209 0.500000
vt 0.447209 1.000000
vt 0.443416 1.000000
vt 0.443416 0.500000
vt 0.431586 0.500000
vt 0.431586 1.000000
vt 0.427789 1.000000
vt 0.427789 0.500000
vt 0.415964 0.500000
vt 0.415964 1.000000
vt 0.412161 1.000000
vt 0.412161 0.500000
vt 0.400342 0.500000
vt 0.400342 1.000000
vt 0.396533 1.000000
vt 0.396533 0.500000
vt 0.384720 0.500000
vt 0.384720 1.000000
vt 0.380905 1.000000
vt 0.380905 0.500000
vt 0.369098 0.500000
vt 0.369098 1.000000
vt 0.365277 1.000000
vt 0.365277 0.500000
vt 0.353476 0.500000
vt 0.353476 1.000000
vt 0.349649 1.000000
vt 0.349649 0.500000
vt 0.337854 0.500000
vt 0.337854 1.000000
vt 0.334021 1.000000
vt 0.334021 0.500000
vt 0.322232 0.500000
vt 0.322232 1.000000
vt 0.318393 1.000000
vt 0.318393 0.500000
vt 0.306609 0.500000
vt 0.306609 1.000000
vt 0.302766 1.000000
vt 0.302766 0.500000
vt 0.290986 0.500000
vt 0.290986 1.000000
vt 0.287139 1.000000
vt 0.287139 0.500000
vt 0.275362 0.500000
vt 0.275362 1.000000
vt 0.271513 1.000000
vt 0.271513 0.500000
vt 0.259738 0.500000
vt 0.259738 1.000000
vt 0.255887 1.000000
vt 0.255887 0.500000
vt 0.244113 0.500000
vt 0.244113 1.000000
vt 0.240262 1.000000
vt 0.240262 0.500000
vt 0.228487 0.500000
vt 0.228487 1.000000
vt 0.224638 1.000000
vt 0.224638 0.500000
vt 0.212861 0.500000
vt 0.212861 1.000000
vt 0.209014 1.000000
vt 0.209014 0.500000
vt 0.197234 0.500000
vt 0.197234 1.000000
vt 0.193391 1.000000
vt 0.193391 0.500000
vt 0.181607 0.500000
vt 0.181607 1.000000
vt 0.177768 1.000000
vt 0.177768 0.500000
vt 0.165979 0.500000
vt 0.165979 1.000000
vt 0.162146 1.000000
vt 0.162146 0.500000
vt 0.150351 0.500000
vt 0.150351 1.000000
vt 0.146524 1.000000
vt 0.146524 0.500000
vt 0.134723 0.500000
vt 0.134723 1.000000
vt 0.130902 1.000000
vt 0.130902 0.500000
vt 0.119095 0.500000
vt 0.119095 1.000000
vt 0.115280 1.000000
vt 0.115280 0.500000
vt 0.103467 0.500000
vt 0.103467 1.000000
vt 0.099658 1.000000
vt 0.099658 0.500000
vt 0.087839 0.500000
vt 0.087839 1.000000
vt 0.084036 1.000000
vt 0.084036 0.500000
vt 0.072211 0.500000
vt 0.072211 1.000000
vt 0.068414 1.000000
vt 0.068414 0.500000
vt 0.056584 0.500000
vt 0.056584 1.000000
vt 0.052791 1.000000
vt 0.052791 0.500000
vt 0.040957 0.500000
vt 0.040957 1.000000
vt 0.037168 1.000000
vt 0.037168 0.500000
vt 0.025331 0.500000
vt 0.025331 1.000000
vt 0.021544 1.000000
vt 0.021544 0.500000
vt 0.978456 0.500000
vt 0.978456 1.000000
vt 0.974669 1.000000
vt 0.974669 0.500000
vt 0.414780 0.089016
vt 0.418970 0.093205
vt 0.994080 0.500000
vt 0.994080 1.000000
vt 0.990295 1.000000
vt 0.990295 0.500000
vt 0.001833 0.500000
vt 0.001833 1.000000
vt 0.000000 1.000000
vt 0.000000 0.500000
vt 0.947670 0.385370
vt 0.944256 0.390479
vt 0.029718 0.344203
vt 0.032067 0.349874
vt 0.982542 1.000000
vt 0.982542 0.500000
vt 0.986208 0.500000
vt 0.986208 1.000000
vt 0.444256 0.390479
vt 0.447670 0.385370
vt 0.513792 0.500000
vt 0.513792 1.000000
vt 0.966918 1.000000
vt 0.966918 0.500000
vt 0.970583 0.500000
vt 0.970583 1.000000
vt 0.845576 1.000000
vt 0.845576 0.500000
vt 0.951293 1.000000
vt 0.951293 0.500000
vt 0.954957 0.500000
vt 0.954957 1.000000
vt 0.764611 0.010718
vt 0.770749 0.011322
vt 0.519959 0.316930
vt 0.518177 0.311057
vt 0.935669 1.000000
vt 0.935669 0.500000
vt 0.939332 0.500000
vt 0.939332 1.000000
vt 0.018177 0.311057
vt 0.019959 0.316930
vt 0.920045 1.000000
vt 0.920045 0.500000
vt 0.923706 0.500000
vt 0.923706 1.000000
vt 0.270749 0.011322
vt 0.264611 0.010718
vt 0.204948 1.000000
vt 0.204948 0.500000
vt 0.904421 1.000000
vt 0.904421 0.500000
vt 0.908080 0.500000
vt 0.908080 1.000000
vt 0.841925 0.500000
vt 0.841925 1.000000
vt 0.888797 1.000000
vt 0.888797 0.500000
vt 0.892454 0.500000
vt 0.892454 1.000000
vt 0.954122 0.375714
vt 0.950708 0.380823
vt 0.799427 0.015576
vt 0.805475 0.016779
vt 0.873173 1.000000
vt 0.873173 0.500000
vt 0.876828 0.500000
vt 0.876828 1.000000
vt 0.305475 0.016779
vt 0.299427 0.015576
vt 0.857549 1.000000
vt 0.857549 0.500000
vt 0.861202 0.500000
vt 0.861202 1.000000
vt 0.201301 0.500000
vt 0.201301 1.000000
vt 0.450708 0.380823
vt 0.454122 0.375714
vt 0.533082 1.000000
vt 0.533082 0.500000
vt 0.523326 0.328029
vt 0.521544 0.322157
vt 0.826300 1.000000
vt 0.826300 0.500000
vt 0.829951 0.500000
vt 0.829951 1.000000
vt 0.810676 1.000000
vt 0.810676 0.500000
vt 0.814325 0.500000
vt 0.814325 1.000000
vt 0.933448 0.404094
vt 0.929548 0.408846
vt 0.021544 0.322157
vt 0.023326 0.328029
vt 0.795052 1.000000
vt 0.795052 0.500000
vt 0.798699 0.500000
vt 0.798699 1.000000
vt 0.429548 0.408846
vt 0.433448 0.404094
vt 0.529417 0.500000
vt 0.529417 1.000000
vt 0.779427 1.000000
vt 0.779427 0.500000
vt 0.783073 0.500000
vt 0.783073 1.000000
vt 0.763802 1.000000
vt 0.763802 0.500000
vt 0.767448 0.500000
vt 0.767448 1.000000
vt 0.787996 0.013302
vt 0.794044 0.014505
vt 0.514506 0.294060
vt 0.513309 0.288042
vt 0.748177 1.000000
vt 0.748177 0.500000
vt 0.751823 0.500000
vt 0.751823 1.000000
vt 0.013309 0.288042
vt 0.014506 0.294060
vt 0.732552 1.000000
vt 0.732552 0.500000
vt 0.736198 0.500000
vt 0.736198 1.000000
vt 0.294044 0.014505
vt 0.287996 0.013302
vt 0.220573 1.000000
vt 0.220573 0.500000
vt 0.716927 1.000000
vt 0.716927 0.500000
vt 0.720573 0.500000
vt 0.720573 1.000000
vt 0.701301 1.000000
vt 0.701301 0.500000
vt 0.704948 0.500000
vt 0.704948 1.000000
vt 0.940819 0.395113
vt 0.936919 0.399865
vt 0.822165 0.021549
vt 0.828065 0.023339
vt 0.685675 1.000000
vt 0.685675 0.500000
vt 0.689324 0.500000
vt 0.689324 1.000000
vt 0.328065 0.023339
vt 0.322165 0.021549
vt 0.670050 1.000000
vt 0.670049 0.500000
vt 0.673700 0.500000
vt 0.673700 1.000000
vt 0.216927 0.500000
vt 0.216927 1.000000
vt 0.436919 0.399865
vt 0.440819 0.395113
vt 0.654424 1.000000
vt 0.654424 0.500000
vt 0.658076 0.500000
vt 0.658076 1.000000
vt 0.548707 1.000000
vt 0.548707 0.500000
vt 0.516769 0.305433
vt 0.515572 0.299415
vt 0.638798 1.000000
vt 0.638798 0.500000
vt 0.642451 0.500000
vt 0.642451 1.000000
vt 0.623172 1.000000
vt 0.623172 0.500000
vt 0.626827 0.500000
vt 0.626827 1.000000
vt 0.917460 0.421334
vt 0.913110 0.425683
vt 0.015572 0.299415
vt 0.016769 0.305433
vt 0.607546 1.000000
vt 0.607546 0.500000
vt 0.611203 0.500000
vt 0.611203 1.000000
vt 0.413110 0.425683
vt 0.417460 0.421334
vt 0.545043 0.500000
vt 0.545043 1.000000
vt 0.591920 1.000000
vt 0.591920 0.500000
vt 0.595579 0.500000
vt 0.595579 1.000000
vt 0.576294 1.000000
vt 0.576294 0.500000
vt 0.579955 0.500000
vt 0.579955 1.000000
vt 0.811015 0.018167
vt 0.816914 0.019956
vt 0.511322 0.270765
vt 0.510720 0.264660
vt 0.560668 1.000000
vt 0.560668 0.500000
vt 0.564331 0.500000
vt 0.564331 1.000000
vt 0.010720 0.264660
vt 0.011322 0.270765
vt 0.316915 0.019956
vt 0.311015 0.018167
vt 0.236198 1.000000
vt 0.236198 0.500000
vt 0.517458 0.500000
vt 0.517458 1.000000
vt 0.925680 0.413114
vt 0.921331 0.417463
vt 0.844209 0.029722
vt 0.849903 0.032080
vt 0.498167 1.000000
vt 0.498167 0.500000
vt 0.501833 0.500000
vt 0.501833 1.000000
vt 0.349903 0.032080
vt 0.344209 0.029722
vt 0.482542 1.000000
vt 0.482542 0.500000
vt 0.486208 0.500000
vt 0.486208 1.000000
vt 0.232552 0.500000
vt 0.232552 1.000000
vt 0.421331 0.417463
vt 0.425680 0.413114
vt 0.466917 1.000000
vt 0.466917 0.500000
vt 0.470583 0.500000
vt 0.470583 1.000000
vt 0.512458 0.282303
vt 0.511857 0.276199
vt 0.451293 1.000000
vt 0.451293 0.500000
vt 0.454957 0.500000
vt 0.454957 1.000000
vt 0.435669 1.000000
vt 0.435669 0.500000
vt 0.439332 0.500000
vt 0.439332 1.000000
vt 0.899858 0.436924
vt 0.895101 0.440828
vt 0.011857 0.276199
vt 0.012458 0.282303
vt 0.420045 1.000000
vt 0.420045 0.500000
vt 0.423706 0.500000
vt 0.423706 1.000000
vt 0.395101 0.440828
vt 0.399858 0.436924
vt 0.404421 1.000000
vt 0.404421 0.500000
vt 0.408080 0.500000
vt 0.408080 1.000000
vt 0.388797 1.000000
vt 0.388797 0.500000
vt 0.392454 0.500000
vt 0.392454 1.000000
vt 0.833447 0.025265
vt 0.839141 0.027623
vt 0.510435 0.247270
vt 0.510435 0.241136
vt 0.373173 1.000000
vt 0.373173 0.500000
vt 0.376828 0.500000
vt 0.376828 1.000000
vt 0.010435 0.241136
vt 0.010435 0.247270
vt 0.357549 1.000000
vt 0.357549 0.500000
vt 0.361202 0.500000
vt 0.361202 1.000000
vt 0.339141 0.027623
vt 0.333447 0.025265
vt 0.251823 1.000000
vt 0.251823 0.500000
vt 0.341924 1.000000
vt 0.341924 0.500000
vt 0.345576 0.500000
vt 0.345576 1.000000
vt 0.326300 1.000000
vt 0.326300 0.500000
vt 0.329950 0.500000
vt 0.329951 1.000000
vt 0.908850 0.429545
vt 0.904093 0.433449
vt 0.865345 0.040016
vt 0.870778 0.042920
vt 0.310676 1.000000
vt 0.310676 0.500000
vt 0.314325 0.500000
vt 0.314325 1.000000
vt 0.370778 0.042920
vt 0.365345 0.040016
vt 0.295052 1.000000
vt 0.295052 0.500000
vt 0.298699 0.500000
vt 0.298699 1.000000
vt 0.248177 0.500000
vt 0.248177 1.000000
vt 0.404092 0.433449
vt 0.408850 0.429545
vt 0.279427 1.000000
vt 0.279427 0.500000
vt 0.283073 0.500000
vt 0.283073 1.000000
vt 0.510435 0.258864
vt 0.510435 0.252730
vt 0.263802 1.000000
vt 0.263802 0.500000
vt 0.267448 0.500000
vt 0.267448 1.000000
vt 0.880814 0.450713
vt 0.875694 0.454134
vt 0.010435 0.252730
vt 0.010435 0.258864
vt 0.375694 0.454134
vt 0.380814 0.450713
vt 0.855077 0.034528
vt 0.860510 0.037431
vt 0.511857 0.223801
vt 0.512458 0.217697
vt 0.185675 1.000000
vt 0.185675 0.500000
vt 0.189324 0.500000
vt 0.189324 1.000000
vt 0.012458 0.217697
vt 0.011857 0.223801
vt 0.170050 1.000000
vt 0.170050 0.500000
vt 0.173700 0.500000
vt 0.173700 1.000000
vt 0.360510 0.037431
vt 0.355077 0.034528
vt 0.154424 1.000000
vt 0.154424 0.500000
vt 0.158075 0.500000
vt 0.158075 1.000000
vt 0.138798 1.000000
vt 0.138798 0.500000
vt 0.142451 0.500000
vt 0.142451 1.000000
vt 0.890490 0.444247
vt 0.885370 0.447668
vt 0.885370 0.052332
vt 0.890490 0.055753
vt 0.123172 1.000000
vt 0.123172 0.500000
vt 0.126827 0.500000
vt 0.126827 1.000000
vt 0.390490 0.055753
vt 0.385370 0.052332
vt 0.107546 1.000000
vt 0.107546 0.500000
vt 0.111203 0.500000
vt 0.111203 1.000000
vt 0.385370 0.447668
vt 0.390490 0.444247
vt 0.091920 1.000000
vt 0.091920 0.500000
vt 0.095579 0.500000
vt 0.095579 1.000000
vt 0.510720 0.235340
vt 0.511321 0.229235
vt 0.076294 1.000000
vt 0.076294 0.500000
vt 0.079955 0.500000
vt 0.079955 1.000000
vt 0.060668 1.000000
vt 0.060668 0.500000
vt 0.064331 0.500000
vt 0.064331 1.000000
vt 0.860510 0.462569
vt 0.855077 0.465472
vt 0.011322 0.229235
vt 0.010720 0.235340
vt 0.045043 1.000000
vt 0.045043 0.500000
vt 0.048707 0.500000
vt 0.048707 1.000000
vt 0.355077 0.465472
vt 0.360510 0.462569
vt 0.029417 1.000000
vt 0.029417 0.500000
vt 0.033083 0.500000
vt 0.033083 1.000000
vt 0.013792 1.000000
vt 0.013792 0.500000
vt 0.017458 0.500000
vt 0.017458 1.000000
vt 0.875694 0.045866
vt 0.880814 0.049287
vt 0.149097 0.457272
vt 0.143864 0.454475
vt 1.000000 0.500000
vt 1.000000 1.000000
vt 0.532067 0.349874
vt 0.529718 0.344203
vt 0.462564 0.360521
vt 0.465459 0.355105
vt 0.282350 0.012465
vt 0.276212 0.011860
vt 0.776212 0.011860
vt 0.782350 0.012465
vt 0.965459 0.355105
vt 0.962564 0.360521
vt 0.247255 0.010438
vt 0.241087 0.010438
vt 0.025277 0.333483
vt 0.027627 0.339155
vt 0.527627 0.339155
vt 0.525277 0.333483
vt 0.741087 0.010438
vt 0.747255 0.010438
vt 0.457092 0.370758
vt 0.459987 0.365342
vt 0.040013 0.365342
vt 0.042908 0.370758
vt 0.959987 0.365342
vt 0.957092 0.370758
vt 0.542908 0.370758
vt 0.540013 0.365342
vt 0.472373 0.339155
vt 0.474723 0.333483
vt 0.258913 0.010438
vt 0.252745 0.010438
vt 0.752745 0.010438
vt 0.758913 0.010438
vt 0.974723 0.333483
vt 0.972373 0.339155
vt 0.223788 0.011860
vt 0.217650 0.012465
vt 0.034541 0.355105
vt 0.037436 0.360521
vt 0.537436 0.360521
vt 0.534541 0.355105
vt 0.717650 0.012465
vt 0.723788 0.011860
vt 0.467933 0.349874
vt 0.470282 0.344203
vt 0.052330 0.385370
vt 0.055744 0.390479
vt 0.970283 0.344203
vt 0.967933 0.349874
vt 0.555744 0.390479
vt 0.552330 0.385370
vt 0.480041 0.316930
vt 0.481823 0.311057
vt 0.235389 0.010718
vt 0.229251 0.011322
vt 0.729251 0.011322
vt 0.735389 0.010718
vt 0.981823 0.311057
vt 0.980041 0.316930
vt 0.200573 0.015576
vt 0.194525 0.016779
vt 0.045878 0.375714
vt 0.049292 0.380823
vt 0.549292 0.380823
vt 0.545878 0.375714
vt 0.694525 0.016779
vt 0.700573 0.015576
vt 0.476674 0.328029
vt 0.478456 0.322157
vt 0.066552 0.404094
vt 0.070452 0.408846
vt 0.978455 0.322157
vt 0.976674 0.328029
vt 0.570452 0.408846
vt 0.566552 0.404094
vt 0.485494 0.294060
vt 0.486691 0.288042
vt 0.212004 0.013302
vt 0.205956 0.014505
vt 0.705956 0.014505
vt 0.712004 0.013302
vt 0.986691 0.288042
vt 0.985494 0.294060
vt 0.177835 0.021549
vt 0.171935 0.023339
vt 0.059181 0.395113
vt 0.063081 0.399865
vt 0.563081 0.399865
vt 0.559181 0.395113
vt 0.671935 0.023339
vt 0.677835 0.021549
vt 0.483231 0.305433
vt 0.484428 0.299415
vt 0.082540 0.421334
vt 0.086890 0.425683
vt 0.984428 0.299415
vt 0.983231 0.305433
vt 0.586890 0.425683
vt 0.582540 0.421334
vt 0.488679 0.270765
vt 0.489280 0.264660
vt 0.188985 0.018167
vt 0.183085 0.019956
vt 0.683086 0.019956
vt 0.688985 0.018167
vt 0.989280 0.264660
vt 0.988678 0.270765
vt 0.155791 0.029722
vt 0.150097 0.032080
vt 0.074320 0.413114
vt 0.078669 0.417463
vt 0.578669 0.417463
vt 0.574320 0.413114
vt 0.650097 0.032080
vt 0.655791 0.029722
vt 0.487542 0.282303
vt 0.488143 0.276199
vt 0.100142 0.436924
vt 0.104899 0.440828
vt 0.988143 0.276199
vt 0.987542 0.282303
vt 0.604899 0.440828
vt 0.600142 0.436924
vt 0.489564 0.247270
vt 0.489565 0.241136
vt 0.166553 0.025265
vt 0.160859 0.027623
vt 0.660859 0.027623
vt 0.666553 0.025265
vt 0.989564 0.241136
vt 0.989565 0.247270
vt 0.134655 0.040016
vt 0.129222 0.042920
vt 0.091150 0.429545
vt 0.095908 0.433449
vt 0.595908 0.433449
vt 0.591150 0.429545
vt 0.629222 0.042920
vt 0.634655 0.040016
vt 0.489565 0.258864
vt 0.489564 0.252730
vt 0.119186 0.450713
vt 0.124306 0.454134
vt 0.989564 0.252730
vt 0.989565 0.258864
vt 0.624306 0.454134
vt 0.619186 0.450713
vt 0.488143 0.223801
vt 0.487542 0.217697
vt 0.144923 0.034528
vt 0.139490 0.037431
vt 0.639490 0.037431
vt 0.644923 0.034528
vt 0.987542 0.217697
vt 0.988143 0.223801
vt 0.114629 0.052332
vt 0.109510 0.055753
vt 0.109510 0.444247
vt 0.114629 0.447668
vt 0.614630 0.447668
vt 0.609510 0.444247
vt 0.609510 0.055753
vt 0.614630 0.052332
vt 0.489280 0.235340
vt 0.488678 0.229235
vt 0.139490 0.462569
vt 0.144923 0.465472
vt 0.988678 0.229235
vt 0.989280 0.235340
vt 0.644923 0.465472
vt 0.639490 0.462569
vt 0.484428 0.200585
vt 0.483231 0.194567
vt 0.124306 0.045866
vt 0.119186 0.049287
vt 0.619186 0.049287
vt 0.624306 0.045866
vt 0.983231 0.194567
vt 0.984428 0.200584
vt 0.095908 0.066551
vt 0.091150 0.070455
vt 0.129222 0.457080
vt 0.134655 0.459984
vt 0.634655 0.459984
vt 0.629222 0.457080
vt 0.591150 0.070455
vt 0.595908 0.066551
vt 0.486691 0.211958
vt 0.485494 0.205940
vt 0.160859 0.472377
vt 0.166553 0.474735
vt 0.985494 0.205940
vt 0.986691 0.211958
vt 0.666553 0.474735
vt 0.660859 0.472377
vt 0.478456 0.177843
vt 0.476674 0.171971
vt 0.104899 0.059172
vt 0.100142 0.063076
vt 0.600142 0.063076
vt 0.604899 0.059172
vt 0.976674 0.171971
vt 0.978456 0.177844
vt 0.078669 0.082537
vt 0.074320 0.086886
vt 0.150097 0.467920
vt 0.155791 0.470278
vt 0.655791 0.470278
vt 0.650097 0.467920
vt 0.574320 0.086886
vt 0.578669 0.082537
vt 0.481823 0.188943
vt 0.480041 0.183070
vt 0.183085 0.480044
vt 0.188985 0.481833
vt 0.980041 0.183070
vt 0.981823 0.188943
vt 0.688985 0.481833
vt 0.683085 0.480044
vt 0.470282 0.155797
vt 0.467933 0.150126
vt 0.086890 0.074317
vt 0.082540 0.078666
vt 0.582540 0.078666
vt 0.586890 0.074317
vt 0.967933 0.150126
vt 0.970283 0.155797
vt 0.063081 0.100135
vt 0.059181 0.104887
vt 0.171935 0.476661
vt 0.177835 0.478451
vt 0.677835 0.478451
vt 0.671935 0.476661
vt 0.559181 0.104887
vt 0.563081 0.100135
vt 0.747255 0.489562
vt 0.741087 0.489562
vt 0.474723 0.166517
vt 0.472373 0.160845
vt 0.205956 0.485495
vt 0.212004 0.486698
vt 0.972373 0.160845
vt 0.974723 0.166517
vt 0.241087 0.489562
vt 0.247255 0.489562
vt 0.712004 0.486698
vt 0.705956 0.485495
vt 0.459987 0.134658
vt 0.457092 0.129242
vt 0.070452 0.091154
vt 0.066552 0.095906
vt 0.566552 0.095906
vt 0.570452 0.091154
vt 0.957092 0.129242
vt 0.959987 0.134658
vt 0.758913 0.489562
vt 0.752745 0.489562
vt 0.049292 0.119177
vt 0.045878 0.124286
vt 0.252745 0.489562
vt 0.258913 0.489562
vt 0.194525 0.483221
vt 0.200573 0.484424
vt 0.700573 0.484424
vt 0.694525 0.483221
vt 0.545878 0.124286
vt 0.549292 0.119177
vt 0.276212 0.488140
vt 0.282350 0.487535
vt 0.465459 0.144895
vt 0.462564 0.139479
vt 0.229251 0.488678
vt 0.235389 0.489282
vt 0.962564 0.139479
vt 0.965459 0.144895
vt 0.782350 0.487535
vt 0.776212 0.488140
vt 0.735389 0.489282
vt 0.729251 0.488678
vt 0.447670 0.114630
vt 0.444256 0.109521
vt 0.055744 0.109521
vt 0.052330 0.114630
vt 0.552330 0.114630
vt 0.555744 0.109521
vt 0.944256 0.109521
vt 0.947670 0.114630
vt 0.264611 0.489282
vt 0.270749 0.488678
vt 0.037436 0.139479
vt 0.034541 0.144895
vt 0.770749 0.488678
vt 0.764611 0.489282
vt 0.217650 0.487535
vt 0.223788 0.488140
vt 0.723788 0.488140
vt 0.717650 0.487535
vt 0.534541 0.144895
vt 0.537436 0.139479
vt 0.299427 0.484424
vt 0.305475 0.483221
vt 0.454122 0.124286
vt 0.450708 0.119177
vt 0.950708 0.119177
vt 0.954122 0.124286
vt 0.805475 0.483221
vt 0.799427 0.484424
vt 0.433448 0.095906
vt 0.429548 0.091154
vt 0.042908 0.129242
vt 0.040013 0.134658
vt 0.540013 0.134658
vt 0.542908 0.129242
vt 0.929548 0.091154
vt 0.933448 0.095906
vt 0.287996 0.486698
vt 0.294044 0.485495
vt 0.027627 0.160845
vt 0.025277 0.166517
vt 0.794044 0.485495
vt 0.787996 0.486698
vt 0.525277 0.166517
vt 0.527627 0.160845
vt 0.322165 0.478451
vt 0.328065 0.476661
vt 0.440819 0.104887
vt 0.436919 0.100135
vt 0.936919 0.100135
vt 0.940819 0.104887
vt 0.828065 0.476661
vt 0.822165 0.478451
vt 0.417460 0.078666
vt 0.413110 0.074317
vt 0.032067 0.150126
vt 0.029718 0.155797
vt 0.529718 0.155797
vt 0.532067 0.150126
vt 0.913110 0.074317
vt 0.917460 0.078666
vt 0.311015 0.481833
vt 0.316915 0.480044
vt 0.019959 0.183070
vt 0.018177 0.188943
vt 0.816915 0.480044
vt 0.811015 0.481833
vt 0.518177 0.188943
vt 0.519959 0.183070
vt 0.344209 0.470278
vt 0.349903 0.467920
vt 0.425680 0.086886
vt 0.421331 0.082537
vt 0.921331 0.082537
vt 0.925680 0.086886
vt 0.849903 0.467920
vt 0.844209 0.470278
vt 0.399858 0.063076
vt 0.395101 0.059172
vt 0.023326 0.171971
vt 0.021544 0.177844
vt 0.521545 0.177843
vt 0.523326 0.171971
vt 0.895101 0.059172
vt 0.899858 0.063076
vt 0.333447 0.474735
vt 0.339141 0.472377
vt 0.014506 0.205940
vt 0.013309 0.211958
vt 0.839141 0.472377
vt 0.833447 0.474735
vt 0.513309 0.211958
vt 0.514506 0.205940
vt 0.365345 0.459984
vt 0.370778 0.457080
vt 0.408850 0.070455
vt 0.404093 0.066551
vt 0.904093 0.066551
vt 0.908850 0.070455
vt 0.870778 0.457080
vt 0.865346 0.459984
vt 0.380814 0.049287
vt 0.375694 0.045866
vt 0.016769 0.194567
vt 0.015572 0.200584
vt 0.515572 0.200585
vt 0.516769 0.194567
vt 0.747255 0.480374
vt 0.741315 0.480374
vt 0.241315 0.480374
vt 0.247255 0.480374
vt 0.752744 0.480374
vt 0.252745 0.480374
vt 0.758685 0.480374
vt 0.258685 0.480374
vt 0.275301 0.478996
vt 0.281213 0.478414
vt 0.781213 0.478415
vt 0.775301 0.478996
vt 0.269839 0.479535
vt 0.769839 0.479535
vt 0.263928 0.480117
vt 0.763928 0.480117
vt 0.297615 0.475415
vt 0.303439 0.474256
vt 0.803439 0.474256
vt 0.797614 0.475414
vt 0.292232 0.476485
vt 0.792232 0.476485
vt 0.286407 0.477644
vt 0.786407 0.477644
vt 0.319470 0.469663
vt 0.325152 0.467939
vt 0.825152 0.467939
vt 0.819470 0.469663
vt 0.314219 0.471256
vt 0.814219 0.471255
vt 0.308538 0.472979
vt 0.808538 0.472979
vt 0.340657 0.461796
vt 0.346140 0.459525
vt 0.846141 0.459525
vt 0.840657 0.461797
vt 0.335589 0.463896
vt 0.835589 0.463895
vt 0.330105 0.466167
vt 0.830106 0.466167
vt 0.360971 0.451891
vt 0.366204 0.449094
vt 0.866204 0.449094
vt 0.860971 0.451891
vt 0.356136 0.454476
vt 0.856136 0.454476
vt 0.350903 0.457272
vt 0.850904 0.457272
vt 0.380218 0.440042
vt 0.385149 0.436747
vt 0.885149 0.436747
vt 0.880218 0.440042
vt 0.375662 0.443086
vt 0.875662 0.443087
vt 0.370731 0.446381
vt 0.870730 0.446381
vt 0.398212 0.426362
vt 0.402794 0.422602
vt 0.902794 0.422602
vt 0.898213 0.426363
vt 0.393978 0.429837
vt 0.893979 0.429837
vt 0.389396 0.433598
vt 0.889396 0.433598
vt 0.414780 0.410984
vt 0.418970 0.406795
vt 0.918969 0.406795
vt 0.914780 0.410984
vt 0.410909 0.414855
vt 0.910909 0.414855
vt 0.406720 0.419045
vt 0.906720 0.419045
vt 0.429762 0.394055
vt 0.433519 0.389477
vt 0.933519 0.389478
vt 0.929761 0.394055
vt 0.426291 0.398285
vt 0.926291 0.398285
vt 0.422534 0.402862
vt 0.922534 0.402862
vt 0.443013 0.375738
vt 0.446302 0.370817
vt 0.946302 0.370816
vt 0.943013 0.375738
vt 0.439975 0.380285
vt 0.939975 0.380285
vt 0.436686 0.385206
vt 0.936686 0.385206
vt 0.454406 0.356209
vt 0.457195 0.350991
vt 0.957195 0.350991
vt 0.954407 0.356209
vt 0.451830 0.361029
vt 0.951830 0.361029
vt 0.449041 0.366247
vt 0.949040 0.366247
vt 0.463831 0.335655
vt 0.466094 0.330192
vt 0.966094 0.330192
vt 0.963831 0.335655
vt 0.461740 0.340703
vt 0.961741 0.340703
vt 0.459477 0.346167
vt 0.959477 0.346167
vt 0.471196 0.314276
vt 0.472912 0.308618
vt 0.972912 0.308619
vt 0.971196 0.314276
vt 0.469611 0.319503
vt 0.969611 0.319503
vt 0.467894 0.325160
vt 0.967894 0.325161
vt 0.476431 0.292277
vt 0.477584 0.286479
vt 0.977584 0.286479
vt 0.976430 0.292277
vt 0.475365 0.297632
vt 0.975365 0.297632
vt 0.474212 0.303430
vt 0.974212 0.303430
vt 0.479484 0.269870
vt 0.480063 0.263988
vt 0.980063 0.263988
vt 0.979484 0.269870
vt 0.478949 0.275303
vt 0.978949 0.275303
vt 0.478369 0.281184
vt 0.978370 0.281185
vt 0.480326 0.247270
vt 0.480326 0.241361
vt 0.980326 0.241361
vt 0.980325 0.247270
vt 0.480326 0.252730
vt 0.980325 0.252730
vt 0.480326 0.258639
vt 0.980326 0.258639
vt 0.478949 0.224697
vt 0.478369 0.218816
vt 0.978369 0.218816
vt 0.978949 0.224697
vt 0.479484 0.230131
vt 0.979483 0.230130
vt 0.480063 0.236012
vt 0.980063 0.236012
vt 0.475365 0.202367
vt 0.474212 0.196570
vt 0.974212 0.196570
vt 0.975366 0.202368
vt 0.476431 0.207723
vt 0.976430 0.207723
vt 0.477584 0.213520
vt 0.977583 0.213520
vt 0.469611 0.180497
vt 0.467894 0.174839
vt 0.967894 0.174839
vt 0.969611 0.180497
vt 0.471196 0.185724
vt 0.971196 0.185724
vt 0.472912 0.191382
vt 0.972912 0.191381
vt 0.461740 0.159297
vt 0.459477 0.153833
vt 0.959476 0.153833
vt 0.961740 0.159297
vt 0.463831 0.164345
vt 0.963831 0.164345
vt 0.466094 0.169809
vt 0.966094 0.169808
vt 0.451830 0.138971
vt 0.449041 0.133753
vt 0.949041 0.133753
vt 0.951830 0.138971
vt 0.454406 0.143791
vt 0.954406 0.143792
vt 0.457195 0.149009
vt 0.957195 0.149009
vt 0.439975 0.119715
vt 0.436687 0.114794
vt 0.936686 0.114794
vt 0.939975 0.119715
vt 0.443013 0.124262
vt 0.943014 0.124262
vt 0.446302 0.129184
vt 0.946302 0.129184
vt 0.426291 0.101715
vt 0.422534 0.097138
vt 0.922534 0.097138
vt 0.926290 0.101715
vt 0.429762 0.105945
vt 0.929761 0.105945
vt 0.433519 0.110522
vt 0.933519 0.110522
vt 0.410909 0.085145
vt 0.406720 0.080956
vt 0.906720 0.080956
vt 0.910909 0.085145
vt 0.914780 0.089016
vt 0.918970 0.093205
vt 0.393978 0.070163
vt 0.389396 0.066402
vt 0.889396 0.066402
vt 0.893979 0.070163
vt 0.398212 0.073638
vt 0.898213 0.073638
vt 0.402795 0.077398
vt 0.902794 0.077398
vt 0.375662 0.056914
vt 0.370730 0.053619
vt 0.870731 0.053619
vt 0.875662 0.056914
vt 0.380218 0.059958
vt 0.880218 0.059958
vt 0.385149 0.063253
vt 0.885150 0.063253
vt 0.356136 0.045524
vt 0.350903 0.042728
vt 0.850904 0.042728
vt 0.856136 0.045524
vt 0.360971 0.048109
vt 0.860971 0.048109
vt 0.366204 0.050906
vt 0.866203 0.050906
vt 0.335589 0.036104
vt 0.330105 0.033833
vt 0.830106 0.033833
vt 0.835589 0.036105
vt 0.340657 0.038204
vt 0.840657 0.038204
vt 0.346140 0.040475
vt 0.846140 0.040475
vt 0.314219 0.028744
vt 0.308538 0.027021
vt 0.808538 0.027021
vt 0.814219 0.028744
vt 0.319470 0.030337
vt 0.819470 0.030337
vt 0.325152 0.032061
vt 0.825152 0.032061
vt 0.292232 0.023515
vt 0.286408 0.022356
vt 0.786407 0.022356
vt 0.792232 0.023515
vt 0.297615 0.024585
vt 0.797615 0.024585
vt 0.303440 0.025744
vt 0.803439 0.025744
vt 0.269839 0.020465
vt 0.263928 0.019883
vt 0.763928 0.019883
vt 0.769839 0.020465
vt 0.275302 0.021003
vt 0.775301 0.021003
vt 0.281213 0.021586
vt 0.781212 0.021586
vt 0.247255 0.019626
vt 0.241315 0.019626
vt 0.741315 0.019626
vt 0.747255 0.019626
vt 0.252745 0.019626
vt 0.752744 0.019626
vt 0.258685 0.019626
vt 0.758685 0.019626
vt 0.224698 0.021003
vt 0.218787 0.021586
vt 0.718787 0.021586
vt 0.724698 0.021003
vt 0.230161 0.020465
vt 0.730161 0.020465
vt 0.236072 0.019883
vt 0.736072 0.019883
vt 0.202385 0.024585
vt 0.196561 0.025744
vt 0.696561 0.025744
vt 0.702385 0.024585
vt 0.207768 0.023515
vt 0.707768 0.023515
vt 0.213592 0.022356
vt 0.713593 0.022356
vt 0.180530 0.030337
vt 0.174848 0.032061
vt 0.674849 0.032061
vt 0.680530 0.030337
vt 0.185781 0.028744
vt 0.685781 0.028744
vt 0.191462 0.027021
vt 0.691462 0.027021
vt 0.159343 0.038204
vt 0.153860 0.040475
vt 0.653860 0.040475
vt 0.659343 0.038204
vt 0.164411 0.036105
vt 0.664411 0.036105
vt 0.169894 0.033833
vt 0.669895 0.033833
vt 0.139029 0.048109
vt 0.133796 0.050906
vt 0.633796 0.050906
vt 0.639029 0.048109
vt 0.143864 0.045524
vt 0.643864 0.045524
vt 0.149097 0.042728
vt 0.649097 0.042728
vt 0.119782 0.059958
vt 0.114851 0.063253
vt 0.614850 0.063253
vt 0.619782 0.059958
vt 0.124338 0.056914
vt 0.624339 0.056914
vt 0.129270 0.053619
vt 0.629269 0.053619
vt 0.101788 0.073638
vt 0.097206 0.077398
vt 0.597205 0.077398
vt 0.601788 0.073638
vt 0.106022 0.070163
vt 0.606022 0.070163
vt 0.110604 0.066402
vt 0.610604 0.066402
vt 0.085220 0.089016
vt 0.081031 0.093205
vt 0.581030 0.093205
vt 0.585220 0.089016
vt 0.089091 0.085145
vt 0.589091 0.085145
vt 0.093281 0.080955
vt 0.593280 0.080956
vt 0.070238 0.105945
vt 0.066481 0.110522
vt 0.566481 0.110522
vt 0.570238 0.105945
vt 0.073709 0.101715
vt 0.573710 0.101715
vt 0.077466 0.097138
vt 0.577466 0.097138
vt 0.056987 0.124262
vt 0.053698 0.129184
vt 0.553698 0.129184
vt 0.556987 0.124262
vt 0.060025 0.119715
vt 0.560026 0.119715
vt 0.063314 0.114794
vt 0.563314 0.114794
vt 0.045594 0.143792
vt 0.042805 0.149009
vt 0.542805 0.149009
vt 0.545594 0.143791
vt 0.048170 0.138971
vt 0.548171 0.138971
vt 0.050959 0.133753
vt 0.550959 0.133753
vt 0.036169 0.164345
vt 0.033906 0.169808
vt 0.533906 0.169809
vt 0.536169 0.164345
vt 0.038260 0.159297
vt 0.538260 0.159297
vt 0.040523 0.153833
vt 0.540523 0.153833
vt 0.028804 0.185724
vt 0.027088 0.191381
vt 0.527087 0.191382
vt 0.528804 0.185724
vt 0.030389 0.180497
vt 0.530390 0.180497
vt 0.032106 0.174839
vt 0.532105 0.174839
vt 0.023569 0.207723
vt 0.022416 0.213520
vt 0.522416 0.213520
vt 0.523569 0.207723
vt 0.024635 0.202368
vt 0.524634 0.202367
vt 0.025788 0.196570
vt 0.525788 0.196570
vt 0.020516 0.230130
vt 0.019937 0.236012
vt 0.519937 0.236012
vt 0.520517 0.230131
vt 0.021051 0.224697
vt 0.521051 0.224697
vt 0.021631 0.218816
vt 0.521631 0.218816
vt 0.019674 0.252730
vt 0.019674 0.258639
vt 0.519674 0.258639
vt 0.519674 0.252730
vt 0.019674 0.247270
vt 0.519674 0.247270
vt 0.019674 0.241361
vt 0.519674 0.241361
vt 0.021051 0.275303
vt 0.021631 0.281185
vt 0.521631 0.281184
vt 0.521051 0.275303
vt 0.020516 0.269870
vt 0.520516 0.269870
vt 0.019937 0.263988
vt 0.519937 0.263988
vt 0.024635 0.297632
vt 0.025788 0.303430
vt 0.525788 0.303430
vt 0.524634 0.297632
vt 0.023569 0.292277
vt 0.523569 0.292277
vt 0.022416 0.286479
vt 0.522416 0.286479
vt 0.030389 0.319503
vt 0.032106 0.325161
vt 0.532105 0.325160
vt 0.530389 0.319503
vt 0.028804 0.314276
vt 0.528804 0.314276
vt 0.027088 0.308619
vt 0.527088 0.308618
vt 0.038260 0.340703
vt 0.040523 0.346167
vt 0.540523 0.346167
vt 0.538260 0.340703
vt 0.036169 0.335655
vt 0.536169 0.335655
vt 0.033906 0.330192
vt 0.533906 0.330192
vt 0.048170 0.361029
vt 0.050959 0.366247
vt 0.550960 0.366247
vt 0.548171 0.361029
vt 0.045594 0.356209
vt 0.545594 0.356208
vt 0.042805 0.350991
vt 0.542805 0.350991
vt 0.060025 0.380285
vt 0.063314 0.385206
vt 0.563314 0.385206
vt 0.560025 0.380285
vt 0.056987 0.375738
vt 0.556987 0.375738
vt 0.053698 0.370816
vt 0.553698 0.370817
vt 0.073709 0.398285
vt 0.077466 0.402862
vt 0.577466 0.402862
vt 0.573709 0.398285
vt 0.070238 0.394055
vt 0.570238 0.394055
vt 0.066481 0.389478
vt 0.566481 0.389478
vt 0.089091 0.414855
vt 0.093281 0.419045
vt 0.593281 0.419045
vt 0.589091 0.414855
vt 0.085220 0.410984
vt 0.585220 0.410984
vt 0.081031 0.406795
vt 0.581031 0.406795
vt 0.106022 0.429837
vt 0.110604 0.433598
vt 0.610604 0.433598
vt 0.606022 0.429837
vt 0.101788 0.426363
vt 0.601788 0.426362
vt 0.097206 0.422602
vt 0.597206 0.422602
vt 0.124339 0.443087
vt 0.129269 0.446381
vt 0.629269 0.446381
vt 0.624339 0.443086
vt 0.119782 0.440042
vt 0.619782 0.440042
vt 0.114851 0.436747
vt 0.614851 0.436747
vt 0.649097 0.457272
vt 0.643864 0.454476
vt 0.139029 0.451891
vt 0.639029 0.451891
vt 0.133796 0.449094
vt 0.633796 0.449094
vt 0.164411 0.463896
vt 0.169894 0.466167
vt 0.669895 0.466167
vt 0.664411 0.463895
vt 0.159343 0.461797
vt 0.659343 0.461796
vt 0.153860 0.459525
vt 0.653860 0.459525
vt 0.185781 0.471255
vt 0.191462 0.472979
vt 0.691462 0.472979
vt 0.685781 0.471256
vt 0.180530 0.469663
vt 0.680530 0.469663
vt 0.174848 0.467939
vt 0.674848 0.467939
vt 0.207768 0.476485
vt 0.213592 0.477644
vt 0.713593 0.477644
vt 0.707768 0.476485
vt 0.202385 0.475414
vt 0.702385 0.475415
vt 0.196561 0.474256
vt 0.696561 0.474256
vt 0.230161 0.479535
vt 0.236072 0.480117
vt 0.736072 0.480117
vt 0.730161 0.479535
vt 0.224698 0.478996
vt 0.724698 0.478997
vt 0.218788 0.478415
vt 0.718788 0.478414
s 0
usemtl Material.001
f 1531/1/1 1530/2/1 1027/3/1 1026/4/1
f 1043/5/2 1042/6/2 1055/7/2 1056/8/2
f 1051/9/3 1050/10/3 1063/11/3 1064/12/3
f 1059/13/4 1058/14/4 1071/15/4 1072/16/4
f 1067/17/5 1066/18/5 1079/19/5 1080/20/5
f 1075/21/6 1074/22/6 1087/23/6 1088/24/6
f 1083/25/7 1082/26/7 1095/27/7 1096/28/7
f 1091/29/8 1090/30/8 1103/31/8 1104/32/8
f 1099/33/9 1098/34/9 1111/35/9 1112/36/9
f 1107/37/10 1106/38/10 1119/39/10 1120/40/10
f 1115/41/11 1114/42/11 1127/43/11 1128/44/11
f 1123/45/12 1122/46/12 1135/47/12 1136/48/12
f 1131/49/13 1130/50/13 1143/51/13 1144/52/13
f 1139/53/14 1138/54/14 1151/55/14 1152/56/14
f 1147/57/15 1146/58/15 1159/59/15 1160/60/15
f 1155/61/16 1154/62/16 1167/63/16 1168/64/16
f 1163/65/17 1162/66/17 1175/67/17 1176/68/17
f 1171/69/18 1170/70/18 1183/71/18 1184/72/18
f 1179/73/19 1178/74/19 1191/75/19 1192/76/19
f 1187/77/20 1186/78/20 1199/79/20 1200/80/20
f 1195/81/21 1194/82/21 1207/83/21 1208/84/21
f 1203/85/22 1202/86/22 1215/87/22 1216/88/22
f 1211/89/23 1210/90/23 1223/91/23 1224/92/23
f 1219/93/24 1218/94/24 1231/95/24 1232/96/24
f 1227/97/25 1226/98/25 1239/99/25 1240/100/25
f 1235/101/26 1234/102/26 1247/103/26 1248/104/26
f 1243/105/27 1242/106/27 1255/107/27 1256/108/27
f 1251/109/28 1250/110/28 1263/111/28 1264/112/28
f 1259/113/29 1258/114/29 1271/115/29 1272/116/29
f 1267/117/30 1266/118/30 1279/119/30 1280/120/30
f 1275/121/31 1274/122/31 1287/123/31 1288/124/31
f 1283/125/32 1282/126/32 1295/127/32 1296/128/32
f 1291/129/33 1290/130/33 1303/131/33 1304/132/33
f 1299/133/34 1298/134/34 1311/135/34 1312/136/34
f 1307/137/35 1306/138/35 1319/139/35 1320/140/35
f 1315/141/36 1314/142/36 1327/143/36 1328/144/36
f 1323/145/37 1322/146/37 1335/147/37 1336/148/37
f 1331/149/38 1330/150/38 1343/151/38 1344/152/38
f 1339/153/39 1338/154/39 1351/155/39 1352/156/39
f 1347/157/40 1346/158/40 1359/159/40 1360/160/40
f 1355/161/41 1354/162/41 1367/163/41 1368/164/41
f 1363/165/42 1362/166/42 1375/167/42 1376/168/42
f 1371/169/43 1370/170/43 1383/171/43 1384/172/43
f 1379/173/44 1378/174/44 1391/175/44 1392/176/44
f 1387/177/45 1386/178/45 1399/179/45 1400/180/45
f 1395/181/46 1394/182/46 1407/183/46 1408/184/46
f 1403/185/47 1402/186/47 1415/187/47 1416/188/47
f 1411/189/48 1410/190/48 1423/191/48 1424/192/48
f 1419/193/49 1418/194/49 1431/195/49 1432/196/49
f 1427/197/50 1426/198/50 1439/199/50 1440/200/50
f 1435/201/51 1434/202/51 1447/203/51 1448/204/51
f 1443/205/52 1442/206/52 1455/207/52 1456/208/52
f 1451/209/53 1450/210/53 1463/211/53 1464/212/53
f 1459/213/54 1458/214/54 1471/215/54 1472/216/54
f 1467/217/55 1466/218/55 1479/219/55 1480/220/55
f 1475/221/56 1474/222/56 1487/223/56 1488/224/56
f 1483/225/57 1482/226/57 1495/227/57 1496/228/57
f 1491/229/58 1490/230/58 1503/231/58 1504/232/58
f 1499/233/59 1498/234/59 1511/235/59 1512/236/59
f 1507/237/60 1506/238/60 1519/239/60 1520/240/60
f 1515/241/61 1514/242/61 1527/243/61 1528/244/61
f 1523/245/62 1522/246/62 1535/247/62 1536/248/62
f 1035/249/63 1034/250/63 1047/251/63 1048/252/63
f 200/253/64 198/254/64 1735/254/64 1733/253/64
f 1031/255/65 1032/256/65 1039/257/65 1040/258/65
f 1442/206/66 1443/205/66 931/205/66 930/206/66
f 1025/259/67 1028/260/67 1030/261/67 1029/262/67
f 1110/263/68 1112/264/68 600/264/68 597/263/68
f 1441/265/69 1442/266/69 930/266/69 929/265/69
f 1033/267/70 1036/268/70 1038/269/70 1037/270/70
f 1111/271/71 1109/272/71 598/272/71 599/271/71
f 1276/273/72 1273/274/72 761/274/72 764/273/72
f 1041/275/73 1044/276/73 1046/277/73 1045/278/73
f 1440/200/74 1439/199/74 927/199/74 928/200/74
f 1109/279/75 1110/280/75 597/280/75 598/279/75
f 1049/281/76 1052/282/76 1054/283/76 1053/284/76
f 1275/285/77 1276/286/77 764/286/77 763/285/77
f 1438/287/78 1440/288/78 928/288/78 925/287/78
f 1057/289/79 1060/290/79 1062/291/79 1061/292/79
f 1274/122/80 1275/121/80 763/121/80 762/122/80
f 1439/293/81 1437/294/81 926/294/81 927/293/81
f 1065/295/82 1068/296/82 1070/297/82 1069/298/82
f 1273/299/83 1274/300/83 762/300/83 761/299/83
f 1437/301/84 1438/302/84 925/302/84 926/301/84
f 1073/303/85 1076/304/85 1078/305/85 1077/306/85
f 1108/307/86 1105/308/86 593/308/86 596/307/86
f 1272/116/87 1271/115/87 759/115/87 760/116/87
f 1081/309/88 1084/310/88 1086/311/88 1085/312/88
f 1107/313/68 1108/314/68 596/314/68 595/313/68
f 1270/315/89 1272/316/89 760/316/89 757/315/89
f 1089/317/90 1092/318/90 1094/319/90 1093/320/90
f 1106/38/75 1107/37/75 595/37/75 594/38/75
f 1271/321/91 1269/322/91 758/322/91 759/321/91
f 1097/323/92 1100/324/92 1102/325/92 1101/326/92
f 1436/327/74 1433/328/74 921/328/74 924/327/74
f 1105/329/71 1106/330/71 594/330/71 593/329/71
f 1105/308/93 1108/307/93 1110/280/93 1109/279/93
f 1269/331/94 1270/332/94 757/332/94 758/331/94
f 1435/333/78 1436/334/78 924/334/78 923/333/78
f 1113/335/95 1116/336/95 1118/337/95 1117/338/95
f 1104/32/96 1103/31/96 591/31/96 592/32/96
f 1434/202/84 1435/201/84 923/201/84 922/202/84
f 1121/339/97 1124/340/97 1126/341/97 1125/342/97
f 1102/343/98 1104/344/98 592/344/98 589/343/98
f 1433/345/81 1434/346/81 922/346/81 921/345/81
f 1129/347/99 1132/348/99 1134/349/99 1133/350/99
f 1103/351/100 1101/352/100 590/352/100 591/351/100
f 1268/353/87 1265/354/87 753/354/87 756/353/87
f 1137/355/101 1140/356/101 1142/357/101 1141/358/101
f 1432/196/102 1431/195/102 919/195/102 920/196/102
f 1101/326/103 1102/325/103 589/325/103 590/326/103
f 1145/359/104 1148/360/104 1150/361/104 1149/362/104
f 1267/363/89 1268/364/89 756/364/89 755/363/89
f 1430/365/105 1432/366/105 920/366/105 917/365/105
f 1153/367/106 1156/368/106 1158/369/106 1157/370/106
f 1266/118/94 1267/117/94 755/117/94 754/118/94
f 1431/371/107 1429/372/107 918/372/107 919/371/107
f 1161/373/108 1164/374/108 1166/375/108 1165/376/108
f 1265/377/91 1266/378/91 754/378/91 753/377/91
f 1429/379/109 1430/380/109 917/380/109 918/379/109
f 1169/381/110 1172/382/110 1174/383/110 1173/384/110
f 1100/324/96 1097/323/96 585/323/96 588/324/96
f 1264/112/111 1263/111/111 751/111/111 752/112/111
f 1177/385/112 1180/386/112 1182/387/112 1181/388/112
f 1099/389/98 1100/390/98 588/390/98 587/389/98
f 1262/391/113 1264/392/113 752/392/113 749/391/113
f 1185/393/114 1188/394/114 1190/395/114 1189/396/114
f 1098/34/103 1099/33/103 587/33/103 586/34/103
f 1263/397/115 1261/398/115 750/398/115 751/397/115
f 1193/399/116 1196/400/116 1198/401/116 1197/402/116
f 1428/403/117 1425/404/117 913/404/117 916/403/117
f 1097/405/100 1098/406/100 586/406/100 585/405/100
f 1201/407/118 1204/408/118 1206/409/118 1205/410/118
f 1261/411/119 1262/412/119 749/412/119 750/411/119
f 1427/413/105 1428/414/105 916/414/105 915/413/105
f 1209/415/120 1212/416/120 1214/417/120 1213/418/120
f 1096/28/121 1095/27/121 583/27/121 584/28/121
f 1426/198/109 1427/197/109 915/197/109 914/198/109
f 1217/419/122 1220/420/122 1222/421/122 1221/422/122
f 1094/423/123 1096/424/123 584/424/123 581/423/123
f 1425/425/107 1426/426/107 914/426/107 913/425/107
f 1225/427/124 1228/428/124 1230/429/124 1229/430/124
f 1095/431/125 1093/432/125 582/432/125 583/431/125
f 1260/433/111 1257/434/111 745/434/111 748/433/111
f 1233/435/126 1236/436/126 1238/437/126 1237/438/126
f 1424/192/127 1423/191/127 911/191/127 912/192/127
f 1093/320/128 1094/319/128 581/319/128 582/320/128
f 1241/439/129 1244/440/129 1246/441/129 1245/442/129
f 1259/443/113 1260/444/113 748/444/113 747/443/113
f 1422/445/130 1424/446/130 912/446/130 909/445/130
f 1249/447/131 1252/448/131 1254/449/131 1253/450/131
f 1258/114/119 1259/113/119 747/113/119 746/114/119
f 1423/451/132 1421/452/132 910/452/132 911/451/132
f 1257/434/133 1260/433/133 1262/412/133 1261/411/133
f 1257/453/115 1258/454/115 746/454/115 745/453/115
f 1421/455/134 1422/456/134 909/456/134 910/455/134
f 1265/354/135 1268/353/135 1270/332/135 1269/331/135
f 1092/318/121 1089/317/121 577/317/121 580/318/121
f 1256/108/136 1255/107/136 743/107/136 744/108/136
f 1273/274/137 1276/273/137 1278/457/137 1277/458/137
f 1091/459/123 1092/460/123 580/460/123 579/459/123
f 1254/461/138 1256/462/138 744/462/138 741/461/138
f 1281/463/139 1284/464/139 1286/465/139 1285/466/139
f 1090/30/128 1091/29/128 579/29/128 578/30/128
f 1255/467/140 1253/468/140 742/468/140 743/467/140
f 1289/469/141 1292/470/141 1294/471/141 1293/472/141
f 1420/473/127 1417/474/127 905/474/127 908/473/127
f 1089/475/125 1090/476/125 578/476/125 577/475/125
f 1297/477/142 1300/478/142 1302/479/142 1301/480/142
f 1253/450/143 1254/449/143 741/449/143 742/450/143
f 1419/481/130 1420/482/130 908/482/130 907/481/130
f 1305/483/144 1308/484/144 1310/485/144 1309/486/144
f 1088/24/145 1087/23/145 575/23/145 576/24/145
f 1418/194/146 1419/193/146 907/193/146 906/194/146
f 1313/487/147 1316/488/147 1318/489/147 1317/490/147
f 1086/491/148 1088/492/148 576/492/148 573/491/148
f 1417/493/132 1418/494/132 906/494/132 905/493/132
f 1321/495/149 1324/496/149 1326/497/149 1325/498/149
f 1087/499/150 1085/500/150 574/500/150 575/499/150
f 1252/448/136 1249/447/136 737/447/136 740/448/136
f 1329/501/151 1332/502/151 1334/503/151 1333/504/151
f 1416/188/152 1415/187/152 903/187/152 904/188/152
f 1085/312/153 1086/311/153 573/311/153 574/312/153
f 1337/505/154 1340/506/154 1342/507/154 1341/508/154
f 1251/509/138 1252/510/138 740/510/138 739/509/138
f 1414/511/155 1416/512/155 904/512/155 901/511/155
f 1345/513/156 1348/514/156 1350/515/156 1349/516/156
f 1250/110/143 1251/109/143 739/109/143 738/110/143
f 1415/517/157 1413/518/157 902/518/157 903/517/157
f 1353/519/158 1356/520/158 1358/521/158 1357/522/158
f 1249/523/140 1250/524/140 738/524/140 737/523/140
f 1413/525/159 1414/526/159 901/526/159 902/525/159
f 1361/527/160 1364/528/160 1366/529/160 1365/530/160
f 1084/310/145 1081/309/145 569/309/145 572/310/145
f 1248/104/161 1247/103/161 735/103/161 736/104/161
f 1369/531/162 1372/532/162 1374/533/162 1373/534/162
f 1083/535/148 1084/536/148 572/536/148 571/535/148
f 1246/537/163 1248/538/163 736/538/163 733/537/163
f 1377/539/164 1380/540/164 1382/541/164 1381/542/164
f 1082/26/153 1083/25/153 571/25/153 570/26/153
f 1247/543/165 1245/544/165 734/544/165 735/543/165
f 1385/545/166 1388/546/166 1390/547/166 1389/548/166
f 1412/549/152 1409/550/152 897/550/152 900/549/152
f 1081/551/150 1082/552/150 570/552/150 569/551/150
f 1393/553/167 1396/554/167 1398/555/167 1397/556/167
f 1245/442/168 1246/441/168 733/441/168 734/442/168
f 1411/557/155 1412/558/155 900/558/155 899/557/155
f 1401/559/169 1404/560/169 1406/561/169 1405/562/169
f 1080/20/170 1079/19/170 567/19/170 568/20/170
f 1410/190/159 1411/189/159 899/189/159 898/190/159
f 1409/550/171 1412/549/171 1414/526/171 1413/525/171
f 1078/563/172 1080/564/172 568/564/172 565/563/172
f 1409/565/157 1410/566/157 898/566/157 897/565/157
f 1417/474/173 1420/473/173 1422/456/173 1421/455/173
f 1079/567/174 1077/568/174 566/568/174 567/567/174
f 1244/440/161 1241/439/161 729/439/161 732/440/161
f 1425/404/175 1428/403/175 1430/380/175 1429/379/175
f 1408/184/176 1407/183/176 895/183/176 896/184/176
f 1077/306/177 1078/305/177 565/305/177 566/306/177
f 1433/328/178 1436/327/178 1438/302/178 1437/301/178
f 1243/569/163 1244/570/163 732/570/163 731/569/163
f 1406/571/179 1408/572/179 896/572/179 893/571/179
f 1441/573/180 1444/574/180 1446/575/180 1445/576/180
f 1242/106/168 1243/105/168 731/105/168 730/106/168
f 1407/577/181 1405/578/181 894/578/181 895/577/181
f 1449/579/182 1452/580/182 1454/581/182 1453/582/182
f 1241/583/165 1242/584/165 730/584/165 729/583/165
f 1405/562/183 1406/561/183 893/561/183 894/562/183
f 1457/585/184 1460/586/184 1462/587/184 1461/588/184
f 1076/304/170 1073/303/170 561/303/170 564/304/170
f 1240/100/185 1239/99/185 727/99/185 728/100/185
f 1465/589/186 1468/590/186 1470/591/186 1469/592/186
f 1075/593/172 1076/594/172 564/594/172 563/593/172
f 1238/595/187 1240/596/187 728/596/187 725/595/187
f 1473/597/188 1476/598/188 1478/599/188 1477/600/188
f 1074/22/189 1075/21/189 563/21/189 562/22/189
f 1239/601/190 1237/602/190 726/602/190 727/601/190
f 1481/603/191 1484/604/191 1486/605/191 1485/606/191
f 1404/560/192 1401/559/192 889/559/192 892/560/192
f 1073/607/174 1074/608/174 562/608/174 561/607/174
f 1489/609/193 1492/610/193 1494/611/193 1493/612/193
f 1237/438/194 1238/437/194 725/437/194 726/438/194
f 1403/613/179 1404/614/179 892/614/179 891/613/179
f 1497/615/195 1500/616/195 1502/617/195 1501/618/195
f 1072/16/196 1071/15/196 559/15/196 560/16/196
f 1402/186/183 1403/185/183 891/185/183 890/186/183
f 1505/619/197 1508/620/197 1510/621/197 1509/622/197
f 1070/623/198 1072/624/198 560/624/198 557/623/198
f 1401/625/181 1402/626/181 890/626/181 889/625/181
f 1513/627/199 1516/628/199 1518/629/199 1517/630/199
f 1071/631/200 1069/632/200 558/632/200 559/631/200
f 1236/436/201 1233/435/201 721/435/201 724/436/201
f 1521/633/202 1524/634/202 1526/635/202 1525/636/202
f 1400/180/203 1399/179/203 887/179/203 888/180/203
f 1069/298/204 1070/297/204 557/297/204 558/298/204
f 1529/637/205 1532/638/205 1534/639/205 1533/640/205
f 1235/641/187 1236/642/187 724/642/187 723/641/187
f 477/643/129 479/644/129 2009/644/129 2010/643/129
f 514/4/67 515/3/67 516/260/67 513/259/67
f 518/645/67 517/646/67 520/256/67 519/255/67
f 522/250/70 523/249/70 524/268/70 521/267/70
f 526/270/70 525/269/70 528/258/70 527/257/70
f 530/6/73 531/5/73 532/276/73 529/275/73
f 534/278/73 533/277/73 536/252/73 535/251/73
f 538/10/206 539/9/206 540/282/206 537/281/206
f 542/284/206 541/283/206 544/8/206 543/7/206
f 546/14/79 547/13/79 548/290/79 545/289/79
f 550/292/79 549/291/79 552/12/79 551/11/79
f 554/18/82 555/17/82 556/296/82 553/295/82
f 558/298/82 557/297/82 560/16/82 559/15/82
f 562/22/85 563/21/85 564/304/85 561/303/85
f 566/306/85 565/305/85 568/20/85 567/19/85
f 570/26/88 571/25/88 572/310/88 569/309/88
f 574/312/88 573/311/88 576/24/88 575/23/88
f 578/30/90 579/29/90 580/318/90 577/317/90
f 582/320/90 581/319/90 584/28/90 583/27/90
f 586/34/92 587/33/92 588/324/92 585/323/92
f 590/326/92 589/325/92 592/32/92 591/31/92
f 594/38/93 595/37/93 596/307/93 593/308/93
f 598/279/93 597/280/93 600/36/93 599/35/93
f 602/42/95 603/41/95 604/336/95 601/335/95
f 606/338/95 605/337/95 608/40/95 607/39/95
f 610/46/97 611/45/97 612/340/97 609/339/97
f 614/342/97 613/341/97 616/44/97 615/43/97
f 618/50/99 619/49/99 620/348/99 617/347/99
f 622/350/99 621/349/99 624/48/99 623/47/99
f 626/54/101 627/53/101 628/356/101 625/355/101
f 630/358/101 629/357/101 632/52/101 631/51/101
f 634/58/104 635/57/104 636/360/104 633/359/104
f 638/362/104 637/361/104 640/56/104 639/55/104
f 642/62/106 643/61/106 644/368/106 641/367/106
f 646/370/106 645/369/106 648/60/106 647/59/106
f 650/66/108 651/65/108 652/374/108 649/373/108
f 654/376/108 653/375/108 656/64/108 655/63/108
f 658/70/110 659/69/110 660/382/110 657/381/110
f 662/384/110 661/383/110 664/68/110 663/67/110
f 666/74/112 667/73/112 668/386/112 665/385/112
f 670/388/112 669/387/112 672/72/112 671/71/112
f 674/78/114 675/77/114 676/394/114 673/393/114
f 678/396/114 677/395/114 680/76/114 679/75/114
f 682/82/116 683/81/116 684/400/116 681/399/116
f 686/402/116 685/401/116 688/80/116 687/79/116
f 690/86/118 691/85/118 692/408/118 689/407/118
f 694/410/118 693/409/118 696/84/118 695/83/118
f 698/90/120 699/89/120 700/416/120 697/415/120
f 702/418/120 701/417/120 704/88/120 703/87/120
f 706/94/122 707/93/122 708/420/122 705/419/122
f 710/422/122 709/421/122 712/92/122 711/91/122
f 714/98/124 715/97/124 716/428/124 713/427/124
f 718/430/124 717/429/124 720/96/124 719/95/124
f 722/102/126 723/101/126 724/436/126 721/435/126
f 726/438/126 725/437/126 728/100/126 727/99/126
f 730/106/129 731/105/129 732/440/129 729/439/129
f 734/442/129 733/441/129 736/104/129 735/103/129
f 738/110/131 739/109/131 740/448/131 737/447/131
f 742/450/131 741/449/131 744/108/131 743/107/131
f 746/114/207 747/113/207 748/433/207 745/434/207
f 750/411/207 749/412/207 752/112/207 751/111/207
f 754/118/135 755/117/135 756/353/135 753/354/135
f 758/331/135 757/332/135 760/116/135 759/115/135
f 762/122/137 763/121/137 764/273/137 761/274/137
f 766/458/137 765/457/137 768/120/137 767/119/137
f 770/126/139 771/125/139 772/464/139 769/463/139
f 774/466/139 773/465/139 776/124/139 775/123/139
f 778/130/141 779/129/141 780/470/141 777/469/141
f 782/472/141 781/471/141 784/128/141 783/127/141
f 786/134/142 787/133/142 788/478/142 785/477/142
f 790/480/142 789/479/142 792/132/142 791/131/142
f 794/138/208 795/137/208 796/484/208 793/483/208
f 798/486/208 797/485/208 800/136/208 799/135/208
f 802/142/147 803/141/147 804/488/147 801/487/147
f 806/490/147 805/489/147 808/140/147 807/139/147
f 810/146/149 811/145/149 812/496/149 809/495/149
f 814/498/149 813/497/149 816/144/149 815/143/149
f 818/150/151 819/149/151 820/502/151 817/501/151
f 822/504/151 821/503/151 824/148/151 823/147/151
f 826/154/154 827/153/154 828/506/154 825/505/154
f 830/508/154 829/507/154 832/152/154 831/151/154
f 834/158/156 835/157/156 836/514/156 833/513/156
f 838/516/156 837/515/156 840/156/156 839/155/156
f 842/162/158 843/161/158 844/520/158 841/519/158
f 846/522/158 845/521/158 848/160/158 847/159/158
f 850/166/160 851/165/160 852/528/160 849/527/160
f 854/530/160 853/529/160 856/164/160 855/163/160
f 858/170/162 859/169/162 860/532/162 857/531/162
f 862/534/162 861/533/162 864/168/162 863/167/162
f 866/174/164 867/173/164 868/540/164 865/539/164
f 870/542/164 869/541/164 872/172/164 871/171/164
f 874/178/166 875/177/166 876/546/166 873/545/166
f 878/548/166 877/547/166 880/176/166 879/175/166
f 882/182/167 883/181/167 884/554/167 881/553/167
f 886/556/167 885/555/167 888/180/167 887/179/167
f 890/186/169 891/185/169 892/560/169 889/559/169
f 894/562/169 893/561/169 896/184/169 895/183/169
f 898/190/171 899/189/171 900/549/171 897/550/171
f 902/525/171 901/526/171 904/188/171 903/187/171
f 906/194/173 907/193/173 908/473/173 905/474/173
f 910/455/173 909/456/173 912/192/173 911/191/173
f 914/198/175 915/197/175 916/403/175 913/404/175
f 918/379/175 917/380/175 920/196/175 919/195/175
f 922/202/178 923/201/178 924/327/178 921/328/178
f 926/301/178 925/302/178 928/200/178 927/199/178
f 930/206/180 931/205/180 932/574/180 929/573/180
f 934/576/180 933/575/180 936/204/180 935/203/180
f 938/210/182 939/209/182 940/580/182 937/579/182
f 942/582/182 941/581/182 944/208/182 943/207/182
f 946/214/184 947/213/184 948/586/184 945/585/184
f 950/588/184 949/587/184 952/212/184 951/211/184
f 954/218/186 955/217/186 956/590/186 953/589/186
f 958/592/186 957/591/186 960/216/186 959/215/186
f 962/222/188 963/221/188 964/598/188 961/597/188
f 966/600/188 965/599/188 968/220/188 967/219/188
f 970/226/191 971/225/191 972/604/191 969/603/191
f 974/606/191 973/605/191 976/224/191 975/223/191
f 978/230/193 979/229/193 980/610/193 977/609/193
f 982/612/193 981/611/193 984/228/193 983/227/193
f 986/234/195 987/233/195 988/616/195 985/615/195
f 990/618/195 989/617/195 992/232/195 991/231/195
f 994/238/197 995/237/197 996/620/197 993/619/197
f 998/622/197 997/621/197 1000/236/197 999/235/197
f 1002/242/209 1003/241/209 1004/628/209 1001/627/209
f 1006/630/209 1005/629/209 1008/240/209 1007/239/209
f 1010/246/202 1011/245/202 1012/634/202 1009/633/202
f 1014/636/202 1013/635/202 1016/244/202 1015/243/202
f 1018/2/205 1019/1/205 1020/638/205 1017/637/205
f 1022/640/205 1021/639/205 1024/248/205 1023/247/205
f 1112/36/86 1111/35/86 599/35/86 600/36/86
f 1443/647/210 1444/648/210 932/648/210 931/647/210
f 1277/458/80 1278/457/80 765/457/80 766/458/80
f 1113/649/211 1114/650/211 602/650/211 601/649/211
f 1444/574/212 1441/573/212 929/573/212 932/574/212
f 1279/651/83 1277/652/83 766/652/83 767/651/83
f 1114/42/213 1115/41/213 603/41/213 602/42/213
f 1278/653/77 1280/654/77 768/654/77 765/653/77
f 1115/655/214 1116/656/214 604/656/214 603/655/214
f 1280/120/72 1279/119/72 767/119/72 768/120/72
f 1116/336/215 1113/335/215 601/335/215 604/336/215
f 1445/576/66 1446/575/66 933/575/66 934/576/66
f 1281/657/216 1282/658/216 770/658/216 769/657/216
f 1447/659/69 1445/660/69 934/660/69 935/659/69
f 1282/126/217 1283/125/217 771/125/217 770/126/217
f 1446/661/210 1448/662/210 936/662/210 933/661/210
f 1283/663/218 1284/664/218 772/664/218 771/663/218
f 1117/338/213 1118/337/213 605/337/213 606/338/213
f 1448/204/212 1447/203/212 935/203/212 936/204/212
f 1284/464/219 1281/463/219 769/463/219 772/464/219
f 1119/665/211 1117/666/211 606/666/211 607/665/211
f 1449/667/220 1450/668/220 938/668/220 937/667/220
f 1118/669/214 1120/670/214 608/670/214 605/669/214
f 1450/210/221 1451/209/221 939/209/221 938/210/221
f 1120/40/215 1119/39/215 607/39/215 608/40/215
f 1451/671/222 1452/672/222 940/672/222 939/671/222
f 1285/466/217 1286/465/217 773/465/217 774/466/217
f 1121/673/223 1122/674/223 610/674/223 609/673/223
f 1452/580/224 1449/579/224 937/579/224 940/580/224
f 1287/675/216 1285/676/216 774/676/216 775/675/216
f 1122/46/225 1123/45/225 611/45/225 610/46/225
f 1286/677/218 1288/678/218 776/678/218 773/677/218
f 1123/679/226 1124/680/226 612/680/226 611/679/226
f 1288/124/219 1287/123/219 775/123/219 776/124/219
f 1124/340/227 1121/339/227 609/339/227 612/340/227
f 1453/582/221 1454/581/221 941/581/221 942/582/221
f 1289/681/228 1290/682/228 778/682/228 777/681/228
f 1455/683/220 1453/684/220 942/684/220 943/683/220
f 1290/130/229 1291/129/229 779/129/229 778/130/229
f 1454/685/222 1456/686/222 944/686/222 941/685/222
f 1291/687/230 1292/688/230 780/688/230 779/687/230
f 1125/342/225 1126/341/225 613/341/225 614/342/225
f 1456/208/224 1455/207/224 943/207/224 944/208/224
f 1292/470/231 1289/469/231 777/469/231 780/470/231
f 1127/689/223 1125/690/223 614/690/223 615/689/223
f 1457/691/232 1458/692/232 946/692/232 945/691/232
f 1126/693/226 1128/694/226 616/694/226 613/693/226
f 1458/214/233 1459/213/233 947/213/233 946/214/233
f 1128/44/227 1127/43/227 615/43/227 616/44/227
f 1459/695/234 1460/696/234 948/696/234 947/695/234
f 1293/472/229 1294/471/229 781/471/229 782/472/229
f 1129/697/235 1130/698/235 618/698/235 617/697/235
f 1460/586/236 1457/585/236 945/585/236 948/586/236
f 1295/699/228 1293/700/228 782/700/228 783/699/228
f 1130/50/237 1131/49/237 619/49/237 618/50/237
f 1294/701/230 1296/702/230 784/702/230 781/701/230
f 1131/703/238 1132/704/238 620/704/238 619/703/238
f 1296/128/231 1295/127/231 783/127/231 784/128/231
f 1132/348/239 1129/347/239 617/347/239 620/348/239
f 1461/588/233 1462/587/233 949/587/233 950/588/233
f 1297/705/240 1298/706/240 786/706/240 785/705/240
f 1463/707/232 1461/708/232 950/708/232 951/707/232
f 1298/134/241 1299/133/241 787/133/241 786/134/241
f 1462/709/234 1464/710/234 952/710/234 949/709/234
f 1299/711/242 1300/712/242 788/712/242 787/711/242
f 1133/350/237 1134/349/237 621/349/237 622/350/237
f 1464/212/236 1463/211/236 951/211/236 952/212/236
f 1300/478/243 1297/477/243 785/477/243 788/478/243
f 1135/713/235 1133/714/235 622/714/235 623/713/235
f 1465/715/244 1466/716/244 954/716/244 953/715/244
f 1134/717/238 1136/718/238 624/718/238 621/717/238
f 1466/218/245 1467/217/245 955/217/245 954/218/245
f 1136/48/239 1135/47/239 623/47/239 624/48/239
f 1467/719/246 1468/720/246 956/720/246 955/719/246
f 1301/480/241 1302/479/241 789/479/241 790/480/241
f 1137/721/247 1138/722/247 626/722/247 625/721/247
f 1468/590/248 1465/589/248 953/589/248 956/590/248
f 1303/723/240 1301/724/240 790/724/240 791/723/240
f 1138/54/249 1139/53/249 627/53/249 626/54/249
f 1302/725/242 1304/726/242 792/726/242 789/725/242
f 1139/727/250 1140/728/250 628/728/250 627/727/250
f 1304/132/243 1303/131/243 791/131/243 792/132/243
f 1140/356/251 1137/355/251 625/355/251 628/356/251
f 1469/592/252 1470/591/252 957/591/252 958/592/252
f 1305/729/253 1306/730/253 794/730/253 793/729/253
f 1471/731/244 1469/732/244 958/732/244 959/731/244
f 1306/138/254 1307/137/254 795/137/254 794/138/254
f 1470/733/246 1472/734/246 960/734/246 957/733/246
f 1307/735/255 1308/736/255 796/736/255 795/735/255
f 1141/358/256 1142/357/256 629/357/256 630/358/256
f 1472/216/248 1471/215/248 959/215/248 960/216/248
f 1308/484/257 1305/483/257 793/483/257 796/484/257
f 1143/737/247 1141/738/247 630/738/247 631/737/247
f 1473/739/258 1474/740/258 962/740/258 961/739/258
f 1142/741/250 1144/742/250 632/742/250 629/741/250
f 1474/222/259 1475/221/259 963/221/259 962/222/259
f 1144/52/251 1143/51/251 631/51/251 632/52/251
f 1475/743/260 1476/744/260 964/744/260 963/743/260
f 1309/486/254 1310/485/254 797/485/254 798/486/254
f 1145/745/261 1146/746/261 634/746/261 633/745/261
f 1476/598/262 1473/597/262 961/597/262 964/598/262
f 1311/747/253 1309/748/253 798/748/253 799/747/253
f 1146/58/263 1147/57/263 635/57/263 634/58/263
f 1310/749/255 1312/750/255 800/750/255 797/749/255
f 1147/751/264 1148/752/264 636/752/264 635/751/264
f 1312/136/257 1311/135/257 799/135/257 800/136/257
f 1148/360/265 1145/359/265 633/359/265 636/360/265
f 1477/600/259 1478/599/259 965/599/259 966/600/259
f 1313/753/266 1314/754/266 802/754/266 801/753/266
f 1479/755/258 1477/756/258 966/756/258 967/755/258
f 1314/142/267 1315/141/267 803/141/267 802/142/267
f 1478/757/260 1480/758/260 968/758/260 965/757/260
f 1315/759/268 1316/760/268 804/760/268 803/759/268
f 1149/362/263 1150/361/263 637/361/263 638/362/263
f 1480/220/262 1479/219/262 967/219/262 968/220/262
f 1316/488/269 1313/487/269 801/487/269 804/488/269
f 1151/761/261 1149/762/261 638/762/261 639/761/261
f 1481/763/270 1482/764/270 970/764/270 969/763/270
f 1150/765/264 1152/766/264 640/766/264 637/765/264
f 1482/226/271 1483/225/271 971/225/271 970/226/271
f 1152/56/272 1151/55/272 639/55/272 640/56/272
f 1483/767/273 1484/768/273 972/768/273 971/767/273
f 1317/490/267 1318/489/267 805/489/267 806/490/267
f 1153/769/274 1154/770/274 642/770/274 641/769/274
f 1484/604/275 1481/603/275 969/603/275 972/604/275
f 1319/771/266 1317/772/266 806/772/266 807/771/266
f 1154/62/276 1155/61/276 643/61/276 642/62/276
f 1318/773/268 1320/774/268 808/774/268 805/773/268
f 1155/775/277 1156/776/277 644/776/277 643/775/277
f 1320/140/269 1319/139/269 807/139/269 808/140/269
f 1156/368/278 1153/367/278 641/367/278 644/368/278
f 1485/606/271 1486/605/271 973/605/271 974/606/271
f 1321/777/279 1322/778/279 810/778/279 809/777/279
f 1487/779/270 1485/780/270 974/780/270 975/779/270
f 1322/146/280 1323/145/280 811/145/280 810/146/280
f 1486/781/273 1488/782/273 976/782/273 973/781/273
f 1323/783/281 1324/784/281 812/784/281 811/783/281
f 1157/370/276 1158/369/276 645/369/276 646/370/276
f 1488/224/275 1487/223/275 975/223/275 976/224/275
f 1324/496/282 1321/495/282 809/495/282 812/496/282
f 1159/785/274 1157/786/274 646/786/274 647/785/274
f 1489/787/283 1490/788/283 978/788/283 977/787/283
f 1158/789/277 1160/790/277 648/790/277 645/789/277
f 1490/230/284 1491/229/284 979/229/284 978/230/284
f 1160/60/278 1159/59/278 647/59/278 648/60/278
f 1491/791/285 1492/792/285 980/792/285 979/791/285
f 1325/498/280 1326/497/280 813/497/280 814/498/280
f 1161/793/286 1162/794/286 650/794/286 649/793/286
f 1492/610/287 1489/609/287 977/609/287 980/610/287
f 1327/795/279 1325/796/279 814/796/279 815/795/279
f 1162/66/288 1163/65/288 651/65/288 650/66/288
f 1326/797/281 1328/798/281 816/798/281 813/797/281
f 1163/799/289 1164/800/289 652/800/289 651/799/289
f 1328/144/282 1327/143/282 815/143/282 816/144/282
f 1164/374/290 1161/373/290 649/373/290 652/374/290
f 1493/612/284 1494/611/284 981/611/284 982/612/284
f 1329/801/291 1330/802/291 818/802/291 817/801/291
f 1495/803/283 1493/804/283 982/804/283 983/803/283
f 1330/150/292 1331/149/292 819/149/292 818/150/292
f 1494/805/285 1496/806/285 984/806/285 981/805/285
f 1331/807/293 1332/808/293 820/808/293 819/807/293
f 1165/376/294 1166/375/294 653/375/294 654/376/294
f 1496/228/295 1495/227/295 983/227/295 984/228/295
f 1332/502/296 1329/501/296 817/501/296 820/502/296
f 1167/809/286 1165/810/286 654/810/286 655/809/286
f 1497/811/297 1498/812/297 986/812/297 985/811/297
f 1166/813/289 1168/814/289 656/814/289 653/813/289
f 1498/234/298 1499/233/298 987/233/298 986/234/298
f 1168/64/290 1167/63/290 655/63/290 656/64/290
f 1499/815/299 1500/816/299 988/816/299 987/815/299
f 1333/504/300 1334/503/300 821/503/300 822/504/300
f 1169/817/301 1170/818/301 658/818/301 657/817/301
f 1500/616/302 1497/615/302 985/615/302 988/616/302
f 1335/819/291 1333/820/291 822/820/291 823/819/291
f 1170/70/303 1171/69/303 659/69/303 658/70/303
f 1334/821/293 1336/822/293 824/822/293 821/821/293
f 1171/823/304 1172/824/304 660/824/304 659/823/304
f 1336/148/296 1335/147/296 823/147/296 824/148/296
f 1172/382/305 1169/381/305 657/381/305 660/382/305
f 1501/618/298 1502/617/298 989/617/298 990/618/298
f 1337/825/306 1338/826/306 826/826/306 825/825/306
f 1503/827/297 1501/828/297 990/828/297 991/827/297
f 1338/154/307 1339/153/307 827/153/307 826/154/307
f 1502/829/299 1504/830/299 992/830/299 989/829/299
f 1339/831/308 1340/832/308 828/832/308 827/831/308
f 1173/384/303 1174/383/303 661/383/303 662/384/303
f 1504/232/302 1503/231/302 991/231/302 992/232/302
f 1340/506/309 1337/505/309 825/505/309 828/506/309
f 1175/833/301 1173/834/301 662/834/301 663/833/301
f 1505/835/310 1506/836/310 994/836/310 993/835/310
f 1174/837/304 1176/838/304 664/838/304 661/837/304
f 1506/238/311 1507/237/311 995/237/311 994/238/311
f 1176/68/312 1175/67/312 663/67/312 664/68/312
f 1507/839/313 1508/840/313 996/840/313 995/839/313
f 1341/508/307 1342/507/307 829/507/307 830/508/307
f 1177/841/314 1178/842/314 666/842/314 665/841/314
f 1508/620/315 1505/619/315 993/619/315 996/620/315
f 1343/843/306 1341/844/306 830/844/306 831/843/306
f 1178/74/316 1179/73/316 667/73/316 666/74/316
f 1342/845/308 1344/846/308 832/846/308 829/845/308
f 1179/847/317 1180/848/317 668/848/317 667/847/317
f 1344/152/309 1343/151/309 831/151/309 832/152/309
f 1180/386/318 1177/385/318 665/385/318 668/386/318
f 1509/622/311 1510/621/311 997/621/311 998/622/311
f 1345/849/319 1346/850/319 834/850/319 833/849/319
f 1511/851/310 1509/852/310 998/852/310 999/851/310
f 1346/158/320 1347/157/320 835/157/320 834/158/320
f 1510/853/313 1512/854/313 1000/854/313 997/853/313
f 1347/855/321 1348/856/321 836/856/321 835/855/321
f 1181/388/316 1182/387/316 669/387/316 670/388/316
f 1512/236/315 1511/235/315 999/235/315 1000/236/315
f 1348/514/322 1345/513/322 833/513/322 836/514/322
f 1183/857/314 1181/858/314 670/858/314 671/857/314
f 1513/859/323 1514/860/323 1002/860/323 1001/859/323
f 1182/861/317 1184/862/317 672/862/317 669/861/317
f 1514/242/324 1515/241/324 1003/241/324 1002/242/324
f 1184/72/318 1183/71/318 671/71/318 672/72/318
f 1515/863/325 1516/864/325 1004/864/325 1003/863/325
f 1349/516/320 1350/515/320 837/515/320 838/516/320
f 1185/865/326 1186/866/326 674/866/326 673/865/326
f 1516/628/327 1513/627/327 1001/627/327 1004/628/327
f 1351/867/319 1349/868/319 838/868/319 839/867/319
f 1186/78/328 1187/77/328 675/77/328 674/78/328
f 1350/869/321 1352/870/321 840/870/321 837/869/321
f 1187/871/329 1188/872/329 676/872/329 675/871/329
f 1352/156/322 1351/155/322 839/155/322 840/156/322
f 1188/394/330 1185/393/330 673/393/330 676/394/330
f 1517/630/324 1518/629/324 1005/629/324 1006/630/324
f 1353/873/331 1354/874/331 842/874/331 841/873/331
f 1519/875/323 1517/876/323 1006/876/323 1007/875/323
f 1354/162/332 1355/161/332 843/161/332 842/162/332
f 1518/877/325 1520/878/325 1008/878/325 1005/877/325
f 1355/879/333 1356/880/333 844/880/333 843/879/333
f 1189/396/328 1190/395/328 677/395/328 678/396/328
f 1025/881/334 1026/882/334 514/882/334 513/881/334
f 1520/240/327 1519/239/327 1007/239/327 1008/240/327
f 1356/520/335 1353/519/335 841/519/335 844/520/335
f 1191/883/326 1189/884/326 678/884/326 679/883/326
f 1026/4/336 1027/3/336 515/3/336 514/4/336
f 1521/885/337 1522/886/337 1010/886/337 1009/885/337
f 1190/887/329 1192/888/329 680/888/329 677/887/329
f 1027/889/338 1028/890/338 516/890/338 515/889/338
f 1522/246/339 1523/245/339 1011/245/339 1010/246/339
f 1192/76/330 1191/75/330 679/75/330 680/76/330
f 1028/260/340 1025/259/340 513/259/340 516/260/340
f 1523/891/341 1524/892/341 1012/892/341 1011/891/341
f 1357/522/332 1358/521/332 845/521/332 846/522/332
f 1193/893/342 1194/894/342 682/894/342 681/893/342
f 1524/634/343 1521/633/343 1009/633/343 1012/634/343
f 1359/895/331 1357/896/331 846/896/331 847/895/331
f 1194/82/344 1195/81/344 683/81/344 682/82/344
f 1358/897/333 1360/898/333 848/898/333 845/897/333
f 1195/899/345 1196/900/345 684/900/345 683/899/345
f 1029/262/336 1030/261/336 517/261/336 518/262/336
f 1360/160/335 1359/159/335 847/159/335 848/160/335
f 1196/400/346 1193/399/346 681/399/346 684/400/346
f 1031/901/334 1029/902/334 518/902/334 519/901/334
f 1525/636/339 1526/635/339 1013/635/339 1014/636/339
f 1361/903/347 1362/904/347 850/904/347 849/903/347
f 1030/905/338 1032/906/338 520/906/338 517/905/338
f 1527/907/337 1525/908/337 1014/908/337 1015/907/337
f 1362/166/348 1363/165/348 851/165/348 850/166/348
f 1032/256/340 1031/255/340 519/255/340 520/256/340
f 1526/909/341 1528/910/341 1016/910/341 1013/909/341
f 1363/911/349 1364/912/349 852/912/349 851/911/349
f 1197/402/344 1198/401/344 685/401/344 686/402/344
f 1033/913/350 1034/914/350 522/914/350 521/913/350
f 1528/244/343 1527/243/343 1015/243/343 1016/244/343
f 1364/528/351 1361/527/351 849/527/351 852/528/351
f 1199/915/342 1197/916/342 686/916/342 687/915/342
f 1034/250/352 1035/249/352 523/249/352 522/250/352
f 1529/917/353 1530/918/353 1018/918/353 1017/917/353
f 1198/919/345 1200/920/345 688/920/345 685/919/345
f 1035/921/354 1036/922/354 524/922/354 523/921/354
f 1530/2/355 1531/1/355 1019/1/355 1018/2/355
f 1200/80/346 1199/79/346 687/79/346 688/80/346
f 1036/268/356 1033/267/356 521/267/356 524/268/356
f 1531/923/357 1532/924/357 1020/924/357 1019/923/357
f 1365/530/348 1366/529/348 853/529/348 854/530/348
f 1201/925/358 1202/926/358 690/926/358 689/925/358
f 1532/638/359 1529/637/359 1017/637/359 1020/638/359
f 1367/927/347 1365/928/347 854/928/347 855/927/347
f 1202/86/360 1203/85/360 691/85/360 690/86/360
f 1366/929/349 1368/930/349 856/930/349 853/929/349
f 1203/931/361 1204/932/361 692/932/361 691/931/361
f 1037/270/352 1038/269/352 525/269/352 526/270/352
f 1368/164/351 1367/163/351 855/163/351 856/164/351
f 1204/408/362 1201/407/362 689/407/362 692/408/362
f 1039/933/350 1037/934/350 526/934/350 527/933/350
f 1533/640/355 1534/639/355 1021/639/355 1022/640/355
f 1369/935/363 1370/936/363 858/936/363 857/935/363
f 1038/937/354 1040/938/354 528/938/354 525/937/354
f 1535/939/353 1533/940/353 1022/940/353 1023/939/353
f 1370/170/364 1371/169/364 859/169/364 858/170/364
f 1040/258/365 1039/257/365 527/257/365 528/258/365
f 1534/941/357 1536/942/357 1024/942/357 1021/941/357
f 1371/943/366 1372/944/366 860/944/366 859/943/366
f 1205/410/360 1206/409/360 693/409/360 694/410/360
f 1041/945/367 1042/946/367 530/946/367 529/945/367
f 1536/248/359 1535/247/359 1023/247/359 1024/248/359
f 1372/532/368 1369/531/368 857/531/368 860/532/368
f 1207/947/358 1205/948/358 694/948/358 695/947/358
f 1042/6/369 1043/5/369 531/5/369 530/6/369
f 1206/949/361 1208/950/361 696/950/361 693/949/361
f 1043/951/370 1044/952/370 532/952/370 531/951/370
f 1208/84/362 1207/83/362 695/83/362 696/84/362
f 1044/276/371 1041/275/371 529/275/371 532/276/371
f 1373/534/364 1374/533/364 861/533/364 862/534/364
f 1209/953/372 1210/954/372 698/954/372 697/953/372
f 1375/955/363 1373/956/363 862/956/363 863/955/363
f 1210/90/373 1211/89/373 699/89/373 698/90/373
f 1374/957/366 1376/958/366 864/958/366 861/957/366
f 1211/959/374 1212/960/374 700/960/374 699/959/374
f 1045/278/369 1046/277/369 533/277/369 534/278/369
f 1376/168/368 1375/167/368 863/167/368 864/168/368
f 1212/416/375 1209/415/375 697/415/375 700/416/375
f 1047/961/367 1045/962/367 534/962/367 535/961/367
f 1377/963/376 1378/964/376 866/964/376 865/963/376
f 1046/965/370 1048/966/370 536/966/370 533/965/370
f 1378/174/377 1379/173/377 867/173/377 866/174/377
f 1048/252/371 1047/251/371 535/251/371 536/252/371
f 1379/967/378 1380/968/378 868/968/378 867/967/378
f 1213/418/379 1214/417/379 701/417/379 702/418/379
f 1049/969/380 1050/970/380 538/970/380 537/969/380
f 1380/540/381 1377/539/381 865/539/381 868/540/381
f 1215/971/372 1213/972/372 702/972/372 703/971/372
f 1050/10/382 1051/9/382 539/9/382 538/10/382
f 1214/973/374 1216/974/374 704/974/374 701/973/374
f 1051/975/383 1052/976/383 540/976/383 539/975/383
f 1216/88/375 1215/87/375 703/87/375 704/88/375
f 1052/282/384 1049/281/384 537/281/384 540/282/384
f 1381/542/377 1382/541/377 869/541/377 870/542/377
f 1217/977/385 1218/978/385 706/978/385 705/977/385
f 1383/979/376 1381/980/376 870/980/376 871/979/376
f 1218/94/386 1219/93/386 707/93/386 706/94/386
f 1382/981/378 1384/982/378 872/982/378 869/981/378
f 1219/983/387 1220/984/387 708/984/387 707/983/387
f 1053/284/382 1054/283/382 541/283/382 542/284/382
f 1384/172/381 1383/171/381 871/171/381 872/172/381
f 1220/420/388 1217/419/388 705/419/388 708/420/388
f 1055/985/380 1053/986/380 542/986/380 543/985/380
f 1385/987/389 1386/988/389 874/988/389 873/987/389
f 1054/989/383 1056/990/383 544/990/383 541/989/383
f 1386/178/390 1387/177/390 875/177/390 874/178/390
f 1056/8/384 1055/7/384 543/7/384 544/8/384
f 1387/991/391 1388/992/391 876/992/391 875/991/391
f 1221/422/386 1222/421/386 709/421/386 710/422/386
f 1057/993/392 1058/994/392 546/994/392 545/993/392
f 1388/546/393 1385/545/393 873/545/393 876/546/393
f 1223/995/385 1221/996/385 710/996/385 711/995/385
f 1058/14/394 1059/13/394 547/13/394 546/14/394
f 1222/997/387 1224/998/387 712/998/387 709/997/387
f 1059/999/395 1060/1000/395 548/1000/395 547/999/395
f 1224/92/388 1223/91/388 711/91/388 712/92/388
f 1060/290/396 1057/289/396 545/289/396 548/290/396
f 1389/548/390 1390/547/390 877/547/390 878/548/390
f 1225/1001/397 1226/1002/397 714/1002/397 713/1001/397
f 1391/1003/389 1389/1004/389 878/1004/389 879/1003/389
f 1226/98/398 1227/97/398 715/97/398 714/98/398
f 1390/1005/391 1392/1006/391 880/1006/391 877/1005/391
f 1227/1007/399 1228/1008/399 716/1008/399 715/1007/399
f 1061/292/394 1062/291/394 549/291/394 550/292/394
f 1392/176/393 1391/175/393 879/175/393 880/176/393
f 1228/428/400 1225/427/400 713/427/400 716/428/400
f 1063/1009/392 1061/1010/392 550/1010/392 551/1009/392
f 1393/1011/401 1394/1012/401 882/1012/401 881/1011/401
f 1062/1013/395 1064/1014/395 552/1014/395 549/1013/395
f 1394/182/402 1395/181/402 883/181/402 882/182/402
f 1064/12/396 1063/11/396 551/11/396 552/12/396
f 1395/1015/403 1396/1016/403 884/1016/403 883/1015/403
f 1229/430/398 1230/429/398 717/429/398 718/430/398
f 1065/1017/200 1066/1018/200 554/1018/200 553/1017/200
f 1396/554/203 1393/553/203 881/553/203 884/554/203
f 1231/1019/397 1229/1020/397 718/1020/397 719/1019/397
f 1066/18/204 1067/17/204 555/17/204 554/18/204
f 1230/1021/399 1232/1022/399 720/1022/399 717/1021/399
f 1067/1023/198 1068/1024/198 556/1024/198 555/1023/198
f 1232/96/400 1231/95/400 719/95/400 720/96/400
f 1068/296/196 1065/295/196 553/295/196 556/296/196
f 1397/556/404 1398/555/404 885/555/404 886/556/404
f 1233/1025/190 1234/1026/190 722/1026/190 721/1025/190
f 1399/1027/401 1397/1028/401 886/1028/401 887/1027/401
f 1234/102/194 1235/101/194 723/101/194 722/102/194
f 1398/1029/403 1400/1030/403 888/1030/403 885/1029/403
f 3/1031/405 1/1032/405 1026/882/405 1025/881/405
f 6/1033/406 8/1034/406 1028/890/406 1027/889/406
f 4/1035/405 3/1031/405 1025/881/405 1029/902/405
f 8/1034/406 7/1036/406 1030/905/406 1028/890/406
f 2/1037/405 4/1035/405 1029/902/405 1031/901/405
f 7/1036/406 5/1038/406 1032/906/406 1030/905/406
f 15/1039/406 13/1040/406 1034/914/406 1033/913/406
f 10/1041/405 12/1042/405 1036/922/405 1035/921/405
f 16/1043/406 15/1039/406 1033/913/406 1037/934/406
f 12/1042/405 11/1044/405 1038/937/405 1036/922/405
f 14/1045/406 16/1043/406 1037/934/406 1039/933/406
f 11/1044/405 9/1046/405 1040/938/405 1038/937/405
f 23/1047/406 21/1048/406 1042/946/406 1041/945/406
f 18/1049/405 20/1050/405 1044/952/405 1043/951/405
f 24/1051/406 23/1047/406 1041/945/406 1045/962/406
f 20/1050/405 19/1052/405 1046/965/405 1044/952/405
f 22/1053/406 24/1051/406 1045/962/406 1047/961/406
f 19/1052/405 17/1054/405 1048/966/405 1046/965/405
f 31/1055/406 29/1056/406 1050/970/406 1049/969/406
f 26/1057/405 28/1058/405 1052/976/405 1051/975/405
f 32/1059/406 31/1055/406 1049/969/406 1053/986/406
f 28/1058/405 27/1060/405 1054/989/405 1052/976/405
f 30/1061/406 32/1059/406 1053/986/406 1055/985/406
f 27/1060/405 25/1062/405 1056/990/405 1054/989/405
f 39/1063/406 37/1064/406 1058/994/406 1057/993/406
f 34/1065/405 36/1066/405 1060/1000/405 1059/999/405
f 40/1067/406 39/1063/406 1057/993/406 1061/1010/406
f 36/1066/405 35/1068/405 1062/1013/405 1060/1000/405
f 38/1069/406 40/1067/406 1061/1010/406 1063/1009/406
f 35/1068/405 33/1070/405 1064/1014/405 1062/1013/405
f 47/1071/406 45/1072/406 1066/1018/406 1065/1017/406
f 42/1073/405 44/1074/405 1068/1024/405 1067/1023/405
f 48/1075/406 47/1071/406 1065/1017/406 1069/632/406
f 44/1074/405 43/1076/405 1070/623/405 1068/1024/405
f 46/1077/406 48/1075/406 1069/632/406 1071/631/406
f 43/1076/405 41/1078/405 1072/624/405 1070/623/405
f 55/1079/406 53/1080/406 1074/608/406 1073/607/406
f 50/1081/405 52/1082/405 1076/594/405 1075/593/405
f 56/1083/406 55/1079/406 1073/607/406 1077/568/406
f 52/1082/405 51/1084/405 1078/563/405 1076/594/405
f 54/1085/406 56/1083/406 1077/568/406 1079/567/406
f 51/1084/405 49/1086/405 1080/564/405 1078/563/405
f 63/1087/406 61/1088/406 1082/552/406 1081/551/406
f 58/1089/405 60/1090/405 1084/536/405 1083/535/405
f 64/1091/406 63/1087/406 1081/551/406 1085/500/406
f 60/1090/405 59/1092/405 1086/491/405 1084/536/405
f 62/1093/406 64/1091/406 1085/500/406 1087/499/406
f 59/1092/405 57/1094/405 1088/492/405 1086/491/405
f 71/1095/406 69/1096/406 1090/476/406 1089/475/406
f 66/1097/405 68/1098/405 1092/460/405 1091/459/405
f 72/1099/406 71/1095/406 1089/475/406 1093/432/406
f 68/1098/405 67/1100/405 1094/423/405 1092/460/405
f 70/1101/406 72/1099/406 1093/432/406 1095/431/406
f 67/1100/405 65/1102/405 1096/424/405 1094/423/405
f 79/1103/406 77/1104/406 1098/406/406 1097/405/406
f 74/1105/405 76/1106/405 1100/390/405 1099/389/405
f 80/1107/406 79/1103/406 1097/405/406 1101/352/406
f 76/1106/405 75/1108/405 1102/343/405 1100/390/405
f 78/1109/406 80/1107/406 1101/352/406 1103/351/406
f 75/1108/405 73/1110/405 1104/344/405 1102/343/405
f 87/1111/406 85/1112/406 1106/330/406 1105/329/406
f 82/1113/405 84/1114/405 1108/314/405 1107/313/405
f 88/1115/406 87/1111/406 1105/329/406 1109/272/406
f 84/1114/405 83/1116/405 1110/263/405 1108/314/405
f 86/1117/406 88/1115/406 1109/272/406 1111/271/406
f 83/1116/405 81/1118/405 1112/264/405 1110/263/405
f 95/1119/406 93/1120/406 1114/650/406 1113/649/406
f 90/1121/405 92/1122/405 1116/656/405 1115/655/405
f 96/1123/406 95/1119/406 1113/649/406 1117/666/406
f 92/1122/405 91/1124/405 1118/669/405 1116/656/405
f 94/1125/406 96/1123/406 1117/666/406 1119/665/406
f 91/1124/405 89/1126/405 1120/670/405 1118/669/405
f 103/1127/406 101/1128/406 1122/674/406 1121/673/406
f 98/1129/405 100/1130/405 1124/680/405 1123/679/405
f 104/1131/406 103/1127/406 1121/673/406 1125/690/406
f 100/1130/405 99/1132/405 1126/693/405 1124/680/405
f 102/1133/406 104/1131/406 1125/690/406 1127/689/406
f 99/1132/405 97/1134/405 1128/694/405 1126/693/405
f 111/1135/406 109/1136/406 1130/698/406 1129/697/406
f 106/1137/405 108/1138/405 1132/704/405 1131/703/405
f 112/1139/406 111/1135/406 1129/697/406 1133/714/406
f 108/1138/405 107/1140/405 1134/717/405 1132/704/405
f 110/1141/406 112/1139/406 1133/714/406 1135/713/406
f 107/1140/405 105/1142/405 1136/718/405 1134/717/405
f 119/1143/406 117/1144/406 1138/722/406 1137/721/406
f 114/1145/405 116/1146/405 1140/728/405 1139/727/405
f 120/1147/406 119/1143/406 1137/721/406 1141/738/406
f 116/1146/405 115/1148/405 1142/741/405 1140/728/405
f 118/1149/406 120/1147/406 1141/738/406 1143/737/406
f 115/1148/405 113/1150/405 1144/742/405 1142/741/405
f 127/1151/406 125/1152/406 1146/746/406 1145/745/406
f 122/1153/405 124/1154/405 1148/752/405 1147/751/405
f 128/1155/406 127/1151/406 1145/745/406 1149/762/406
f 124/1154/405 123/1156/405 1150/765/405 1148/752/405
f 126/1157/406 128/1155/406 1149/762/406 1151/761/406
f 123/1156/405 121/1158/405 1152/766/405 1150/765/405
f 135/1159/406 133/1160/406 1154/770/406 1153/769/406
f 130/1161/405 132/1162/405 1156/776/405 1155/775/405
f 136/1163/406 135/1159/406 1153/769/406 1157/786/406
f 132/1162/405 131/1164/405 1158/789/405 1156/776/405
f 134/1165/406 136/1163/406 1157/786/406 1159/785/406
f 131/1164/405 129/1166/405 1160/790/405 1158/789/405
f 143/1167/406 141/1168/406 1162/794/406 1161/793/406
f 138/1169/405 140/1170/405 1164/800/405 1163/799/405
f 144/1171/406 143/1167/406 1161/793/406 1165/810/406
f 140/1170/405 139/1172/405 1166/813/405 1164/800/405
f 142/1173/406 144/1171/406 1165/810/406 1167/809/406
f 139/1172/405 137/1174/405 1168/814/405 1166/813/405
f 151/1175/406 149/1176/406 1170/818/406 1169/817/406
f 146/1177/405 148/1178/405 1172/824/405 1171/823/405
f 152/1179/406 151/1175/406 1169/817/406 1173/834/406
f 148/1178/405 147/1180/405 1174/837/405 1172/824/405
f 150/1181/406 152/1179/406 1173/834/406 1175/833/406
f 147/1180/405 145/1182/405 1176/838/405 1174/837/405
f 159/1183/406 157/1184/406 1178/842/406 1177/841/406
f 154/1185/405 156/1186/405 1180/848/405 1179/847/405
f 160/1187/406 159/1183/406 1177/841/406 1181/858/406
f 156/1186/405 155/1188/405 1182/861/405 1180/848/405
f 158/1189/406 160/1187/406 1181/858/406 1183/857/406
f 155/1188/405 153/1190/405 1184/862/405 1182/861/405
f 167/1191/406 165/1192/406 1186/866/406 1185/865/406
f 162/1193/405 164/1194/405 1188/872/405 1187/871/405
f 168/1195/406 167/1191/406 1185/865/406 1189/884/406
f 164/1194/405 163/1196/405 1190/887/405 1188/872/405
f 166/1197/406 168/1195/406 1189/884/406 1191/883/406
f 163/1196/405 161/1198/405 1192/888/405 1190/887/405
f 175/1199/406 173/1200/406 1194/894/406 1193/893/406
f 170/1201/405 172/1202/405 1196/900/405 1195/899/405
f 176/1203/406 175/1199/406 1193/893/406 1197/916/406
f 172/1202/405 171/1204/405 1198/919/405 1196/900/405
f 174/1205/406 176/1203/406 1197/916/406 1199/915/406
f 171/1204/405 169/1206/405 1200/920/405 1198/919/405
f 183/1207/406 181/1208/406 1202/926/406 1201/925/406
f 178/1209/405 180/1210/405 1204/932/405 1203/931/405
f 184/1211/406 183/1207/406 1201/925/406 1205/948/406
f 180/1210/405 179/1212/405 1206/949/405 1204/932/405
f 182/1213/406 184/1211/406 1205/948/406 1207/947/406
f 179/1212/405 177/1214/405 1208/950/405 1206/949/405
f 191/1215/406 189/1216/406 1210/954/406 1209/953/406
f 186/1217/405 188/1218/405 1212/960/405 1211/959/405
f 192/1219/406 191/1215/406 1209/953/406 1213/972/406
f 188/1218/405 187/1220/405 1214/973/405 1212/960/405
f 190/1221/406 192/1219/406 1213/972/406 1215/971/406
f 187/1220/405 185/1222/405 1216/974/405 1214/973/405
f 199/1223/406 197/1224/406 1218/978/406 1217/977/406
f 194/1225/405 196/1226/405 1220/984/405 1219/983/405
f 200/253/406 199/1223/406 1217/977/406 1221/996/406
f 196/1226/405 195/1227/405 1222/997/405 1220/984/405
f 198/254/406 200/253/406 1221/996/406 1223/995/406
f 195/1227/405 193/1228/405 1224/998/405 1222/997/405
f 207/1229/406 205/1230/406 1226/1002/406 1225/1001/406
f 202/1231/405 204/1232/405 1228/1008/405 1227/1007/405
f 208/1233/406 207/1229/406 1225/1001/406 1229/1020/406
f 204/1232/405 203/1234/405 1230/1021/405 1228/1008/405
f 206/1235/406 208/1233/406 1229/1020/406 1231/1019/406
f 203/1234/405 201/1236/405 1232/1022/405 1230/1021/405
f 215/1237/406 213/1238/406 1234/1026/406 1233/1025/406
f 210/1239/405 212/1240/405 1236/642/405 1235/641/405
f 216/1241/406 215/1237/406 1233/1025/406 1237/602/406
f 212/1240/405 211/1242/405 1238/595/405 1236/642/405
f 214/1243/406 216/1241/406 1237/602/406 1239/601/406
f 211/1242/405 209/1244/405 1240/596/405 1238/595/405
f 223/1245/406 221/1246/406 1242/584/406 1241/583/406
f 218/1247/405 220/1248/405 1244/570/405 1243/569/405
f 224/1249/406 223/1245/406 1241/583/406 1245/544/406
f 220/1248/405 219/1250/405 1246/537/405 1244/570/405
f 222/1251/406 224/1249/406 1245/544/406 1247/543/406
f 219/1250/405 217/1252/405 1248/538/405 1246/537/405
f 231/1253/406 229/1254/406 1250/524/406 1249/523/406
f 226/1255/405 228/1256/405 1252/510/405 1251/509/405
f 232/1257/406 231/1253/406 1249/523/406 1253/468/406
f 228/1256/405 227/1258/405 1254/461/405 1252/510/405
f 230/1259/406 232/1257/406 1253/468/406 1255/467/406
f 227/1258/405 225/1260/405 1256/462/405 1254/461/405
f 239/1261/406 237/1262/406 1258/454/406 1257/453/406
f 234/1263/405 236/1264/405 1260/444/405 1259/443/405
f 240/1265/406 239/1261/406 1257/453/406 1261/398/406
f 236/1264/405 235/1266/405 1262/391/405 1260/444/405
f 238/1267/406 240/1265/406 1261/398/406 1263/397/406
f 235/1266/405 233/1268/405 1264/392/405 1262/391/405
f 247/1269/406 245/1270/406 1266/378/406 1265/377/406
f 242/1271/405 244/1272/405 1268/364/405 1267/363/405
f 248/1273/406 247/1269/406 1265/377/406 1269/322/406
f 244/1272/405 243/1274/405 1270/315/405 1268/364/405
f 246/1275/406 248/1273/406 1269/322/406 1271/321/406
f 243/1274/405 241/1276/405 1272/316/405 1270/315/405
f 255/1277/406 253/1278/406 1274/300/406 1273/299/406
f 250/1279/405 252/1280/405 1276/286/405 1275/285/405
f 256/1281/406 255/1277/406 1273/299/406 1277/652/406
f 252/1280/405 251/1282/405 1278/653/405 1276/286/405
f 254/1283/406 256/1281/406 1277/652/406 1279/651/406
f 251/1282/405 249/1284/405 1280/654/405 1278/653/405
f 263/1285/406 261/1286/406 1282/658/406 1281/657/406
f 258/1287/405 260/1288/405 1284/664/405 1283/663/405
f 264/1289/406 263/1285/406 1281/657/406 1285/676/406
f 260/1288/405 259/1290/405 1286/677/405 1284/664/405
f 262/1291/406 264/1289/406 1285/676/406 1287/675/406
f 259/1290/405 257/1292/405 1288/678/405 1286/677/405
f 271/1293/406 269/1294/406 1290/682/406 1289/681/406
f 266/1295/405 268/1296/405 1292/688/405 1291/687/405
f 272/1297/406 271/1293/406 1289/681/406 1293/700/406
f 268/1296/405 267/1298/405 1294/701/405 1292/688/405
f 270/1299/406 272/1297/406 1293/700/406 1295/699/406
f 267/1298/405 265/1300/405 1296/702/405 1294/701/405
f 279/1301/406 277/1302/406 1298/706/406 1297/705/406
f 274/1303/405 276/1304/405 1300/712/405 1299/711/405
f 280/1305/406 279/1301/406 1297/705/406 1301/724/406
f 276/1304/405 275/1306/405 1302/725/405 1300/712/405
f 278/1307/406 280/1305/406 1301/724/406 1303/723/406
f 275/1306/405 273/1308/405 1304/726/405 1302/725/405
f 287/1309/406 285/1310/406 1306/730/406 1305/729/406
f 282/1311/405 284/1312/405 1308/736/405 1307/735/405
f 288/1313/406 287/1309/406 1305/729/406 1309/748/406
f 284/1312/405 283/1314/405 1310/749/405 1308/736/405
f 286/1315/406 288/1313/406 1309/748/406 1311/747/406
f 283/1314/405 281/1316/405 1312/750/405 1310/749/405
f 295/1317/406 293/1318/406 1314/754/406 1313/753/406
f 290/1319/405 292/1320/405 1316/760/405 1315/759/405
f 296/1321/406 295/1317/406 1313/753/406 1317/772/406
f 292/1320/405 291/1322/405 1318/773/405 1316/760/405
f 294/1323/406 296/1321/406 1317/772/406 1319/771/406
f 291/1322/405 289/1324/405 1320/774/405 1318/773/405
f 303/1325/406 301/1326/406 1322/778/406 1321/777/406
f 298/1327/405 300/1328/405 1324/784/405 1323/783/405
f 304/1329/406 303/1325/406 1321/777/406 1325/796/406
f 300/1328/405 299/1330/405 1326/797/405 1324/784/405
f 302/1331/406 304/1329/406 1325/796/406 1327/795/406
f 299/1330/405 297/1332/405 1328/798/405 1326/797/405
f 311/1333/406 309/1334/406 1330/802/406 1329/801/406
f 306/1335/405 308/1336/405 1332/808/405 1331/807/405
f 312/1337/406 311/1333/406 1329/801/406 1333/820/406
f 308/1336/405 307/1338/405 1334/821/405 1332/808/405
f 310/1339/406 312/1337/406 1333/820/406 1335/819/406
f 307/1338/405 305/1340/405 1336/822/405 1334/821/405
f 319/1341/406 317/1342/406 1338/826/406 1337/825/406
f 314/1343/405 316/1344/405 1340/832/405 1339/831/405
f 320/1345/406 319/1341/406 1337/825/406 1341/844/406
f 316/1344/405 315/1346/405 1342/845/405 1340/832/405
f 318/1347/406 320/1345/406 1341/844/406 1343/843/406
f 315/1346/405 313/1348/405 1344/846/405 1342/845/405
f 327/1349/406 325/1350/406 1346/850/406 1345/849/406
f 322/1351/405 324/1352/405 1348/856/405 1347/855/405
f 328/1353/406 327/1349/406 1345/849/406 1349/868/406
f 324/1352/405 323/1354/405 1350/869/405 1348/856/405
f 326/1355/406 328/1353/406 1349/868/406 1351/867/406
f 323/1354/405 321/1356/405 1352/870/405 1350/869/405
f 335/1357/406 333/1358/406 1354/874/406 1353/873/406
f 330/1359/405 332/1360/405 1356/880/405 1355/879/405
f 336/1361/406 335/1357/406 1353/873/406 1357/896/406
f 332/1360/405 331/1362/405 1358/897/405 1356/880/405
f 334/1363/406 336/1361/406 1357/896/406 1359/895/406
f 331/1362/405 329/1364/405 1360/898/405 1358/897/405
f 343/1365/406 341/1366/406 1362/904/406 1361/903/406
f 338/1367/405 340/1368/405 1364/912/405 1363/911/405
f 344/1369/406 343/1365/406 1361/903/406 1365/928/406
f 340/1368/405 339/1370/405 1366/929/405 1364/912/405
f 342/1371/406 344/1369/406 1365/928/406 1367/927/406
f 339/1370/405 337/1372/405 1368/930/405 1366/929/405
f 351/1373/406 349/1374/406 1370/936/406 1369/935/406
f 346/1375/405 348/1376/405 1372/944/405 1371/943/405
f 352/1377/406 351/1373/406 1369/935/406 1373/956/406
f 348/1376/405 347/1378/405 1374/957/405 1372/944/405
f 350/1379/406 352/1377/406 1373/956/406 1375/955/406
f 347/1378/405 345/1380/405 1376/958/405 1374/957/405
f 359/1381/406 357/1382/406 1378/964/406 1377/963/406
f 354/1383/405 356/1384/405 1380/968/405 1379/967/405
f 360/1385/406 359/1381/406 1377/963/406 1381/980/406
f 356/1384/405 355/1386/405 1382/981/405 1380/968/405
f 358/1387/406 360/1385/406 1381/980/406 1383/979/406
f 355/1386/405 353/1388/405 1384/982/405 1382/981/405
f 367/1389/406 365/1390/406 1386/988/406 1385/987/406
f 362/1391/405 364/1392/405 1388/992/405 1387/991/405
f 368/1393/406 367/1389/406 1385/987/406 1389/1004/406
f 364/1392/405 363/1394/405 1390/1005/405 1388/992/405
f 366/1395/406 368/1393/406 1389/1004/406 1391/1003/406
f 363/1394/405 361/1396/405 1392/1006/405 1390/1005/405
f 375/1397/406 373/1398/406 1394/1012/406 1393/1011/406
f 370/1399/405 372/1400/405 1396/1016/405 1395/1015/405
f 376/1401/406 375/1397/406 1393/1011/406 1397/1028/406
f 372/1400/405 371/1402/405 1398/1029/405 1396/1016/405
f 374/1403/406 376/1401/406 1397/1028/406 1399/1027/406
f 371/1402/405 369/1404/405 1400/1030/405 1398/1029/405
f 383/1405/406 381/1406/406 1402/626/406 1401/625/406
f 378/1407/405 380/1408/405 1404/614/405 1403/613/405
f 384/1409/406 383/1405/406 1401/625/406 1405/578/406
f 380/1408/405 379/1410/405 1406/571/405 1404/614/405
f 382/1411/406 384/1409/406 1405/578/406 1407/577/406
f 379/1410/405 377/1412/405 1408/572/405 1406/571/405
f 391/1413/406 389/1414/406 1410/566/406 1409/565/406
f 386/1415/405 388/1416/405 1412/558/405 1411/557/405
f 392/1417/406 391/1413/406 1409/565/406 1413/518/406
f 388/1416/405 387/1418/405 1414/511/405 1412/558/405
f 390/1419/406 392/1417/406 1413/518/406 1415/517/406
f 387/1418/405 385/1420/405 1416/512/405 1414/511/405
f 399/1421/406 397/1422/406 1418/494/406 1417/493/406
f 394/1423/405 396/1424/405 1420/482/405 1419/481/405
f 400/1425/406 399/1421/406 1417/493/406 1421/452/406
f 396/1424/405 395/1426/405 1422/445/405 1420/482/405
f 398/1427/406 400/1425/406 1421/452/406 1423/451/406
f 395/1426/405 393/1428/405 1424/446/405 1422/445/405
f 407/1429/406 405/1430/406 1426/426/406 1425/425/406
f 402/1431/405 404/1432/405 1428/414/405 1427/413/405
f 408/1433/406 407/1429/406 1425/425/406 1429/372/406
f 404/1432/405 403/1434/405 1430/365/405 1428/414/405
f 406/1435/406 408/1433/406 1429/372/406 1431/371/406
f 403/1434/405 401/1436/405 1432/366/405 1430/365/405
f 415/1437/406 413/1438/406 1434/346/406 1433/345/406
f 410/1439/405 412/1440/405 1436/334/405 1435/333/405
f 416/1441/406 415/1437/406 1433/345/406 1437/294/406
f 412/1440/405 411/1442/405 1438/287/405 1436/334/405
f 414/1443/406 416/1441/406 1437/294/406 1439/293/406
f 411/1442/405 409/1444/405 1440/288/405 1438/287/405
f 423/1445/406 421/1446/406 1442/266/406 1441/265/406
f 418/1447/405 420/1448/405 1444/648/405 1443/647/405
f 424/1449/406 423/1445/406 1441/265/406 1445/660/406
f 420/1448/405 419/1450/405 1446/661/405 1444/648/405
f 422/1451/406 424/1449/406 1445/660/406 1447/659/406
f 419/1450/405 417/1452/405 1448/662/405 1446/661/405
f 431/1453/406 429/1454/406 1450/668/406 1449/667/406
f 426/1455/405 428/1456/405 1452/672/405 1451/671/405
f 432/1457/406 431/1453/406 1449/667/406 1453/684/406
f 428/1456/405 427/1458/405 1454/685/405 1452/672/405
f 430/1459/406 432/1457/406 1453/684/406 1455/683/406
f 427/1458/405 425/1460/405 1456/686/405 1454/685/405
f 439/1461/406 437/1462/406 1458/692/406 1457/691/406
f 434/1463/405 436/1464/405 1460/696/405 1459/695/405
f 440/1465/406 439/1461/406 1457/691/406 1461/708/406
f 436/1464/405 435/1466/405 1462/709/405 1460/696/405
f 438/1467/406 440/1465/406 1461/708/406 1463/707/406
f 435/1466/405 433/1468/405 1464/710/405 1462/709/405
f 447/1469/406 445/1470/406 1466/716/406 1465/715/406
f 442/1471/405 444/1472/405 1468/720/405 1467/719/405
f 448/1473/406 447/1469/406 1465/715/406 1469/732/406
f 444/1472/405 443/1474/405 1470/733/405 1468/720/405
f 446/1475/406 448/1473/406 1469/732/406 1471/731/406
f 443/1474/405 441/1476/405 1472/734/405 1470/733/405
f 455/1477/406 453/1478/406 1474/740/406 1473/739/406
f 450/1479/405 452/1480/405 1476/744/405 1475/743/405
f 456/1481/406 455/1477/406 1473/739/406 1477/756/406
f 452/1480/405 451/1482/405 1478/757/405 1476/744/405
f 454/1483/406 456/1481/406 1477/756/406 1479/755/406
f 451/1482/405 449/1484/405 1480/758/405 1478/757/405
f 463/1485/406 461/1486/406 1482/764/406 1481/763/406
f 458/1487/405 460/1488/405 1484/768/405 1483/767/405
f 464/1489/406 463/1485/406 1481/763/406 1485/780/406
f 460/1488/405 459/1490/405 1486/781/405 1484/768/405
f 462/1491/406 464/1489/406 1485/780/406 1487/779/406
f 459/1490/405 457/1492/405 1488/782/405 1486/781/405
f 471/1493/406 469/1494/406 1490/788/406 1489/787/406
f 466/1495/405 468/1496/405 1492/792/405 1491/791/405
f 472/1497/406 471/1493/406 1489/787/406 1493/804/406
f 468/1496/405 467/1498/405 1494/805/405 1492/792/405
f 470/1499/406 472/1497/406 1493/804/406 1495/803/406
f 467/1498/405 465/1500/405 1496/806/405 1494/805/405
f 479/644/406 477/643/406 1498/812/406 1497/811/406
f 474/1501/405 476/1502/405 1500/816/405 1499/815/405
f 480/1503/406 479/644/406 1497/811/406 1501/828/406
f 476/1502/405 475/1504/405 1502/829/405 1500/816/405
f 478/1505/406 480/1503/406 1501/828/406 1503/827/406
f 475/1504/405 473/1506/405 1504/830/405 1502/829/405
f 487/1507/406 485/1508/406 1506/836/406 1505/835/406
f 482/1509/405 484/1510/405 1508/840/405 1507/839/405
f 488/1511/406 487/1507/406 1505/835/406 1509/852/406
f 484/1510/405 483/1512/405 1510/853/405 1508/840/405
f 486/1513/406 488/1511/406 1509/852/406 1511/851/406
f 483/1512/405 481/1514/405 1512/854/405 1510/853/405
f 495/1515/406 493/1516/406 1514/860/406 1513/859/406
f 490/1517/405 492/1518/405 1516/864/405 1515/863/405
f 496/1519/406 495/1515/406 1513/859/406 1517/876/406
f 492/1518/405 491/1520/405 1518/877/405 1516/864/405
f 494/1521/406 496/1519/406 1517/876/406 1519/875/406
f 491/1520/405 489/1522/405 1520/878/405 1518/877/405
f 503/1523/406 501/1524/406 1522/886/406 1521/885/406
f 498/1525/405 500/1526/405 1524/892/405 1523/891/405
f 504/1527/406 503/1523/406 1521/885/406 1525/908/406
f 500/1526/405 499/1528/405 1526/909/405 1524/892/405
f 502/1529/406 504/1527/406 1525/908/406 1527/907/406
f 499/1528/405 497/1530/405 1528/910/405 1526/909/405
f 511/1531/406 509/1532/406 1530/918/406 1529/917/406
f 506/1533/405 508/1534/405 1532/924/405 1531/923/405
f 512/1535/406 511/1531/406 1529/917/406 1533/940/406
f 508/1534/405 507/1536/405 1534/941/405 1532/924/405
f 510/1537/406 512/1535/406 1533/940/406 1535/939/406
f 507/1536/405 505/1538/405 1536/942/405 1534/941/405
f 1/1032/405 506/1533/405 1531/923/405 1026/882/405
f 9/1046/405 2/1037/405 1031/901/405 1040/938/405
f 17/1054/405 10/1041/405 1035/921/405 1048/966/405
f 25/1062/405 18/1049/405 1043/951/405 1056/990/405
f 33/1070/405 26/1057/405 1051/975/405 1064/1014/405
f 41/1078/405 34/1065/405 1059/999/405 1072/624/405
f 49/1086/405 42/1073/405 1067/1023/405 1080/564/405
f 57/1094/405 50/1081/405 1075/593/405 1088/492/405
f 65/1102/405 58/1089/405 1083/535/405 1096/424/405
f 73/1110/405 66/1097/405 1091/459/405 1104/344/405
f 81/1118/405 74/1105/405 1099/389/405 1112/264/405
f 89/1126/405 82/1113/405 1107/313/405 1120/670/405
f 97/1134/405 90/1121/405 1115/655/405 1128/694/405
f 105/1142/405 98/1129/405 1123/679/405 1136/718/405
f 113/1150/405 106/1137/405 1131/703/405 1144/742/405
f 121/1158/405 114/1145/405 1139/727/405 1152/766/405
f 129/1166/405 122/1153/405 1147/751/405 1160/790/405
f 137/1174/405 130/1161/405 1155/775/405 1168/814/405
f 145/1182/405 138/1169/405 1163/799/405 1176/838/405
f 153/1190/405 146/1177/405 1171/823/405 1184/862/405
f 161/1198/405 154/1185/405 1179/847/405 1192/888/405
f 169/1206/405 162/1193/405 1187/871/405 1200/920/405
f 177/1214/405 170/1201/405 1195/899/405 1208/950/405
f 185/1222/405 178/1209/405 1203/931/405 1216/974/405
f 193/1228/405 186/1217/405 1211/959/405 1224/998/405
f 201/1236/405 194/1225/405 1219/983/405 1232/1022/405
f 209/1244/405 202/1231/405 1227/1007/405 1240/596/405
f 217/1252/405 210/1239/405 1235/641/405 1248/538/405
f 225/1260/405 218/1247/405 1243/569/405 1256/462/405
f 233/1268/405 226/1255/405 1251/509/405 1264/392/405
f 241/1276/405 234/1263/405 1259/443/405 1272/316/405
f 249/1284/405 242/1271/405 1267/363/405 1280/654/405
f 257/1292/405 250/1279/405 1275/285/405 1288/678/405
f 265/1300/405 258/1287/405 1283/663/405 1296/702/405
f 273/1308/405 266/1295/405 1291/687/405 1304/726/405
f 281/1316/405 274/1303/405 1299/711/405 1312/750/405
f 289/1324/405 282/1311/405 1307/735/405 1320/774/405
f 297/1332/405 290/1319/405 1315/759/405 1328/798/405
f 305/1340/405 298/1327/405 1323/783/405 1336/822/405
f 313/1348/405 306/1335/405 1331/807/405 1344/846/405
f 321/1356/405 314/1343/405 1339/831/405 1352/870/405
f 329/1364/405 322/1351/405 1347/855/405 1360/898/405
f 337/1372/405 330/1359/405 1355/879/405 1368/930/405
f 345/1380/405 338/1367/405 1363/911/405 1376/958/405
f 353/1388/405 346/1375/405 1371/943/405 1384/982/405
f 361/1396/405 354/1383/405 1379/967/405 1392/1006/405
f 369/1404/405 362/1391/405 1387/991/405 1400/1030/405
f 377/1412/405 370/1399/405 1395/1015/405 1408/572/405
f 385/1420/405 378/1407/405 1403/613/405 1416/512/405
f 393/1428/405 386/1415/405 1411/557/405 1424/446/405
f 401/1436/405 394/1423/405 1419/481/405 1432/366/405
f 409/1444/405 402/1431/405 1427/413/405 1440/288/405
f 417/1452/405 410/1439/405 1435/333/405 1448/662/405
f 425/1460/405 418/1447/405 1443/647/405 1456/686/405
f 433/1468/405 426/1455/405 1451/671/405 1464/710/405
f 441/1476/405 434/1463/405 1459/695/405 1472/734/405
f 449/1484/405 442/1471/405 1467/719/405 1480/758/405
f 457/1492/405 450/1479/405 1475/743/405 1488/782/405
f 465/1500/405 458/1487/405 1483/767/405 1496/806/405
f 473/1506/405 466/1495/405 1491/791/405 1504/830/405
f 481/1514/405 474/1501/405 1499/815/405 1512/854/405
f 489/1522/405 482/1509/405 1507/839/405 1520/878/405
f 497/1530/405 490/1517/405 1515/863/405 1528/910/405
f 505/1538/405 498/1525/405 1523/891/405 1536/942/405
f 5/1038/406 14/1045/406 1039/933/406 1032/906/406
f 509/1532/406 6/1033/406 1027/889/406 1530/918/406
f 13/1040/406 22/1053/406 1047/961/406 1034/914/406
f 501/1524/406 510/1537/406 1535/939/406 1522/886/406
f 493/1516/406 502/1529/406 1527/907/406 1514/860/406
f 485/1508/406 494/1521/406 1519/875/406 1506/836/406
f 477/643/406 486/1513/406 1511/851/406 1498/812/406
f 469/1494/406 478/1505/406 1503/827/406 1490/788/406
f 461/1486/406 470/1499/406 1495/803/406 1482/764/406
f 453/1478/406 462/1491/406 1487/779/406 1474/740/406
f 445/1470/406 454/1483/406 1479/755/406 1466/716/406
f 437/1462/406 446/1475/406 1471/731/406 1458/692/406
f 429/1454/406 438/1467/406 1463/707/406 1450/668/406
f 421/1446/406 430/1459/406 1455/683/406 1442/266/406
f 413/1438/406 422/1451/406 1447/659/406 1434/346/406
f 405/1430/406 414/1443/406 1439/293/406 1426/426/406
f 397/1422/406 406/1435/406 1431/371/406 1418/494/406
f 389/1414/406 398/1427/406 1423/451/406 1410/566/406
f 381/1406/406 390/1419/406 1415/517/406 1402/626/406
f 373/1398/406 382/1411/406 1407/577/406 1394/1012/406
f 365/1390/406 374/1403/406 1399/1027/406 1386/988/406
f 357/1382/406 366/1395/406 1391/1003/406 1378/964/406
f 349/1374/406 358/1387/406 1383/979/406 1370/936/406
f 341/1366/406 350/1379/406 1375/955/406 1362/904/406
f 333/1358/406 342/1371/406 1367/927/406 1354/874/406
f 325/1350/406 334/1363/406 1359/895/406 1346/850/406
f 317/1342/406 326/1355/406 1351/867/406 1338/826/406
f 309/1334/406 318/1347/406 1343/843/406 1330/802/406
f 301/1326/406 310/1339/406 1335/819/406 1322/778/406
f 293/1318/406 302/1331/406 1327/795/406 1314/754/406
f 285/1310/406 294/1323/406 1319/771/406 1306/730/406
f 277/1302/406 286/1315/406 1311/747/406 1298/706/406
f 269/1294/406 278/1307/406 1303/723/406 1290/682/406
f 261/1286/406 270/1299/406 1295/699/406 1282/658/406
f 253/1278/406 262/1291/406 1287/675/406 1274/300/406
f 245/1270/406 254/1283/406 1279/651/406 1266/378/406
f 237/1262/406 246/1275/406 1271/321/406 1258/454/406
f 229/1254/406 238/1267/406 1263/397/406 1250/524/406
f 221/1246/406 230/1259/406 1255/467/406 1242/584/406
f 213/1238/406 222/1251/406 1247/543/406 1234/1026/406
f 205/1230/406 214/1243/406 1239/601/406 1226/1002/406
f 197/1224/406 206/1235/406 1231/1019/406 1218/978/406
f 189/1216/406 198/254/406 1223/995/406 1210/954/406
f 181/1208/406 190/1221/406 1215/971/406 1202/926/406
f 173/1200/406 182/1213/406 1207/947/406 1194/894/406
f 165/1192/406 174/1205/406 1199/915/406 1186/866/406
f 157/1184/406 166/1197/406 1191/883/406 1178/842/406
f 149/1176/406 158/1189/406 1183/857/406 1170/818/406
f 141/1168/406 150/1181/406 1175/833/406 1162/794/406
f 133/1160/406 142/1173/406 1167/809/406 1154/770/406
f 125/1152/406 134/1165/406 1159/785/406 1146/746/406
f 117/1144/406 126/1157/406 1151/761/406 1138/722/406
f 109/1136/406 118/1149/406 1143/737/406 1130/698/406
f 101/1128/406 110/1141/406 1135/713/406 1122/674/406
f 93/1120/406 102/1133/406 1127/689/406 1114/650/406
f 85/1112/406 94/1125/406 1119/665/406 1106/330/406
f 77/1104/406 86/1117/406 1111/271/406 1098/406/406
f 69/1096/406 78/1109/406 1103/351/406 1090/476/406
f 61/1088/406 70/1101/406 1095/431/406 1082/552/406
f 53/1080/406 62/1093/406 1087/499/406 1074/608/406
f 45/1072/406 54/1085/406 1079/567/406 1066/1018/406
f 37/1064/406 46/1077/406 1071/631/406 1058/994/406
f 29/1056/406 38/1069/406 1063/1009/406 1050/970/406
f 21/1048/406 30/1061/406 1055/985/406 1042/946/406
f 1744/1236/124 1742/1234/124 2254/1234/124 2256/1236/124
f 2020/1510/197 2019/1509/197 2531/1509/197 2532/1510/197
f 476/1502/129 474/1501/129 2011/1501/129 2012/1502/129
f 193/1228/64 195/1227/64 1734/1227/64 1736/1228/64
f 479/644/129 480/1503/129 2013/1503/129 2009/644/129
f 205/1230/191 207/1229/191 1737/1229/191 1738/1230/191
f 475/1504/129 476/1502/129 2012/1502/129 2014/1504/129
f 204/1232/191 202/1231/191 1739/1231/191 1740/1232/191
f 480/1503/129 478/1505/129 2015/1505/129 2013/1503/129
f 207/1229/191 208/1233/191 1741/1233/191 1737/1229/191
f 473/1506/129 475/1504/129 2014/1504/129 2016/1506/129
f 203/1234/191 204/1232/191 1740/1232/191 1742/1234/191
f 485/1508/131 487/1507/131 2017/1507/131 2018/1508/131
f 208/1233/191 206/1235/191 1743/1235/191 1741/1233/191
f 484/1510/131 482/1509/131 2019/1509/131 2020/1510/131
f 201/1236/191 203/1234/191 1742/1234/191 1744/1236/191
f 487/1507/131 488/1511/131 2021/1511/131 2017/1507/131
f 213/1238/193 215/1237/193 1745/1237/193 1746/1238/193
f 483/1512/131 484/1510/131 2020/1510/131 2022/1512/131
f 212/1240/193 210/1239/193 1747/1239/193 1748/1240/193
f 488/1511/131 486/1513/131 2023/1513/131 2021/1511/131
f 215/1237/193 216/1241/193 1749/1241/193 1745/1237/193
f 481/1514/131 483/1512/131 2022/1512/131 2024/1514/131
f 211/1242/193 212/1240/193 1748/1240/193 1750/1242/193
f 493/1516/207 495/1515/207 2025/1515/207 2026/1516/207
f 216/1241/193 214/1243/193 1751/1243/193 1749/1241/193
f 492/1518/207 490/1517/207 2027/1517/207 2028/1518/207
f 209/1244/193 211/1242/193 1750/1242/193 1752/1244/193
f 495/1515/133 496/1519/133 2029/1519/133 2025/1515/133
f 221/1246/195 223/1245/195 1753/1245/195 1754/1246/195
f 491/1520/133 492/1518/133 2028/1518/133 2030/1520/133
f 220/1248/195 218/1247/195 1755/1247/195 1756/1248/195
f 496/1519/207 494/1521/207 2031/1521/207 2029/1519/207
f 223/1245/195 224/1249/195 1757/1249/195 1753/1245/195
f 489/1522/207 491/1520/207 2030/1520/207 2032/1522/207
f 219/1250/195 220/1248/195 1756/1248/195 1758/1250/195
f 501/1524/135 503/1523/135 2033/1523/135 2034/1524/135
f 224/1249/195 222/1251/195 1759/1251/195 1757/1249/195
f 500/1526/135 498/1525/135 2035/1525/135 2036/1526/135
f 217/1252/195 219/1250/195 1758/1250/195 1760/1252/195
f 503/1523/135 504/1527/135 2037/1527/135 2033/1523/135
f 229/1254/197 231/1253/197 1761/1253/197 1762/1254/197
f 499/1528/135 500/1526/135 2036/1526/135 2038/1528/135
f 228/1256/197 226/1255/197 1763/1255/197 1764/1256/197
f 504/1527/135 502/1529/135 2039/1529/135 2037/1527/135
f 231/1253/197 232/1257/197 1765/1257/197 1761/1253/197
f 497/1530/135 499/1528/135 2038/1528/135 2040/1530/135
f 227/1258/197 228/1256/197 1764/1256/197 1766/1258/197
f 509/1532/137 511/1531/137 2041/1531/137 2042/1532/137
f 232/1257/197 230/1259/197 1767/1259/197 1765/1257/197
f 508/1534/407 506/1533/407 2043/1533/407 2044/1534/407
f 225/1260/197 227/1258/197 1766/1258/197 1768/1260/197
f 511/1531/137 512/1535/137 2045/1535/137 2041/1531/137
f 237/1262/209 239/1261/209 1769/1261/209 1770/1262/209
f 507/1536/137 508/1534/137 2044/1534/137 2046/1536/137
f 236/1264/209 234/1263/209 1771/1263/209 1772/1264/209
f 512/1535/137 510/1537/137 2047/1537/137 2045/1535/137
f 239/1261/199 240/1265/199 1773/1265/199 1769/1261/199
f 505/1538/137 507/1536/137 2046/1536/137 2048/1538/137
f 235/1266/199 236/1264/199 1772/1264/199 1774/1266/199
f 506/1533/31 1/1032/31 1538/1032/31 2043/1533/31
f 240/1265/209 238/1267/209 1775/1267/209 1773/1265/209
f 2/1037/32 9/1046/32 1552/1046/32 1543/1037/32
f 233/1268/209 235/1266/209 1774/1266/209 1776/1268/209
f 10/1041/33 17/1054/33 1560/1054/33 1547/1041/33
f 245/1270/202 247/1269/202 1777/1269/202 1778/1270/202
f 18/1049/34 25/1062/34 1568/1062/34 1555/1049/34
f 244/1272/202 242/1271/202 1779/1271/202 1780/1272/202
f 26/1057/35 33/1070/35 1576/1070/35 1563/1057/35
f 247/1269/202 248/1273/202 1781/1273/202 1777/1269/202
f 34/1065/36 41/1078/36 1584/1078/36 1571/1065/36
f 243/1274/202 244/1272/202 1780/1272/202 1782/1274/202
f 42/1073/37 49/1086/37 1592/1086/37 1579/1073/37
f 248/1273/202 246/1275/202 1783/1275/202 1781/1273/202
f 50/1081/38 57/1094/38 1600/1094/38 1587/1081/38
f 241/1276/202 243/1274/202 1782/1274/202 1784/1276/202
f 58/1089/39 65/1102/39 1608/1102/39 1595/1089/39
f 253/1278/205 255/1277/205 1785/1277/205 1786/1278/205
f 66/1097/40 73/1110/40 1616/1110/40 1603/1097/40
f 252/1280/408 250/1279/408 1787/1279/408 1788/1280/408
f 74/1105/41 81/1118/41 1624/1118/41 1611/1105/41
f 255/1277/205 256/1281/205 1789/1281/205 1785/1277/205
f 82/1113/42 89/1126/42 1632/1126/42 1619/1113/42
f 251/1282/205 252/1280/205 1788/1280/205 1790/1282/205
f 90/1121/43 97/1134/43 1640/1134/43 1627/1121/43
f 256/1281/205 254/1283/205 1791/1283/205 1789/1281/205
f 98/1129/44 105/1142/44 1648/1142/44 1635/1129/44
f 249/1284/205 251/1282/205 1790/1282/205 1792/1284/205
f 106/1137/45 113/1150/45 1656/1150/45 1643/1137/45
f 261/1286/67 263/1285/67 1793/1285/67 1794/1286/67
f 114/1145/46 121/1158/46 1664/1158/46 1651/1145/46
f 260/1288/67 258/1287/67 1795/1287/67 1796/1288/67
f 122/1153/47 129/1166/47 1672/1166/47 1659/1153/47
f 263/1285/67 264/1289/67 1797/1289/67 1793/1285/67
f 130/1161/48 137/1174/48 1680/1174/48 1667/1161/48
f 259/1290/67 260/1288/67 1796/1288/67 1798/1290/67
f 138/1169/49 145/1182/49 1688/1182/49 1675/1169/49
f 264/1289/67 262/1291/67 1799/1291/67 1797/1289/67
f 146/1177/50 153/1190/50 1696/1190/50 1683/1177/50
f 257/1292/67 259/1290/67 1798/1290/67 1800/1292/67
f 154/1185/51 161/1198/51 1704/1198/51 1691/1185/51
f 269/1294/70 271/1293/70 1801/1293/70 1802/1294/70
f 162/1193/52 169/1206/52 1712/1206/52 1699/1193/52
f 268/1296/70 266/1295/70 1803/1295/70 1804/1296/70
f 170/1201/53 177/1214/53 1720/1214/53 1707/1201/53
f 271/1293/70 272/1297/70 1805/1297/70 1801/1293/70
f 178/1209/54 185/1222/54 1728/1222/54 1715/1209/54
f 267/1298/70 268/1296/70 1804/1296/70 1806/1298/70
f 186/1217/55 193/1228/55 1736/1228/55 1723/1217/55
f 272/1297/409 270/1299/409 1807/1299/409 1805/1297/409
f 194/1225/56 201/1236/56 1744/1236/56 1731/1225/56
f 265/1300/70 267/1298/70 1806/1298/70 1808/1300/70
f 202/1231/57 209/1244/57 1752/1244/57 1739/1231/57
f 277/1302/73 279/1301/73 1809/1301/73 1810/1302/73
f 210/1239/58 217/1252/58 1760/1252/58 1747/1239/58
f 276/1304/73 274/1303/73 1811/1303/73 1812/1304/73
f 218/1247/59 225/1260/59 1768/1260/59 1755/1247/59
f 279/1301/73 280/1305/73 1813/1305/73 1809/1301/73
f 1/1032/139 3/1031/139 1537/1031/139 1538/1032/139
f 226/1255/60 233/1268/60 1776/1268/60 1763/1255/60
f 275/1306/73 276/1304/73 1812/1304/73 1814/1306/73
f 8/1034/139 6/1033/139 1539/1033/139 1540/1034/139
f 234/1263/61 241/1276/61 1784/1276/61 1771/1263/61
f 280/1305/73 278/1307/73 1815/1307/73 1813/1305/73
f 3/1031/139 4/1035/139 1541/1035/139 1537/1031/139
f 242/1271/62 249/1284/62 1792/1284/62 1779/1271/62
f 273/1308/73 275/1306/73 1814/1306/73 1816/1308/73
f 7/1036/139 8/1034/139 1540/1034/139 1542/1036/139
f 250/1279/1 257/1292/1 1800/1292/1 1787/1279/1
f 285/1310/206 287/1309/206 1817/1309/206 1818/1310/206
f 4/1035/139 2/1037/139 1543/1037/139 1541/1035/139
f 258/1287/65 265/1300/65 1808/1300/65 1795/1287/65
f 284/1312/206 282/1311/206 1819/1311/206 1820/1312/206
f 5/1038/139 7/1036/139 1542/1036/139 1544/1038/139
f 266/1295/63 273/1308/63 1816/1308/63 1803/1295/63
f 287/1309/76 288/1313/76 1821/1313/76 1817/1309/76
f 13/1040/141 15/1039/141 1545/1039/141 1546/1040/141
f 274/1303/2 281/1316/2 1824/1316/2 1811/1303/2
f 283/1314/76 284/1312/76 1820/1312/76 1822/1314/76
f 12/1042/141 10/1041/141 1547/1041/141 1548/1042/141
f 282/1311/3 289/1324/3 1832/1324/3 1819/1311/3
f 288/1313/206 286/1315/206 1823/1315/206 1821/1313/206
f 15/1039/141 16/1043/141 1549/1043/141 1545/1039/141
f 290/1319/4 297/1332/4 1840/1332/4 1827/1319/4
f 281/1316/206 283/1314/206 1822/1314/206 1824/1316/206
f 11/1044/141 12/1042/141 1548/1042/141 1550/1044/141
f 298/1327/5 305/1340/5 1848/1340/5 1835/1327/5
f 293/1318/79 295/1317/79 1825/1317/79 1826/1318/79
f 16/1043/410 14/1045/410 1551/1045/410 1549/1043/410
f 306/1335/6 313/1348/6 1856/1348/6 1843/1335/6
f 292/1320/79 290/1319/79 1827/1319/79 1828/1320/79
f 9/1046/141 11/1044/141 1550/1044/141 1552/1046/141
f 314/1343/7 321/1356/7 1864/1356/7 1851/1343/7
f 295/1317/79 296/1321/79 1829/1321/79 1825/1317/79
f 21/1048/142 23/1047/142 1553/1047/142 1554/1048/142
f 322/1351/8 329/1364/8 1872/1364/8 1859/1351/8
f 291/1322/79 292/1320/79 1828/1320/79 1830/1322/79
f 20/1050/142 18/1049/142 1555/1049/142 1556/1050/142
f 330/1359/9 337/1372/9 1880/1372/9 1867/1359/9
f 296/1321/79 294/1323/79 1831/1323/79 1829/1321/79
f 23/1047/142 24/1051/142 1557/1051/142 1553/1047/142
f 338/1367/10 345/1380/10 1888/1380/10 1875/1367/10
f 289/1324/79 291/1322/79 1830/1322/79 1832/1324/79
f 19/1052/142 20/1050/142 1556/1050/142 1558/1052/142
f 346/1375/11 353/1388/11 1896/1388/11 1883/1375/11
f 301/1326/82 303/1325/82 1833/1325/82 1834/1326/82
f 24/1051/142 22/1053/142 1559/1053/142 1557/1051/142
f 354/1383/12 361/1396/12 1904/1396/12 1891/1383/12
f 300/1328/82 298/1327/82 1835/1327/82 1836/1328/82
f 17/1054/142 19/1052/142 1558/1052/142 1560/1054/142
f 362/1391/13 369/1404/13 1912/1404/13 1899/1391/13
f 303/1325/82 304/1329/82 1837/1329/82 1833/1325/82
f 29/1056/208 31/1055/208 1561/1055/208 1562/1056/208
f 370/1399/14 377/1412/14 1920/1412/14 1907/1399/14
f 299/1330/82 300/1328/82 1836/1328/82 1838/1330/82
f 28/1058/208 26/1057/208 1563/1057/208 1564/1058/208
f 378/1407/15 385/1420/15 1928/1420/15 1915/1407/15
f 304/1329/82 302/1331/82 1839/1331/82 1837/1329/82
f 31/1055/144 32/1059/144 1565/1059/144 1561/1055/144
f 386/1415/16 393/1428/16 1936/1428/16 1923/1415/16
f 297/1332/82 299/1330/82 1838/1330/82 1840/1332/82
f 27/1060/144 28/1058/144 1564/1058/144 1566/1060/144
f 394/1423/17 401/1436/17 1944/1436/17 1931/1423/17
f 309/1334/85 311/1333/85 1841/1333/85 1842/1334/85
f 32/1059/208 30/1061/208 1567/1061/208 1565/1059/208
f 402/1431/18 409/1444/18 1952/1444/18 1939/1431/18
f 308/1336/85 306/1335/85 1843/1335/85 1844/1336/85
f 25/1062/208 27/1060/208 1566/1060/208 1568/1062/208
f 410/1439/19 417/1452/19 1960/1452/19 1947/1439/19
f 311/1333/85 312/1337/85 1845/1337/85 1841/1333/85
f 37/1064/147 39/1063/147 1569/1063/147 1570/1064/147
f 418/1447/20 425/1460/20 1968/1460/20 1955/1447/20
f 307/1338/85 308/1336/85 1844/1336/85 1846/1338/85
f 36/1066/147 34/1065/147 1571/1065/147 1572/1066/147
f 426/1455/21 433/1468/21 1976/1468/21 1963/1455/21
f 312/1337/85 310/1339/85 1847/1339/85 1845/1337/85
f 39/1063/147 40/1067/147 1573/1067/147 1569/1063/147
f 434/1463/22 441/1476/22 1984/1476/22 1971/1463/22
f 305/1340/85 307/1338/85 1846/1338/85 1848/1340/85
f 35/1068/147 36/1066/147 1572/1066/147 1574/1068/147
f 442/1471/23 449/1484/23 1992/1484/23 1979/1471/23
f 317/1342/88 319/1341/88 1849/1341/88 1850/1342/88
f 40/1067/147 38/1069/147 1575/1069/147 1573/1067/147
f 450/1479/24 457/1492/24 2000/1492/24 1987/1479/24
f 316/1344/88 314/1343/88 1851/1343/88 1852/1344/88
f 33/1070/147 35/1068/147 1574/1068/147 1576/1070/147
f 458/1487/25 465/1500/25 2008/1500/25 1995/1487/25
f 319/1341/88 320/1345/88 1853/1345/88 1849/1341/88
f 45/1072/149 47/1071/149 1577/1071/149 1578/1072/149
f 466/1495/26 473/1506/26 2016/1506/26 2003/1495/26
f 315/1346/88 316/1344/88 1852/1344/88 1854/1346/88
f 44/1074/149 42/1073/149 1579/1073/149 1580/1074/149
f 474/1501/27 481/1514/27 2024/1514/27 2011/1501/27
f 320/1345/88 318/1347/88 1855/1347/88 1853/1345/88
f 47/1071/149 48/1075/149 1581/1075/149 1577/1071/149
f 482/1509/28 489/1522/28 2032/1522/28 2019/1509/28
f 313/1348/88 315/1346/88 1854/1346/88 1856/1348/88
f 43/1076/149 44/1074/149 1580/1074/149 1582/1076/149
f 490/1517/29 497/1530/29 2040/1530/29 2027/1517/29
f 325/1350/90 327/1349/90 1857/1349/90 1858/1350/90
f 48/1075/149 46/1077/149 1583/1077/149 1581/1075/149
f 498/1525/30 505/1538/30 2048/1538/30 2035/1525/30
f 324/1352/90 322/1351/90 1859/1351/90 1860/1352/90
f 41/1078/149 43/1076/149 1582/1076/149 1584/1078/149
f 14/1045/32 5/1038/32 1544/1038/32 1551/1045/32
f 327/1349/90 328/1353/90 1861/1353/90 1857/1349/90
f 53/1080/151 55/1079/151 1585/1079/151 1586/1080/151
f 6/1033/31 509/1532/31 2042/1532/31 1539/1033/31
f 323/1354/90 324/1352/90 1860/1352/90 1862/1354/90
f 52/1082/151 50/1081/151 1587/1081/151 1588/1082/151
f 22/1053/33 13/1040/33 1546/1040/33 1559/1053/33
f 328/1353/90 326/1355/90 1863/1355/90 1861/1353/90
f 55/1079/151 56/1083/151 1589/1083/151 1585/1079/151
f 510/1537/30 501/1524/30 2034/1524/30 2047/1537/30
f 321/1356/90 323/1354/90 1862/1354/90 1864/1356/90
f 51/1084/151 52/1082/151 1588/1082/151 1590/1084/151
f 502/1529/29 493/1516/29 2026/1516/29 2039/1529/29
f 333/1358/92 335/1357/92 1865/1357/92 1866/1358/92
f 56/1083/151 54/1085/151 1591/1085/151 1589/1083/151
f 494/1521/28 485/1508/28 2018/1508/28 2031/1521/28
f 332/1360/92 330/1359/92 1867/1359/92 1868/1360/92
f 49/1086/151 51/1084/151 1590/1084/151 1592/1086/151
f 486/1513/27 477/643/27 2010/643/27 2023/1513/27
f 335/1357/92 336/1361/92 1869/1361/92 1865/1357/92
f 61/1088/154 63/1087/154 1593/1087/154 1594/1088/154
f 478/1505/26 469/1494/26 2002/1494/26 2015/1505/26
f 331/1362/92 332/1360/92 1868/1360/92 1870/1362/92
f 60/1090/154 58/1089/154 1595/1089/154 1596/1090/154
f 470/1499/25 461/1486/25 1994/1486/25 2007/1499/25
f 336/1361/92 334/1363/92 1871/1363/92 1869/1361/92
f 63/1087/154 64/1091/154 1597/1091/154 1593/1087/154
f 462/1491/24 453/1478/24 1986/1478/24 1999/1491/24
f 329/1364/92 331/1362/92 1870/1362/92 1872/1364/92
f 59/1092/154 60/1090/154 1596/1090/154 1598/1092/154
f 454/1483/23 445/1470/23 1978/1470/23 1991/1483/23
f 341/1366/93 343/1365/93 1873/1365/93 1874/1366/93
f 64/1091/154 62/1093/154 1599/1093/154 1597/1091/154
f 446/1475/22 437/1462/22 1970/1462/22 1983/1475/22
f 340/1368/93 338/1367/93 1875/1367/93 1876/1368/93
f 57/1094/154 59/1092/154 1598/1092/154 1600/1094/154
f 438/1467/21 429/1454/21 1962/1454/21 1975/1467/21
f 343/1365/93 344/1369/93 1877/1369/93 1873/1365/93
f 69/1096/411 71/1095/411 1601/1095/411 1602/1096/411
f 430/1459/20 421/1446/20 1954/1446/20 1967/1459/20
f 339/1370/93 340/1368/93 1876/1368/93 1878/1370/93
f 68/1098/411 66/1097/411 1603/1097/411 1604/1098/411
f 422/1451/19 413/1438/19 1946/1438/19 1959/1451/19
f 344/1369/93 342/1371/93 1879/1371/93 1877/1369/93
f 71/1095/156 72/1099/156 1605/1099/156 1601/1095/156
f 414/1443/18 405/1430/18 1938/1430/18 1951/1443/18
f 337/1372/93 339/1370/93 1878/1370/93 1880/1372/93
f 67/1100/156 68/1098/156 1604/1098/156 1606/1100/156
f 406/1435/17 397/1422/17 1930/1422/17 1943/1435/17
f 349/1374/95 351/1373/95 1881/1373/95 1882/1374/95
f 72/1099/156 70/1101/156 1607/1101/156 1605/1099/156
f 398/1427/16 389/1414/16 1922/1414/16 1935/1427/16
f 348/1376/95 346/1375/95 1883/1375/95 1884/1376/95
f 65/1102/156 67/1100/156 1606/1100/156 1608/1102/156
f 390/1419/15 381/1406/15 1914/1406/15 1927/1419/15
f 351/1373/95 352/1377/95 1885/1377/95 1881/1373/95
f 77/1104/158 79/1103/158 1609/1103/158 1610/1104/158
f 382/1411/14 373/1398/14 1906/1398/14 1919/1411/14
f 347/1378/95 348/1376/95 1884/1376/95 1886/1378/95
f 76/1106/158 74/1105/158 1611/1105/158 1612/1106/158
f 374/1403/13 365/1390/13 1898/1390/13 1911/1403/13
f 352/1377/95 350/1379/95 1887/1379/95 1885/1377/95
f 79/1103/158 80/1107/158 1613/1107/158 1609/1103/158
f 366/1395/12 357/1382/12 1890/1382/12 1903/1395/12
f 345/1380/95 347/1378/95 1886/1378/95 1888/1380/95
f 75/1108/158 76/1106/158 1612/1106/158 1614/1108/158
f 358/1387/11 349/1374/11 1882/1374/11 1895/1387/11
f 357/1382/97 359/1381/97 1889/1381/97 1890/1382/97
f 80/1107/158 78/1109/158 1615/1109/158 1613/1107/158
f 350/1379/10 341/1366/10 1874/1366/10 1887/1379/10
f 356/1384/97 354/1383/97 1891/1383/97 1892/1384/97
f 73/1110/158 75/1108/158 1614/1108/158 1616/1110/158
f 342/1371/9 333/1358/9 1866/1358/9 1879/1371/9
f 359/1381/97 360/1385/97 1893/1385/97 1889/1381/97
f 85/1112/160 87/1111/160 1617/1111/160 1618/1112/160
f 334/1363/8 325/1350/8 1858/1350/8 1871/1363/8
f 355/1386/97 356/1384/97 1892/1384/97 1894/1386/97
f 84/1114/160 82/1113/160 1619/1113/160 1620/1114/160
f 326/1355/7 317/1342/7 1850/1342/7 1863/1355/7
f 360/1385/97 358/1387/97 1895/1387/97 1893/1385/97
f 87/1111/160 88/1115/160 1621/1115/160 1617/1111/160
f 318/1347/6 309/1334/6 1842/1334/6 1855/1347/6
f 353/1388/97 355/1386/97 1894/1386/97 1896/1388/97
f 83/1116/160 84/1114/160 1620/1114/160 1622/1116/160
f 310/1339/5 301/1326/5 1834/1326/5 1847/1339/5
f 365/1390/99 367/1389/99 1897/1389/99 1898/1390/99
f 88/1115/160 86/1117/160 1623/1117/160 1621/1115/160
f 302/1331/4 293/1318/4 1826/1318/4 1839/1331/4
f 364/1392/99 362/1391/99 1899/1391/99 1900/1392/99
f 81/1118/160 83/1116/160 1622/1116/160 1624/1118/160
f 294/1323/3 285/1310/3 1818/1310/3 1831/1323/3
f 367/1389/99 368/1393/99 1901/1393/99 1897/1389/99
f 93/1120/162 95/1119/162 1625/1119/162 1626/1120/162
f 286/1315/2 277/1302/2 1810/1302/2 1823/1315/2
f 363/1394/99 364/1392/99 1900/1392/99 1902/1394/99
f 92/1122/162 90/1121/162 1627/1121/162 1628/1122/162
f 278/1307/63 269/1294/63 1802/1294/63 1815/1307/63
f 368/1393/99 366/1395/99 1903/1395/99 1901/1393/99
f 95/1119/162 96/1123/162 1629/1123/162 1625/1119/162
f 270/1299/65 261/1286/65 1794/1286/65 1807/1299/65
f 361/1396/99 363/1394/99 1902/1394/99 1904/1396/99
f 91/1124/162 92/1122/162 1628/1122/162 1630/1124/162
f 262/1291/1 253/1278/1 1786/1278/1 1799/1291/1
f 373/1398/101 375/1397/101 1905/1397/101 1906/1398/101
f 96/1123/162 94/1125/162 1631/1125/162 1629/1123/162
f 254/1283/62 245/1270/62 1778/1270/62 1791/1283/62
f 372/1400/101 370/1399/101 1907/1399/101 1908/1400/101
f 89/1126/162 91/1124/162 1630/1124/162 1632/1126/162
f 246/1275/61 237/1262/61 1770/1262/61 1783/1275/61
f 375/1397/101 376/1401/101 1909/1401/101 1905/1397/101
f 101/1128/164 103/1127/164 1633/1127/164 1634/1128/164
f 238/1267/60 229/1254/60 1762/1254/60 1775/1267/60
f 371/1402/101 372/1400/101 1908/1400/101 1910/1402/101
f 100/1130/164 98/1129/164 1635/1129/164 1636/1130/164
f 230/1259/59 221/1246/59 1754/1246/59 1767/1259/59
f 376/1401/101 374/1403/101 1911/1403/101 1909/1401/101
f 103/1127/164 104/1131/164 1637/1131/164 1633/1127/164
f 222/1251/58 213/1238/58 1746/1238/58 1759/1251/58
f 369/1404/101 371/1402/101 1910/1402/101 1912/1404/101
f 99/1132/164 100/1130/164 1636/1130/164 1638/1132/164
f 214/1243/57 205/1230/57 1738/1230/57 1751/1243/57
f 381/1406/104 383/1405/104 1913/1405/104 1914/1406/104
f 104/1131/164 102/1133/164 1639/1133/164 1637/1131/164
f 206/1235/56 197/1224/56 1730/1224/56 1743/1235/56
f 380/1408/104 378/1407/104 1915/1407/104 1916/1408/104
f 97/1134/164 99/1132/164 1638/1132/164 1640/1134/164
f 198/254/55 189/1216/55 1722/1216/55 1735/254/55
f 383/1405/104 384/1409/104 1917/1409/104 1913/1405/104
f 109/1136/166 111/1135/166 1641/1135/166 1642/1136/166
f 190/1221/54 181/1208/54 1714/1208/54 1727/1221/54
f 379/1410/104 380/1408/104 1916/1408/104 1918/1410/104
f 108/1138/166 106/1137/166 1643/1137/166 1644/1138/166
f 182/1213/53 173/1200/53 1706/1200/53 1719/1213/53
f 384/1409/104 382/1411/104 1919/1411/104 1917/1409/104
f 111/1135/166 112/1139/166 1645/1139/166 1641/1135/166
f 174/1205/52 165/1192/52 1698/1192/52 1711/1205/52
f 377/1412/104 379/1410/104 1918/1410/104 1920/1412/104
f 107/1140/166 108/1138/166 1644/1138/166 1646/1140/166
f 166/1197/51 157/1184/51 1690/1184/51 1703/1197/51
f 389/1414/106 391/1413/106 1921/1413/106 1922/1414/106
f 112/1139/166 110/1141/166 1647/1141/166 1645/1139/166
f 158/1189/50 149/1176/50 1682/1176/50 1695/1189/50
f 388/1416/106 386/1415/106 1923/1415/106 1924/1416/106
f 105/1142/166 107/1140/166 1646/1140/166 1648/1142/166
f 150/1181/49 141/1168/49 1674/1168/49 1687/1181/49
f 391/1413/106 392/1417/106 1925/1417/106 1921/1413/106
f 117/1144/167 119/1143/167 1649/1143/167 1650/1144/167
f 142/1173/48 133/1160/48 1666/1160/48 1679/1173/48
f 387/1418/106 388/1416/106 1924/1416/106 1926/1418/106
f 116/1146/167 114/1145/167 1651/1145/167 1652/1146/167
f 134/1165/47 125/1152/47 1658/1152/47 1671/1165/47
f 392/1417/106 390/1419/106 1927/1419/106 1925/1417/106
f 119/1143/167 120/1147/167 1653/1147/167 1649/1143/167
f 126/1157/46 117/1144/46 1650/1144/46 1663/1157/46
f 385/1420/106 387/1418/106 1926/1418/106 1928/1420/106
f 115/1148/167 116/1146/167 1652/1146/167 1654/1148/167
f 118/1149/45 109/1136/45 1642/1136/45 1655/1149/45
f 397/1422/108 399/1421/108 1929/1421/108 1930/1422/108
f 120/1147/167 118/1149/167 1655/1149/167 1653/1147/167
f 110/1141/44 101/1128/44 1634/1128/44 1647/1141/44
f 396/1424/108 394/1423/108 1931/1423/108 1932/1424/108
f 113/1150/167 115/1148/167 1654/1148/167 1656/1150/167
f 102/1133/43 93/1120/43 1626/1120/43 1639/1133/43
f 399/1421/108 400/1425/108 1933/1425/108 1929/1421/108
f 125/1152/169 127/1151/169 1657/1151/169 1658/1152/169
f 94/1125/42 85/1112/42 1618/1112/42 1631/1125/42
f 395/1426/108 396/1424/108 1932/1424/108 1934/1426/108
f 124/1154/169 122/1153/169 1659/1153/169 1660/1154/169
f 86/1117/41 77/1104/41 1610/1104/41 1623/1117/41
f 400/1425/108 398/1427/108 1935/1427/108 1933/1425/108
f 127/1151/169 128/1155/169 1661/1155/169 1657/1151/169
f 78/1109/40 69/1096/40 1602/1096/40 1615/1109/40
f 393/1428/108 395/1426/108 1934/1426/108 1936/1428/108
f 123/1156/169 124/1154/169 1660/1154/169 1662/1156/169
f 70/1101/39 61/1088/39 1594/1088/39 1607/1101/39
f 405/1430/110 407/1429/110 1937/1429/110 1938/1430/110
f 128/1155/169 126/1157/169 1663/1157/169 1661/1155/169
f 62/1093/38 53/1080/38 1586/1080/38 1599/1093/38
f 404/1432/110 402/1431/110 1939/1431/110 1940/1432/110
f 121/1158/169 123/1156/169 1662/1156/169 1664/1158/169
f 54/1085/37 45/1072/37 1578/1072/37 1591/1085/37
f 407/1429/110 408/1433/110 1941/1433/110 1937/1429/110
f 133/1160/171 135/1159/171 1665/1159/171 1666/1160/171
f 46/1077/36 37/1064/36 1570/1064/36 1583/1077/36
f 403/1434/110 404/1432/110 1940/1432/110 1942/1434/110
f 132/1162/171 130/1161/171 1667/1161/171 1668/1162/171
f 38/1069/35 29/1056/35 1562/1056/35 1575/1069/35
f 408/1433/110 406/1435/110 1943/1435/110 1941/1433/110
f 135/1159/171 136/1163/171 1669/1163/171 1665/1159/171
f 30/1061/34 21/1048/34 1554/1048/34 1567/1061/34
f 401/1436/110 403/1434/110 1942/1434/110 1944/1436/110
f 131/1164/171 132/1162/171 1668/1162/171 1670/1164/171
f 413/1438/112 415/1437/112 1945/1437/112 1946/1438/112
f 136/1163/171 134/1165/171 1671/1165/171 1669/1163/171
f 412/1440/112 410/1439/112 1947/1439/112 1948/1440/112
f 129/1166/171 131/1164/171 1670/1164/171 1672/1166/171
f 415/1437/112 416/1441/112 1949/1441/112 1945/1437/112
f 141/1168/173 143/1167/173 1673/1167/173 1674/1168/173
f 411/1442/112 412/1440/112 1948/1440/112 1950/1442/112
f 140/1170/173 138/1169/173 1675/1169/173 1676/1170/173
f 416/1441/112 414/1443/112 1951/1443/112 1949/1441/112
f 143/1167/173 144/1171/173 1677/1171/173 1673/1167/173
f 409/1444/112 411/1442/112 1950/1442/112 1952/1444/112
f 139/1172/173 140/1170/173 1676/1170/173 1678/1172/173
f 421/1446/114 423/1445/114 1953/1445/114 1954/1446/114
f 144/1171/173 142/1173/173 1679/1173/173 1677/1171/173
f 420/1448/114 418/1447/114 1955/1447/114 1956/1448/114
f 137/1174/173 139/1172/173 1678/1172/173 1680/1174/173
f 423/1445/114 424/1449/114 1957/1449/114 1953/1445/114
f 149/1176/175 151/1175/175 1681/1175/175 1682/1176/175
f 419/1450/114 420/1448/114 1956/1448/114 1958/1450/114
f 148/1178/175 146/1177/175 1683/1177/175 1684/1178/175
f 424/1449/114 422/1451/114 1959/1451/114 1957/1449/114
f 151/1175/175 152/1179/175 1685/1179/175 1681/1175/175
f 417/1452/114 419/1450/114 1958/1450/114 1960/1452/114
f 147/1180/175 148/1178/175 1684/1178/175 1686/1180/175
f 429/1454/116 431/1453/116 1961/1453/116 1962/1454/116
f 152/1179/175 150/1181/175 1687/1181/175 1685/1179/175
f 428/1456/116 426/1455/116 1963/1455/116 1964/1456/116
f 145/1182/175 147/1180/175 1686/1180/175 1688/1182/175
f 431/1453/116 432/1457/116 1965/1457/116 1961/1453/116
f 157/1184/178 159/1183/178 1689/1183/178 1690/1184/178
f 427/1458/116 428/1456/116 1964/1456/116 1966/1458/116
f 156/1186/178 154/1185/178 1691/1185/178 1692/1186/178
f 432/1457/116 430/1459/116 1967/1459/116 1965/1457/116
f 159/1183/178 160/1187/178 1693/1187/178 1689/1183/178
f 425/1460/116 427/1458/116 1966/1458/116 1968/1460/116
f 155/1188/178 156/1186/178 1692/1186/178 1694/1188/178
f 437/1462/118 439/1461/118 1969/1461/118 1970/1462/118
f 160/1187/178 158/1189/178 1695/1189/178 1693/1187/178
f 436/1464/118 434/1463/118 1971/1463/118 1972/1464/118
f 153/1190/178 155/1188/178 1694/1188/178 1696/1190/178
f 439/1461/118 440/1465/118 1973/1465/118 1969/1461/118
f 165/1192/180 167/1191/180 1697/1191/180 1698/1192/180
f 435/1466/118 436/1464/118 1972/1464/118 1974/1466/118
f 164/1194/180 162/1193/180 1699/1193/180 1700/1194/180
f 440/1465/118 438/1467/118 1975/1467/118 1973/1465/118
f 167/1191/180 168/1195/180 1701/1195/180 1697/1191/180
f 433/1468/118 435/1466/118 1974/1466/118 1976/1468/118
f 163/1196/180 164/1194/180 1700/1194/180 1702/1196/180
f 445/1470/120 447/1469/120 1977/1469/120 1978/1470/120
f 168/1195/180 166/1197/180 1703/1197/180 1701/1195/180
f 444/1472/120 442/1471/120 1979/1471/120 1980/1472/120
f 161/1198/180 163/1196/180 1702/1196/180 1704/1198/180
f 447/1469/120 448/1473/120 1981/1473/120 1977/1469/120
f 173/1200/182 175/1199/182 1705/1199/182 1706/1200/182
f 443/1474/120 444/1472/120 1980/1472/120 1982/1474/120
f 172/1202/182 170/1201/182 1707/1201/182 1708/1202/182
f 448/1473/120 446/1475/120 1983/1475/120 1981/1473/120
f 175/1199/182 176/1203/182 1709/1203/182 1705/1199/182
f 441/1476/120 443/1474/120 1982/1474/120 1984/1476/120
f 171/1204/182 172/1202/182 1708/1202/182 1710/1204/182
f 453/1478/122 455/1477/122 1985/1477/122 1986/1478/122
f 176/1203/182 174/1205/182 1711/1205/182 1709/1203/182
f 452/1480/122 450/1479/122 1987/1479/122 1988/1480/122
f 169/1206/182 171/1204/182 1710/1204/182 1712/1206/182
f 455/1477/122 456/1481/122 1989/1481/122 1985/1477/122
f 181/1208/184 183/1207/184 1713/1207/184 1714/1208/184
f 451/1482/122 452/1480/122 1988/1480/122 1990/1482/122
f 180/1210/184 178/1209/184 1715/1209/184 1716/1210/184
f 456/1481/122 454/1483/122 1991/1483/122 1989/1481/122
f 183/1207/184 184/1211/184 1717/1211/184 1713/1207/184
f 449/1484/122 451/1482/122 1990/1482/122 1992/1484/122
f 179/1212/184 180/1210/184 1716/1210/184 1718/1212/184
f 461/1486/124 463/1485/124 1993/1485/124 1994/1486/124
f 184/1211/184 182/1213/184 1719/1213/184 1717/1211/184
f 460/1488/124 458/1487/124 1995/1487/124 1996/1488/124
f 177/1214/184 179/1212/184 1718/1212/184 1720/1214/184
f 463/1485/124 464/1489/124 1997/1489/124 1993/1485/124
f 189/1216/186 191/1215/186 1721/1215/186 1722/1216/186
f 459/1490/124 460/1488/124 1996/1488/124 1998/1490/124
f 188/1218/186 186/1217/186 1723/1217/186 1724/1218/186
f 464/1489/124 462/1491/124 1999/1491/124 1997/1489/124
f 191/1215/186 192/1219/186 1725/1219/186 1721/1215/186
f 457/1492/124 459/1490/124 1998/1490/124 2000/1492/124
f 187/1220/186 188/1218/186 1724/1218/186 1726/1220/186
f 469/1494/126 471/1493/126 2001/1493/126 2002/1494/126
f 192/1219/186 190/1221/186 1727/1221/186 1725/1219/186
f 468/1496/126 466/1495/126 2003/1495/126 2004/1496/126
f 185/1222/186 187/1220/186 1726/1220/186 1728/1222/186
f 471/1493/126 472/1497/126 2005/1497/126 2001/1493/126
f 197/1224/188 199/1223/188 1729/1223/188 1730/1224/188
f 467/1498/126 468/1496/126 2004/1496/126 2006/1498/126
f 196/1226/188 194/1225/188 1731/1225/188 1732/1226/188
f 472/1497/126 470/1499/126 2007/1499/126 2005/1497/126
f 199/1223/188 200/253/188 1733/253/188 1729/1223/188
f 465/1500/126 467/1498/126 2006/1498/126 2008/1500/126
f 195/1227/188 196/1226/188 1732/1226/188 1734/1227/188
f 2058/1040/406 2057/1039/406 2061/1043/406 2063/1045/406 2056/1038/406 2054/1036/406 2052/1034/406 2051/1033/406 2554/1532/406 2553/1531/406 2557/1535/406 2559/1537/406 2546/1524/406 2545/1523/406 2549/1527/406 2551/1529/406 2538/1516/406 2537/1515/406 2541/1519/406 2543/1521/406 2530/1508/406 2529/1507/406 2533/1511/406 2535/1513/406 2522/643/406 2521/644/406 2525/1503/406 2527/1505/406 2514/1494/406 2513/1493/406 2517/1497/406 2519/1499/406 2506/1486/406 2505/1485/406 2509/1489/406 2511/1491/406 2498/1478/406 2497/1477/406 2501/1481/406 2503/1483/406 2490/1470/406 2489/1469/406 2493/1473/406 2495/1475/406 2482/1462/406 2481/1461/406 2485/1465/406 2487/1467/406 2474/1454/406 2473/1453/406 2477/1457/406 2479/1459/406 2466/1446/406 2465/1445/406 2469/1449/406 2471/1451/406 2458/1438/406 2457/1437/406 2461/1441/406 2463/1443/406 2450/1430/406 2449/1429/406 2453/1433/406 2455/1435/406 2442/1422/406 2441/1421/406 2445/1425/406 2447/1427/406 2434/1414/406 2433/1413/406 2437/1417/406 2439/1419/406 2426/1406/406 2425/1405/406 2429/1409/406 2431/1411/406 2418/1398/406 2417/1397/406 2421/1401/406 2423/1403/406 2410/1390/406 2409/1389/406 2413/1393/406 2415/1395/406 2402/1382/406 2401/1381/406 2405/1385/406 2407/1387/406 2394/1374/406 2393/1373/406 2397/1377/406 2399/1379/406 2386/1366/406 2385/1365/406 2389/1369/406 2391/1371/406 2378/1358/406 2377/1357/406 2381/1361/406 2383/1363/406 2370/1350/406 2369/1349/406 2373/1353/406 2375/1355/406 2362/1342/406 2361/1341/406 2365/1345/406 2367/1347/406 2354/1334/406 2353/1333/406 2357/1337/406 2359/1339/406 2346/1326/406 2345/1325/406 2349/1329/406 2351/1331/406 2338/1318/406 2337/1317/406 2341/1321/406 2343/1323/406 2330/1310/406 2329/1309/406 2333/1313/406 2335/1315/406 2322/1302/406 2321/1301/406 2325/1305/406 2327/1307/406 2314/1294/406 2313/1293/406 2317/1297/406 2319/1299/406 2306/1286/406 2305/1285/406 2309/1289/406 2311/1291/406 2298/1278/406 2297/1277/406 2301/1281/406 2303/1283/406 2290/1270/406 2289/1269/406 2293/1273/406 2295/1275/406 2282/1262/406 2281/1261/406 2285/1265/406 2287/1267/406 2274/1254/406 2273/1253/406 2277/1257/406 2279/1259/406 2266/1246/406 2265/1245/406 2269/1249/406 2271/1251/406 2258/1238/406 2257/1237/406 2261/1241/406 2263/1243/406 2250/1230/406 2249/1229/406 2253/1233/406 2255/1235/406 2242/1224/406 2241/1223/406 2245/253/406 2247/254/406 2234/1216/406 2233/1215/406 2237/1219/406 2239/1221/406 2226/1208/406 2225/1207/406 2229/1211/406 2231/1213/406 2218/1200/406 2217/1199/406 2221/1203/406 2223/1205/406 2210/1192/406 2209/1191/406 2213/1195/406 2215/1197/406 2202/1184/406 2201/1183/406 2205/1187/406 2207/1189/406 2194/1176/406 2193/1175/406 2197/1179/406 2199/1181/406 2186/1168/406 2185/1167/406 2189/1171/406 2191/1173/406 2178/1160/406 2177/1159/406 2181/1163/406 2183/1165/406 2170/1152/406 2169/1151/406 2173/1155/406 2175/1157/406 2162/1144/406 2161/1143/406 2165/1147/406 2167/1149/406 2154/1136/406 2153/1135/406 2157/1139/406 2159/1141/406 2146/1128/406 2145/1127/406 2149/1131/406 2151/1133/406 2138/1120/406 2137/1119/406 2141/1123/406 2143/1125/406 2130/1112/406 2129/1111/406 2133/1115/406 2135/1117/406 2122/1104/406 2121/1103/406 2125/1107/406 2127/1109/406 2114/1096/406 2113/1095/406 2117/1099/406 2119/1101/406 2106/1088/406 2105/1087/406 2109/1091/406 2111/1093/406 2098/1080/406 2097/1079/406 2101/1083/406 2103/1085/406 2090/1072/406 2089/1071/406 2093/1075/406 2095/1077/406 2082/1064/406 2081/1063/406 2085/1067/406 2087/1069/406 2074/1056/406 2073/1055/406 2077/1059/406 2079/1061/406 2066/1048/406 2065/1047/406 2069/1051/406 2071/1053/406
f 2050/1032/405 2049/1031/405 2053/1035/405 2055/1037/405 2064/1046/405 2062/1044/405 2060/1042/405 2059/1041/405 2072/1054/405 2070/1052/405 2068/1050/405 2067/1049/405 2080/1062/405 2078/1060/405 2076/1058/405 2075/1057/405 2088/1070/405 2086/1068/405 2084/1066/405 2083/1065/405 2096/1078/405 2094/1076/405 2092/1074/405 2091/1073/405 2104/1086/405 2102/1084/405 2100/1082/405 2099/1081/405 2112/1094/405 2110/1092/405 2108/1090/405 2107/1089/405 2120/1102/405 2118/1100/405 2116/1098/405 2115/1097/405 2128/1110/405 2126/1108/405 2124/1106/405 2123/1105/405 2136/1118/405 2134/1116/405 2132/1114/405 2131/1113/405 2144/1126/405 2142/1124/405 2140/1122/405 2139/1121/405 2152/1134/405 2150/1132/405 2148/1130/405 2147/1129/405 2160/1142/405 2158/1140/405 2156/1138/405 2155/1137/405 2168/1150/405 2166/1148/405 2164/1146/405 2163/1145/405 2176/1158/405 2174/1156/405 2172/1154/405 2171/1153/405 2184/1166/405 2182/1164/405 2180/1162/405 2179/1161/405 2192/1174/405 2190/1172/405 2188/1170/405 2187/1169/405 2200/1182/405 2198/1180/405 2196/1178/405 2195/1177/405 2208/1190/405 2206/1188/405 2204/1186/405 2203/1185/405 2216/1198/405 2214/1196/405 2212/1194/405 2211/1193/405 2224/1206/405 2222/1204/405 2220/1202/405 2219/1201/405 2232/1214/405 2230/1212/405 2228/1210/405 2227/1209/405 2240/1222/405 2238/1220/405 2236/1218/405 2235/1217/405 2248/1228/405 2246/1227/405 2244/1226/405 2243/1225/405 2256/1236/405 2254/1234/405 2252/1232/405 2251/1231/405 2264/1244/405 2262/1242/405 2260/1240/405 2259/1239/405 2272/1252/405 2270/1250/405 2268/1248/405 2267/1247/405 2280/1260/405 2278/1258/405 2276/1256/405 2275/1255/405 2288/1268/405 2286/1266/405 2284/1264/405 2283/1263/405 2296/1276/405 2294/1274/405 2292/1272/405 2291/1271/405 2304/1284/405 2302/1282/405 2300/1280/405 2299/1279/405 2312/1292/405 2310/1290/405 2308/1288/405 2307/1287/405 2320/1300/405 2318/1298/405 2316/1296/405 2315/1295/405 2328/1308/405 2326/1306/405 2324/1304/405 2323/1303/405 2336/1316/405 2334/1314/405 2332/1312/405 2331/1311/405 2344/1324/405 2342/1322/405 2340/1320/405 2339/1319/405 2352/1332/405 2350/1330/405 2348/1328/405 2347/1327/405 2360/1340/405 2358/1338/405 2356/1336/405 2355/1335/405 2368/1348/405 2366/1346/405 2364/1344/405 2363/1343/405 2376/1356/405 2374/1354/405 2372/1352/405 2371/1351/405 2384/1364/405 2382/1362/405 2380/1360/405 2379/1359/405 2392/1372/405 2390/1370/405 2388/1368/405 2387/1367/405 2400/1380/405 2398/1378/405 2396/1376/405 2395/1375/405 2408/1388/405 2406/1386/405 2404/1384/405 2403/1383/405 2416/1396/405 2414/1394/405 2412/1392/405 2411/1391/405 2424/1404/405 2422/1402/405 2420/1400/405 2419/1399/405 2432/1412/405 2430/1410/405 2428/1408/405 2427/1407/405 2440/1420/405 2438/1418/405 2436/1416/405 2435/1415/405 2448/1428/405 2446/1426/405 2444/1424/405 2443/1423/405 2456/1436/405 2454/1434/405 2452/1432/405 2451/1431/405 2464/1444/405 2462/1442/405 2460/1440/405 2459/1439/405 2472/1452/405 2470/1450/405 2468/1448/405 2467/1447/405 2480/1460/405 2478/1458/405 2476/1456/405 2475/1455/405 2488/1468/405 2486/1466/405 2484/1464/405 2483/1463/405 2496/1476/405 2494/1474/405 2492/1472/405 2491/1471/405 2504/1484/405 2502/1482/405 2500/1480/405 2499/1479/405 2512/1492/405 2510/1490/405 2508/1488/405 2507/1487/405 2520/1500/405 2518/1498/405 2516/1496/405 2515/1495/405 2528/1506/405 2526/1504/405 2524/1502/405 2523/1501/405 2536/1514/405 2534/1512/405 2532/1510/405 2531/1509/405 2544/1522/405 2542/1520/405 2540/1518/405 2539/1517/405 2552/1530/405 2550/1528/405 2548/1526/405 2547/1525/405 2560/1538/405 2558/1536/405 2556/1534/405 2555/1533/405
f 2017/1507/197 2021/1511/197 2533/1511/197 2529/1507/197
f 1746/1238/126 1745/1237/126 2257/1237/126 2258/1238/126
f 2022/1512/197 2020/1510/197 2532/1510/197 2534/1512/197
f 1748/1240/126 1747/1239/126 2259/1239/126 2260/1240/126
f 2021/1511/197 2023/1513/197 2535/1513/197 2533/1511/197
f 1745/1237/126 1749/1241/126 2261/1241/126 2257/1237/126
f 2024/1514/197 2022/1512/197 2534/1512/197 2536/1514/197
f 1750/1242/126 1748/1240/126 2260/1240/126 2262/1242/126
f 2026/1516/209 2025/1515/209 2537/1515/209 2538/1516/209
f 1749/1241/126 1751/1243/126 2263/1243/126 2261/1241/126
f 2028/1518/209 2027/1517/209 2539/1517/209 2540/1518/209
f 1752/1244/126 1750/1242/126 2262/1242/126 2264/1244/126
f 2025/1515/199 2029/1519/199 2541/1519/199 2537/1515/199
f 1754/1246/129 1753/1245/129 2265/1245/129 2266/1246/129
f 2030/1520/199 2028/1518/199 2540/1518/199 2542/1520/199
f 1756/1248/129 1755/1247/129 2267/1247/129 2268/1248/129
f 2029/1519/209 2031/1521/209 2543/1521/209 2541/1519/209
f 1753/1245/129 1757/1249/129 2269/1249/129 2265/1245/129
f 2032/1522/209 2030/1520/209 2542/1520/209 2544/1522/209
f 1758/1250/129 1756/1248/129 2268/1248/129 2270/1250/129
f 2034/1524/202 2033/1523/202 2545/1523/202 2546/1524/202
f 1757/1249/129 1759/1251/129 2271/1251/129 2269/1249/129
f 2036/1526/202 2035/1525/202 2547/1525/202 2548/1526/202
f 1760/1252/129 1758/1250/129 2270/1250/129 2272/1252/129
f 2033/1523/202 2037/1527/202 2549/1527/202 2545/1523/202
f 1762/1254/131 1761/1253/131 2273/1253/131 2274/1254/131
f 2038/1528/202 2036/1526/202 2548/1526/202 2550/1528/202
f 1764/1256/131 1763/1255/131 2275/1255/131 2276/1256/131
f 2037/1527/202 2039/1529/202 2551/1529/202 2549/1527/202
f 1761/1253/131 1765/1257/131 2277/1257/131 2273/1253/131
f 2040/1530/202 2038/1528/202 2550/1528/202 2552/1530/202
f 1766/1258/131 1764/1256/131 2276/1256/131 2278/1258/131
f 2042/1532/205 2041/1531/205 2553/1531/205 2554/1532/205
f 1765/1257/131 1767/1259/131 2279/1259/131 2277/1257/131
f 2044/1534/408 2043/1533/408 2555/1533/408 2556/1534/408
f 1768/1260/131 1766/1258/131 2278/1258/131 2280/1260/131
f 2041/1531/205 2045/1535/205 2557/1535/205 2553/1531/205
f 1770/1262/207 1769/1261/207 2281/1261/207 2282/1262/207
f 2046/1536/205 2044/1534/205 2556/1534/205 2558/1536/205
f 1772/1264/207 1771/1263/207 2283/1263/207 2284/1264/207
f 2045/1535/205 2047/1537/205 2559/1537/205 2557/1535/205
f 1769/1261/133 1773/1265/133 2285/1265/133 2281/1261/133
f 2048/1538/205 2046/1536/205 2558/1536/205 2560/1538/205
f 1774/1266/133 1772/1264/133 2284/1264/133 2286/1266/133
f 2043/1533/1 1538/1032/1 2050/1032/1 2555/1533/1
f 1773/1265/207 1775/1267/207 2287/1267/207 2285/1265/207
f 1543/1037/65 1552/1046/65 2064/1046/65 2055/1037/65
f 1776/1268/207 1774/1266/207 2286/1266/207 2288/1268/207
f 1547/1041/63 1560/1054/63 2072/1054/63 2059/1041/63
f 1778/1270/135 1777/1269/135 2289/1269/135 2290/1270/135
f 1555/1049/2 1568/1062/2 2080/1062/2 2067/1049/2
f 1780/1272/135 1779/1271/135 2291/1271/135 2292/1272/135
f 1563/1057/3 1576/1070/3 2088/1070/3 2075/1057/3
f 1777/1269/135 1781/1273/135 2293/1273/135 2289/1269/135
f 1571/1065/4 1584/1078/4 2096/1078/4 2083/1065/4
f 1782/1274/135 1780/1272/135 2292/1272/135 2294/1274/135
f 1579/1073/5 1592/1086/5 2104/1086/5 2091/1073/5
f 1781/1273/135 1783/1275/135 2295/1275/135 2293/1273/135
f 1587/1081/6 1600/1094/6 2112/1094/6 2099/1081/6
f 1784/1276/135 1782/1274/135 2294/1274/135 2296/1276/135
f 1595/1089/7 1608/1102/7 2120/1102/7 2107/1089/7
f 1786/1278/137 1785/1277/137 2297/1277/137 2298/1278/137
f 1603/1097/8 1616/1110/8 2128/1110/8 2115/1097/8
f 1788/1280/407 1787/1279/407 2299/1279/407 2300/1280/407
f 1611/1105/9 1624/1118/9 2136/1118/9 2123/1105/9
f 1785/1277/137 1789/1281/137 2301/1281/137 2297/1277/137
f 1619/1113/10 1632/1126/10 2144/1126/10 2131/1113/10
f 1790/1282/137 1788/1280/137 2300/1280/137 2302/1282/137
f 1627/1121/11 1640/1134/11 2152/1134/11 2139/1121/11
f 1789/1281/137 1791/1283/137 2303/1283/137 2301/1281/137
f 1635/1129/12 1648/1142/12 2160/1142/12 2147/1129/12
f 1792/1284/137 1790/1282/137 2302/1282/137 2304/1284/137
f 1643/1137/13 1656/1150/13 2168/1150/13 2155/1137/13
f 1794/1286/139 1793/1285/139 2305/1285/139 2306/1286/139
f 1651/1145/14 1664/1158/14 2176/1158/14 2163/1145/14
f 1796/1288/139 1795/1287/139 2307/1287/139 2308/1288/139
f 1659/1153/15 1672/1166/15 2184/1166/15 2171/1153/15
f 1793/1285/139 1797/1289/139 2309/1289/139 2305/1285/139
f 1667/1161/16 1680/1174/16 2192/1174/16 2179/1161/16
f 1798/1290/139 1796/1288/139 2308/1288/139 2310/1290/139
f 1675/1169/17 1688/1182/17 2200/1182/17 2187/1169/17
f 1797/1289/139 1799/1291/139 2311/1291/139 2309/1289/139
f 1683/1177/18 1696/1190/18 2208/1190/18 2195/1177/18
f 1800/1292/139 1798/1290/139 2310/1290/139 2312/1292/139
f 1691/1185/19 1704/1198/19 2216/1198/19 2203/1185/19
f 1802/1294/141 1801/1293/141 2313/1293/141 2314/1294/141
f 1699/1193/20 1712/1206/20 2224/1206/20 2211/1193/20
f 1804/1296/141 1803/1295/141 2315/1295/141 2316/1296/141
f 1707/1201/21 1720/1214/21 2232/1214/21 2219/1201/21
f 1801/1293/141 1805/1297/141 2317/1297/141 2313/1293/141
f 1715/1209/22 1728/1222/22 2240/1222/22 2227/1209/22
f 1806/1298/141 1804/1296/141 2316/1296/141 2318/1298/141
f 1723/1217/23 1736/1228/23 2248/1228/23 2235/1217/23
f 1805/1297/410 1807/1299/410 2319/1299/410 2317/1297/410
f 1731/1225/24 1744/1236/24 2256/1236/24 2243/1225/24
f 1808/1300/141 1806/1298/141 2318/1298/141 2320/1300/141
f 1739/1231/25 1752/1244/25 2264/1244/25 2251/1231/25
f 1810/1302/142 1809/1301/142 2321/1301/142 2322/1302/142
f 1747/1239/26 1760/1252/26 2272/1252/26 2259/1239/26
f 1812/1304/142 1811/1303/142 2323/1303/142 2324/1304/142
f 1755/1247/27 1768/1260/27 2280/1260/27 2267/1247/27
f 1809/1301/142 1813/1305/142 2325/1305/142 2321/1301/142
f 1538/1032/67 1537/1031/67 2049/1031/67 2050/1032/67
f 1763/1255/28 1776/1268/28 2288/1268/28 2275/1255/28
f 1814/1306/142 1812/1304/142 2324/1304/142 2326/1306/142
f 1540/1034/67 1539/1033/67 2051/1033/67 2052/1034/67
f 1771/1263/29 1784/1276/29 2296/1276/29 2283/1263/29
f 1813/1305/142 1815/1307/142 2327/1307/142 2325/1305/142
f 1537/1031/67 1541/1035/67 2053/1035/67 2049/1031/67
f 1779/1271/30 1792/1284/30 2304/1284/30 2291/1271/30
f 1816/1308/142 1814/1306/142 2326/1306/142 2328/1308/142
f 1542/1036/67 1540/1034/67 2052/1034/67 2054/1036/67
f 1787/1279/31 1800/1292/31 2312/1292/31 2299/1279/31
f 1818/1310/208 1817/1309/208 2329/1309/208 2330/1310/208
f 1541/1035/67 1543/1037/67 2055/1037/67 2053/1035/67
f 1795/1287/32 1808/1300/32 2320/1300/32 2307/1287/32
f 1820/1312/208 1819/1311/208 2331/1311/208 2332/1312/208
f 1544/1038/67 1542/1036/67 2054/1036/67 2056/1038/67
f 1803/1295/33 1816/1308/33 2328/1308/33 2315/1295/33
f 1817/1309/144 1821/1313/144 2333/1313/144 2329/1309/144
f 1546/1040/70 1545/1039/70 2057/1039/70 2058/1040/70
f 1811/1303/34 1824/1316/34 2336/1316/34 2323/1303/34
f 1822/1314/144 1820/1312/144 2332/1312/144 2334/1314/144
f 1548/1042/70 1547/1041/70 2059/1041/70 2060/1042/70
f 1819/1311/35 1832/1324/35 2344/1324/35 2331/1311/35
f 1821/1313/208 1823/1315/208 2335/1315/208 2333/1313/208
f 1545/1039/70 1549/1043/70 2061/1043/70 2057/1039/70
f 1827/1319/36 1840/1332/36 2352/1332/36 2339/1319/36
f 1824/1316/208 1822/1314/208 2334/1314/208 2336/1316/208
f 1550/1044/70 1548/1042/70 2060/1042/70 2062/1044/70
f 1835/1327/37 1848/1340/37 2360/1340/37 2347/1327/37
f 1826/1318/147 1825/1317/147 2337/1317/147 2338/1318/147
f 1549/1043/409 1551/1045/409 2063/1045/409 2061/1043/409
f 1843/1335/38 1856/1348/38 2368/1348/38 2355/1335/38
f 1828/1320/147 1827/1319/147 2339/1319/147 2340/1320/147
f 1552/1046/70 1550/1044/70 2062/1044/70 2064/1046/70
f 1851/1343/39 1864/1356/39 2376/1356/39 2363/1343/39
f 1825/1317/147 1829/1321/147 2341/1321/147 2337/1317/147
f 1554/1048/73 1553/1047/73 2065/1047/73 2066/1048/73
f 1859/1351/40 1872/1364/40 2384/1364/40 2371/1351/40
f 1830/1322/147 1828/1320/147 2340/1320/147 2342/1322/147
f 1556/1050/73 1555/1049/73 2067/1049/73 2068/1050/73
f 1867/1359/41 1880/1372/41 2392/1372/41 2379/1359/41
f 1829/1321/147 1831/1323/147 2343/1323/147 2341/1321/147
f 1553/1047/73 1557/1051/73 2069/1051/73 2065/1047/73
f 1875/1367/42 1888/1380/42 2400/1380/42 2387/1367/42
f 1832/1324/147 1830/1322/147 2342/1322/147 2344/1324/147
f 1558/1052/73 1556/1050/73 2068/1050/73 2070/1052/73
f 1883/1375/43 1896/1388/43 2408/1388/43 2395/1375/43
f 1834/1326/149 1833/1325/149 2345/1325/149 2346/1326/149
f 1557/1051/73 1559/1053/73 2071/1053/73 2069/1051/73
f 1891/1383/44 1904/1396/44 2416/1396/44 2403/1383/44
f 1836/1328/149 1835/1327/149 2347/1327/149 2348/1328/149
f 1560/1054/73 1558/1052/73 2070/1052/73 2072/1054/73
f 1899/1391/45 1912/1404/45 2424/1404/45 2411/1391/45
f 1833/1325/149 1837/1329/149 2349/1329/149 2345/1325/149
f 1562/1056/206 1561/1055/206 2073/1055/206 2074/1056/206
f 1907/1399/46 1920/1412/46 2432/1412/46 2419/1399/46
f 1838/1330/149 1836/1328/149 2348/1328/149 2350/1330/149
f 1564/1058/206 1563/1057/206 2075/1057/206 2076/1058/206
f 1915/1407/47 1928/1420/47 2440/1420/47 2427/1407/47
f 1837/1329/149 1839/1331/149 2351/1331/149 2349/1329/149
f 1561/1055/76 1565/1059/76 2077/1059/76 2073/1055/76
f 1923/1415/48 1936/1428/48 2448/1428/48 2435/1415/48
f 1840/1332/149 1838/1330/149 2350/1330/149 2352/1332/149
f 1566/1060/76 1564/1058/76 2076/1058/76 2078/1060/76
f 1931/1423/49 1944/1436/49 2456/1436/49 2443/1423/49
f 1842/1334/151 1841/1333/151 2353/1333/151 2354/1334/151
f 1565/1059/206 1567/1061/206 2079/1061/206 2077/1059/206
f 1939/1431/50 1952/1444/50 2464/1444/50 2451/1431/50
f 1844/1336/151 1843/1335/151 2355/1335/151 2356/1336/151
f 1568/1062/206 1566/1060/206 2078/1060/206 2080/1062/206
f 1947/1439/51 1960/1452/51 2472/1452/51 2459/1439/51
f 1841/1333/151 1845/1337/151 2357/1337/151 2353/1333/151
f 1570/1064/79 1569/1063/79 2081/1063/79 2082/1064/79
f 1955/1447/52 1968/1460/52 2480/1460/52 2467/1447/52
f 1846/1338/151 1844/1336/151 2356/1336/151 2358/1338/151
f 1572/1066/79 1571/1065/79 2083/1065/79 2084/1066/79
f 1963/1455/53 1976/1468/53 2488/1468/53 2475/1455/53
f 1845/1337/151 1847/1339/151 2359/1339/151 2357/1337/151
f 1569/1063/79 1573/1067/79 2085/1067/79 2081/1063/79
f 1971/1463/54 1984/1476/54 2496/1476/54 2483/1463/54
f 1848/1340/151 1846/1338/151 2358/1338/151 2360/1340/151
f 1574/1068/79 1572/1066/79 2084/1066/79 2086/1068/79
f 1979/1471/55 1992/1484/55 2504/1484/55 2491/1471/55
f 1850/1342/154 1849/1341/154 2361/1341/154 2362/1342/154
f 1573/1067/79 1575/1069/79 2087/1069/79 2085/1067/79
f 1987/1479/56 2000/1492/56 2512/1492/56 2499/1479/56
f 1852/1344/154 1851/1343/154 2363/1343/154 2364/1344/154
f 1576/1070/79 1574/1068/79 2086/1068/79 2088/1070/79
f 1995/1487/57 2008/1500/57 2520/1500/57 2507/1487/57
f 1849/1341/154 1853/1345/154 2365/1345/154 2361/1341/154
f 1578/1072/82 1577/1071/82 2089/1071/82 2090/1072/82
f 2003/1495/58 2016/1506/58 2528/1506/58 2515/1495/58
f 1854/1346/154 1852/1344/154 2364/1344/154 2366/1346/154
f 1580/1074/82 1579/1073/82 2091/1073/82 2092/1074/82
f 2011/1501/59 2024/1514/59 2536/1514/59 2523/1501/59
f 1853/1345/154 1855/1347/154 2367/1347/154 2365/1345/154
f 1577/1071/82 1581/1075/82 2093/1075/82 2089/1071/82
f 2019/1509/60 2032/1522/60 2544/1522/60 2531/1509/60
f 1856/1348/154 1854/1346/154 2366/1346/154 2368/1348/154
f 1582/1076/82 1580/1074/82 2092/1074/82 2094/1076/82
f 2027/1517/61 2040/1530/61 2552/1530/61 2539/1517/61
f 1858/1350/411 1857/1349/411 2369/1349/411 2370/1350/411
f 1581/1075/82 1583/1077/82 2095/1077/82 2093/1075/82
f 2035/1525/62 2048/1538/62 2560/1538/62 2547/1525/62
f 1860/1352/411 1859/1351/411 2371/1351/411 2372/1352/411
f 1584/1078/82 1582/1076/82 2094/1076/82 2096/1078/82
f 1551/1045/65 1544/1038/65 2056/1038/65 2063/1045/65
f 1857/1349/156 1861/1353/156 2373/1353/156 2369/1349/156
f 1586/1080/85 1585/1079/85 2097/1079/85 2098/1080/85
f 1539/1033/1 2042/1532/1 2554/1532/1 2051/1033/1
f 1862/1354/156 1860/1352/156 2372/1352/156 2374/1354/156
f 1588/1082/85 1587/1081/85 2099/1081/85 2100/1082/85
f 1559/1053/63 1546/1040/63 2058/1040/63 2071/1053/63
f 1861/1353/156 1863/1355/156 2375/1355/156 2373/1353/156
f 1585/1079/85 1589/1083/85 2101/1083/85 2097/1079/85
f 2047/1537/62 2034/1524/62 2546/1524/62 2559/1537/62
f 1864/1356/156 1862/1354/156 2374/1354/156 2376/1356/156
f 1590/1084/85 1588/1082/85 2100/1082/85 2102/1084/85
f 2039/1529/61 2026/1516/61 2538/1516/61 2551/1529/61
f 1866/1358/158 1865/1357/158 2377/1357/158 2378/1358/158
f 1589/1083/85 1591/1085/85 2103/1085/85 2101/1083/85
f 2031/1521/60 2018/1508/60 2530/1508/60 2543/1521/60
f 1868/1360/158 1867/1359/158 2379/1359/158 2380/1360/158
f 1592/1086/85 1590/1084/85 2102/1084/85 2104/1086/85
f 2023/1513/59 2010/643/59 2522/643/59 2535/1513/59
f 1865/1357/158 1869/1361/158 2381/1361/158 2377/1357/158
f 1594/1088/88 1593/1087/88 2105/1087/88 2106/1088/88
f 2015/1505/58 2002/1494/58 2514/1494/58 2527/1505/58
f 1870/1362/158 1868/1360/158 2380/1360/158 2382/1362/158
f 1596/1090/88 1595/1089/88 2107/1089/88 2108/1090/88
f 2007/1499/57 1994/1486/57 2506/1486/57 2519/1499/57
f 1869/1361/158 1871/1363/158 2383/1363/158 2381/1361/158
f 1593/1087/88 1597/1091/88 2109/1091/88 2105/1087/88
f 1999/1491/56 1986/1478/56 2498/1478/56 2511/1491/56
f 1872/1364/158 1870/1362/158 2382/1362/158 2384/1364/158
f 1598/1092/88 1596/1090/88 2108/1090/88 2110/1092/88
f 1991/1483/55 1978/1470/55 2490/1470/55 2503/1483/55
f 1874/1366/160 1873/1365/160 2385/1365/160 2386/1366/160
f 1597/1091/88 1599/1093/88 2111/1093/88 2109/1091/88
f 1983/1475/54 1970/1462/54 2482/1462/54 2495/1475/54
f 1876/1368/160 1875/1367/160 2387/1367/160 2388/1368/160
f 1600/1094/88 1598/1092/88 2110/1092/88 2112/1094/88
f 1873/1365/160 1877/1369/160 2389/1369/160 2385/1365/160
f 1602/1096/412 1601/1095/412 2113/1095/412 2114/1096/412
f 1878/1370/160 1876/1368/160 2388/1368/160 2390/1370/160
f 1604/1098/412 1603/1097/412 2115/1097/412 2116/1098/412
f 1877/1369/160 1879/1371/160 2391/1371/160 2389/1369/160
f 1601/1095/90 1605/1099/90 2117/1099/90 2113/1095/90
f 1880/1372/160 1878/1370/160 2390/1370/160 2392/1372/160
f 1606/1100/90 1604/1098/90 2116/1098/90 2118/1100/90
f 1882/1374/162 1881/1373/162 2393/1373/162 2394/1374/162
f 1605/1099/90 1607/1101/90 2119/1101/90 2117/1099/90
f 1884/1376/162 1883/1375/162 2395/1375/162 2396/1376/162
f 1608/1102/90 1606/1100/90 2118/1100/90 2120/1102/90
f 1881/1373/162 1885/1377/162 2397/1377/162 2393/1373/162
f 1975/1467/53 1962/1454/53 2474/1454/53 2487/1467/53
f 1610/1104/92 1609/1103/92 2121/1103/92 2122/1104/92
f 1886/1378/162 1884/1376/162 2396/1376/162 2398/1378/162
f 1967/1459/52 1954/1446/52 2466/1446/52 2479/1459/52
f 1612/1106/92 1611/1105/92 2123/1105/92 2124/1106/92
f 1885/1377/162 1887/1379/162 2399/1379/162 2397/1377/162
f 1959/1451/51 1946/1438/51 2458/1438/51 2471/1451/51
f 1609/1103/92 1613/1107/92 2125/1107/92 2121/1103/92
f 1888/1380/162 1886/1378/162 2398/1378/162 2400/1380/162
f 1951/1443/50 1938/1430/50 2450/1430/50 2463/1443/50
f 1614/1108/92 1612/1106/92 2124/1106/92 2126/1108/92
f 1890/1382/164 1889/1381/164 2401/1381/164 2402/1382/164
f 1943/1435/49 1930/1422/49 2442/1422/49 2455/1435/49
f 1613/1107/92 1615/1109/92 2127/1109/92 2125/1107/92
f 1892/1384/164 1891/1383/164 2403/1383/164 2404/1384/164
f 1935/1427/48 1922/1414/48 2434/1414/48 2447/1427/48
f 1616/1110/92 1614/1108/92 2126/1108/92 2128/1110/92
f 1889/1381/164 1893/1385/164 2405/1385/164 2401/1381/164
f 1927/1419/47 1914/1406/47 2426/1406/47 2439/1419/47
f 1618/1112/93 1617/1111/93 2129/1111/93 2130/1112/93
f 1894/1386/164 1892/1384/164 2404/1384/164 2406/1386/164
f 1919/1411/46 1906/1398/46 2418/1398/46 2431/1411/46
f 1620/1114/93 1619/1113/93 2131/1113/93 2132/1114/93
f 1893/1385/164 1895/1387/164 2407/1387/164 2405/1385/164
f 1911/1403/45 1898/1390/45 2410/1390/45 2423/1403/45
f 1617/1111/93 1621/1115/93 2133/1115/93 2129/1111/93
f 1896/1388/164 1894/1386/164 2406/1386/164 2408/1388/164
f 1903/1395/44 1890/1382/44 2402/1382/44 2415/1395/44
f 1622/1116/93 1620/1114/93 2132/1114/93 2134/1116/93
f 1898/1390/166 1897/1389/166 2409/1389/166 2410/1390/166
f 1895/1387/43 1882/1374/43 2394/1374/43 2407/1387/43
f 1621/1115/93 1623/1117/93 2135/1117/93 2133/1115/93
f 1900/1392/166 1899/1391/166 2411/1391/166 2412/1392/166
f 1887/1379/42 1874/1366/42 2386/1366/42 2399/1379/42
f 1624/1118/93 1622/1116/93 2134/1116/93 2136/1118/93
f 1897/1389/166 1901/1393/166 2413/1393/166 2409/1389/166
f 1879/1371/41 1866/1358/41 2378/1358/41 2391/1371/41
f 1626/1120/95 1625/1119/95 2137/1119/95 2138/1120/95
f 1902/1394/166 1900/1392/166 2412/1392/166 2414/1394/166
f 1871/1363/40 1858/1350/40 2370/1350/40 2383/1363/40
f 1628/1122/95 1627/1121/95 2139/1121/95 2140/1122/95
f 1901/1393/166 1903/1395/166 2415/1395/166 2413/1393/166
f 1863/1355/39 1850/1342/39 2362/1342/39 2375/1355/39
f 1625/1119/95 1629/1123/95 2141/1123/95 2137/1119/95
f 1904/1396/166 1902/1394/166 2414/1394/166 2416/1396/166
f 1855/1347/38 1842/1334/38 2354/1334/38 2367/1347/38
f 1630/1124/95 1628/1122/95 2140/1122/95 2142/1124/95
f 1906/1398/167 1905/1397/167 2417/1397/167 2418/1398/167
f 1847/1339/37 1834/1326/37 2346/1326/37 2359/1339/37
f 1629/1123/95 1631/1125/95 2143/1125/95 2141/1123/95
f 1908/1400/167 1907/1399/167 2419/1399/167 2420/1400/167
f 1839/1331/36 1826/1318/36 2338/1318/36 2351/1331/36
f 1632/1126/95 1630/1124/95 2142/1124/95 2144/1126/95
f 1905/1397/167 1909/1401/167 2421/1401/167 2417/1397/167
f 1831/1323/35 1818/1310/35 2330/1310/35 2343/1323/35
f 1634/1128/97 1633/1127/97 2145/1127/97 2146/1128/97
f 1910/1402/167 1908/1400/167 2420/1400/167 2422/1402/167
f 1823/1315/34 1810/1302/34 2322/1302/34 2335/1315/34
f 1636/1130/97 1635/1129/97 2147/1129/97 2148/1130/97
f 1909/1401/167 1911/1403/167 2423/1403/167 2421/1401/167
f 1815/1307/33 1802/1294/33 2314/1294/33 2327/1307/33
f 1633/1127/97 1637/1131/97 2149/1131/97 2145/1127/97
f 1912/1404/167 1910/1402/167 2422/1402/167 2424/1404/167
f 1807/1299/32 1794/1286/32 2306/1286/32 2319/1299/32
f 1638/1132/97 1636/1130/97 2148/1130/97 2150/1132/97
f 1914/1406/169 1913/1405/169 2425/1405/169 2426/1406/169
f 1799/1291/31 1786/1278/31 2298/1278/31 2311/1291/31
f 1637/1131/97 1639/1133/97 2151/1133/97 2149/1131/97
f 1916/1408/169 1915/1407/169 2427/1407/169 2428/1408/169
f 1791/1283/30 1778/1270/30 2290/1270/30 2303/1283/30
f 1640/1134/97 1638/1132/97 2150/1132/97 2152/1134/97
f 1913/1405/169 1917/1409/169 2429/1409/169 2425/1405/169
f 1783/1275/29 1770/1262/29 2282/1262/29 2295/1275/29
f 1642/1136/99 1641/1135/99 2153/1135/99 2154/1136/99
f 1918/1410/169 1916/1408/169 2428/1408/169 2430/1410/169
f 1775/1267/28 1762/1254/28 2274/1254/28 2287/1267/28
f 1644/1138/99 1643/1137/99 2155/1137/99 2156/1138/99
f 1917/1409/169 1919/1411/169 2431/1411/169 2429/1409/169
f 1767/1259/27 1754/1246/27 2266/1246/27 2279/1259/27
f 1641/1135/99 1645/1139/99 2157/1139/99 2153/1135/99
f 1920/1412/169 1918/1410/169 2430/1410/169 2432/1412/169
f 1759/1251/26 1746/1238/26 2258/1238/26 2271/1251/26
f 1646/1140/99 1644/1138/99 2156/1138/99 2158/1140/99
f 1922/1414/171 1921/1413/171 2433/1413/171 2434/1414/171
f 1751/1243/25 1738/1230/25 2250/1230/25 2263/1243/25
f 1645/1139/99 1647/1141/99 2159/1141/99 2157/1139/99
f 1924/1416/171 1923/1415/171 2435/1415/171 2436/1416/171
f 1743/1235/24 1730/1224/24 2242/1224/24 2255/1235/24
f 1648/1142/99 1646/1140/99 2158/1140/99 2160/1142/99
f 1921/1413/171 1925/1417/171 2437/1417/171 2433/1413/171
f 1735/254/23 1722/1216/23 2234/1216/23 2247/254/23
f 1650/1144/101 1649/1143/101 2161/1143/101 2162/1144/101
f 1926/1418/171 1924/1416/171 2436/1416/171 2438/1418/171
f 1727/1221/22 1714/1208/22 2226/1208/22 2239/1221/22
f 1652/1146/101 1651/1145/101 2163/1145/101 2164/1146/101
f 1925/1417/171 1927/1419/171 2439/1419/171 2437/1417/171
f 1719/1213/21 1706/1200/21 2218/1200/21 2231/1213/21
f 1649/1143/101 1653/1147/101 2165/1147/101 2161/1143/101
f 1928/1420/171 1926/1418/171 2438/1418/171 2440/1420/171
f 1711/1205/20 1698/1192/20 2210/1192/20 2223/1205/20
f 1654/1148/101 1652/1146/101 2164/1146/101 2166/1148/101
f 1930/1422/173 1929/1421/173 2441/1421/173 2442/1422/173
f 1703/1197/19 1690/1184/19 2202/1184/19 2215/1197/19
f 1653/1147/101 1655/1149/101 2167/1149/101 2165/1147/101
f 1932/1424/173 1931/1423/173 2443/1423/173 2444/1424/173
f 1695/1189/18 1682/1176/18 2194/1176/18 2207/1189/18
f 1656/1150/101 1654/1148/101 2166/1148/101 2168/1150/101
f 1929/1421/173 1933/1425/173 2445/1425/173 2441/1421/173
f 1687/1181/17 1674/1168/17 2186/1168/17 2199/1181/17
f 1658/1152/104 1657/1151/104 2169/1151/104 2170/1152/104
f 1934/1426/173 1932/1424/173 2444/1424/173 2446/1426/173
f 1679/1173/16 1666/1160/16 2178/1160/16 2191/1173/16
f 1660/1154/104 1659/1153/104 2171/1153/104 2172/1154/104
f 1933/1425/173 1935/1427/173 2447/1427/173 2445/1425/173
f 1671/1165/15 1658/1152/15 2170/1152/15 2183/1165/15
f 1657/1151/104 1661/1155/104 2173/1155/104 2169/1151/104
f 1936/1428/173 1934/1426/173 2446/1426/173 2448/1428/173
f 1663/1157/14 1650/1144/14 2162/1144/14 2175/1157/14
f 1662/1156/104 1660/1154/104 2172/1154/104 2174/1156/104
f 1938/1430/175 1937/1429/175 2449/1429/175 2450/1430/175
f 1655/1149/13 1642/1136/13 2154/1136/13 2167/1149/13
f 1661/1155/104 1663/1157/104 2175/1157/104 2173/1155/104
f 1940/1432/175 1939/1431/175 2451/1431/175 2452/1432/175
f 1647/1141/12 1634/1128/12 2146/1128/12 2159/1141/12
f 1664/1158/104 1662/1156/104 2174/1156/104 2176/1158/104
f 1937/1429/175 1941/1433/175 2453/1433/175 2449/1429/175
f 1639/1133/11 1626/1120/11 2138/1120/11 2151/1133/11
f 1666/1160/106 1665/1159/106 2177/1159/106 2178/1160/106
f 1942/1434/175 1940/1432/175 2452/1432/175 2454/1434/175
f 1631/1125/10 1618/1112/10 2130/1112/10 2143/1125/10
f 1668/1162/106 1667/1161/106 2179/1161/106 2180/1162/106
f 1941/1433/175 1943/1435/175 2455/1435/175 2453/1433/175
f 1623/1117/9 1610/1104/9 2122/1104/9 2135/1117/9
f 1665/1159/106 1669/1163/106 2181/1163/106 2177/1159/106
f 1944/1436/175 1942/1434/175 2454/1434/175 2456/1436/175
f 1615/1109/8 1602/1096/8 2114/1096/8 2127/1109/8
f 1670/1164/106 1668/1162/106 2180/1162/106 2182/1164/106
f 1946/1438/178 1945/1437/178 2457/1437/178 2458/1438/178
f 1607/1101/7 1594/1088/7 2106/1088/7 2119/1101/7
f 1669/1163/106 1671/1165/106 2183/1165/106 2181/1163/106
f 1948/1440/178 1947/1439/178 2459/1439/178 2460/1440/178
f 1599/1093/6 1586/1080/6 2098/1080/6 2111/1093/6
f 1672/1166/106 1670/1164/106 2182/1164/106 2184/1166/106
f 1945/1437/178 1949/1441/178 2461/1441/178 2457/1437/178
f 1591/1085/5 1578/1072/5 2090/1072/5 2103/1085/5
f 1674/1168/108 1673/1167/108 2185/1167/108 2186/1168/108
f 1950/1442/178 1948/1440/178 2460/1440/178 2462/1442/178
f 1583/1077/4 1570/1064/4 2082/1064/4 2095/1077/4
f 1676/1170/108 1675/1169/108 2187/1169/108 2188/1170/108
f 1949/1441/178 1951/1443/178 2463/1443/178 2461/1441/178
f 1575/1069/3 1562/1056/3 2074/1056/3 2087/1069/3
f 1673/1167/108 1677/1171/108 2189/1171/108 2185/1167/108
f 1952/1444/178 1950/1442/178 2462/1442/178 2464/1444/178
f 1567/1061/2 1554/1048/2 2066/1048/2 2079/1061/2
f 1678/1172/108 1676/1170/108 2188/1170/108 2190/1172/108
f 1954/1446/180 1953/1445/180 2465/1445/180 2466/1446/180
f 1677/1171/108 1679/1173/108 2191/1173/108 2189/1171/108
f 1956/1448/180 1955/1447/180 2467/1447/180 2468/1448/180
f 1680/1174/108 1678/1172/108 2190/1172/108 2192/1174/108
f 1953/1445/180 1957/1449/180 2469/1449/180 2465/1445/180
f 1682/1176/110 1681/1175/110 2193/1175/110 2194/1176/110
f 1958/1450/180 1956/1448/180 2468/1448/180 2470/1450/180
f 1684/1178/110 1683/1177/110 2195/1177/110 2196/1178/110
f 1957/1449/180 1959/1451/180 2471/1451/180 2469/1449/180
f 1681/1175/110 1685/1179/110 2197/1179/110 2193/1175/110
f 1960/1452/180 1958/1450/180 2470/1450/180 2472/1452/180
f 1686/1180/110 1684/1178/110 2196/1178/110 2198/1180/110
f 1962/1454/182 1961/1453/182 2473/1453/182 2474/1454/182
f 1685/1179/110 1687/1181/110 2199/1181/110 2197/1179/110
f 1964/1456/182 1963/1455/182 2475/1455/182 2476/1456/182
f 1688/1182/110 1686/1180/110 2198/1180/110 2200/1182/110
f 1961/1453/182 1965/1457/182 2477/1457/182 2473/1453/182
f 1690/1184/112 1689/1183/112 2201/1183/112 2202/1184/112
f 1966/1458/182 1964/1456/182 2476/1456/182 2478/1458/182
f 1692/1186/112 1691/1185/112 2203/1185/112 2204/1186/112
f 1965/1457/182 1967/1459/182 2479/1459/182 2477/1457/182
f 1689/1183/112 1693/1187/112 2205/1187/112 2201/1183/112
f 1968/1460/182 1966/1458/182 2478/1458/182 2480/1460/182
f 1694/1188/112 1692/1186/112 2204/1186/112 2206/1188/112
f 1970/1462/184 1969/1461/184 2481/1461/184 2482/1462/184
f 1693/1187/112 1695/1189/112 2207/1189/112 2205/1187/112
f 1972/1464/184 1971/1463/184 2483/1463/184 2484/1464/184
f 1696/1190/112 1694/1188/112 2206/1188/112 2208/1190/112
f 1969/1461/184 1973/1465/184 2485/1465/184 2481/1461/184
f 1698/1192/114 1697/1191/114 2209/1191/114 2210/1192/114
f 1974/1466/184 1972/1464/184 2484/1464/184 2486/1466/184
f 1700/1194/114 1699/1193/114 2211/1193/114 2212/1194/114
f 1973/1465/184 1975/1467/184 2487/1467/184 2485/1465/184
f 1697/1191/114 1701/1195/114 2213/1195/114 2209/1191/114
f 1976/1468/184 1974/1466/184 2486/1466/184 2488/1468/184
f 1702/1196/114 1700/1194/114 2212/1194/114 2214/1196/114
f 1978/1470/186 1977/1469/186 2489/1469/186 2490/1470/186
f 1701/1195/114 1703/1197/114 2215/1197/114 2213/1195/114
f 1980/1472/186 1979/1471/186 2491/1471/186 2492/1472/186
f 1704/1198/114 1702/1196/114 2214/1196/114 2216/1198/114
f 1977/1469/186 1981/1473/186 2493/1473/186 2489/1469/186
f 1706/1200/116 1705/1199/116 2217/1199/116 2218/1200/116
f 1982/1474/186 1980/1472/186 2492/1472/186 2494/1474/186
f 1708/1202/116 1707/1201/116 2219/1201/116 2220/1202/116
f 1981/1473/186 1983/1475/186 2495/1475/186 2493/1473/186
f 1705/1199/116 1709/1203/116 2221/1203/116 2217/1199/116
f 1984/1476/186 1982/1474/186 2494/1474/186 2496/1476/186
f 1710/1204/116 1708/1202/116 2220/1202/116 2222/1204/116
f 1986/1478/188 1985/1477/188 2497/1477/188 2498/1478/188
f 1709/1203/116 1711/1205/116 2223/1205/116 2221/1203/116
f 1988/1480/188 1987/1479/188 2499/1479/188 2500/1480/188
f 1712/1206/116 1710/1204/116 2222/1204/116 2224/1206/116
f 1985/1477/188 1989/1481/188 2501/1481/188 2497/1477/188
f 1714/1208/118 1713/1207/118 2225/1207/118 2226/1208/118
f 1990/1482/188 1988/1480/188 2500/1480/188 2502/1482/188
f 1716/1210/118 1715/1209/118 2227/1209/118 2228/1210/118
f 1989/1481/64 1991/1483/64 2503/1483/64 2501/1481/64
f 1713/1207/118 1717/1211/118 2229/1211/118 2225/1207/118
f 1992/1484/64 1990/1482/64 2502/1482/64 2504/1484/64
f 1718/1212/118 1716/1210/118 2228/1210/118 2230/1212/118
f 1994/1486/191 1993/1485/191 2505/1485/191 2506/1486/191
f 1717/1211/118 1719/1213/118 2231/1213/118 2229/1211/118
f 1996/1488/191 1995/1487/191 2507/1487/191 2508/1488/191
f 1720/1214/118 1718/1212/118 2230/1212/118 2232/1214/118
f 1993/1485/191 1997/1489/191 2509/1489/191 2505/1485/191
f 1722/1216/120 1721/1215/120 2233/1215/120 2234/1216/120
f 1998/1490/191 1996/1488/191 2508/1488/191 2510/1490/191
f 1724/1218/120 1723/1217/120 2235/1217/120 2236/1218/120
f 1997/1489/191 1999/1491/191 2511/1491/191 2509/1489/191
f 1721/1215/120 1725/1219/120 2237/1219/120 2233/1215/120
f 2000/1492/191 1998/1490/191 2510/1490/191 2512/1492/191
f 1726/1220/120 1724/1218/120 2236/1218/120 2238/1220/120
f 2002/1494/193 2001/1493/193 2513/1493/193 2514/1494/193
f 1725/1219/120 1727/1221/120 2239/1221/120 2237/1219/120
f 2004/1496/193 2003/1495/193 2515/1495/193 2516/1496/193
f 1728/1222/120 1726/1220/120 2238/1220/120 2240/1222/120
f 2001/1493/193 2005/1497/193 2517/1497/193 2513/1493/193
f 1730/1224/122 1729/1223/122 2241/1223/122 2242/1224/122
f 2006/1498/193 2004/1496/193 2516/1496/193 2518/1498/193
f 1732/1226/122 1731/1225/122 2243/1225/122 2244/1226/122
f 2005/1497/193 2007/1499/193 2519/1499/193 2517/1497/193
f 1729/1223/122 1733/253/122 2245/253/122 2241/1223/122
f 2008/1500/193 2006/1498/193 2518/1498/193 2520/1500/193
f 1734/1227/122 1732/1226/122 2244/1226/122 2246/1227/122
f 2010/643/195 2009/644/195 2521/644/195 2522/643/195
f 1733/253/413 1735/254/413 2247/254/413 2245/253/413
f 2012/1502/195 2011/1501/195 2523/1501/195 2524/1502/195
f 1736/1228/413 1734/1227/413 2246/1227/413 2248/1228/413
f 2009/644/195 2013/1503/195 2525/1503/195 2521/644/195
f 1738/1230/124 1737/1229/124 2249/1229/124 2250/1230/124
f 2014/1504/195 2012/1502/195 2524/1502/195 2526/1504/195
f 1740/1232/124 1739/1231/124 2251/1231/124 2252/1232/124
f 2013/1503/195 2015/1505/195 2527/1505/195 2525/1503/195
f 1737/1229/124 1741/1233/124 2253/1233/124 2249/1229/124
f 2016/1506/195 2014/1504/195 2526/1504/195 2528/1506/195
f 1742/1234/124 1740/1232/124 2252/1232/124 2254/1234/124
f 2018/1508/197 2017/1507/197 2529/1507/197 2530/1508/197
f 1741/1233/124 1743/1235/124 2255/1235/124 2253/1233/124
