# Blender 4.3.0
# www.blender.org
mtllib happyHalloween.mtl
o Cylinder
v -0.115852 -0.000000 -3.896220
v 0.174836 -0.000000 -3.896220
v -0.016444 -0.000000 -3.896220
v 0.075428 -0.000000 -3.896220
v 0.174836 0.432622 -3.896220
v -0.115852 0.432622 -3.896220
v 0.075428 0.432622 -3.896220
v -0.016444 0.432622 -3.896220
v 0.262588 -0.000000 -3.891885
v 0.551862 -0.000000 -3.863237
v 0.361512 -0.000000 -3.882088
v 0.452938 -0.000000 -3.873034
v 0.551862 0.432622 -3.863237
v 0.262589 0.432622 -3.891885
v 0.452937 0.432622 -3.873034
v 0.361513 0.432622 -3.882089
v 0.638804 -0.000000 -3.850269
v 0.923850 -0.000000 -3.793257
v 0.736282 -0.000000 -3.830773
v 0.826371 -0.000000 -3.812754
v 0.923850 0.432622 -3.793257
v 0.638803 0.432622 -3.850269
v 0.826371 0.432622 -3.812754
v 0.736282 0.432622 -3.830772
v 1.009173 -0.000000 -3.771766
v 1.287222 -0.000000 -3.686956
v 1.104259 -0.000000 -3.742763
v 1.192135 -0.000000 -3.715959
v 1.287222 0.432622 -3.686956
v 1.009173 0.432622 -3.771766
v 1.192135 0.432622 -3.715959
v 1.104259 0.432622 -3.742763
v 1.370131 -0.000000 -3.657126
v 1.638487 -0.000000 -3.545357
v 1.461904 -0.000000 -3.618903
v 1.546715 -0.000000 -3.583580
v 1.638487 0.432622 -3.545357
v 1.370131 0.432622 -3.657126
v 1.546715 0.432622 -3.583580
v 1.461904 0.432622 -3.618903
v 1.718201 -0.000000 -3.507446
v 1.974269 -0.000000 -3.369820
v 1.805772 -0.000000 -3.460380
v 1.886698 -0.000000 -3.416886
v 1.974269 0.432622 -3.369820
v 1.718201 0.432622 -3.507446
v 1.886698 0.432622 -3.416886
v 1.805772 0.432622 -3.460380
v 2.050028 -0.000000 -3.324161
v 2.291339 -0.000000 -3.162033
v 2.132553 -0.000000 -3.268715
v 2.208813 -0.000000 -3.217478
v 2.291339 0.432622 -3.162033
v 2.050028 0.432622 -3.324161
v 2.208813 0.432622 -3.217478
v 2.132553 0.432622 -3.268715
v 2.362411 -0.000000 -3.109030
v 2.586646 -0.000000 -2.923990
v 2.439098 -0.000000 -3.045748
v 2.509959 -0.000000 -2.987272
v 2.586646 0.432622 -2.923990
v 2.362411 0.432622 -3.109030
v 2.509960 0.432622 -2.987272
v 2.439098 0.432622 -3.045747
v 2.652336 -0.000000 -2.864122
v 2.857350 -0.000000 -2.657978
v 2.722450 -0.000000 -2.793621
v 2.787236 -0.000000 -2.728479
v 2.857350 0.432622 -2.657978
v 2.652336 0.432622 -2.864122
v 2.787236 0.432622 -2.728479
v 2.722450 0.432622 -2.793621
v 2.917005 -0.000000 -2.591794
v 3.100844 -0.000000 -2.366551
v 2.979878 -0.000000 -2.514761
v 3.037971 -0.000000 -2.443584
v 3.100844 0.432622 -2.366551
v 2.917005 0.432622 -2.591794
v 3.037971 0.432622 -2.443584
v 2.979878 0.432622 -2.514761
v 3.153861 -0.000000 -2.294669
v 3.314780 -0.000000 -2.052509
v 3.208896 -0.000000 -2.211849
v 3.259745 -0.000000 -2.135329
v 3.314780 0.432622 -2.052509
v 3.153861 0.432622 -2.294669
v 3.259745 0.432622 -2.135329
v 3.208896 0.432622 -2.211849
v 3.360617 -0.000000 -1.975610
v 3.497095 -0.000000 -1.718871
v 3.407294 -0.000000 -1.887803
v 3.450418 -0.000000 -1.806678
v 3.497095 0.432622 -1.718871
v 3.360617 0.432622 -1.975610
v 3.450418 0.432622 -1.806678
v 3.407294 0.432622 -1.887803
v 3.535277 -0.000000 -1.637694
v 3.646027 -0.000000 -1.368845
v 3.573155 -0.000000 -1.545745
v 3.608149 -0.000000 -1.460795
v 3.646027 0.432622 -1.368845
v 3.535277 0.432622 -1.637694
v 3.608149 0.432622 -1.460795
v 3.573155 0.432622 -1.545745
v 3.676153 -0.000000 -1.284181
v 3.760136 -0.000000 -1.005801
v 3.704877 -0.000000 -1.188971
v 3.731413 -0.000000 -1.101012
v 3.760136 0.432622 -1.005801
v 3.676153 0.432622 -1.284181
v 3.731413 0.432622 -1.101012
v 3.704877 0.432622 -1.188971
v 3.781888 -0.000000 -0.918482
v 3.838316 -0.000000 -0.633233
v 3.801187 -0.000000 -0.820922
v 3.819016 -0.000000 -0.730793
v 3.838316 0.432622 -0.633233
v 3.781888 0.432622 -0.918481
v 3.819017 0.432622 -0.730794
v 3.801188 0.432622 -0.820922
v 3.851461 -0.000000 -0.544124
v 3.879808 -0.000000 -0.254731
v 3.861157 -0.000000 -0.445147
v 3.870113 -0.000000 -0.353709
v 3.879808 0.432622 -0.254731
v 3.851461 0.432622 -0.544125
v 3.870113 0.432622 -0.353709
v 3.861157 0.432622 -0.445147
v 3.884205 -0.000000 -0.164722
v 3.884205 0.000000 0.126057
v 3.884205 -0.000000 -0.065270
v 3.884205 0.000000 0.026605
v 3.884205 0.432622 0.126057
v 3.884205 0.432622 -0.164722
v 3.884205 0.432622 0.026605
v 3.884205 0.432622 -0.065270
v 3.879808 0.000000 0.216066
v 3.851461 0.000000 0.505460
v 3.870113 0.000000 0.315045
v 3.861157 0.000000 0.406482
v 3.851461 0.432622 0.505460
v 3.879808 0.432622 0.216066
v 3.861157 0.432622 0.406482
v 3.870113 0.432622 0.315045
v 3.838316 0.000000 0.594569
v 3.781888 0.000000 0.879817
v 3.819017 0.000000 0.692129
v 3.801188 0.000000 0.782257
v 3.781888 0.432622 0.879817
v 3.838316 0.432622 0.594568
v 3.801187 0.432622 0.782257
v 3.819016 0.432622 0.692128
v 3.760136 0.000000 0.967136
v 3.676153 0.000000 1.245516
v 3.731413 0.000000 1.062347
v 3.704877 0.000000 1.150306
v 3.676153 0.432622 1.245516
v 3.760136 0.432622 0.967136
v 3.704877 0.432622 1.150306
v 3.731413 0.432622 1.062347
v 3.646027 0.000000 1.330181
v 3.535277 0.000000 1.599029
v 3.608149 0.000000 1.422130
v 3.573155 0.000000 1.507080
v 3.535277 0.432622 1.599029
v 3.646027 0.432622 1.330181
v 3.573155 0.432622 1.507080
v 3.608149 0.432622 1.422130
v 3.497095 0.000000 1.680206
v 3.360617 0.000000 1.936945
v 3.450418 0.000000 1.768013
v 3.407294 0.000000 1.849138
v 3.360617 0.432622 1.936945
v 3.497095 0.432622 1.680206
v 3.407294 0.432622 1.849138
v 3.450418 0.432622 1.768013
v 3.314780 0.000000 2.013844
v 3.153861 0.000000 2.256004
v 3.259745 0.000000 2.096664
v 3.208896 0.000000 2.173185
v 3.153861 0.432622 2.256004
v 3.314780 0.432622 2.013844
v 3.208896 0.432622 2.173185
v 3.259745 0.432622 2.096664
v 3.100844 0.000000 2.327886
v 2.917005 0.000000 2.553130
v 3.037971 0.000000 2.404920
v 2.979878 0.000000 2.476096
v 2.917005 0.432622 2.553130
v 3.100844 0.432622 2.327886
v 2.979878 0.432622 2.476096
v 3.037971 0.432622 2.404920
v 2.857350 0.000000 2.619313
v 2.652336 0.000000 2.825457
v 2.787236 0.000000 2.689814
v 2.722450 0.000000 2.754956
v 2.652336 0.432622 2.825457
v 2.857350 0.432622 2.619313
v 2.722450 0.432622 2.754956
v 2.787236 0.432622 2.689814
v 2.586646 0.000000 2.885325
v 2.362411 0.000000 3.070365
v 2.509960 0.000000 2.948607
v 2.439098 0.000000 3.007082
v 2.362411 0.432622 3.070365
v 2.586646 0.432622 2.885325
v 2.439098 0.432622 3.007083
v 2.509959 0.432622 2.948607
v 2.291339 0.000000 3.123368
v 2.050028 0.000000 3.285496
v 2.208813 0.000000 3.178813
v 2.132553 0.000000 3.230050
v 2.050028 0.432622 3.285496
v 2.291339 0.432622 3.123368
v 2.132553 0.432622 3.230050
v 2.208813 0.432622 3.178813
v 1.974269 0.000000 3.331155
v 1.718201 0.000000 3.468781
v 1.886698 0.000000 3.378221
v 1.805772 0.000000 3.421715
v 1.718201 0.432622 3.468781
v 1.974269 0.432622 3.331155
v 1.805772 0.432622 3.421715
v 1.886698 0.432622 3.378221
v 1.638487 0.000000 3.506692
v 1.370131 0.000000 3.618462
v 1.546715 0.000000 3.544915
v 1.461904 0.000000 3.580239
v 1.370131 0.432622 3.618462
v 1.638487 0.432622 3.506692
v 1.461904 0.432622 3.580239
v 1.546715 0.432622 3.544915
v 1.287222 0.000000 3.648291
v 1.009173 0.000000 3.733102
v 1.192135 0.000000 3.677294
v 1.104259 0.000000 3.704098
v 1.009173 0.432622 3.733102
v 1.287222 0.432622 3.648291
v 1.104259 0.432622 3.704098
v 1.192135 0.432622 3.677294
v 0.923850 0.000000 3.754592
v 0.638803 0.000000 3.811604
v 0.826371 0.000000 3.774089
v 0.736282 0.000000 3.792108
v 0.638804 0.432622 3.811604
v 0.923850 0.432622 3.754592
v 0.736282 0.432622 3.792108
v 0.826371 0.432622 3.774089
v 0.551862 0.000000 3.824572
v 0.262589 0.000000 3.853220
v 0.452937 0.000000 3.834370
v 0.361513 0.000000 3.843424
v 0.262588 0.432622 3.853220
v 0.551862 0.432622 3.824572
v 0.361512 0.432622 3.843423
v 0.452938 0.432622 3.834369
v 0.174836 0.000000 3.857555
v -0.115852 0.000000 3.857555
v 0.075428 0.000000 3.857555
v -0.016444 0.000000 3.857555
v -0.115852 0.432622 3.857555
v 0.174836 0.432622 3.857555
v -0.016444 0.432622 3.857555
v 0.075428 0.432622 3.857555
v -0.203605 0.000000 3.853220
v -0.492879 0.000000 3.824572
v -0.302529 0.000000 3.843423
v -0.393954 0.000000 3.834369
v -0.492878 0.432622 3.824572
v -0.203605 0.432622 3.853220
v -0.393954 0.432622 3.834370
v -0.302529 0.432622 3.843424
v -0.579820 0.000000 3.811604
v -0.864866 0.000000 3.754592
v -0.677298 0.000000 3.792108
v -0.767387 0.000000 3.774089
v -0.864866 0.432622 3.754592
v -0.579820 0.432622 3.811604
v -0.767387 0.432622 3.774089
v -0.677298 0.432622 3.792108
v -0.950189 0.000000 3.733102
v -1.228238 0.000000 3.648291
v -1.045276 0.000000 3.704098
v -1.133152 0.000000 3.677294
v -1.228238 0.432622 3.648291
v -0.950189 0.432622 3.733102
v -1.133152 0.432622 3.677294
v -1.045276 0.432622 3.704098
v -1.311147 0.000000 3.618462
v -1.579504 0.000000 3.506692
v -1.402920 0.000000 3.580238
v -1.487731 0.000000 3.544915
v -1.579504 0.432622 3.506692
v -1.311147 0.432622 3.618462
v -1.487731 0.432622 3.544915
v -1.402920 0.432622 3.580239
v -1.659217 0.000000 3.468781
v -1.915285 0.000000 3.331155
v -1.746788 0.000000 3.421715
v -1.827714 0.000000 3.378221
v -1.915285 0.432622 3.331155
v -1.659217 0.432622 3.468781
v -1.827714 0.432622 3.378221
v -1.746788 0.432622 3.421715
v -1.991044 0.000000 3.285496
v -2.232355 0.000000 3.123368
v -2.073569 0.000000 3.230050
v -2.149829 0.000000 3.178813
v -2.232355 0.432622 3.123368
v -1.991044 0.432622 3.285496
v -2.149829 0.432622 3.178813
v -2.073569 0.432622 3.230050
v -2.303427 0.000000 3.070365
v -2.527662 0.000000 2.885325
v -2.380114 0.000000 3.007083
v -2.450976 0.000000 2.948607
v -2.527663 0.432622 2.885325
v -2.303427 0.432622 3.070365
v -2.450976 0.432622 2.948607
v -2.380114 0.432622 3.007082
v -2.593352 0.000000 2.825457
v -2.798366 0.000000 2.619313
v -2.663466 0.000000 2.754956
v -2.728252 0.000000 2.689814
v -2.798366 0.432622 2.619313
v -2.593352 0.432622 2.825457
v -2.728252 0.432622 2.689814
v -2.663466 0.432622 2.754956
v -2.858021 0.000000 2.553130
v -3.041860 0.000000 2.327886
v -2.920894 0.000000 2.476096
v -2.978987 0.000000 2.404920
v -3.041860 0.432622 2.327886
v -2.858021 0.432622 2.553130
v -2.978987 0.432622 2.404920
v -2.920894 0.432622 2.476096
v -3.094877 0.000000 2.256004
v -3.255796 0.000000 2.013844
v -3.149912 0.000000 2.173185
v -3.200761 0.000000 2.096664
v -3.255796 0.432622 2.013844
v -3.094877 0.432622 2.256004
v -3.200761 0.432622 2.096664
v -3.149912 0.432622 2.173185
v -3.301633 0.000000 1.936945
v -3.438111 0.000000 1.680206
v -3.348310 0.000000 1.849138
v -3.391434 0.000000 1.768013
v -3.438111 0.432622 1.680206
v -3.301633 0.432622 1.936945
v -3.391434 0.432622 1.768013
v -3.348310 0.432622 1.849138
v -3.476293 0.000000 1.599029
v -3.587043 0.000000 1.330181
v -3.514171 0.000000 1.507080
v -3.549165 0.000000 1.422130
v -3.587043 0.432622 1.330181
v -3.476293 0.432622 1.599029
v -3.549165 0.432622 1.422130
v -3.514171 0.432622 1.507080
v -3.617170 0.000000 1.245516
v -3.701152 0.000000 0.967136
v -3.645893 0.000000 1.150306
v -3.672429 0.000000 1.062347
v -3.701152 0.432622 0.967136
v -3.617170 0.432622 1.245516
v -3.672429 0.432622 1.062347
v -3.645893 0.432622 1.150306
v -3.722904 0.000000 0.879817
v -3.779332 0.000000 0.594568
v -3.742203 0.000000 0.782257
v -3.760032 0.000000 0.692128
v -3.779332 0.432622 0.594569
v -3.722904 0.432622 0.879817
v -3.760033 0.432622 0.692129
v -3.742204 0.432622 0.782257
v -3.792478 0.000000 0.505460
v -3.820824 0.000000 0.216066
v -3.802173 0.000000 0.406482
v -3.811129 0.000000 0.315045
v -3.820824 0.432622 0.216066
v -3.792478 0.432622 0.505460
v -3.811129 0.432622 0.315045
v -3.802173 0.432622 0.406482
v -3.825222 0.000000 0.126057
v -3.825222 -0.000000 -0.164722
v -3.825222 0.000000 0.026605
v -3.825222 -0.000000 -0.065270
v -3.825222 0.432622 -0.164722
v -3.825222 0.432622 0.126057
v -3.825222 0.432622 -0.065270
v -3.825222 0.432622 0.026605
v -3.820824 -0.000000 -0.254731
v -3.792478 -0.000000 -0.544125
v -3.811129 -0.000000 -0.353709
v -3.802173 -0.000000 -0.445147
v -3.792478 0.432622 -0.544124
v -3.820824 0.432622 -0.254731
v -3.802173 0.432622 -0.445147
v -3.811129 0.432622 -0.353709
v -3.779332 -0.000000 -0.633233
v -3.722904 -0.000000 -0.918481
v -3.760033 -0.000000 -0.730794
v -3.742204 -0.000000 -0.820922
v -3.722904 0.432622 -0.918482
v -3.779332 0.432622 -0.633233
v -3.742203 0.432622 -0.820922
v -3.760032 0.432622 -0.730793
v -3.701152 -0.000000 -1.005801
v -3.617170 -0.000000 -1.284181
v -3.672429 -0.000000 -1.101012
v -3.645893 -0.000000 -1.188971
v -3.617170 0.432622 -1.284181
v -3.701152 0.432622 -1.005801
v -3.645893 0.432622 -1.188971
v -3.672429 0.432622 -1.101012
v -3.587043 -0.000000 -1.368845
v -3.476293 -0.000000 -1.637694
v -3.549165 -0.000000 -1.460795
v -3.514171 -0.000000 -1.545745
v -3.476293 0.432622 -1.637694
v -3.587043 0.432622 -1.368845
v -3.514171 0.432622 -1.545745
v -3.549165 0.432622 -1.460795
v -3.438111 -0.000000 -1.718871
v -3.301633 -0.000000 -1.975610
v -3.391434 -0.000000 -1.806678
v -3.348310 -0.000000 -1.887803
v -3.301633 0.432622 -1.975610
v -3.438111 0.432622 -1.718871
v -3.348310 0.432622 -1.887803
v -3.391434 0.432622 -1.806678
v -3.255796 -0.000000 -2.052509
v -3.094877 -0.000000 -2.294669
v -3.200761 -0.000000 -2.135329
v -3.149912 -0.000000 -2.211849
v -3.094877 0.432622 -2.294669
v -3.255796 0.432622 -2.052509
v -3.149912 0.432622 -2.211849
v -3.200761 0.432622 -2.135329
v -3.041860 -0.000000 -2.366551
v -2.858021 -0.000000 -2.591794
v -2.978987 -0.000000 -2.443584
v -2.920894 -0.000000 -2.514761
v -2.858021 0.432622 -2.591794
v -3.041860 0.432622 -2.366551
v -2.920894 0.432622 -2.514761
v -2.978987 0.432622 -2.443584
v -2.798366 -0.000000 -2.657978
v -2.593352 -0.000000 -2.864122
v -2.728252 -0.000000 -2.728479
v -2.663466 -0.000000 -2.793621
v -2.593352 0.432622 -2.864122
v -2.798366 0.432622 -2.657978
v -2.663466 0.432622 -2.793621
v -2.728252 0.432622 -2.728479
v -2.527663 -0.000000 -2.923990
v -2.303427 -0.000000 -3.109030
v -2.450976 -0.000000 -2.987272
v -2.380114 -0.000000 -3.045747
v -2.303427 0.432622 -3.109030
v -2.527662 0.432622 -2.923990
v -2.380114 0.432622 -3.045748
v -2.450976 0.432622 -2.987272
v -2.232355 -0.000000 -3.162033
v -1.991044 -0.000000 -3.324161
v -2.149829 -0.000000 -3.217478
v -2.073569 -0.000000 -3.268715
v -1.991044 0.432622 -3.324161
v -2.232355 0.432622 -3.162033
v -2.073569 0.432622 -3.268715
v -2.149829 0.432622 -3.217478
v -1.915285 -0.000000 -3.369820
v -1.659217 -0.000000 -3.507446
v -1.827714 -0.000000 -3.416886
v -1.746788 -0.000000 -3.460380
v -1.659217 0.432622 -3.507446
v -1.915285 0.432622 -3.369820
v -1.746788 0.432622 -3.460380
v -1.827714 0.432622 -3.416886
v -1.579504 -0.000000 -3.545357
v -1.311147 -0.000000 -3.657126
v -1.487731 -0.000000 -3.583580
v -1.402920 -0.000000 -3.618903
v -1.311147 0.432622 -3.657126
v -1.579504 0.432622 -3.545357
v -1.402920 0.432622 -3.618903
v -1.487731 0.432622 -3.583580
v -1.228238 -0.000000 -3.686956
v -0.950189 -0.000000 -3.771766
v -1.133152 -0.000000 -3.715959
v -1.045276 -0.000000 -3.742763
v -0.950189 0.432622 -3.771766
v -1.228238 0.432622 -3.686956
v -1.045276 0.432622 -3.742763
v -1.133152 0.432622 -3.715959
v -0.864866 -0.000000 -3.793257
v -0.579820 -0.000000 -3.850269
v -0.767387 -0.000000 -3.812754
v -0.677298 -0.000000 -3.830772
v -0.579820 0.432622 -3.850269
v -0.864866 0.432622 -3.793257
v -0.677298 0.432622 -3.830772
v -0.767387 0.432622 -3.812754
v -0.492878 -0.000000 -3.863237
v -0.203605 -0.000000 -3.891885
v -0.393954 -0.000000 -3.873034
v -0.302529 -0.000000 -3.882089
v -0.203605 0.432622 -3.891885
v -0.492879 0.432622 -3.863237
v -0.302529 0.432622 -3.882088
v -0.393954 0.432622 -3.873034
v -0.042079 0.000982 -4.093053
v -0.094034 0.000982 -4.093053
v -0.094034 0.431640 -4.093053
v -0.042079 0.431640 -4.093053
v 0.101063 0.431640 -4.093053
v 0.101063 0.000982 -4.093053
v 0.153018 0.000982 -4.093053
v 0.153018 0.431640 -4.093053
v 0.497846 0.431640 -4.066383
v 0.549549 0.431640 -4.061262
v 0.549549 0.000982 -4.061262
v 0.497846 0.000982 -4.066382
v 0.355401 0.000982 -4.080489
v 0.355401 0.431640 -4.080490
v 0.303699 0.431640 -4.085610
v 0.303699 0.000982 -4.085610
v 0.890111 0.431640 -4.000737
v 0.941058 0.431640 -3.990547
v 0.941058 0.000982 -3.990547
v 0.890111 0.000982 -4.000737
v 0.749749 0.000982 -4.028811
v 0.749749 0.431640 -4.028811
v 0.698803 0.431640 -4.039000
v 0.698803 0.000982 -4.039000
v 1.274081 0.431640 -3.896750
v 1.323776 0.431640 -3.881593
v 1.323776 0.000982 -3.881593
v 1.274081 0.000982 -3.896750
v 1.137166 0.000982 -3.938512
v 1.137166 0.431640 -3.938512
v 1.087471 0.431640 -3.953670
v 1.087471 0.000982 -3.953670
v 1.646058 0.431640 -3.755427
v 1.694020 0.431640 -3.735451
v 1.694020 0.000982 -3.735451
v 1.646058 0.000982 -3.755427
v 1.513919 0.000982 -3.810462
v 1.513919 0.431640 -3.810462
v 1.465957 0.431640 -3.830438
v 1.465957 0.000982 -3.830438
v 2.002461 0.431640 -3.578129
v 2.048226 0.431640 -3.553532
v 2.048226 0.000982 -3.553532
v 2.002461 0.000982 -3.578129
v 1.876376 0.000982 -3.645894
v 1.876376 0.431640 -3.645894
v 1.830611 0.431640 -3.670491
v 1.830611 0.000982 -3.670491
v 2.339861 0.431640 -3.366565
v 2.382987 0.431640 -3.337590
v 2.382987 0.000982 -3.337590
v 2.339861 0.000982 -3.366565
v 2.221045 0.000982 -3.446393
v 2.221045 0.431640 -3.446393
v 2.177919 0.431640 -3.475368
v 2.177919 0.000982 -3.475368
v 2.655011 0.431640 -3.122773
v 2.695085 0.431640 -3.089704
v 2.695085 0.000982 -3.089704
v 2.655011 0.000982 -3.122773
v 2.544605 0.000982 -3.213880
v 2.544605 0.431640 -3.213880
v 2.504532 0.431640 -3.246949
v 2.504532 0.000982 -3.246949
v 2.944877 0.431640 -2.849101
v 2.981514 0.431640 -2.812262
v 2.981514 0.000982 -2.812262
v 2.944877 0.000982 -2.849101
v 2.843938 0.000982 -2.950597
v 2.843938 0.431640 -2.950597
v 2.807300 0.431640 -2.987436
v 2.807300 0.000982 -2.987436
v 3.206670 0.431640 -2.548184
v 3.239522 0.431640 -2.507932
v 3.239522 0.000982 -2.507932
v 3.206670 0.000982 -2.548184
v 3.116159 0.000982 -2.659080
v 3.116159 0.431640 -2.659080
v 3.083307 0.431640 -2.699331
v 3.083307 0.000982 -2.699331
v 3.437870 0.431640 -2.222917
v 3.466626 0.431640 -2.179644
v 3.466626 0.000982 -2.179644
v 3.437870 0.000982 -2.222917
v 3.358646 0.000982 -2.342139
v 3.358646 0.431640 -2.342139
v 3.329890 0.431640 -2.385412
v 3.329890 0.000982 -2.385412
v 3.636253 0.431640 -1.876433
v 3.660641 0.431640 -1.830555
v 3.660641 0.000982 -1.830555
v 3.636253 0.000982 -1.876433
v 3.569064 0.000982 -2.002829
v 3.569064 0.431640 -2.002829
v 3.544676 0.431640 -2.048706
v 3.544676 0.000982 -2.048706
v 3.799909 0.431640 -1.512064
v 3.819699 0.431640 -1.464024
v 3.819699 0.000982 -1.464024
v 3.799909 0.000982 -1.512064
v 3.745387 0.000982 -1.644419
v 3.745387 0.431640 -1.644419
v 3.725597 0.431640 -1.692459
v 3.725597 0.000982 -1.692459
v 3.927261 0.431640 -1.133319
v 3.942268 0.431640 -1.083577
v 3.942268 0.000982 -1.083577
v 3.927261 0.000982 -1.133319
v 3.885917 0.000982 -1.270364
v 3.885917 0.431640 -1.270364
v 3.870911 0.431640 -1.320106
v 3.870911 0.000982 -1.320106
v 4.017083 0.431640 -0.743843
v 4.027165 0.431640 -0.692874
v 4.027165 0.000982 -0.692874
v 4.017082 0.000982 -0.743843
v 3.989304 0.000982 -0.884267
v 3.989304 0.431640 -0.884267
v 3.979221 0.431640 -0.935236
v 3.979221 0.000982 -0.935236
v 4.068508 0.431640 -0.347384
v 4.073573 0.431640 -0.295675
v 4.073573 0.000982 -0.295675
v 4.068508 0.000982 -0.347384
v 4.054554 0.000982 -0.489848
v 4.054554 0.431640 -0.489848
v 4.049488 0.431640 -0.541557
v 4.049488 0.000982 -0.541557
v 4.081038 0.431640 0.052240
v 4.081038 0.431640 0.104197
v 4.081038 0.000982 0.104197
v 4.081038 0.000982 0.052240
v 4.081038 0.000982 -0.090905
v 4.081038 0.431640 -0.090905
v 4.081038 0.431640 -0.142862
v 4.081038 0.000982 -0.142862
v 4.054554 0.431640 0.451183
v 4.049488 0.431640 0.502893
v 4.049488 0.000982 0.502893
v 4.054554 0.000982 0.451183
v 4.068508 0.000982 0.308719
v 4.068508 0.431640 0.308719
v 4.073573 0.431640 0.257010
v 4.073573 0.000982 0.257010
v 3.989304 0.431640 0.845602
v 3.979221 0.431640 0.896571
v 3.979221 0.000982 0.896571
v 3.989304 0.000982 0.845602
v 4.017083 0.000982 0.705178
v 4.017082 0.431640 0.705178
v 4.027165 0.431640 0.654209
v 4.027165 0.000982 0.654209
v 3.885917 0.431640 1.231699
v 3.870911 0.431640 1.281441
v 3.870911 0.000982 1.281441
v 3.885917 0.000982 1.231699
v 3.927261 0.000982 1.094655
v 3.927261 0.431640 1.094655
v 3.942268 0.431640 1.044912
v 3.942268 0.000982 1.044912
v 3.745387 0.431640 1.605754
v 3.725597 0.431640 1.653794
v 3.725597 0.000982 1.653794
v 3.745387 0.000982 1.605754
v 3.799909 0.000982 1.473399
v 3.799909 0.431640 1.473399
v 3.819699 0.431640 1.425359
v 3.819699 0.000982 1.425359
v 3.569064 0.431640 1.964164
v 3.544676 0.431640 2.010041
v 3.544676 0.000982 2.010041
v 3.569064 0.000982 1.964164
v 3.636253 0.000982 1.837768
v 3.636253 0.431640 1.837768
v 3.660641 0.431640 1.791890
v 3.660641 0.000982 1.791890
v 3.358646 0.431640 2.303474
v 3.329890 0.431640 2.346747
v 3.329890 0.000982 2.346747
v 3.358646 0.000982 2.303474
v 3.437870 0.000982 2.184253
v 3.437870 0.431640 2.184253
v 3.466626 0.431640 2.140979
v 3.466626 0.000982 2.140979
v 3.116159 0.431640 2.620415
v 3.083307 0.431640 2.660666
v 3.083307 0.000982 2.660666
v 3.116159 0.000982 2.620415
v 3.206670 0.000982 2.509519
v 3.206670 0.431640 2.509519
v 3.239522 0.431640 2.469267
v 3.239522 0.000982 2.469267
v 2.843938 0.431640 2.911932
v 2.807300 0.431640 2.948771
v 2.807300 0.000982 2.948771
v 2.843938 0.000982 2.911932
v 2.944877 0.000982 2.810436
v 2.944877 0.431640 2.810436
v 2.981514 0.431640 2.773597
v 2.981514 0.000982 2.773597
v 2.544605 0.431640 3.175215
v 2.504532 0.431640 3.208284
v 2.504532 0.000982 3.208284
v 2.544605 0.000982 3.175215
v 2.655011 0.000982 3.084108
v 2.655011 0.431640 3.084108
v 2.695085 0.431640 3.051039
v 2.695085 0.000982 3.051039
v 2.221045 0.431640 3.407728
v 2.177919 0.431640 3.436703
v 2.177919 0.000982 3.436703
v 2.221045 0.000982 3.407728
v 2.339861 0.000982 3.327900
v 2.339861 0.431640 3.327900
v 2.382987 0.431640 3.298925
v 2.382987 0.000982 3.298925
v 1.876376 0.431640 3.607229
v 1.830611 0.431640 3.631826
v 1.830611 0.000982 3.631826
v 1.876376 0.000982 3.607229
v 2.002461 0.000982 3.539464
v 2.002461 0.431640 3.539464
v 2.048226 0.431640 3.514867
v 2.048226 0.000982 3.514867
v 1.513919 0.431640 3.771797
v 1.465957 0.431640 3.791774
v 1.465957 0.000982 3.791774
v 1.513919 0.000982 3.771797
v 1.646058 0.000982 3.716762
v 1.646058 0.431640 3.716762
v 1.694020 0.431640 3.696786
v 1.694020 0.000982 3.696786
v 1.137166 0.431640 3.899848
v 1.087471 0.431640 3.915005
v 1.087471 0.000982 3.915005
v 1.137166 0.000982 3.899848
v 1.274081 0.000982 3.858086
v 1.274081 0.431640 3.858086
v 1.323776 0.431640 3.842928
v 1.323776 0.000982 3.842928
v 0.749749 0.431640 3.990146
v 0.698803 0.431640 4.000335
v 0.698803 0.000982 4.000335
v 0.749749 0.000982 3.990146
v 0.890111 0.000982 3.962072
v 0.890111 0.431640 3.962072
v 0.941058 0.431640 3.951882
v 0.941058 0.000982 3.951882
v 0.355401 0.431640 4.041824
v 0.303699 0.431640 4.046945
v 0.303699 0.000982 4.046945
v 0.355401 0.000982 4.041825
v 0.497846 0.000982 4.027718
v 0.497846 0.431640 4.027718
v 0.549549 0.431640 4.022597
v 0.549549 0.000982 4.022597
v -0.042079 0.431640 4.054388
v -0.094034 0.431640 4.054388
v -0.094034 0.000982 4.054388
v -0.042079 0.000982 4.054388
v 0.101063 0.000982 4.054388
v 0.101063 0.431640 4.054388
v 0.153018 0.431640 4.054388
v 0.153018 0.000982 4.054388
v -0.438862 0.431640 4.027718
v -0.490565 0.431640 4.022597
v -0.490565 0.000982 4.022597
v -0.438862 0.000982 4.027718
v -0.296417 0.000982 4.041824
v -0.296417 0.431640 4.041825
v -0.244715 0.431640 4.046945
v -0.244715 0.000982 4.046945
v -0.831127 0.431640 3.962072
v -0.882074 0.431640 3.951882
v -0.882074 0.000982 3.951882
v -0.831127 0.000982 3.962072
v -0.690766 0.000982 3.990146
v -0.690766 0.431640 3.990146
v -0.639819 0.431640 4.000335
v -0.639819 0.000982 4.000335
v -1.215097 0.431640 3.858086
v -1.264792 0.431640 3.842928
v -1.264792 0.000982 3.842928
v -1.215097 0.000982 3.858086
v -1.078182 0.000982 3.899848
v -1.078182 0.431640 3.899848
v -1.028487 0.431640 3.915005
v -1.028487 0.000982 3.915005
v -1.587074 0.431640 3.716762
v -1.635036 0.431640 3.696786
v -1.635036 0.000982 3.696786
v -1.587074 0.000982 3.716762
v -1.454935 0.000982 3.771797
v -1.454935 0.431640 3.771797
v -1.406973 0.431640 3.791774
v -1.406973 0.000982 3.791774
v -1.943478 0.431640 3.539464
v -1.989242 0.431640 3.514867
v -1.989242 0.000982 3.514867
v -1.943478 0.000982 3.539464
v -1.817392 0.000982 3.607229
v -1.817392 0.431640 3.607229
v -1.771628 0.431640 3.631826
v -1.771628 0.000982 3.631826
v -2.280878 0.431640 3.327900
v -2.324004 0.431640 3.298925
v -2.324004 0.000982 3.298925
v -2.280878 0.000982 3.327900
v -2.162061 0.000982 3.407728
v -2.162061 0.431640 3.407728
v -2.118935 0.431640 3.436703
v -2.118935 0.000982 3.436703
v -2.596027 0.431640 3.084108
v -2.636101 0.431640 3.051039
v -2.636101 0.000982 3.051039
v -2.596027 0.000982 3.084108
v -2.485621 0.000982 3.175215
v -2.485621 0.431640 3.175215
v -2.445548 0.431640 3.208284
v -2.445548 0.000982 3.208284
v -2.885893 0.431640 2.810436
v -2.922530 0.431640 2.773597
v -2.922530 0.000982 2.773597
v -2.885893 0.000982 2.810436
v -2.784954 0.000982 2.911932
v -2.784954 0.431640 2.911932
v -2.748317 0.431640 2.948771
v -2.748317 0.000982 2.948771
v -3.147686 0.431640 2.509519
v -3.180538 0.431640 2.469267
v -3.180538 0.000982 2.469267
v -3.147686 0.000982 2.509519
v -3.057175 0.000982 2.620415
v -3.057175 0.431640 2.620415
v -3.024323 0.431640 2.660666
v -3.024323 0.000982 2.660666
v -3.378886 0.431640 2.184253
v -3.407642 0.431640 2.140979
v -3.407642 0.000982 2.140979
v -3.378886 0.000982 2.184253
v -3.299662 0.000982 2.303474
v -3.299662 0.431640 2.303474
v -3.270906 0.431640 2.346747
v -3.270906 0.000982 2.346747
v -3.577270 0.431640 1.837768
v -3.601657 0.431640 1.791891
v -3.601657 0.000982 1.791891
v -3.577270 0.000982 1.837768
v -3.510080 0.000982 1.964164
v -3.510080 0.431640 1.964164
v -3.485693 0.431640 2.010041
v -3.485693 0.000982 2.010041
v -3.740925 0.431640 1.473399
v -3.760715 0.431640 1.425359
v -3.760715 0.000982 1.425359
v -3.740925 0.000982 1.473399
v -3.686403 0.000982 1.605754
v -3.686403 0.431640 1.605754
v -3.666613 0.431640 1.653794
v -3.666613 0.000982 1.653794
v -3.868278 0.431640 1.094654
v -3.883284 0.431640 1.044912
v -3.883284 0.000982 1.044912
v -3.868278 0.000982 1.094654
v -3.826933 0.000982 1.231699
v -3.826933 0.431640 1.231699
v -3.811927 0.431640 1.281441
v -3.811927 0.000982 1.281441
v -3.958099 0.431640 0.705178
v -3.968182 0.431640 0.654209
v -3.968182 0.000982 0.654209
v -3.958099 0.000982 0.705178
v -3.930320 0.000982 0.845602
v -3.930321 0.431640 0.845602
v -3.920238 0.431640 0.896571
v -3.920237 0.000982 0.896571
v -4.009524 0.431640 0.308719
v -4.014589 0.431640 0.257010
v -4.014589 0.000982 0.257010
v -4.009524 0.000982 0.308719
v -3.995570 0.000982 0.451183
v -3.995570 0.431640 0.451183
v -3.990504 0.431640 0.502893
v -3.990504 0.000982 0.502893
v -4.022055 0.431640 -0.090905
v -4.022055 0.431640 -0.142862
v -4.022055 0.000982 -0.142862
v -4.022055 0.000982 -0.090905
v -4.022055 0.000982 0.052240
v -4.022055 0.431640 0.052240
v -4.022055 0.431640 0.104197
v -4.022055 0.000982 0.104197
v -3.995570 0.431640 -0.489848
v -3.990504 0.431640 -0.541557
v -3.990504 0.000982 -0.541557
v -3.995570 0.000982 -0.489848
v -4.009524 0.000982 -0.347384
v -4.009524 0.431640 -0.347384
v -4.014589 0.431640 -0.295675
v -4.014589 0.000982 -0.295675
v -3.930320 0.431640 -0.884267
v -3.920237 0.431640 -0.935236
v -3.920238 0.000982 -0.935236
v -3.930321 0.000982 -0.884267
v -3.958099 0.000982 -0.743843
v -3.958099 0.431640 -0.743843
v -3.968182 0.431640 -0.692874
v -3.968182 0.000982 -0.692874
v -3.826933 0.431640 -1.270364
v -3.811927 0.431640 -1.320106
v -3.811927 0.000982 -1.320106
v -3.826933 0.000982 -1.270364
v -3.868278 0.000982 -1.133319
v -3.868278 0.431640 -1.133319
v -3.883284 0.431640 -1.083577
v -3.883284 0.000982 -1.083577
v -3.686403 0.431640 -1.644419
v -3.666613 0.431640 -1.692459
v -3.666613 0.000982 -1.692459
v -3.686403 0.000982 -1.644419
v -3.740925 0.000982 -1.512064
v -3.740925 0.431640 -1.512064
v -3.760715 0.431640 -1.464024
v -3.760715 0.000982 -1.464024
v -3.510080 0.431640 -2.002829
v -3.485693 0.431640 -2.048706
v -3.485693 0.000982 -2.048706
v -3.510080 0.000982 -2.002829
v -3.577270 0.000982 -1.876432
v -3.577270 0.431640 -1.876432
v -3.601657 0.431640 -1.830555
v -3.601657 0.000982 -1.830555
v -3.299662 0.431640 -2.342139
v -3.270906 0.431640 -2.385412
v -3.270906 0.000982 -2.385412
v -3.299662 0.000982 -2.342139
v -3.378886 0.000982 -2.222917
v -3.378886 0.431640 -2.222917
v -3.407642 0.431640 -2.179644
v -3.407642 0.000982 -2.179644
v -3.057175 0.431640 -2.659080
v -3.024323 0.431640 -2.699331
v -3.024323 0.000982 -2.699331
v -3.057175 0.000982 -2.659080
v -3.147686 0.000982 -2.548184
v -3.147686 0.431640 -2.548184
v -3.180538 0.431640 -2.507932
v -3.180538 0.000982 -2.507932
v -2.784954 0.431640 -2.950597
v -2.748317 0.431640 -2.987436
v -2.748317 0.000982 -2.987436
v -2.784954 0.000982 -2.950597
v -2.885893 0.000982 -2.849101
v -2.885893 0.431640 -2.849101
v -2.922530 0.431640 -2.812262
v -2.922530 0.000982 -2.812262
v -2.485621 0.431640 -3.213880
v -2.445548 0.431640 -3.246949
v -2.445548 0.000982 -3.246949
v -2.485621 0.000982 -3.213880
v -2.596027 0.000982 -3.122773
v -2.596027 0.431640 -3.122773
v -2.636101 0.431640 -3.089704
v -2.636101 0.000982 -3.089704
v -2.162061 0.431640 -3.446393
v -2.118935 0.431640 -3.475368
v -2.118935 0.000982 -3.475368
v -2.162061 0.000982 -3.446393
v -2.280878 0.000982 -3.366565
v -2.280878 0.431640 -3.366565
v -2.324004 0.431640 -3.337590
v -2.324004 0.000982 -3.337590
v -1.817392 0.431640 -3.645894
v -1.771627 0.431640 -3.670491
v -1.771627 0.000982 -3.670491
v -1.817392 0.000982 -3.645894
v -1.943478 0.000982 -3.578129
v -1.943478 0.431640 -3.578129
v -1.989242 0.431640 -3.553532
v -1.989242 0.000982 -3.553532
v -1.454935 0.431640 -3.810462
v -1.406973 0.431640 -3.830438
v -1.406973 0.000982 -3.830438
v -1.454935 0.000982 -3.810462
v -1.587074 0.000982 -3.755427
v -1.587074 0.431640 -3.755427
v -1.635036 0.431640 -3.735451
v -1.635036 0.000982 -3.735451
v -1.078182 0.431640 -3.938512
v -1.028487 0.431640 -3.953670
v -1.028487 0.000982 -3.953670
v -1.078182 0.000982 -3.938512
v -1.215097 0.000982 -3.896750
v -1.215097 0.431640 -3.896750
v -1.264792 0.431640 -3.881593
v -1.264792 0.000982 -3.881593
v -0.690766 0.431640 -4.028811
v -0.639819 0.431640 -4.039000
v -0.639819 0.000982 -4.039000
v -0.690766 0.000982 -4.028811
v -0.831127 0.000982 -4.000737
v -0.831127 0.431640 -4.000737
v -0.882074 0.431640 -3.990547
v -0.882074 0.000982 -3.990547
v -0.296417 0.431640 -4.080489
v -0.244715 0.431640 -4.085610
v -0.244715 0.000982 -4.085610
v -0.296417 0.000982 -4.080490
v -0.438862 0.000982 -4.066383
v -0.438862 0.431640 -4.066382
v -0.490565 0.431640 -4.061262
v -0.490565 0.000982 -4.061262
v -0.016444 -0.000000 -4.050838
v -0.119669 -0.000000 -4.050838
v -0.119669 0.432622 -4.050838
v -0.016444 0.432622 -4.050838
v 0.075428 -0.000000 -4.050838
v 0.075428 0.432622 -4.050838
v 0.178653 -0.000000 -4.050838
v 0.178653 0.432622 -4.050838
v 0.468176 0.432622 -4.026900
v 0.570898 0.432622 -4.016726
v 0.570898 -0.000000 -4.016726
v 0.468176 -0.000000 -4.026899
v 0.376751 0.432622 -4.035954
v 0.376751 -0.000000 -4.035954
v 0.274029 0.432622 -4.046127
v 0.274029 -0.000000 -4.046127
v 0.856695 0.432622 -3.964369
v 0.957915 0.432622 -3.944124
v 0.957915 -0.000000 -3.944124
v 0.856695 -0.000000 -3.964369
v 0.766607 0.432622 -3.982388
v 0.766607 -0.000000 -3.982388
v 0.665387 0.432622 -4.002633
v 0.665387 -0.000000 -4.002633
v 1.237245 0.432622 -3.863851
v 1.335979 0.432622 -3.833735
v 1.335979 -0.000000 -3.833735
v 1.237245 -0.000000 -3.863851
v 1.149369 0.432622 -3.890655
v 1.149369 -0.000000 -3.890655
v 1.050635 0.432622 -3.920770
v 1.050635 -0.000000 -3.920770
v 1.606163 0.432622 -3.726313
v 1.701453 0.432622 -3.686625
v 1.701453 -0.000000 -3.686625
v 1.606163 -0.000000 -3.726313
v 1.521352 0.432622 -3.761636
v 1.521352 -0.000000 -3.761636
v 1.426062 0.432622 -3.801324
v 1.426062 -0.000000 -3.801324
v 1.959896 0.432622 -3.553080
v 2.050821 0.432622 -3.504211
v 2.050821 -0.000000 -3.504211
v 1.959896 -0.000000 -3.553080
v 1.878971 0.432622 -3.596574
v 1.878971 -0.000000 -3.596574
v 1.788046 0.432622 -3.645442
v 1.788046 -0.000000 -3.645442
v 2.295041 0.432622 -3.345820
v 2.380723 0.432622 -3.288253
v 2.380723 -0.000000 -3.288253
v 2.295041 -0.000000 -3.345820
v 2.218781 0.432622 -3.397056
v 2.218781 -0.000000 -3.397056
v 2.133098 0.432622 -3.454623
v 2.133098 -0.000000 -3.454623
v 2.608370 0.432622 -3.106528
v 2.687988 0.432622 -3.040828
v 2.687988 -0.000000 -3.040828
v 2.608370 -0.000000 -3.106529
v 2.537508 0.432622 -3.165004
v 2.537508 -0.000000 -3.165004
v 2.457891 0.432622 -3.230705
v 2.457891 -0.000000 -3.230705
v 2.896868 0.432622 -2.837509
v 2.969658 0.432622 -2.764317
v 2.969658 -0.000000 -2.764317
v 2.896868 -0.000000 -2.837509
v 2.832082 0.432622 -2.902652
v 2.832082 -0.000000 -2.902652
v 2.759291 0.432622 -2.975844
v 2.759291 -0.000000 -2.975844
v 3.157756 0.432622 -2.541351
v 3.223027 0.432622 -2.461380
v 3.223027 -0.000000 -2.461380
v 3.157756 -0.000000 -2.541351
v 3.099663 0.432622 -2.612527
v 3.099663 -0.000000 -2.612527
v 3.034393 0.432622 -2.692498
v 3.034393 -0.000000 -2.692498
v 3.388522 0.432622 -2.220904
v 3.445654 0.432622 -2.134929
v 3.445654 -0.000000 -2.134929
v 3.388522 -0.000000 -2.220904
v 3.337674 0.432622 -2.297424
v 3.337674 -0.000000 -2.297424
v 3.280542 0.432622 -2.383399
v 3.280542 -0.000000 -2.383399
v 3.586945 0.432622 -1.879253
v 3.635398 0.432622 -1.788105
v 3.635398 -0.000000 -1.788105
v 3.586945 -0.000000 -1.879253
v 3.543821 0.432622 -1.960378
v 3.543821 -0.000000 -1.960378
v 3.495368 0.432622 -2.051526
v 3.495368 -0.000000 -2.051526
v 3.751112 0.432622 -1.519688
v 3.790430 0.432622 -1.424242
v 3.790430 -0.000000 -1.424242
v 3.751112 -0.000000 -1.519688
v 3.716118 0.432622 -1.604637
v 3.716118 -0.000000 -1.604637
v 3.676800 0.432622 -1.700083
v 3.676800 -0.000000 -1.700083
v 3.879441 0.432622 -1.145669
v 3.909256 0.432622 -1.046842
v 3.909256 -0.000000 -1.046842
v 3.879441 -0.000000 -1.145669
v 3.852905 0.432622 -1.233629
v 3.852905 -0.000000 -1.233629
v 3.823091 0.432622 -1.332456
v 3.823091 -0.000000 -1.332456
v 3.970696 0.432622 -0.760799
v 3.990728 0.432622 -0.659534
v 3.990728 -0.000000 -0.659534
v 3.970695 -0.000000 -0.760799
v 3.952867 0.432622 -0.850927
v 3.952866 -0.000000 -0.850927
v 3.932834 0.432622 -0.952192
v 3.932834 -0.000000 -0.952192
v 4.023994 0.432622 -0.368782
v 4.034058 0.432622 -0.266047
v 4.034058 -0.000000 -0.266047
v 4.023994 -0.000000 -0.368782
v 4.015038 0.432622 -0.460220
v 4.015038 -0.000000 -0.460220
v 4.004975 0.432622 -0.562955
v 4.004975 -0.000000 -0.562955
v 4.038824 0.432622 0.026605
v 4.038824 0.432622 0.129832
v 4.038824 0.000000 0.129832
v 4.038824 0.000000 0.026605
v 4.038824 0.432622 -0.065270
v 4.038824 -0.000000 -0.065270
v 4.038824 0.432622 -0.168497
v 4.038824 -0.000000 -0.168497
v 4.015038 0.432622 0.421555
v 4.004975 0.432622 0.524290
v 4.004975 0.000000 0.524290
v 4.015038 0.000000 0.421555
v 4.023994 0.432622 0.330117
v 4.023994 0.000000 0.330117
v 4.034058 0.432622 0.227382
v 4.034058 0.000000 0.227382
v 3.952866 0.432622 0.812262
v 3.932834 0.432622 0.913527
v 3.932834 0.000000 0.913527
v 3.952867 0.000000 0.812262
v 3.970695 0.432622 0.722134
v 3.970696 0.000000 0.722134
v 3.990728 0.432622 0.620869
v 3.990728 0.000000 0.620869
v 3.852905 0.432622 1.194964
v 3.823091 0.432622 1.293791
v 3.823091 0.000000 1.293791
v 3.852905 0.000000 1.194964
v 3.879441 0.432622 1.107004
v 3.879441 0.000000 1.107004
v 3.909256 0.432622 1.008177
v 3.909256 0.000000 1.008177
v 3.716118 0.432622 1.565972
v 3.676800 0.432622 1.661418
v 3.676800 0.000000 1.661418
v 3.716118 0.000000 1.565972
v 3.751112 0.432622 1.481023
v 3.751112 0.000000 1.481023
v 3.790430 0.432622 1.385577
v 3.790430 0.000000 1.385577
v 3.543821 0.432622 1.921713
v 3.495368 0.432622 2.012861
v 3.495368 0.000000 2.012861
v 3.543821 0.000000 1.921713
v 3.586945 0.432622 1.840588
v 3.586945 0.000000 1.840588
v 3.635398 0.432622 1.749440
v 3.635398 0.000000 1.749440
v 3.337674 0.432622 2.258759
v 3.280542 0.432622 2.344734
v 3.280542 0.000000 2.344734
v 3.337674 0.000000 2.258759
v 3.388522 0.432622 2.182239
v 3.388522 0.000000 2.182239
v 3.445654 0.432622 2.096264
v 3.445654 0.000000 2.096264
v 3.099663 0.432622 2.573862
v 3.034393 0.432622 2.653833
v 3.034393 0.000000 2.653833
v 3.099663 0.000000 2.573862
v 3.157756 0.432622 2.502686
v 3.157756 0.000000 2.502686
v 3.223027 0.432622 2.422715
v 3.223027 0.000000 2.422715
v 2.832082 0.432622 2.863987
v 2.759291 0.432622 2.937179
v 2.759291 0.000000 2.937179
v 2.832082 0.000000 2.863987
v 2.896868 0.432622 2.798844
v 2.896868 0.000000 2.798844
v 2.969658 0.432622 2.725652
v 2.969658 0.000000 2.725652
v 2.537508 0.432622 3.126339
v 2.457891 0.432622 3.192040
v 2.457891 0.000000 3.192040
v 2.537508 0.000000 3.126339
v 2.608370 0.432622 3.067864
v 2.608370 0.000000 3.067863
v 2.687988 0.432622 3.002163
v 2.687988 0.000000 3.002163
v 2.218781 0.432622 3.358391
v 2.133098 0.432622 3.415958
v 2.133098 0.000000 3.415958
v 2.218781 0.000000 3.358391
v 2.295041 0.432622 3.307155
v 2.295041 0.000000 3.307155
v 2.380723 0.432622 3.249588
v 2.380723 0.000000 3.249588
v 1.878971 0.432622 3.557909
v 1.788046 0.432622 3.606777
v 1.788046 0.000000 3.606777
v 1.878971 0.000000 3.557909
v 1.959896 0.432622 3.514415
v 1.959896 0.000000 3.514415
v 2.050821 0.432622 3.465547
v 2.050821 0.000000 3.465547
v 1.521352 0.432622 3.722971
v 1.426062 0.432622 3.762660
v 1.426062 0.000000 3.762660
v 1.521352 0.000000 3.722971
v 1.606163 0.432622 3.687648
v 1.606163 0.000000 3.687648
v 1.701453 0.432622 3.647960
v 1.701453 0.000000 3.647960
v 1.149369 0.432622 3.851990
v 1.050635 0.432622 3.882106
v 1.050635 0.000000 3.882106
v 1.149369 0.000000 3.851990
v 1.237245 0.432622 3.825186
v 1.237245 0.000000 3.825186
v 1.335979 0.432622 3.795070
v 1.335979 0.000000 3.795070
v 0.766607 0.432622 3.943723
v 0.665387 0.432622 3.963968
v 0.665387 0.000000 3.963968
v 0.766607 0.000000 3.943723
v 0.856695 0.432622 3.925704
v 0.856695 0.000000 3.925704
v 0.957915 0.432622 3.905459
v 0.957915 0.000000 3.905459
v 0.376751 0.432622 3.997289
v 0.274029 0.432622 4.007462
v 0.274029 0.000000 4.007462
v 0.376751 0.000000 3.997290
v 0.468176 0.432622 3.988235
v 0.468176 0.000000 3.988235
v 0.570898 0.432622 3.978061
v 0.570898 0.000000 3.978062
v -0.016444 0.432622 4.012173
v -0.119669 0.432622 4.012173
v -0.119669 0.000000 4.012173
v -0.016444 0.000000 4.012173
v 0.075428 0.432622 4.012173
v 0.075428 0.000000 4.012173
v 0.178653 0.432622 4.012173
v 0.178653 0.000000 4.012173
v -0.409192 0.432622 3.988235
v -0.511914 0.432622 3.978062
v -0.511914 0.000000 3.978061
v -0.409192 0.000000 3.988235
v -0.317767 0.432622 3.997290
v -0.317767 0.000000 3.997289
v -0.215045 0.432622 4.007462
v -0.215045 0.000000 4.007462
v -0.797711 0.432622 3.925704
v -0.898931 0.432622 3.905459
v -0.898931 0.000000 3.905459
v -0.797711 0.000000 3.925704
v -0.707623 0.432622 3.943723
v -0.707623 0.000000 3.943723
v -0.606403 0.432622 3.963968
v -0.606403 0.000000 3.963968
v -1.178261 0.432622 3.825186
v -1.276995 0.432622 3.795070
v -1.276995 0.000000 3.795070
v -1.178261 0.000000 3.825186
v -1.090385 0.432622 3.851990
v -1.090385 0.000000 3.851990
v -0.991652 0.432622 3.882106
v -0.991652 0.000000 3.882106
v -1.547179 0.432622 3.687648
v -1.642469 0.432622 3.647960
v -1.642469 0.000000 3.647960
v -1.547179 0.000000 3.687648
v -1.462368 0.432622 3.722971
v -1.462368 0.000000 3.722971
v -1.367078 0.432622 3.762660
v -1.367078 0.000000 3.762660
v -1.900912 0.432622 3.514415
v -1.991837 0.432622 3.465547
v -1.991837 0.000000 3.465547
v -1.900912 0.000000 3.514415
v -1.819987 0.432622 3.557909
v -1.819987 0.000000 3.557909
v -1.729062 0.432622 3.606777
v -1.729062 0.000000 3.606777
v -2.236057 0.432622 3.307155
v -2.321740 0.432622 3.249588
v -2.321740 0.000000 3.249588
v -2.236057 0.000000 3.307155
v -2.159797 0.432622 3.358391
v -2.159797 0.000000 3.358391
v -2.074115 0.432622 3.415958
v -2.074115 0.000000 3.415958
v -2.549387 0.432622 3.067863
v -2.629004 0.432622 3.002163
v -2.629004 0.000000 3.002163
v -2.549387 0.000000 3.067864
v -2.478525 0.432622 3.126339
v -2.478525 0.000000 3.126339
v -2.398907 0.432622 3.192040
v -2.398907 0.000000 3.192040
v -2.837884 0.432622 2.798844
v -2.910675 0.432622 2.725652
v -2.910675 0.000000 2.725652
v -2.837884 0.000000 2.798844
v -2.773098 0.432622 2.863987
v -2.773098 0.000000 2.863987
v -2.700307 0.432622 2.937179
v -2.700307 0.000000 2.937179
v -3.098772 0.432622 2.502686
v -3.164043 0.432622 2.422715
v -3.164043 0.000000 2.422715
v -3.098772 0.000000 2.502686
v -3.040679 0.432622 2.573862
v -3.040679 0.000000 2.573862
v -2.975409 0.432622 2.653833
v -2.975409 0.000000 2.653833
v -3.329539 0.432622 2.182239
v -3.386670 0.432622 2.096264
v -3.386670 0.000000 2.096264
v -3.329539 0.000000 2.182239
v -3.278690 0.432622 2.258759
v -3.278690 0.000000 2.258759
v -3.221559 0.432622 2.344734
v -3.221559 0.000000 2.344734
v -3.527961 0.432622 1.840588
v -3.576414 0.432622 1.749440
v -3.576414 0.000000 1.749440
v -3.527961 0.000000 1.840588
v -3.484837 0.432622 1.921713
v -3.484837 0.000000 1.921713
v -3.436384 0.432622 2.012861
v -3.436384 0.000000 2.012861
v -3.692128 0.432622 1.481023
v -3.731446 0.432622 1.385577
v -3.731446 0.000000 1.385577
v -3.692128 0.000000 1.481023
v -3.657134 0.432622 1.565972
v -3.657134 0.000000 1.565972
v -3.617816 0.432622 1.661418
v -3.617816 0.000000 1.661418
v -3.820457 0.432622 1.107004
v -3.850272 0.432622 1.008177
v -3.850272 0.000000 1.008177
v -3.820457 0.000000 1.107004
v -3.793921 0.432622 1.194964
v -3.793921 0.000000 1.194964
v -3.764107 0.432622 1.293791
v -3.764107 0.000000 1.293791
v -3.911712 0.432622 0.722134
v -3.931744 0.432622 0.620869
v -3.931744 0.000000 0.620869
v -3.911711 0.000000 0.722134
v -3.893883 0.432622 0.812262
v -3.893882 0.000000 0.812262
v -3.873850 0.432622 0.913527
v -3.873850 0.000000 0.913527
v -3.965011 0.432622 0.330117
v -3.975074 0.432622 0.227382
v -3.975074 0.000000 0.227382
v -3.965011 0.000000 0.330117
v -3.956055 0.432622 0.421555
v -3.956055 0.000000 0.421555
v -3.945991 0.432622 0.524290
v -3.945991 0.000000 0.524290
v -3.979840 0.432622 -0.065270
v -3.979840 0.432622 -0.168497
v -3.979840 -0.000000 -0.168497
v -3.979840 -0.000000 -0.065270
v -3.979840 0.432622 0.026605
v -3.979840 0.000000 0.026605
v -3.979840 0.432622 0.129832
v -3.979840 0.000000 0.129832
v -3.956055 0.432622 -0.460220
v -3.945991 0.432622 -0.562955
v -3.945991 -0.000000 -0.562955
v -3.956055 -0.000000 -0.460220
v -3.965011 0.432622 -0.368782
v -3.965011 -0.000000 -0.368782
v -3.975074 0.432622 -0.266047
v -3.975074 -0.000000 -0.266047
v -3.893882 0.432622 -0.850927
v -3.873850 0.432622 -0.952192
v -3.873850 -0.000000 -0.952192
v -3.893883 -0.000000 -0.850927
v -3.911711 0.432622 -0.760799
v -3.911712 -0.000000 -0.760799
v -3.931744 0.432622 -0.659534
v -3.931744 -0.000000 -0.659534
v -3.793921 0.432622 -1.233629
v -3.764107 0.432622 -1.332456
v -3.764107 -0.000000 -1.332456
v -3.793921 -0.000000 -1.233629
v -3.820457 0.432622 -1.145669
v -3.820457 -0.000000 -1.145669
v -3.850272 0.432622 -1.046842
v -3.850272 -0.000000 -1.046842
v -3.657134 0.432622 -1.604637
v -3.617816 0.432622 -1.700083
v -3.617816 -0.000000 -1.700083
v -3.657134 -0.000000 -1.604637
v -3.692128 0.432622 -1.519688
v -3.692128 -0.000000 -1.519688
v -3.731446 0.432622 -1.424242
v -3.731446 -0.000000 -1.424242
v -3.484837 0.432622 -1.960378
v -3.436384 0.432622 -2.051526
v -3.436384 -0.000000 -2.051526
v -3.484837 -0.000000 -1.960378
v -3.527961 0.432622 -1.879253
v -3.527961 -0.000000 -1.879253
v -3.576414 0.432622 -1.788105
v -3.576414 -0.000000 -1.788105
v -3.278690 0.432622 -2.297424
v -3.221559 0.432622 -2.383399
v -3.221559 -0.000000 -2.383399
v -3.278690 -0.000000 -2.297424
v -3.329539 0.432622 -2.220904
v -3.329539 -0.000000 -2.220904
v -3.386670 0.432622 -2.134929
v -3.386670 -0.000000 -2.134929
v -3.040679 0.432622 -2.612527
v -2.975409 0.432622 -2.692498
v -2.975409 -0.000000 -2.692498
v -3.040679 -0.000000 -2.612527
v -3.098772 0.432622 -2.541351
v -3.098772 -0.000000 -2.541351
v -3.164043 0.432622 -2.461380
v -3.164043 -0.000000 -2.461380
v -2.773098 0.432622 -2.902652
v -2.700307 0.432622 -2.975844
v -2.700307 -0.000000 -2.975844
v -2.773098 -0.000000 -2.902652
v -2.837884 0.432622 -2.837509
v -2.837884 -0.000000 -2.837509
v -2.910675 0.432622 -2.764317
v -2.910675 -0.000000 -2.764317
v -2.478525 0.432622 -3.165004
v -2.398907 0.432622 -3.230705
v -2.398907 -0.000000 -3.230705
v -2.478525 -0.000000 -3.165004
v -2.549387 0.432622 -3.106529
v -2.549387 -0.000000 -3.106528
v -2.629004 0.432622 -3.040828
v -2.629004 -0.000000 -3.040828
v -2.159797 0.432622 -3.397056
v -2.074115 0.432622 -3.454623
v -2.074115 -0.000000 -3.454623
v -2.159797 -0.000000 -3.397056
v -2.236057 0.432622 -3.345820
v -2.236057 -0.000000 -3.345820
v -2.321740 0.432622 -3.288253
v -2.321740 -0.000000 -3.288253
v -1.819987 0.432622 -3.596574
v -1.729062 0.432622 -3.645442
v -1.729062 -0.000000 -3.645442
v -1.819987 -0.000000 -3.596574
v -1.900912 0.432622 -3.553080
v -1.900912 -0.000000 -3.553080
v -1.991837 0.432622 -3.504211
v -1.991837 -0.000000 -3.504211
v -1.462368 0.432622 -3.761636
v -1.367078 0.432622 -3.801324
v -1.367078 -0.000000 -3.801324
v -1.462368 -0.000000 -3.761636
v -1.547179 0.432622 -3.726313
v -1.547179 -0.000000 -3.726313
v -1.642469 0.432622 -3.686625
v -1.642469 -0.000000 -3.686625
v -1.090385 0.432622 -3.890655
v -0.991652 0.432622 -3.920770
v -0.991652 -0.000000 -3.920770
v -1.090385 -0.000000 -3.890655
v -1.178261 0.432622 -3.863851
v -1.178261 -0.000000 -3.863851
v -1.276995 0.432622 -3.833735
v -1.276995 -0.000000 -3.833735
v -0.707623 0.432622 -3.982388
v -0.606403 0.432622 -4.002633
v -0.606403 -0.000000 -4.002633
v -0.707623 -0.000000 -3.982388
v -0.797711 0.432622 -3.964369
v -0.797711 -0.000000 -3.964369
v -0.898931 0.432622 -3.944124
v -0.898931 -0.000000 -3.944124
v -0.317767 0.432622 -4.035954
v -0.215045 0.432622 -4.046127
v -0.215045 -0.000000 -4.046127
v -0.317767 -0.000000 -4.035954
v -0.409192 0.432622 -4.026899
v -0.409192 -0.000000 -4.026900
v -0.511914 0.432622 -4.016726
v -0.511914 -0.000000 -4.016726
v -0.016444 0.149977 -3.896220
v -0.115852 0.149977 -3.896220
v -0.115852 0.282645 -3.896220
v -0.016444 0.282645 -3.896220
v 0.075428 0.149977 -3.896220
v 0.075428 0.282645 -3.896220
v 0.174836 0.149977 -3.896220
v 0.174836 0.282645 -3.896220
v 0.452937 0.282645 -3.873034
v 0.551862 0.282645 -3.863237
v 0.551862 0.149977 -3.863237
v 0.452938 0.149977 -3.873034
v 0.361513 0.282645 -3.882089
v 0.361512 0.149977 -3.882088
v 0.262589 0.282645 -3.891885
v 0.262588 0.149977 -3.891885
v 0.826371 0.282645 -3.812754
v 0.923850 0.282645 -3.793257
v 0.923850 0.149977 -3.793257
v 0.826371 0.149977 -3.812754
v 0.736282 0.282645 -3.830772
v 0.736282 0.149977 -3.830773
v 0.638803 0.282645 -3.850269
v 0.638804 0.149977 -3.850269
v 1.192135 0.282645 -3.715959
v 1.287222 0.282645 -3.686956
v 1.287222 0.149977 -3.686956
v 1.192135 0.149977 -3.715959
v 1.104259 0.282645 -3.742763
v 1.104259 0.149977 -3.742763
v 1.009173 0.282645 -3.771766
v 1.009173 0.149977 -3.771766
v 1.546715 0.282645 -3.583580
v 1.638487 0.282645 -3.545357
v 1.638487 0.149977 -3.545357
v 1.546715 0.149977 -3.583580
v 1.461904 0.282645 -3.618903
v 1.461904 0.149977 -3.618903
v 1.370131 0.282645 -3.657126
v 1.370131 0.149977 -3.657126
v 1.886698 0.282645 -3.416886
v 1.974269 0.282645 -3.369820
v 1.974269 0.149977 -3.369820
v 1.886698 0.149977 -3.416886
v 1.805772 0.282645 -3.460380
v 1.805772 0.149977 -3.460380
v 1.718201 0.282645 -3.507446
v 1.718201 0.149977 -3.507446
v 2.208813 0.282645 -3.217478
v 2.291339 0.282645 -3.162033
v 2.291339 0.149977 -3.162033
v 2.208813 0.149977 -3.217478
v 2.132553 0.282645 -3.268715
v 2.132553 0.149977 -3.268715
v 2.050028 0.282645 -3.324161
v 2.050028 0.149977 -3.324161
v 2.509960 0.282645 -2.987272
v 2.586646 0.282645 -2.923990
v 2.586646 0.149977 -2.923990
v 2.509959 0.149977 -2.987272
v 2.439098 0.282645 -3.045747
v 2.439098 0.149977 -3.045748
v 2.362411 0.282645 -3.109030
v 2.362411 0.149977 -3.109030
v 2.787236 0.282645 -2.728479
v 2.857350 0.282645 -2.657978
v 2.857350 0.149977 -2.657978
v 2.787236 0.149977 -2.728479
v 2.722450 0.282645 -2.793621
v 2.722450 0.149977 -2.793621
v 2.652336 0.282645 -2.864122
v 2.652336 0.149977 -2.864122
v 3.037971 0.282645 -2.443584
v 3.100844 0.282645 -2.366551
v 3.100844 0.149977 -2.366551
v 3.037971 0.149977 -2.443584
v 2.979878 0.282645 -2.514761
v 2.979878 0.149977 -2.514761
v 2.917005 0.282645 -2.591794
v 2.917005 0.149977 -2.591794
v 3.259745 0.282645 -2.135329
v 3.314780 0.282645 -2.052509
v 3.314780 0.149977 -2.052509
v 3.259745 0.149977 -2.135329
v 3.208896 0.282645 -2.211849
v 3.208896 0.149977 -2.211849
v 3.153861 0.282645 -2.294669
v 3.153861 0.149977 -2.294669
v 3.450418 0.282645 -1.806678
v 3.497095 0.282645 -1.718871
v 3.497095 0.149977 -1.718871
v 3.450418 0.149977 -1.806678
v 3.407294 0.282645 -1.887803
v 3.407294 0.149977 -1.887803
v 3.360617 0.282645 -1.975610
v 3.360617 0.149977 -1.975610
v 3.608149 0.282645 -1.460795
v 3.646027 0.282645 -1.368845
v 3.646027 0.149977 -1.368845
v 3.608149 0.149977 -1.460795
v 3.573155 0.282645 -1.545745
v 3.573155 0.149977 -1.545745
v 3.535277 0.282645 -1.637694
v 3.535277 0.149977 -1.637694
v 3.731413 0.282645 -1.101012
v 3.760136 0.282645 -1.005801
v 3.760136 0.149977 -1.005801
v 3.731413 0.149977 -1.101012
v 3.704877 0.282645 -1.188971
v 3.704877 0.149977 -1.188971
v 3.676153 0.282645 -1.284181
v 3.676153 0.149977 -1.284181
v 3.819017 0.282645 -0.730794
v 3.838316 0.282645 -0.633233
v 3.838316 0.149977 -0.633233
v 3.819016 0.149977 -0.730793
v 3.801188 0.282645 -0.820922
v 3.801187 0.149977 -0.820922
v 3.781888 0.282645 -0.918481
v 3.781888 0.149977 -0.918482
v 3.870113 0.282645 -0.353709
v 3.879808 0.282645 -0.254731
v 3.879808 0.149977 -0.254731
v 3.870113 0.149977 -0.353709
v 3.861157 0.282645 -0.445147
v 3.861157 0.149977 -0.445147
v 3.851461 0.282645 -0.544125
v 3.851461 0.149977 -0.544124
v 3.884205 0.282645 0.026605
v 3.884205 0.282645 0.126057
v 3.884205 0.149977 0.126057
v 3.884205 0.149977 0.026605
v 3.884205 0.282645 -0.065270
v 3.884205 0.149977 -0.065270
v 3.884205 0.282645 -0.164722
v 3.884205 0.149977 -0.164722
v 3.861157 0.282645 0.406482
v 3.851461 0.282645 0.505460
v 3.851461 0.149977 0.505460
v 3.861157 0.149977 0.406482
v 3.870113 0.282645 0.315045
v 3.870113 0.149977 0.315045
v 3.879808 0.282645 0.216066
v 3.879808 0.149977 0.216066
v 3.801187 0.282645 0.782257
v 3.781888 0.282645 0.879817
v 3.781888 0.149977 0.879817
v 3.801188 0.149977 0.782257
v 3.819016 0.282645 0.692128
v 3.819017 0.149977 0.692129
v 3.838316 0.282645 0.594568
v 3.838316 0.149977 0.594569
v 3.704877 0.282645 1.150306
v 3.676153 0.282645 1.245516
v 3.676153 0.149977 1.245516
v 3.704877 0.149977 1.150306
v 3.731413 0.282645 1.062347
v 3.731413 0.149977 1.062347
v 3.760136 0.282645 0.967136
v 3.760136 0.149977 0.967136
v 3.573155 0.282645 1.507080
v 3.535277 0.282645 1.599029
v 3.535277 0.149977 1.599029
v 3.573155 0.149977 1.507080
v 3.608149 0.282645 1.422130
v 3.608149 0.149977 1.422130
v 3.646027 0.282645 1.330181
v 3.646027 0.149977 1.330181
v 3.407294 0.282645 1.849138
v 3.360617 0.282645 1.936945
v 3.360617 0.149977 1.936945
v 3.407294 0.149977 1.849138
v 3.450418 0.282645 1.768013
v 3.450418 0.149977 1.768013
v 3.497095 0.282645 1.680206
v 3.497095 0.149977 1.680206
v 3.208896 0.282645 2.173185
v 3.153861 0.282645 2.256004
v 3.153861 0.149977 2.256004
v 3.208896 0.149977 2.173185
v 3.259745 0.282645 2.096664
v 3.259745 0.149977 2.096664
v 3.314780 0.282645 2.013844
v 3.314780 0.149977 2.013844
v 2.979878 0.282645 2.476096
v 2.917005 0.282645 2.553130
v 2.917005 0.149977 2.553130
v 2.979878 0.149977 2.476096
v 3.037971 0.282645 2.404920
v 3.037971 0.149977 2.404920
v 3.100844 0.282645 2.327886
v 3.100844 0.149977 2.327886
v 2.722450 0.282645 2.754956
v 2.652336 0.282645 2.825457
v 2.652336 0.149977 2.825457
v 2.722450 0.149977 2.754956
v 2.787236 0.282645 2.689814
v 2.787236 0.149977 2.689814
v 2.857350 0.282645 2.619313
v 2.857350 0.149977 2.619313
v 2.439098 0.282645 3.007083
v 2.362411 0.282645 3.070365
v 2.362411 0.149977 3.070365
v 2.439098 0.149977 3.007082
v 2.509959 0.282645 2.948607
v 2.509960 0.149977 2.948607
v 2.586646 0.282645 2.885325
v 2.586646 0.149977 2.885325
v 2.132553 0.282645 3.230050
v 2.050028 0.282645 3.285496
v 2.050028 0.149977 3.285496
v 2.132553 0.149977 3.230050
v 2.208813 0.282645 3.178813
v 2.208813 0.149977 3.178813
v 2.291339 0.282645 3.123368
v 2.291339 0.149977 3.123368
v 1.805772 0.282645 3.421715
v 1.718201 0.282645 3.468781
v 1.718201 0.149977 3.468781
v 1.805772 0.149977 3.421715
v 1.886698 0.282645 3.378221
v 1.886698 0.149977 3.378221
v 1.974269 0.282645 3.331155
v 1.974269 0.149977 3.331155
v 1.461904 0.282645 3.580239
v 1.370131 0.282645 3.618462
v 1.370131 0.149977 3.618462
v 1.461904 0.149977 3.580239
v 1.546715 0.282645 3.544915
v 1.546715 0.149977 3.544915
v 1.638487 0.282645 3.506692
v 1.638487 0.149977 3.506692
v 1.104259 0.282645 3.704098
v 1.009173 0.282645 3.733102
v 1.009173 0.149977 3.733102
v 1.104259 0.149977 3.704098
v 1.192135 0.282645 3.677294
v 1.192135 0.149977 3.677294
v 1.287222 0.282645 3.648291
v 1.287222 0.149977 3.648291
v 0.736282 0.282645 3.792108
v 0.638804 0.282645 3.811604
v 0.638803 0.149977 3.811604
v 0.736282 0.149977 3.792108
v 0.826371 0.282645 3.774089
v 0.826371 0.149977 3.774089
v 0.923850 0.282645 3.754592
v 0.923850 0.149977 3.754592
v 0.361512 0.282645 3.843423
v 0.262588 0.282645 3.853220
v 0.262589 0.149977 3.853220
v 0.361513 0.149977 3.843424
v 0.452938 0.282645 3.834369
v 0.452937 0.149977 3.834370
v 0.551862 0.282645 3.824572
v 0.551862 0.149977 3.824572
v -0.016444 0.282645 3.857555
v -0.115852 0.282645 3.857555
v -0.115852 0.149977 3.857555
v -0.016444 0.149977 3.857555
v 0.075428 0.282645 3.857555
v 0.075428 0.149977 3.857555
v 0.174836 0.282645 3.857555
v 0.174836 0.149977 3.857555
v -0.393954 0.282645 3.834370
v -0.492878 0.282645 3.824572
v -0.492879 0.149977 3.824572
v -0.393954 0.149977 3.834369
v -0.302529 0.282645 3.843424
v -0.302529 0.149977 3.843423
v -0.203605 0.282645 3.853220
v -0.203605 0.149977 3.853220
v -0.767387 0.282645 3.774089
v -0.864866 0.282645 3.754592
v -0.864866 0.149977 3.754592
v -0.767387 0.149977 3.774089
v -0.677298 0.282645 3.792108
v -0.677298 0.149977 3.792108
v -0.579820 0.282645 3.811604
v -0.579820 0.149977 3.811604
v -1.133152 0.282645 3.677294
v -1.228238 0.282645 3.648291
v -1.228238 0.149977 3.648291
v -1.133152 0.149977 3.677294
v -1.045276 0.282645 3.704098
v -1.045276 0.149977 3.704098
v -0.950189 0.282645 3.733102
v -0.950189 0.149977 3.733102
v -1.487731 0.282645 3.544915
v -1.579504 0.282645 3.506692
v -1.579504 0.149977 3.506692
v -1.487731 0.149977 3.544915
v -1.402920 0.282645 3.580239
v -1.402920 0.149977 3.580238
v -1.311147 0.282645 3.618462
v -1.311147 0.149977 3.618462
v -1.827714 0.282645 3.378221
v -1.915285 0.282645 3.331155
v -1.915285 0.149977 3.331155
v -1.827714 0.149977 3.378221
v -1.746788 0.282645 3.421715
v -1.746788 0.149977 3.421715
v -1.659217 0.282645 3.468781
v -1.659217 0.149977 3.468781
v -2.149829 0.282645 3.178813
v -2.232355 0.282645 3.123368
v -2.232355 0.149977 3.123368
v -2.149829 0.149977 3.178813
v -2.073569 0.282645 3.230050
v -2.073569 0.149977 3.230050
v -1.991044 0.282645 3.285496
v -1.991044 0.149977 3.285496
v -2.450976 0.282645 2.948607
v -2.527663 0.282645 2.885325
v -2.527662 0.149977 2.885325
v -2.450976 0.149977 2.948607
v -2.380114 0.282645 3.007082
v -2.380114 0.149977 3.007083
v -2.303427 0.282645 3.070365
v -2.303427 0.149977 3.070365
v -2.728252 0.282645 2.689814
v -2.798366 0.282645 2.619313
v -2.798366 0.149977 2.619313
v -2.728252 0.149977 2.689814
v -2.663466 0.282645 2.754956
v -2.663466 0.149977 2.754956
v -2.593352 0.282645 2.825457
v -2.593352 0.149977 2.825457
v -2.978987 0.282645 2.404920
v -3.041860 0.282645 2.327886
v -3.041860 0.149977 2.327886
v -2.978987 0.149977 2.404920
v -2.920894 0.282645 2.476096
v -2.920894 0.149977 2.476096
v -2.858021 0.282645 2.553130
v -2.858021 0.149977 2.553130
v -3.200761 0.282645 2.096664
v -3.255796 0.282645 2.013844
v -3.255796 0.149977 2.013844
v -3.200761 0.149977 2.096664
v -3.149912 0.282645 2.173185
v -3.149912 0.149977 2.173185
v -3.094877 0.282645 2.256004
v -3.094877 0.149977 2.256004
v -3.391434 0.282645 1.768013
v -3.438111 0.282645 1.680206
v -3.438111 0.149977 1.680206
v -3.391434 0.149977 1.768013
v -3.348310 0.282645 1.849138
v -3.348310 0.149977 1.849138
v -3.301633 0.282645 1.936945
v -3.301633 0.149977 1.936945
v -3.549165 0.282645 1.422130
v -3.587043 0.282645 1.330181
v -3.587043 0.149977 1.330181
v -3.549165 0.149977 1.422130
v -3.514171 0.282645 1.507080
v -3.514171 0.149977 1.507080
v -3.476293 0.282645 1.599029
v -3.476293 0.149977 1.599029
v -3.672429 0.282645 1.062347
v -3.701152 0.282645 0.967136
v -3.701152 0.149977 0.967136
v -3.672429 0.149977 1.062347
v -3.645893 0.282645 1.150306
v -3.645893 0.149977 1.150306
v -3.617170 0.282645 1.245516
v -3.617170 0.149977 1.245516
v -3.760033 0.282645 0.692129
v -3.779332 0.282645 0.594569
v -3.779332 0.149977 0.594568
v -3.760032 0.149977 0.692128
v -3.742204 0.282645 0.782257
v -3.742203 0.149977 0.782257
v -3.722904 0.282645 0.879817
v -3.722904 0.149977 0.879817
v -3.811129 0.282645 0.315045
v -3.820824 0.282645 0.216066
v -3.820824 0.149977 0.216066
v -3.811129 0.149977 0.315045
v -3.802173 0.282645 0.406482
v -3.802173 0.149977 0.406482
v -3.792478 0.282645 0.505460
v -3.792478 0.149977 0.505460
v -3.825222 0.282645 -0.065270
v -3.825222 0.282645 -0.164722
v -3.825222 0.149977 -0.164722
v -3.825222 0.149977 -0.065270
v -3.825222 0.282645 0.026605
v -3.825222 0.149977 0.026605
v -3.825222 0.282645 0.126057
v -3.825222 0.149977 0.126057
v -3.802173 0.282645 -0.445147
v -3.792478 0.282645 -0.544124
v -3.792478 0.149977 -0.544125
v -3.802173 0.149977 -0.445147
v -3.811129 0.282645 -0.353709
v -3.811129 0.149977 -0.353709
v -3.820824 0.282645 -0.254731
v -3.820824 0.149977 -0.254731
v -3.742203 0.282645 -0.820922
v -3.722904 0.282645 -0.918482
v -3.722904 0.149977 -0.918481
v -3.742204 0.149977 -0.820922
v -3.760032 0.282645 -0.730793
v -3.760033 0.149977 -0.730794
v -3.779332 0.282645 -0.633233
v -3.779332 0.149977 -0.633233
v -3.645893 0.282645 -1.188971
v -3.617170 0.282645 -1.284181
v -3.617170 0.149977 -1.284181
v -3.645893 0.149977 -1.188971
v -3.672429 0.282645 -1.101012
v -3.672429 0.149977 -1.101012
v -3.701152 0.282645 -1.005801
v -3.701152 0.149977 -1.005801
v -3.514171 0.282645 -1.545745
v -3.476293 0.282645 -1.637694
v -3.476293 0.149977 -1.637694
v -3.514171 0.149977 -1.545745
v -3.549165 0.282645 -1.460795
v -3.549165 0.149977 -1.460795
v -3.587043 0.282645 -1.368845
v -3.587043 0.149977 -1.368845
v -3.348310 0.282645 -1.887803
v -3.301633 0.282645 -1.975610
v -3.301633 0.149977 -1.975610
v -3.348310 0.149977 -1.887803
v -3.391434 0.282645 -1.806678
v -3.391434 0.149977 -1.806678
v -3.438111 0.282645 -1.718871
v -3.438111 0.149977 -1.718871
v -3.149912 0.282645 -2.211849
v -3.094877 0.282645 -2.294669
v -3.094877 0.149977 -2.294669
v -3.149912 0.149977 -2.211849
v -3.200761 0.282645 -2.135329
v -3.200761 0.149977 -2.135329
v -3.255796 0.282645 -2.052509
v -3.255796 0.149977 -2.052509
v -2.920894 0.282645 -2.514761
v -2.858021 0.282645 -2.591794
v -2.858021 0.149977 -2.591794
v -2.920894 0.149977 -2.514761
v -2.978987 0.282645 -2.443584
v -2.978987 0.149977 -2.443584
v -3.041860 0.282645 -2.366551
v -3.041860 0.149977 -2.366551
v -2.663466 0.282645 -2.793621
v -2.593352 0.282645 -2.864122
v -2.593352 0.149977 -2.864122
v -2.663466 0.149977 -2.793621
v -2.728252 0.282645 -2.728479
v -2.728252 0.149977 -2.728479
v -2.798366 0.282645 -2.657978
v -2.798366 0.149977 -2.657978
v -2.380114 0.282645 -3.045748
v -2.303427 0.282645 -3.109030
v -2.303427 0.149977 -3.109030
v -2.380114 0.149977 -3.045747
v -2.450976 0.282645 -2.987272
v -2.450976 0.149977 -2.987272
v -2.527662 0.282645 -2.923990
v -2.527663 0.149977 -2.923990
v -2.073569 0.282645 -3.268715
v -1.991044 0.282645 -3.324161
v -1.991044 0.149977 -3.324161
v -2.073569 0.149977 -3.268715
v -2.149829 0.282645 -3.217478
v -2.149829 0.149977 -3.217478
v -2.232355 0.282645 -3.162033
v -2.232355 0.149977 -3.162033
v -1.746788 0.282645 -3.460380
v -1.659217 0.282645 -3.507446
v -1.659217 0.149977 -3.507446
v -1.746788 0.149977 -3.460380
v -1.827714 0.282645 -3.416886
v -1.827714 0.149977 -3.416886
v -1.915285 0.282645 -3.369820
v -1.915285 0.149977 -3.369820
v -1.402920 0.282645 -3.618903
v -1.311147 0.282645 -3.657126
v -1.311147 0.149977 -3.657126
v -1.402920 0.149977 -3.618903
v -1.487731 0.282645 -3.583580
v -1.487731 0.149977 -3.583580
v -1.579504 0.282645 -3.545357
v -1.579504 0.149977 -3.545357
v -1.045276 0.282645 -3.742763
v -0.950189 0.282645 -3.771766
v -0.950189 0.149977 -3.771766
v -1.045276 0.149977 -3.742763
v -1.133152 0.282645 -3.715959
v -1.133152 0.149977 -3.715959
v -1.228238 0.282645 -3.686956
v -1.228238 0.149977 -3.686956
v -0.677298 0.282645 -3.830772
v -0.579820 0.282645 -3.850269
v -0.579820 0.149977 -3.850269
v -0.677298 0.149977 -3.830772
v -0.767387 0.282645 -3.812754
v -0.767387 0.149977 -3.812754
v -0.864866 0.282645 -3.793257
v -0.864866 0.149977 -3.793257
v -0.302529 0.282645 -3.882088
v -0.203605 0.282645 -3.891885
v -0.203605 0.149977 -3.891885
v -0.302529 0.149977 -3.882089
v -0.393954 0.282645 -3.873034
v -0.393954 0.149977 -3.873034
v -0.492879 0.282645 -3.863237
v -0.492878 0.149977 -3.863237
v -0.016444 0.115648 -3.896220
v -0.115852 0.115648 -3.896220
v -0.115852 0.316974 -3.896220
v -0.016444 0.316974 -3.896220
v 0.075428 0.115648 -3.896220
v 0.075428 0.316974 -3.896220
v 0.174836 0.115648 -3.896220
v 0.174836 0.316974 -3.896220
v 0.452937 0.316974 -3.873034
v 0.551862 0.316974 -3.863237
v 0.551862 0.115648 -3.863237
v 0.452938 0.115648 -3.873034
v 0.361513 0.316974 -3.882089
v 0.361512 0.115648 -3.882088
v 0.262589 0.316974 -3.891885
v 0.262588 0.115648 -3.891885
v 0.826371 0.316974 -3.812754
v 0.923850 0.316974 -3.793257
v 0.923850 0.115648 -3.793257
v 0.826371 0.115648 -3.812754
v 0.736282 0.316974 -3.830772
v 0.736282 0.115648 -3.830773
v 0.638803 0.316974 -3.850269
v 0.638804 0.115648 -3.850269
v 1.192135 0.316974 -3.715959
v 1.287222 0.316974 -3.686956
v 1.287222 0.115648 -3.686956
v 1.192135 0.115648 -3.715959
v 1.104259 0.316974 -3.742763
v 1.104259 0.115648 -3.742763
v 1.009173 0.316974 -3.771766
v 1.009173 0.115648 -3.771766
v 1.546715 0.316974 -3.583580
v 1.638487 0.316974 -3.545357
v 1.638487 0.115648 -3.545357
v 1.546715 0.115648 -3.583580
v 1.461904 0.316974 -3.618903
v 1.461904 0.115648 -3.618903
v 1.370131 0.316974 -3.657126
v 1.370131 0.115648 -3.657126
v 1.886698 0.316974 -3.416886
v 1.974269 0.316974 -3.369820
v 1.974269 0.115648 -3.369820
v 1.886698 0.115648 -3.416886
v 1.805772 0.316974 -3.460380
v 1.805772 0.115648 -3.460380
v 1.718201 0.316974 -3.507446
v 1.718201 0.115648 -3.507446
v 2.208813 0.316974 -3.217478
v 2.291339 0.316974 -3.162033
v 2.291339 0.115648 -3.162033
v 2.208813 0.115648 -3.217478
v 2.132553 0.316974 -3.268715
v 2.132553 0.115648 -3.268715
v 2.050028 0.316974 -3.324161
v 2.050028 0.115648 -3.324161
v 2.509960 0.316974 -2.987272
v 2.586646 0.316974 -2.923990
v 2.586646 0.115648 -2.923990
v 2.509959 0.115648 -2.987272
v 2.439098 0.316974 -3.045747
v 2.439098 0.115648 -3.045748
v 2.362411 0.316974 -3.109030
v 2.362411 0.115648 -3.109030
v 2.787236 0.316974 -2.728479
v 2.857350 0.316974 -2.657978
v 2.857350 0.115648 -2.657978
v 2.787236 0.115648 -2.728479
v 2.722450 0.316974 -2.793621
v 2.722450 0.115648 -2.793621
v 2.652336 0.316974 -2.864122
v 2.652336 0.115648 -2.864122
v 3.037971 0.316974 -2.443584
v 3.100844 0.316974 -2.366551
v 3.100844 0.115648 -2.366551
v 3.037971 0.115648 -2.443584
v 2.979878 0.316974 -2.514761
v 2.979878 0.115648 -2.514761
v 2.917005 0.316974 -2.591794
v 2.917005 0.115648 -2.591794
v 3.259745 0.316974 -2.135329
v 3.314780 0.316974 -2.052509
v 3.314780 0.115648 -2.052509
v 3.259745 0.115648 -2.135329
v 3.208896 0.316974 -2.211849
v 3.208896 0.115648 -2.211849
v 3.153861 0.316974 -2.294669
v 3.153861 0.115648 -2.294669
v 3.450418 0.316974 -1.806678
v 3.497095 0.316974 -1.718871
v 3.497095 0.115648 -1.718871
v 3.450418 0.115648 -1.806678
v 3.407294 0.316974 -1.887803
v 3.407294 0.115648 -1.887803
v 3.360617 0.316974 -1.975610
v 3.360617 0.115648 -1.975610
v 3.608149 0.316974 -1.460795
v 3.646027 0.316974 -1.368845
v 3.646027 0.115648 -1.368845
v 3.608149 0.115648 -1.460795
v 3.573155 0.316974 -1.545745
v 3.573155 0.115648 -1.545745
v 3.535277 0.316974 -1.637694
v 3.535277 0.115648 -1.637694
v 3.731413 0.316974 -1.101012
v 3.760136 0.316974 -1.005801
v 3.760136 0.115648 -1.005801
v 3.731413 0.115648 -1.101012
v 3.704877 0.316974 -1.188971
v 3.704877 0.115648 -1.188971
v 3.676153 0.316974 -1.284181
v 3.676153 0.115648 -1.284181
v 3.819017 0.316974 -0.730794
v 3.838316 0.316974 -0.633233
v 3.838316 0.115648 -0.633233
v 3.819016 0.115648 -0.730793
v 3.801188 0.316974 -0.820922
v 3.801187 0.115648 -0.820922
v 3.781888 0.316974 -0.918481
v 3.781888 0.115648 -0.918482
v 3.870113 0.316974 -0.353709
v 3.879808 0.316974 -0.254731
v 3.879808 0.115648 -0.254731
v 3.870113 0.115648 -0.353709
v 3.861157 0.316974 -0.445147
v 3.861157 0.115648 -0.445147
v 3.851461 0.316974 -0.544125
v 3.851461 0.115648 -0.544124
v 3.884205 0.316974 0.026605
v 3.884205 0.316974 0.126057
v 3.884205 0.115648 0.126057
v 3.884205 0.115648 0.026605
v 3.884205 0.316974 -0.065270
v 3.884205 0.115648 -0.065270
v 3.884205 0.316974 -0.164722
v 3.884205 0.115648 -0.164722
v 3.861157 0.316974 0.406482
v 3.851461 0.316974 0.505460
v 3.851461 0.115648 0.505460
v 3.861157 0.115648 0.406482
v 3.870113 0.316974 0.315045
v 3.870113 0.115648 0.315045
v 3.879808 0.316974 0.216066
v 3.879808 0.115648 0.216066
v 3.801187 0.316974 0.782257
v 3.781888 0.316974 0.879817
v 3.781888 0.115648 0.879817
v 3.801188 0.115648 0.782257
v 3.819016 0.316974 0.692128
v 3.819017 0.115648 0.692129
v 3.838316 0.316974 0.594568
v 3.838316 0.115648 0.594569
v 3.704877 0.316974 1.150306
v 3.676153 0.316974 1.245516
v 3.676153 0.115648 1.245516
v 3.704877 0.115648 1.150306
v 3.731413 0.316974 1.062347
v 3.731413 0.115648 1.062347
v 3.760136 0.316974 0.967136
v 3.760136 0.115648 0.967136
v 3.573155 0.316974 1.507080
v 3.535277 0.316974 1.599029
v 3.535277 0.115648 1.599029
v 3.573155 0.115648 1.507080
v 3.608149 0.316974 1.422130
v 3.608149 0.115648 1.422130
v 3.646027 0.316974 1.330181
v 3.646027 0.115648 1.330181
v 3.407294 0.316974 1.849138
v 3.360617 0.316974 1.936945
v 3.360617 0.115648 1.936945
v 3.407294 0.115648 1.849138
v 3.450418 0.316974 1.768013
v 3.450418 0.115648 1.768013
v 3.497095 0.316974 1.680206
v 3.497095 0.115648 1.680206
v 3.208896 0.316974 2.173185
v 3.153861 0.316974 2.256004
v 3.153861 0.115648 2.256004
v 3.208896 0.115648 2.173185
v 3.259745 0.316974 2.096664
v 3.259745 0.115648 2.096664
v 3.314780 0.316974 2.013844
v 3.314780 0.115648 2.013844
v 2.979878 0.316974 2.476096
v 2.917005 0.316974 2.553130
v 2.917005 0.115648 2.553130
v 2.979878 0.115648 2.476096
v 3.037971 0.316974 2.404920
v 3.037971 0.115648 2.404920
v 3.100844 0.316974 2.327886
v 3.100844 0.115648 2.327886
v 2.722450 0.316974 2.754956
v 2.652336 0.316974 2.825457
v 2.652336 0.115648 2.825457
v 2.722450 0.115648 2.754956
v 2.787236 0.316974 2.689814
v 2.787236 0.115648 2.689814
v 2.857350 0.316974 2.619313
v 2.857350 0.115648 2.619313
v 2.439098 0.316974 3.007083
v 2.362411 0.316974 3.070365
v 2.362411 0.115648 3.070365
v 2.439098 0.115648 3.007082
v 2.509959 0.316974 2.948607
v 2.509960 0.115648 2.948607
v 2.586646 0.316974 2.885325
v 2.586646 0.115648 2.885325
v 2.132553 0.316974 3.230050
v 2.050028 0.316974 3.285496
v 2.050028 0.115648 3.285496
v 2.132553 0.115648 3.230050
v 2.208813 0.316974 3.178813
v 2.208813 0.115648 3.178813
v 2.291339 0.316974 3.123368
v 2.291339 0.115648 3.123368
v 1.805772 0.316974 3.421715
v 1.718201 0.316974 3.468781
v 1.718201 0.115648 3.468781
v 1.805772 0.115648 3.421715
v 1.886698 0.316974 3.378221
v 1.886698 0.115648 3.378221
v 1.974269 0.316974 3.331155
v 1.974269 0.115648 3.331155
v 1.461904 0.316974 3.580239
v 1.370131 0.316974 3.618462
v 1.370131 0.115648 3.618462
v 1.461904 0.115648 3.580239
v 1.546715 0.316974 3.544915
v 1.546715 0.115648 3.544915
v 1.638487 0.316974 3.506692
v 1.638487 0.115648 3.506692
v 1.104259 0.316974 3.704098
v 1.009173 0.316974 3.733102
v 1.009173 0.115648 3.733102
v 1.104259 0.115648 3.704098
v 1.192135 0.316974 3.677294
v 1.192135 0.115648 3.677294
v 1.287222 0.316974 3.648291
v 1.287222 0.115648 3.648291
v 0.736282 0.316974 3.792108
v 0.638804 0.316974 3.811604
v 0.638803 0.115648 3.811604
v 0.736282 0.115648 3.792108
v 0.826371 0.316974 3.774089
v 0.826371 0.115648 3.774089
v 0.923850 0.316974 3.754592
v 0.923850 0.115648 3.754592
v 0.361512 0.316974 3.843423
v 0.262588 0.316974 3.853220
v 0.262589 0.115648 3.853220
v 0.361513 0.115648 3.843424
v 0.452938 0.316974 3.834369
v 0.452937 0.115648 3.834370
v 0.551862 0.316974 3.824572
v 0.551862 0.115648 3.824572
v -0.016444 0.316974 3.857555
v -0.115852 0.316974 3.857555
v -0.115852 0.115648 3.857555
v -0.016444 0.115648 3.857555
v 0.075428 0.316974 3.857555
v 0.075428 0.115648 3.857555
v 0.174836 0.316974 3.857555
v 0.174836 0.115648 3.857555
v -0.393954 0.316974 3.834370
v -0.492878 0.316974 3.824572
v -0.492879 0.115648 3.824572
v -0.393954 0.115648 3.834369
v -0.302529 0.316974 3.843424
v -0.302529 0.115648 3.843423
v -0.203605 0.316974 3.853220
v -0.203605 0.115648 3.853220
v -0.767387 0.316974 3.774089
v -0.864866 0.316974 3.754592
v -0.864866 0.115648 3.754592
v -0.767387 0.115648 3.774089
v -0.677298 0.316974 3.792108
v -0.677298 0.115648 3.792108
v -0.579820 0.316974 3.811604
v -0.579820 0.115648 3.811604
v -1.133152 0.316974 3.677294
v -1.228238 0.316974 3.648291
v -1.228238 0.115648 3.648291
v -1.133152 0.115648 3.677294
v -1.045276 0.316974 3.704098
v -1.045276 0.115648 3.704098
v -0.950189 0.316974 3.733102
v -0.950189 0.115648 3.733102
v -1.487731 0.316974 3.544915
v -1.579504 0.316974 3.506692
v -1.579504 0.115648 3.506692
v -1.487731 0.115648 3.544915
v -1.402920 0.316974 3.580239
v -1.402920 0.115648 3.580238
v -1.311147 0.316974 3.618462
v -1.311147 0.115648 3.618462
v -1.827714 0.316974 3.378221
v -1.915285 0.316974 3.331155
v -1.915285 0.115648 3.331155
v -1.827714 0.115648 3.378221
v -1.746788 0.316974 3.421715
v -1.746788 0.115648 3.421715
v -1.659217 0.316974 3.468781
v -1.659217 0.115648 3.468781
v -2.149829 0.316974 3.178813
v -2.232355 0.316974 3.123368
v -2.232355 0.115648 3.123368
v -2.149829 0.115648 3.178813
v -2.073569 0.316974 3.230050
v -2.073569 0.115648 3.230050
v -1.991044 0.316974 3.285496
v -1.991044 0.115648 3.285496
v -2.450976 0.316974 2.948607
v -2.527663 0.316974 2.885325
v -2.527662 0.115648 2.885325
v -2.450976 0.115648 2.948607
v -2.380114 0.316974 3.007082
v -2.380114 0.115648 3.007083
v -2.303427 0.316974 3.070365
v -2.303427 0.115648 3.070365
v -2.728252 0.316974 2.689814
v -2.798366 0.316974 2.619313
v -2.798366 0.115648 2.619313
v -2.728252 0.115648 2.689814
v -2.663466 0.316974 2.754956
v -2.663466 0.115648 2.754956
v -2.593352 0.316974 2.825457
v -2.593352 0.115648 2.825457
v -2.978987 0.316974 2.404920
v -3.041860 0.316974 2.327886
v -3.041860 0.115648 2.327886
v -2.978987 0.115648 2.404920
v -2.920894 0.316974 2.476096
v -2.920894 0.115648 2.476096
v -2.858021 0.316974 2.553130
v -2.858021 0.115648 2.553130
v -3.200761 0.316974 2.096664
v -3.255796 0.316974 2.013844
v -3.255796 0.115648 2.013844
v -3.200761 0.115648 2.096664
v -3.149912 0.316974 2.173185
v -3.149912 0.115648 2.173185
v -3.094877 0.316974 2.256004
v -3.094877 0.115648 2.256004
v -3.391434 0.316974 1.768013
v -3.438111 0.316974 1.680206
v -3.438111 0.115648 1.680206
v -3.391434 0.115648 1.768013
v -3.348310 0.316974 1.849138
v -3.348310 0.115648 1.849138
v -3.301633 0.316974 1.936945
v -3.301633 0.115648 1.936945
v -3.549165 0.316974 1.422130
v -3.587043 0.316974 1.330181
v -3.587043 0.115648 1.330181
v -3.549165 0.115648 1.422130
v -3.514171 0.316974 1.507080
v -3.514171 0.115648 1.507080
v -3.476293 0.316974 1.599029
v -3.476293 0.115648 1.599029
v -3.672429 0.316974 1.062347
v -3.701152 0.316974 0.967136
v -3.701152 0.115648 0.967136
v -3.672429 0.115648 1.062347
v -3.645893 0.316974 1.150306
v -3.645893 0.115648 1.150306
v -3.617170 0.316974 1.245516
v -3.617170 0.115648 1.245516
v -3.760033 0.316974 0.692129
v -3.779332 0.316974 0.594569
v -3.779332 0.115648 0.594568
v -3.760032 0.115648 0.692128
v -3.742204 0.316974 0.782257
v -3.742203 0.115648 0.782257
v -3.722904 0.316974 0.879817
v -3.722904 0.115648 0.879817
v -3.811129 0.316974 0.315045
v -3.820824 0.316974 0.216066
v -3.820824 0.115648 0.216066
v -3.811129 0.115648 0.315045
v -3.802173 0.316974 0.406482
v -3.802173 0.115648 0.406482
v -3.792478 0.316974 0.505460
v -3.792478 0.115648 0.505460
v -3.825222 0.316974 -0.065270
v -3.825222 0.316974 -0.164722
v -3.825222 0.115648 -0.164722
v -3.825222 0.115648 -0.065270
v -3.825222 0.316974 0.026605
v -3.825222 0.115648 0.026605
v -3.825222 0.316974 0.126057
v -3.825222 0.115648 0.126057
v -3.802173 0.316974 -0.445147
v -3.792478 0.316974 -0.544124
v -3.792478 0.115648 -0.544125
v -3.802173 0.115648 -0.445147
v -3.811129 0.316974 -0.353709
v -3.811129 0.115648 -0.353709
v -3.820824 0.316974 -0.254731
v -3.820824 0.115648 -0.254731
v -3.742203 0.316974 -0.820922
v -3.722904 0.316974 -0.918482
v -3.722904 0.115648 -0.918481
v -3.742204 0.115648 -0.820922
v -3.760032 0.316974 -0.730793
v -3.760033 0.115648 -0.730794
v -3.779332 0.316974 -0.633233
v -3.779332 0.115648 -0.633233
v -3.645893 0.316974 -1.188971
v -3.617170 0.316974 -1.284181
v -3.617170 0.115648 -1.284181
v -3.645893 0.115648 -1.188971
v -3.672429 0.316974 -1.101012
v -3.672429 0.115648 -1.101012
v -3.701152 0.316974 -1.005801
v -3.701152 0.115648 -1.005801
v -3.514171 0.316974 -1.545745
v -3.476293 0.316974 -1.637694
v -3.476293 0.115648 -1.637694
v -3.514171 0.115648 -1.545745
v -3.549165 0.316974 -1.460795
v -3.549165 0.115648 -1.460795
v -3.587043 0.316974 -1.368845
v -3.587043 0.115648 -1.368845
v -3.348310 0.316974 -1.887803
v -3.301633 0.316974 -1.975610
v -3.301633 0.115648 -1.975610
v -3.348310 0.115648 -1.887803
v -3.391434 0.316974 -1.806678
v -3.391434 0.115648 -1.806678
v -3.438111 0.316974 -1.718871
v -3.438111 0.115648 -1.718871
v -3.149912 0.316974 -2.211849
v -3.094877 0.316974 -2.294669
v -3.094877 0.115648 -2.294669
v -3.149912 0.115648 -2.211849
v -3.200761 0.316974 -2.135329
v -3.200761 0.115648 -2.135329
v -3.255796 0.316974 -2.052509
v -3.255796 0.115648 -2.052509
v -2.920894 0.316974 -2.514761
v -2.858021 0.316974 -2.591794
v -2.858021 0.115648 -2.591794
v -2.920894 0.115648 -2.514761
v -2.978987 0.316974 -2.443584
v -2.978987 0.115648 -2.443584
v -3.041860 0.316974 -2.366551
v -3.041860 0.115648 -2.366551
v -2.663466 0.316974 -2.793621
v -2.593352 0.316974 -2.864122
v -2.593352 0.115648 -2.864122
v -2.663466 0.115648 -2.793621
v -2.728252 0.316974 -2.728479
v -2.728252 0.115648 -2.728479
v -2.798366 0.316974 -2.657978
v -2.798366 0.115648 -2.657978
v -2.380114 0.316974 -3.045748
v -2.303427 0.316974 -3.109030
v -2.303427 0.115648 -3.109030
v -2.380114 0.115648 -3.045747
v -2.450976 0.316974 -2.987272
v -2.450976 0.115648 -2.987272
v -2.527662 0.316974 -2.923990
v -2.527663 0.115648 -2.923990
v -2.073569 0.316974 -3.268715
v -1.991044 0.316974 -3.324161
v -1.991044 0.115648 -3.324161
v -2.073569 0.115648 -3.268715
v -2.149829 0.316974 -3.217478
v -2.149829 0.115648 -3.217478
v -2.232355 0.316974 -3.162033
v -2.232355 0.115648 -3.162033
v -1.746788 0.316974 -3.460380
v -1.659217 0.316974 -3.507446
v -1.659217 0.115648 -3.507446
v -1.746788 0.115648 -3.460380
v -1.827714 0.316974 -3.416886
v -1.827714 0.115648 -3.416886
v -1.915285 0.316974 -3.369820
v -1.915285 0.115648 -3.369820
v -1.402920 0.316974 -3.618903
v -1.311147 0.316974 -3.657126
v -1.311147 0.115648 -3.657126
v -1.402920 0.115648 -3.618903
v -1.487731 0.316974 -3.583580
v -1.487731 0.115648 -3.583580
v -1.579504 0.316974 -3.545357
v -1.579504 0.115648 -3.545357
v -1.045276 0.316974 -3.742763
v -0.950189 0.316974 -3.771766
v -0.950189 0.115648 -3.771766
v -1.045276 0.115648 -3.742763
v -1.133152 0.316974 -3.715959
v -1.133152 0.115648 -3.715959
v -1.228238 0.316974 -3.686956
v -1.228238 0.115648 -3.686956
v -0.677298 0.316974 -3.830772
v -0.579820 0.316974 -3.850269
v -0.579820 0.115648 -3.850269
v -0.677298 0.115648 -3.830772
v -0.767387 0.316974 -3.812754
v -0.767387 0.115648 -3.812754
v -0.864866 0.316974 -3.793257
v -0.864866 0.115648 -3.793257
v -0.302529 0.316974 -3.882088
v -0.203605 0.316974 -3.891885
v -0.203605 0.115648 -3.891885
v -0.302529 0.115648 -3.882089
v -0.393954 0.316974 -3.873034
v -0.393954 0.115648 -3.873034
v -0.492879 0.316974 -3.863237
v -0.492878 0.115648 -3.863237
vn -0.0493 -0.0000 -0.9988
vn 0.2443 -0.0000 -0.9697
vn 0.3385 -0.0000 -0.9409
vn 0.4295 -0.0000 -0.9031
vn 0.5162 -0.0000 -0.8565
vn 0.5978 -0.0000 -0.8016
vn 0.6736 -0.0000 -0.7391
vn 0.7428 -0.0000 -0.6695
vn 0.8048 -0.0000 -0.5936
vn 0.8590 -0.0000 -0.5120
vn 0.9049 -0.0000 -0.4256
vn 0.9421 -0.0000 -0.3352
vn 0.9703 -0.0000 -0.2417
vn 0.9893 -0.0000 -0.1459
vn 0.9988 -0.0000 -0.0488
vn 0.9988 -0.0000 0.0488
vn 0.9893 -0.0000 0.1459
vn 0.9703 -0.0000 0.2417
vn 0.9421 -0.0000 0.3352
vn 0.9049 -0.0000 0.4256
vn 0.8590 -0.0000 0.5120
vn 0.8048 -0.0000 0.5936
vn 0.7428 -0.0000 0.6695
vn 0.6736 -0.0000 0.7391
vn 0.5978 -0.0000 0.8016
vn 0.5162 -0.0000 0.8565
vn 0.4295 -0.0000 0.9031
vn 0.3385 -0.0000 0.9410
vn 0.2442 -0.0000 0.9697
vn 0.1475 -0.0000 0.9891
vn 0.0493 -0.0000 0.9988
vn -0.0493 -0.0000 0.9988
vn -0.1475 -0.0000 0.9891
vn -0.2442 -0.0000 0.9697
vn -0.3385 -0.0000 0.9410
vn -0.4295 -0.0000 0.9031
vn -0.5162 -0.0000 0.8565
vn -0.5978 -0.0000 0.8016
vn -0.6736 -0.0000 0.7391
vn -0.7428 -0.0000 0.6695
vn -0.8048 -0.0000 0.5936
vn -0.8590 -0.0000 0.5120
vn -0.9049 -0.0000 0.4256
vn -0.9421 -0.0000 0.3352
vn -0.9703 -0.0000 0.2417
vn -0.9893 -0.0000 0.1459
vn -0.9988 -0.0000 0.0488
vn -0.9988 -0.0000 -0.0488
vn -0.9893 -0.0000 -0.1459
vn -0.9703 -0.0000 -0.2417
vn -0.9421 -0.0000 -0.3352
vn -0.9049 -0.0000 -0.4256
vn -0.8590 -0.0000 -0.5120
vn -0.8048 -0.0000 -0.5936
vn -0.7428 -0.0000 -0.6695
vn -0.6736 -0.0000 -0.7391
vn -0.5978 -0.0000 -0.8016
vn -0.5162 -0.0000 -0.8565
vn -0.4295 -0.0000 -0.9031
vn -0.3385 -0.0000 -0.9409
vn -0.2442 -0.0000 -0.9697
vn -0.1475 -0.0000 -0.9891
vn 0.1475 -0.0000 -0.9891
vn -0.7090 -0.0000 -0.7052
vn -0.7091 -0.0000 -0.7052
vn 0.0493 -0.0000 -0.9988
vn -0.1544 -0.0000 -0.9880
vn -0.0000 -0.0000 -1.0000
vn 0.0194 -0.9997 -0.0129
vn -0.0215 0.9997 -0.0089
vn 0.0986 -0.0000 -0.9951
vn 0.0194 0.9997 -0.0129
vn 0.9017 -0.0000 0.4323
vn 0.1961 -0.0000 -0.9806
vn -0.7438 -0.0000 0.6684
vn 0.9054 -0.0000 0.4246
vn 0.2918 -0.0000 -0.9565
vn 0.0023 -0.9997 0.0231
vn -0.0223 -0.9997 -0.0067
vn 0.3845 -0.0000 -0.9231
vn -0.7994 -0.0000 0.6007
vn -0.0223 0.9997 -0.0067
vn 0.4734 -0.0000 -0.8808
vn 0.0023 0.9997 0.0231
vn -0.2500 -0.0000 -0.9682
vn 0.5577 -0.0000 -0.8301
vn -0.0408 -0.0000 -0.9992
vn 0.9399 -0.0000 0.3413
vn 0.6365 -0.0000 -0.7713
vn 0.0046 -0.9997 0.0228
vn 0.7090 -0.0000 -0.7052
vn 0.0046 0.9997 0.0228
vn 0.7747 -0.0000 -0.6323
vn 0.8329 -0.0000 -0.5535
vn -0.7364 -0.0000 0.6766
vn 0.8830 -0.0000 -0.4694
vn -0.1384 -0.0000 -0.9904
vn -0.2501 -0.0000 -0.9682
vn 0.9246 -0.0000 -0.3809
vn 0.0180 -0.9997 -0.0147
vn 0.9574 -0.0000 -0.2888
vn 0.0180 0.9997 -0.0147
vn 0.9810 -0.0000 -0.1941
vn -0.6750 -0.0000 0.7378
vn 0.9426 -0.0000 0.3340
vn 0.9952 -0.0000 -0.0975
vn -0.0228 -0.9997 -0.0045
vn 1.0000 -0.0000 -0.0000
vn -0.0228 0.9997 -0.0045
vn 0.9952 -0.0000 0.0975
vn -0.3433 -0.0000 -0.9392
vn 0.9810 -0.0000 0.1941
vn -0.1383 -0.0000 -0.9904
vn 0.9690 -0.0000 0.2471
vn 0.9574 -0.0000 0.2888
vn 0.0068 -0.9997 0.0222
vn 0.9246 -0.0000 0.3809
vn 0.0068 0.9997 0.0222
vn 0.8830 -0.0000 0.4694
vn 0.8329 -0.0000 0.5535
vn -0.6661 -0.0000 0.7458
vn 0.7747 -0.0000 0.6323
vn -0.2347 -0.0000 -0.9721
vn 0.7090 -0.0000 0.7052
vn 0.0165 -0.9997 -0.0164
vn 0.6365 -0.0000 0.7713
vn 0.0165 0.9997 -0.0164
vn 0.5577 -0.0000 0.8301
vn -0.5999 -0.0000 0.8001
vn 0.9708 -0.0000 0.2401
vn 0.4734 -0.0000 0.8808
vn -0.0231 -0.9997 -0.0023
vn 0.3845 -0.0000 0.9231
vn -0.0231 0.9997 -0.0023
vn 0.2917 -0.0000 0.9565
vn -0.4333 -0.0000 -0.9013
vn 0.1961 -0.0000 0.9806
vn 0.9886 -0.0000 0.1505
vn 0.0986 -0.0000 0.9951
vn 0.0089 -0.9997 0.0215
vn -0.0000 -0.0000 1.0000
vn 0.0089 0.9997 0.0215
vn -0.0986 -0.0000 0.9951
vn -0.1961 -0.0000 0.9806
vn -0.5895 -0.0000 0.8078
vn -0.2917 -0.0000 0.9565
vn -0.3289 -0.0000 -0.9444
vn -0.3845 -0.0000 0.9231
vn 0.0148 -0.9997 -0.0179
vn -0.4734 -0.0000 0.8808
vn 0.0148 0.9997 -0.0179
vn -0.5577 -0.0000 0.8301
vn -0.5190 -0.0000 0.8547
vn 0.9896 -0.0000 0.1437
vn -0.6365 -0.0000 0.7713
vn -0.0233 -0.9997 -0.0000
vn -0.7090 -0.0000 0.7052
vn -0.0233 0.9997 -0.0000
vn -0.7747 -0.0000 0.6323
vn -0.5190 -0.0000 -0.8547
vn -0.8329 -0.0000 0.5535
vn 0.9986 -0.0000 0.0525
vn -0.8830 -0.0000 0.4694
vn 0.0110 -0.9997 0.0205
vn -0.9246 -0.0000 0.3809
vn 0.0110 0.9997 0.0205
vn -0.9574 -0.0000 0.2888
vn -0.9810 -0.0000 0.1941
vn -0.5072 -0.0000 0.8618
vn -0.9952 -0.0000 0.0975
vn -0.4200 -0.0000 -0.9075
vn -1.0000 -0.0000 -0.0000
vn 0.0130 -0.9997 -0.0193
vn -0.9952 -0.0000 -0.0975
vn 0.0130 0.9997 -0.0193
vn -0.9810 -0.0000 -0.1941
vn -0.4332 -0.0000 0.9013
vn 0.9989 -0.0000 0.0458
vn -0.9574 -0.0000 -0.2888
vn -0.0231 -0.9997 0.0023
vn -0.9246 -0.0000 -0.3809
vn -0.0231 0.9997 0.0023
vn -0.8830 -0.0000 -0.4694
vn -0.5999 -0.0000 -0.8001
vn -0.8329 -0.0000 -0.5535
vn 0.9989 -0.0000 -0.0458
vn -0.7747 -0.0000 -0.6323
vn 0.0130 -0.9997 0.0193
vn 0.0130 0.9997 0.0193
vn -0.6365 -0.0000 -0.7713
vn -0.4333 -0.0000 0.9013
vn -0.5577 -0.0000 -0.8301
vn -0.4200 -0.0000 0.9075
vn -0.4734 -0.0000 -0.8808
vn -0.5072 -0.0000 -0.8618
vn -0.3845 -0.0000 -0.9231
vn 0.0110 -0.9997 -0.0205
vn -0.2918 -0.0000 -0.9565
vn 0.0110 0.9997 -0.0205
vn -0.1961 -0.0000 -0.9806
vn -0.3433 -0.0000 0.9392
vn 0.9986 -0.0000 -0.0525
vn -0.0986 -0.0000 -0.9951
vn 0.0985 -0.0000 -0.9951
vn 0.2917 -0.0000 -0.9565
vn 0.2918 -0.0000 0.9565
vn -0.2918 -0.0000 0.9565
vn -0.7091 -0.0000 0.7052
vn -0.2917 -0.0000 -0.9565
vn -0.0985 -0.0000 -0.9951
vn -0.0215 -0.9997 -0.0089
vn 0.0205 0.9997 -0.0109
vn -0.8055 -0.0000 0.5926
vn 0.8595 -0.0000 0.5111
vn 0.0205 -0.9997 -0.0109
vn 0.0571 -0.0000 -0.9984
vn -0.0000 0.9997 0.0233
vn -0.8547 -0.0000 0.5190
vn -0.0000 -0.9997 0.0233
vn 0.8547 -0.0000 0.5190
vn -0.0205 0.9997 -0.0109
vn -0.0571 -0.0000 -0.9984
vn -0.0205 -0.9997 -0.0109
vn 0.0215 0.9997 -0.0089
vn -0.8595 -0.0000 0.5111
vn 0.8055 -0.0000 0.5926
vn 0.0215 -0.9997 -0.0089
vn 0.1544 -0.0000 -0.9880
vn -0.0023 0.9997 0.0231
vn -0.9017 -0.0000 0.4323
vn -0.0023 -0.9997 0.0231
vn 0.7994 -0.0000 0.6007
vn -0.0194 0.9997 -0.0129
vn 0.0408 -0.0000 -0.9992
vn -0.0194 -0.9997 -0.0129
vn 0.0223 0.9997 -0.0067
vn -0.9054 -0.0000 0.4246
vn 0.7438 -0.0000 0.6684
vn 0.0223 -0.9997 -0.0067
vn 0.2501 -0.0000 -0.9682
vn -0.0046 0.9997 0.0228
vn -0.9399 -0.0000 0.3413
vn -0.0046 -0.9997 0.0228
vn 0.7364 -0.0000 0.6766
vn -0.0180 0.9997 -0.0147
vn 0.1384 -0.0000 -0.9904
vn -0.0180 -0.9997 -0.0147
vn -0.9400 -0.0000 0.3413
vn 0.0228 0.9997 -0.0045
vn -0.9426 -0.0000 0.3340
vn 0.6751 -0.0000 0.7378
vn 0.0228 -0.9997 -0.0045
vn 0.3433 -0.0000 -0.9392
vn 0.1383 -0.0000 -0.9904
vn -0.0068 0.9997 0.0222
vn -0.9690 -0.0000 0.2471
vn -0.0068 -0.9997 0.0222
vn 0.6661 -0.0000 0.7458
vn -0.0165 0.9997 -0.0164
vn 0.2347 -0.0000 -0.9721
vn -0.0165 -0.9997 -0.0164
vn 0.0231 0.9997 -0.0023
vn -0.9708 -0.0000 0.2401
vn 0.5999 -0.0000 0.8001
vn 0.0231 -0.9997 -0.0023
vn 0.4332 -0.0000 -0.9013
vn -0.0089 0.9997 0.0215
vn -0.9886 -0.0000 0.1505
vn -0.0089 -0.9997 0.0215
vn -0.9708 -0.0000 0.2400
vn 0.5895 -0.0000 0.8078
vn -0.0148 0.9997 -0.0179
vn 0.3289 -0.0000 -0.9444
vn 0.4333 -0.0000 -0.9013
vn -0.0148 -0.9997 -0.0179
vn 0.0233 0.9997 -0.0000
vn -0.9896 -0.0000 0.1437
vn 0.5191 -0.0000 0.8547
vn 0.0233 -0.9997 -0.0000
vn 0.5191 -0.0000 -0.8547
vn -0.0110 0.9997 0.0205
vn -0.9986 -0.0000 0.0525
vn -0.0110 -0.9997 0.0205
vn 0.5072 -0.0000 0.8618
vn -0.0130 0.9997 -0.0193
vn 0.4200 -0.0000 -0.9075
vn -0.0130 -0.9997 -0.0193
vn 0.0231 0.9997 0.0023
vn -0.9989 -0.0000 0.0458
vn 0.4332 -0.0000 0.9013
vn 0.0231 -0.9997 0.0023
vn 0.5999 -0.0000 -0.8001
vn -0.0130 0.9997 0.0193
vn -0.9989 -0.0000 -0.0458
vn -0.0130 -0.9997 0.0193
vn 0.4200 -0.0000 0.9075
vn -0.0110 0.9997 -0.0205
vn 0.5072 -0.0000 -0.8618
vn -0.0110 -0.9997 -0.0205
vn 0.0228 0.9997 0.0045
vn -0.9986 -0.0000 -0.0525
vn 0.3433 -0.0000 0.9392
vn 0.0228 -0.9997 0.0045
vn 0.6751 -0.0000 -0.7378
vn -0.0148 0.9997 0.0179
vn -0.9896 -0.0000 -0.1437
vn -0.0148 -0.9997 0.0179
vn 0.3289 -0.0000 0.9444
vn -0.0089 0.9997 -0.0215
vn 0.5895 -0.0000 -0.8078
vn -0.0089 -0.9997 -0.0215
vn 0.0223 0.9997 0.0067
vn -0.9886 -0.0000 -0.1505
vn 0.2501 -0.0000 0.9682
vn 0.0223 -0.9997 0.0067
vn 0.7438 -0.0000 -0.6684
vn -0.0165 0.9997 0.0164
vn -0.9708 -0.0000 -0.2400
vn -0.0165 -0.9997 0.0164
vn 0.2500 -0.0000 0.9682
vn 0.2347 -0.0000 0.9721
vn -0.0068 0.9997 -0.0222
vn 0.6661 -0.0000 -0.7458
vn -0.0068 -0.9997 -0.0222
vn -0.9708 -0.0000 -0.2401
vn 0.0215 0.9997 0.0089
vn -0.9690 -0.0000 -0.2471
vn 0.1544 -0.0000 0.9880
vn 0.0215 -0.9997 0.0089
vn 0.8055 -0.0000 -0.5926
vn -0.0180 0.9997 0.0147
vn -0.9426 -0.0000 -0.3340
vn -0.0180 -0.9997 0.0147
vn -0.0000 -0.9997 -0.0233
vn 0.1384 -0.0000 0.9904
vn -0.8547 -0.0000 -0.5190
vn -0.0046 0.9997 -0.0228
vn -0.0000 0.9997 -0.0233
vn 0.7363 -0.0000 -0.6766
vn 0.8547 -0.0000 -0.5190
vn -0.0046 -0.9997 -0.0228
vn 0.0205 0.9997 0.0109
vn -0.9400 -0.0000 -0.3413
vn 0.0571 -0.0000 0.9984
vn 0.0205 -0.9997 0.0109
vn 0.1383 -0.0000 0.9904
vn 0.8595 -0.0000 -0.5111
vn 0.7364 -0.0000 -0.6766
vn -0.0194 0.9997 0.0129
vn -0.9054 -0.0000 -0.4246
vn -0.0194 -0.9997 0.0129
vn 0.0023 0.9997 -0.0231
vn -0.9399 -0.0000 -0.3413
vn 0.0408 -0.0000 0.9992
vn 0.9017 -0.0000 -0.4323
vn -0.0023 0.9997 -0.0231
vn 0.0023 -0.9997 -0.0231
vn 0.7994 -0.0000 -0.6007
vn -0.7994 -0.0000 -0.6007
vn -0.0023 -0.9997 -0.0231
vn 0.0194 0.9997 0.0129
vn -0.9017 -0.0000 -0.4323
vn -0.0408 -0.0000 0.9992
vn 0.0194 -0.9997 0.0129
vn 0.9054 -0.0000 -0.4246
vn -0.0205 0.9997 0.0109
vn -0.8595 -0.0000 -0.5111
vn -0.0205 -0.9997 0.0109
vn 0.0046 0.9997 -0.0228
vn -0.0571 -0.0000 0.9984
vn 0.9399 -0.0000 -0.3413
vn 0.0046 -0.9997 -0.0228
vn -0.7364 -0.0000 -0.6766
vn 0.0180 0.9997 0.0147
vn -0.1383 -0.0000 0.9904
vn 0.0180 -0.9997 0.0147
vn 0.9426 -0.0000 -0.3340
vn -0.0215 0.9997 0.0089
vn -0.8055 -0.0000 -0.5926
vn -0.7363 -0.0000 -0.6766
vn -0.0215 -0.9997 0.0089
vn -0.1384 -0.0000 0.9904
vn 0.0068 0.9997 -0.0222
vn -0.1544 -0.0000 0.9880
vn 0.9690 -0.0000 -0.2471
vn 0.0068 -0.9997 -0.0222
vn -0.6661 -0.0000 -0.7458
vn 0.0165 0.9997 0.0164
vn -0.2347 -0.0000 0.9721
vn 0.0165 -0.9997 0.0164
vn 0.9708 -0.0000 -0.2401
vn -0.0223 0.9997 0.0067
vn -0.7438 -0.0000 -0.6684
vn -0.0223 -0.9997 0.0067
vn 0.0089 0.9997 -0.0215
vn -0.2501 -0.0000 0.9682
vn 0.9886 -0.0000 -0.1505
vn 0.0089 -0.9997 -0.0215
vn -0.5895 -0.0000 -0.8078
vn 0.0148 0.9997 0.0179
vn -0.3289 -0.0000 0.9444
vn 0.0148 -0.9997 0.0179
vn 0.9896 -0.0000 -0.1437
vn -0.0228 0.9997 0.0045
vn -0.6750 -0.0000 -0.7378
vn -0.0228 -0.9997 0.0045
vn -0.0000 -1.0000 -0.0000
vn -0.0000 1.0000 -0.0000
vn 0.0985 -0.0000 0.9951
vn -0.2443 -0.0000 0.9697
vn -0.3385 -0.0000 0.9409
vn -0.3385 -0.0000 -0.9410
vn 0.2442 -0.0000 -0.9697
vn 0.3385 -0.0000 -0.9410
vn -0.0985 -0.0000 0.9951
vn 0.9893 -0.0000 -0.1460
vn 0.9893 -0.0000 0.1460
vn 0.3385 -0.0000 0.9409
vn 0.2443 -0.0000 0.9697
vn 0.7091 -0.0000 -0.7052
vn -0.9893 -0.0000 0.1460
vn -0.9893 -0.0000 -0.1460
vn -0.2443 -0.0000 -0.9697
vn 0.7091 -0.0000 0.7052
vt 0.009705 0.500000
vt 0.009705 1.000000
vt 0.005920 1.000000
vt 0.005920 0.500000
vt 0.962832 0.500000
vt 0.962832 1.000000
vt 0.959043 1.000000
vt 0.959043 0.500000
vt 0.947209 0.500000
vt 0.947209 1.000000
vt 0.943416 1.000000
vt 0.943416 0.500000
vt 0.931586 0.500000
vt 0.931586 1.000000
vt 0.927789 1.000000
vt 0.927789 0.500000
vt 0.915964 0.500000
vt 0.915964 1.000000
vt 0.912161 1.000000
vt 0.912161 0.500000
vt 0.900342 0.500000
vt 0.900342 1.000000
vt 0.896533 1.000000
vt 0.896533 0.500000
vt 0.884720 0.500000
vt 0.884720 1.000000
vt 0.880905 1.000000
vt 0.880905 0.500000
vt 0.869098 0.500000
vt 0.869098 1.000000
vt 0.865277 1.000000
vt 0.865277 0.500000
vt 0.853476 0.500000
vt 0.853476 1.000000
vt 0.849649 1.000000
vt 0.849649 0.500000
vt 0.837854 0.500000
vt 0.837854 1.000000
vt 0.834021 1.000000
vt 0.834021 0.500000
vt 0.822232 0.500000
vt 0.822232 1.000000
vt 0.818393 1.000000
vt 0.818393 0.500000
vt 0.806609 0.500000
vt 0.806609 1.000000
vt 0.802766 1.000000
vt 0.802766 0.500000
vt 0.790986 0.500000
vt 0.790986 1.000000
vt 0.787139 1.000000
vt 0.787139 0.500000
vt 0.775362 0.500000
vt 0.775362 1.000000
vt 0.771513 1.000000
vt 0.771513 0.500000
vt 0.759738 0.500000
vt 0.759738 1.000000
vt 0.755887 1.000000
vt 0.755887 0.500000
vt 0.744113 0.500000
vt 0.744113 1.000000
vt 0.740262 1.000000
vt 0.740262 0.500000
vt 0.728487 0.500000
vt 0.728487 1.000000
vt 0.724638 1.000000
vt 0.724638 0.500000
vt 0.712861 0.500000
vt 0.712861 1.000000
vt 0.709014 1.000000
vt 0.709014 0.500000
vt 0.697234 0.500000
vt 0.697234 1.000000
vt 0.693391 1.000000
vt 0.693391 0.500000
vt 0.681607 0.500000
vt 0.681607 1.000000
vt 0.677768 1.000000
vt 0.677768 0.500000
vt 0.665979 0.500000
vt 0.665979 1.000000
vt 0.662146 1.000000
vt 0.662146 0.500000
vt 0.650351 0.500000
vt 0.650351 1.000000
vt 0.646524 1.000000
vt 0.646524 0.500000
vt 0.634723 0.500000
vt 0.634723 1.000000
vt 0.630902 1.000000
vt 0.630902 0.500000
vt 0.619095 0.500000
vt 0.619095 1.000000
vt 0.615280 1.000000
vt 0.615280 0.500000
vt 0.603467 0.500000
vt 0.603467 1.000000
vt 0.599658 1.000000
vt 0.599658 0.500000
vt 0.587839 0.500000
vt 0.587839 1.000000
vt 0.584036 1.000000
vt 0.584036 0.500000
vt 0.572211 0.500000
vt 0.572211 1.000000
vt 0.568414 1.000000
vt 0.568414 0.500000
vt 0.556584 0.500000
vt 0.556584 1.000000
vt 0.552791 1.000000
vt 0.552791 0.500000
vt 0.540957 0.500000
vt 0.540957 1.000000
vt 0.537168 1.000000
vt 0.537168 0.500000
vt 0.525331 0.500000
vt 0.525331 1.000000
vt 0.521544 1.000000
vt 0.521544 0.500000
vt 0.509705 0.500000
vt 0.509705 1.000000
vt 0.505920 1.000000
vt 0.505920 0.500000
vt 0.494080 0.500000
vt 0.494080 1.000000
vt 0.490295 1.000000
vt 0.490295 0.500000
vt 0.478456 0.500000
vt 0.478456 1.000000
vt 0.474669 1.000000
vt 0.474669 0.500000
vt 0.462832 0.500000
vt 0.462832 1.000000
vt 0.459043 1.000000
vt 0.459043 0.500000
vt 0.447209 0.500000
vt 0.447209 1.000000
vt 0.443416 1.000000
vt 0.443416 0.500000
vt 0.431586 0.500000
vt 0.431586 1.000000
vt 0.427789 1.000000
vt 0.427789 0.500000
vt 0.415964 0.500000
vt 0.415964 1.000000
vt 0.412161 1.000000
vt 0.412161 0.500000
vt 0.400342 0.500000
vt 0.400342 1.000000
vt 0.396533 1.000000
vt 0.396533 0.500000
vt 0.384720 0.500000
vt 0.384720 1.000000
vt 0.380905 1.000000
vt 0.380905 0.500000
vt 0.369098 0.500000
vt 0.369098 1.000000
vt 0.365277 1.000000
vt 0.365277 0.500000
vt 0.353476 0.500000
vt 0.353476 1.000000
vt 0.349649 1.000000
vt 0.349649 0.500000
vt 0.337854 0.500000
vt 0.337854 1.000000
vt 0.334021 1.000000
vt 0.334021 0.500000
vt 0.322232 0.500000
vt 0.322232 1.000000
vt 0.318393 1.000000
vt 0.318393 0.500000
vt 0.306609 0.500000
vt 0.306609 1.000000
vt 0.302766 1.000000
vt 0.302766 0.500000
vt 0.290986 0.500000
vt 0.290986 1.000000
vt 0.287139 1.000000
vt 0.287139 0.500000
vt 0.275362 0.500000
vt 0.275362 1.000000
vt 0.271513 1.000000
vt 0.271513 0.500000
vt 0.259738 0.500000
vt 0.259738 1.000000
vt 0.255887 1.000000
vt 0.255887 0.500000
vt 0.244113 0.500000
vt 0.244113 1.000000
vt 0.240262 1.000000
vt 0.240262 0.500000
vt 0.228487 0.500000
vt 0.228487 1.000000
vt 0.224638 1.000000
vt 0.224638 0.500000
vt 0.212861 0.500000
vt 0.212861 1.000000
vt 0.209014 1.000000
vt 0.209014 0.500000
vt 0.197234 0.500000
vt 0.197234 1.000000
vt 0.193391 1.000000
vt 0.193391 0.500000
vt 0.181607 0.500000
vt 0.181607 1.000000
vt 0.177768 1.000000
vt 0.177768 0.500000
vt 0.165979 0.500000
vt 0.165979 1.000000
vt 0.162146 1.000000
vt 0.162146 0.500000
vt 0.150351 0.500000
vt 0.150351 1.000000
vt 0.146524 1.000000
vt 0.146524 0.500000
vt 0.134723 0.500000
vt 0.134723 1.000000
vt 0.130902 1.000000
vt 0.130902 0.500000
vt 0.119095 0.500000
vt 0.119095 1.000000
vt 0.115280 1.000000
vt 0.115280 0.500000
vt 0.103467 0.500000
vt 0.103467 1.000000
vt 0.099658 1.000000
vt 0.099658 0.500000
vt 0.087839 0.500000
vt 0.087839 1.000000
vt 0.084036 1.000000
vt 0.084036 0.500000
vt 0.072211 0.500000
vt 0.072211 1.000000
vt 0.068414 1.000000
vt 0.068414 0.500000
vt 0.056584 0.500000
vt 0.056584 1.000000
vt 0.052791 1.000000
vt 0.052791 0.500000
vt 0.040957 0.500000
vt 0.040957 1.000000
vt 0.037168 1.000000
vt 0.037168 0.500000
vt 0.025331 0.500000
vt 0.025331 1.000000
vt 0.021544 1.000000
vt 0.021544 0.500000
vt 0.978456 0.500000
vt 0.978456 1.000000
vt 0.974669 1.000000
vt 0.974669 0.500000
vt 0.414780 0.089016
vt 0.418970 0.093205
vt 0.994080 0.500000
vt 0.994080 1.000000
vt 0.990295 1.000000
vt 0.990295 0.500000
vt 0.001833 0.500000
vt 0.001833 1.000000
vt 0.000000 1.000000
vt 0.000000 0.500000
vt 0.947670 0.385370
vt 0.944256 0.390479
vt 0.029718 0.344203
vt 0.032067 0.349874
vt 0.982542 1.000000
vt 0.982542 0.500000
vt 0.986208 0.500000
vt 0.986208 1.000000
vt 0.444256 0.390479
vt 0.447670 0.385370
vt 0.513792 0.500000
vt 0.513792 1.000000
vt 0.966918 1.000000
vt 0.966918 0.500000
vt 0.970583 0.500000
vt 0.970583 1.000000
vt 0.845576 1.000000
vt 0.845576 0.500000
vt 0.951293 1.000000
vt 0.951293 0.500000
vt 0.954957 0.500000
vt 0.954957 1.000000
vt 0.764611 0.010718
vt 0.770749 0.011322
vt 0.519959 0.316930
vt 0.518177 0.311057
vt 0.935669 1.000000
vt 0.935669 0.500000
vt 0.939332 0.500000
vt 0.939332 1.000000
vt 0.018177 0.311057
vt 0.019959 0.316930
vt 0.920045 1.000000
vt 0.920045 0.500000
vt 0.923706 0.500000
vt 0.923706 1.000000
vt 0.270749 0.011322
vt 0.264611 0.010718
vt 0.204948 1.000000
vt 0.204948 0.500000
vt 0.904421 1.000000
vt 0.904421 0.500000
vt 0.908080 0.500000
vt 0.908080 1.000000
vt 0.841925 0.500000
vt 0.841925 1.000000
vt 0.888797 1.000000
vt 0.888797 0.500000
vt 0.892454 0.500000
vt 0.892454 1.000000
vt 0.954122 0.375714
vt 0.950708 0.380823
vt 0.799427 0.015576
vt 0.805475 0.016779
vt 0.873173 1.000000
vt 0.873173 0.500000
vt 0.876828 0.500000
vt 0.876828 1.000000
vt 0.305475 0.016779
vt 0.299427 0.015576
vt 0.857549 1.000000
vt 0.857549 0.500000
vt 0.861202 0.500000
vt 0.861202 1.000000
vt 0.201301 0.500000
vt 0.201301 1.000000
vt 0.450708 0.380823
vt 0.454122 0.375714
vt 0.533082 1.000000
vt 0.533082 0.500000
vt 0.523326 0.328029
vt 0.521544 0.322157
vt 0.826300 1.000000
vt 0.826300 0.500000
vt 0.829951 0.500000
vt 0.829951 1.000000
vt 0.810676 1.000000
vt 0.810676 0.500000
vt 0.814325 0.500000
vt 0.814325 1.000000
vt 0.933448 0.404094
vt 0.929548 0.408846
vt 0.021544 0.322157
vt 0.023326 0.328029
vt 0.795052 1.000000
vt 0.795052 0.500000
vt 0.798699 0.500000
vt 0.798699 1.000000
vt 0.429548 0.408846
vt 0.433448 0.404094
vt 0.529417 0.500000
vt 0.529417 1.000000
vt 0.779427 1.000000
vt 0.779427 0.500000
vt 0.783073 0.500000
vt 0.783073 1.000000
vt 0.763802 1.000000
vt 0.763802 0.500000
vt 0.767448 0.500000
vt 0.767448 1.000000
vt 0.787996 0.013302
vt 0.794044 0.014505
vt 0.514506 0.294060
vt 0.513309 0.288042
vt 0.748177 1.000000
vt 0.748177 0.500000
vt 0.751823 0.500000
vt 0.751823 1.000000
vt 0.013309 0.288042
vt 0.014506 0.294060
vt 0.732552 1.000000
vt 0.732552 0.500000
vt 0.736198 0.500000
vt 0.736198 1.000000
vt 0.294044 0.014505
vt 0.287996 0.013302
vt 0.220573 1.000000
vt 0.220573 0.500000
vt 0.716927 1.000000
vt 0.716927 0.500000
vt 0.720573 0.500000
vt 0.720573 1.000000
vt 0.701301 1.000000
vt 0.701301 0.500000
vt 0.704948 0.500000
vt 0.704948 1.000000
vt 0.940819 0.395113
vt 0.936919 0.399865
vt 0.822165 0.021549
vt 0.828065 0.023339
vt 0.685675 1.000000
vt 0.685675 0.500000
vt 0.689324 0.500000
vt 0.689324 1.000000
vt 0.328065 0.023339
vt 0.322165 0.021549
vt 0.670050 1.000000
vt 0.670049 0.500000
vt 0.673700 0.500000
vt 0.673700 1.000000
vt 0.216927 0.500000
vt 0.216927 1.000000
vt 0.436919 0.399865
vt 0.440819 0.395113
vt 0.654424 1.000000
vt 0.654424 0.500000
vt 0.658076 0.500000
vt 0.658076 1.000000
vt 0.548707 1.000000
vt 0.548707 0.500000
vt 0.516769 0.305433
vt 0.515572 0.299415
vt 0.638798 1.000000
vt 0.638798 0.500000
vt 0.642451 0.500000
vt 0.642451 1.000000
vt 0.623172 1.000000
vt 0.623172 0.500000
vt 0.626827 0.500000
vt 0.626827 1.000000
vt 0.917460 0.421334
vt 0.913110 0.425683
vt 0.015572 0.299415
vt 0.016769 0.305433
vt 0.607546 1.000000
vt 0.607546 0.500000
vt 0.611203 0.500000
vt 0.611203 1.000000
vt 0.413110 0.425683
vt 0.417460 0.421334
vt 0.545043 0.500000
vt 0.545043 1.000000
vt 0.591920 1.000000
vt 0.591920 0.500000
vt 0.595579 0.500000
vt 0.595579 1.000000
vt 0.576294 1.000000
vt 0.576294 0.500000
vt 0.579955 0.500000
vt 0.579955 1.000000
vt 0.811015 0.018167
vt 0.816914 0.019956
vt 0.511322 0.270765
vt 0.510720 0.264660
vt 0.560668 1.000000
vt 0.560668 0.500000
vt 0.564331 0.500000
vt 0.564331 1.000000
vt 0.010720 0.264660
vt 0.011322 0.270765
vt 0.316915 0.019956
vt 0.311015 0.018167
vt 0.236198 1.000000
vt 0.236198 0.500000
vt 0.517458 0.500000
vt 0.517458 1.000000
vt 0.925680 0.413114
vt 0.921331 0.417463
vt 0.844209 0.029722
vt 0.849903 0.032080
vt 0.498167 1.000000
vt 0.498167 0.500000
vt 0.501833 0.500000
vt 0.501833 1.000000
vt 0.349903 0.032080
vt 0.344209 0.029722
vt 0.482542 1.000000
vt 0.482542 0.500000
vt 0.486208 0.500000
vt 0.486208 1.000000
vt 0.232552 0.500000
vt 0.232552 1.000000
vt 0.421331 0.417463
vt 0.425680 0.413114
vt 0.466917 1.000000
vt 0.466917 0.500000
vt 0.470583 0.500000
vt 0.470583 1.000000
vt 0.512458 0.282303
vt 0.511857 0.276199
vt 0.451293 1.000000
vt 0.451293 0.500000
vt 0.454957 0.500000
vt 0.454957 1.000000
vt 0.435669 1.000000
vt 0.435669 0.500000
vt 0.439332 0.500000
vt 0.439332 1.000000
vt 0.899858 0.436924
vt 0.895101 0.440828
vt 0.011857 0.276199
vt 0.012458 0.282303
vt 0.420045 1.000000
vt 0.420045 0.500000
vt 0.423706 0.500000
vt 0.423706 1.000000
vt 0.395101 0.440828
vt 0.399858 0.436924
vt 0.404421 1.000000
vt 0.404421 0.500000
vt 0.408080 0.500000
vt 0.408080 1.000000
vt 0.388797 1.000000
vt 0.388797 0.500000
vt 0.392454 0.500000
vt 0.392454 1.000000
vt 0.833447 0.025265
vt 0.839141 0.027623
vt 0.510435 0.247270
vt 0.510435 0.241136
vt 0.373173 1.000000
vt 0.373173 0.500000
vt 0.376828 0.500000
vt 0.376828 1.000000
vt 0.010435 0.241136
vt 0.010435 0.247270
vt 0.357549 1.000000
vt 0.357549 0.500000
vt 0.361202 0.500000
vt 0.361202 1.000000
vt 0.339141 0.027623
vt 0.333447 0.025265
vt 0.251823 1.000000
vt 0.251823 0.500000
vt 0.341924 1.000000
vt 0.341924 0.500000
vt 0.345576 0.500000
vt 0.345576 1.000000
vt 0.326300 1.000000
vt 0.326300 0.500000
vt 0.329950 0.500000
vt 0.329951 1.000000
vt 0.908850 0.429545
vt 0.904093 0.433449
vt 0.865345 0.040016
vt 0.870778 0.042920
vt 0.310676 1.000000
vt 0.310676 0.500000
vt 0.314325 0.500000
vt 0.314325 1.000000
vt 0.370778 0.042920
vt 0.365345 0.040016
vt 0.295052 1.000000
vt 0.295052 0.500000
vt 0.298699 0.500000
vt 0.298699 1.000000
vt 0.248177 0.500000
vt 0.248177 1.000000
vt 0.404092 0.433449
vt 0.408850 0.429545
vt 0.279427 1.000000
vt 0.279427 0.500000
vt 0.283073 0.500000
vt 0.283073 1.000000
vt 0.510435 0.258864
vt 0.510435 0.252730
vt 0.263802 1.000000
vt 0.263802 0.500000
vt 0.267448 0.500000
vt 0.267448 1.000000
vt 0.880814 0.450713
vt 0.875694 0.454134
vt 0.010435 0.252730
vt 0.010435 0.258864
vt 0.375694 0.454134
vt 0.380814 0.450713
vt 0.855077 0.034528
vt 0.860510 0.037431
vt 0.511857 0.223801
vt 0.512458 0.217697
vt 0.185675 1.000000
vt 0.185675 0.500000
vt 0.189324 0.500000
vt 0.189324 1.000000
vt 0.012458 0.217697
vt 0.011857 0.223801
vt 0.170050 1.000000
vt 0.170050 0.500000
vt 0.173700 0.500000
vt 0.173700 1.000000
vt 0.360510 0.037431
vt 0.355077 0.034528
vt 0.154424 1.000000
vt 0.154424 0.500000
vt 0.158075 0.500000
vt 0.158075 1.000000
vt 0.138798 1.000000
vt 0.138798 0.500000
vt 0.142451 0.500000
vt 0.142451 1.000000
vt 0.890490 0.444247
vt 0.885370 0.447668
vt 0.885370 0.052332
vt 0.890490 0.055753
vt 0.123172 1.000000
vt 0.123172 0.500000
vt 0.126827 0.500000
vt 0.126827 1.000000
vt 0.390490 0.055753
vt 0.385370 0.052332
vt 0.107546 1.000000
vt 0.107546 0.500000
vt 0.111203 0.500000
vt 0.111203 1.000000
vt 0.385370 0.447668
vt 0.390490 0.444247
vt 0.091920 1.000000
vt 0.091920 0.500000
vt 0.095579 0.500000
vt 0.095579 1.000000
vt 0.510720 0.235340
vt 0.511321 0.229235
vt 0.076294 1.000000
vt 0.076294 0.500000
vt 0.079955 0.500000
vt 0.079955 1.000000
vt 0.060668 1.000000
vt 0.060668 0.500000
vt 0.064331 0.500000
vt 0.064331 1.000000
vt 0.860510 0.462569
vt 0.855077 0.465472
vt 0.011322 0.229235
vt 0.010720 0.235340
vt 0.045043 1.000000
vt 0.045043 0.500000
vt 0.048707 0.500000
vt 0.048707 1.000000
vt 0.355077 0.465472
vt 0.360510 0.462569
vt 0.029417 1.000000
vt 0.029417 0.500000
vt 0.033083 0.500000
vt 0.033083 1.000000
vt 0.013792 1.000000
vt 0.013792 0.500000
vt 0.017458 0.500000
vt 0.017458 1.000000
vt 0.875694 0.045866
vt 0.880814 0.049287
vt 0.149097 0.457272
vt 0.143864 0.454475
vt 1.000000 0.500000
vt 1.000000 1.000000
vt 0.532067 0.349874
vt 0.529718 0.344203
vt 0.462564 0.360521
vt 0.465459 0.355105
vt 0.282350 0.012465
vt 0.276212 0.011860
vt 0.776212 0.011860
vt 0.782350 0.012465
vt 0.965459 0.355105
vt 0.962564 0.360521
vt 0.247255 0.010438
vt 0.241087 0.010438
vt 0.025277 0.333483
vt 0.027627 0.339155
vt 0.527627 0.339155
vt 0.525277 0.333483
vt 0.741087 0.010438
vt 0.747255 0.010438
vt 0.457092 0.370758
vt 0.459987 0.365342
vt 0.040013 0.365342
vt 0.042908 0.370758
vt 0.959987 0.365342
vt 0.957092 0.370758
vt 0.542908 0.370758
vt 0.540013 0.365342
vt 0.472373 0.339155
vt 0.474723 0.333483
vt 0.258913 0.010438
vt 0.252745 0.010438
vt 0.752745 0.010438
vt 0.758913 0.010438
vt 0.974723 0.333483
vt 0.972373 0.339155
vt 0.223788 0.011860
vt 0.217650 0.012465
vt 0.034541 0.355105
vt 0.037436 0.360521
vt 0.537436 0.360521
vt 0.534541 0.355105
vt 0.717650 0.012465
vt 0.723788 0.011860
vt 0.467933 0.349874
vt 0.470282 0.344203
vt 0.052330 0.385370
vt 0.055744 0.390479
vt 0.970283 0.344203
vt 0.967933 0.349874
vt 0.555744 0.390479
vt 0.552330 0.385370
vt 0.480041 0.316930
vt 0.481823 0.311057
vt 0.235389 0.010718
vt 0.229251 0.011322
vt 0.729251 0.011322
vt 0.735389 0.010718
vt 0.981823 0.311057
vt 0.980041 0.316930
vt 0.200573 0.015576
vt 0.194525 0.016779
vt 0.045878 0.375714
vt 0.049292 0.380823
vt 0.549292 0.380823
vt 0.545878 0.375714
vt 0.694525 0.016779
vt 0.700573 0.015576
vt 0.476674 0.328029
vt 0.478456 0.322157
vt 0.066552 0.404094
vt 0.070452 0.408846
vt 0.978455 0.322157
vt 0.976674 0.328029
vt 0.570452 0.408846
vt 0.566552 0.404094
vt 0.485494 0.294060
vt 0.486691 0.288042
vt 0.212004 0.013302
vt 0.205956 0.014505
vt 0.705956 0.014505
vt 0.712004 0.013302
vt 0.986691 0.288042
vt 0.985494 0.294060
vt 0.177835 0.021549
vt 0.171935 0.023339
vt 0.059181 0.395113
vt 0.063081 0.399865
vt 0.563081 0.399865
vt 0.559181 0.395113
vt 0.671935 0.023339
vt 0.677835 0.021549
vt 0.483231 0.305433
vt 0.484428 0.299415
vt 0.082540 0.421334
vt 0.086890 0.425683
vt 0.984428 0.299415
vt 0.983231 0.305433
vt 0.586890 0.425683
vt 0.582540 0.421334
vt 0.488679 0.270765
vt 0.489280 0.264660
vt 0.188985 0.018167
vt 0.183085 0.019956
vt 0.683086 0.019956
vt 0.688985 0.018167
vt 0.989280 0.264660
vt 0.988678 0.270765
vt 0.155791 0.029722
vt 0.150097 0.032080
vt 0.074320 0.413114
vt 0.078669 0.417463
vt 0.578669 0.417463
vt 0.574320 0.413114
vt 0.650097 0.032080
vt 0.655791 0.029722
vt 0.487542 0.282303
vt 0.488143 0.276199
vt 0.100142 0.436924
vt 0.104899 0.440828
vt 0.988143 0.276199
vt 0.987542 0.282303
vt 0.604899 0.440828
vt 0.600142 0.436924
vt 0.489564 0.247270
vt 0.489565 0.241136
vt 0.166553 0.025265
vt 0.160859 0.027623
vt 0.660859 0.027623
vt 0.666553 0.025265
vt 0.989564 0.241136
vt 0.989565 0.247270
vt 0.134655 0.040016
vt 0.129222 0.042920
vt 0.091150 0.429545
vt 0.095908 0.433449
vt 0.595908 0.433449
vt 0.591150 0.429545
vt 0.629222 0.042920
vt 0.634655 0.040016
vt 0.489565 0.258864
vt 0.489564 0.252730
vt 0.119186 0.450713
vt 0.124306 0.454134
vt 0.989564 0.252730
vt 0.989565 0.258864
vt 0.624306 0.454134
vt 0.619186 0.450713
vt 0.488143 0.223801
vt 0.487542 0.217697
vt 0.144923 0.034528
vt 0.139490 0.037431
vt 0.639490 0.037431
vt 0.644923 0.034528
vt 0.987542 0.217697
vt 0.988143 0.223801
vt 0.114629 0.052332
vt 0.109510 0.055753
vt 0.109510 0.444247
vt 0.114629 0.447668
vt 0.614630 0.447668
vt 0.609510 0.444247
vt 0.609510 0.055753
vt 0.614630 0.052332
vt 0.489280 0.235340
vt 0.488678 0.229235
vt 0.139490 0.462569
vt 0.144923 0.465472
vt 0.988678 0.229235
vt 0.989280 0.235340
vt 0.644923 0.465472
vt 0.639490 0.462569
vt 0.484428 0.200585
vt 0.483231 0.194567
vt 0.124306 0.045866
vt 0.119186 0.049287
vt 0.619186 0.049287
vt 0.624306 0.045866
vt 0.983231 0.194567
vt 0.984428 0.200584
vt 0.095908 0.066551
vt 0.091150 0.070455
vt 0.129222 0.457080
vt 0.134655 0.459984
vt 0.634655 0.459984
vt 0.629222 0.457080
vt 0.591150 0.070455
vt 0.595908 0.066551
vt 0.486691 0.211958
vt 0.485494 0.205940
vt 0.160859 0.472377
vt 0.166553 0.474735
vt 0.985494 0.205940
vt 0.986691 0.211958
vt 0.666553 0.474735
vt 0.660859 0.472377
vt 0.478456 0.177843
vt 0.476674 0.171971
vt 0.104899 0.059172
vt 0.100142 0.063076
vt 0.600142 0.063076
vt 0.604899 0.059172
vt 0.976674 0.171971
vt 0.978456 0.177844
vt 0.078669 0.082537
vt 0.074320 0.086886
vt 0.150097 0.467920
vt 0.155791 0.470278
vt 0.655791 0.470278
vt 0.650097 0.467920
vt 0.574320 0.086886
vt 0.578669 0.082537
vt 0.481823 0.188943
vt 0.480041 0.183070
vt 0.183085 0.480044
vt 0.188985 0.481833
vt 0.980041 0.183070
vt 0.981823 0.188943
vt 0.688985 0.481833
vt 0.683085 0.480044
vt 0.470282 0.155797
vt 0.467933 0.150126
vt 0.086890 0.074317
vt 0.082540 0.078666
vt 0.582540 0.078666
vt 0.586890 0.074317
vt 0.967933 0.150126
vt 0.970283 0.155797
vt 0.063081 0.100135
vt 0.059181 0.104887
vt 0.171935 0.476661
vt 0.177835 0.478451
vt 0.677835 0.478451
vt 0.671935 0.476661
vt 0.559181 0.104887
vt 0.563081 0.100135
vt 0.747255 0.489562
vt 0.741087 0.489562
vt 0.474723 0.166517
vt 0.472373 0.160845
vt 0.205956 0.485495
vt 0.212004 0.486698
vt 0.972373 0.160845
vt 0.974723 0.166517
vt 0.241087 0.489562
vt 0.247255 0.489562
vt 0.712004 0.486698
vt 0.705956 0.485495
vt 0.459987 0.134658
vt 0.457092 0.129242
vt 0.070452 0.091154
vt 0.066552 0.095906
vt 0.566552 0.095906
vt 0.570452 0.091154
vt 0.957092 0.129242
vt 0.959987 0.134658
vt 0.758913 0.489562
vt 0.752745 0.489562
vt 0.049292 0.119177
vt 0.045878 0.124286
vt 0.252745 0.489562
vt 0.258913 0.489562
vt 0.194525 0.483221
vt 0.200573 0.484424
vt 0.700573 0.484424
vt 0.694525 0.483221
vt 0.545878 0.124286
vt 0.549292 0.119177
vt 0.276212 0.488140
vt 0.282350 0.487535
vt 0.465459 0.144895
vt 0.462564 0.139479
vt 0.229251 0.488678
vt 0.235389 0.489282
vt 0.962564 0.139479
vt 0.965459 0.144895
vt 0.782350 0.487535
vt 0.776212 0.488140
vt 0.735389 0.489282
vt 0.729251 0.488678
vt 0.447670 0.114630
vt 0.444256 0.109521
vt 0.055744 0.109521
vt 0.052330 0.114630
vt 0.552330 0.114630
vt 0.555744 0.109521
vt 0.944256 0.109521
vt 0.947670 0.114630
vt 0.264611 0.489282
vt 0.270749 0.488678
vt 0.037436 0.139479
vt 0.034541 0.144895
vt 0.770749 0.488678
vt 0.764611 0.489282
vt 0.217650 0.487535
vt 0.223788 0.488140
vt 0.723788 0.488140
vt 0.717650 0.487535
vt 0.534541 0.144895
vt 0.537436 0.139479
vt 0.299427 0.484424
vt 0.305475 0.483221
vt 0.454122 0.124286
vt 0.450708 0.119177
vt 0.950708 0.119177
vt 0.954122 0.124286
vt 0.805475 0.483221
vt 0.799427 0.484424
vt 0.433448 0.095906
vt 0.429548 0.091154
vt 0.042908 0.129242
vt 0.040013 0.134658
vt 0.540013 0.134658
vt 0.542908 0.129242
vt 0.929548 0.091154
vt 0.933448 0.095906
vt 0.287996 0.486698
vt 0.294044 0.485495
vt 0.027627 0.160845
vt 0.025277 0.166517
vt 0.794044 0.485495
vt 0.787996 0.486698
vt 0.525277 0.166517
vt 0.527627 0.160845
vt 0.322165 0.478451
vt 0.328065 0.476661
vt 0.440819 0.104887
vt 0.436919 0.100135
vt 0.936919 0.100135
vt 0.940819 0.104887
vt 0.828065 0.476661
vt 0.822165 0.478451
vt 0.417460 0.078666
vt 0.413110 0.074317
vt 0.032067 0.150126
vt 0.029718 0.155797
vt 0.529718 0.155797
vt 0.532067 0.150126
vt 0.913110 0.074317
vt 0.917460 0.078666
vt 0.311015 0.481833
vt 0.316915 0.480044
vt 0.019959 0.183070
vt 0.018177 0.188943
vt 0.816915 0.480044
vt 0.811015 0.481833
vt 0.518177 0.188943
vt 0.519959 0.183070
vt 0.344209 0.470278
vt 0.349903 0.467920
vt 0.425680 0.086886
vt 0.421331 0.082537
vt 0.921331 0.082537
vt 0.925680 0.086886
vt 0.849903 0.467920
vt 0.844209 0.470278
vt 0.399858 0.063076
vt 0.395101 0.059172
vt 0.023326 0.171971
vt 0.021544 0.177844
vt 0.521545 0.177843
vt 0.523326 0.171971
vt 0.895101 0.059172
vt 0.899858 0.063076
vt 0.333447 0.474735
vt 0.339141 0.472377
vt 0.014506 0.205940
vt 0.013309 0.211958
vt 0.839141 0.472377
vt 0.833447 0.474735
vt 0.513309 0.211958
vt 0.514506 0.205940
vt 0.365345 0.459984
vt 0.370778 0.457080
vt 0.408850 0.070455
vt 0.404093 0.066551
vt 0.904093 0.066551
vt 0.908850 0.070455
vt 0.870778 0.457080
vt 0.865346 0.459984
vt 0.380814 0.049287
vt 0.375694 0.045866
vt 0.016769 0.194567
vt 0.015572 0.200584
vt 0.515572 0.200585
vt 0.516769 0.194567
vt 0.747255 0.480374
vt 0.741315 0.480374
vt 0.241315 0.480374
vt 0.247255 0.480374
vt 0.752744 0.480374
vt 0.252745 0.480374
vt 0.758685 0.480374
vt 0.258685 0.480374
vt 0.275301 0.478996
vt 0.281213 0.478414
vt 0.781213 0.478415
vt 0.775301 0.478996
vt 0.269839 0.479535
vt 0.769839 0.479535
vt 0.263928 0.480117
vt 0.763928 0.480117
vt 0.297615 0.475415
vt 0.303439 0.474256
vt 0.803439 0.474256
vt 0.797614 0.475414
vt 0.292232 0.476485
vt 0.792232 0.476485
vt 0.286407 0.477644
vt 0.786407 0.477644
vt 0.319470 0.469663
vt 0.325152 0.467939
vt 0.825152 0.467939
vt 0.819470 0.469663
vt 0.314219 0.471256
vt 0.814219 0.471255
vt 0.308538 0.472979
vt 0.808538 0.472979
vt 0.340657 0.461796
vt 0.346140 0.459525
vt 0.846141 0.459525
vt 0.840657 0.461797
vt 0.335589 0.463896
vt 0.835589 0.463895
vt 0.330105 0.466167
vt 0.830106 0.466167
vt 0.360971 0.451891
vt 0.366204 0.449094
vt 0.866204 0.449094
vt 0.860971 0.451891
vt 0.356136 0.454476
vt 0.856136 0.454476
vt 0.350903 0.457272
vt 0.850904 0.457272
vt 0.380218 0.440042
vt 0.385149 0.436747
vt 0.885149 0.436747
vt 0.880218 0.440042
vt 0.375662 0.443086
vt 0.875662 0.443087
vt 0.370731 0.446381
vt 0.870730 0.446381
vt 0.398212 0.426362
vt 0.402794 0.422602
vt 0.902794 0.422602
vt 0.898213 0.426363
vt 0.393978 0.429837
vt 0.893979 0.429837
vt 0.389396 0.433598
vt 0.889396 0.433598
vt 0.414780 0.410984
vt 0.418970 0.406795
vt 0.918969 0.406795
vt 0.914780 0.410984
vt 0.410909 0.414855
vt 0.910909 0.414855
vt 0.406720 0.419045
vt 0.906720 0.419045
vt 0.429762 0.394055
vt 0.433519 0.389477
vt 0.933519 0.389478
vt 0.929761 0.394055
vt 0.426291 0.398285
vt 0.926291 0.398285
vt 0.422534 0.402862
vt 0.922534 0.402862
vt 0.443013 0.375738
vt 0.446302 0.370817
vt 0.946302 0.370816
vt 0.943013 0.375738
vt 0.439975 0.380285
vt 0.939975 0.380285
vt 0.436686 0.385206
vt 0.936686 0.385206
vt 0.454406 0.356209
vt 0.457195 0.350991
vt 0.957195 0.350991
vt 0.954407 0.356209
vt 0.451830 0.361029
vt 0.951830 0.361029
vt 0.449041 0.366247
vt 0.949040 0.366247
vt 0.463831 0.335655
vt 0.466094 0.330192
vt 0.966094 0.330192
vt 0.963831 0.335655
vt 0.461740 0.340703
vt 0.961741 0.340703
vt 0.459477 0.346167
vt 0.959477 0.346167
vt 0.471196 0.314276
vt 0.472912 0.308618
vt 0.972912 0.308619
vt 0.971196 0.314276
vt 0.469611 0.319503
vt 0.969611 0.319503
vt 0.467894 0.325160
vt 0.967894 0.325161
vt 0.476431 0.292277
vt 0.477584 0.286479
vt 0.977584 0.286479
vt 0.976430 0.292277
vt 0.475365 0.297632
vt 0.975365 0.297632
vt 0.474212 0.303430
vt 0.974212 0.303430
vt 0.479484 0.269870
vt 0.480063 0.263988
vt 0.980063 0.263988
vt 0.979484 0.269870
vt 0.478949 0.275303
vt 0.978949 0.275303
vt 0.478369 0.281184
vt 0.978370 0.281185
vt 0.480326 0.247270
vt 0.480326 0.241361
vt 0.980326 0.241361
vt 0.980325 0.247270
vt 0.480326 0.252730
vt 0.980325 0.252730
vt 0.480326 0.258639
vt 0.980326 0.258639
vt 0.478949 0.224697
vt 0.478369 0.218816
vt 0.978369 0.218816
vt 0.978949 0.224697
vt 0.479484 0.230131
vt 0.979483 0.230130
vt 0.480063 0.236012
vt 0.980063 0.236012
vt 0.475365 0.202367
vt 0.474212 0.196570
vt 0.974212 0.196570
vt 0.975366 0.202368
vt 0.476431 0.207723
vt 0.976430 0.207723
vt 0.477584 0.213520
vt 0.977583 0.213520
vt 0.469611 0.180497
vt 0.467894 0.174839
vt 0.967894 0.174839
vt 0.969611 0.180497
vt 0.471196 0.185724
vt 0.971196 0.185724
vt 0.472912 0.191382
vt 0.972912 0.191381
vt 0.461740 0.159297
vt 0.459477 0.153833
vt 0.959476 0.153833
vt 0.961740 0.159297
vt 0.463831 0.164345
vt 0.963831 0.164345
vt 0.466094 0.169809
vt 0.966094 0.169808
vt 0.451830 0.138971
vt 0.449041 0.133753
vt 0.949041 0.133753
vt 0.951830 0.138971
vt 0.454406 0.143791
vt 0.954406 0.143792
vt 0.457195 0.149009
vt 0.957195 0.149009
vt 0.439975 0.119715
vt 0.436687 0.114794
vt 0.936686 0.114794
vt 0.939975 0.119715
vt 0.443013 0.124262
vt 0.943014 0.124262
vt 0.446302 0.129184
vt 0.946302 0.129184
vt 0.426291 0.101715
vt 0.422534 0.097138
vt 0.922534 0.097138
vt 0.926290 0.101715
vt 0.429762 0.105945
vt 0.929761 0.105945
vt 0.433519 0.110522
vt 0.933519 0.110522
vt 0.410909 0.085145
vt 0.406720 0.080956
vt 0.906720 0.080956
vt 0.910909 0.085145
vt 0.914780 0.089016
vt 0.918970 0.093205
vt 0.393978 0.070163
vt 0.389396 0.066402
vt 0.889396 0.066402
vt 0.893979 0.070163
vt 0.398212 0.073638
vt 0.898213 0.073638
vt 0.402795 0.077398
vt 0.902794 0.077398
vt 0.375662 0.056914
vt 0.370730 0.053619
vt 0.870731 0.053619
vt 0.875662 0.056914
vt 0.380218 0.059958
vt 0.880218 0.059958
vt 0.385149 0.063253
vt 0.885150 0.063253
vt 0.356136 0.045524
vt 0.350903 0.042728
vt 0.850904 0.042728
vt 0.856136 0.045524
vt 0.360971 0.048109
vt 0.860971 0.048109
vt 0.366204 0.050906
vt 0.866203 0.050906
vt 0.335589 0.036104
vt 0.330105 0.033833
vt 0.830106 0.033833
vt 0.835589 0.036105
vt 0.340657 0.038204
vt 0.840657 0.038204
vt 0.346140 0.040475
vt 0.846140 0.040475
vt 0.314219 0.028744
vt 0.308538 0.027021
vt 0.808538 0.027021
vt 0.814219 0.028744
vt 0.319470 0.030337
vt 0.819470 0.030337
vt 0.325152 0.032061
vt 0.825152 0.032061
vt 0.292232 0.023515
vt 0.286408 0.022356
vt 0.786407 0.022356
vt 0.792232 0.023515
vt 0.297615 0.024585
vt 0.797615 0.024585
vt 0.303440 0.025744
vt 0.803439 0.025744
vt 0.269839 0.020465
vt 0.263928 0.019883
vt 0.763928 0.019883
vt 0.769839 0.020465
vt 0.275302 0.021003
vt 0.775301 0.021003
vt 0.281213 0.021586
vt 0.781212 0.021586
vt 0.247255 0.019626
vt 0.241315 0.019626
vt 0.741315 0.019626
vt 0.747255 0.019626
vt 0.252745 0.019626
vt 0.752744 0.019626
vt 0.258685 0.019626
vt 0.758685 0.019626
vt 0.224698 0.021003
vt 0.218787 0.021586
vt 0.718787 0.021586
vt 0.724698 0.021003
vt 0.230161 0.020465
vt 0.730161 0.020465
vt 0.236072 0.019883
vt 0.736072 0.019883
vt 0.202385 0.024585
vt 0.196561 0.025744
vt 0.696561 0.025744
vt 0.702385 0.024585
vt 0.207768 0.023515
vt 0.707768 0.023515
vt 0.213592 0.022356
vt 0.713593 0.022356
vt 0.180530 0.030337
vt 0.174848 0.032061
vt 0.674849 0.032061
vt 0.680530 0.030337
vt 0.185781 0.028744
vt 0.685781 0.028744
vt 0.191462 0.027021
vt 0.691462 0.027021
vt 0.159343 0.038204
vt 0.153860 0.040475
vt 0.653860 0.040475
vt 0.659343 0.038204
vt 0.164411 0.036105
vt 0.664411 0.036105
vt 0.169894 0.033833
vt 0.669895 0.033833
vt 0.139029 0.048109
vt 0.133796 0.050906
vt 0.633796 0.050906
vt 0.639029 0.048109
vt 0.143864 0.045524
vt 0.643864 0.045524
vt 0.149097 0.042728
vt 0.649097 0.042728
vt 0.119782 0.059958
vt 0.114851 0.063253
vt 0.614850 0.063253
vt 0.619782 0.059958
vt 0.124338 0.056914
vt 0.624339 0.056914
vt 0.129270 0.053619
vt 0.629269 0.053619
vt 0.101788 0.073638
vt 0.097206 0.077398
vt 0.597205 0.077398
vt 0.601788 0.073638
vt 0.106022 0.070163
vt 0.606022 0.070163
vt 0.110604 0.066402
vt 0.610604 0.066402
vt 0.085220 0.089016
vt 0.081031 0.093205
vt 0.581030 0.093205
vt 0.585220 0.089016
vt 0.089091 0.085145
vt 0.589091 0.085145
vt 0.093281 0.080955
vt 0.593280 0.080956
vt 0.070238 0.105945
vt 0.066481 0.110522
vt 0.566481 0.110522
vt 0.570238 0.105945
vt 0.073709 0.101715
vt 0.573710 0.101715
vt 0.077466 0.097138
vt 0.577466 0.097138
vt 0.056987 0.124262
vt 0.053698 0.129184
vt 0.553698 0.129184
vt 0.556987 0.124262
vt 0.060025 0.119715
vt 0.560026 0.119715
vt 0.063314 0.114794
vt 0.563314 0.114794
vt 0.045594 0.143792
vt 0.042805 0.149009
vt 0.542805 0.149009
vt 0.545594 0.143791
vt 0.048170 0.138971
vt 0.548171 0.138971
vt 0.050959 0.133753
vt 0.550959 0.133753
vt 0.036169 0.164345
vt 0.033906 0.169808
vt 0.533906 0.169809
vt 0.536169 0.164345
vt 0.038260 0.159297
vt 0.538260 0.159297
vt 0.040523 0.153833
vt 0.540523 0.153833
vt 0.028804 0.185724
vt 0.027088 0.191381
vt 0.527087 0.191382
vt 0.528804 0.185724
vt 0.030389 0.180497
vt 0.530390 0.180497
vt 0.032106 0.174839
vt 0.532105 0.174839
vt 0.023569 0.207723
vt 0.022416 0.213520
vt 0.522416 0.213520
vt 0.523569 0.207723
vt 0.024635 0.202368
vt 0.524634 0.202367
vt 0.025788 0.196570
vt 0.525788 0.196570
vt 0.020516 0.230130
vt 0.019937 0.236012
vt 0.519937 0.236012
vt 0.520517 0.230131
vt 0.021051 0.224697
vt 0.521051 0.224697
vt 0.021631 0.218816
vt 0.521631 0.218816
vt 0.019674 0.252730
vt 0.019674 0.258639
vt 0.519674 0.258639
vt 0.519674 0.252730
vt 0.019674 0.247270
vt 0.519674 0.247270
vt 0.019674 0.241361
vt 0.519674 0.241361
vt 0.021051 0.275303
vt 0.021631 0.281185
vt 0.521631 0.281184
vt 0.521051 0.275303
vt 0.020516 0.269870
vt 0.520516 0.269870
vt 0.019937 0.263988
vt 0.519937 0.263988
vt 0.024635 0.297632
vt 0.025788 0.303430
vt 0.525788 0.303430
vt 0.524634 0.297632
vt 0.023569 0.292277
vt 0.523569 0.292277
vt 0.022416 0.286479
vt 0.522416 0.286479
vt 0.030389 0.319503
vt 0.032106 0.325161
vt 0.532105 0.325160
vt 0.530389 0.319503
vt 0.028804 0.314276
vt 0.528804 0.314276
vt 0.027088 0.308619
vt 0.527088 0.308618
vt 0.038260 0.340703
vt 0.040523 0.346167
vt 0.540523 0.346167
vt 0.538260 0.340703
vt 0.036169 0.335655
vt 0.536169 0.335655
vt 0.033906 0.330192
vt 0.533906 0.330192
vt 0.048170 0.361029
vt 0.050959 0.366247
vt 0.550960 0.366247
vt 0.548171 0.361029
vt 0.045594 0.356209
vt 0.545594 0.356208
vt 0.042805 0.350991
vt 0.542805 0.350991
vt 0.060025 0.380285
vt 0.063314 0.385206
vt 0.563314 0.385206
vt 0.560025 0.380285
vt 0.056987 0.375738
vt 0.556987 0.375738
vt 0.053698 0.370816
vt 0.553698 0.370817
vt 0.073709 0.398285
vt 0.077466 0.402862
vt 0.577466 0.402862
vt 0.573709 0.398285
vt 0.070238 0.394055
vt 0.570238 0.394055
vt 0.066481 0.389478
vt 0.566481 0.389478
vt 0.089091 0.414855
vt 0.093281 0.419045
vt 0.593281 0.419045
vt 0.589091 0.414855
vt 0.085220 0.410984
vt 0.585220 0.410984
vt 0.081031 0.406795
vt 0.581031 0.406795
vt 0.106022 0.429837
vt 0.110604 0.433598
vt 0.610604 0.433598
vt 0.606022 0.429837
vt 0.101788 0.426363
vt 0.601788 0.426362
vt 0.097206 0.422602
vt 0.597206 0.422602
vt 0.124339 0.443087
vt 0.129269 0.446381
vt 0.629269 0.446381
vt 0.624339 0.443086
vt 0.119782 0.440042
vt 0.619782 0.440042
vt 0.114851 0.436747
vt 0.614851 0.436747
vt 0.649097 0.457272
vt 0.643864 0.454476
vt 0.139029 0.451891
vt 0.639029 0.451891
vt 0.133796 0.449094
vt 0.633796 0.449094
vt 0.164411 0.463896
vt 0.169894 0.466167
vt 0.669895 0.466167
vt 0.664411 0.463895
vt 0.159343 0.461797
vt 0.659343 0.461796
vt 0.153860 0.459525
vt 0.653860 0.459525
vt 0.185781 0.471255
vt 0.191462 0.472979
vt 0.691462 0.472979
vt 0.685781 0.471256
vt 0.180530 0.469663
vt 0.680530 0.469663
vt 0.174848 0.467939
vt 0.674848 0.467939
vt 0.207768 0.476485
vt 0.213592 0.477644
vt 0.713593 0.477644
vt 0.707768 0.476485
vt 0.202385 0.475414
vt 0.702385 0.475415
vt 0.196561 0.474256
vt 0.696561 0.474256
vt 0.230161 0.479535
vt 0.236072 0.480117
vt 0.736072 0.480117
vt 0.730161 0.479535
vt 0.224698 0.478996
vt 0.724698 0.478997
vt 0.218788 0.478415
vt 0.718788 0.478414
s 1
usemtl Material.001
f 1531/1/1 1530/2/1 1027/3/1 1026/4/1
f 1043/5/2 1042/6/2 1055/7/2 1056/8/2
f 1051/9/3 1050/10/3 1063/11/3 1064/12/3
f 1059/13/4 1058/14/4 1071/15/4 1072/16/4
f 1067/17/5 1066/18/5 1079/19/5 1080/20/5
f 1075/21/6 1074/22/6 1087/23/6 1088/24/6
f 1083/25/7 1082/26/7 1095/27/7 1096/28/7
f 1091/29/8 1090/30/8 1103/31/8 1104/32/8
f 1099/33/9 1098/34/9 1111/35/9 1112/36/9
f 1107/37/10 1106/38/10 1119/39/10 1120/40/10
f 1115/41/11 1114/42/11 1127/43/11 1128/44/11
f 1123/45/12 1122/46/12 1135/47/12 1136/48/12
f 1131/49/13 1130/50/13 1143/51/13 1144/52/13
f 1139/53/14 1138/54/14 1151/55/14 1152/56/14
f 1147/57/15 1146/58/15 1159/59/15 1160/60/15
f 1155/61/16 1154/62/16 1167/63/16 1168/64/16
f 1163/65/17 1162/66/17 1175/67/17 1176/68/17
f 1171/69/18 1170/70/18 1183/71/18 1184/72/18
f 1179/73/19 1178/74/19 1191/75/19 1192/76/19
f 1187/77/20 1186/78/20 1199/79/20 1200/80/20
f 1195/81/21 1194/82/21 1207/83/21 1208/84/21
f 1203/85/22 1202/86/22 1215/87/22 1216/88/22
f 1211/89/23 1210/90/23 1223/91/23 1224/92/23
f 1219/93/24 1218/94/24 1231/95/24 1232/96/24
f 1227/97/25 1226/98/25 1239/99/25 1240/100/25
f 1235/101/26 1234/102/26 1247/103/26 1248/104/26
f 1243/105/27 1242/106/27 1255/107/27 1256/108/27
f 1251/109/28 1250/110/28 1263/111/28 1264/112/28
f 1259/113/29 1258/114/29 1271/115/29 1272/116/29
f 1267/117/30 1266/118/30 1279/119/30 1280/120/30
f 1275/121/31 1274/122/31 1287/123/31 1288/124/31
f 1283/125/32 1282/126/32 1295/127/32 1296/128/32
f 1291/129/33 1290/130/33 1303/131/33 1304/132/33
f 1299/133/34 1298/134/34 1311/135/34 1312/136/34
f 1307/137/35 1306/138/35 1319/139/35 1320/140/35
f 1315/141/36 1314/142/36 1327/143/36 1328/144/36
f 1323/145/37 1322/146/37 1335/147/37 1336/148/37
f 1331/149/38 1330/150/38 1343/151/38 1344/152/38
f 1339/153/39 1338/154/39 1351/155/39 1352/156/39
f 1347/157/40 1346/158/40 1359/159/40 1360/160/40
f 1355/161/41 1354/162/41 1367/163/41 1368/164/41
f 1363/165/42 1362/166/42 1375/167/42 1376/168/42
f 1371/169/43 1370/170/43 1383/171/43 1384/172/43
f 1379/173/44 1378/174/44 1391/175/44 1392/176/44
f 1387/177/45 1386/178/45 1399/179/45 1400/180/45
f 1395/181/46 1394/182/46 1407/183/46 1408/184/46
f 1403/185/47 1402/186/47 1415/187/47 1416/188/47
f 1411/189/48 1410/190/48 1423/191/48 1424/192/48
f 1419/193/49 1418/194/49 1431/195/49 1432/196/49
f 1427/197/50 1426/198/50 1439/199/50 1440/200/50
f 1435/201/51 1434/202/51 1447/203/51 1448/204/51
f 1443/205/52 1442/206/52 1455/207/52 1456/208/52
f 1451/209/53 1450/210/53 1463/211/53 1464/212/53
f 1459/213/54 1458/214/54 1471/215/54 1472/216/54
f 1467/217/55 1466/218/55 1479/219/55 1480/220/55
f 1475/221/56 1474/222/56 1487/223/56 1488/224/56
f 1483/225/57 1482/226/57 1495/227/57 1496/228/57
f 1491/229/58 1490/230/58 1503/231/58 1504/232/58
f 1499/233/59 1498/234/59 1511/235/59 1512/236/59
f 1507/237/60 1506/238/60 1519/239/60 1520/240/60
f 1515/241/61 1514/242/61 1527/243/61 1528/244/61
f 1523/245/62 1522/246/62 1535/247/62 1536/248/62
f 1035/249/63 1034/250/63 1047/251/63 1048/252/63
f 200/253/64 198/254/65 1735/254/65 1733/253/64
f 1031/255/66 1032/256/66 1039/257/66 1040/258/66
f 1442/206/67 1443/205/67 931/205/67 930/206/67
f 1025/259/68 1028/260/68 1030/261/68 1029/262/68
f 1110/263/69 1112/264/69 600/264/69 597/263/69
f 1441/265/70 1442/266/70 930/266/70 929/265/70
f 1033/267/71 1036/268/71 1038/269/71 1037/270/71
f 1111/271/72 1109/272/72 598/272/72 599/271/72
f 1276/273/73 1273/274/73 761/274/73 764/273/73
f 1041/275/74 1044/276/74 1046/277/74 1045/278/74
f 1440/200/75 1439/199/75 927/199/75 928/200/75
f 1109/279/76 1110/280/76 597/280/76 598/279/76
f 1049/281/77 1052/282/77 1054/283/77 1053/284/77
f 1275/285/78 1276/286/78 764/286/78 763/285/78
f 1438/287/79 1440/288/79 928/288/79 925/287/79
f 1057/289/80 1060/290/80 1062/291/80 1061/292/80
f 1274/122/81 1275/121/81 763/121/81 762/122/81
f 1439/293/82 1437/294/82 926/294/82 927/293/82
f 1065/295/83 1068/296/83 1070/297/83 1069/298/83
f 1273/299/84 1274/300/84 762/300/84 761/299/84
f 1437/301/85 1438/302/85 925/302/85 926/301/85
f 1073/303/86 1076/304/86 1078/305/86 1077/306/86
f 1108/307/87 1105/308/87 593/308/87 596/307/87
f 1272/116/88 1271/115/88 759/115/88 760/116/88
f 1081/309/89 1084/310/89 1086/311/89 1085/312/89
f 1107/313/69 1108/314/69 596/314/69 595/313/69
f 1270/315/90 1272/316/90 760/316/90 757/315/90
f 1089/317/91 1092/318/91 1094/319/91 1093/320/91
f 1106/38/76 1107/37/76 595/37/76 594/38/76
f 1271/321/92 1269/322/92 758/322/92 759/321/92
f 1097/323/93 1100/324/93 1102/325/93 1101/326/93
f 1436/327/75 1433/328/75 921/328/75 924/327/75
f 1105/329/72 1106/330/72 594/330/72 593/329/72
f 1105/308/94 1108/307/94 1110/280/94 1109/279/94
f 1269/331/95 1270/332/95 757/332/95 758/331/95
f 1435/333/79 1436/334/79 924/334/79 923/333/79
f 1113/335/96 1116/336/96 1118/337/96 1117/338/96
f 1104/32/97 1103/31/97 591/31/97 592/32/97
f 1434/202/98 1435/201/98 923/201/98 922/202/98
f 1121/339/99 1124/340/99 1126/341/99 1125/342/99
f 1102/343/100 1104/344/100 592/344/100 589/343/100
f 1433/345/82 1434/346/82 922/346/82 921/345/82
f 1129/347/101 1132/348/101 1134/349/101 1133/350/101
f 1103/351/102 1101/352/102 590/352/102 591/351/102
f 1268/353/88 1265/354/88 753/354/88 756/353/88
f 1137/355/103 1140/356/103 1142/357/103 1141/358/103
f 1432/196/104 1431/195/104 919/195/104 920/196/104
f 1101/326/105 1102/325/105 589/325/105 590/326/105
f 1145/359/106 1148/360/106 1150/361/106 1149/362/106
f 1267/363/90 1268/364/90 756/364/90 755/363/90
f 1430/365/107 1432/366/107 920/366/107 917/365/107
f 1153/367/108 1156/368/108 1158/369/108 1157/370/108
f 1266/118/95 1267/117/95 755/117/95 754/118/95
f 1431/371/109 1429/372/109 918/372/109 919/371/109
f 1161/373/110 1164/374/110 1166/375/110 1165/376/110
f 1265/377/92 1266/378/92 754/378/92 753/377/92
f 1429/379/111 1430/380/111 917/380/111 918/379/111
f 1169/381/112 1172/382/112 1174/383/112 1173/384/112
f 1100/324/113 1097/323/113 585/323/113 588/324/113
f 1264/112/114 1263/111/114 751/111/114 752/112/114
f 1177/385/115 1180/386/115 1182/387/115 1181/388/115
f 1099/389/100 1100/390/100 588/390/100 587/389/100
f 1262/391/116 1264/392/116 752/392/116 749/391/116
f 1185/393/117 1188/394/117 1190/395/117 1189/396/117
f 1098/34/105 1099/33/105 587/33/105 586/34/105
f 1263/397/118 1261/398/118 750/398/118 751/397/118
f 1193/399/119 1196/400/119 1198/401/119 1197/402/119
f 1428/403/104 1425/404/104 913/404/104 916/403/104
f 1097/405/102 1098/406/102 586/406/102 585/405/102
f 1201/407/120 1204/408/120 1206/409/120 1205/410/120
f 1261/411/121 1262/412/121 749/412/121 750/411/121
f 1427/413/107 1428/414/107 916/414/107 915/413/107
f 1209/415/122 1212/416/122 1214/417/122 1213/418/122
f 1096/28/123 1095/27/123 583/27/123 584/28/123
f 1426/198/111 1427/197/111 915/197/111 914/198/111
f 1217/419/124 1220/420/124 1222/421/124 1221/422/124
f 1094/423/125 1096/424/125 584/424/125 581/423/125
f 1425/425/109 1426/426/109 914/426/109 913/425/109
f 1225/427/126 1228/428/126 1230/429/126 1229/430/126
f 1095/431/127 1093/432/127 582/432/127 583/431/127
f 1260/433/114 1257/434/114 745/434/114 748/433/114
f 1233/435/128 1236/436/128 1238/437/128 1237/438/128
f 1424/192/129 1423/191/129 911/191/129 912/192/129
f 1093/320/130 1094/319/130 581/319/130 582/320/130
f 1241/439/131 1244/440/131 1246/441/131 1245/442/131
f 1259/443/116 1260/444/116 748/444/116 747/443/116
f 1422/445/132 1424/446/132 912/446/132 909/445/132
f 1249/447/133 1252/448/133 1254/449/133 1253/450/133
f 1258/114/121 1259/113/121 747/113/121 746/114/121
f 1423/451/134 1421/452/134 910/452/134 911/451/134
f 1257/434/135 1260/433/135 1262/412/135 1261/411/135
f 1257/453/118 1258/454/118 746/454/118 745/453/118
f 1421/455/136 1422/456/136 909/456/136 910/455/136
f 1265/354/137 1268/353/137 1270/332/137 1269/331/137
f 1092/318/123 1089/317/123 577/317/123 580/318/123
f 1256/108/138 1255/107/138 743/107/138 744/108/138
f 1273/274/139 1276/273/139 1278/457/139 1277/458/139
f 1091/459/125 1092/460/125 580/460/125 579/459/125
f 1254/461/140 1256/462/140 744/462/140 741/461/140
f 1281/463/141 1284/464/141 1286/465/141 1285/466/141
f 1090/30/130 1091/29/130 579/29/130 578/30/130
f 1255/467/142 1253/468/142 742/468/142 743/467/142
f 1289/469/143 1292/470/143 1294/471/143 1293/472/143
f 1420/473/129 1417/474/129 905/474/129 908/473/129
f 1089/475/127 1090/476/127 578/476/127 577/475/127
f 1297/477/144 1300/478/144 1302/479/144 1301/480/144
f 1253/450/145 1254/449/145 741/449/145 742/450/145
f 1419/481/132 1420/482/132 908/482/132 907/481/132
f 1305/483/146 1308/484/146 1310/485/146 1309/486/146
f 1088/24/147 1087/23/147 575/23/147 576/24/147
f 1418/194/136 1419/193/136 907/193/136 906/194/136
f 1313/487/148 1316/488/148 1318/489/148 1317/490/148
f 1086/491/149 1088/492/149 576/492/149 573/491/149
f 1417/493/134 1418/494/134 906/494/134 905/493/134
f 1321/495/150 1324/496/150 1326/497/150 1325/498/150
f 1087/499/151 1085/500/151 574/500/151 575/499/151
f 1252/448/138 1249/447/138 737/447/138 740/448/138
f 1329/501/152 1332/502/152 1334/503/152 1333/504/152
f 1416/188/153 1415/187/153 903/187/153 904/188/153
f 1085/312/154 1086/311/154 573/311/154 574/312/154
f 1337/505/155 1340/506/155 1342/507/155 1341/508/155
f 1251/509/140 1252/510/140 740/510/140 739/509/140
f 1414/511/156 1416/512/156 904/512/156 901/511/156
f 1345/513/157 1348/514/157 1350/515/157 1349/516/157
f 1250/110/145 1251/109/145 739/109/145 738/110/145
f 1415/517/158 1413/518/158 902/518/158 903/517/158
f 1353/519/159 1356/520/159 1358/521/159 1357/522/159
f 1249/523/142 1250/524/142 738/524/142 737/523/142
f 1413/525/160 1414/526/160 901/526/160 902/525/160
f 1361/527/161 1364/528/161 1366/529/161 1365/530/161
f 1084/310/147 1081/309/147 569/309/147 572/310/147
f 1248/104/162 1247/103/162 735/103/162 736/104/162
f 1369/531/163 1372/532/163 1374/533/163 1373/534/163
f 1083/535/149 1084/536/149 572/536/149 571/535/149
f 1246/537/164 1248/538/164 736/538/164 733/537/164
f 1377/539/165 1380/540/165 1382/541/165 1381/542/165
f 1082/26/154 1083/25/154 571/25/154 570/26/154
f 1247/543/166 1245/544/166 734/544/166 735/543/166
f 1385/545/167 1388/546/167 1390/547/167 1389/548/167
f 1412/549/153 1409/550/153 897/550/153 900/549/153
f 1081/551/151 1082/552/151 570/552/151 569/551/151
f 1393/553/168 1396/554/168 1398/555/168 1397/556/168
f 1245/442/169 1246/441/169 733/441/169 734/442/169
f 1411/557/156 1412/558/156 900/558/156 899/557/156
f 1401/559/170 1404/560/170 1406/561/170 1405/562/170
f 1080/20/171 1079/19/171 567/19/171 568/20/171
f 1410/190/160 1411/189/160 899/189/160 898/190/160
f 1409/550/172 1412/549/172 1414/526/172 1413/525/172
f 1078/563/173 1080/564/173 568/564/173 565/563/173
f 1409/565/158 1410/566/158 898/566/158 897/565/158
f 1417/474/174 1420/473/174 1422/456/174 1421/455/174
f 1079/567/175 1077/568/175 566/568/175 567/567/175
f 1244/440/162 1241/439/162 729/439/162 732/440/162
f 1425/404/176 1428/403/176 1430/380/176 1429/379/176
f 1408/184/177 1407/183/177 895/183/177 896/184/177
f 1077/306/178 1078/305/178 565/305/178 566/306/178
f 1433/328/179 1436/327/179 1438/302/179 1437/301/179
f 1243/569/164 1244/570/164 732/570/164 731/569/164
f 1406/571/180 1408/572/180 896/572/180 893/571/180
f 1441/573/181 1444/574/181 1446/575/181 1445/576/181
f 1242/106/169 1243/105/169 731/105/169 730/106/169
f 1407/577/182 1405/578/182 894/578/182 895/577/182
f 1449/579/183 1452/580/183 1454/581/183 1453/582/183
f 1241/583/166 1242/584/166 730/584/166 729/583/166
f 1405/562/184 1406/561/184 893/561/184 894/562/184
f 1457/585/185 1460/586/185 1462/587/185 1461/588/185
f 1076/304/171 1073/303/171 561/303/171 564/304/171
f 1240/100/186 1239/99/186 727/99/186 728/100/186
f 1465/589/187 1468/590/187 1470/591/187 1469/592/187
f 1075/593/173 1076/594/173 564/594/173 563/593/173
f 1238/595/188 1240/596/188 728/596/188 725/595/188
f 1473/597/64 1476/598/64 1478/599/64 1477/600/64
f 1074/22/178 1075/21/178 563/21/178 562/22/178
f 1239/601/189 1237/602/189 726/602/189 727/601/189
f 1481/603/190 1484/604/190 1486/605/190 1485/606/190
f 1404/560/191 1401/559/191 889/559/191 892/560/191
f 1073/607/175 1074/608/175 562/608/175 561/607/175
f 1489/609/192 1492/610/192 1494/611/192 1493/612/192
f 1237/438/193 1238/437/193 725/437/193 726/438/193
f 1403/613/180 1404/614/180 892/614/180 891/613/180
f 1497/615/194 1500/616/194 1502/617/194 1501/618/194
f 1072/16/195 1071/15/195 559/15/195 560/16/195
f 1402/186/184 1403/185/184 891/185/184 890/186/184
f 1505/619/196 1508/620/196 1510/621/196 1509/622/196
f 1070/623/197 1072/624/197 560/624/197 557/623/197
f 1401/625/182 1402/626/182 890/626/182 889/625/182
f 1513/627/198 1516/628/198 1518/629/198 1517/630/198
f 1071/631/199 1069/632/199 558/632/199 559/631/199
f 1236/436/186 1233/435/186 721/435/186 724/436/186
f 1521/633/200 1524/634/200 1526/635/200 1525/636/200
f 1400/180/201 1399/179/201 887/179/201 888/180/201
f 1069/298/202 1070/297/202 557/297/202 558/298/202
f 1529/637/203 1532/638/203 1534/639/203 1533/640/203
f 1235/641/188 1236/642/188 724/642/188 723/641/188
f 477/643/131 479/644/131 2009/644/131 2010/643/131
f 514/4/68 515/3/68 516/260/68 513/259/68
f 518/645/68 517/646/68 520/256/68 519/255/68
f 522/250/204 523/249/204 524/268/204 521/267/204
f 526/270/204 525/269/204 528/258/204 527/257/204
f 530/6/74 531/5/74 532/276/74 529/275/74
f 534/278/74 533/277/74 536/252/74 535/251/74
f 538/10/205 539/9/205 540/282/205 537/281/205
f 542/284/205 541/283/205 544/8/205 543/7/205
f 546/14/80 547/13/80 548/290/80 545/289/80
f 550/292/80 549/291/80 552/12/80 551/11/80
f 554/18/83 555/17/83 556/296/83 553/295/83
f 558/298/83 557/297/83 560/16/83 559/15/83
f 562/22/86 563/21/86 564/304/86 561/303/86
f 566/306/86 565/305/86 568/20/86 567/19/86
f 570/26/89 571/25/89 572/310/89 569/309/89
f 574/312/89 573/311/89 576/24/89 575/23/89
f 578/30/91 579/29/91 580/318/91 577/317/91
f 582/320/91 581/319/91 584/28/91 583/27/91
f 586/34/93 587/33/93 588/324/93 585/323/93
f 590/326/93 589/325/93 592/32/93 591/31/93
f 594/38/94 595/37/94 596/307/94 593/308/94
f 598/279/94 597/280/94 600/36/94 599/35/94
f 602/42/96 603/41/96 604/336/96 601/335/96
f 606/338/96 605/337/96 608/40/96 607/39/96
f 610/46/99 611/45/99 612/340/99 609/339/99
f 614/342/99 613/341/99 616/44/99 615/43/99
f 618/50/101 619/49/101 620/348/101 617/347/101
f 622/350/101 621/349/101 624/48/101 623/47/101
f 626/54/103 627/53/103 628/356/103 625/355/103
f 630/358/103 629/357/103 632/52/103 631/51/103
f 634/58/106 635/57/106 636/360/106 633/359/106
f 638/362/106 637/361/106 640/56/106 639/55/106
f 642/62/108 643/61/108 644/368/108 641/367/108
f 646/370/108 645/369/108 648/60/108 647/59/108
f 650/66/110 651/65/110 652/374/110 649/373/110
f 654/376/110 653/375/110 656/64/110 655/63/110
f 658/70/112 659/69/112 660/382/112 657/381/112
f 662/384/112 661/383/112 664/68/112 663/67/112
f 666/74/115 667/73/115 668/386/115 665/385/115
f 670/388/115 669/387/115 672/72/115 671/71/115
f 674/78/117 675/77/117 676/394/117 673/393/117
f 678/396/117 677/395/117 680/76/117 679/75/117
f 682/82/119 683/81/119 684/400/119 681/399/119
f 686/402/119 685/401/119 688/80/119 687/79/119
f 690/86/120 691/85/120 692/408/120 689/407/120
f 694/410/120 693/409/120 696/84/120 695/83/120
f 698/90/122 699/89/122 700/416/122 697/415/122
f 702/418/122 701/417/122 704/88/122 703/87/122
f 706/94/124 707/93/124 708/420/124 705/419/124
f 710/422/124 709/421/124 712/92/124 711/91/124
f 714/98/126 715/97/126 716/428/126 713/427/126
f 718/430/126 717/429/126 720/96/126 719/95/126
f 722/102/128 723/101/128 724/436/128 721/435/128
f 726/438/128 725/437/128 728/100/128 727/99/128
f 730/106/131 731/105/131 732/440/131 729/439/131
f 734/442/131 733/441/131 736/104/131 735/103/131
f 738/110/133 739/109/133 740/448/133 737/447/133
f 742/450/133 741/449/133 744/108/133 743/107/133
f 746/114/135 747/113/135 748/433/135 745/434/135
f 750/411/206 749/412/206 752/112/206 751/111/206
f 754/118/137 755/117/137 756/353/137 753/354/137
f 758/331/137 757/332/137 760/116/137 759/115/137
f 762/122/139 763/121/139 764/273/139 761/274/139
f 766/458/139 765/457/139 768/120/139 767/119/139
f 770/126/141 771/125/141 772/464/141 769/463/141
f 774/466/141 773/465/141 776/124/141 775/123/141
f 778/130/143 779/129/143 780/470/143 777/469/143
f 782/472/143 781/471/143 784/128/143 783/127/143
f 786/134/144 787/133/144 788/478/144 785/477/144
f 790/480/144 789/479/144 792/132/144 791/131/144
f 794/138/207 795/137/207 796/484/207 793/483/207
f 798/486/146 797/485/146 800/136/146 799/135/146
f 802/142/148 803/141/148 804/488/148 801/487/148
f 806/490/148 805/489/148 808/140/148 807/139/148
f 810/146/150 811/145/150 812/496/150 809/495/150
f 814/498/150 813/497/150 816/144/150 815/143/150
f 818/150/152 819/149/152 820/502/152 817/501/152
f 822/504/152 821/503/152 824/148/152 823/147/152
f 826/154/155 827/153/155 828/506/155 825/505/155
f 830/508/155 829/507/155 832/152/155 831/151/155
f 834/158/208 835/157/208 836/514/208 833/513/208
f 838/516/157 837/515/157 840/156/157 839/155/157
f 842/162/159 843/161/159 844/520/159 841/519/159
f 846/522/159 845/521/159 848/160/159 847/159/159
f 850/166/161 851/165/161 852/528/161 849/527/161
f 854/530/161 853/529/161 856/164/161 855/163/161
f 858/170/163 859/169/163 860/532/163 857/531/163
f 862/534/163 861/533/163 864/168/163 863/167/163
f 866/174/165 867/173/165 868/540/165 865/539/165
f 870/542/165 869/541/165 872/172/165 871/171/165
f 874/178/167 875/177/167 876/546/167 873/545/167
f 878/548/167 877/547/167 880/176/167 879/175/167
f 882/182/168 883/181/168 884/554/168 881/553/168
f 886/556/168 885/555/168 888/180/168 887/179/168
f 890/186/170 891/185/170 892/560/170 889/559/170
f 894/562/170 893/561/170 896/184/170 895/183/170
f 898/190/172 899/189/172 900/549/172 897/550/172
f 902/525/172 901/526/172 904/188/172 903/187/172
f 906/194/174 907/193/174 908/473/174 905/474/174
f 910/455/174 909/456/174 912/192/174 911/191/174
f 914/198/176 915/197/176 916/403/176 913/404/176
f 918/379/176 917/380/176 920/196/176 919/195/176
f 922/202/179 923/201/179 924/327/179 921/328/179
f 926/301/179 925/302/179 928/200/179 927/199/179
f 930/206/181 931/205/181 932/574/181 929/573/181
f 934/576/181 933/575/181 936/204/181 935/203/181
f 938/210/183 939/209/183 940/580/183 937/579/183
f 942/582/183 941/581/183 944/208/183 943/207/183
f 946/214/185 947/213/185 948/586/185 945/585/185
f 950/588/185 949/587/185 952/212/185 951/211/185
f 954/218/187 955/217/187 956/590/187 953/589/187
f 958/592/187 957/591/187 960/216/187 959/215/187
f 962/222/64 963/221/64 964/598/64 961/597/64
f 966/600/64 965/599/64 968/220/64 967/219/64
f 970/226/190 971/225/190 972/604/190 969/603/190
f 974/606/190 973/605/190 976/224/190 975/223/190
f 978/230/192 979/229/192 980/610/192 977/609/192
f 982/612/192 981/611/192 984/228/192 983/227/192
f 986/234/194 987/233/194 988/616/194 985/615/194
f 990/618/194 989/617/194 992/232/194 991/231/194
f 994/238/196 995/237/196 996/620/196 993/619/196
f 998/622/196 997/621/196 1000/236/196 999/235/196
f 1002/242/209 1003/241/209 1004/628/209 1001/627/209
f 1006/630/209 1005/629/209 1008/240/209 1007/239/209
f 1010/246/200 1011/245/200 1012/634/200 1009/633/200
f 1014/636/200 1013/635/200 1016/244/200 1015/243/200
f 1018/2/210 1019/1/210 1020/638/210 1017/637/210
f 1022/640/210 1021/639/210 1024/248/210 1023/247/210
f 1112/36/87 1111/35/87 599/35/87 600/36/87
f 1443/647/211 1444/648/211 932/648/211 931/647/211
f 1277/458/81 1278/457/81 765/457/81 766/458/81
f 1113/649/212 1114/650/212 602/650/212 601/649/212
f 1444/574/213 1441/573/213 929/573/213 932/574/213
f 1279/651/84 1277/652/84 766/652/84 767/651/84
f 1114/42/214 1115/41/214 603/41/214 602/42/214
f 1278/653/78 1280/654/78 768/654/78 765/653/78
f 1115/655/215 1116/656/215 604/656/215 603/655/215
f 1280/120/73 1279/119/73 767/119/73 768/120/73
f 1116/336/216 1113/335/216 601/335/216 604/336/216
f 1445/576/67 1446/575/67 933/575/67 934/576/67
f 1281/657/217 1282/658/217 770/658/217 769/657/217
f 1447/659/70 1445/660/70 934/660/70 935/659/70
f 1282/126/218 1283/125/218 771/125/218 770/126/218
f 1446/661/211 1448/662/211 936/662/211 933/661/211
f 1283/663/219 1284/664/219 772/664/219 771/663/219
f 1117/338/214 1118/337/214 605/337/214 606/338/214
f 1448/204/213 1447/203/213 935/203/213 936/204/213
f 1284/464/220 1281/463/220 769/463/220 772/464/220
f 1119/665/212 1117/666/212 606/666/212 607/665/212
f 1449/667/221 1450/668/221 938/668/221 937/667/221
f 1118/669/215 1120/670/215 608/670/215 605/669/215
f 1450/210/222 1451/209/222 939/209/222 938/210/222
f 1120/40/216 1119/39/216 607/39/216 608/40/216
f 1451/671/223 1452/672/223 940/672/223 939/671/223
f 1285/466/218 1286/465/218 773/465/218 774/466/218
f 1121/673/224 1122/674/224 610/674/224 609/673/224
f 1452/580/225 1449/579/225 937/579/225 940/580/225
f 1287/675/217 1285/676/217 774/676/217 775/675/217
f 1122/46/226 1123/45/226 611/45/226 610/46/226
f 1286/677/219 1288/678/219 776/678/219 773/677/219
f 1123/679/227 1124/680/227 612/680/227 611/679/227
f 1288/124/220 1287/123/220 775/123/220 776/124/220
f 1124/340/228 1121/339/228 609/339/228 612/340/228
f 1453/582/222 1454/581/222 941/581/222 942/582/222
f 1289/681/229 1290/682/229 778/682/229 777/681/229
f 1455/683/221 1453/684/221 942/684/221 943/683/221
f 1290/130/230 1291/129/230 779/129/230 778/130/230
f 1454/685/223 1456/686/223 944/686/223 941/685/223
f 1291/687/231 1292/688/231 780/688/231 779/687/231
f 1125/342/226 1126/341/226 613/341/226 614/342/226
f 1456/208/225 1455/207/225 943/207/225 944/208/225
f 1292/470/232 1289/469/232 777/469/232 780/470/232
f 1127/689/224 1125/690/224 614/690/224 615/689/224
f 1457/691/233 1458/692/233 946/692/233 945/691/233
f 1126/693/227 1128/694/227 616/694/227 613/693/227
f 1458/214/234 1459/213/234 947/213/234 946/214/234
f 1128/44/228 1127/43/228 615/43/228 616/44/228
f 1459/695/235 1460/696/235 948/696/235 947/695/235
f 1293/472/230 1294/471/230 781/471/230 782/472/230
f 1129/697/236 1130/698/236 618/698/236 617/697/236
f 1460/586/237 1457/585/237 945/585/237 948/586/237
f 1295/699/229 1293/700/229 782/700/229 783/699/229
f 1130/50/238 1131/49/238 619/49/238 618/50/238
f 1294/701/231 1296/702/231 784/702/231 781/701/231
f 1131/703/239 1132/704/239 620/704/239 619/703/239
f 1296/128/232 1295/127/232 783/127/232 784/128/232
f 1132/348/240 1129/347/240 617/347/240 620/348/240
f 1461/588/234 1462/587/234 949/587/234 950/588/234
f 1297/705/241 1298/706/241 786/706/241 785/705/241
f 1463/707/233 1461/708/233 950/708/233 951/707/233
f 1298/134/242 1299/133/242 787/133/242 786/134/242
f 1462/709/235 1464/710/235 952/710/235 949/709/235
f 1299/711/243 1300/712/243 788/712/243 787/711/243
f 1133/350/238 1134/349/238 621/349/238 622/350/238
f 1464/212/237 1463/211/237 951/211/237 952/212/237
f 1300/478/244 1297/477/244 785/477/244 788/478/244
f 1135/713/236 1133/714/236 622/714/236 623/713/236
f 1465/715/245 1466/716/245 954/716/245 953/715/245
f 1134/717/239 1136/718/239 624/718/239 621/717/239
f 1466/218/246 1467/217/246 955/217/246 954/218/246
f 1136/48/240 1135/47/240 623/47/240 624/48/240
f 1467/719/247 1468/720/247 956/720/247 955/719/247
f 1301/480/248 1302/479/248 789/479/248 790/480/248
f 1137/721/249 1138/722/249 626/722/249 625/721/249
f 1468/590/250 1465/589/250 953/589/250 956/590/250
f 1303/723/241 1301/724/241 790/724/241 791/723/241
f 1138/54/251 1139/53/251 627/53/251 626/54/251
f 1302/725/243 1304/726/243 792/726/243 789/725/243
f 1139/727/252 1140/728/252 628/728/252 627/727/252
f 1304/132/244 1303/131/244 791/131/244 792/132/244
f 1140/356/253 1137/355/253 625/355/253 628/356/253
f 1469/592/254 1470/591/254 957/591/254 958/592/254
f 1305/729/255 1306/730/255 794/730/255 793/729/255
f 1471/731/245 1469/732/245 958/732/245 959/731/245
f 1306/138/256 1307/137/256 795/137/256 794/138/256
f 1470/733/247 1472/734/247 960/734/247 957/733/247
f 1307/735/257 1308/736/257 796/736/257 795/735/257
f 1141/358/251 1142/357/251 629/357/251 630/358/251
f 1472/216/250 1471/215/250 959/215/250 960/216/250
f 1308/484/258 1305/483/258 793/483/258 796/484/258
f 1143/737/249 1141/738/249 630/738/249 631/737/249
f 1473/739/259 1474/740/259 962/740/259 961/739/259
f 1142/741/252 1144/742/252 632/742/252 629/741/252
f 1474/222/260 1475/221/260 963/221/260 962/222/260
f 1144/52/253 1143/51/253 631/51/253 632/52/253
f 1475/743/261 1476/744/261 964/744/261 963/743/261
f 1309/486/256 1310/485/256 797/485/256 798/486/256
f 1145/745/262 1146/746/262 634/746/262 633/745/262
f 1476/598/263 1473/597/263 961/597/263 964/598/263
f 1311/747/255 1309/748/255 798/748/255 799/747/255
f 1146/58/264 1147/57/264 635/57/264 634/58/264
f 1310/749/257 1312/750/257 800/750/257 797/749/257
f 1147/751/265 1148/752/265 636/752/265 635/751/265
f 1312/136/258 1311/135/258 799/135/258 800/136/258
f 1148/360/266 1145/359/266 633/359/266 636/360/266
f 1477/600/260 1478/599/260 965/599/260 966/600/260
f 1313/753/267 1314/754/267 802/754/267 801/753/267
f 1479/755/259 1477/756/259 966/756/259 967/755/259
f 1314/142/268 1315/141/268 803/141/268 802/142/268
f 1478/757/261 1480/758/261 968/758/261 965/757/261
f 1315/759/269 1316/760/269 804/760/269 803/759/269
f 1149/362/264 1150/361/264 637/361/264 638/362/264
f 1480/220/270 1479/219/270 967/219/270 968/220/270
f 1316/488/271 1313/487/271 801/487/271 804/488/271
f 1151/761/262 1149/762/262 638/762/262 639/761/262
f 1481/763/272 1482/764/272 970/764/272 969/763/272
f 1150/765/265 1152/766/265 640/766/265 637/765/265
f 1482/226/273 1483/225/273 971/225/273 970/226/273
f 1152/56/274 1151/55/274 639/55/274 640/56/274
f 1483/767/275 1484/768/275 972/768/275 971/767/275
f 1317/490/268 1318/489/268 805/489/268 806/490/268
f 1153/769/276 1154/770/276 642/770/276 641/769/276
f 1484/604/277 1481/603/277 969/603/277 972/604/277
f 1319/771/267 1317/772/267 806/772/267 807/771/267
f 1154/62/278 1155/61/278 643/61/278 642/62/278
f 1318/773/269 1320/774/269 808/774/269 805/773/269
f 1155/775/279 1156/776/279 644/776/279 643/775/279
f 1320/140/271 1319/139/271 807/139/271 808/140/271
f 1156/368/280 1153/367/280 641/367/280 644/368/280
f 1485/606/273 1486/605/273 973/605/273 974/606/273
f 1321/777/281 1322/778/281 810/778/281 809/777/281
f 1487/779/272 1485/780/272 974/780/272 975/779/272
f 1322/146/282 1323/145/282 811/145/282 810/146/282
f 1486/781/275 1488/782/275 976/782/275 973/781/275
f 1323/783/283 1324/784/283 812/784/283 811/783/283
f 1157/370/278 1158/369/278 645/369/278 646/370/278
f 1488/224/277 1487/223/277 975/223/277 976/224/277
f 1324/496/284 1321/495/284 809/495/284 812/496/284
f 1159/785/276 1157/786/276 646/786/276 647/785/276
f 1489/787/285 1490/788/285 978/788/285 977/787/285
f 1158/789/279 1160/790/279 648/790/279 645/789/279
f 1490/230/286 1491/229/286 979/229/286 978/230/286
f 1160/60/280 1159/59/280 647/59/280 648/60/280
f 1491/791/287 1492/792/287 980/792/287 979/791/287
f 1325/498/282 1326/497/282 813/497/282 814/498/282
f 1161/793/288 1162/794/288 650/794/288 649/793/288
f 1492/610/289 1489/609/289 977/609/289 980/610/289
f 1327/795/281 1325/796/281 814/796/281 815/795/281
f 1162/66/290 1163/65/290 651/65/290 650/66/290
f 1326/797/283 1328/798/283 816/798/283 813/797/283
f 1163/799/291 1164/800/291 652/800/291 651/799/291
f 1328/144/284 1327/143/284 815/143/284 816/144/284
f 1164/374/292 1161/373/292 649/373/292 652/374/292
f 1493/612/286 1494/611/286 981/611/286 982/612/286
f 1329/801/293 1330/802/293 818/802/293 817/801/293
f 1495/803/285 1493/804/285 982/804/285 983/803/285
f 1330/150/294 1331/149/294 819/149/294 818/150/294
f 1494/805/287 1496/806/287 984/806/287 981/805/287
f 1331/807/295 1332/808/295 820/808/295 819/807/295
f 1165/376/290 1166/375/290 653/375/290 654/376/290
f 1496/228/289 1495/227/289 983/227/289 984/228/289
f 1332/502/296 1329/501/296 817/501/296 820/502/296
f 1167/809/288 1165/810/288 654/810/288 655/809/288
f 1497/811/297 1498/812/297 986/812/297 985/811/297
f 1166/813/291 1168/814/291 656/814/291 653/813/291
f 1498/234/298 1499/233/298 987/233/298 986/234/298
f 1168/64/292 1167/63/292 655/63/292 656/64/292
f 1499/815/299 1500/816/299 988/816/299 987/815/299
f 1333/504/294 1334/503/294 821/503/294 822/504/294
f 1169/817/300 1170/818/300 658/818/300 657/817/300
f 1500/616/301 1497/615/301 985/615/301 988/616/301
f 1335/819/293 1333/820/293 822/820/293 823/819/293
f 1170/70/302 1171/69/302 659/69/302 658/70/302
f 1334/821/295 1336/822/295 824/822/295 821/821/295
f 1171/823/303 1172/824/303 660/824/303 659/823/303
f 1336/148/296 1335/147/296 823/147/296 824/148/296
f 1172/382/304 1169/381/304 657/381/304 660/382/304
f 1501/618/298 1502/617/298 989/617/298 990/618/298
f 1337/825/305 1338/826/305 826/826/305 825/825/305
f 1503/827/297 1501/828/297 990/828/297 991/827/297
f 1338/154/306 1339/153/306 827/153/306 826/154/306
f 1502/829/299 1504/830/299 992/830/299 989/829/299
f 1339/831/307 1340/832/307 828/832/307 827/831/307
f 1173/384/302 1174/383/302 661/383/302 662/384/302
f 1504/232/301 1503/231/301 991/231/301 992/232/301
f 1340/506/308 1337/505/308 825/505/308 828/506/308
f 1175/833/300 1173/834/300 662/834/300 663/833/300
f 1505/835/309 1506/836/309 994/836/309 993/835/309
f 1174/837/303 1176/838/303 664/838/303 661/837/303
f 1506/238/310 1507/237/310 995/237/310 994/238/310
f 1176/68/304 1175/67/304 663/67/304 664/68/304
f 1507/839/311 1508/840/311 996/840/311 995/839/311
f 1341/508/306 1342/507/306 829/507/306 830/508/306
f 1177/841/312 1178/842/312 666/842/312 665/841/312
f 1508/620/313 1505/619/313 993/619/313 996/620/313
f 1343/843/305 1341/844/305 830/844/305 831/843/305
f 1178/74/314 1179/73/314 667/73/314 666/74/314
f 1342/845/307 1344/846/307 832/846/307 829/845/307
f 1179/847/315 1180/848/315 668/848/315 667/847/315
f 1344/152/308 1343/151/308 831/151/308 832/152/308
f 1180/386/316 1177/385/316 665/385/316 668/386/316
f 1509/622/310 1510/621/310 997/621/310 998/622/310
f 1345/849/317 1346/850/317 834/850/317 833/849/317
f 1511/851/309 1509/852/309 998/852/309 999/851/309
f 1346/158/318 1347/157/318 835/157/318 834/158/318
f 1510/853/311 1512/854/311 1000/854/311 997/853/311
f 1347/855/319 1348/856/319 836/856/319 835/855/319
f 1181/388/320 1182/387/320 669/387/320 670/388/320
f 1512/236/313 1511/235/313 999/235/313 1000/236/313
f 1348/514/321 1345/513/321 833/513/321 836/514/321
f 1183/857/312 1181/858/312 670/858/312 671/857/312
f 1513/859/322 1514/860/322 1002/860/322 1001/859/322
f 1182/861/315 1184/862/315 672/862/315 669/861/315
f 1514/242/323 1515/241/323 1003/241/323 1002/242/323
f 1184/72/316 1183/71/316 671/71/316 672/72/316
f 1515/863/324 1516/864/324 1004/864/324 1003/863/324
f 1349/516/325 1350/515/325 837/515/325 838/516/325
f 1185/865/326 1186/866/326 674/866/326 673/865/326
f 1516/628/327 1513/627/327 1001/627/327 1004/628/327
f 1351/867/317 1349/868/317 838/868/317 839/867/317
f 1186/78/328 1187/77/328 675/77/328 674/78/328
f 1350/869/319 1352/870/319 840/870/319 837/869/319
f 1187/871/329 1188/872/329 676/872/329 675/871/329
f 1352/156/321 1351/155/321 839/155/321 840/156/321
f 1188/394/330 1185/393/330 673/393/330 676/394/330
f 1517/630/323 1518/629/323 1005/629/323 1006/630/323
f 1353/873/331 1354/874/331 842/874/331 841/873/331
f 1519/875/322 1517/876/322 1006/876/322 1007/875/322
f 1354/162/332 1355/161/332 843/161/332 842/162/332
f 1518/877/324 1520/878/324 1008/878/324 1005/877/324
f 1355/879/333 1356/880/333 844/880/333 843/879/333
f 1189/396/328 1190/395/328 677/395/328 678/396/328
f 1025/881/334 1026/882/334 514/882/334 513/881/334
f 1520/240/327 1519/239/327 1007/239/327 1008/240/327
f 1356/520/335 1353/519/335 841/519/335 844/520/335
f 1191/883/326 1189/884/326 678/884/326 679/883/326
f 1026/4/336 1027/3/336 515/3/336 514/4/336
f 1521/885/337 1522/886/337 1010/886/337 1009/885/337
f 1190/887/329 1192/888/329 680/888/329 677/887/329
f 1027/889/338 1028/890/338 516/890/338 515/889/338
f 1522/246/339 1523/245/339 1011/245/339 1010/246/339
f 1192/76/330 1191/75/330 679/75/330 680/76/330
f 1028/260/340 1025/259/340 513/259/340 516/260/340
f 1523/891/341 1524/892/341 1012/892/341 1011/891/341
f 1357/522/332 1358/521/332 845/521/332 846/522/332
f 1193/893/342 1194/894/342 682/894/342 681/893/342
f 1524/634/343 1521/633/343 1009/633/343 1012/634/343
f 1359/895/331 1357/896/331 846/896/331 847/895/331
f 1194/82/344 1195/81/344 683/81/344 682/82/344
f 1358/897/333 1360/898/333 848/898/333 845/897/333
f 1195/899/345 1196/900/345 684/900/345 683/899/345
f 1029/262/336 1030/261/336 517/261/336 518/262/336
f 1360/160/346 1359/159/346 847/159/346 848/160/346
f 1196/400/347 1193/399/347 681/399/347 684/400/347
f 1031/901/334 1029/902/334 518/902/334 519/901/334
f 1525/636/348 1526/635/348 1013/635/348 1014/636/348
f 1361/903/349 1362/904/349 850/904/349 849/903/349
f 1030/905/338 1032/906/338 520/906/338 517/905/338
f 1527/907/337 1525/908/337 1014/908/337 1015/907/337
f 1362/166/350 1363/165/350 851/165/350 850/166/350
f 1032/256/340 1031/255/340 519/255/340 520/256/340
f 1526/909/341 1528/910/341 1016/910/341 1013/909/341
f 1363/911/351 1364/912/351 852/912/351 851/911/351
f 1197/402/344 1198/401/344 685/401/344 686/402/344
f 1033/913/352 1034/914/352 522/914/352 521/913/352
f 1528/244/353 1527/243/353 1015/243/353 1016/244/353
f 1364/528/354 1361/527/354 849/527/354 852/528/354
f 1199/915/342 1197/916/342 686/916/342 687/915/342
f 1034/250/355 1035/249/355 523/249/355 522/250/355
f 1529/917/356 1530/918/356 1018/918/356 1017/917/356
f 1198/919/345 1200/920/345 688/920/345 685/919/345
f 1035/921/357 1036/922/357 524/922/357 523/921/357
f 1530/2/358 1531/1/358 1019/1/358 1018/2/358
f 1200/80/347 1199/79/347 687/79/347 688/80/347
f 1036/268/359 1033/267/359 521/267/359 524/268/359
f 1531/923/360 1532/924/360 1020/924/360 1019/923/360
f 1365/530/350 1366/529/350 853/529/350 854/530/350
f 1201/925/361 1202/926/361 690/926/361 689/925/361
f 1532/638/362 1529/637/362 1017/637/362 1020/638/362
f 1367/927/349 1365/928/349 854/928/349 855/927/349
f 1202/86/363 1203/85/363 691/85/363 690/86/363
f 1366/929/351 1368/930/351 856/930/351 853/929/351
f 1203/931/364 1204/932/364 692/932/364 691/931/364
f 1037/270/355 1038/269/355 525/269/355 526/270/355
f 1368/164/354 1367/163/354 855/163/354 856/164/354
f 1204/408/365 1201/407/365 689/407/365 692/408/365
f 1039/933/352 1037/934/352 526/934/352 527/933/352
f 1533/640/358 1534/639/358 1021/639/358 1022/640/358
f 1369/935/366 1370/936/366 858/936/366 857/935/366
f 1038/937/357 1040/938/357 528/938/357 525/937/357
f 1535/939/356 1533/940/356 1022/940/356 1023/939/356
f 1370/170/367 1371/169/367 859/169/367 858/170/367
f 1040/258/359 1039/257/359 527/257/359 528/258/359
f 1534/941/360 1536/942/360 1024/942/360 1021/941/360
f 1371/943/368 1372/944/368 860/944/368 859/943/368
f 1205/410/363 1206/409/363 693/409/363 694/410/363
f 1041/945/369 1042/946/369 530/946/369 529/945/369
f 1536/248/362 1535/247/362 1023/247/362 1024/248/362
f 1372/532/370 1369/531/370 857/531/370 860/532/370
f 1207/947/361 1205/948/361 694/948/361 695/947/361
f 1042/6/371 1043/5/371 531/5/371 530/6/371
f 1206/949/364 1208/950/364 696/950/364 693/949/364
f 1043/951/372 1044/952/372 532/952/372 531/951/372
f 1208/84/365 1207/83/365 695/83/365 696/84/365
f 1044/276/373 1041/275/373 529/275/373 532/276/373
f 1373/534/367 1374/533/367 861/533/367 862/534/367
f 1209/953/374 1210/954/374 698/954/374 697/953/374
f 1375/955/366 1373/956/366 862/956/366 863/955/366
f 1210/90/375 1211/89/375 699/89/375 698/90/375
f 1374/957/368 1376/958/368 864/958/368 861/957/368
f 1211/959/376 1212/960/376 700/960/376 699/959/376
f 1045/278/371 1046/277/371 533/277/371 534/278/371
f 1376/168/370 1375/167/370 863/167/370 864/168/370
f 1212/416/377 1209/415/377 697/415/377 700/416/377
f 1047/961/369 1045/962/369 534/962/369 535/961/369
f 1377/963/378 1378/964/378 866/964/378 865/963/378
f 1046/965/372 1048/966/372 536/966/372 533/965/372
f 1378/174/379 1379/173/379 867/173/379 866/174/379
f 1048/252/380 1047/251/380 535/251/380 536/252/380
f 1379/967/381 1380/968/381 868/968/381 867/967/381
f 1213/418/382 1214/417/382 701/417/382 702/418/382
f 1049/969/383 1050/970/383 538/970/383 537/969/383
f 1380/540/384 1377/539/384 865/539/384 868/540/384
f 1215/971/374 1213/972/374 702/972/374 703/971/374
f 1050/10/385 1051/9/385 539/9/385 538/10/385
f 1214/973/376 1216/974/376 704/974/376 701/973/376
f 1051/975/386 1052/976/386 540/976/386 539/975/386
f 1216/88/377 1215/87/377 703/87/377 704/88/377
f 1052/282/387 1049/281/387 537/281/387 540/282/387
f 1381/542/379 1382/541/379 869/541/379 870/542/379
f 1217/977/388 1218/978/388 706/978/388 705/977/388
f 1383/979/378 1381/980/378 870/980/378 871/979/378
f 1218/94/389 1219/93/389 707/93/389 706/94/389
f 1382/981/381 1384/982/381 872/982/381 869/981/381
f 1219/983/390 1220/984/390 708/984/390 707/983/390
f 1053/284/385 1054/283/385 541/283/385 542/284/385
f 1384/172/384 1383/171/384 871/171/384 872/172/384
f 1220/420/391 1217/419/391 705/419/391 708/420/391
f 1055/985/383 1053/986/383 542/986/383 543/985/383
f 1385/987/392 1386/988/392 874/988/392 873/987/392
f 1054/989/386 1056/990/386 544/990/386 541/989/386
f 1386/178/393 1387/177/393 875/177/393 874/178/393
f 1056/8/387 1055/7/387 543/7/387 544/8/387
f 1387/991/394 1388/992/394 876/992/394 875/991/394
f 1221/422/389 1222/421/389 709/421/389 710/422/389
f 1057/993/395 1058/994/395 546/994/395 545/993/395
f 1388/546/396 1385/545/396 873/545/396 876/546/396
f 1223/995/388 1221/996/388 710/996/388 711/995/388
f 1058/14/397 1059/13/397 547/13/397 546/14/397
f 1222/997/390 1224/998/390 712/998/390 709/997/390
f 1059/999/398 1060/1000/398 548/1000/398 547/999/398
f 1224/92/391 1223/91/391 711/91/391 712/92/391
f 1060/290/399 1057/289/399 545/289/399 548/290/399
f 1389/548/393 1390/547/393 877/547/393 878/548/393
f 1225/1001/400 1226/1002/400 714/1002/400 713/1001/400
f 1391/1003/392 1389/1004/392 878/1004/392 879/1003/392
f 1226/98/401 1227/97/401 715/97/401 714/98/401
f 1390/1005/394 1392/1006/394 880/1006/394 877/1005/394
f 1227/1007/402 1228/1008/402 716/1008/402 715/1007/402
f 1061/292/397 1062/291/397 549/291/397 550/292/397
f 1392/176/396 1391/175/396 879/175/396 880/176/396
f 1228/428/403 1225/427/403 713/427/403 716/428/403
f 1063/1009/395 1061/1010/395 550/1010/395 551/1009/395
f 1393/1011/404 1394/1012/404 882/1012/404 881/1011/404
f 1062/1013/398 1064/1014/398 552/1014/398 549/1013/398
f 1394/182/405 1395/181/405 883/181/405 882/182/405
f 1064/12/399 1063/11/399 551/11/399 552/12/399
f 1395/1015/406 1396/1016/406 884/1016/406 883/1015/406
f 1229/430/401 1230/429/401 717/429/401 718/430/401
f 1065/1017/199 1066/1018/199 554/1018/199 553/1017/199
f 1396/554/201 1393/553/201 881/553/201 884/554/201
f 1231/1019/400 1229/1020/400 718/1020/400 719/1019/400
f 1066/18/202 1067/17/202 555/17/202 554/18/202
f 1230/1021/402 1232/1022/402 720/1022/402 717/1021/402
f 1067/1023/197 1068/1024/197 556/1024/197 555/1023/197
f 1232/96/403 1231/95/403 719/95/403 720/96/403
f 1068/296/195 1065/295/195 553/295/195 556/296/195
f 1397/556/405 1398/555/405 885/555/405 886/556/405
f 1233/1025/189 1234/1026/189 722/1026/189 721/1025/189
f 1399/1027/404 1397/1028/404 886/1028/404 887/1027/404
f 1234/102/193 1235/101/193 723/101/193 722/102/193
f 1398/1029/406 1400/1030/406 888/1030/406 885/1029/406
f 3/1031/407 1/1032/407 1026/882/407 1025/881/407
f 6/1033/408 8/1034/408 1028/890/408 1027/889/408
f 4/1035/407 3/1031/407 1025/881/407 1029/902/407
f 8/1034/408 7/1036/408 1030/905/408 1028/890/408
f 2/1037/407 4/1035/407 1029/902/407 1031/901/407
f 7/1036/408 5/1038/408 1032/906/408 1030/905/408
f 15/1039/408 13/1040/408 1034/914/408 1033/913/408
f 10/1041/407 12/1042/407 1036/922/407 1035/921/407
f 16/1043/408 15/1039/408 1033/913/408 1037/934/408
f 12/1042/407 11/1044/407 1038/937/407 1036/922/407
f 14/1045/408 16/1043/408 1037/934/408 1039/933/408
f 11/1044/407 9/1046/407 1040/938/407 1038/937/407
f 23/1047/408 21/1048/408 1042/946/408 1041/945/408
f 18/1049/407 20/1050/407 1044/952/407 1043/951/407
f 24/1051/408 23/1047/408 1041/945/408 1045/962/408
f 20/1050/407 19/1052/407 1046/965/407 1044/952/407
f 22/1053/408 24/1051/408 1045/962/408 1047/961/408
f 19/1052/407 17/1054/407 1048/966/407 1046/965/407
f 31/1055/408 29/1056/408 1050/970/408 1049/969/408
f 26/1057/407 28/1058/407 1052/976/407 1051/975/407
f 32/1059/408 31/1055/408 1049/969/408 1053/986/408
f 28/1058/407 27/1060/407 1054/989/407 1052/976/407
f 30/1061/408 32/1059/408 1053/986/408 1055/985/408
f 27/1060/407 25/1062/407 1056/990/407 1054/989/407
f 39/1063/408 37/1064/408 1058/994/408 1057/993/408
f 34/1065/407 36/1066/407 1060/1000/407 1059/999/407
f 40/1067/408 39/1063/408 1057/993/408 1061/1010/408
f 36/1066/407 35/1068/407 1062/1013/407 1060/1000/407
f 38/1069/408 40/1067/408 1061/1010/408 1063/1009/408
f 35/1068/407 33/1070/407 1064/1014/407 1062/1013/407
f 47/1071/408 45/1072/408 1066/1018/408 1065/1017/408
f 42/1073/407 44/1074/407 1068/1024/407 1067/1023/407
f 48/1075/408 47/1071/408 1065/1017/408 1069/632/408
f 44/1074/407 43/1076/407 1070/623/407 1068/1024/407
f 46/1077/408 48/1075/408 1069/632/408 1071/631/408
f 43/1076/407 41/1078/407 1072/624/407 1070/623/407
f 55/1079/408 53/1080/408 1074/608/408 1073/607/408
f 50/1081/407 52/1082/407 1076/594/407 1075/593/407
f 56/1083/408 55/1079/408 1073/607/408 1077/568/408
f 52/1082/407 51/1084/407 1078/563/407 1076/594/407
f 54/1085/408 56/1083/408 1077/568/408 1079/567/408
f 51/1084/407 49/1086/407 1080/564/407 1078/563/407
f 63/1087/408 61/1088/408 1082/552/408 1081/551/408
f 58/1089/407 60/1090/407 1084/536/407 1083/535/407
f 64/1091/408 63/1087/408 1081/551/408 1085/500/408
f 60/1090/407 59/1092/407 1086/491/407 1084/536/407
f 62/1093/408 64/1091/408 1085/500/408 1087/499/408
f 59/1092/407 57/1094/407 1088/492/407 1086/491/407
f 71/1095/408 69/1096/408 1090/476/408 1089/475/408
f 66/1097/407 68/1098/407 1092/460/407 1091/459/407
f 72/1099/408 71/1095/408 1089/475/408 1093/432/408
f 68/1098/407 67/1100/407 1094/423/407 1092/460/407
f 70/1101/408 72/1099/408 1093/432/408 1095/431/408
f 67/1100/407 65/1102/407 1096/424/407 1094/423/407
f 79/1103/408 77/1104/408 1098/406/408 1097/405/408
f 74/1105/407 76/1106/407 1100/390/407 1099/389/407
f 80/1107/408 79/1103/408 1097/405/408 1101/352/408
f 76/1106/407 75/1108/407 1102/343/407 1100/390/407
f 78/1109/408 80/1107/408 1101/352/408 1103/351/408
f 75/1108/407 73/1110/407 1104/344/407 1102/343/407
f 87/1111/408 85/1112/408 1106/330/408 1105/329/408
f 82/1113/407 84/1114/407 1108/314/407 1107/313/407
f 88/1115/408 87/1111/408 1105/329/408 1109/272/408
f 84/1114/407 83/1116/407 1110/263/407 1108/314/407
f 86/1117/408 88/1115/408 1109/272/408 1111/271/408
f 83/1116/407 81/1118/407 1112/264/407 1110/263/407
f 95/1119/408 93/1120/408 1114/650/408 1113/649/408
f 90/1121/407 92/1122/407 1116/656/407 1115/655/407
f 96/1123/408 95/1119/408 1113/649/408 1117/666/408
f 92/1122/407 91/1124/407 1118/669/407 1116/656/407
f 94/1125/408 96/1123/408 1117/666/408 1119/665/408
f 91/1124/407 89/1126/407 1120/670/407 1118/669/407
f 103/1127/408 101/1128/408 1122/674/408 1121/673/408
f 98/1129/407 100/1130/407 1124/680/407 1123/679/407
f 104/1131/408 103/1127/408 1121/673/408 1125/690/408
f 100/1130/407 99/1132/407 1126/693/407 1124/680/407
f 102/1133/408 104/1131/408 1125/690/408 1127/689/408
f 99/1132/407 97/1134/407 1128/694/407 1126/693/407
f 111/1135/408 109/1136/408 1130/698/408 1129/697/408
f 106/1137/407 108/1138/407 1132/704/407 1131/703/407
f 112/1139/408 111/1135/408 1129/697/408 1133/714/408
f 108/1138/407 107/1140/407 1134/717/407 1132/704/407
f 110/1141/408 112/1139/408 1133/714/408 1135/713/408
f 107/1140/407 105/1142/407 1136/718/407 1134/717/407
f 119/1143/408 117/1144/408 1138/722/408 1137/721/408
f 114/1145/407 116/1146/407 1140/728/407 1139/727/407
f 120/1147/408 119/1143/408 1137/721/408 1141/738/408
f 116/1146/407 115/1148/407 1142/741/407 1140/728/407
f 118/1149/408 120/1147/408 1141/738/408 1143/737/408
f 115/1148/407 113/1150/407 1144/742/407 1142/741/407
f 127/1151/408 125/1152/408 1146/746/408 1145/745/408
f 122/1153/407 124/1154/407 1148/752/407 1147/751/407
f 128/1155/408 127/1151/408 1145/745/408 1149/762/408
f 124/1154/407 123/1156/407 1150/765/407 1148/752/407
f 126/1157/408 128/1155/408 1149/762/408 1151/761/408
f 123/1156/407 121/1158/407 1152/766/407 1150/765/407
f 135/1159/408 133/1160/408 1154/770/408 1153/769/408
f 130/1161/407 132/1162/407 1156/776/407 1155/775/407
f 136/1163/408 135/1159/408 1153/769/408 1157/786/408
f 132/1162/407 131/1164/407 1158/789/407 1156/776/407
f 134/1165/408 136/1163/408 1157/786/408 1159/785/408
f 131/1164/407 129/1166/407 1160/790/407 1158/789/407
f 143/1167/408 141/1168/408 1162/794/408 1161/793/408
f 138/1169/407 140/1170/407 1164/800/407 1163/799/407
f 144/1171/408 143/1167/408 1161/793/408 1165/810/408
f 140/1170/407 139/1172/407 1166/813/407 1164/800/407
f 142/1173/408 144/1171/408 1165/810/408 1167/809/408
f 139/1172/407 137/1174/407 1168/814/407 1166/813/407
f 151/1175/408 149/1176/408 1170/818/408 1169/817/408
f 146/1177/407 148/1178/407 1172/824/407 1171/823/407
f 152/1179/408 151/1175/408 1169/817/408 1173/834/408
f 148/1178/407 147/1180/407 1174/837/407 1172/824/407
f 150/1181/408 152/1179/408 1173/834/408 1175/833/408
f 147/1180/407 145/1182/407 1176/838/407 1174/837/407
f 159/1183/408 157/1184/408 1178/842/408 1177/841/408
f 154/1185/407 156/1186/407 1180/848/407 1179/847/407
f 160/1187/408 159/1183/408 1177/841/408 1181/858/408
f 156/1186/407 155/1188/407 1182/861/407 1180/848/407
f 158/1189/408 160/1187/408 1181/858/408 1183/857/408
f 155/1188/407 153/1190/407 1184/862/407 1182/861/407
f 167/1191/408 165/1192/408 1186/866/408 1185/865/408
f 162/1193/407 164/1194/407 1188/872/407 1187/871/407
f 168/1195/408 167/1191/408 1185/865/408 1189/884/408
f 164/1194/407 163/1196/407 1190/887/407 1188/872/407
f 166/1197/408 168/1195/408 1189/884/408 1191/883/408
f 163/1196/407 161/1198/407 1192/888/407 1190/887/407
f 175/1199/408 173/1200/408 1194/894/408 1193/893/408
f 170/1201/407 172/1202/407 1196/900/407 1195/899/407
f 176/1203/408 175/1199/408 1193/893/408 1197/916/408
f 172/1202/407 171/1204/407 1198/919/407 1196/900/407
f 174/1205/408 176/1203/408 1197/916/408 1199/915/408
f 171/1204/407 169/1206/407 1200/920/407 1198/919/407
f 183/1207/408 181/1208/408 1202/926/408 1201/925/408
f 178/1209/407 180/1210/407 1204/932/407 1203/931/407
f 184/1211/408 183/1207/408 1201/925/408 1205/948/408
f 180/1210/407 179/1212/407 1206/949/407 1204/932/407
f 182/1213/408 184/1211/408 1205/948/408 1207/947/408
f 179/1212/407 177/1214/407 1208/950/407 1206/949/407
f 191/1215/408 189/1216/408 1210/954/408 1209/953/408
f 186/1217/407 188/1218/407 1212/960/407 1211/959/407
f 192/1219/408 191/1215/408 1209/953/408 1213/972/408
f 188/1218/407 187/1220/407 1214/973/407 1212/960/407
f 190/1221/408 192/1219/408 1213/972/408 1215/971/408
f 187/1220/407 185/1222/407 1216/974/407 1214/973/407
f 199/1223/408 197/1224/408 1218/978/408 1217/977/408
f 194/1225/407 196/1226/407 1220/984/407 1219/983/407
f 200/253/408 199/1223/408 1217/977/408 1221/996/408
f 196/1226/407 195/1227/407 1222/997/407 1220/984/407
f 198/254/408 200/253/408 1221/996/408 1223/995/408
f 195/1227/407 193/1228/407 1224/998/407 1222/997/407
f 207/1229/408 205/1230/408 1226/1002/408 1225/1001/408
f 202/1231/407 204/1232/407 1228/1008/407 1227/1007/407
f 208/1233/408 207/1229/408 1225/1001/408 1229/1020/408
f 204/1232/407 203/1234/407 1230/1021/407 1228/1008/407
f 206/1235/408 208/1233/408 1229/1020/408 1231/1019/408
f 203/1234/407 201/1236/407 1232/1022/407 1230/1021/407
f 215/1237/408 213/1238/408 1234/1026/408 1233/1025/408
f 210/1239/407 212/1240/407 1236/642/407 1235/641/407
f 216/1241/408 215/1237/408 1233/1025/408 1237/602/408
f 212/1240/407 211/1242/407 1238/595/407 1236/642/407
f 214/1243/408 216/1241/408 1237/602/408 1239/601/408
f 211/1242/407 209/1244/407 1240/596/407 1238/595/407
f 223/1245/408 221/1246/408 1242/584/408 1241/583/408
f 218/1247/407 220/1248/407 1244/570/407 1243/569/407
f 224/1249/408 223/1245/408 1241/583/408 1245/544/408
f 220/1248/407 219/1250/407 1246/537/407 1244/570/407
f 222/1251/408 224/1249/408 1245/544/408 1247/543/408
f 219/1250/407 217/1252/407 1248/538/407 1246/537/407
f 231/1253/408 229/1254/408 1250/524/408 1249/523/408
f 226/1255/407 228/1256/407 1252/510/407 1251/509/407
f 232/1257/408 231/1253/408 1249/523/408 1253/468/408
f 228/1256/407 227/1258/407 1254/461/407 1252/510/407
f 230/1259/408 232/1257/408 1253/468/408 1255/467/408
f 227/1258/407 225/1260/407 1256/462/407 1254/461/407
f 239/1261/408 237/1262/408 1258/454/408 1257/453/408
f 234/1263/407 236/1264/407 1260/444/407 1259/443/407
f 240/1265/408 239/1261/408 1257/453/408 1261/398/408
f 236/1264/407 235/1266/407 1262/391/407 1260/444/407
f 238/1267/408 240/1265/408 1261/398/408 1263/397/408
f 235/1266/407 233/1268/407 1264/392/407 1262/391/407
f 247/1269/408 245/1270/408 1266/378/408 1265/377/408
f 242/1271/407 244/1272/407 1268/364/407 1267/363/407
f 248/1273/408 247/1269/408 1265/377/408 1269/322/408
f 244/1272/407 243/1274/407 1270/315/407 1268/364/407
f 246/1275/408 248/1273/408 1269/322/408 1271/321/408
f 243/1274/407 241/1276/407 1272/316/407 1270/315/407
f 255/1277/408 253/1278/408 1274/300/408 1273/299/408
f 250/1279/407 252/1280/407 1276/286/407 1275/285/407
f 256/1281/408 255/1277/408 1273/299/408 1277/652/408
f 252/1280/407 251/1282/407 1278/653/407 1276/286/407
f 254/1283/408 256/1281/408 1277/652/408 1279/651/408
f 251/1282/407 249/1284/407 1280/654/407 1278/653/407
f 263/1285/408 261/1286/408 1282/658/408 1281/657/408
f 258/1287/407 260/1288/407 1284/664/407 1283/663/407
f 264/1289/408 263/1285/408 1281/657/408 1285/676/408
f 260/1288/407 259/1290/407 1286/677/407 1284/664/407
f 262/1291/408 264/1289/408 1285/676/408 1287/675/408
f 259/1290/407 257/1292/407 1288/678/407 1286/677/407
f 271/1293/408 269/1294/408 1290/682/408 1289/681/408
f 266/1295/407 268/1296/407 1292/688/407 1291/687/407
f 272/1297/408 271/1293/408 1289/681/408 1293/700/408
f 268/1296/407 267/1298/407 1294/701/407 1292/688/407
f 270/1299/408 272/1297/408 1293/700/408 1295/699/408
f 267/1298/407 265/1300/407 1296/702/407 1294/701/407
f 279/1301/408 277/1302/408 1298/706/408 1297/705/408
f 274/1303/407 276/1304/407 1300/712/407 1299/711/407
f 280/1305/408 279/1301/408 1297/705/408 1301/724/408
f 276/1304/407 275/1306/407 1302/725/407 1300/712/407
f 278/1307/408 280/1305/408 1301/724/408 1303/723/408
f 275/1306/407 273/1308/407 1304/726/407 1302/725/407
f 287/1309/408 285/1310/408 1306/730/408 1305/729/408
f 282/1311/407 284/1312/407 1308/736/407 1307/735/407
f 288/1313/408 287/1309/408 1305/729/408 1309/748/408
f 284/1312/407 283/1314/407 1310/749/407 1308/736/407
f 286/1315/408 288/1313/408 1309/748/408 1311/747/408
f 283/1314/407 281/1316/407 1312/750/407 1310/749/407
f 295/1317/408 293/1318/408 1314/754/408 1313/753/408
f 290/1319/407 292/1320/407 1316/760/407 1315/759/407
f 296/1321/408 295/1317/408 1313/753/408 1317/772/408
f 292/1320/407 291/1322/407 1318/773/407 1316/760/407
f 294/1323/408 296/1321/408 1317/772/408 1319/771/408
f 291/1322/407 289/1324/407 1320/774/407 1318/773/407
f 303/1325/408 301/1326/408 1322/778/408 1321/777/408
f 298/1327/407 300/1328/407 1324/784/407 1323/783/407
f 304/1329/408 303/1325/408 1321/777/408 1325/796/408
f 300/1328/407 299/1330/407 1326/797/407 1324/784/407
f 302/1331/408 304/1329/408 1325/796/408 1327/795/408
f 299/1330/407 297/1332/407 1328/798/407 1326/797/407
f 311/1333/408 309/1334/408 1330/802/408 1329/801/408
f 306/1335/407 308/1336/407 1332/808/407 1331/807/407
f 312/1337/408 311/1333/408 1329/801/408 1333/820/408
f 308/1336/407 307/1338/407 1334/821/407 1332/808/407
f 310/1339/408 312/1337/408 1333/820/408 1335/819/408
f 307/1338/407 305/1340/407 1336/822/407 1334/821/407
f 319/1341/408 317/1342/408 1338/826/408 1337/825/408
f 314/1343/407 316/1344/407 1340/832/407 1339/831/407
f 320/1345/408 319/1341/408 1337/825/408 1341/844/408
f 316/1344/407 315/1346/407 1342/845/407 1340/832/407
f 318/1347/408 320/1345/408 1341/844/408 1343/843/408
f 315/1346/407 313/1348/407 1344/846/407 1342/845/407
f 327/1349/408 325/1350/408 1346/850/408 1345/849/408
f 322/1351/407 324/1352/407 1348/856/407 1347/855/407
f 328/1353/408 327/1349/408 1345/849/408 1349/868/408
f 324/1352/407 323/1354/407 1350/869/407 1348/856/407
f 326/1355/408 328/1353/408 1349/868/408 1351/867/408
f 323/1354/407 321/1356/407 1352/870/407 1350/869/407
f 335/1357/408 333/1358/408 1354/874/408 1353/873/408
f 330/1359/407 332/1360/407 1356/880/407 1355/879/407
f 336/1361/408 335/1357/408 1353/873/408 1357/896/408
f 332/1360/407 331/1362/407 1358/897/407 1356/880/407
f 334/1363/408 336/1361/408 1357/896/408 1359/895/408
f 331/1362/407 329/1364/407 1360/898/407 1358/897/407
f 343/1365/408 341/1366/408 1362/904/408 1361/903/408
f 338/1367/407 340/1368/407 1364/912/407 1363/911/407
f 344/1369/408 343/1365/408 1361/903/408 1365/928/408
f 340/1368/407 339/1370/407 1366/929/407 1364/912/407
f 342/1371/408 344/1369/408 1365/928/408 1367/927/408
f 339/1370/407 337/1372/407 1368/930/407 1366/929/407
f 351/1373/408 349/1374/408 1370/936/408 1369/935/408
f 346/1375/407 348/1376/407 1372/944/407 1371/943/407
f 352/1377/408 351/1373/408 1369/935/408 1373/956/408
f 348/1376/407 347/1378/407 1374/957/407 1372/944/407
f 350/1379/408 352/1377/408 1373/956/408 1375/955/408
f 347/1378/407 345/1380/407 1376/958/407 1374/957/407
f 359/1381/408 357/1382/408 1378/964/408 1377/963/408
f 354/1383/407 356/1384/407 1380/968/407 1379/967/407
f 360/1385/408 359/1381/408 1377/963/408 1381/980/408
f 356/1384/407 355/1386/407 1382/981/407 1380/968/407
f 358/1387/408 360/1385/408 1381/980/408 1383/979/408
f 355/1386/407 353/1388/407 1384/982/407 1382/981/407
f 367/1389/408 365/1390/408 1386/988/408 1385/987/408
f 362/1391/407 364/1392/407 1388/992/407 1387/991/407
f 368/1393/408 367/1389/408 1385/987/408 1389/1004/408
f 364/1392/407 363/1394/407 1390/1005/407 1388/992/407
f 366/1395/408 368/1393/408 1389/1004/408 1391/1003/408
f 363/1394/407 361/1396/407 1392/1006/407 1390/1005/407
f 375/1397/408 373/1398/408 1394/1012/408 1393/1011/408
f 370/1399/407 372/1400/407 1396/1016/407 1395/1015/407
f 376/1401/408 375/1397/408 1393/1011/408 1397/1028/408
f 372/1400/407 371/1402/407 1398/1029/407 1396/1016/407
f 374/1403/408 376/1401/408 1397/1028/408 1399/1027/408
f 371/1402/407 369/1404/407 1400/1030/407 1398/1029/407
f 383/1405/408 381/1406/408 1402/626/408 1401/625/408
f 378/1407/407 380/1408/407 1404/614/407 1403/613/407
f 384/1409/408 383/1405/408 1401/625/408 1405/578/408
f 380/1408/407 379/1410/407 1406/571/407 1404/614/407
f 382/1411/408 384/1409/408 1405/578/408 1407/577/408
f 379/1410/407 377/1412/407 1408/572/407 1406/571/407
f 391/1413/408 389/1414/408 1410/566/408 1409/565/408
f 386/1415/407 388/1416/407 1412/558/407 1411/557/407
f 392/1417/408 391/1413/408 1409/565/408 1413/518/408
f 388/1416/407 387/1418/407 1414/511/407 1412/558/407
f 390/1419/408 392/1417/408 1413/518/408 1415/517/408
f 387/1418/407 385/1420/407 1416/512/407 1414/511/407
f 399/1421/408 397/1422/408 1418/494/408 1417/493/408
f 394/1423/407 396/1424/407 1420/482/407 1419/481/407
f 400/1425/408 399/1421/408 1417/493/408 1421/452/408
f 396/1424/407 395/1426/407 1422/445/407 1420/482/407
f 398/1427/408 400/1425/408 1421/452/408 1423/451/408
f 395/1426/407 393/1428/407 1424/446/407 1422/445/407
f 407/1429/408 405/1430/408 1426/426/408 1425/425/408
f 402/1431/407 404/1432/407 1428/414/407 1427/413/407
f 408/1433/408 407/1429/408 1425/425/408 1429/372/408
f 404/1432/407 403/1434/407 1430/365/407 1428/414/407
f 406/1435/408 408/1433/408 1429/372/408 1431/371/408
f 403/1434/407 401/1436/407 1432/366/407 1430/365/407
f 415/1437/408 413/1438/408 1434/346/408 1433/345/408
f 410/1439/407 412/1440/407 1436/334/407 1435/333/407
f 416/1441/408 415/1437/408 1433/345/408 1437/294/408
f 412/1440/407 411/1442/407 1438/287/407 1436/334/407
f 414/1443/408 416/1441/408 1437/294/408 1439/293/408
f 411/1442/407 409/1444/407 1440/288/407 1438/287/407
f 423/1445/408 421/1446/408 1442/266/408 1441/265/408
f 418/1447/407 420/1448/407 1444/648/407 1443/647/407
f 424/1449/408 423/1445/408 1441/265/408 1445/660/408
f 420/1448/407 419/1450/407 1446/661/407 1444/648/407
f 422/1451/408 424/1449/408 1445/660/408 1447/659/408
f 419/1450/407 417/1452/407 1448/662/407 1446/661/407
f 431/1453/408 429/1454/408 1450/668/408 1449/667/408
f 426/1455/407 428/1456/407 1452/672/407 1451/671/407
f 432/1457/408 431/1453/408 1449/667/408 1453/684/408
f 428/1456/407 427/1458/407 1454/685/407 1452/672/407
f 430/1459/408 432/1457/408 1453/684/408 1455/683/408
f 427/1458/407 425/1460/407 1456/686/407 1454/685/407
f 439/1461/408 437/1462/408 1458/692/408 1457/691/408
f 434/1463/407 436/1464/407 1460/696/407 1459/695/407
f 440/1465/408 439/1461/408 1457/691/408 1461/708/408
f 436/1464/407 435/1466/407 1462/709/407 1460/696/407
f 438/1467/408 440/1465/408 1461/708/408 1463/707/408
f 435/1466/407 433/1468/407 1464/710/407 1462/709/407
f 447/1469/408 445/1470/408 1466/716/408 1465/715/408
f 442/1471/407 444/1472/407 1468/720/407 1467/719/407
f 448/1473/408 447/1469/408 1465/715/408 1469/732/408
f 444/1472/407 443/1474/407 1470/733/407 1468/720/407
f 446/1475/408 448/1473/408 1469/732/408 1471/731/408
f 443/1474/407 441/1476/407 1472/734/407 1470/733/407
f 455/1477/408 453/1478/408 1474/740/408 1473/739/408
f 450/1479/407 452/1480/407 1476/744/407 1475/743/407
f 456/1481/408 455/1477/408 1473/739/408 1477/756/408
f 452/1480/407 451/1482/407 1478/757/407 1476/744/407
f 454/1483/408 456/1481/408 1477/756/408 1479/755/408
f 451/1482/407 449/1484/407 1480/758/407 1478/757/407
f 463/1485/408 461/1486/408 1482/764/408 1481/763/408
f 458/1487/407 460/1488/407 1484/768/407 1483/767/407
f 464/1489/408 463/1485/408 1481/763/408 1485/780/408
f 460/1488/407 459/1490/407 1486/781/407 1484/768/407
f 462/1491/408 464/1489/408 1485/780/408 1487/779/408
f 459/1490/407 457/1492/407 1488/782/407 1486/781/407
f 471/1493/408 469/1494/408 1490/788/408 1489/787/408
f 466/1495/407 468/1496/407 1492/792/407 1491/791/407
f 472/1497/408 471/1493/408 1489/787/408 1493/804/408
f 468/1496/407 467/1498/407 1494/805/407 1492/792/407
f 470/1499/408 472/1497/408 1493/804/408 1495/803/408
f 467/1498/407 465/1500/407 1496/806/407 1494/805/407
f 479/644/408 477/643/408 1498/812/408 1497/811/408
f 474/1501/407 476/1502/407 1500/816/407 1499/815/407
f 480/1503/408 479/644/408 1497/811/408 1501/828/408
f 476/1502/407 475/1504/407 1502/829/407 1500/816/407
f 478/1505/408 480/1503/408 1501/828/408 1503/827/408
f 475/1504/407 473/1506/407 1504/830/407 1502/829/407
f 487/1507/408 485/1508/408 1506/836/408 1505/835/408
f 482/1509/407 484/1510/407 1508/840/407 1507/839/407
f 488/1511/408 487/1507/408 1505/835/408 1509/852/408
f 484/1510/407 483/1512/407 1510/853/407 1508/840/407
f 486/1513/408 488/1511/408 1509/852/408 1511/851/408
f 483/1512/407 481/1514/407 1512/854/407 1510/853/407
f 495/1515/408 493/1516/408 1514/860/408 1513/859/408
f 490/1517/407 492/1518/407 1516/864/407 1515/863/407
f 496/1519/408 495/1515/408 1513/859/408 1517/876/408
f 492/1518/407 491/1520/407 1518/877/407 1516/864/407
f 494/1521/408 496/1519/408 1517/876/408 1519/875/408
f 491/1520/407 489/1522/407 1520/878/407 1518/877/407
f 503/1523/408 501/1524/408 1522/886/408 1521/885/408
f 498/1525/407 500/1526/407 1524/892/407 1523/891/407
f 504/1527/408 503/1523/408 1521/885/408 1525/908/408
f 500/1526/407 499/1528/407 1526/909/407 1524/892/407
f 502/1529/408 504/1527/408 1525/908/408 1527/907/408
f 499/1528/407 497/1530/407 1528/910/407 1526/909/407
f 511/1531/408 509/1532/408 1530/918/408 1529/917/408
f 506/1533/407 508/1534/407 1532/924/407 1531/923/407
f 512/1535/408 511/1531/408 1529/917/408 1533/940/408
f 508/1534/407 507/1536/407 1534/941/407 1532/924/407
f 510/1537/408 512/1535/408 1533/940/408 1535/939/408
f 507/1536/407 505/1538/407 1536/942/407 1534/941/407
f 1/1032/407 506/1533/407 1531/923/407 1026/882/407
f 9/1046/407 2/1037/407 1031/901/407 1040/938/407
f 17/1054/407 10/1041/407 1035/921/407 1048/966/407
f 25/1062/407 18/1049/407 1043/951/407 1056/990/407
f 33/1070/407 26/1057/407 1051/975/407 1064/1014/407
f 41/1078/407 34/1065/407 1059/999/407 1072/624/407
f 49/1086/407 42/1073/407 1067/1023/407 1080/564/407
f 57/1094/407 50/1081/407 1075/593/407 1088/492/407
f 65/1102/407 58/1089/407 1083/535/407 1096/424/407
f 73/1110/407 66/1097/407 1091/459/407 1104/344/407
f 81/1118/407 74/1105/407 1099/389/407 1112/264/407
f 89/1126/407 82/1113/407 1107/313/407 1120/670/407
f 97/1134/407 90/1121/407 1115/655/407 1128/694/407
f 105/1142/407 98/1129/407 1123/679/407 1136/718/407
f 113/1150/407 106/1137/407 1131/703/407 1144/742/407
f 121/1158/407 114/1145/407 1139/727/407 1152/766/407
f 129/1166/407 122/1153/407 1147/751/407 1160/790/407
f 137/1174/407 130/1161/407 1155/775/407 1168/814/407
f 145/1182/407 138/1169/407 1163/799/407 1176/838/407
f 153/1190/407 146/1177/407 1171/823/407 1184/862/407
f 161/1198/407 154/1185/407 1179/847/407 1192/888/407
f 169/1206/407 162/1193/407 1187/871/407 1200/920/407
f 177/1214/407 170/1201/407 1195/899/407 1208/950/407
f 185/1222/407 178/1209/407 1203/931/407 1216/974/407
f 193/1228/407 186/1217/407 1211/959/407 1224/998/407
f 201/1236/407 194/1225/407 1219/983/407 1232/1022/407
f 209/1244/407 202/1231/407 1227/1007/407 1240/596/407
f 217/1252/407 210/1239/407 1235/641/407 1248/538/407
f 225/1260/407 218/1247/407 1243/569/407 1256/462/407
f 233/1268/407 226/1255/407 1251/509/407 1264/392/407
f 241/1276/407 234/1263/407 1259/443/407 1272/316/407
f 249/1284/407 242/1271/407 1267/363/407 1280/654/407
f 257/1292/407 250/1279/407 1275/285/407 1288/678/407
f 265/1300/407 258/1287/407 1283/663/407 1296/702/407
f 273/1308/407 266/1295/407 1291/687/407 1304/726/407
f 281/1316/407 274/1303/407 1299/711/407 1312/750/407
f 289/1324/407 282/1311/407 1307/735/407 1320/774/407
f 297/1332/407 290/1319/407 1315/759/407 1328/798/407
f 305/1340/407 298/1327/407 1323/783/407 1336/822/407
f 313/1348/407 306/1335/407 1331/807/407 1344/846/407
f 321/1356/407 314/1343/407 1339/831/407 1352/870/407
f 329/1364/407 322/1351/407 1347/855/407 1360/898/407
f 337/1372/407 330/1359/407 1355/879/407 1368/930/407
f 345/1380/407 338/1367/407 1363/911/407 1376/958/407
f 353/1388/407 346/1375/407 1371/943/407 1384/982/407
f 361/1396/407 354/1383/407 1379/967/407 1392/1006/407
f 369/1404/407 362/1391/407 1387/991/407 1400/1030/407
f 377/1412/407 370/1399/407 1395/1015/407 1408/572/407
f 385/1420/407 378/1407/407 1403/613/407 1416/512/407
f 393/1428/407 386/1415/407 1411/557/407 1424/446/407
f 401/1436/407 394/1423/407 1419/481/407 1432/366/407
f 409/1444/407 402/1431/407 1427/413/407 1440/288/407
f 417/1452/407 410/1439/407 1435/333/407 1448/662/407
f 425/1460/407 418/1447/407 1443/647/407 1456/686/407
f 433/1468/407 426/1455/407 1451/671/407 1464/710/407
f 441/1476/407 434/1463/407 1459/695/407 1472/734/407
f 449/1484/407 442/1471/407 1467/719/407 1480/758/407
f 457/1492/407 450/1479/407 1475/743/407 1488/782/407
f 465/1500/407 458/1487/407 1483/767/407 1496/806/407
f 473/1506/407 466/1495/407 1491/791/407 1504/830/407
f 481/1514/407 474/1501/407 1499/815/407 1512/854/407
f 489/1522/407 482/1509/407 1507/839/407 1520/878/407
f 497/1530/407 490/1517/407 1515/863/407 1528/910/407
f 505/1538/407 498/1525/407 1523/891/407 1536/942/407
f 5/1038/408 14/1045/408 1039/933/408 1032/906/408
f 509/1532/408 6/1033/408 1027/889/408 1530/918/408
f 13/1040/408 22/1053/408 1047/961/408 1034/914/408
f 501/1524/408 510/1537/408 1535/939/408 1522/886/408
f 493/1516/408 502/1529/408 1527/907/408 1514/860/408
f 485/1508/408 494/1521/408 1519/875/408 1506/836/408
f 477/643/408 486/1513/408 1511/851/408 1498/812/408
f 469/1494/408 478/1505/408 1503/827/408 1490/788/408
f 461/1486/408 470/1499/408 1495/803/408 1482/764/408
f 453/1478/408 462/1491/408 1487/779/408 1474/740/408
f 445/1470/408 454/1483/408 1479/755/408 1466/716/408
f 437/1462/408 446/1475/408 1471/731/408 1458/692/408
f 429/1454/408 438/1467/408 1463/707/408 1450/668/408
f 421/1446/408 430/1459/408 1455/683/408 1442/266/408
f 413/1438/408 422/1451/408 1447/659/408 1434/346/408
f 405/1430/408 414/1443/408 1439/293/408 1426/426/408
f 397/1422/408 406/1435/408 1431/371/408 1418/494/408
f 389/1414/408 398/1427/408 1423/451/408 1410/566/408
f 381/1406/408 390/1419/408 1415/517/408 1402/626/408
f 373/1398/408 382/1411/408 1407/577/408 1394/1012/408
f 365/1390/408 374/1403/408 1399/1027/408 1386/988/408
f 357/1382/408 366/1395/408 1391/1003/408 1378/964/408
f 349/1374/408 358/1387/408 1383/979/408 1370/936/408
f 341/1366/408 350/1379/408 1375/955/408 1362/904/408
f 333/1358/408 342/1371/408 1367/927/408 1354/874/408
f 325/1350/408 334/1363/408 1359/895/408 1346/850/408
f 317/1342/408 326/1355/408 1351/867/408 1338/826/408
f 309/1334/408 318/1347/408 1343/843/408 1330/802/408
f 301/1326/408 310/1339/408 1335/819/408 1322/778/408
f 293/1318/408 302/1331/408 1327/795/408 1314/754/408
f 285/1310/408 294/1323/408 1319/771/408 1306/730/408
f 277/1302/408 286/1315/408 1311/747/408 1298/706/408
f 269/1294/408 278/1307/408 1303/723/408 1290/682/408
f 261/1286/408 270/1299/408 1295/699/408 1282/658/408
f 253/1278/408 262/1291/408 1287/675/408 1274/300/408
f 245/1270/408 254/1283/408 1279/651/408 1266/378/408
f 237/1262/408 246/1275/408 1271/321/408 1258/454/408
f 229/1254/408 238/1267/408 1263/397/408 1250/524/408
f 221/1246/408 230/1259/408 1255/467/408 1242/584/408
f 213/1238/408 222/1251/408 1247/543/408 1234/1026/408
f 205/1230/408 214/1243/408 1239/601/408 1226/1002/408
f 197/1224/408 206/1235/408 1231/1019/408 1218/978/408
f 189/1216/408 198/254/408 1223/995/408 1210/954/408
f 181/1208/408 190/1221/408 1215/971/408 1202/926/408
f 173/1200/408 182/1213/408 1207/947/408 1194/894/408
f 165/1192/408 174/1205/408 1199/915/408 1186/866/408
f 157/1184/408 166/1197/408 1191/883/408 1178/842/408
f 149/1176/408 158/1189/408 1183/857/408 1170/818/408
f 141/1168/408 150/1181/408 1175/833/408 1162/794/408
f 133/1160/408 142/1173/408 1167/809/408 1154/770/408
f 125/1152/408 134/1165/408 1159/785/408 1146/746/408
f 117/1144/408 126/1157/408 1151/761/408 1138/722/408
f 109/1136/408 118/1149/408 1143/737/408 1130/698/408
f 101/1128/408 110/1141/408 1135/713/408 1122/674/408
f 93/1120/408 102/1133/408 1127/689/408 1114/650/408
f 85/1112/408 94/1125/408 1119/665/408 1106/330/408
f 77/1104/408 86/1117/408 1111/271/408 1098/406/408
f 69/1096/408 78/1109/408 1103/351/408 1090/476/408
f 61/1088/408 70/1101/408 1095/431/408 1082/552/408
f 53/1080/408 62/1093/408 1087/499/408 1074/608/408
f 45/1072/408 54/1085/408 1079/567/408 1066/1018/408
f 37/1064/408 46/1077/408 1071/631/408 1058/994/408
f 29/1056/408 38/1069/408 1063/1009/408 1050/970/408
f 21/1048/408 30/1061/408 1055/985/408 1042/946/408
f 1744/1236/126 1742/1234/126 2254/1234/126 2256/1236/126
f 2020/1510/196 2019/1509/196 2531/1509/196 2532/1510/196
f 476/1502/131 474/1501/131 2011/1501/131 2012/1502/131
f 193/1228/65 195/1227/64 1734/1227/64 1736/1228/65
f 479/644/131 480/1503/131 2013/1503/131 2009/644/131
f 205/1230/190 207/1229/190 1737/1229/190 1738/1230/190
f 475/1504/131 476/1502/131 2012/1502/131 2014/1504/131
f 204/1232/190 202/1231/190 1739/1231/190 1740/1232/190
f 480/1503/131 478/1505/131 2015/1505/131 2013/1503/131
f 207/1229/190 208/1233/190 1741/1233/190 1737/1229/190
f 473/1506/131 475/1504/131 2014/1504/131 2016/1506/131
f 203/1234/190 204/1232/190 1740/1232/190 1742/1234/190
f 485/1508/133 487/1507/133 2017/1507/133 2018/1508/133
f 208/1233/190 206/1235/190 1743/1235/190 1741/1233/190
f 484/1510/133 482/1509/133 2019/1509/133 2020/1510/133
f 201/1236/190 203/1234/190 1742/1234/190 1744/1236/190
f 487/1507/133 488/1511/133 2021/1511/133 2017/1507/133
f 213/1238/192 215/1237/192 1745/1237/192 1746/1238/192
f 483/1512/133 484/1510/133 2020/1510/133 2022/1512/133
f 212/1240/192 210/1239/192 1747/1239/192 1748/1240/192
f 488/1511/133 486/1513/133 2023/1513/133 2021/1511/133
f 215/1237/192 216/1241/192 1749/1241/192 1745/1237/192
f 481/1514/133 483/1512/133 2022/1512/133 2024/1514/133
f 211/1242/192 212/1240/192 1748/1240/192 1750/1242/192
f 493/1516/135 495/1515/135 2025/1515/135 2026/1516/135
f 216/1241/192 214/1243/192 1751/1243/192 1749/1241/192
f 492/1518/135 490/1517/135 2027/1517/135 2028/1518/135
f 209/1244/192 211/1242/192 1750/1242/192 1752/1244/192
f 495/1515/135 496/1519/135 2029/1519/135 2025/1515/135
f 221/1246/194 223/1245/194 1753/1245/194 1754/1246/194
f 491/1520/135 492/1518/135 2028/1518/135 2030/1520/135
f 220/1248/194 218/1247/194 1755/1247/194 1756/1248/194
f 496/1519/135 494/1521/135 2031/1521/135 2029/1519/135
f 223/1245/194 224/1249/194 1757/1249/194 1753/1245/194
f 489/1522/135 491/1520/135 2030/1520/135 2032/1522/135
f 219/1250/194 220/1248/194 1756/1248/194 1758/1250/194
f 501/1524/137 503/1523/137 2033/1523/137 2034/1524/137
f 224/1249/194 222/1251/194 1759/1251/194 1757/1249/194
f 500/1526/137 498/1525/137 2035/1525/137 2036/1526/137
f 217/1252/194 219/1250/194 1758/1250/194 1760/1252/194
f 503/1523/137 504/1527/137 2037/1527/137 2033/1523/137
f 229/1254/196 231/1253/196 1761/1253/196 1762/1254/196
f 499/1528/137 500/1526/137 2036/1526/137 2038/1528/137
f 228/1256/196 226/1255/196 1763/1255/196 1764/1256/196
f 504/1527/137 502/1529/137 2039/1529/137 2037/1527/137
f 231/1253/196 232/1257/196 1765/1257/196 1761/1253/196
f 497/1530/137 499/1528/137 2038/1528/137 2040/1530/137
f 227/1258/196 228/1256/196 1764/1256/196 1766/1258/196
f 509/1532/139 511/1531/139 2041/1531/139 2042/1532/139
f 232/1257/196 230/1259/196 1767/1259/196 1765/1257/196
f 508/1534/139 506/1533/409 2043/1533/409 2044/1534/139
f 225/1260/196 227/1258/196 1766/1258/196 1768/1260/196
f 511/1531/139 512/1535/139 2045/1535/139 2041/1531/139
f 237/1262/198 239/1261/198 1769/1261/198 1770/1262/198
f 507/1536/139 508/1534/139 2044/1534/139 2046/1536/139
f 236/1264/198 234/1263/198 1771/1263/198 1772/1264/198
f 512/1535/139 510/1537/139 2047/1537/139 2045/1535/139
f 239/1261/198 240/1265/209 1773/1265/209 1769/1261/198
f 505/1538/139 507/1536/139 2046/1536/139 2048/1538/139
f 235/1266/209 236/1264/198 1772/1264/198 1774/1266/209
f 506/1533/31 1/1032/31 1538/1032/31 2043/1533/31
f 240/1265/209 238/1267/209 1775/1267/209 1773/1265/209
f 2/1037/32 9/1046/32 1552/1046/32 1543/1037/32
f 233/1268/209 235/1266/209 1774/1266/209 1776/1268/209
f 10/1041/33 17/1054/33 1560/1054/33 1547/1041/33
f 245/1270/200 247/1269/200 1777/1269/200 1778/1270/200
f 18/1049/410 25/1062/410 1568/1062/410 1555/1049/410
f 244/1272/200 242/1271/200 1779/1271/200 1780/1272/200
f 26/1057/411 33/1070/411 1576/1070/411 1563/1057/411
f 247/1269/200 248/1273/200 1781/1273/200 1777/1269/200
f 34/1065/36 41/1078/36 1584/1078/36 1571/1065/36
f 243/1274/200 244/1272/200 1780/1272/200 1782/1274/200
f 42/1073/37 49/1086/37 1592/1086/37 1579/1073/37
f 248/1273/200 246/1275/200 1783/1275/200 1781/1273/200
f 50/1081/38 57/1094/38 1600/1094/38 1587/1081/38
f 241/1276/200 243/1274/200 1782/1274/200 1784/1276/200
f 58/1089/39 65/1102/39 1608/1102/39 1595/1089/39
f 253/1278/203 255/1277/203 1785/1277/203 1786/1278/203
f 66/1097/40 73/1110/40 1616/1110/40 1603/1097/40
f 252/1280/210 250/1279/210 1787/1279/210 1788/1280/210
f 74/1105/41 81/1118/41 1624/1118/41 1611/1105/41
f 255/1277/203 256/1281/210 1789/1281/210 1785/1277/203
f 82/1113/42 89/1126/42 1632/1126/42 1619/1113/42
f 251/1282/203 252/1280/210 1788/1280/210 1790/1282/203
f 90/1121/43 97/1134/43 1640/1134/43 1627/1121/43
f 256/1281/210 254/1283/203 1791/1283/203 1789/1281/210
f 98/1129/44 105/1142/44 1648/1142/44 1635/1129/44
f 249/1284/203 251/1282/203 1790/1282/203 1792/1284/203
f 106/1137/45 113/1150/45 1656/1150/45 1643/1137/45
f 261/1286/68 263/1285/68 1793/1285/68 1794/1286/68
f 114/1145/46 121/1158/46 1664/1158/46 1651/1145/46
f 260/1288/68 258/1287/68 1795/1287/68 1796/1288/68
f 122/1153/47 129/1166/47 1672/1166/47 1659/1153/47
f 263/1285/68 264/1289/68 1797/1289/68 1793/1285/68
f 130/1161/48 137/1174/48 1680/1174/48 1667/1161/48
f 259/1290/68 260/1288/68 1796/1288/68 1798/1290/68
f 138/1169/49 145/1182/49 1688/1182/49 1675/1169/49
f 264/1289/68 262/1291/68 1799/1291/68 1797/1289/68
f 146/1177/50 153/1190/50 1696/1190/50 1683/1177/50
f 257/1292/68 259/1290/68 1798/1290/68 1800/1292/68
f 154/1185/51 161/1198/51 1704/1198/51 1691/1185/51
f 269/1294/71 271/1293/71 1801/1293/71 1802/1294/71
f 162/1193/52 169/1206/52 1712/1206/52 1699/1193/52
f 268/1296/204 266/1295/71 1803/1295/71 1804/1296/204
f 170/1201/53 177/1214/53 1720/1214/53 1707/1201/53
f 271/1293/71 272/1297/204 1805/1297/204 1801/1293/71
f 178/1209/54 185/1222/54 1728/1222/54 1715/1209/54
f 267/1298/71 268/1296/204 1804/1296/204 1806/1298/71
f 186/1217/55 193/1228/55 1736/1228/55 1723/1217/55
f 272/1297/204 270/1299/204 1807/1299/204 1805/1297/204
f 194/1225/56 201/1236/56 1744/1236/56 1731/1225/56
f 265/1300/71 267/1298/71 1806/1298/71 1808/1300/71
f 202/1231/57 209/1244/57 1752/1244/57 1739/1231/57
f 277/1302/74 279/1301/74 1809/1301/74 1810/1302/74
f 210/1239/58 217/1252/58 1760/1252/58 1747/1239/58
f 276/1304/74 274/1303/74 1811/1303/74 1812/1304/74
f 218/1247/59 225/1260/59 1768/1260/59 1755/1247/59
f 279/1301/74 280/1305/74 1813/1305/74 1809/1301/74
f 1/1032/141 3/1031/141 1537/1031/141 1538/1032/141
f 226/1255/412 233/1268/412 1776/1268/412 1763/1255/412
f 275/1306/74 276/1304/74 1812/1304/74 1814/1306/74
f 8/1034/141 6/1033/141 1539/1033/141 1540/1034/141
f 234/1263/61 241/1276/61 1784/1276/61 1771/1263/61
f 280/1305/74 278/1307/74 1815/1307/74 1813/1305/74
f 3/1031/141 4/1035/141 1541/1035/141 1537/1031/141
f 242/1271/62 249/1284/62 1792/1284/62 1779/1271/62
f 273/1308/74 275/1306/74 1814/1306/74 1816/1308/74
f 7/1036/141 8/1034/141 1540/1034/141 1542/1036/141
f 250/1279/1 257/1292/1 1800/1292/1 1787/1279/1
f 285/1310/205 287/1309/205 1817/1309/205 1818/1310/205
f 4/1035/141 2/1037/141 1543/1037/141 1541/1035/141
f 258/1287/66 265/1300/66 1808/1300/66 1795/1287/66
f 284/1312/205 282/1311/205 1819/1311/205 1820/1312/205
f 5/1038/141 7/1036/141 1542/1036/141 1544/1038/141
f 266/1295/63 273/1308/63 1816/1308/63 1803/1295/63
f 287/1309/205 288/1313/77 1821/1313/77 1817/1309/205
f 13/1040/143 15/1039/143 1545/1039/143 1546/1040/143
f 274/1303/413 281/1316/413 1824/1316/413 1811/1303/413
f 283/1314/77 284/1312/205 1820/1312/205 1822/1314/77
f 12/1042/143 10/1041/143 1547/1041/143 1548/1042/143
f 282/1311/414 289/1324/414 1832/1324/414 1819/1311/414
f 288/1313/77 286/1315/77 1823/1315/77 1821/1313/77
f 15/1039/143 16/1043/143 1549/1043/143 1545/1039/143
f 290/1319/4 297/1332/4 1840/1332/4 1827/1319/4
f 281/1316/77 283/1314/77 1822/1314/77 1824/1316/77
f 11/1044/143 12/1042/143 1548/1042/143 1550/1044/143
f 298/1327/5 305/1340/5 1848/1340/5 1835/1327/5
f 293/1318/80 295/1317/80 1825/1317/80 1826/1318/80
f 16/1043/143 14/1045/415 1551/1045/415 1549/1043/143
f 306/1335/6 313/1348/6 1856/1348/6 1843/1335/6
f 292/1320/80 290/1319/80 1827/1319/80 1828/1320/80
f 9/1046/143 11/1044/143 1550/1044/143 1552/1046/143
f 314/1343/7 321/1356/7 1864/1356/7 1851/1343/7
f 295/1317/80 296/1321/80 1829/1321/80 1825/1317/80
f 21/1048/144 23/1047/144 1553/1047/144 1554/1048/144
f 322/1351/8 329/1364/8 1872/1364/8 1859/1351/8
f 291/1322/80 292/1320/80 1828/1320/80 1830/1322/80
f 20/1050/144 18/1049/144 1555/1049/144 1556/1050/144
f 330/1359/9 337/1372/9 1880/1372/9 1867/1359/9
f 296/1321/80 294/1323/80 1831/1323/80 1829/1321/80
f 23/1047/144 24/1051/144 1557/1051/144 1553/1047/144
f 338/1367/10 345/1380/10 1888/1380/10 1875/1367/10
f 289/1324/80 291/1322/80 1830/1322/80 1832/1324/80
f 19/1052/144 20/1050/144 1556/1050/144 1558/1052/144
f 346/1375/11 353/1388/11 1896/1388/11 1883/1375/11
f 301/1326/83 303/1325/83 1833/1325/83 1834/1326/83
f 24/1051/144 22/1053/144 1559/1053/144 1557/1051/144
f 354/1383/12 361/1396/12 1904/1396/12 1891/1383/12
f 300/1328/83 298/1327/83 1835/1327/83 1836/1328/83
f 17/1054/144 19/1052/144 1558/1052/144 1560/1054/144
f 362/1391/13 369/1404/13 1912/1404/13 1899/1391/13
f 303/1325/83 304/1329/83 1837/1329/83 1833/1325/83
f 29/1056/146 31/1055/146 1561/1055/146 1562/1056/146
f 370/1399/416 377/1412/416 1920/1412/416 1907/1399/416
f 299/1330/83 300/1328/83 1836/1328/83 1838/1330/83
f 28/1058/146 26/1057/146 1563/1057/146 1564/1058/146
f 378/1407/15 385/1420/15 1928/1420/15 1915/1407/15
f 304/1329/83 302/1331/83 1839/1331/83 1837/1329/83
f 31/1055/146 32/1059/146 1565/1059/146 1561/1055/146
f 386/1415/16 393/1428/16 1936/1428/16 1923/1415/16
f 297/1332/83 299/1330/83 1838/1330/83 1840/1332/83
f 27/1060/146 28/1058/146 1564/1058/146 1566/1060/146
f 394/1423/417 401/1436/417 1944/1436/417 1931/1423/417
f 309/1334/86 311/1333/86 1841/1333/86 1842/1334/86
f 32/1059/146 30/1061/146 1567/1061/146 1565/1059/146
f 402/1431/18 409/1444/18 1952/1444/18 1939/1431/18
f 308/1336/86 306/1335/86 1843/1335/86 1844/1336/86
f 25/1062/146 27/1060/146 1566/1060/146 1568/1062/146
f 410/1439/19 417/1452/19 1960/1452/19 1947/1439/19
f 311/1333/86 312/1337/86 1845/1337/86 1841/1333/86
f 37/1064/148 39/1063/148 1569/1063/148 1570/1064/148
f 418/1447/20 425/1460/20 1968/1460/20 1955/1447/20
f 307/1338/86 308/1336/86 1844/1336/86 1846/1338/86
f 36/1066/148 34/1065/148 1571/1065/148 1572/1066/148
f 426/1455/21 433/1468/21 1976/1468/21 1963/1455/21
f 312/1337/86 310/1339/86 1847/1339/86 1845/1337/86
f 39/1063/148 40/1067/148 1573/1067/148 1569/1063/148
f 434/1463/22 441/1476/22 1984/1476/22 1971/1463/22
f 305/1340/86 307/1338/86 1846/1338/86 1848/1340/86
f 35/1068/148 36/1066/148 1572/1066/148 1574/1068/148
f 442/1471/23 449/1484/23 1992/1484/23 1979/1471/23
f 317/1342/89 319/1341/89 1849/1341/89 1850/1342/89
f 40/1067/148 38/1069/148 1575/1069/148 1573/1067/148
f 450/1479/24 457/1492/24 2000/1492/24 1987/1479/24
f 316/1344/89 314/1343/89 1851/1343/89 1852/1344/89
f 33/1070/148 35/1068/148 1574/1068/148 1576/1070/148
f 458/1487/25 465/1500/25 2008/1500/25 1995/1487/25
f 319/1341/89 320/1345/89 1853/1345/89 1849/1341/89
f 45/1072/150 47/1071/150 1577/1071/150 1578/1072/150
f 466/1495/26 473/1506/26 2016/1506/26 2003/1495/26
f 315/1346/89 316/1344/89 1852/1344/89 1854/1346/89
f 44/1074/150 42/1073/150 1579/1073/150 1580/1074/150
f 474/1501/27 481/1514/27 2024/1514/27 2011/1501/27
f 320/1345/89 318/1347/89 1855/1347/89 1853/1345/89
f 47/1071/150 48/1075/150 1581/1075/150 1577/1071/150
f 482/1509/418 489/1522/418 2032/1522/418 2019/1509/418
f 313/1348/89 315/1346/89 1854/1346/89 1856/1348/89
f 43/1076/150 44/1074/150 1580/1074/150 1582/1076/150
f 490/1517/419 497/1530/419 2040/1530/419 2027/1517/419
f 325/1350/420 327/1349/91 1857/1349/91 1858/1350/420
f 48/1075/150 46/1077/150 1583/1077/150 1581/1075/150
f 498/1525/30 505/1538/30 2048/1538/30 2035/1525/30
f 324/1352/91 322/1351/420 1859/1351/420 1860/1352/91
f 41/1078/150 43/1076/150 1582/1076/150 1584/1078/150
f 14/1045/32 5/1038/32 1544/1038/32 1551/1045/32
f 327/1349/91 328/1353/91 1861/1353/91 1857/1349/91
f 53/1080/152 55/1079/152 1585/1079/152 1586/1080/152
f 6/1033/31 509/1532/31 2042/1532/31 1539/1033/31
f 323/1354/91 324/1352/91 1860/1352/91 1862/1354/91
f 52/1082/152 50/1081/152 1587/1081/152 1588/1082/152
f 22/1053/33 13/1040/33 1546/1040/33 1559/1053/33
f 328/1353/91 326/1355/420 1863/1355/420 1861/1353/91
f 55/1079/152 56/1083/152 1589/1083/152 1585/1079/152
f 510/1537/30 501/1524/30 2034/1524/30 2047/1537/30
f 321/1356/420 323/1354/91 1862/1354/91 1864/1356/420
f 51/1084/152 52/1082/152 1588/1082/152 1590/1084/152
f 502/1529/419 493/1516/419 2026/1516/419 2039/1529/419
f 333/1358/93 335/1357/93 1865/1357/93 1866/1358/93
f 56/1083/152 54/1085/152 1591/1085/152 1589/1083/152
f 494/1521/418 485/1508/418 2018/1508/418 2031/1521/418
f 332/1360/93 330/1359/93 1867/1359/93 1868/1360/93
f 49/1086/152 51/1084/152 1590/1084/152 1592/1086/152
f 486/1513/27 477/643/27 2010/643/27 2023/1513/27
f 335/1357/93 336/1361/93 1869/1361/93 1865/1357/93
f 61/1088/155 63/1087/155 1593/1087/155 1594/1088/155
f 478/1505/26 469/1494/26 2002/1494/26 2015/1505/26
f 331/1362/93 332/1360/93 1868/1360/93 1870/1362/93
f 60/1090/155 58/1089/155 1595/1089/155 1596/1090/155
f 470/1499/25 461/1486/25 1994/1486/25 2007/1499/25
f 336/1361/93 334/1363/93 1871/1363/93 1869/1361/93
f 63/1087/155 64/1091/155 1597/1091/155 1593/1087/155
f 462/1491/24 453/1478/24 1986/1478/24 1999/1491/24
f 329/1364/93 331/1362/93 1870/1362/93 1872/1364/93
f 59/1092/155 60/1090/155 1596/1090/155 1598/1092/155
f 454/1483/23 445/1470/23 1978/1470/23 1991/1483/23
f 341/1366/94 343/1365/94 1873/1365/94 1874/1366/94
f 64/1091/155 62/1093/155 1599/1093/155 1597/1091/155
f 446/1475/22 437/1462/22 1970/1462/22 1983/1475/22
f 340/1368/94 338/1367/94 1875/1367/94 1876/1368/94
f 57/1094/155 59/1092/155 1598/1092/155 1600/1094/155
f 438/1467/21 429/1454/21 1962/1454/21 1975/1467/21
f 343/1365/94 344/1369/94 1877/1369/94 1873/1365/94
f 69/1096/157 71/1095/157 1601/1095/157 1602/1096/157
f 430/1459/20 421/1446/20 1954/1446/20 1967/1459/20
f 339/1370/94 340/1368/94 1876/1368/94 1878/1370/94
f 68/1098/157 66/1097/157 1603/1097/157 1604/1098/157
f 422/1451/19 413/1438/19 1946/1438/19 1959/1451/19
f 344/1369/94 342/1371/94 1879/1371/94 1877/1369/94
f 71/1095/157 72/1099/157 1605/1099/157 1601/1095/157
f 414/1443/18 405/1430/18 1938/1430/18 1951/1443/18
f 337/1372/94 339/1370/94 1878/1370/94 1880/1372/94
f 67/1100/157 68/1098/157 1604/1098/157 1606/1100/157
f 406/1435/17 397/1422/17 1930/1422/17 1943/1435/17
f 349/1374/96 351/1373/96 1881/1373/96 1882/1374/96
f 72/1099/157 70/1101/157 1607/1101/157 1605/1099/157
f 398/1427/16 389/1414/16 1922/1414/16 1935/1427/16
f 348/1376/96 346/1375/96 1883/1375/96 1884/1376/96
f 65/1102/157 67/1100/157 1606/1100/157 1608/1102/157
f 390/1419/15 381/1406/15 1914/1406/15 1927/1419/15
f 351/1373/96 352/1377/96 1885/1377/96 1881/1373/96
f 77/1104/159 79/1103/159 1609/1103/159 1610/1104/159
f 382/1411/14 373/1398/14 1906/1398/14 1919/1411/14
f 347/1378/96 348/1376/96 1884/1376/96 1886/1378/96
f 76/1106/159 74/1105/159 1611/1105/159 1612/1106/159
f 374/1403/13 365/1390/13 1898/1390/13 1911/1403/13
f 352/1377/96 350/1379/96 1887/1379/96 1885/1377/96
f 79/1103/159 80/1107/159 1613/1107/159 1609/1103/159
f 366/1395/12 357/1382/12 1890/1382/12 1903/1395/12
f 345/1380/96 347/1378/96 1886/1378/96 1888/1380/96
f 75/1108/159 76/1106/159 1612/1106/159 1614/1108/159
f 358/1387/11 349/1374/11 1882/1374/11 1895/1387/11
f 357/1382/99 359/1381/99 1889/1381/99 1890/1382/99
f 80/1107/159 78/1109/159 1615/1109/159 1613/1107/159
f 350/1379/10 341/1366/10 1874/1366/10 1887/1379/10
f 356/1384/99 354/1383/99 1891/1383/99 1892/1384/99
f 73/1110/159 75/1108/159 1614/1108/159 1616/1110/159
f 342/1371/9 333/1358/9 1866/1358/9 1879/1371/9
f 359/1381/99 360/1385/99 1893/1385/99 1889/1381/99
f 85/1112/161 87/1111/161 1617/1111/161 1618/1112/161
f 334/1363/8 325/1350/8 1858/1350/8 1871/1363/8
f 355/1386/99 356/1384/99 1892/1384/99 1894/1386/99
f 84/1114/161 82/1113/161 1619/1113/161 1620/1114/161
f 326/1355/7 317/1342/7 1850/1342/7 1863/1355/7
f 360/1385/99 358/1387/99 1895/1387/99 1893/1385/99
f 87/1111/161 88/1115/161 1621/1115/161 1617/1111/161
f 318/1347/6 309/1334/6 1842/1334/6 1855/1347/6
f 353/1388/99 355/1386/99 1894/1386/99 1896/1388/99
f 83/1116/161 84/1114/161 1620/1114/161 1622/1116/161
f 310/1339/5 301/1326/5 1834/1326/5 1847/1339/5
f 365/1390/101 367/1389/101 1897/1389/101 1898/1390/101
f 88/1115/161 86/1117/161 1623/1117/161 1621/1115/161
f 302/1331/4 293/1318/4 1826/1318/4 1839/1331/4
f 364/1392/101 362/1391/101 1899/1391/101 1900/1392/101
f 81/1118/161 83/1116/161 1622/1116/161 1624/1118/161
f 294/1323/414 285/1310/414 1818/1310/414 1831/1323/414
f 367/1389/101 368/1393/101 1901/1393/101 1897/1389/101
f 93/1120/163 95/1119/163 1625/1119/163 1626/1120/163
f 286/1315/413 277/1302/413 1810/1302/413 1823/1315/413
f 363/1394/101 364/1392/101 1900/1392/101 1902/1394/101
f 92/1122/163 90/1121/163 1627/1121/163 1628/1122/163
f 278/1307/63 269/1294/63 1802/1294/63 1815/1307/63
f 368/1393/101 366/1395/101 1903/1395/101 1901/1393/101
f 95/1119/163 96/1123/163 1629/1123/163 1625/1119/163
f 270/1299/66 261/1286/66 1794/1286/66 1807/1299/66
f 361/1396/101 363/1394/101 1902/1394/101 1904/1396/101
f 91/1124/163 92/1122/163 1628/1122/163 1630/1124/163
f 262/1291/1 253/1278/1 1786/1278/1 1799/1291/1
f 373/1398/103 375/1397/103 1905/1397/103 1906/1398/103
f 96/1123/163 94/1125/163 1631/1125/163 1629/1123/163
f 254/1283/62 245/1270/62 1778/1270/62 1791/1283/62
f 372/1400/103 370/1399/103 1907/1399/103 1908/1400/103
f 89/1126/163 91/1124/163 1630/1124/163 1632/1126/163
f 246/1275/61 237/1262/61 1770/1262/61 1783/1275/61
f 375/1397/103 376/1401/103 1909/1401/103 1905/1397/103
f 101/1128/165 103/1127/165 1633/1127/165 1634/1128/165
f 238/1267/412 229/1254/412 1762/1254/412 1775/1267/412
f 371/1402/103 372/1400/103 1908/1400/103 1910/1402/103
f 100/1130/165 98/1129/165 1635/1129/165 1636/1130/165
f 230/1259/59 221/1246/59 1754/1246/59 1767/1259/59
f 376/1401/103 374/1403/103 1911/1403/103 1909/1401/103
f 103/1127/165 104/1131/165 1637/1131/165 1633/1127/165
f 222/1251/58 213/1238/58 1746/1238/58 1759/1251/58
f 369/1404/103 371/1402/103 1910/1402/103 1912/1404/103
f 99/1132/165 100/1130/165 1636/1130/165 1638/1132/165
f 214/1243/57 205/1230/57 1738/1230/57 1751/1243/57
f 381/1406/106 383/1405/106 1913/1405/106 1914/1406/106
f 104/1131/165 102/1133/165 1639/1133/165 1637/1131/165
f 206/1235/56 197/1224/56 1730/1224/56 1743/1235/56
f 380/1408/106 378/1407/106 1915/1407/106 1916/1408/106
f 97/1134/165 99/1132/165 1638/1132/165 1640/1134/165
f 198/254/55 189/1216/55 1722/1216/55 1735/254/55
f 383/1405/106 384/1409/106 1917/1409/106 1913/1405/106
f 109/1136/167 111/1135/167 1641/1135/167 1642/1136/167
f 190/1221/54 181/1208/54 1714/1208/54 1727/1221/54
f 379/1410/106 380/1408/106 1916/1408/106 1918/1410/106
f 108/1138/167 106/1137/167 1643/1137/167 1644/1138/167
f 182/1213/53 173/1200/53 1706/1200/53 1719/1213/53
f 384/1409/106 382/1411/106 1919/1411/106 1917/1409/106
f 111/1135/167 112/1139/167 1645/1139/167 1641/1135/167
f 174/1205/52 165/1192/52 1698/1192/52 1711/1205/52
f 377/1412/106 379/1410/106 1918/1410/106 1920/1412/106
f 107/1140/167 108/1138/167 1644/1138/167 1646/1140/167
f 166/1197/51 157/1184/51 1690/1184/51 1703/1197/51
f 389/1414/108 391/1413/108 1921/1413/108 1922/1414/108
f 112/1139/167 110/1141/167 1647/1141/167 1645/1139/167
f 158/1189/50 149/1176/50 1682/1176/50 1695/1189/50
f 388/1416/108 386/1415/108 1923/1415/108 1924/1416/108
f 105/1142/167 107/1140/167 1646/1140/167 1648/1142/167
f 150/1181/49 141/1168/49 1674/1168/49 1687/1181/49
f 391/1413/108 392/1417/108 1925/1417/108 1921/1413/108
f 117/1144/168 119/1143/168 1649/1143/168 1650/1144/168
f 142/1173/48 133/1160/48 1666/1160/48 1679/1173/48
f 387/1418/108 388/1416/108 1924/1416/108 1926/1418/108
f 116/1146/168 114/1145/168 1651/1145/168 1652/1146/168
f 134/1165/47 125/1152/47 1658/1152/47 1671/1165/47
f 392/1417/108 390/1419/108 1927/1419/108 1925/1417/108
f 119/1143/168 120/1147/168 1653/1147/168 1649/1143/168
f 126/1157/46 117/1144/46 1650/1144/46 1663/1157/46
f 385/1420/108 387/1418/108 1926/1418/108 1928/1420/108
f 115/1148/168 116/1146/168 1652/1146/168 1654/1148/168
f 118/1149/45 109/1136/45 1642/1136/45 1655/1149/45
f 397/1422/110 399/1421/110 1929/1421/110 1930/1422/110
f 120/1147/168 118/1149/168 1655/1149/168 1653/1147/168
f 110/1141/44 101/1128/44 1634/1128/44 1647/1141/44
f 396/1424/110 394/1423/110 1931/1423/110 1932/1424/110
f 113/1150/168 115/1148/168 1654/1148/168 1656/1150/168
f 102/1133/43 93/1120/43 1626/1120/43 1639/1133/43
f 399/1421/110 400/1425/110 1933/1425/110 1929/1421/110
f 125/1152/170 127/1151/170 1657/1151/170 1658/1152/170
f 94/1125/42 85/1112/42 1618/1112/42 1631/1125/42
f 395/1426/110 396/1424/110 1932/1424/110 1934/1426/110
f 124/1154/170 122/1153/170 1659/1153/170 1660/1154/170
f 86/1117/41 77/1104/41 1610/1104/41 1623/1117/41
f 400/1425/110 398/1427/110 1935/1427/110 1933/1425/110
f 127/1151/170 128/1155/170 1661/1155/170 1657/1151/170
f 78/1109/40 69/1096/40 1602/1096/40 1615/1109/40
f 393/1428/110 395/1426/110 1934/1426/110 1936/1428/110
f 123/1156/170 124/1154/170 1660/1154/170 1662/1156/170
f 70/1101/39 61/1088/39 1594/1088/39 1607/1101/39
f 405/1430/112 407/1429/112 1937/1429/112 1938/1430/112
f 128/1155/170 126/1157/170 1663/1157/170 1661/1155/170
f 62/1093/38 53/1080/38 1586/1080/38 1599/1093/38
f 404/1432/112 402/1431/112 1939/1431/112 1940/1432/112
f 121/1158/170 123/1156/170 1662/1156/170 1664/1158/170
f 54/1085/37 45/1072/37 1578/1072/37 1591/1085/37
f 407/1429/112 408/1433/112 1941/1433/112 1937/1429/112
f 133/1160/172 135/1159/172 1665/1159/172 1666/1160/172
f 46/1077/36 37/1064/36 1570/1064/36 1583/1077/36
f 403/1434/112 404/1432/112 1940/1432/112 1942/1434/112
f 132/1162/172 130/1161/172 1667/1161/172 1668/1162/172
f 38/1069/411 29/1056/411 1562/1056/411 1575/1069/411
f 408/1433/112 406/1435/112 1943/1435/112 1941/1433/112
f 135/1159/172 136/1163/172 1669/1163/172 1665/1159/172
f 30/1061/410 21/1048/410 1554/1048/410 1567/1061/410
f 401/1436/112 403/1434/112 1942/1434/112 1944/1436/112
f 131/1164/172 132/1162/172 1668/1162/172 1670/1164/172
f 413/1438/115 415/1437/115 1945/1437/115 1946/1438/115
f 136/1163/172 134/1165/172 1671/1165/172 1669/1163/172
f 412/1440/115 410/1439/115 1947/1439/115 1948/1440/115
f 129/1166/172 131/1164/172 1670/1164/172 1672/1166/172
f 415/1437/115 416/1441/115 1949/1441/115 1945/1437/115
f 141/1168/174 143/1167/174 1673/1167/174 1674/1168/174
f 411/1442/115 412/1440/115 1948/1440/115 1950/1442/115
f 140/1170/174 138/1169/174 1675/1169/174 1676/1170/174
f 416/1441/115 414/1443/115 1951/1443/115 1949/1441/115
f 143/1167/174 144/1171/174 1677/1171/174 1673/1167/174
f 409/1444/115 411/1442/115 1950/1442/115 1952/1444/115
f 139/1172/174 140/1170/174 1676/1170/174 1678/1172/174
f 421/1446/117 423/1445/117 1953/1445/117 1954/1446/117
f 144/1171/174 142/1173/174 1679/1173/174 1677/1171/174
f 420/1448/117 418/1447/117 1955/1447/117 1956/1448/117
f 137/1174/174 139/1172/174 1678/1172/174 1680/1174/174
f 423/1445/117 424/1449/117 1957/1449/117 1953/1445/117
f 149/1176/176 151/1175/176 1681/1175/176 1682/1176/176
f 419/1450/117 420/1448/117 1956/1448/117 1958/1450/117
f 148/1178/176 146/1177/176 1683/1177/176 1684/1178/176
f 424/1449/117 422/1451/117 1959/1451/117 1957/1449/117
f 151/1175/176 152/1179/176 1685/1179/176 1681/1175/176
f 417/1452/117 419/1450/117 1958/1450/117 1960/1452/117
f 147/1180/176 148/1178/176 1684/1178/176 1686/1180/176
f 429/1454/119 431/1453/119 1961/1453/119 1962/1454/119
f 152/1179/176 150/1181/176 1687/1181/176 1685/1179/176
f 428/1456/119 426/1455/119 1963/1455/119 1964/1456/119
f 145/1182/176 147/1180/176 1686/1180/176 1688/1182/176
f 431/1453/119 432/1457/119 1965/1457/119 1961/1453/119
f 157/1184/179 159/1183/179 1689/1183/179 1690/1184/179
f 427/1458/119 428/1456/119 1964/1456/119 1966/1458/119
f 156/1186/179 154/1185/179 1691/1185/179 1692/1186/179
f 432/1457/119 430/1459/119 1967/1459/119 1965/1457/119
f 159/1183/179 160/1187/179 1693/1187/179 1689/1183/179
f 425/1460/119 427/1458/119 1966/1458/119 1968/1460/119
f 155/1188/179 156/1186/179 1692/1186/179 1694/1188/179
f 437/1462/120 439/1461/120 1969/1461/120 1970/1462/120
f 160/1187/179 158/1189/179 1695/1189/179 1693/1187/179
f 436/1464/120 434/1463/120 1971/1463/120 1972/1464/120
f 153/1190/179 155/1188/179 1694/1188/179 1696/1190/179
f 439/1461/120 440/1465/120 1973/1465/120 1969/1461/120
f 165/1192/181 167/1191/181 1697/1191/181 1698/1192/181
f 435/1466/120 436/1464/120 1972/1464/120 1974/1466/120
f 164/1194/181 162/1193/181 1699/1193/181 1700/1194/181
f 440/1465/120 438/1467/120 1975/1467/120 1973/1465/120
f 167/1191/181 168/1195/181 1701/1195/181 1697/1191/181
f 433/1468/120 435/1466/120 1974/1466/120 1976/1468/120
f 163/1196/181 164/1194/181 1700/1194/181 1702/1196/181
f 445/1470/122 447/1469/122 1977/1469/122 1978/1470/122
f 168/1195/181 166/1197/181 1703/1197/181 1701/1195/181
f 444/1472/122 442/1471/122 1979/1471/122 1980/1472/122
f 161/1198/181 163/1196/181 1702/1196/181 1704/1198/181
f 447/1469/122 448/1473/122 1981/1473/122 1977/1469/122
f 173/1200/183 175/1199/183 1705/1199/183 1706/1200/183
f 443/1474/122 444/1472/122 1980/1472/122 1982/1474/122
f 172/1202/183 170/1201/183 1707/1201/183 1708/1202/183
f 448/1473/122 446/1475/122 1983/1475/122 1981/1473/122
f 175/1199/183 176/1203/183 1709/1203/183 1705/1199/183
f 441/1476/122 443/1474/122 1982/1474/122 1984/1476/122
f 171/1204/183 172/1202/183 1708/1202/183 1710/1204/183
f 453/1478/124 455/1477/124 1985/1477/124 1986/1478/124
f 176/1203/183 174/1205/183 1711/1205/183 1709/1203/183
f 452/1480/124 450/1479/124 1987/1479/124 1988/1480/124
f 169/1206/183 171/1204/183 1710/1204/183 1712/1206/183
f 455/1477/124 456/1481/124 1989/1481/124 1985/1477/124
f 181/1208/185 183/1207/185 1713/1207/185 1714/1208/185
f 451/1482/124 452/1480/124 1988/1480/124 1990/1482/124
f 180/1210/185 178/1209/185 1715/1209/185 1716/1210/185
f 456/1481/124 454/1483/124 1991/1483/124 1989/1481/124
f 183/1207/185 184/1211/185 1717/1211/185 1713/1207/185
f 449/1484/124 451/1482/124 1990/1482/124 1992/1484/124
f 179/1212/185 180/1210/185 1716/1210/185 1718/1212/185
f 461/1486/126 463/1485/126 1993/1485/126 1994/1486/126
f 184/1211/185 182/1213/185 1719/1213/185 1717/1211/185
f 460/1488/126 458/1487/126 1995/1487/126 1996/1488/126
f 177/1214/185 179/1212/185 1718/1212/185 1720/1214/185
f 463/1485/126 464/1489/126 1997/1489/126 1993/1485/126
f 189/1216/187 191/1215/187 1721/1215/187 1722/1216/187
f 459/1490/126 460/1488/126 1996/1488/126 1998/1490/126
f 188/1218/187 186/1217/187 1723/1217/187 1724/1218/187
f 464/1489/126 462/1491/126 1999/1491/126 1997/1489/126
f 191/1215/187 192/1219/187 1725/1219/187 1721/1215/187
f 457/1492/126 459/1490/126 1998/1490/126 2000/1492/126
f 187/1220/187 188/1218/187 1724/1218/187 1726/1220/187
f 469/1494/128 471/1493/128 2001/1493/128 2002/1494/128
f 192/1219/187 190/1221/187 1727/1221/187 1725/1219/187
f 468/1496/128 466/1495/128 2003/1495/128 2004/1496/128
f 185/1222/187 187/1220/187 1726/1220/187 1728/1222/187
f 471/1493/128 472/1497/128 2005/1497/128 2001/1493/128
f 197/1224/65 199/1223/64 1729/1223/64 1730/1224/65
f 467/1498/128 468/1496/128 2004/1496/128 2006/1498/128
f 196/1226/64 194/1225/65 1731/1225/65 1732/1226/64
f 472/1497/128 470/1499/128 2007/1499/128 2005/1497/128
f 199/1223/64 200/253/64 1733/253/64 1729/1223/64
f 465/1500/128 467/1498/128 2006/1498/128 2008/1500/128
f 195/1227/64 196/1226/64 1732/1226/64 1734/1227/64
f 2058/1040/408 2057/1039/408 2061/1043/408 2063/1045/408 2056/1038/408 2054/1036/408 2052/1034/408 2051/1033/408 2554/1532/408 2553/1531/408 2557/1535/408 2559/1537/408 2546/1524/408 2545/1523/408 2549/1527/408 2551/1529/408 2538/1516/408 2537/1515/408 2541/1519/408 2543/1521/408 2530/1508/408 2529/1507/408 2533/1511/408 2535/1513/408 2522/643/408 2521/644/408 2525/1503/408 2527/1505/408 2514/1494/408 2513/1493/408 2517/1497/408 2519/1499/408 2506/1486/408 2505/1485/408 2509/1489/408 2511/1491/408 2498/1478/408 2497/1477/408 2501/1481/408 2503/1483/408 2490/1470/408 2489/1469/408 2493/1473/408 2495/1475/408 2482/1462/408 2481/1461/408 2485/1465/408 2487/1467/408 2474/1454/408 2473/1453/408 2477/1457/408 2479/1459/408 2466/1446/408 2465/1445/408 2469/1449/408 2471/1451/408 2458/1438/408 2457/1437/408 2461/1441/408 2463/1443/408 2450/1430/408 2449/1429/408 2453/1433/408 2455/1435/408 2442/1422/408 2441/1421/408 2445/1425/408 2447/1427/408 2434/1414/408 2433/1413/408 2437/1417/408 2439/1419/408 2426/1406/408 2425/1405/408 2429/1409/408 2431/1411/408 2418/1398/408 2417/1397/408 2421/1401/408 2423/1403/408 2410/1390/408 2409/1389/408 2413/1393/408 2415/1395/408 2402/1382/408 2401/1381/408 2405/1385/408 2407/1387/408 2394/1374/408 2393/1373/408 2397/1377/408 2399/1379/408 2386/1366/408 2385/1365/408 2389/1369/408 2391/1371/408 2378/1358/408 2377/1357/408 2381/1361/408 2383/1363/408 2370/1350/408 2369/1349/408 2373/1353/408 2375/1355/408 2362/1342/408 2361/1341/408 2365/1345/408 2367/1347/408 2354/1334/408 2353/1333/408 2357/1337/408 2359/1339/408 2346/1326/408 2345/1325/408 2349/1329/408 2351/1331/408 2338/1318/408 2337/1317/408 2341/1321/408 2343/1323/408 2330/1310/408 2329/1309/408 2333/1313/408 2335/1315/408 2322/1302/408 2321/1301/408 2325/1305/408 2327/1307/408 2314/1294/408 2313/1293/408 2317/1297/408 2319/1299/408 2306/1286/408 2305/1285/408 2309/1289/408 2311/1291/408 2298/1278/408 2297/1277/408 2301/1281/408 2303/1283/408 2290/1270/408 2289/1269/408 2293/1273/408 2295/1275/408 2282/1262/408 2281/1261/408 2285/1265/408 2287/1267/408 2274/1254/408 2273/1253/408 2277/1257/408 2279/1259/408 2266/1246/408 2265/1245/408 2269/1249/408 2271/1251/408 2258/1238/408 2257/1237/408 2261/1241/408 2263/1243/408 2250/1230/408 2249/1229/408 2253/1233/408 2255/1235/408 2242/1224/408 2241/1223/408 2245/253/408 2247/254/408 2234/1216/408 2233/1215/408 2237/1219/408 2239/1221/408 2226/1208/408 2225/1207/408 2229/1211/408 2231/1213/408 2218/1200/408 2217/1199/408 2221/1203/408 2223/1205/408 2210/1192/408 2209/1191/408 2213/1195/408 2215/1197/408 2202/1184/408 2201/1183/408 2205/1187/408 2207/1189/408 2194/1176/408 2193/1175/408 2197/1179/408 2199/1181/408 2186/1168/408 2185/1167/408 2189/1171/408 2191/1173/408 2178/1160/408 2177/1159/408 2181/1163/408 2183/1165/408 2170/1152/408 2169/1151/408 2173/1155/408 2175/1157/408 2162/1144/408 2161/1143/408 2165/1147/408 2167/1149/408 2154/1136/408 2153/1135/408 2157/1139/408 2159/1141/408 2146/1128/408 2145/1127/408 2149/1131/408 2151/1133/408 2138/1120/408 2137/1119/408 2141/1123/408 2143/1125/408 2130/1112/408 2129/1111/408 2133/1115/408 2135/1117/408 2122/1104/408 2121/1103/408 2125/1107/408 2127/1109/408 2114/1096/408 2113/1095/408 2117/1099/408 2119/1101/408 2106/1088/408 2105/1087/408 2109/1091/408 2111/1093/408 2098/1080/408 2097/1079/408 2101/1083/408 2103/1085/408 2090/1072/408 2089/1071/408 2093/1075/408 2095/1077/408 2082/1064/408 2081/1063/408 2085/1067/408 2087/1069/408 2074/1056/408 2073/1055/408 2077/1059/408 2079/1061/408 2066/1048/408 2065/1047/408 2069/1051/408 2071/1053/408
f 2050/1032/407 2049/1031/407 2053/1035/407 2055/1037/407 2064/1046/407 2062/1044/407 2060/1042/407 2059/1041/407 2072/1054/407 2070/1052/407 2068/1050/407 2067/1049/407 2080/1062/407 2078/1060/407 2076/1058/407 2075/1057/407 2088/1070/407 2086/1068/407 2084/1066/407 2083/1065/407 2096/1078/407 2094/1076/407 2092/1074/407 2091/1073/407 2104/1086/407 2102/1084/407 2100/1082/407 2099/1081/407 2112/1094/407 2110/1092/407 2108/1090/407 2107/1089/407 2120/1102/407 2118/1100/407 2116/1098/407 2115/1097/407 2128/1110/407 2126/1108/407 2124/1106/407 2123/1105/407 2136/1118/407 2134/1116/407 2132/1114/407 2131/1113/407 2144/1126/407 2142/1124/407 2140/1122/407 2139/1121/407 2152/1134/407 2150/1132/407 2148/1130/407 2147/1129/407 2160/1142/407 2158/1140/407 2156/1138/407 2155/1137/407 2168/1150/407 2166/1148/407 2164/1146/407 2163/1145/407 2176/1158/407 2174/1156/407 2172/1154/407 2171/1153/407 2184/1166/407 2182/1164/407 2180/1162/407 2179/1161/407 2192/1174/407 2190/1172/407 2188/1170/407 2187/1169/407 2200/1182/407 2198/1180/407 2196/1178/407 2195/1177/407 2208/1190/407 2206/1188/407 2204/1186/407 2203/1185/407 2216/1198/407 2214/1196/407 2212/1194/407 2211/1193/407 2224/1206/407 2222/1204/407 2220/1202/407 2219/1201/407 2232/1214/407 2230/1212/407 2228/1210/407 2227/1209/407 2240/1222/407 2238/1220/407 2236/1218/407 2235/1217/407 2248/1228/407 2246/1227/407 2244/1226/407 2243/1225/407 2256/1236/407 2254/1234/407 2252/1232/407 2251/1231/407 2264/1244/407 2262/1242/407 2260/1240/407 2259/1239/407 2272/1252/407 2270/1250/407 2268/1248/407 2267/1247/407 2280/1260/407 2278/1258/407 2276/1256/407 2275/1255/407 2288/1268/407 2286/1266/407 2284/1264/407 2283/1263/407 2296/1276/407 2294/1274/407 2292/1272/407 2291/1271/407 2304/1284/407 2302/1282/407 2300/1280/407 2299/1279/407 2312/1292/407 2310/1290/407 2308/1288/407 2307/1287/407 2320/1300/407 2318/1298/407 2316/1296/407 2315/1295/407 2328/1308/407 2326/1306/407 2324/1304/407 2323/1303/407 2336/1316/407 2334/1314/407 2332/1312/407 2331/1311/407 2344/1324/407 2342/1322/407 2340/1320/407 2339/1319/407 2352/1332/407 2350/1330/407 2348/1328/407 2347/1327/407 2360/1340/407 2358/1338/407 2356/1336/407 2355/1335/407 2368/1348/407 2366/1346/407 2364/1344/407 2363/1343/407 2376/1356/407 2374/1354/407 2372/1352/407 2371/1351/407 2384/1364/407 2382/1362/407 2380/1360/407 2379/1359/407 2392/1372/407 2390/1370/407 2388/1368/407 2387/1367/407 2400/1380/407 2398/1378/407 2396/1376/407 2395/1375/407 2408/1388/407 2406/1386/407 2404/1384/407 2403/1383/407 2416/1396/407 2414/1394/407 2412/1392/407 2411/1391/407 2424/1404/407 2422/1402/407 2420/1400/407 2419/1399/407 2432/1412/407 2430/1410/407 2428/1408/407 2427/1407/407 2440/1420/407 2438/1418/407 2436/1416/407 2435/1415/407 2448/1428/407 2446/1426/407 2444/1424/407 2443/1423/407 2456/1436/407 2454/1434/407 2452/1432/407 2451/1431/407 2464/1444/407 2462/1442/407 2460/1440/407 2459/1439/407 2472/1452/407 2470/1450/407 2468/1448/407 2467/1447/407 2480/1460/407 2478/1458/407 2476/1456/407 2475/1455/407 2488/1468/407 2486/1466/407 2484/1464/407 2483/1463/407 2496/1476/407 2494/1474/407 2492/1472/407 2491/1471/407 2504/1484/407 2502/1482/407 2500/1480/407 2499/1479/407 2512/1492/407 2510/1490/407 2508/1488/407 2507/1487/407 2520/1500/407 2518/1498/407 2516/1496/407 2515/1495/407 2528/1506/407 2526/1504/407 2524/1502/407 2523/1501/407 2536/1514/407 2534/1512/407 2532/1510/407 2531/1509/407 2544/1522/407 2542/1520/407 2540/1518/407 2539/1517/407 2552/1530/407 2550/1528/407 2548/1526/407 2547/1525/407 2560/1538/407 2558/1536/407 2556/1534/407 2555/1533/407
f 2017/1507/196 2021/1511/196 2533/1511/196 2529/1507/196
f 1746/1238/128 1745/1237/128 2257/1237/128 2258/1238/128
f 2022/1512/196 2020/1510/196 2532/1510/196 2534/1512/196
f 1748/1240/128 1747/1239/128 2259/1239/128 2260/1240/128
f 2021/1511/196 2023/1513/196 2535/1513/196 2533/1511/196
f 1745/1237/128 1749/1241/128 2261/1241/128 2257/1237/128
f 2024/1514/196 2022/1512/196 2534/1512/196 2536/1514/196
f 1750/1242/128 1748/1240/128 2260/1240/128 2262/1242/128
f 2026/1516/209 2025/1515/209 2537/1515/209 2538/1516/209
f 1749/1241/128 1751/1243/128 2263/1243/128 2261/1241/128
f 2028/1518/209 2027/1517/209 2539/1517/209 2540/1518/209
f 1752/1244/128 1750/1242/128 2262/1242/128 2264/1244/128
f 2025/1515/209 2029/1519/209 2541/1519/209 2537/1515/209
f 1754/1246/131 1753/1245/131 2265/1245/131 2266/1246/131
f 2030/1520/198 2028/1518/209 2540/1518/209 2542/1520/198
f 1756/1248/131 1755/1247/131 2267/1247/131 2268/1248/131
f 2029/1519/209 2031/1521/198 2543/1521/198 2541/1519/209
f 1753/1245/131 1757/1249/131 2269/1249/131 2265/1245/131
f 2032/1522/198 2030/1520/198 2542/1520/198 2544/1522/198
f 1758/1250/131 1756/1248/131 2268/1248/131 2270/1250/131
f 2034/1524/200 2033/1523/200 2545/1523/200 2546/1524/200
f 1757/1249/131 1759/1251/131 2271/1251/131 2269/1249/131
f 2036/1526/200 2035/1525/200 2547/1525/200 2548/1526/200
f 1760/1252/131 1758/1250/131 2270/1250/131 2272/1252/131
f 2033/1523/200 2037/1527/200 2549/1527/200 2545/1523/200
f 1762/1254/133 1761/1253/133 2273/1253/133 2274/1254/133
f 2038/1528/200 2036/1526/200 2548/1526/200 2550/1528/200
f 1764/1256/133 1763/1255/133 2275/1255/133 2276/1256/133
f 2037/1527/200 2039/1529/200 2551/1529/200 2549/1527/200
f 1761/1253/133 1765/1257/133 2277/1257/133 2273/1253/133
f 2040/1530/200 2038/1528/200 2550/1528/200 2552/1530/200
f 1766/1258/133 1764/1256/133 2276/1256/133 2278/1258/133
f 2042/1532/203 2041/1531/203 2553/1531/203 2554/1532/203
f 1765/1257/133 1767/1259/133 2279/1259/133 2277/1257/133
f 2044/1534/203 2043/1533/210 2555/1533/210 2556/1534/203
f 1768/1260/133 1766/1258/133 2278/1258/133 2280/1260/133
f 2041/1531/203 2045/1535/210 2557/1535/210 2553/1531/203
f 1770/1262/206 1769/1261/206 2281/1261/206 2282/1262/206
f 2046/1536/203 2044/1534/203 2556/1534/203 2558/1536/203
f 1772/1264/206 1771/1263/206 2283/1263/206 2284/1264/206
f 2045/1535/210 2047/1537/203 2559/1537/203 2557/1535/210
f 1769/1261/206 1773/1265/135 2285/1265/135 2281/1261/206
f 2048/1538/203 2046/1536/203 2558/1536/203 2560/1538/203
f 1774/1266/135 1772/1264/206 2284/1264/206 2286/1266/135
f 2043/1533/1 1538/1032/1 2050/1032/1 2555/1533/1
f 1773/1265/135 1775/1267/135 2287/1267/135 2285/1265/135
f 1543/1037/66 1552/1046/66 2064/1046/66 2055/1037/66
f 1776/1268/135 1774/1266/135 2286/1266/135 2288/1268/135
f 1547/1041/63 1560/1054/63 2072/1054/63 2059/1041/63
f 1778/1270/137 1777/1269/137 2289/1269/137 2290/1270/137
f 1555/1049/2 1568/1062/2 2080/1062/2 2067/1049/2
f 1780/1272/137 1779/1271/137 2291/1271/137 2292/1272/137
f 1563/1057/414 1576/1070/414 2088/1070/414 2075/1057/414
f 1777/1269/137 1781/1273/137 2293/1273/137 2289/1269/137
f 1571/1065/4 1584/1078/4 2096/1078/4 2083/1065/4
f 1782/1274/137 1780/1272/137 2292/1272/137 2294/1274/137
f 1579/1073/5 1592/1086/5 2104/1086/5 2091/1073/5
f 1781/1273/137 1783/1275/137 2295/1275/137 2293/1273/137
f 1587/1081/6 1600/1094/6 2112/1094/6 2099/1081/6
f 1784/1276/137 1782/1274/137 2294/1274/137 2296/1276/137
f 1595/1089/7 1608/1102/7 2120/1102/7 2107/1089/7
f 1786/1278/139 1785/1277/139 2297/1277/139 2298/1278/139
f 1603/1097/8 1616/1110/8 2128/1110/8 2115/1097/8
f 1788/1280/409 1787/1279/409 2299/1279/409 2300/1280/409
f 1611/1105/9 1624/1118/9 2136/1118/9 2123/1105/9
f 1785/1277/139 1789/1281/409 2301/1281/409 2297/1277/139
f 1619/1113/10 1632/1126/10 2144/1126/10 2131/1113/10
f 1790/1282/139 1788/1280/409 2300/1280/409 2302/1282/139
f 1627/1121/11 1640/1134/11 2152/1134/11 2139/1121/11
f 1789/1281/409 1791/1283/139 2303/1283/139 2301/1281/409
f 1635/1129/12 1648/1142/12 2160/1142/12 2147/1129/12
f 1792/1284/139 1790/1282/139 2302/1282/139 2304/1284/139
f 1643/1137/13 1656/1150/13 2168/1150/13 2155/1137/13
f 1794/1286/141 1793/1285/141 2305/1285/141 2306/1286/141
f 1651/1145/14 1664/1158/14 2176/1158/14 2163/1145/14
f 1796/1288/141 1795/1287/141 2307/1287/141 2308/1288/141
f 1659/1153/15 1672/1166/15 2184/1166/15 2171/1153/15
f 1793/1285/141 1797/1289/141 2309/1289/141 2305/1285/141
f 1667/1161/16 1680/1174/16 2192/1174/16 2179/1161/16
f 1798/1290/141 1796/1288/141 2308/1288/141 2310/1290/141
f 1675/1169/17 1688/1182/17 2200/1182/17 2187/1169/17
f 1797/1289/141 1799/1291/141 2311/1291/141 2309/1289/141
f 1683/1177/18 1696/1190/18 2208/1190/18 2195/1177/18
f 1800/1292/141 1798/1290/141 2310/1290/141 2312/1292/141
f 1691/1185/19 1704/1198/19 2216/1198/19 2203/1185/19
f 1802/1294/143 1801/1293/143 2313/1293/143 2314/1294/143
f 1699/1193/20 1712/1206/20 2224/1206/20 2211/1193/20
f 1804/1296/143 1803/1295/415 2315/1295/415 2316/1296/143
f 1707/1201/21 1720/1214/21 2232/1214/21 2219/1201/21
f 1801/1293/143 1805/1297/415 2317/1297/415 2313/1293/143
f 1715/1209/22 1728/1222/22 2240/1222/22 2227/1209/22
f 1806/1298/143 1804/1296/143 2316/1296/143 2318/1298/143
f 1723/1217/23 1736/1228/23 2248/1228/23 2235/1217/23
f 1805/1297/415 1807/1299/415 2319/1299/415 2317/1297/415
f 1731/1225/24 1744/1236/24 2256/1236/24 2243/1225/24
f 1808/1300/143 1806/1298/143 2318/1298/143 2320/1300/143
f 1739/1231/25 1752/1244/25 2264/1244/25 2251/1231/25
f 1810/1302/144 1809/1301/144 2321/1301/144 2322/1302/144
f 1747/1239/26 1760/1252/26 2272/1252/26 2259/1239/26
f 1812/1304/144 1811/1303/144 2323/1303/144 2324/1304/144
f 1755/1247/27 1768/1260/27 2280/1260/27 2267/1247/27
f 1809/1301/144 1813/1305/144 2325/1305/144 2321/1301/144
f 1538/1032/68 1537/1031/68 2049/1031/68 2050/1032/68
f 1763/1255/28 1776/1268/28 2288/1268/28 2275/1255/28
f 1814/1306/144 1812/1304/144 2324/1304/144 2326/1306/144
f 1540/1034/68 1539/1033/68 2051/1033/68 2052/1034/68
f 1771/1263/29 1784/1276/29 2296/1276/29 2283/1263/29
f 1813/1305/144 1815/1307/144 2327/1307/144 2325/1305/144
f 1537/1031/68 1541/1035/68 2053/1035/68 2049/1031/68
f 1779/1271/30 1792/1284/30 2304/1284/30 2291/1271/30
f 1816/1308/144 1814/1306/144 2326/1306/144 2328/1308/144
f 1542/1036/68 1540/1034/68 2052/1034/68 2054/1036/68
f 1787/1279/31 1800/1292/31 2312/1292/31 2299/1279/31
f 1818/1310/207 1817/1309/146 2329/1309/146 2330/1310/207
f 1541/1035/68 1543/1037/68 2055/1037/68 2053/1035/68
f 1795/1287/32 1808/1300/32 2320/1300/32 2307/1287/32
f 1820/1312/146 1819/1311/146 2331/1311/146 2332/1312/146
f 1544/1038/68 1542/1036/68 2054/1036/68 2056/1038/68
f 1803/1295/33 1816/1308/33 2328/1308/33 2315/1295/33
f 1817/1309/146 1821/1313/207 2333/1313/207 2329/1309/146
f 1546/1040/71 1545/1039/71 2057/1039/71 2058/1040/71
f 1811/1303/34 1824/1316/34 2336/1316/34 2323/1303/34
f 1822/1314/207 1820/1312/146 2332/1312/146 2334/1314/207
f 1548/1042/71 1547/1041/71 2059/1041/71 2060/1042/71
f 1819/1311/35 1832/1324/35 2344/1324/35 2331/1311/35
f 1821/1313/207 1823/1315/207 2335/1315/207 2333/1313/207
f 1545/1039/71 1549/1043/71 2061/1043/71 2057/1039/71
f 1827/1319/36 1840/1332/36 2352/1332/36 2339/1319/36
f 1824/1316/207 1822/1314/207 2334/1314/207 2336/1316/207
f 1550/1044/71 1548/1042/71 2060/1042/71 2062/1044/71
f 1835/1327/37 1848/1340/37 2360/1340/37 2347/1327/37
f 1826/1318/148 1825/1317/148 2337/1317/148 2338/1318/148
f 1549/1043/71 1551/1045/204 2063/1045/204 2061/1043/71
f 1843/1335/38 1856/1348/38 2368/1348/38 2355/1335/38
f 1828/1320/148 1827/1319/148 2339/1319/148 2340/1320/148
f 1552/1046/71 1550/1044/71 2062/1044/71 2064/1046/71
f 1851/1343/39 1864/1356/39 2376/1356/39 2363/1343/39
f 1825/1317/148 1829/1321/148 2341/1321/148 2337/1317/148
f 1554/1048/74 1553/1047/74 2065/1047/74 2066/1048/74
f 1859/1351/40 1872/1364/40 2384/1364/40 2371/1351/40
f 1830/1322/148 1828/1320/148 2340/1320/148 2342/1322/148
f 1556/1050/74 1555/1049/74 2067/1049/74 2068/1050/74
f 1867/1359/41 1880/1372/41 2392/1372/41 2379/1359/41
f 1829/1321/148 1831/1323/148 2343/1323/148 2341/1321/148
f 1553/1047/74 1557/1051/74 2069/1051/74 2065/1047/74
f 1875/1367/42 1888/1380/42 2400/1380/42 2387/1367/42
f 1832/1324/148 1830/1322/148 2342/1322/148 2344/1324/148
f 1558/1052/74 1556/1050/74 2068/1050/74 2070/1052/74
f 1883/1375/43 1896/1388/43 2408/1388/43 2395/1375/43
f 1834/1326/150 1833/1325/150 2345/1325/150 2346/1326/150
f 1557/1051/74 1559/1053/74 2071/1053/74 2069/1051/74
f 1891/1383/44 1904/1396/44 2416/1396/44 2403/1383/44
f 1836/1328/150 1835/1327/150 2347/1327/150 2348/1328/150
f 1560/1054/74 1558/1052/74 2070/1052/74 2072/1054/74
f 1899/1391/45 1912/1404/45 2424/1404/45 2411/1391/45
f 1833/1325/150 1837/1329/150 2349/1329/150 2345/1325/150
f 1562/1056/205 1561/1055/205 2073/1055/205 2074/1056/205
f 1907/1399/421 1920/1412/421 2432/1412/421 2419/1399/421
f 1838/1330/150 1836/1328/150 2348/1328/150 2350/1330/150
f 1564/1058/77 1563/1057/205 2075/1057/205 2076/1058/77
f 1915/1407/47 1928/1420/47 2440/1420/47 2427/1407/47
f 1837/1329/150 1839/1331/150 2351/1331/150 2349/1329/150
f 1561/1055/205 1565/1059/205 2077/1059/205 2073/1055/205
f 1923/1415/48 1936/1428/48 2448/1428/48 2435/1415/48
f 1840/1332/150 1838/1330/150 2350/1330/150 2352/1332/150
f 1566/1060/205 1564/1058/77 2076/1058/77 2078/1060/205
f 1931/1423/422 1944/1436/422 2456/1436/422 2443/1423/422
f 1842/1334/152 1841/1333/152 2353/1333/152 2354/1334/152
f 1565/1059/205 1567/1061/205 2079/1061/205 2077/1059/205
f 1939/1431/50 1952/1444/50 2464/1444/50 2451/1431/50
f 1844/1336/152 1843/1335/152 2355/1335/152 2356/1336/152
f 1568/1062/205 1566/1060/205 2078/1060/205 2080/1062/205
f 1947/1439/51 1960/1452/51 2472/1452/51 2459/1439/51
f 1841/1333/152 1845/1337/152 2357/1337/152 2353/1333/152
f 1570/1064/80 1569/1063/80 2081/1063/80 2082/1064/80
f 1955/1447/52 1968/1460/52 2480/1460/52 2467/1447/52
f 1846/1338/152 1844/1336/152 2356/1336/152 2358/1338/152
f 1572/1066/80 1571/1065/80 2083/1065/80 2084/1066/80
f 1963/1455/53 1976/1468/53 2488/1468/53 2475/1455/53
f 1845/1337/152 1847/1339/152 2359/1339/152 2357/1337/152
f 1569/1063/80 1573/1067/80 2085/1067/80 2081/1063/80
f 1971/1463/54 1984/1476/54 2496/1476/54 2483/1463/54
f 1848/1340/152 1846/1338/152 2358/1338/152 2360/1340/152
f 1574/1068/80 1572/1066/80 2084/1066/80 2086/1068/80
f 1979/1471/55 1992/1484/55 2504/1484/55 2491/1471/55
f 1850/1342/155 1849/1341/155 2361/1341/155 2362/1342/155
f 1573/1067/80 1575/1069/80 2087/1069/80 2085/1067/80
f 1987/1479/56 2000/1492/56 2512/1492/56 2499/1479/56
f 1852/1344/155 1851/1343/155 2363/1343/155 2364/1344/155
f 1576/1070/80 1574/1068/80 2086/1068/80 2088/1070/80
f 1995/1487/57 2008/1500/57 2520/1500/57 2507/1487/57
f 1849/1341/155 1853/1345/155 2365/1345/155 2361/1341/155
f 1578/1072/83 1577/1071/83 2089/1071/83 2090/1072/83
f 2003/1495/58 2016/1506/58 2528/1506/58 2515/1495/58
f 1854/1346/155 1852/1344/155 2364/1344/155 2366/1346/155
f 1580/1074/83 1579/1073/83 2091/1073/83 2092/1074/83
f 2011/1501/59 2024/1514/59 2536/1514/59 2523/1501/59
f 1853/1345/155 1855/1347/155 2367/1347/155 2365/1345/155
f 1577/1071/83 1581/1075/83 2093/1075/83 2089/1071/83
f 2019/1509/412 2032/1522/412 2544/1522/412 2531/1509/412
f 1856/1348/155 1854/1346/155 2366/1346/155 2368/1348/155
f 1582/1076/83 1580/1074/83 2092/1074/83 2094/1076/83
f 2027/1517/423 2040/1530/423 2552/1530/423 2539/1517/423
f 1858/1350/208 1857/1349/157 2369/1349/157 2370/1350/208
f 1581/1075/83 1583/1077/83 2095/1077/83 2093/1075/83
f 2035/1525/62 2048/1538/62 2560/1538/62 2547/1525/62
f 1860/1352/157 1859/1351/208 2371/1351/208 2372/1352/157
f 1584/1078/83 1582/1076/83 2094/1076/83 2096/1078/83
f 1551/1045/66 1544/1038/66 2056/1038/66 2063/1045/66
f 1857/1349/157 1861/1353/157 2373/1353/157 2369/1349/157
f 1586/1080/86 1585/1079/86 2097/1079/86 2098/1080/86
f 1539/1033/1 2042/1532/1 2554/1532/1 2051/1033/1
f 1862/1354/157 1860/1352/157 2372/1352/157 2374/1354/157
f 1588/1082/86 1587/1081/86 2099/1081/86 2100/1082/86
f 1559/1053/63 1546/1040/63 2058/1040/63 2071/1053/63
f 1861/1353/157 1863/1355/208 2375/1355/208 2373/1353/157
f 1585/1079/86 1589/1083/86 2101/1083/86 2097/1079/86
f 2047/1537/62 2034/1524/62 2546/1524/62 2559/1537/62
f 1864/1356/208 1862/1354/157 2374/1354/157 2376/1356/208
f 1590/1084/86 1588/1082/86 2100/1082/86 2102/1084/86
f 2039/1529/423 2026/1516/423 2538/1516/423 2551/1529/423
f 1866/1358/159 1865/1357/159 2377/1357/159 2378/1358/159
f 1589/1083/86 1591/1085/86 2103/1085/86 2101/1083/86
f 2031/1521/60 2018/1508/60 2530/1508/60 2543/1521/60
f 1868/1360/159 1867/1359/159 2379/1359/159 2380/1360/159
f 1592/1086/86 1590/1084/86 2102/1084/86 2104/1086/86
f 2023/1513/59 2010/643/59 2522/643/59 2535/1513/59
f 1865/1357/159 1869/1361/159 2381/1361/159 2377/1357/159
f 1594/1088/89 1593/1087/89 2105/1087/89 2106/1088/89
f 2015/1505/58 2002/1494/58 2514/1494/58 2527/1505/58
f 1870/1362/159 1868/1360/159 2380/1360/159 2382/1362/159
f 1596/1090/89 1595/1089/89 2107/1089/89 2108/1090/89
f 2007/1499/57 1994/1486/57 2506/1486/57 2519/1499/57
f 1869/1361/159 1871/1363/159 2383/1363/159 2381/1361/159
f 1593/1087/89 1597/1091/89 2109/1091/89 2105/1087/89
f 1999/1491/56 1986/1478/56 2498/1478/56 2511/1491/56
f 1872/1364/159 1870/1362/159 2382/1362/159 2384/1364/159
f 1598/1092/89 1596/1090/89 2108/1090/89 2110/1092/89
f 1991/1483/55 1978/1470/55 2490/1470/55 2503/1483/55
f 1874/1366/161 1873/1365/161 2385/1365/161 2386/1366/161
f 1597/1091/89 1599/1093/89 2111/1093/89 2109/1091/89
f 1983/1475/54 1970/1462/54 2482/1462/54 2495/1475/54
f 1876/1368/161 1875/1367/161 2387/1367/161 2388/1368/161
f 1600/1094/89 1598/1092/89 2110/1092/89 2112/1094/89
f 1873/1365/161 1877/1369/161 2389/1369/161 2385/1365/161
f 1602/1096/91 1601/1095/91 2113/1095/91 2114/1096/91
f 1878/1370/161 1876/1368/161 2388/1368/161 2390/1370/161
f 1604/1098/91 1603/1097/91 2115/1097/91 2116/1098/91
f 1877/1369/161 1879/1371/161 2391/1371/161 2389/1369/161
f 1601/1095/91 1605/1099/91 2117/1099/91 2113/1095/91
f 1880/1372/161 1878/1370/161 2390/1370/161 2392/1372/161
f 1606/1100/91 1604/1098/91 2116/1098/91 2118/1100/91
f 1882/1374/163 1881/1373/163 2393/1373/163 2394/1374/163
f 1605/1099/91 1607/1101/91 2119/1101/91 2117/1099/91
f 1884/1376/163 1883/1375/163 2395/1375/163 2396/1376/163
f 1608/1102/91 1606/1100/91 2118/1100/91 2120/1102/91
f 1881/1373/163 1885/1377/163 2397/1377/163 2393/1373/163
f 1975/1467/53 1962/1454/53 2474/1454/53 2487/1467/53
f 1610/1104/93 1609/1103/93 2121/1103/93 2122/1104/93
f 1886/1378/163 1884/1376/163 2396/1376/163 2398/1378/163
f 1967/1459/52 1954/1446/52 2466/1446/52 2479/1459/52
f 1612/1106/93 1611/1105/93 2123/1105/93 2124/1106/93
f 1885/1377/163 1887/1379/163 2399/1379/163 2397/1377/163
f 1959/1451/51 1946/1438/51 2458/1438/51 2471/1451/51
f 1609/1103/93 1613/1107/93 2125/1107/93 2121/1103/93
f 1888/1380/163 1886/1378/163 2398/1378/163 2400/1380/163
f 1951/1443/50 1938/1430/50 2450/1430/50 2463/1443/50
f 1614/1108/93 1612/1106/93 2124/1106/93 2126/1108/93
f 1890/1382/165 1889/1381/165 2401/1381/165 2402/1382/165
f 1943/1435/49 1930/1422/49 2442/1422/49 2455/1435/49
f 1613/1107/93 1615/1109/93 2127/1109/93 2125/1107/93
f 1892/1384/165 1891/1383/165 2403/1383/165 2404/1384/165
f 1935/1427/48 1922/1414/48 2434/1414/48 2447/1427/48
f 1616/1110/93 1614/1108/93 2126/1108/93 2128/1110/93
f 1889/1381/165 1893/1385/165 2405/1385/165 2401/1381/165
f 1927/1419/47 1914/1406/47 2426/1406/47 2439/1419/47
f 1618/1112/94 1617/1111/94 2129/1111/94 2130/1112/94
f 1894/1386/165 1892/1384/165 2404/1384/165 2406/1386/165
f 1919/1411/46 1906/1398/46 2418/1398/46 2431/1411/46
f 1620/1114/94 1619/1113/94 2131/1113/94 2132/1114/94
f 1893/1385/165 1895/1387/165 2407/1387/165 2405/1385/165
f 1911/1403/45 1898/1390/45 2410/1390/45 2423/1403/45
f 1617/1111/94 1621/1115/94 2133/1115/94 2129/1111/94
f 1896/1388/165 1894/1386/165 2406/1386/165 2408/1388/165
f 1903/1395/44 1890/1382/44 2402/1382/44 2415/1395/44
f 1622/1116/94 1620/1114/94 2132/1114/94 2134/1116/94
f 1898/1390/167 1897/1389/167 2409/1389/167 2410/1390/167
f 1895/1387/43 1882/1374/43 2394/1374/43 2407/1387/43
f 1621/1115/94 1623/1117/94 2135/1117/94 2133/1115/94
f 1900/1392/167 1899/1391/167 2411/1391/167 2412/1392/167
f 1887/1379/42 1874/1366/42 2386/1366/42 2399/1379/42
f 1624/1118/94 1622/1116/94 2134/1116/94 2136/1118/94
f 1897/1389/167 1901/1393/167 2413/1393/167 2409/1389/167
f 1879/1371/41 1866/1358/41 2378/1358/41 2391/1371/41
f 1626/1120/96 1625/1119/96 2137/1119/96 2138/1120/96
f 1902/1394/167 1900/1392/167 2412/1392/167 2414/1394/167
f 1871/1363/40 1858/1350/40 2370/1350/40 2383/1363/40
f 1628/1122/96 1627/1121/96 2139/1121/96 2140/1122/96
f 1901/1393/167 1903/1395/167 2415/1395/167 2413/1393/167
f 1863/1355/39 1850/1342/39 2362/1342/39 2375/1355/39
f 1625/1119/96 1629/1123/96 2141/1123/96 2137/1119/96
f 1904/1396/167 1902/1394/167 2414/1394/167 2416/1396/167
f 1855/1347/38 1842/1334/38 2354/1334/38 2367/1347/38
f 1630/1124/96 1628/1122/96 2140/1122/96 2142/1124/96
f 1906/1398/168 1905/1397/168 2417/1397/168 2418/1398/168
f 1847/1339/37 1834/1326/37 2346/1326/37 2359/1339/37
f 1629/1123/96 1631/1125/96 2143/1125/96 2141/1123/96
f 1908/1400/168 1907/1399/168 2419/1399/168 2420/1400/168
f 1839/1331/36 1826/1318/36 2338/1318/36 2351/1331/36
f 1632/1126/96 1630/1124/96 2142/1124/96 2144/1126/96
f 1905/1397/168 1909/1401/168 2421/1401/168 2417/1397/168
f 1831/1323/35 1818/1310/35 2330/1310/35 2343/1323/35
f 1634/1128/99 1633/1127/99 2145/1127/99 2146/1128/99
f 1910/1402/168 1908/1400/168 2420/1400/168 2422/1402/168
f 1823/1315/34 1810/1302/34 2322/1302/34 2335/1315/34
f 1636/1130/99 1635/1129/99 2147/1129/99 2148/1130/99
f 1909/1401/168 1911/1403/168 2423/1403/168 2421/1401/168
f 1815/1307/33 1802/1294/33 2314/1294/33 2327/1307/33
f 1633/1127/99 1637/1131/99 2149/1131/99 2145/1127/99
f 1912/1404/168 1910/1402/168 2422/1402/168 2424/1404/168
f 1807/1299/32 1794/1286/32 2306/1286/32 2319/1299/32
f 1638/1132/99 1636/1130/99 2148/1130/99 2150/1132/99
f 1914/1406/170 1913/1405/170 2425/1405/170 2426/1406/170
f 1799/1291/31 1786/1278/31 2298/1278/31 2311/1291/31
f 1637/1131/99 1639/1133/99 2151/1133/99 2149/1131/99
f 1916/1408/170 1915/1407/170 2427/1407/170 2428/1408/170
f 1791/1283/30 1778/1270/30 2290/1270/30 2303/1283/30
f 1640/1134/99 1638/1132/99 2150/1132/99 2152/1134/99
f 1913/1405/170 1917/1409/170 2429/1409/170 2425/1405/170
f 1783/1275/29 1770/1262/29 2282/1262/29 2295/1275/29
f 1642/1136/101 1641/1135/101 2153/1135/101 2154/1136/101
f 1918/1410/170 1916/1408/170 2428/1408/170 2430/1410/170
f 1775/1267/28 1762/1254/28 2274/1254/28 2287/1267/28
f 1644/1138/101 1643/1137/101 2155/1137/101 2156/1138/101
f 1917/1409/170 1919/1411/170 2431/1411/170 2429/1409/170
f 1767/1259/27 1754/1246/27 2266/1246/27 2279/1259/27
f 1641/1135/101 1645/1139/101 2157/1139/101 2153/1135/101
f 1920/1412/170 1918/1410/170 2430/1410/170 2432/1412/170
f 1759/1251/26 1746/1238/26 2258/1238/26 2271/1251/26
f 1646/1140/101 1644/1138/101 2156/1138/101 2158/1140/101
f 1922/1414/172 1921/1413/172 2433/1413/172 2434/1414/172
f 1751/1243/25 1738/1230/25 2250/1230/25 2263/1243/25
f 1645/1139/101 1647/1141/101 2159/1141/101 2157/1139/101
f 1924/1416/172 1923/1415/172 2435/1415/172 2436/1416/172
f 1743/1235/24 1730/1224/24 2242/1224/24 2255/1235/24
f 1648/1142/101 1646/1140/101 2158/1140/101 2160/1142/101
f 1921/1413/172 1925/1417/172 2437/1417/172 2433/1413/172
f 1735/254/23 1722/1216/23 2234/1216/23 2247/254/23
f 1650/1144/103 1649/1143/103 2161/1143/103 2162/1144/103
f 1926/1418/172 1924/1416/172 2436/1416/172 2438/1418/172
f 1727/1221/22 1714/1208/22 2226/1208/22 2239/1221/22
f 1652/1146/103 1651/1145/103 2163/1145/103 2164/1146/103
f 1925/1417/172 1927/1419/172 2439/1419/172 2437/1417/172
f 1719/1213/21 1706/1200/21 2218/1200/21 2231/1213/21
f 1649/1143/103 1653/1147/103 2165/1147/103 2161/1143/103
f 1928/1420/172 1926/1418/172 2438/1418/172 2440/1420/172
f 1711/1205/20 1698/1192/20 2210/1192/20 2223/1205/20
f 1654/1148/103 1652/1146/103 2164/1146/103 2166/1148/103
f 1930/1422/174 1929/1421/174 2441/1421/174 2442/1422/174
f 1703/1197/19 1690/1184/19 2202/1184/19 2215/1197/19
f 1653/1147/103 1655/1149/103 2167/1149/103 2165/1147/103
f 1932/1424/174 1931/1423/174 2443/1423/174 2444/1424/174
f 1695/1189/18 1682/1176/18 2194/1176/18 2207/1189/18
f 1656/1150/103 1654/1148/103 2166/1148/103 2168/1150/103
f 1929/1421/174 1933/1425/174 2445/1425/174 2441/1421/174
f 1687/1181/17 1674/1168/17 2186/1168/17 2199/1181/17
f 1658/1152/106 1657/1151/106 2169/1151/106 2170/1152/106
f 1934/1426/174 1932/1424/174 2444/1424/174 2446/1426/174
f 1679/1173/16 1666/1160/16 2178/1160/16 2191/1173/16
f 1660/1154/106 1659/1153/106 2171/1153/106 2172/1154/106
f 1933/1425/174 1935/1427/174 2447/1427/174 2445/1425/174
f 1671/1165/15 1658/1152/15 2170/1152/15 2183/1165/15
f 1657/1151/106 1661/1155/106 2173/1155/106 2169/1151/106
f 1936/1428/174 1934/1426/174 2446/1426/174 2448/1428/174
f 1663/1157/14 1650/1144/14 2162/1144/14 2175/1157/14
f 1662/1156/106 1660/1154/106 2172/1154/106 2174/1156/106
f 1938/1430/176 1937/1429/176 2449/1429/176 2450/1430/176
f 1655/1149/13 1642/1136/13 2154/1136/13 2167/1149/13
f 1661/1155/106 1663/1157/106 2175/1157/106 2173/1155/106
f 1940/1432/176 1939/1431/176 2451/1431/176 2452/1432/176
f 1647/1141/12 1634/1128/12 2146/1128/12 2159/1141/12
f 1664/1158/106 1662/1156/106 2174/1156/106 2176/1158/106
f 1937/1429/176 1941/1433/176 2453/1433/176 2449/1429/176
f 1639/1133/11 1626/1120/11 2138/1120/11 2151/1133/11
f 1666/1160/108 1665/1159/108 2177/1159/108 2178/1160/108
f 1942/1434/176 1940/1432/176 2452/1432/176 2454/1434/176
f 1631/1125/10 1618/1112/10 2130/1112/10 2143/1125/10
f 1668/1162/108 1667/1161/108 2179/1161/108 2180/1162/108
f 1941/1433/176 1943/1435/176 2455/1435/176 2453/1433/176
f 1623/1117/9 1610/1104/9 2122/1104/9 2135/1117/9
f 1665/1159/108 1669/1163/108 2181/1163/108 2177/1159/108
f 1944/1436/176 1942/1434/176 2454/1434/176 2456/1436/176
f 1615/1109/8 1602/1096/8 2114/1096/8 2127/1109/8
f 1670/1164/108 1668/1162/108 2180/1162/108 2182/1164/108
f 1946/1438/179 1945/1437/179 2457/1437/179 2458/1438/179
f 1607/1101/7 1594/1088/7 2106/1088/7 2119/1101/7
f 1669/1163/108 1671/1165/108 2183/1165/108 2181/1163/108
f 1948/1440/179 1947/1439/179 2459/1439/179 2460/1440/179
f 1599/1093/6 1586/1080/6 2098/1080/6 2111/1093/6
f 1672/1166/108 1670/1164/108 2182/1164/108 2184/1166/108
f 1945/1437/179 1949/1441/179 2461/1441/179 2457/1437/179
f 1591/1085/5 1578/1072/5 2090/1072/5 2103/1085/5
f 1674/1168/110 1673/1167/110 2185/1167/110 2186/1168/110
f 1950/1442/179 1948/1440/179 2460/1440/179 2462/1442/179
f 1583/1077/4 1570/1064/4 2082/1064/4 2095/1077/4
f 1676/1170/110 1675/1169/110 2187/1169/110 2188/1170/110
f 1949/1441/179 1951/1443/179 2463/1443/179 2461/1441/179
f 1575/1069/3 1562/1056/3 2074/1056/3 2087/1069/3
f 1673/1167/110 1677/1171/110 2189/1171/110 2185/1167/110
f 1952/1444/179 1950/1442/179 2462/1442/179 2464/1444/179
f 1567/1061/2 1554/1048/2 2066/1048/2 2079/1061/2
f 1678/1172/110 1676/1170/110 2188/1170/110 2190/1172/110
f 1954/1446/181 1953/1445/181 2465/1445/181 2466/1446/181
f 1677/1171/110 1679/1173/110 2191/1173/110 2189/1171/110
f 1956/1448/181 1955/1447/181 2467/1447/181 2468/1448/181
f 1680/1174/110 1678/1172/110 2190/1172/110 2192/1174/110
f 1953/1445/181 1957/1449/181 2469/1449/181 2465/1445/181
f 1682/1176/112 1681/1175/112 2193/1175/112 2194/1176/112
f 1958/1450/181 1956/1448/181 2468/1448/181 2470/1450/181
f 1684/1178/112 1683/1177/112 2195/1177/112 2196/1178/112
f 1957/1449/181 1959/1451/181 2471/1451/181 2469/1449/181
f 1681/1175/112 1685/1179/112 2197/1179/112 2193/1175/112
f 1960/1452/181 1958/1450/181 2470/1450/181 2472/1452/181
f 1686/1180/112 1684/1178/112 2196/1178/112 2198/1180/112
f 1962/1454/183 1961/1453/183 2473/1453/183 2474/1454/183
f 1685/1179/112 1687/1181/112 2199/1181/112 2197/1179/112
f 1964/1456/183 1963/1455/183 2475/1455/183 2476/1456/183
f 1688/1182/112 1686/1180/112 2198/1180/112 2200/1182/112
f 1961/1453/183 1965/1457/183 2477/1457/183 2473/1453/183
f 1690/1184/115 1689/1183/115 2201/1183/115 2202/1184/115
f 1966/1458/183 1964/1456/183 2476/1456/183 2478/1458/183
f 1692/1186/115 1691/1185/115 2203/1185/115 2204/1186/115
f 1965/1457/183 1967/1459/183 2479/1459/183 2477/1457/183
f 1689/1183/115 1693/1187/115 2205/1187/115 2201/1183/115
f 1968/1460/183 1966/1458/183 2478/1458/183 2480/1460/183
f 1694/1188/115 1692/1186/115 2204/1186/115 2206/1188/115
f 1970/1462/185 1969/1461/185 2481/1461/185 2482/1462/185
f 1693/1187/115 1695/1189/115 2207/1189/115 2205/1187/115
f 1972/1464/185 1971/1463/185 2483/1463/185 2484/1464/185
f 1696/1190/115 1694/1188/115 2206/1188/115 2208/1190/115
f 1969/1461/185 1973/1465/185 2485/1465/185 2481/1461/185
f 1698/1192/117 1697/1191/117 2209/1191/117 2210/1192/117
f 1974/1466/185 1972/1464/185 2484/1464/185 2486/1466/185
f 1700/1194/117 1699/1193/117 2211/1193/117 2212/1194/117
f 1973/1465/185 1975/1467/185 2487/1467/185 2485/1465/185
f 1697/1191/117 1701/1195/117 2213/1195/117 2209/1191/117
f 1976/1468/185 1974/1466/185 2486/1466/185 2488/1468/185
f 1702/1196/117 1700/1194/117 2212/1194/117 2214/1196/117
f 1978/1470/187 1977/1469/187 2489/1469/187 2490/1470/187
f 1701/1195/117 1703/1197/117 2215/1197/117 2213/1195/117
f 1980/1472/187 1979/1471/187 2491/1471/187 2492/1472/187
f 1704/1198/117 1702/1196/117 2214/1196/117 2216/1198/117
f 1977/1469/187 1981/1473/187 2493/1473/187 2489/1469/187
f 1706/1200/119 1705/1199/119 2217/1199/119 2218/1200/119
f 1982/1474/187 1980/1472/187 2492/1472/187 2494/1474/187
f 1708/1202/119 1707/1201/119 2219/1201/119 2220/1202/119
f 1981/1473/187 1983/1475/187 2495/1475/187 2493/1473/187
f 1705/1199/119 1709/1203/119 2221/1203/119 2217/1199/119
f 1984/1476/187 1982/1474/187 2494/1474/187 2496/1476/187
f 1710/1204/119 1708/1202/119 2220/1202/119 2222/1204/119
f 1986/1478/64 1985/1477/64 2497/1477/64 2498/1478/64
f 1709/1203/119 1711/1205/119 2223/1205/119 2221/1203/119
f 1988/1480/64 1987/1479/65 2499/1479/65 2500/1480/64
f 1712/1206/119 1710/1204/119 2222/1204/119 2224/1206/119
f 1985/1477/64 1989/1481/64 2501/1481/64 2497/1477/64
f 1714/1208/120 1713/1207/120 2225/1207/120 2226/1208/120
f 1990/1482/64 1988/1480/64 2500/1480/64 2502/1482/64
f 1716/1210/120 1715/1209/120 2227/1209/120 2228/1210/120
f 1989/1481/64 1991/1483/64 2503/1483/64 2501/1481/64
f 1713/1207/120 1717/1211/120 2229/1211/120 2225/1207/120
f 1992/1484/64 1990/1482/64 2502/1482/64 2504/1484/64
f 1718/1212/120 1716/1210/120 2228/1210/120 2230/1212/120
f 1994/1486/190 1993/1485/190 2505/1485/190 2506/1486/190
f 1717/1211/120 1719/1213/120 2231/1213/120 2229/1211/120
f 1996/1488/190 1995/1487/190 2507/1487/190 2508/1488/190
f 1720/1214/120 1718/1212/120 2230/1212/120 2232/1214/120
f 1993/1485/190 1997/1489/190 2509/1489/190 2505/1485/190
f 1722/1216/122 1721/1215/122 2233/1215/122 2234/1216/122
f 1998/1490/190 1996/1488/190 2508/1488/190 2510/1490/190
f 1724/1218/122 1723/1217/122 2235/1217/122 2236/1218/122
f 1997/1489/190 1999/1491/190 2511/1491/190 2509/1489/190
f 1721/1215/122 1725/1219/122 2237/1219/122 2233/1215/122
f 2000/1492/190 1998/1490/190 2510/1490/190 2512/1492/190
f 1726/1220/122 1724/1218/122 2236/1218/122 2238/1220/122
f 2002/1494/192 2001/1493/192 2513/1493/192 2514/1494/192
f 1725/1219/122 1727/1221/122 2239/1221/122 2237/1219/122
f 2004/1496/192 2003/1495/192 2515/1495/192 2516/1496/192
f 1728/1222/122 1726/1220/122 2238/1220/122 2240/1222/122
f 2001/1493/192 2005/1497/192 2517/1497/192 2513/1493/192
f 1730/1224/124 1729/1223/124 2241/1223/124 2242/1224/124
f 2006/1498/192 2004/1496/192 2516/1496/192 2518/1498/192
f 1732/1226/124 1731/1225/424 2243/1225/424 2244/1226/124
f 2005/1497/192 2007/1499/192 2519/1499/192 2517/1497/192
f 1729/1223/124 1733/253/124 2245/253/124 2241/1223/124
f 2008/1500/192 2006/1498/192 2518/1498/192 2520/1500/192
f 1734/1227/124 1732/1226/124 2244/1226/124 2246/1227/124
f 2010/643/194 2009/644/194 2521/644/194 2522/643/194
f 1733/253/124 1735/254/424 2247/254/424 2245/253/124
f 2012/1502/194 2011/1501/194 2523/1501/194 2524/1502/194
f 1736/1228/424 1734/1227/124 2246/1227/124 2248/1228/424
f 2009/644/194 2013/1503/194 2525/1503/194 2521/644/194
f 1738/1230/126 1737/1229/126 2249/1229/126 2250/1230/126
f 2014/1504/194 2012/1502/194 2524/1502/194 2526/1504/194
f 1740/1232/126 1739/1231/126 2251/1231/126 2252/1232/126
f 2013/1503/194 2015/1505/194 2527/1505/194 2525/1503/194
f 1737/1229/126 1741/1233/126 2253/1233/126 2249/1229/126
f 2016/1506/194 2014/1504/194 2526/1504/194 2528/1506/194
f 1742/1234/126 1740/1232/126 2252/1232/126 2254/1234/126
f 2018/1508/196 2017/1507/196 2529/1507/196 2530/1508/196
f 1741/1233/126 1743/1235/126 2255/1235/126 2253/1233/126
