# Blender 4.3.2
# www.blender.org
mtllib martyr.mtl
o Cylinder
v 0.000000 -0.065000 0.782745
v 0.000000 0.065000 0.782745
v -0.076723 -0.065000 0.778976
v -0.076723 0.065000 0.778976
v -0.152706 -0.065000 0.767705
v -0.152706 0.065000 0.767705
v -0.227219 -0.065000 0.749041
v -0.227219 0.065000 0.749041
v -0.299544 -0.065000 0.723162
v -0.299544 0.065000 0.723162
v -0.368984 -0.065000 0.690320
v -0.368984 0.065000 0.690320
v -0.434870 -0.065000 0.650829
v -0.434870 0.065000 0.650829
v -0.496568 -0.065000 0.605070
v -0.496568 0.065000 0.605070
v -0.553485 -0.065000 0.553485
v -0.553485 0.065000 0.553485
v -0.605070 -0.065000 0.496568
v -0.605070 0.065000 0.496568
v -0.650829 -0.065000 0.434870
v -0.650829 0.065000 0.434870
v -0.690320 -0.065000 0.368984
v -0.690320 0.065000 0.368984
v -0.723162 -0.065000 0.299544
v -0.723162 0.065000 0.299544
v -0.749040 -0.065000 0.227219
v -0.749040 0.065000 0.227219
v -0.767705 -0.065000 0.152706
v -0.767705 0.065000 0.152706
v -0.778976 -0.065000 0.076723
v -0.778976 0.065000 0.076723
v -0.782745 -0.065000 0.000000
v -0.782745 0.065000 -0.000000
v -0.778976 -0.065000 -0.076723
v -0.778976 0.065000 -0.076723
v -0.767705 -0.065000 -0.152706
v -0.767705 0.065000 -0.152706
v -0.749041 -0.065000 -0.227219
v -0.749041 0.065000 -0.227219
v -0.723162 -0.065000 -0.299544
v -0.723162 0.065000 -0.299544
v -0.690320 -0.065000 -0.368984
v -0.690320 0.065000 -0.368984
v -0.650829 -0.065000 -0.434870
v -0.650829 0.065000 -0.434870
v -0.605070 -0.065000 -0.496568
v -0.605070 0.065000 -0.496568
v -0.553485 -0.065000 -0.553485
v -0.553485 0.065000 -0.553485
v -0.496568 -0.065000 -0.605070
v -0.496568 0.065000 -0.605070
v -0.434870 -0.065000 -0.650829
v -0.434870 0.065000 -0.650829
v -0.368984 -0.065000 -0.690320
v -0.368984 0.065000 -0.690320
v -0.299544 -0.065000 -0.723162
v -0.299544 0.065000 -0.723162
v -0.227219 -0.065000 -0.749040
v -0.227219 0.065000 -0.749040
v -0.152706 -0.065000 -0.767705
v -0.152706 0.065000 -0.767705
v -0.076723 -0.065000 -0.778976
v -0.076723 0.065000 -0.778976
v 0.000000 -0.065000 -0.782745
v 0.000000 0.065000 -0.782745
v 0.076723 -0.065000 -0.778976
v 0.076723 0.065000 -0.778976
v 0.152706 -0.065000 -0.767705
v 0.152706 0.065000 -0.767705
v 0.227219 -0.065000 -0.749041
v 0.227219 0.065000 -0.749041
v 0.299544 -0.065000 -0.723162
v 0.299544 0.065000 -0.723162
v 0.368984 -0.065000 -0.690320
v 0.368984 0.065000 -0.690320
v 0.434870 -0.065000 -0.650829
v 0.434870 0.065000 -0.650829
v 0.496568 -0.065000 -0.605070
v 0.496568 0.065000 -0.605070
v 0.553485 -0.065000 -0.553485
v 0.553485 0.065000 -0.553485
v 0.605070 -0.065000 -0.496568
v 0.605070 0.065000 -0.496568
v 0.650829 -0.065000 -0.434870
v 0.650829 0.065000 -0.434870
v 0.690320 -0.065000 -0.368984
v 0.690320 0.065000 -0.368984
v 0.723162 -0.065000 -0.299544
v 0.723162 0.065000 -0.299544
v 0.749040 -0.065000 -0.227219
v 0.749040 0.065000 -0.227219
v 0.767705 -0.065000 -0.152706
v 0.767705 0.065000 -0.152706
v 0.778976 -0.065000 -0.076723
v 0.778976 0.065000 -0.076723
v 0.782745 -0.065000 0.000000
v 0.782745 0.065000 -0.000000
v 0.778976 -0.065000 0.076723
v 0.778976 0.065000 0.076723
v 0.767705 -0.065000 0.152706
v 0.767705 0.065000 0.152706
v 0.749041 -0.065000 0.227219
v 0.749041 0.065000 0.227219
v 0.723162 -0.065000 0.299544
v 0.723162 0.065000 0.299544
v 0.690320 -0.065000 0.368984
v 0.690320 0.065000 0.368984
v 0.650829 -0.065000 0.434870
v 0.650829 0.065000 0.434870
v 0.605070 -0.065000 0.496568
v 0.605070 0.065000 0.496568
v 0.553485 -0.065000 0.553485
v 0.553485 0.065000 0.553485
v 0.496568 -0.065000 0.605070
v 0.496568 0.065000 0.605070
v 0.434870 -0.065000 0.650829
v 0.434870 0.065000 0.650829
v 0.368984 -0.065000 0.690320
v 0.368984 0.065000 0.690320
v 0.299544 -0.065000 0.723162
v 0.299544 0.065000 0.723162
v 0.227219 -0.065000 0.749040
v 0.227219 0.065000 0.749040
v 0.152706 -0.065000 0.767705
v 0.152706 0.065000 0.767705
v 0.076723 -0.065000 0.778976
v 0.076723 0.065000 0.778976
v 0.000000 -0.062373 -0.999312
v 0.000000 -0.017294 -0.999125
v 0.097931 -0.017294 -0.994313
v 0.097963 -0.062993 -0.994632
v 0.194920 -0.017294 -0.979927
v 0.194956 -0.062373 -0.980111
v 0.290031 -0.017294 -0.956103
v 0.290085 -0.062373 -0.956282
v 0.382348 -0.017294 -0.923071
v 0.382471 -0.062993 -0.923366
v 0.470852 -0.016085 -0.880902
v 0.470984 -0.061494 -0.881149
v 0.554679 -0.014147 -0.830135
v 0.554679 -0.058076 -0.830135
v 0.633375 -0.014147 -0.771770
v 0.633375 -0.058076 -0.771770
v 0.705972 -0.014147 -0.705972
v 0.705972 -0.058076 -0.705972
v 0.772117 -0.016085 -0.633660
v 0.772117 -0.060181 -0.633660
v 0.830742 -0.017294 -0.555084
v 0.830742 -0.061494 -0.555084
v 0.881149 -0.017294 -0.470984
v 0.881149 -0.061494 -0.470984
v 0.923071 -0.017294 -0.382348
v 0.923071 -0.061494 -0.382348
v 0.956103 -0.017294 -0.290031
v 0.956282 -0.062373 -0.290085
v 0.979927 -0.017294 -0.194920
v 0.980111 -0.062373 -0.194956
v 0.994313 -0.017294 -0.097931
v 0.994500 -0.062373 -0.097950
v 0.999125 -0.017294 0.000000
v 0.999312 -0.062373 0.000000
v 0.994313 -0.017294 0.097931
v 0.994500 -0.062373 0.097950
v 0.979927 -0.017294 0.194920
v 0.980241 -0.062993 0.194982
v 0.956103 -0.017294 0.290031
v 0.956409 -0.062993 0.290123
v 0.923071 -0.017294 0.382348
v 0.923244 -0.062373 0.382420
v 0.881149 -0.017294 0.470984
v 0.881149 -0.061494 0.470984
v 0.830742 -0.017294 0.555084
v 0.830742 -0.061494 0.555084
v 0.772334 -0.017294 0.633838
v 0.772334 -0.061494 0.633838
v 0.706488 -0.017294 0.706488
v 0.706620 -0.062373 0.706620
v 0.633838 -0.017294 0.772334
v 0.634041 -0.062993 0.772581
v 0.555084 -0.017294 0.830742
v 0.555188 -0.062373 0.830897
v 0.470984 -0.017294 0.881149
v 0.470984 -0.061494 0.881149
v 0.382348 -0.017294 0.923071
v 0.382420 -0.062373 0.923244
v 0.290031 -0.017294 0.956103
v 0.290085 -0.062373 0.956282
v 0.194920 -0.017294 0.979927
v 0.194956 -0.062373 0.980111
v 0.097931 -0.017294 0.994313
v 0.097950 -0.062373 0.994500
v 0.000000 -0.017294 0.999125
v 0.000000 -0.062373 0.999312
v -0.097931 -0.017294 0.994313
v -0.097963 -0.062993 0.994632
v -0.194920 -0.017294 0.979927
v -0.194956 -0.062373 0.980111
v -0.290031 -0.017294 0.956103
v -0.290031 -0.061494 0.956103
v -0.382348 -0.017294 0.923071
v -0.382348 -0.061494 0.923071
v -0.470984 -0.017294 0.881149
v -0.471073 -0.062373 0.881314
v -0.555084 -0.017294 0.830742
v -0.555188 -0.062373 0.830897
v -0.633838 -0.017294 0.772334
v -0.633838 -0.061494 0.772334
v -0.706488 -0.017294 0.706488
v -0.706488 -0.061494 0.706488
v -0.772334 -0.017294 0.633838
v -0.772334 -0.061494 0.633838
v -0.830742 -0.017294 0.555084
v -0.830742 -0.061494 0.555084
v -0.881149 -0.017294 0.470984
v -0.881149 -0.061494 0.470984
v -0.923071 -0.017294 0.382348
v -0.923071 -0.061494 0.382348
v -0.956103 -0.017294 0.290031
v -0.956103 -0.061494 0.290031
v -0.979927 -0.017294 0.194920
v -0.980111 -0.062373 0.194956
v -0.994313 -0.017294 0.097931
v -0.994632 -0.062993 0.097963
v -0.999125 -0.017294 0.000000
v -0.999445 -0.062993 0.000000
v -0.994313 -0.017294 -0.097931
v -0.994632 -0.062993 -0.097963
v -0.979927 -0.017294 -0.194920
v -0.980241 -0.062993 -0.194982
v -0.956103 -0.017294 -0.290031
v -0.956409 -0.062993 -0.290123
v -0.923071 -0.017294 -0.382348
v -0.923366 -0.062993 -0.382471
v -0.881149 -0.017294 -0.470984
v -0.881314 -0.062373 -0.471073
v -0.830742 -0.017294 -0.555084
v -0.830742 -0.061494 -0.555084
v -0.772334 -0.017294 -0.633838
v -0.772479 -0.062373 -0.633957
v -0.706488 -0.017294 -0.706488
v -0.706620 -0.062373 -0.706620
v -0.633838 -0.017294 -0.772334
v -0.633838 -0.061494 -0.772334
v -0.555084 -0.017294 -0.830742
v -0.555084 -0.061494 -0.830742
v -0.470852 -0.016085 -0.880902
v -0.470852 -0.060181 -0.880902
v -0.382241 -0.016085 -0.922812
v -0.382241 -0.060181 -0.922812
v -0.290031 -0.017294 -0.956103
v -0.290031 -0.061494 -0.956103
v -0.194920 -0.017294 -0.979927
v -0.194920 -0.061494 -0.979927
v -0.097931 -0.017294 -0.994313
v -0.097931 -0.061494 -0.994314
v 0.000000 -0.065043 -0.859173
v 0.086868 -0.065034 -0.881988
v 0.080449 0.057175 -0.816814
v 0.000000 0.057175 -0.820766
v 0.167616 -0.065043 -0.842664
v 0.160123 0.057175 -0.804995
v 0.249405 -0.065043 -0.822177
v 0.238256 0.057175 -0.785424
v 0.339155 -0.065034 -0.818793
v 0.314093 0.057175 -0.758289
v 0.405011 -0.065043 -0.757723
v 0.386906 0.057175 -0.723851
v 0.455993 -0.065054 -0.682442
v 0.455993 0.057175 -0.682442
v 0.520688 -0.065054 -0.634461
v 0.520688 0.057175 -0.634461
v 0.580369 -0.065054 -0.580369
v 0.580369 0.057175 -0.580369
v 0.634461 -0.065054 -0.520688
v 0.634461 0.057175 -0.520688
v 0.682442 -0.065054 -0.455993
v 0.682442 0.057175 -0.455993
v 0.723851 -0.065054 -0.386906
v 0.723851 0.057175 -0.386906
v 0.758289 -0.065054 -0.314093
v 0.758289 0.057175 -0.314093
v 0.822177 -0.065043 -0.249405
v 0.785424 0.057175 -0.238256
v 0.842664 -0.065043 -0.167616
v 0.804995 0.057175 -0.160123
v 0.855036 -0.065043 -0.084214
v 0.816814 0.057175 -0.080449
v 0.859173 -0.065043 0.000000
v 0.820766 0.057175 -0.000000
v 0.855036 -0.065043 0.084214
v 0.816814 0.057175 0.080449
v 0.869226 -0.065034 0.172900
v 0.804995 0.057175 0.160123
v 0.848094 -0.065034 0.257266
v 0.785424 0.057175 0.238256
v 0.793772 -0.065043 0.328791
v 0.758289 0.057175 0.314093
v 0.723851 -0.065054 0.386906
v 0.723851 0.057175 0.386906
v 0.682442 -0.065054 0.455993
v 0.682442 0.057175 0.455993
v 0.634461 -0.065054 0.520688
v 0.634461 0.057175 0.520688
v 0.607527 -0.065043 0.607527
v 0.580369 0.057175 0.580369
v 0.562235 -0.065034 0.685085
v 0.520688 0.057175 0.634461
v 0.477331 -0.065043 0.714376
v 0.455993 0.057175 0.682442
v 0.386906 -0.065054 0.723851
v 0.386906 0.057175 0.723851
v 0.328791 -0.065043 0.793772
v 0.314093 0.057175 0.758289
v 0.249405 -0.065043 0.822177
v 0.238256 0.057175 0.785424
v 0.167616 -0.065043 0.842664
v 0.160123 0.057175 0.804995
v 0.084214 -0.065043 0.855036
v 0.080449 0.057175 0.816814
v 0.000000 -0.065043 0.859173
v 0.000000 0.057175 0.820766
v -0.086868 -0.065034 0.881988
v -0.080449 0.057175 0.816814
v -0.167616 -0.065043 0.842664
v -0.160123 0.057175 0.804995
v -0.238256 -0.065054 0.785424
v -0.238256 0.057175 0.785424
v -0.314093 -0.065054 0.758289
v -0.314093 0.057175 0.758289
v -0.405011 -0.065043 0.757723
v -0.386906 0.057175 0.723851
v -0.477331 -0.065043 0.714376
v -0.455993 0.057175 0.682442
v -0.520688 -0.065054 0.634461
v -0.520688 0.057175 0.634461
v -0.580369 -0.065054 0.580369
v -0.580369 0.057175 0.580369
v -0.634461 -0.065054 0.520688
v -0.634461 0.057175 0.520688
v -0.682442 -0.065054 0.455993
v -0.682442 0.057175 0.455993
v -0.723851 -0.065054 0.386906
v -0.723851 0.057175 0.386906
v -0.758289 -0.065054 0.314093
v -0.758289 0.057175 0.314093
v -0.785424 -0.065054 0.238256
v -0.785424 0.057175 0.238256
v -0.842664 -0.065043 0.167616
v -0.804995 0.057175 0.160123
v -0.881988 -0.065034 0.086868
v -0.816814 0.057175 0.080449
v -0.886255 -0.065034 0.000000
v -0.820766 0.057175 -0.000000
v -0.881988 -0.065034 -0.086868
v -0.816814 0.057175 -0.080449
v -0.869226 -0.065034 -0.172900
v -0.804995 0.057175 -0.160123
v -0.848094 -0.065034 -0.257266
v -0.785424 0.057175 -0.238256
v -0.818793 -0.065034 -0.339155
v -0.758289 0.057175 -0.314093
v -0.757723 -0.065043 -0.405011
v -0.723851 0.057175 -0.386906
v -0.682442 -0.065054 -0.455993
v -0.682442 0.057175 -0.455993
v -0.664150 -0.065043 -0.545054
v -0.634461 0.057175 -0.520688
v -0.607527 -0.065043 -0.607527
v -0.580369 0.057175 -0.580369
v -0.520688 -0.065054 -0.634461
v -0.520688 0.057175 -0.634461
v -0.455993 -0.065054 -0.682442
v -0.455993 0.057175 -0.682442
v -0.386906 -0.065054 -0.723851
v -0.386906 0.057175 -0.723851
v -0.314093 -0.065054 -0.758289
v -0.314093 0.057175 -0.758289
v -0.238256 -0.065054 -0.785424
v -0.238256 0.057175 -0.785424
v -0.160123 -0.065054 -0.804995
v -0.160123 0.057175 -0.804995
v -0.080449 -0.065054 -0.816814
v -0.080449 0.057175 -0.816814
v -0.078421 0.065000 0.796225
v 0.000000 0.065000 0.800078
v 0.078421 0.065000 0.796225
v 0.156087 0.065000 0.784705
v 0.232250 0.065000 0.765627
v 0.306177 0.065000 0.739175
v 0.377154 0.065000 0.705606
v 0.444499 0.065000 0.665240
v 0.507564 0.065000 0.618469
v 0.565741 0.065000 0.565741
v 0.618468 0.065000 0.507564
v 0.665240 0.065000 0.444499
v 0.705606 0.065000 0.377154
v 0.739175 0.065000 0.306177
v 0.765627 0.065000 0.232250
v 0.784705 0.065000 0.156087
v 0.796225 0.065000 0.078421
v 0.800078 0.065000 -0.000000
v 0.796225 0.065000 -0.078421
v 0.784705 0.065000 -0.156087
v 0.765627 0.065000 -0.232250
v 0.739175 0.065000 -0.306177
v 0.705606 0.065000 -0.377154
v 0.665240 0.065000 -0.444499
v 0.618469 0.065000 -0.507564
v 0.565740 0.065000 -0.565741
v 0.507564 0.065000 -0.618468
v 0.444499 0.065000 -0.665240
v 0.377154 0.065000 -0.705606
v 0.306177 0.065000 -0.739175
v 0.232250 0.065000 -0.765627
v 0.156087 0.065000 -0.784705
v 0.078421 0.065000 -0.796225
v 0.000000 0.065000 -0.800078
v -0.078421 0.065000 -0.796225
v -0.156087 0.065000 -0.784705
v -0.232250 0.065000 -0.765627
v -0.306177 0.065000 -0.739175
v -0.377154 0.065000 -0.705606
v -0.444499 0.065000 -0.665240
v -0.507564 0.065000 -0.618469
v -0.565741 0.065000 -0.565740
v -0.618468 0.065000 -0.507564
v -0.665240 0.065000 -0.444499
v -0.705606 0.065000 -0.377154
v -0.739175 0.065000 -0.306177
v -0.765627 0.065000 -0.232250
v -0.784705 0.065000 -0.156087
v -0.796225 0.065000 -0.078421
v -0.800078 0.065000 -0.000000
v -0.796225 0.065000 0.078421
v -0.784704 0.065000 0.156087
v -0.765626 0.065000 0.232250
v -0.739175 0.065000 0.306177
v -0.705606 0.065000 0.377154
v -0.665240 0.065000 0.444499
v -0.618469 0.065000 0.507564
v -0.565741 0.065000 0.565741
v -0.507564 0.065000 0.618468
v -0.444499 0.065000 0.665240
v -0.377154 0.065000 0.705606
v -0.306177 0.065000 0.739175
v -0.232250 0.065000 0.765627
v -0.156087 0.065000 0.784705
v 0.000000 -0.065000 0.800078
v -0.078421 -0.065000 0.796225
v -0.156087 -0.065000 0.784705
v -0.232250 -0.065000 0.765627
v -0.306177 -0.065000 0.739175
v -0.377154 -0.065000 0.705606
v -0.444499 -0.065000 0.665240
v -0.507564 -0.065000 0.618468
v -0.565740 -0.065000 0.565741
v -0.618469 -0.065000 0.507564
v -0.665240 -0.065000 0.444499
v -0.705606 -0.065000 0.377154
v -0.739176 -0.065000 0.306177
v -0.765627 -0.065000 0.232250
v -0.784705 -0.065000 0.156087
v -0.796225 -0.065000 0.078421
v -0.800078 -0.065000 0.000000
v -0.796225 -0.065000 -0.078421
v -0.784705 -0.065000 -0.156087
v -0.765627 -0.065000 -0.232250
v -0.739175 -0.065000 -0.306177
v -0.705606 -0.065000 -0.377154
v -0.665240 -0.065000 -0.444499
v -0.618468 -0.065000 -0.507564
v -0.565740 -0.065000 -0.565741
v -0.507564 -0.065000 -0.618469
v -0.444499 -0.065000 -0.665240
v -0.377154 -0.065000 -0.705606
v -0.306177 -0.065000 -0.739175
v -0.232250 -0.065000 -0.765627
v -0.156087 -0.065000 -0.784705
v -0.078421 -0.065000 -0.796225
v 0.000000 -0.065000 -0.800078
v 0.078421 -0.065000 -0.796225
v 0.156087 -0.065000 -0.784705
v 0.232250 -0.065000 -0.765627
v 0.306177 -0.065000 -0.739175
v 0.377154 -0.065000 -0.705606
v 0.444499 -0.065000 -0.665240
v 0.507564 -0.065000 -0.618468
v 0.565741 -0.065000 -0.565740
v 0.618469 -0.065000 -0.507564
v 0.665240 -0.065000 -0.444499
v 0.705606 -0.065000 -0.377154
v 0.739175 -0.065000 -0.306177
v 0.765626 -0.065000 -0.232250
v 0.784704 -0.065000 -0.156087
v 0.796225 -0.065000 -0.078421
v 0.800078 -0.065000 0.000000
v 0.796225 -0.065000 0.078421
v 0.784704 -0.065000 0.156087
v 0.765627 -0.065000 0.232250
v 0.739175 -0.065000 0.306177
v 0.705606 -0.065000 0.377154
v 0.665240 -0.065000 0.444499
v 0.618468 -0.065000 0.507564
v 0.565741 -0.065000 0.565741
v 0.507564 -0.065000 0.618469
v 0.444499 -0.065000 0.665240
v 0.377154 -0.065000 0.705606
v 0.306177 -0.065000 0.739175
v 0.232250 -0.065000 0.765627
v 0.156087 -0.065000 0.784705
v 0.078421 -0.065000 0.796225
v -0.073513 -0.054464 -0.996389
v -0.073513 -0.032202 -0.996389
v -0.024504 -0.032202 -0.998796
v -0.024504 -0.054464 -0.998796
v -0.170822 -0.054464 -0.984385
v -0.170822 -0.032202 -0.984385
v -0.122285 -0.032202 -0.991585
v -0.122285 -0.054464 -0.991585
v -0.266486 -0.054464 -0.962902
v -0.266486 -0.032202 -0.962902
v -0.218889 -0.032202 -0.974824
v -0.218889 -0.054464 -0.974824
v -0.359584 -0.054464 -0.932145
v -0.359584 -0.032202 -0.932145
v -0.313384 -0.032202 -0.948675
v -0.313384 -0.054464 -0.948675
v -0.534527 -0.054464 -0.844083
v -0.534527 -0.032202 -0.844083
v -0.492440 -0.032202 -0.869308
v -0.492440 -0.054464 -0.869308
v -0.614688 -0.054464 -0.787625
v -0.614688 -0.032202 -0.787625
v -0.575276 -0.032202 -0.816855
v -0.575276 -0.054464 -0.816855
v -0.688928 -0.054464 -0.723583
v -0.688928 -0.032202 -0.723583
v -0.652572 -0.032202 -0.756535
v -0.652572 -0.054464 -0.756535
v -0.756535 -0.065149 -0.652572
v -0.756535 -0.065447 -0.652572
v -0.723583 -0.065447 -0.688928
v -0.723583 -0.065149 -0.688928
v -0.756535 -0.054464 -0.652572
v -0.756535 -0.032202 -0.652572
v -0.723583 -0.032202 -0.688928
v -0.723583 -0.054464 -0.688928
v -0.816855 -0.054464 -0.575276
v -0.816855 -0.032202 -0.575276
v -0.787625 -0.032202 -0.614688
v -0.787625 -0.054464 -0.614688
v -0.869308 -0.054464 -0.492440
v -0.869308 -0.032202 -0.492440
v -0.844083 -0.032202 -0.534527
v -0.844083 -0.054464 -0.534527
v -0.913390 -0.065149 -0.404862
v -0.913390 -0.065447 -0.404862
v -0.892411 -0.065447 -0.449218
v -0.892411 -0.065149 -0.449218
v -0.913390 -0.054464 -0.404862
v -0.913390 -0.032202 -0.404862
v -0.892411 -0.032202 -0.449218
v -0.892411 -0.054464 -0.449218
v -0.948675 -0.065149 -0.313384
v -0.948675 -0.065447 -0.313384
v -0.932145 -0.065447 -0.359584
v -0.932145 -0.065149 -0.359584
v -0.948675 -0.054464 -0.313384
v -0.948675 -0.032202 -0.313384
v -0.932145 -0.032202 -0.359584
v -0.932145 -0.054464 -0.359584
v -0.974824 -0.065149 -0.218889
v -0.974824 -0.065447 -0.218889
v -0.962902 -0.065447 -0.266486
v -0.962902 -0.065149 -0.266486
v -0.974824 -0.054464 -0.218889
v -0.974824 -0.032202 -0.218889
v -0.962902 -0.032202 -0.266486
v -0.962902 -0.054464 -0.266486
v -0.991585 -0.065149 -0.122285
v -0.991585 -0.065447 -0.122285
v -0.984385 -0.065447 -0.170822
v -0.984385 -0.065149 -0.170822
v -0.991585 -0.054464 -0.122285
v -0.991585 -0.032202 -0.122285
v -0.984385 -0.032202 -0.170822
v -0.984385 -0.054464 -0.170822
v -0.998796 -0.065149 -0.024504
v -0.998796 -0.065447 -0.024504
v -0.996389 -0.065447 -0.073513
v -0.996389 -0.065149 -0.073513
v -0.998796 -0.054464 -0.024504
v -0.998796 -0.032202 -0.024504
v -0.996389 -0.032202 -0.073513
v -0.996389 -0.054464 -0.073513
v -0.996389 -0.065149 0.073513
v -0.996389 -0.065447 0.073513
v -0.998796 -0.065447 0.024504
v -0.998796 -0.065149 0.024504
v -0.996389 -0.054464 0.073513
v -0.996389 -0.032202 0.073513
v -0.998796 -0.032202 0.024504
v -0.998796 -0.054464 0.024504
v -0.984385 -0.065149 0.170822
v -0.984385 -0.065447 0.170822
v -0.991585 -0.065447 0.122285
v -0.991585 -0.065149 0.122285
v -0.984385 -0.054464 0.170822
v -0.984385 -0.032202 0.170822
v -0.991585 -0.032202 0.122285
v -0.991585 -0.054464 0.122285
v -0.962902 -0.054464 0.266486
v -0.962902 -0.032202 0.266486
v -0.974824 -0.032202 0.218889
v -0.974824 -0.054464 0.218889
v -0.932145 -0.054464 0.359584
v -0.932145 -0.032202 0.359584
v -0.948675 -0.032202 0.313384
v -0.948675 -0.054464 0.313384
v -0.892411 -0.054464 0.449218
v -0.892411 -0.032202 0.449218
v -0.913390 -0.032202 0.404862
v -0.913390 -0.054464 0.404862
v -0.844083 -0.054464 0.534527
v -0.844083 -0.032202 0.534527
v -0.869308 -0.032202 0.492440
v -0.869308 -0.054464 0.492440
v -0.787625 -0.054464 0.614688
v -0.787625 -0.032202 0.614688
v -0.816855 -0.032202 0.575276
v -0.816855 -0.054464 0.575276
v -0.723583 -0.054464 0.688928
v -0.723583 -0.032202 0.688928
v -0.756535 -0.032202 0.652572
v -0.756535 -0.054464 0.652572
v -0.652572 -0.054464 0.756535
v -0.652572 -0.032202 0.756535
v -0.688928 -0.032202 0.723583
v -0.688928 -0.054464 0.723583
v -0.575276 -0.054464 0.816855
v -0.575276 -0.032202 0.816855
v -0.614688 -0.032202 0.787625
v -0.614688 -0.054464 0.787625
v -0.492440 -0.065149 0.869308
v -0.492440 -0.065447 0.869308
v -0.534527 -0.065447 0.844083
v -0.534527 -0.065149 0.844083
v -0.492440 -0.054464 0.869308
v -0.492440 -0.032202 0.869308
v -0.534527 -0.032202 0.844083
v -0.534527 -0.054464 0.844083
v -0.404862 -0.054464 0.913390
v -0.404862 -0.032202 0.913390
v -0.449218 -0.032202 0.892411
v -0.449218 -0.054464 0.892411
v -0.313384 -0.054464 0.948675
v -0.313384 -0.032202 0.948675
v -0.359584 -0.032202 0.932145
v -0.359584 -0.054464 0.932145
v -0.218889 -0.054464 0.974824
v -0.218889 -0.032202 0.974824
v -0.266486 -0.032202 0.962902
v -0.266486 -0.054464 0.962902
v -0.122285 -0.065149 0.991585
v -0.122285 -0.065447 0.991585
v -0.170822 -0.065447 0.984385
v -0.170822 -0.065149 0.984385
v -0.122285 -0.054464 0.991585
v -0.122285 -0.032202 0.991585
v -0.170822 -0.032202 0.984385
v -0.170822 -0.054464 0.984385
v -0.024504 -0.065149 0.998796
v -0.024504 -0.065447 0.998796
v -0.073513 -0.065447 0.996389
v -0.073513 -0.065149 0.996389
v -0.024504 -0.054464 0.998796
v -0.024504 -0.032202 0.998796
v -0.073513 -0.032202 0.996389
v -0.073513 -0.054464 0.996389
v 0.073513 -0.054464 0.996389
v 0.073513 -0.032202 0.996389
v 0.024504 -0.032202 0.998796
v 0.024504 -0.054464 0.998796
v 0.170822 -0.065149 0.984385
v 0.170822 -0.065447 0.984385
v 0.122285 -0.065447 0.991585
v 0.122285 -0.065149 0.991585
v 0.170822 -0.054464 0.984385
v 0.170822 -0.032202 0.984385
v 0.122285 -0.032202 0.991585
v 0.122285 -0.054464 0.991585
v 0.266486 -0.054464 0.962902
v 0.266486 -0.032202 0.962902
v 0.218889 -0.032202 0.974824
v 0.218889 -0.054464 0.974824
v 0.359584 -0.065149 0.932145
v 0.359584 -0.065447 0.932145
v 0.313384 -0.065447 0.948675
v 0.313384 -0.065149 0.948675
v 0.359584 -0.054464 0.932145
v 0.359584 -0.032202 0.932145
v 0.313384 -0.032202 0.948675
v 0.313384 -0.054464 0.948675
v 0.449218 -0.054464 0.892411
v 0.449218 -0.032202 0.892411
v 0.404862 -0.032202 0.913390
v 0.404862 -0.054464 0.913390
v 0.534527 -0.054464 0.844083
v 0.534527 -0.032202 0.844083
v 0.492440 -0.032202 0.869308
v 0.492440 -0.054464 0.869308
v 0.614688 -0.065149 0.787625
v 0.614688 -0.065447 0.787625
v 0.575276 -0.065447 0.816855
v 0.575276 -0.065149 0.816855
v 0.614688 -0.054464 0.787625
v 0.614688 -0.032202 0.787625
v 0.575276 -0.032202 0.816855
v 0.575276 -0.054464 0.816855
v 0.688928 -0.065149 0.723583
v 0.688928 -0.065447 0.723583
v 0.652572 -0.065447 0.756535
v 0.652572 -0.065149 0.756535
v 0.688928 -0.054464 0.723583
v 0.688928 -0.032202 0.723583
v 0.652572 -0.032202 0.756535
v 0.652572 -0.054464 0.756535
v 0.756535 -0.054464 0.652572
v 0.756535 -0.032202 0.652572
v 0.723583 -0.032202 0.688928
v 0.723583 -0.054464 0.688928
v 0.816855 -0.054464 0.575276
v 0.816855 -0.032202 0.575276
v 0.787625 -0.032202 0.614688
v 0.787625 -0.054464 0.614688
v 0.869308 -0.054464 0.492440
v 0.869308 -0.032202 0.492440
v 0.844083 -0.032202 0.534527
v 0.844083 -0.054464 0.534527
v 0.913390 -0.054464 0.404862
v 0.913390 -0.032202 0.404862
v 0.892411 -0.032202 0.449218
v 0.892411 -0.054464 0.449218
v 0.948675 -0.065149 0.313384
v 0.948675 -0.065447 0.313384
v 0.932145 -0.065447 0.359584
v 0.932145 -0.065149 0.359584
v 0.948675 -0.054464 0.313384
v 0.948675 -0.032202 0.313384
v 0.932145 -0.032202 0.359584
v 0.932145 -0.054464 0.359584
v 0.974824 -0.065149 0.218889
v 0.974824 -0.065447 0.218889
v 0.962902 -0.065447 0.266486
v 0.962902 -0.065149 0.266486
v 0.974824 -0.054464 0.218889
v 0.974824 -0.032202 0.218889
v 0.962902 -0.032202 0.266486
v 0.962902 -0.054464 0.266486
v 0.991585 -0.065149 0.122285
v 0.991585 -0.065447 0.122285
v 0.984385 -0.065447 0.170822
v 0.984385 -0.065149 0.170822
v 0.991585 -0.054464 0.122285
v 0.991585 -0.032202 0.122285
v 0.984385 -0.032202 0.170822
v 0.984385 -0.054464 0.170822
v 0.998796 -0.054464 0.024504
v 0.998796 -0.032202 0.024504
v 0.996389 -0.032202 0.073513
v 0.996389 -0.054464 0.073513
v 0.996389 -0.065149 -0.073513
v 0.996389 -0.065447 -0.073513
v 0.998796 -0.065447 -0.024504
v 0.998796 -0.065149 -0.024504
v 0.996389 -0.054464 -0.073513
v 0.996389 -0.032202 -0.073513
v 0.998796 -0.032202 -0.024504
v 0.998796 -0.054464 -0.024504
v 0.984385 -0.054464 -0.170822
v 0.984385 -0.032202 -0.170822
v 0.991585 -0.032202 -0.122285
v 0.991585 -0.054464 -0.122285
v 0.962902 -0.065149 -0.266486
v 0.962902 -0.065447 -0.266486
v 0.974824 -0.065447 -0.218889
v 0.974824 -0.065149 -0.218889
v 0.962902 -0.054464 -0.266486
v 0.962902 -0.032202 -0.266486
v 0.974824 -0.032202 -0.218889
v 0.974824 -0.054464 -0.218889
v 0.932145 -0.054464 -0.359584
v 0.932145 -0.032202 -0.359584
v 0.948675 -0.032202 -0.313384
v 0.948675 -0.054464 -0.313384
v 0.892411 -0.054464 -0.449218
v 0.892411 -0.032202 -0.449218
v 0.913390 -0.032202 -0.404862
v 0.913390 -0.054464 -0.404862
v 0.844083 -0.054464 -0.534527
v 0.844083 -0.032202 -0.534527
v 0.869308 -0.032202 -0.492440
v 0.869308 -0.054464 -0.492440
v 0.787625 -0.054464 -0.614688
v 0.787625 -0.032202 -0.614688
v 0.816855 -0.032202 -0.575276
v 0.816855 -0.054464 -0.575276
v 0.404862 -0.065149 -0.913390
v 0.404862 -0.065447 -0.913390
v 0.449218 -0.065447 -0.892411
v 0.449218 -0.065149 -0.892411
v 0.404862 -0.054464 -0.913390
v 0.404862 -0.032202 -0.913390
v 0.449218 -0.032202 -0.892411
v 0.449218 -0.054464 -0.892411
v 0.313384 -0.065149 -0.948675
v 0.313384 -0.065447 -0.948675
v 0.359584 -0.065447 -0.932145
v 0.359584 -0.065149 -0.932145
v 0.313384 -0.054464 -0.948675
v 0.313384 -0.032202 -0.948675
v 0.359584 -0.032202 -0.932145
v 0.359584 -0.054464 -0.932145
v 0.218889 -0.054464 -0.974824
v 0.218889 -0.032202 -0.974824
v 0.266486 -0.032202 -0.962902
v 0.266486 -0.054464 -0.962902
v 0.122285 -0.065149 -0.991585
v 0.122285 -0.065447 -0.991585
v 0.170822 -0.065447 -0.984385
v 0.170822 -0.065149 -0.984385
v 0.122285 -0.054464 -0.991585
v 0.122285 -0.032202 -0.991585
v 0.170822 -0.032202 -0.984385
v 0.170822 -0.054464 -0.984385
v 0.024504 -0.065149 -0.998796
v 0.024504 -0.065447 -0.998796
v 0.073513 -0.065447 -0.996389
v 0.073513 -0.065149 -0.996389
v 0.024504 -0.054464 -0.998796
v 0.024504 -0.032202 -0.998796
v 0.073513 -0.032202 -0.996389
v 0.073513 -0.054464 -0.996389
v -0.030652 -0.065000 0.469954
v -0.015559 -0.065000 0.470695
v 0.016492 -0.065000 -0.508703
v 0.033449 -0.065000 -0.507870
v -0.015559 0.065000 0.470695
v -0.030652 0.065000 0.469954
v 0.033449 0.065000 -0.507870
v 0.016492 0.065000 -0.508703
v -0.076568 -0.065000 0.464686
v -0.061621 -0.065000 0.466904
v 0.066274 -0.065000 -0.504637
v 0.083068 -0.065000 -0.502146
v -0.061621 0.065000 0.466904
v -0.076568 0.065000 0.464686
v 0.083068 0.065000 -0.502146
v 0.066274 0.065000 -0.504637
v -0.121746 -0.065000 0.454944
v -0.107088 -0.065000 0.458616
v 0.115418 -0.065000 -0.495711
v 0.131887 -0.065000 -0.491586
v -0.107088 0.065000 0.458616
v -0.121746 0.065000 0.454944
v 0.131887 0.065000 -0.491586
v 0.115418 0.065000 -0.495711
v -0.165753 -0.065000 0.440820
v -0.151525 -0.065000 0.445911
v 0.163450 -0.065000 -0.482011
v 0.179436 -0.065000 -0.476292
v -0.151525 0.065000 0.445911
v -0.165753 0.065000 0.440820
v 0.179436 0.065000 -0.476292
v 0.163450 0.065000 -0.482011
v -0.208162 -0.065000 0.422451
v -0.194502 -0.065000 0.428911
v 0.209909 -0.065000 -0.463670
v 0.225257 -0.065000 -0.456410
v -0.194502 0.065000 0.428911
v -0.208162 0.065000 0.422451
v 0.225257 0.065000 -0.456410
v 0.209909 0.065000 -0.463670
v -0.248567 -0.065000 0.400013
v -0.235606 -0.065000 0.407782
v 0.254345 -0.065000 -0.440862
v 0.268908 -0.065000 -0.432134
v -0.235606 0.065000 0.407782
v -0.248567 0.065000 0.400013
v 0.268908 0.065000 -0.432134
v 0.254345 0.065000 -0.440862
v -0.286578 -0.065000 0.373723
v -0.274441 -0.065000 0.382725
v 0.296333 -0.065000 -0.413809
v 0.309970 -0.065000 -0.403695
v -0.274441 0.065000 0.382725
v -0.286578 0.065000 0.373723
v 0.309970 0.065000 -0.403695
v 0.296333 0.065000 -0.413809
v -0.321830 -0.065000 0.343834
v -0.310633 -0.065000 0.353982
v 0.335466 -0.065000 -0.382771
v 0.348046 -0.065000 -0.371369
v -0.310633 0.065000 0.353982
v -0.321830 0.065000 0.343834
v 0.348046 0.065000 -0.371369
v 0.335466 0.065000 -0.382771
v -0.353982 -0.065000 0.310633
v -0.343834 -0.065000 0.321830
v 0.371369 -0.065000 -0.348046
v 0.382771 -0.065000 -0.335466
v -0.343834 0.065000 0.321830
v -0.353982 0.065000 0.310633
v 0.382771 0.065000 -0.335466
v 0.371369 0.065000 -0.348046
v -0.382725 -0.065000 0.274441
v -0.373723 -0.065000 0.286579
v 0.403695 -0.065000 -0.309970
v 0.413809 -0.065000 -0.296333
v -0.373723 0.065000 0.286579
v -0.382725 0.065000 0.274441
v 0.413809 0.065000 -0.296333
v 0.403695 0.065000 -0.309970
v -0.407782 -0.065000 0.235606
v -0.400013 -0.065000 0.248567
v 0.432134 -0.065000 -0.268908
v 0.440862 -0.065000 -0.254345
v -0.400013 0.065000 0.248567
v -0.407782 0.065000 0.235606
v 0.440862 0.065000 -0.254345
v 0.432134 0.065000 -0.268908
v -0.428911 -0.065000 0.194502
v -0.422451 -0.065000 0.208162
v 0.456410 -0.065000 -0.225257
v 0.463670 -0.065000 -0.209909
v -0.422451 0.065000 0.208162
v -0.428911 0.065000 0.194502
v 0.463670 0.065000 -0.209909
v 0.456410 0.065000 -0.225257
v -0.445911 -0.065000 0.151525
v -0.440820 -0.065000 0.165753
v 0.476292 -0.065000 -0.179436
v 0.482012 -0.065000 -0.163450
v -0.440820 0.065000 0.165753
v -0.445911 0.065000 0.151525
v 0.482012 0.065000 -0.163450
v 0.476292 0.065000 -0.179436
v -0.458616 -0.065000 0.107088
v -0.454944 -0.065000 0.121746
v 0.491586 -0.065000 -0.131887
v 0.495711 -0.065000 -0.115418
v -0.454944 0.065000 0.121746
v -0.458616 0.065000 0.107088
v 0.495711 0.065000 -0.115418
v 0.491586 0.065000 -0.131887
v -0.466904 -0.065000 0.061621
v -0.464686 -0.065000 0.076568
v 0.502146 -0.065000 -0.083068
v 0.504637 -0.065000 -0.066274
v -0.464686 0.065000 0.076568
v -0.466904 0.065000 0.061621
v 0.504637 0.065000 -0.066274
v 0.502146 0.065000 -0.083068
v -0.470695 -0.065000 0.015559
v -0.469954 -0.065000 0.030652
v 0.507870 -0.065000 -0.033449
v 0.508703 -0.065000 -0.016492
v -0.469954 0.065000 0.030652
v -0.470695 0.065000 0.015559
v 0.508703 0.065000 -0.016492
v 0.507870 0.065000 -0.033449
v -0.469954 -0.065000 -0.030652
v -0.470695 -0.065000 -0.015559
v 0.508703 -0.065000 0.016492
v 0.507870 -0.065000 0.033449
v -0.470695 0.065000 -0.015559
v -0.469954 0.065000 -0.030652
v 0.507870 0.065000 0.033449
v 0.508703 0.065000 0.016492
v -0.464686 -0.065000 -0.076568
v -0.466904 -0.065000 -0.061621
v 0.504637 -0.065000 0.066274
v 0.502146 -0.065000 0.083068
v -0.466904 0.065000 -0.061621
v -0.464686 0.065000 -0.076568
v 0.502146 0.065000 0.083068
v 0.504637 0.065000 0.066274
v -0.454944 -0.065000 -0.121746
v -0.458616 -0.065000 -0.107088
v 0.495711 -0.065000 0.115418
v 0.491586 -0.065000 0.131887
v -0.458616 0.065000 -0.107088
v -0.454944 0.065000 -0.121746
v 0.491586 0.065000 0.131887
v 0.495711 0.065000 0.115418
v -0.440820 -0.065000 -0.165753
v -0.445911 -0.065000 -0.151525
v 0.482011 -0.065000 0.163450
v 0.476292 -0.065000 0.179436
v -0.445911 0.065000 -0.151525
v -0.440820 0.065000 -0.165753
v 0.476292 0.065000 0.179436
v 0.482011 0.065000 0.163450
v -0.422451 -0.065000 -0.208162
v -0.428911 -0.065000 -0.194502
v 0.463670 -0.065000 0.209909
v 0.456410 -0.065000 0.225257
v -0.428911 0.065000 -0.194502
v -0.422451 0.065000 -0.208162
v 0.456410 0.065000 0.225257
v 0.463670 0.065000 0.209909
v -0.400013 -0.065000 -0.248567
v -0.407782 -0.065000 -0.235606
v 0.440862 -0.065000 0.254345
v 0.432134 -0.065000 0.268908
v -0.407782 0.065000 -0.235606
v -0.400013 0.065000 -0.248567
v 0.432134 0.065000 0.268908
v 0.440862 0.065000 0.254345
v -0.373723 -0.065000 -0.286578
v -0.382725 -0.065000 -0.274441
v 0.413809 -0.065000 0.296333
v 0.403695 -0.065000 0.309970
v -0.382725 0.065000 -0.274441
v -0.373723 0.065000 -0.286578
v 0.403695 0.065000 0.309970
v 0.413809 0.065000 0.296333
v -0.343834 -0.065000 -0.321830
v -0.353982 -0.065000 -0.310633
v 0.382771 -0.065000 0.335466
v 0.371369 -0.065000 0.348046
v -0.353982 0.065000 -0.310633
v -0.343834 0.065000 -0.321830
v 0.371369 0.065000 0.348046
v 0.382771 0.065000 0.335466
v -0.310633 -0.065000 -0.353982
v -0.321830 -0.065000 -0.343834
v 0.348046 -0.065000 0.371369
v 0.335466 -0.065000 0.382771
v -0.321830 0.065000 -0.343834
v -0.310633 0.065000 -0.353982
v 0.335466 0.065000 0.382771
v 0.348046 0.065000 0.371369
v -0.274441 -0.065000 -0.382725
v -0.286579 -0.065000 -0.373723
v 0.309970 -0.065000 0.403695
v 0.296333 -0.065000 0.413809
v -0.286579 0.065000 -0.373723
v -0.274441 0.065000 -0.382725
v 0.296333 0.065000 0.413809
v 0.309970 0.065000 0.403695
v -0.235606 -0.065000 -0.407782
v -0.248567 -0.065000 -0.400013
v 0.268908 -0.065000 0.432134
v 0.254345 -0.065000 0.440862
v -0.248567 0.065000 -0.400013
v -0.235606 0.065000 -0.407782
v 0.254345 0.065000 0.440862
v 0.268908 0.065000 0.432134
v -0.194502 -0.065000 -0.428911
v -0.208162 -0.065000 -0.422451
v 0.225257 -0.065000 0.456410
v 0.209909 -0.065000 0.463670
v -0.208162 0.065000 -0.422451
v -0.194502 0.065000 -0.428911
v 0.209909 0.065000 0.463670
v 0.225257 0.065000 0.456410
v -0.151525 -0.065000 -0.445911
v -0.165753 -0.065000 -0.440820
v 0.179436 -0.065000 0.476292
v 0.163450 -0.065000 0.482012
v -0.165753 0.065000 -0.440820
v -0.151525 0.065000 -0.445911
v 0.163450 0.065000 0.482012
v 0.179436 0.065000 0.476292
v -0.107088 -0.065000 -0.458616
v -0.121746 -0.065000 -0.454944
v 0.131887 -0.065000 0.491586
v 0.115418 -0.065000 0.495711
v -0.121746 0.065000 -0.454944
v -0.107088 0.065000 -0.458616
v 0.115418 0.065000 0.495711
v 0.131887 0.065000 0.491586
v -0.061621 -0.065000 -0.466904
v -0.076568 -0.065000 -0.464686
v 0.083068 -0.065000 0.502146
v 0.066274 -0.065000 0.504637
v -0.076568 0.065000 -0.464686
v -0.061621 0.065000 -0.466904
v 0.066274 0.065000 0.504637
v 0.083068 0.065000 0.502146
v -0.015559 -0.065000 -0.470695
v -0.030652 -0.065000 -0.469954
v 0.033449 -0.065000 0.507870
v 0.016492 -0.065000 0.508703
v -0.030652 0.065000 -0.469954
v -0.015559 0.065000 -0.470695
v 0.016492 0.065000 0.508703
v 0.033449 0.065000 0.507870
v 0.030652 -0.065000 -0.469954
v 0.015559 -0.065000 -0.470695
v -0.016492 -0.065000 0.508703
v -0.033449 -0.065000 0.507870
v 0.015559 0.065000 -0.470695
v 0.030652 0.065000 -0.469954
v -0.033449 0.065000 0.507870
v -0.016492 0.065000 0.508703
v 0.076568 -0.065000 -0.464686
v 0.061621 -0.065000 -0.466904
v -0.066274 -0.065000 0.504637
v -0.083068 -0.065000 0.502146
v 0.061621 0.065000 -0.466904
v 0.076568 0.065000 -0.464686
v -0.083068 0.065000 0.502146
v -0.066274 0.065000 0.504637
v 0.121746 -0.065000 -0.454944
v 0.107088 -0.065000 -0.458616
v -0.115418 -0.065000 0.495711
v -0.131887 -0.065000 0.491586
v 0.107088 0.065000 -0.458616
v 0.121746 0.065000 -0.454944
v -0.131887 0.065000 0.491586
v -0.115418 0.065000 0.495711
v 0.165753 -0.065000 -0.440820
v 0.151525 -0.065000 -0.445911
v -0.163450 -0.065000 0.482011
v -0.179436 -0.065000 0.476292
v 0.151525 0.065000 -0.445911
v 0.165753 0.065000 -0.440820
v -0.179436 0.065000 0.476292
v -0.163450 0.065000 0.482011
v 0.208162 -0.065000 -0.422451
v 0.194502 -0.065000 -0.428911
v -0.209909 -0.065000 0.463670
v -0.225257 -0.065000 0.456410
v 0.194502 0.065000 -0.428911
v 0.208162 0.065000 -0.422451
v -0.225257 0.065000 0.456410
v -0.209909 0.065000 0.463670
v 0.248567 -0.065000 -0.400013
v 0.235606 -0.065000 -0.407782
v -0.254345 -0.065000 0.440862
v -0.268908 -0.065000 0.432134
v 0.235606 0.065000 -0.407782
v 0.248567 0.065000 -0.400013
v -0.268908 0.065000 0.432134
v -0.254345 0.065000 0.440862
v 0.286578 -0.065000 -0.373723
v 0.274441 -0.065000 -0.382725
v -0.296333 -0.065000 0.413809
v -0.309970 -0.065000 0.403695
v 0.274441 0.065000 -0.382725
v 0.286578 0.065000 -0.373723
v -0.309970 0.065000 0.403695
v -0.296333 0.065000 0.413809
v 0.321830 -0.065000 -0.343834
v 0.310633 -0.065000 -0.353982
v -0.335466 -0.065000 0.382771
v -0.348046 -0.065000 0.371369
v 0.310633 0.065000 -0.353982
v 0.321830 0.065000 -0.343834
v -0.348046 0.065000 0.371369
v -0.335466 0.065000 0.382771
v 0.353982 -0.065000 -0.310633
v 0.343834 -0.065000 -0.321830
v -0.371369 -0.065000 0.348046
v -0.382771 -0.065000 0.335466
v 0.343834 0.065000 -0.321830
v 0.353982 0.065000 -0.310633
v -0.382771 0.065000 0.335466
v -0.371369 0.065000 0.348046
v 0.382725 -0.065000 -0.274441
v 0.373723 -0.065000 -0.286579
v -0.403695 -0.065000 0.309970
v -0.413809 -0.065000 0.296333
v 0.373723 0.065000 -0.286579
v 0.382725 0.065000 -0.274441
v -0.413809 0.065000 0.296333
v -0.403695 0.065000 0.309970
v 0.407782 -0.065000 -0.235606
v 0.400013 -0.065000 -0.248567
v -0.432134 -0.065000 0.268908
v -0.440862 -0.065000 0.254345
v 0.400013 0.065000 -0.248567
v 0.407782 0.065000 -0.235606
v -0.440862 0.065000 0.254345
v -0.432134 0.065000 0.268908
v 0.428911 -0.065000 -0.194502
v 0.422451 -0.065000 -0.208162
v -0.456410 -0.065000 0.225257
v -0.463670 -0.065000 0.209909
v 0.422451 0.065000 -0.208162
v 0.428911 0.065000 -0.194502
v -0.463670 0.065000 0.209909
v -0.456410 0.065000 0.225257
v 0.445911 -0.065000 -0.151525
v 0.440820 -0.065000 -0.165753
v -0.476292 -0.065000 0.179436
v -0.482012 -0.065000 0.163450
v 0.440820 0.065000 -0.165753
v 0.445911 0.065000 -0.151525
v -0.482012 0.065000 0.163450
v -0.476292 0.065000 0.179436
v 0.458616 -0.065000 -0.107088
v 0.454944 -0.065000 -0.121746
v -0.491586 -0.065000 0.131887
v -0.495711 -0.065000 0.115418
v 0.454944 0.065000 -0.121746
v 0.458616 0.065000 -0.107088
v -0.495711 0.065000 0.115418
v -0.491586 0.065000 0.131887
v 0.466904 -0.065000 -0.061621
v 0.464686 -0.065000 -0.076568
v -0.502146 -0.065000 0.083068
v -0.504637 -0.065000 0.066274
v 0.464686 0.065000 -0.076568
v 0.466904 0.065000 -0.061621
v -0.504637 0.065000 0.066274
v -0.502146 0.065000 0.083068
v 0.470695 -0.065000 -0.015559
v 0.469954 -0.065000 -0.030652
v -0.507870 -0.065000 0.033449
v -0.508703 -0.065000 0.016492
v 0.469954 0.065000 -0.030652
v 0.470695 0.065000 -0.015559
v -0.508703 0.065000 0.016492
v -0.507870 0.065000 0.033449
v 0.469954 -0.065000 0.030652
v 0.470695 -0.065000 0.015559
v -0.508703 -0.065000 -0.016492
v -0.507870 -0.065000 -0.033449
v 0.470695 0.065000 0.015559
v 0.469954 0.065000 0.030652
v -0.507870 0.065000 -0.033449
v -0.508703 0.065000 -0.016492
v 0.464686 -0.065000 0.076568
v 0.466904 -0.065000 0.061621
v -0.504637 -0.065000 -0.066274
v -0.502146 -0.065000 -0.083068
v 0.466904 0.065000 0.061621
v 0.464686 0.065000 0.076568
v -0.502146 0.065000 -0.083068
v -0.504637 0.065000 -0.066274
v 0.454944 -0.065000 0.121746
v 0.458616 -0.065000 0.107088
v -0.495711 -0.065000 -0.115418
v -0.491586 -0.065000 -0.131887
v 0.458616 0.065000 0.107088
v 0.454944 0.065000 0.121746
v -0.491586 0.065000 -0.131887
v -0.495711 0.065000 -0.115418
v 0.440820 -0.065000 0.165753
v 0.445911 -0.065000 0.151525
v -0.482011 -0.065000 -0.163450
v -0.476292 -0.065000 -0.179436
v 0.445911 0.065000 0.151525
v 0.440820 0.065000 0.165753
v -0.476292 0.065000 -0.179436
v -0.482011 0.065000 -0.163450
v 0.422451 -0.065000 0.208162
v 0.428911 -0.065000 0.194502
v -0.463670 -0.065000 -0.209909
v -0.456410 -0.065000 -0.225257
v 0.428911 0.065000 0.194502
v 0.422451 0.065000 0.208162
v -0.456410 0.065000 -0.225257
v -0.463670 0.065000 -0.209909
v 0.400013 -0.065000 0.248567
v 0.407782 -0.065000 0.235606
v -0.440862 -0.065000 -0.254345
v -0.432134 -0.065000 -0.268908
v 0.407782 0.065000 0.235606
v 0.400013 0.065000 0.248567
v -0.432134 0.065000 -0.268908
v -0.440862 0.065000 -0.254345
v 0.373723 -0.065000 0.286578
v 0.382725 -0.065000 0.274441
v -0.413809 -0.065000 -0.296333
v -0.403695 -0.065000 -0.309970
v 0.382725 0.065000 0.274441
v 0.373723 0.065000 0.286578
v -0.403695 0.065000 -0.309970
v -0.413809 0.065000 -0.296333
v 0.343834 -0.065000 0.321830
v 0.353982 -0.065000 0.310633
v -0.382771 -0.065000 -0.335466
v -0.371369 -0.065000 -0.348046
v 0.353982 0.065000 0.310633
v 0.343834 0.065000 0.321830
v -0.371369 0.065000 -0.348046
v -0.382771 0.065000 -0.335466
v 0.310633 -0.065000 0.353982
v 0.321830 -0.065000 0.343834
v -0.348046 -0.065000 -0.371369
v -0.335466 -0.065000 -0.382771
v 0.321830 0.065000 0.343834
v 0.310633 0.065000 0.353982
v -0.335466 0.065000 -0.382771
v -0.348046 0.065000 -0.371369
v 0.274441 -0.065000 0.382725
v 0.286579 -0.065000 0.373723
v -0.309970 -0.065000 -0.403695
v -0.296333 -0.065000 -0.413809
v 0.286579 0.065000 0.373723
v 0.274441 0.065000 0.382725
v -0.296333 0.065000 -0.413809
v -0.309970 0.065000 -0.403695
v 0.235606 -0.065000 0.407782
v 0.248567 -0.065000 0.400013
v -0.268908 -0.065000 -0.432134
v -0.254345 -0.065000 -0.440862
v 0.248567 0.065000 0.400013
v 0.235606 0.065000 0.407782
v -0.254345 0.065000 -0.440862
v -0.268908 0.065000 -0.432134
v 0.194502 -0.065000 0.428911
v 0.208162 -0.065000 0.422451
v -0.225257 -0.065000 -0.456410
v -0.209909 -0.065000 -0.463670
v 0.208162 0.065000 0.422451
v 0.194502 0.065000 0.428911
v -0.209909 0.065000 -0.463670
v -0.225257 0.065000 -0.456410
v 0.151525 -0.065000 0.445911
v 0.165753 -0.065000 0.440820
v -0.179436 -0.065000 -0.476292
v -0.163450 -0.065000 -0.482012
v 0.165753 0.065000 0.440820
v 0.151525 0.065000 0.445911
v -0.163450 0.065000 -0.482012
v -0.179436 0.065000 -0.476292
v 0.107088 -0.065000 0.458616
v 0.121746 -0.065000 0.454944
v -0.131887 -0.065000 -0.491586
v -0.115418 -0.065000 -0.495711
v 0.121746 0.065000 0.454944
v 0.107088 0.065000 0.458616
v -0.115418 0.065000 -0.495711
v -0.131887 0.065000 -0.491586
v 0.061621 -0.065000 0.466904
v 0.076568 -0.065000 0.464686
v -0.083068 -0.065000 -0.502146
v -0.066274 -0.065000 -0.504637
v 0.076568 0.065000 0.464686
v 0.061621 0.065000 0.466904
v -0.066274 0.065000 -0.504637
v -0.083068 0.065000 -0.502146
v 0.015559 -0.065000 0.470695
v 0.030652 -0.065000 0.469954
v -0.033449 -0.065000 -0.507870
v -0.016492 -0.065000 -0.508703
v 0.030652 0.065000 0.469954
v 0.015559 0.065000 0.470695
v -0.016492 0.065000 -0.508703
v -0.033449 0.065000 -0.507870
v 0.047670 -0.065009 -0.968247
v 0.047145 0.051983 -0.959652
v 0.000000 0.021690 -0.986433
v 0.097336 -0.065143 -0.988272
v 0.142142 -0.065009 -0.958942
v 0.140980 0.051983 -0.950410
v 0.205885 -0.065096 -0.968761
v 0.235041 -0.065088 -0.938337
v 0.233458 0.051983 -0.932015
v 0.275097 -0.065096 -0.951425
v 0.326684 -0.065009 -0.912716
v 0.323687 0.051983 -0.904644
v 0.380025 -0.065143 -0.917462
v 0.414387 -0.065009 -0.876389
v 0.410799 0.051983 -0.868561
v 0.478229 -0.064867 -0.867267
v 0.495785 -0.065089 -0.826816
v 0.493955 0.051983 -0.824114
v 0.547992 -0.064366 -0.820127
v 0.572353 -0.065090 -0.771729
v 0.572354 0.051983 -0.771729
v 0.625739 -0.064366 -0.762465
v 0.645240 -0.065090 -0.711913
v 0.645240 0.051983 -0.711913
v 0.697461 -0.064366 -0.697461
v 0.711913 -0.065090 -0.645240
v 0.711913 0.051983 -0.645240
v 0.762503 -0.064746 -0.625770
v 0.771729 -0.065090 -0.572354
v 0.771729 0.051983 -0.572354
v 0.820189 -0.065023 -0.548033
v 0.824114 -0.065090 -0.493955
v 0.824114 0.051983 -0.493955
v 0.869956 -0.065023 -0.465001
v 0.868561 -0.065090 -0.410799
v 0.868561 0.051983 -0.410799
v 0.911345 -0.065023 -0.377492
v 0.907651 -0.065089 -0.324955
v 0.904644 0.051983 -0.323687
v 0.943916 -0.065096 -0.299849
v 0.938337 -0.065010 -0.235041
v 0.932015 0.051983 -0.233458
v 0.973807 -0.065096 -0.180516
v 0.956856 -0.065088 -0.141936
v 0.950410 0.051983 -0.140980
v 0.984277 -0.065096 -0.109938
v 0.966161 -0.065010 -0.047464
v 0.959652 0.051983 -0.047145
v 0.990313 -0.065096 0.012933
v 0.966161 -0.065088 0.047464
v 0.959652 0.051983 0.047145
v 0.986812 -0.065096 0.084197
v 0.958912 -0.065009 0.142345
v 0.950410 0.051983 0.140980
v 0.973973 -0.065143 0.193735
v 0.942397 -0.065008 0.236058
v 0.932015 0.051983 0.233458
v 0.950294 -0.065143 0.288268
v 0.912785 -0.065009 0.326491
v 0.904644 0.051983 0.323687
v 0.909981 -0.065096 0.390925
v 0.871430 -0.065089 0.412355
v 0.868561 0.051983 0.410799
v 0.869956 -0.065023 0.465001
v 0.824114 -0.065090 0.493955
v 0.824114 0.051983 0.493955
v 0.820189 -0.065023 0.548033
v 0.771729 -0.065090 0.572353
v 0.771729 0.051983 0.572354
v 0.762523 -0.065023 0.625786
v 0.714448 -0.065089 0.647295
v 0.711913 0.051983 0.645240
v 0.709402 -0.065096 0.691112
v 0.650946 -0.065009 0.718361
v 0.645240 0.051983 0.711913
v 0.629987 -0.065143 0.767641
v 0.577565 -0.065009 0.778583
v 0.572354 0.051983 0.771729
v 0.539435 -0.065096 0.830600
v 0.495475 -0.065089 0.827001
v 0.493955 0.051983 0.824114
v 0.465001 -0.065023 0.869956
v 0.412355 -0.065089 0.871430
v 0.410799 0.051983 0.868561
v 0.390925 -0.065096 0.909981
v 0.325882 -0.065010 0.910780
v 0.323687 0.051983 0.904644
v 0.275097 -0.065096 0.951425
v 0.235041 -0.065088 0.938337
v 0.233458 0.051983 0.932015
v 0.205885 -0.065096 0.968761
v 0.141936 -0.065010 0.956856
v 0.140980 0.051983 0.950410
v 0.084197 -0.065096 0.986812
v 0.047464 -0.065088 0.966161
v 0.047145 0.051983 0.959652
v 0.012933 -0.065096 0.990313
v -0.047670 -0.065009 0.968247
v -0.047145 0.051983 0.959652
v -0.097336 -0.065143 0.988272
v -0.142142 -0.065009 0.958942
v -0.140980 0.051983 0.950410
v -0.205885 -0.065096 0.968761
v -0.234425 -0.065089 0.935132
v -0.233458 0.051983 0.932015
v -0.286346 -0.065023 0.943957
v -0.323687 -0.065090 0.904644
v -0.323687 0.051983 0.904644
v -0.377492 -0.065023 0.911345
v -0.412029 -0.065089 0.871584
v -0.410799 0.051983 0.868561
v -0.455424 -0.065096 0.879474
v -0.497305 -0.065010 0.829703
v -0.493955 0.051983 0.824114
v -0.560942 -0.065096 0.816230
v -0.574440 -0.065089 0.774239
v -0.572354 0.051983 0.771729
v -0.625786 -0.065023 0.762523
v -0.645240 -0.065090 0.711913
v -0.645240 0.051983 0.711913
v -0.697513 -0.065023 0.697513
v -0.711913 -0.065090 0.645240
v -0.711913 0.051983 0.645240
v -0.762523 -0.065023 0.625786
v -0.771729 -0.065090 0.572354
v -0.771729 0.051983 0.572354
v -0.820189 -0.065023 0.548033
v -0.824114 -0.065090 0.493955
v -0.824114 0.051983 0.493955
v -0.869956 -0.065023 0.465001
v -0.868561 -0.065090 0.410799
v -0.868561 0.051983 0.410799
v -0.911345 -0.065023 0.377492
v -0.904644 -0.065090 0.323687
v -0.904644 0.051983 0.323687
v -0.943957 -0.065023 0.286346
v -0.935132 -0.065089 0.234425
v -0.932015 0.051983 0.233458
v -0.968761 -0.065096 0.205885
v -0.958942 -0.065009 0.142142
v -0.950410 0.051983 0.140980
v -0.988272 -0.065143 0.097336
v -0.970342 -0.065008 0.047670
v -0.959652 0.051983 0.047145
v -0.993054 -0.065143 0.000000
v -0.970342 -0.065008 -0.047670
v -0.959652 0.051983 -0.047145
v -0.988272 -0.065143 -0.097336
v -0.960997 -0.065008 -0.142550
v -0.950410 0.051983 -0.140980
v -0.973973 -0.065143 -0.193735
v -0.942397 -0.065008 -0.236058
v -0.932015 0.051983 -0.233458
v -0.950294 -0.065143 -0.288268
v -0.914722 -0.065008 -0.327293
v -0.904644 0.051983 -0.323687
v -0.917462 -0.065143 -0.380025
v -0.876389 -0.065009 -0.414387
v -0.868561 0.051983 -0.410799
v -0.867281 -0.065096 -0.478236
v -0.826816 -0.065089 -0.495785
v -0.824114 0.051983 -0.493955
v -0.820189 -0.065023 -0.548033
v -0.774454 -0.065089 -0.574149
v -0.771729 0.051983 -0.572354
v -0.773727 -0.065096 -0.618251
v -0.716741 -0.065010 -0.649617
v -0.711913 0.051983 -0.645240
v -0.691112 -0.065096 -0.709402
v -0.647295 -0.065089 -0.714448
v -0.645240 0.051983 -0.711913
v -0.625786 -0.065023 -0.762523
v -0.572354 -0.065090 -0.771729
v -0.572354 0.051983 -0.771729
v -0.548033 -0.065023 -0.820189
v -0.493955 -0.065090 -0.824114
v -0.493955 0.051983 -0.824114
v -0.464989 -0.064746 -0.869933
v -0.410799 -0.065090 -0.868561
v -0.410799 0.051983 -0.868561
v -0.377482 -0.064746 -0.911321
v -0.323687 -0.065090 -0.904644
v -0.323687 0.051983 -0.904644
v -0.286346 -0.065023 -0.943957
v -0.233458 -0.065090 -0.932015
v -0.233458 0.051983 -0.932015
v -0.192444 -0.065023 -0.967479
v -0.140980 -0.065090 -0.950410
v -0.140980 0.051983 -0.950410
v -0.096687 -0.065023 -0.981683
v -0.047485 -0.065089 -0.962898
v -0.047145 0.051983 -0.959652
v -0.012933 -0.065096 -0.990313
v 0.000000 -0.042872 -0.999830
v 0.096687 0.021690 -0.981683
v 0.098001 -0.042920 -0.995026
v 0.192444 0.021690 -0.967479
v 0.195057 -0.042872 -0.980619
v 0.286346 0.021690 -0.943957
v 0.290235 -0.042872 -0.956778
v 0.377492 0.021690 -0.911345
v 0.382622 -0.042920 -0.923732
v 0.464989 0.021648 -0.869933
v 0.482403 -0.042385 -0.875078
v 0.547991 0.021701 -0.820127
v 0.554679 -0.041528 -0.830135
v 0.625739 0.021701 -0.762466
v 0.633375 -0.041528 -0.771770
v 0.697461 0.021701 -0.697461
v 0.705972 -0.041528 -0.705972
v 0.762503 0.021648 -0.625770
v 0.764131 -0.042262 -0.643836
v 0.820189 0.021690 -0.548033
v 0.831315 -0.042798 -0.555467
v 0.869956 0.021690 -0.465001
v 0.881757 -0.042798 -0.471309
v 0.911345 0.021690 -0.377491
v 0.923708 -0.042798 -0.382612
v 0.943957 0.021690 -0.286346
v 0.956778 -0.042872 -0.290235
v 0.967479 0.021690 -0.192444
v 0.980619 -0.042872 -0.195057
v 0.981683 0.021690 -0.096687
v 0.995016 -0.042872 -0.098000
v 0.986433 0.021690 -0.000000
v 0.999830 -0.042872 0.000000
v 0.981683 0.021690 0.096687
v 0.995016 -0.042872 0.098000
v 0.967479 0.021690 0.192444
v 0.980629 -0.042920 0.195059
v 0.943957 0.021690 0.286346
v 0.956788 -0.042920 0.290238
v 0.911345 0.021690 0.377492
v 0.923723 -0.042872 0.382618
v 0.869956 0.021690 0.465001
v 0.881757 -0.042798 0.471309
v 0.820189 0.021690 0.548033
v 0.831315 -0.042798 0.555467
v 0.762523 0.021690 0.625786
v 0.772867 -0.042798 0.634275
v 0.697513 0.021690 0.697513
v 0.706987 -0.042872 0.706987
v 0.625786 0.021690 0.762523
v 0.634292 -0.042920 0.772887
v 0.548033 0.021690 0.820189
v 0.555476 -0.042872 0.831328
v 0.465001 0.021690 0.869956
v 0.471309 -0.042798 0.881757
v 0.377491 0.021690 0.911345
v 0.382618 -0.042872 0.923723
v 0.286346 0.021690 0.943957
v 0.290235 -0.042872 0.956778
v 0.192444 0.021690 0.967479
v 0.195057 -0.042872 0.980619
v 0.096687 0.021690 0.981683
v 0.098000 -0.042872 0.995016
v 0.000000 0.021690 0.986433
v 0.000000 -0.042872 0.999830
v -0.096687 0.021690 0.981683
v -0.098001 -0.042920 0.995026
v -0.192444 0.021690 0.967479
v -0.195057 -0.042872 0.980619
v -0.286346 0.021690 0.943957
v -0.290231 -0.042798 0.956763
v -0.377492 0.021690 0.911345
v -0.382612 -0.042798 0.923708
v -0.465001 0.021690 0.869956
v -0.471317 -0.042872 0.881771
v -0.548033 0.021690 0.820189
v -0.555476 -0.042872 0.831328
v -0.625786 0.021690 0.762523
v -0.634275 -0.042798 0.772867
v -0.697513 0.021690 0.697513
v -0.706975 -0.042798 0.706975
v -0.762523 0.021690 0.625786
v -0.772867 -0.042798 0.634275
v -0.820189 0.021690 0.548033
v -0.831315 -0.042798 0.555467
v -0.869956 0.021690 0.465001
v -0.881757 -0.042798 0.471309
v -0.911345 0.021690 0.377491
v -0.923708 -0.042798 0.382612
v -0.943957 0.021690 0.286346
v -0.956763 -0.042798 0.290231
v -0.967479 0.021690 0.192444
v -0.980619 -0.042872 0.195057
v -0.981683 0.021690 0.096687
v -0.995026 -0.042920 0.098001
v -0.986433 0.021690 -0.000000
v -0.999840 -0.042920 0.000000
v -0.981683 0.021690 -0.096687
v -0.995026 -0.042920 -0.098001
v -0.967479 0.021690 -0.192444
v -0.980629 -0.042920 -0.195059
v -0.943957 0.021690 -0.286346
v -0.956788 -0.042920 -0.290238
v -0.911345 0.021690 -0.377492
v -0.923732 -0.042920 -0.382622
v -0.869956 0.021690 -0.465001
v -0.881771 -0.042872 -0.471317
v -0.820189 0.021690 -0.548033
v -0.831315 -0.042798 -0.555467
v -0.762523 0.021690 -0.625786
v -0.772879 -0.042872 -0.634286
v -0.697513 0.021690 -0.697513
v -0.706987 -0.042872 -0.706987
v -0.625786 0.021690 -0.762523
v -0.634275 -0.042798 -0.772867
v -0.548033 0.021690 -0.820189
v -0.555467 -0.042798 -0.831315
v -0.464989 0.021648 -0.869933
v -0.459579 -0.042262 -0.887248
v -0.377481 0.021648 -0.911321
v -0.394298 -0.042262 -0.918123
v -0.286346 0.021690 -0.943957
v -0.290231 -0.042798 -0.956763
v -0.192444 0.021690 -0.967479
v -0.195054 -0.042798 -0.980603
v -0.096687 0.021690 -0.981683
v -0.097999 -0.042798 -0.995000
v -0.049340 -0.064721 -0.997440
v -0.048999 -0.008913 -0.997407
v -0.146527 -0.064647 -0.987801
v -0.146527 -0.008913 -0.987802
v -0.242642 -0.064647 -0.968683
v -0.242642 -0.008913 -0.968683
v -0.336412 -0.064524 -0.940211
v -0.336412 -0.008800 -0.940211
v -0.426939 -0.058527 -0.902685
v -0.426939 -0.014562 -0.902685
v -0.513376 -0.064524 -0.856513
v -0.513376 -0.008800 -0.856513
v -0.594871 -0.064647 -0.802091
v -0.594871 -0.008913 -0.802091
v -0.670408 -0.064721 -0.740185
v -0.670625 -0.008913 -0.739921
v -0.739994 -0.064873 -0.670692
v -0.739921 -0.008913 -0.670626
v -0.802332 -0.064721 -0.594629
v -0.802091 -0.008913 -0.594871
v -0.856405 -0.064721 -0.513704
v -0.856536 -0.008913 -0.513388
v -0.902831 -0.064921 -0.427007
v -0.902733 -0.008913 -0.426961
v -0.940347 -0.064969 -0.336462
v -0.940235 -0.008913 -0.336422
v -0.968798 -0.064969 -0.242671
v -0.968683 -0.008913 -0.242642
v -0.987919 -0.064969 -0.146544
v -0.987801 -0.008913 -0.146527
v -0.997526 -0.064969 -0.049005
v -0.997407 -0.008913 -0.048999
v -0.997526 -0.064969 0.049005
v -0.997407 -0.008913 0.048999
v -0.987909 -0.064921 0.146542
v -0.987802 -0.008913 0.146527
v -0.968648 -0.064721 0.242983
v -0.968683 -0.008913 0.242642
v -0.940235 -0.064647 0.336422
v -0.940235 -0.008913 0.336422
v -0.902733 -0.064647 0.426961
v -0.902733 -0.008913 0.426961
v -0.856536 -0.064647 0.513388
v -0.856536 -0.008913 0.513388
v -0.802091 -0.064647 0.594871
v -0.802091 -0.008913 0.594871
v -0.739921 -0.064647 0.670625
v -0.739921 -0.008913 0.670625
v -0.670625 -0.064647 0.739921
v -0.670626 -0.008913 0.739921
v -0.595172 -0.064721 0.801929
v -0.594871 -0.008913 0.802091
v -0.513439 -0.064873 0.856621
v -0.513388 -0.008913 0.856536
v -0.426676 -0.064721 0.902922
v -0.426961 -0.008913 0.902733
v -0.336422 -0.064647 0.940235
v -0.336422 -0.008913 0.940235
v -0.242983 -0.064721 0.968648
v -0.242642 -0.008913 0.968683
v -0.146542 -0.064921 0.987909
v -0.146527 -0.008913 0.987801
v -0.049005 -0.064921 0.997515
v -0.048999 -0.008913 0.997407
v 0.049004 -0.064794 0.997505
v 0.048999 -0.008913 0.997407
v 0.146541 -0.064873 0.987899
v 0.146527 -0.008913 0.987802
v 0.242666 -0.064794 0.968778
v 0.242642 -0.008913 0.968683
v 0.336455 -0.064873 0.940328
v 0.336422 -0.008913 0.940235
v 0.427288 -0.064721 0.902632
v 0.426961 -0.008913 0.902733
v 0.513123 -0.064721 0.856752
v 0.513388 -0.008913 0.856536
v 0.594936 -0.064921 0.802178
v 0.594871 -0.008913 0.802091
v 0.670698 -0.064921 0.740002
v 0.670625 -0.008913 0.739921
v 0.740185 -0.064721 0.670408
v 0.739921 -0.008913 0.670626
v 0.802091 -0.064647 0.594871
v 0.802091 -0.008913 0.594871
v 0.856536 -0.064647 0.513388
v 0.856536 -0.008913 0.513388
v 0.902633 -0.064721 0.427288
v 0.902733 -0.008913 0.426961
v 0.940338 -0.064921 0.336458
v 0.940235 -0.008913 0.336422
v 0.968798 -0.064969 0.242671
v 0.968683 -0.008913 0.242642
v 0.987909 -0.064921 0.146543
v 0.987801 -0.008913 0.146527
v 0.997505 -0.064794 0.049004
v 0.997407 -0.008913 0.048999
v 0.997505 -0.064873 -0.049004
v 0.997407 -0.008913 -0.048999
v 0.987899 -0.064794 -0.146541
v 0.987802 -0.008913 -0.146527
v 0.968778 -0.064873 -0.242666
v 0.968683 -0.008913 -0.242642
v 0.940168 -0.064721 -0.336757
v 0.940235 -0.008913 -0.336422
v 0.902733 -0.064647 -0.426961
v 0.902733 -0.008913 -0.426961
v 0.856536 -0.064647 -0.513388
v 0.856536 -0.008913 -0.513388
v 0.802071 -0.064524 -0.594855
v 0.802071 -0.008800 -0.594855
v 0.739596 -0.058301 -0.670785
v 0.739596 -0.014354 -0.670785
v 0.670481 -0.058076 -0.739762
v 0.670481 -0.014147 -0.739762
v 0.594743 -0.058076 -0.801918
v 0.594743 -0.014147 -0.801918
v 0.513929 -0.058424 -0.856126
v 0.513608 -0.014354 -0.856248
v 0.426999 -0.064847 -0.902817
v 0.426948 -0.008800 -0.902710
v 0.336459 -0.064921 -0.940337
v 0.336422 -0.008913 -0.940235
v 0.242666 -0.064794 -0.968778
v 0.242642 -0.008913 -0.968683
v 0.146542 -0.064921 -0.987909
v 0.146527 -0.008913 -0.987801
v 0.049005 -0.064921 -0.997515
v 0.048999 -0.008913 -0.997407
v -0.045280 -0.065000 0.921697
v -0.045280 0.065000 0.921697
v -0.135404 -0.065000 0.912820
v -0.135404 0.065000 0.912820
v -0.224224 -0.065000 0.895153
v -0.224224 0.065000 0.895153
v -0.310885 -0.065000 0.868865
v -0.310885 0.065000 0.868865
v -0.394552 -0.065000 0.834209
v -0.394552 0.065000 0.834209
v -0.474418 -0.065000 0.791519
v -0.474418 0.065000 0.791519
v -0.549716 -0.065000 0.741207
v -0.549716 0.065000 0.741207
v -0.619720 -0.065000 0.683756
v -0.619720 0.065000 0.683756
v -0.683756 -0.065000 0.619720
v -0.683756 0.065000 0.619720
v -0.741207 -0.065000 0.549716
v -0.741207 0.065000 0.549716
v -0.791519 -0.065000 0.474418
v -0.791519 0.065000 0.474418
v -0.834209 -0.065000 0.394552
v -0.834209 0.065000 0.394552
v -0.868865 -0.065000 0.310885
v -0.868865 0.065000 0.310885
v -0.895153 -0.065000 0.224224
v -0.895153 0.065000 0.224224
v -0.912820 -0.065000 0.135404
v -0.912820 0.065000 0.135404
v -0.921697 -0.065000 0.045280
v -0.921697 0.065000 0.045280
v -0.921697 -0.065000 -0.045280
v -0.921697 0.065000 -0.045280
v -0.912820 -0.065000 -0.135404
v -0.912820 0.065000 -0.135404
v -0.895153 -0.065000 -0.224224
v -0.895153 0.065000 -0.224224
v -0.868865 -0.065000 -0.310885
v -0.868865 0.065000 -0.310885
v -0.834209 -0.065000 -0.394552
v -0.834209 0.065000 -0.394552
v -0.791519 -0.065000 -0.474418
v -0.791519 0.065000 -0.474418
v -0.741207 -0.065000 -0.549716
v -0.741207 0.065000 -0.549716
v -0.683756 -0.065000 -0.619720
v -0.683756 0.065000 -0.619720
v -0.619720 -0.065000 -0.683756
v -0.619720 0.065000 -0.683756
v -0.549716 -0.065000 -0.741207
v -0.549716 0.065000 -0.741207
v -0.474418 -0.065000 -0.791519
v -0.474418 0.065000 -0.791519
v -0.394552 -0.065000 -0.834209
v -0.394552 0.065000 -0.834209
v -0.310885 -0.065000 -0.868865
v -0.310885 0.065000 -0.868865
v -0.224224 -0.065000 -0.895153
v -0.224224 0.065000 -0.895153
v -0.135404 -0.065000 -0.912820
v -0.135404 0.065000 -0.912820
v -0.045280 -0.065000 -0.921697
v -0.045280 0.065000 -0.921697
v 0.045280 -0.065000 -0.921697
v 0.045280 0.065000 -0.921697
v 0.135404 -0.065000 -0.912820
v 0.135404 0.065000 -0.912820
v 0.224224 -0.065000 -0.895153
v 0.224224 0.065000 -0.895153
v 0.310885 -0.065000 -0.868865
v 0.310885 0.065000 -0.868865
v 0.394552 -0.065000 -0.834209
v 0.394552 0.065000 -0.834209
v 0.474418 -0.065000 -0.791519
v 0.474418 0.065000 -0.791519
v 0.549716 -0.065000 -0.741207
v 0.549716 0.065000 -0.741207
v 0.619720 -0.065000 -0.683756
v 0.619720 0.065000 -0.683756
v 0.683756 -0.065000 -0.619720
v 0.683756 0.065000 -0.619720
v 0.741207 -0.065000 -0.549716
v 0.741207 0.065000 -0.549716
v 0.791519 -0.065000 -0.474418
v 0.791519 0.065000 -0.474418
v 0.834209 -0.065000 -0.394552
v 0.834209 0.065000 -0.394552
v 0.868865 -0.065000 -0.310885
v 0.868865 0.065000 -0.310885
v 0.895153 -0.065000 -0.224224
v 0.895153 0.065000 -0.224224
v 0.912820 -0.065000 -0.135404
v 0.912820 0.065000 -0.135404
v 0.921697 -0.065000 -0.045280
v 0.921697 0.065000 -0.045280
v 0.921697 -0.065000 0.045280
v 0.921697 0.065000 0.045280
v 0.912820 -0.065000 0.135404
v 0.912820 0.065000 0.135404
v 0.895153 -0.065000 0.224224
v 0.895153 0.065000 0.224224
v 0.868865 -0.065000 0.310885
v 0.868865 0.065000 0.310885
v 0.834209 -0.065000 0.394552
v 0.834209 0.065000 0.394552
v 0.791519 -0.065000 0.474418
v 0.791519 0.065000 0.474418
v 0.741207 -0.065000 0.549716
v 0.741207 0.065000 0.549716
v 0.683756 -0.065000 0.619720
v 0.683756 0.065000 0.619720
v 0.619720 -0.065000 0.683756
v 0.619720 0.065000 0.683756
v 0.549716 -0.065000 0.741207
v 0.549716 0.065000 0.741207
v 0.474418 -0.065000 0.791519
v 0.474418 0.065000 0.791519
v 0.394552 -0.065000 0.834209
v 0.394552 0.065000 0.834209
v 0.310885 -0.065000 0.868865
v 0.310885 0.065000 0.868865
v 0.224224 -0.065000 0.895153
v 0.224224 0.065000 0.895153
v 0.135404 -0.065000 0.912820
v 0.135404 0.065000 0.912820
v 0.045280 -0.065000 0.921697
v 0.045280 0.065000 0.921697
v 0.002386 -0.065002 -0.024231
v 0.000000 -0.065003 -0.022252
v 0.000000 0.064469 -0.019023
v 0.001864 0.064469 -0.018932
v 0.004341 -0.065003 -0.021825
v 0.003711 0.064469 -0.018658
v 0.006460 -0.065003 -0.021294
v 0.005522 0.064469 -0.018204
v 0.009317 -0.065002 -0.022495
v 0.007280 0.064469 -0.017576
v 0.010490 -0.065003 -0.019625
v 0.008968 0.064469 -0.016777
v 0.010569 -0.065004 -0.015817
v 0.010569 0.064469 -0.015817
v 0.012068 -0.065004 -0.014705
v 0.012068 0.064469 -0.014705
v 0.013451 -0.065004 -0.013451
v 0.013451 0.064469 -0.013451
v 0.014705 -0.065004 -0.012068
v 0.014705 0.064469 -0.012068
v 0.015817 -0.065004 -0.010569
v 0.015817 0.064469 -0.010569
v 0.016777 -0.065004 -0.008968
v 0.016777 0.064469 -0.008968
v 0.017575 -0.065004 -0.007280
v 0.017575 0.064469 -0.007280
v 0.021294 -0.065003 -0.006460
v 0.018204 0.064469 -0.005522
v 0.021825 -0.065003 -0.004341
v 0.018658 0.064469 -0.003711
v 0.022145 -0.065003 -0.002181
v 0.018932 0.064469 -0.001864
v 0.022252 -0.065003 0.000000
v 0.019023 0.064469 -0.000000
v 0.022145 -0.065003 0.002181
v 0.018932 0.064469 0.001864
v 0.023880 -0.065002 0.004750
v 0.018658 0.064469 0.003711
v 0.023299 -0.065002 0.007068
v 0.018204 0.064469 0.005522
v 0.020559 -0.065003 0.008515
v 0.017576 0.064469 0.007280
v 0.016777 -0.065004 0.008968
v 0.016777 0.064469 0.008968
v 0.015817 -0.065004 0.010569
v 0.015817 0.064469 0.010569
v 0.014705 -0.065004 0.012068
v 0.014705 0.064469 0.012068
v 0.015735 -0.065003 0.015735
v 0.013451 0.064469 0.013451
v 0.015446 -0.065002 0.018821
v 0.012068 0.064469 0.014705
v 0.012363 -0.065003 0.018502
v 0.010569 0.064469 0.015817
v 0.008968 -0.065004 0.016777
v 0.008968 0.064469 0.016777
v 0.008515 -0.065003 0.020558
v 0.007280 0.064469 0.017575
v 0.006460 -0.065003 0.021294
v 0.005522 0.064469 0.018204
v 0.004341 -0.065003 0.021825
v 0.003711 0.064469 0.018658
v 0.002181 -0.065003 0.022145
v 0.001864 0.064469 0.018932
v 0.000000 -0.065003 0.022252
v 0.000000 0.064469 0.019023
v -0.002386 -0.065002 0.024231
v -0.001864 0.064469 0.018932
v -0.004341 -0.065003 0.021825
v -0.003711 0.064469 0.018658
v -0.005522 -0.065004 0.018204
v -0.005522 0.064469 0.018204
v -0.007280 -0.065004 0.017576
v -0.007280 0.064469 0.017576
v -0.010490 -0.065003 0.019625
v -0.008968 0.064469 0.016777
v -0.012363 -0.065003 0.018502
v -0.010569 0.064469 0.015817
v -0.012068 -0.065004 0.014705
v -0.012068 0.064469 0.014705
v -0.013451 -0.065004 0.013451
v -0.013451 0.064469 0.013451
v -0.014705 -0.065004 0.012068
v -0.014705 0.064469 0.012068
v -0.015817 -0.065004 0.010569
v -0.015817 0.064469 0.010569
v -0.016777 -0.065004 0.008968
v -0.016777 0.064469 0.008968
v -0.017575 -0.065004 0.007280
v -0.017575 0.064469 0.007280
v -0.018204 -0.065004 0.005522
v -0.018204 0.064469 0.005522
v -0.021825 -0.065003 0.004341
v -0.018658 0.064469 0.003711
v -0.024231 -0.065002 0.002386
v -0.018932 0.064469 0.001864
v -0.024348 -0.065002 0.000000
v -0.019023 0.064469 -0.000000
v -0.024231 -0.065002 -0.002386
v -0.018932 0.064469 -0.001864
v -0.023880 -0.065002 -0.004750
v -0.018658 0.064469 -0.003711
v -0.023299 -0.065002 -0.007068
v -0.018204 0.064469 -0.005522
v -0.022495 -0.065002 -0.009317
v -0.017576 0.064469 -0.007280
v -0.019625 -0.065003 -0.010490
v -0.016777 0.064469 -0.008968
v -0.015817 -0.065004 -0.010569
v -0.015817 0.064469 -0.010569
v -0.017201 -0.065003 -0.014117
v -0.014705 0.064469 -0.012068
v -0.015735 -0.065003 -0.015735
v -0.013451 0.064469 -0.013451
v -0.012068 -0.065004 -0.014705
v -0.012068 0.064469 -0.014705
v -0.010569 -0.065004 -0.015817
v -0.010569 0.064469 -0.015817
v -0.008968 -0.065004 -0.016777
v -0.008968 0.064469 -0.016777
v -0.007280 -0.065004 -0.017575
v -0.007280 0.064469 -0.017575
v -0.005522 -0.065004 -0.018204
v -0.005522 0.064469 -0.018204
v -0.003711 -0.065004 -0.018658
v -0.003711 0.064469 -0.018658
v -0.001864 -0.065004 -0.018932
v -0.001864 0.064469 -0.018932
v -0.034819 0.065000 0.708757
v -0.104122 0.065000 0.701932
v 0.034819 0.065000 0.708757
v 0.104122 0.065000 0.701931
v 0.172422 0.065000 0.688346
v 0.239061 0.065000 0.668131
v 0.303398 0.065000 0.641482
v 0.364813 0.065000 0.608655
v 0.422715 0.065000 0.569966
v 0.476546 0.065000 0.525788
v 0.525788 0.065000 0.476546
v 0.569966 0.065000 0.422715
v 0.608654 0.065000 0.364813
v 0.641482 0.065000 0.303398
v 0.668131 0.065000 0.239061
v 0.688346 0.065000 0.172422
v 0.701932 0.065000 0.104122
v 0.708757 0.065000 0.034819
v 0.708757 0.065000 -0.034819
v 0.701932 0.065000 -0.104122
v 0.688346 0.065000 -0.172422
v 0.668131 0.065000 -0.239061
v 0.641482 0.065000 -0.303398
v 0.608655 0.065000 -0.364813
v 0.569966 0.065000 -0.422715
v 0.525788 0.065000 -0.476546
v 0.476546 0.065000 -0.525788
v 0.422715 0.065000 -0.569966
v 0.364813 0.065000 -0.608654
v 0.303398 0.065000 -0.641482
v 0.239061 0.065000 -0.668131
v 0.172422 0.065000 -0.688346
v 0.104122 0.065000 -0.701932
v 0.034819 0.065000 -0.708757
v -0.034819 0.065000 -0.708757
v -0.104122 0.065000 -0.701932
v -0.172422 0.065000 -0.688346
v -0.239061 0.065000 -0.668131
v -0.303398 0.065000 -0.641482
v -0.364813 0.065000 -0.608655
v -0.422715 0.065000 -0.569966
v -0.476546 0.065000 -0.525788
v -0.525788 0.065000 -0.476546
v -0.569966 0.065000 -0.422715
v -0.608655 0.065000 -0.364813
v -0.641481 0.065000 -0.303398
v -0.668131 0.065000 -0.239061
v -0.688346 0.065000 -0.172422
v -0.701932 0.065000 -0.104122
v -0.708757 0.065000 -0.034819
v -0.708757 0.065000 0.034819
v -0.701932 0.065000 0.104122
v -0.688346 0.065000 0.172422
v -0.668131 0.065000 0.239061
v -0.641482 0.065000 0.303398
v -0.608655 0.065000 0.364813
v -0.569966 0.065000 0.422715
v -0.525788 0.065000 0.476546
v -0.476546 0.065000 0.525788
v -0.422715 0.065000 0.569966
v -0.364813 0.065000 0.608655
v -0.303398 0.065000 0.641482
v -0.239061 0.065000 0.668131
v -0.172422 0.065000 0.688346
v -0.090481 0.065000 0.918671
v 0.000000 0.065000 0.923116
v 0.090481 0.065000 0.918671
v 0.180091 0.065000 0.905378
v 0.267966 0.065000 0.883367
v 0.353261 0.065000 0.852848
v 0.435154 0.065000 0.814116
v 0.512855 0.065000 0.767543
v 0.585619 0.065000 0.713578
v 0.652742 0.065000 0.652742
v 0.713578 0.065000 0.585619
v 0.767543 0.065000 0.512856
v 0.814116 0.065000 0.435154
v 0.852848 0.065000 0.353261
v 0.883367 0.065000 0.267966
v 0.905379 0.065000 0.180091
v 0.918671 0.065000 0.090481
v 0.923116 0.065000 -0.000000
v 0.918671 0.065000 -0.090481
v 0.905378 0.065000 -0.180091
v 0.883367 0.065000 -0.267966
v 0.852848 0.065000 -0.353261
v 0.814116 0.065000 -0.435154
v 0.767543 0.065000 -0.512856
v 0.713578 0.065000 -0.585619
v 0.652742 0.065000 -0.652742
v 0.585619 0.065000 -0.713578
v 0.512855 0.065000 -0.767543
v 0.435154 0.065000 -0.814116
v 0.353261 0.065000 -0.852848
v 0.267966 0.065000 -0.883367
v 0.180091 0.065000 -0.905379
v 0.090481 0.065000 -0.918671
v 0.000000 0.065000 -0.923116
v -0.090481 0.065000 -0.918671
v -0.180091 0.065000 -0.905378
v -0.267966 0.065000 -0.883367
v -0.353261 0.065000 -0.852848
v -0.435154 0.065000 -0.814116
v -0.512855 0.065000 -0.767543
v -0.585619 0.065000 -0.713578
v -0.652742 0.065000 -0.652742
v -0.713578 0.065000 -0.585619
v -0.767543 0.065000 -0.512856
v -0.814116 0.065000 -0.435154
v -0.852848 0.065000 -0.353261
v -0.883367 0.065000 -0.267966
v -0.905379 0.065000 -0.180091
v -0.918671 0.065000 -0.090481
v -0.923116 0.065000 -0.000000
v -0.918671 0.065000 0.090481
v -0.905378 0.065000 0.180091
v -0.883367 0.065000 0.267966
v -0.852848 0.065000 0.353261
v -0.814116 0.065000 0.435154
v -0.767543 0.065000 0.512855
v -0.713578 0.065000 0.585619
v -0.652742 0.065000 0.652742
v -0.585619 0.065000 0.713578
v -0.512855 0.065000 0.767543
v -0.435154 0.065000 0.814116
v -0.353261 0.065000 0.852848
v -0.267966 0.065000 0.883367
v -0.180091 0.065000 0.905379
v -0.034819 -0.065000 0.708757
v 0.034819 -0.065000 0.708757
v -0.104122 -0.065000 0.701932
v -0.172422 -0.065000 0.688346
v -0.239061 -0.065000 0.668131
v -0.303398 -0.065000 0.641482
v -0.364813 -0.065000 0.608655
v -0.422715 -0.065000 0.569966
v -0.476546 -0.065000 0.525788
v -0.525788 -0.065000 0.476546
v -0.569966 -0.065000 0.422715
v -0.608655 -0.065000 0.364813
v -0.641482 -0.065000 0.303398
v -0.668131 -0.065000 0.239061
v -0.688346 -0.065000 0.172422
v -0.701931 -0.065000 0.104122
v -0.708757 -0.065000 0.034819
v -0.708757 -0.065000 -0.034819
v -0.701932 -0.065000 -0.104122
v -0.688346 -0.065000 -0.172422
v -0.668131 -0.065000 -0.239061
v -0.641482 -0.065000 -0.303398
v -0.608655 -0.065000 -0.364813
v -0.569966 -0.065000 -0.422715
v -0.525788 -0.065000 -0.476546
v -0.476546 -0.065000 -0.525788
v -0.422715 -0.065000 -0.569966
v -0.364813 -0.065000 -0.608655
v -0.303398 -0.065000 -0.641482
v -0.239061 -0.065000 -0.668131
v -0.172422 -0.065000 -0.688346
v -0.104122 -0.065000 -0.701932
v -0.034819 -0.065000 -0.708757
v 0.034819 -0.065000 -0.708757
v 0.104122 -0.065000 -0.701932
v 0.172422 -0.065000 -0.688346
v 0.239061 -0.065000 -0.668131
v 0.303398 -0.065000 -0.641482
v 0.364813 -0.065000 -0.608655
v 0.422715 -0.065000 -0.569966
v 0.476546 -0.065000 -0.525788
v 0.525788 -0.065000 -0.476546
v 0.569966 -0.065000 -0.422715
v 0.608655 -0.065000 -0.364813
v 0.641482 -0.065000 -0.303398
v 0.668131 -0.065000 -0.239061
v 0.688346 -0.065000 -0.172422
v 0.701932 -0.065000 -0.104122
v 0.708757 -0.065000 -0.034819
v 0.708757 -0.065000 0.034819
v 0.701932 -0.065000 0.104122
v 0.688346 -0.065000 0.172422
v 0.668131 -0.065000 0.239061
v 0.641481 -0.065000 0.303398
v 0.608655 -0.065000 0.364813
v 0.569966 -0.065000 0.422715
v 0.525788 -0.065000 0.476546
v 0.476546 -0.065000 0.525788
v 0.422715 -0.065000 0.569966
v 0.364813 -0.065000 0.608655
v 0.303398 -0.065000 0.641482
v 0.239061 -0.065000 0.668131
v 0.172422 -0.065000 0.688346
v 0.104122 -0.065000 0.701932
v 0.000000 -0.065000 0.923116
v -0.090481 -0.065000 0.918671
v -0.180091 -0.065000 0.905379
v -0.267966 -0.065000 0.883367
v -0.353261 -0.065000 0.852848
v -0.435154 -0.065000 0.814116
v -0.512855 -0.065000 0.767543
v -0.585618 -0.065000 0.713578
v -0.652742 -0.065000 0.652742
v -0.713578 -0.065000 0.585619
v -0.767543 -0.065000 0.512856
v -0.814116 -0.065000 0.435154
v -0.852848 -0.065000 0.353261
v -0.883367 -0.065000 0.267966
v -0.905378 -0.065000 0.180091
v -0.918671 -0.065000 0.090481
v -0.923116 -0.065000 0.000000
v -0.918671 -0.065000 -0.090481
v -0.905379 -0.065000 -0.180091
v -0.883367 -0.065000 -0.267966
v -0.852848 -0.065000 -0.353261
v -0.814116 -0.065000 -0.435154
v -0.767543 -0.065000 -0.512855
v -0.713578 -0.065000 -0.585618
v -0.652742 -0.065000 -0.652742
v -0.585619 -0.065000 -0.713578
v -0.512856 -0.065000 -0.767543
v -0.435154 -0.065000 -0.814116
v -0.353261 -0.065000 -0.852848
v -0.267966 -0.065000 -0.883367
v -0.180091 -0.065000 -0.905378
v -0.090481 -0.065000 -0.918671
v 0.000000 -0.065000 -0.923116
v 0.090481 -0.065000 -0.918671
v 0.180091 -0.065000 -0.905379
v 0.267966 -0.065000 -0.883367
v 0.353261 -0.065000 -0.852848
v 0.435154 -0.065000 -0.814116
v 0.512855 -0.065000 -0.767543
v 0.585618 -0.065000 -0.713578
v 0.652742 -0.065000 -0.652742
v 0.713578 -0.065000 -0.585619
v 0.767543 -0.065000 -0.512856
v 0.814116 -0.065000 -0.435154
v 0.852848 -0.065000 -0.353261
v 0.883367 -0.065000 -0.267966
v 0.905378 -0.065000 -0.180091
v 0.918671 -0.065000 -0.090481
v 0.923116 -0.065000 0.000000
v 0.918671 -0.065000 0.090481
v 0.905379 -0.065000 0.180091
v 0.883367 -0.065000 0.267966
v 0.852848 -0.065000 0.353261
v 0.814116 -0.065000 0.435154
v 0.767543 -0.065000 0.512855
v 0.713578 -0.065000 0.585618
v 0.652742 -0.065000 0.652742
v 0.585619 -0.065000 0.713578
v 0.512856 -0.065000 0.767543
v 0.435154 -0.065000 0.814116
v 0.353261 -0.065000 0.852848
v 0.267966 -0.065000 0.883367
v 0.180091 -0.065000 0.905378
v 0.090481 -0.065000 0.918671
v -0.078883 -0.043333 -0.996125
v -0.049009 -0.056904 -0.997592
v -0.049009 -0.029763 -0.997592
v -0.019135 -0.043333 -0.999060
v -0.081637 -0.057877 -0.995930
v -0.081637 -0.027954 -0.995930
v -0.016374 -0.027954 -0.999136
v -0.016374 -0.057951 -0.999152
v -0.176140 -0.043333 -0.983596
v -0.146554 -0.056904 -0.987985
v -0.146554 -0.029763 -0.987985
v -0.116967 -0.043333 -0.992374
v -0.178862 -0.057877 -0.983132
v -0.178862 -0.027954 -0.983132
v -0.114228 -0.027954 -0.992720
v -0.114228 -0.057877 -0.992720
v -0.271701 -0.043333 -0.961595
v -0.242688 -0.056904 -0.968863
v -0.242688 -0.029763 -0.968863
v -0.213674 -0.043333 -0.976130
v -0.274365 -0.057877 -0.960867
v -0.274365 -0.027954 -0.960867
v -0.210981 -0.027954 -0.976744
v -0.210981 -0.057877 -0.976744
v -0.364646 -0.043333 -0.930334
v -0.336484 -0.056904 -0.940410
v -0.336484 -0.029763 -0.940410
v -0.308322 -0.043333 -0.950486
v -0.367523 -0.057755 -0.929178
v -0.367523 -0.027841 -0.929178
v -0.305703 -0.027954 -0.951361
v -0.305703 -0.057877 -0.951361
v -0.539138 -0.043333 -0.841319
v -0.513484 -0.056904 -0.856695
v -0.513484 -0.029763 -0.856696
v -0.487829 -0.043333 -0.872072
v -0.541476 -0.057877 -0.839848
v -0.541476 -0.027954 -0.839848
v -0.485110 -0.027841 -0.873563
v -0.485110 -0.057755 -0.873563
v -0.619006 -0.043333 -0.784423
v -0.594982 -0.056904 -0.802240
v -0.594982 -0.029763 -0.802240
v -0.570958 -0.043333 -0.820058
v -0.621188 -0.057877 -0.782730
v -0.621188 -0.027954 -0.782730
v -0.568705 -0.027954 -0.821654
v -0.568705 -0.057877 -0.821655
v -0.692912 -0.043333 -0.719972
v -0.670750 -0.056904 -0.740059
v -0.670750 -0.029763 -0.740059
v -0.648588 -0.043333 -0.760145
v -0.694929 -0.057951 -0.718085
v -0.694918 -0.027954 -0.718074
v -0.646503 -0.027954 -0.761955
v -0.646503 -0.057877 -0.761955
v -0.760145 -0.065298 -0.648588
v -0.740059 -0.065116 -0.670750
v -0.740059 -0.065479 -0.670750
v -0.719972 -0.065298 -0.692912
v -0.755292 -0.065102 -0.640594
v -0.762170 -0.065292 -0.646239
v -0.717833 -0.065292 -0.695158
v -0.711541 -0.065102 -0.688866
v -0.760145 -0.043333 -0.648588
v -0.740059 -0.056904 -0.670750
v -0.740059 -0.029763 -0.670750
v -0.719972 -0.043333 -0.692912
v -0.761967 -0.057953 -0.646513
v -0.761955 -0.027954 -0.646503
v -0.718074 -0.027954 -0.694918
v -0.718085 -0.057953 -0.694929
v -0.820057 -0.043333 -0.570958
v -0.802240 -0.056904 -0.594982
v -0.802240 -0.029763 -0.594982
v -0.784423 -0.043333 -0.619006
v -0.821654 -0.057877 -0.568705
v -0.821655 -0.027954 -0.568705
v -0.782730 -0.027954 -0.621188
v -0.782743 -0.057951 -0.621198
v -0.872072 -0.043333 -0.487829
v -0.856695 -0.056904 -0.513484
v -0.856695 -0.029763 -0.513484
v -0.841319 -0.043333 -0.539138
v -0.873455 -0.057951 -0.485438
v -0.873441 -0.027954 -0.485430
v -0.839848 -0.027954 -0.541476
v -0.839848 -0.057877 -0.541476
v -0.915689 -0.065298 -0.400002
v -0.902901 -0.065116 -0.427040
v -0.902901 -0.065479 -0.427040
v -0.890112 -0.065298 -0.454079
v -0.910546 -0.065102 -0.394883
v -0.916839 -0.065339 -0.397490
v -0.888717 -0.065292 -0.456849
v -0.880870 -0.065102 -0.452654
v -0.915689 -0.043333 -0.400002
v -0.902901 -0.056904 -0.427040
v -0.902901 -0.029763 -0.427040
v -0.890112 -0.043333 -0.454079
v -0.916839 -0.058001 -0.397490
v -0.916815 -0.027954 -0.397481
v -0.888878 -0.027954 -0.456549
v -0.888892 -0.057953 -0.456556
v -0.950486 -0.065298 -0.308322
v -0.940410 -0.065116 -0.336484
v -0.940410 -0.065479 -0.336484
v -0.930334 -0.065298 -0.364646
v -0.944867 -0.065102 -0.303733
v -0.951386 -0.065339 -0.305710
v -0.929371 -0.065339 -0.367235
v -0.923078 -0.065102 -0.364628
v -0.950486 -0.043333 -0.308322
v -0.940410 -0.056904 -0.336484
v -0.940410 -0.029763 -0.336484
v -0.930334 -0.043333 -0.364646
v -0.951386 -0.058001 -0.305710
v -0.951361 -0.027954 -0.305703
v -0.929348 -0.027954 -0.367225
v -0.929371 -0.058001 -0.367235
v -0.976130 -0.065298 -0.213674
v -0.968863 -0.065116 -0.242688
v -0.968863 -0.065479 -0.242688
v -0.961595 -0.065298 -0.271701
v -0.970088 -0.065102 -0.209657
v -0.976769 -0.065339 -0.210986
v -0.960892 -0.065339 -0.274373
v -0.954373 -0.065102 -0.272395
v -0.976130 -0.043333 -0.213674
v -0.968863 -0.056904 -0.242688
v -0.968863 -0.029763 -0.242688
v -0.961595 -0.043333 -0.271701
v -0.976769 -0.058001 -0.210986
v -0.976744 -0.027954 -0.210981
v -0.960867 -0.027954 -0.274365
v -0.960892 -0.058001 -0.274373
v -0.992374 -0.065298 -0.116967
v -0.987985 -0.065116 -0.146554
v -0.987985 -0.065479 -0.146554
v -0.983596 -0.065298 -0.176140
v -0.985967 -0.065102 -0.113562
v -0.992746 -0.065339 -0.114230
v -0.983158 -0.065339 -0.178868
v -0.976477 -0.065102 -0.177538
v -0.992374 -0.043333 -0.116967
v -0.987985 -0.056904 -0.146554
v -0.987985 -0.029763 -0.146554
v -0.983596 -0.043333 -0.176140
v -0.992746 -0.058001 -0.114230
v -0.992720 -0.027954 -0.114228
v -0.983132 -0.027954 -0.178862
v -0.983158 -0.058001 -0.178868
v -0.999060 -0.065298 -0.019135
v -0.997592 -0.065116 -0.049009
v -0.997592 -0.065479 -0.049009
v -0.996125 -0.065298 -0.078883
v -0.992350 -0.065102 -0.016374
v -0.999162 -0.065339 -0.016374
v -0.995956 -0.065339 -0.081640
v -0.989177 -0.065102 -0.080972
v -0.999060 -0.043333 -0.019135
v -0.997592 -0.056904 -0.049009
v -0.997592 -0.029763 -0.049009
v -0.996125 -0.043333 -0.078883
v -0.999162 -0.058001 -0.016374
v -0.999136 -0.027954 -0.016374
v -0.995930 -0.027954 -0.081637
v -0.995956 -0.058001 -0.081640
v -0.996125 -0.065298 0.078883
v -0.997592 -0.065116 0.049009
v -0.997592 -0.065479 0.049009
v -0.999060 -0.065298 0.019135
v -0.989177 -0.065102 0.080972
v -0.995956 -0.065339 0.081640
v -0.999162 -0.065339 0.016374
v -0.992350 -0.065102 0.016374
v -0.996125 -0.043333 0.078883
v -0.997592 -0.056904 0.049009
v -0.997592 -0.029763 0.049009
v -0.999060 -0.043333 0.019135
v -0.995956 -0.058001 0.081640
v -0.995930 -0.027954 0.081637
v -0.999136 -0.027954 0.016374
v -0.999162 -0.058001 0.016374
v -0.983596 -0.065298 0.176140
v -0.987985 -0.065116 0.146554
v -0.987985 -0.065479 0.146554
v -0.992374 -0.065298 0.116967
v -0.974338 -0.065102 0.177460
v -0.983065 -0.065292 0.179196
v -0.992746 -0.065339 0.114230
v -0.985967 -0.065102 0.113562
v -0.983596 -0.043333 0.176140
v -0.987985 -0.056904 0.146554
v -0.987985 -0.029763 0.146554
v -0.992374 -0.043333 0.116967
v -0.983148 -0.057953 0.178866
v -0.983132 -0.027954 0.178862
v -0.992720 -0.027954 0.114228
v -0.992746 -0.058001 0.114230
v -0.961595 -0.043333 0.271701
v -0.968863 -0.056904 0.242688
v -0.968863 -0.029763 0.242688
v -0.976130 -0.043333 0.213674
v -0.960867 -0.057877 0.274365
v -0.960867 -0.027954 0.274365
v -0.976744 -0.027954 0.210981
v -0.976759 -0.057951 0.210984
v -0.930334 -0.043333 0.364646
v -0.940410 -0.056904 0.336484
v -0.940410 -0.029763 0.336484
v -0.950486 -0.043333 0.308322
v -0.929348 -0.057877 0.367225
v -0.929348 -0.027954 0.367225
v -0.951361 -0.027954 0.305703
v -0.951361 -0.057877 0.305703
v -0.890112 -0.043333 0.454079
v -0.902900 -0.056904 0.427040
v -0.902900 -0.029763 0.427040
v -0.915689 -0.043333 0.400002
v -0.888878 -0.057877 0.456549
v -0.888878 -0.027954 0.456549
v -0.916815 -0.027954 0.397480
v -0.916815 -0.057877 0.397481
v -0.841319 -0.043333 0.539138
v -0.856695 -0.056904 0.513484
v -0.856696 -0.029763 0.513484
v -0.872072 -0.043333 0.487829
v -0.839848 -0.057877 0.541476
v -0.839848 -0.027954 0.541476
v -0.873441 -0.027954 0.485430
v -0.873441 -0.057877 0.485430
v -0.784423 -0.043333 0.619006
v -0.802240 -0.056904 0.594982
v -0.802240 -0.029763 0.594982
v -0.820058 -0.043333 0.570958
v -0.782730 -0.057877 0.621188
v -0.782730 -0.027954 0.621188
v -0.821654 -0.027954 0.568705
v -0.821655 -0.057877 0.568705
v -0.719972 -0.043333 0.692912
v -0.740059 -0.056904 0.670750
v -0.740059 -0.029763 0.670750
v -0.760145 -0.043333 0.648588
v -0.718074 -0.057877 0.694918
v -0.718074 -0.027954 0.694918
v -0.761955 -0.027954 0.646503
v -0.761955 -0.057877 0.646503
v -0.648588 -0.043333 0.760145
v -0.670750 -0.056904 0.740059
v -0.670750 -0.029763 0.740059
v -0.692912 -0.043333 0.719972
v -0.646503 -0.057877 0.761955
v -0.646503 -0.027954 0.761955
v -0.694918 -0.027954 0.718074
v -0.694918 -0.057877 0.718074
v -0.570958 -0.043333 0.820057
v -0.594982 -0.056904 0.802240
v -0.594982 -0.029763 0.802240
v -0.619006 -0.043333 0.784423
v -0.568714 -0.057951 0.821668
v -0.568705 -0.027954 0.821655
v -0.621188 -0.027954 0.782730
v -0.621188 -0.057877 0.782730
v -0.487829 -0.065298 0.872072
v -0.513484 -0.065116 0.856695
v -0.513484 -0.065479 0.856695
v -0.539138 -0.065298 0.841319
v -0.480935 -0.065102 0.865753
v -0.485130 -0.065292 0.873600
v -0.541758 -0.065292 0.839658
v -0.536815 -0.065102 0.832260
v -0.487829 -0.043333 0.872072
v -0.513484 -0.056904 0.856695
v -0.513484 -0.029763 0.856695
v -0.539138 -0.043333 0.841319
v -0.485438 -0.057953 0.873455
v -0.485430 -0.027954 0.873441
v -0.541476 -0.027954 0.839848
v -0.541485 -0.057953 0.839861
v -0.400002 -0.043333 0.915689
v -0.427040 -0.056904 0.902901
v -0.427040 -0.029763 0.902901
v -0.454079 -0.043333 0.890112
v -0.397480 -0.057877 0.916815
v -0.397481 -0.027954 0.916815
v -0.456549 -0.027954 0.888878
v -0.456556 -0.057951 0.888892
v -0.308322 -0.043333 0.950486
v -0.336484 -0.056904 0.940410
v -0.336484 -0.029763 0.940410
v -0.364646 -0.043333 0.930334
v -0.305703 -0.057877 0.951361
v -0.305703 -0.027954 0.951361
v -0.367225 -0.027954 0.929348
v -0.367225 -0.057877 0.929348
v -0.213674 -0.043333 0.976130
v -0.242688 -0.056904 0.968863
v -0.242688 -0.029763 0.968863
v -0.271701 -0.043333 0.961595
v -0.210984 -0.057951 0.976759
v -0.210981 -0.027954 0.976744
v -0.274365 -0.027954 0.960867
v -0.274365 -0.057877 0.960867
v -0.116967 -0.065298 0.992374
v -0.146554 -0.065116 0.987985
v -0.146554 -0.065479 0.987985
v -0.176140 -0.065298 0.983596
v -0.113562 -0.065102 0.985967
v -0.114230 -0.065339 0.992746
v -0.179196 -0.065292 0.983065
v -0.177460 -0.065102 0.974338
v -0.116967 -0.043333 0.992374
v -0.146554 -0.056904 0.987985
v -0.146554 -0.029763 0.987985
v -0.176140 -0.043333 0.983596
v -0.114230 -0.058001 0.992746
v -0.114228 -0.027954 0.992720
v -0.178862 -0.027954 0.983132
v -0.178866 -0.057953 0.983148
v -0.019135 -0.065298 0.999060
v -0.049009 -0.065116 0.997592
v -0.049009 -0.065479 0.997592
v -0.078883 -0.065298 0.996125
v -0.016034 -0.065102 0.990238
v -0.016034 -0.065292 0.999135
v -0.081640 -0.065339 0.995956
v -0.080972 -0.065102 0.989177
v -0.019135 -0.043333 0.999060
v -0.049009 -0.056904 0.997592
v -0.049009 -0.029763 0.997592
v -0.078883 -0.043333 0.996125
v -0.016374 -0.057953 0.999152
v -0.016374 -0.027954 0.999136
v -0.081637 -0.027954 0.995930
v -0.081640 -0.058001 0.995956
v 0.078883 -0.043333 0.996125
v 0.049009 -0.056904 0.997592
v 0.049009 -0.029763 0.997592
v 0.019135 -0.043333 0.999060
v 0.081639 -0.057951 0.995946
v 0.081637 -0.027954 0.995930
v 0.016374 -0.027954 0.999136
v 0.016374 -0.057951 0.999152
v 0.176140 -0.065298 0.983596
v 0.146554 -0.065116 0.987985
v 0.146554 -0.065479 0.987985
v 0.116967 -0.065298 0.992374
v 0.177460 -0.065102 0.974338
v 0.179196 -0.065292 0.983065
v 0.113889 -0.065292 0.992753
v 0.113017 -0.065102 0.983898
v 0.176140 -0.043333 0.983596
v 0.146554 -0.056904 0.987985
v 0.146554 -0.029763 0.987985
v 0.116967 -0.043333 0.992374
v 0.178866 -0.057953 0.983148
v 0.178862 -0.027954 0.983132
v 0.114228 -0.027954 0.992720
v 0.114229 -0.057953 0.992736
v 0.271701 -0.043333 0.961595
v 0.242688 -0.056904 0.968863
v 0.242688 -0.029763 0.968863
v 0.213674 -0.043333 0.976130
v 0.274370 -0.057951 0.960882
v 0.274365 -0.027954 0.960867
v 0.210981 -0.027954 0.976744
v 0.210984 -0.057951 0.976759
v 0.364646 -0.065298 0.930334
v 0.336484 -0.065116 0.940410
v 0.336484 -0.065479 0.940410
v 0.308322 -0.065298 0.950486
v 0.364134 -0.065102 0.920996
v 0.367539 -0.065292 0.929216
v 0.305377 -0.065292 0.951459
v 0.302794 -0.065102 0.942944
v 0.364646 -0.043333 0.930334
v 0.336484 -0.056904 0.940410
v 0.336484 -0.029763 0.940410
v 0.308322 -0.043333 0.950486
v 0.367231 -0.057953 0.929362
v 0.367225 -0.027954 0.929348
v 0.305703 -0.027954 0.951361
v 0.305707 -0.057953 0.951376
v 0.454079 -0.043333 0.890112
v 0.427040 -0.056904 0.902900
v 0.427040 -0.029763 0.902900
v 0.400002 -0.043333 0.915689
v 0.456549 -0.057877 0.888878
v 0.456549 -0.027954 0.888878
v 0.397480 -0.027954 0.916815
v 0.397487 -0.057951 0.916830
v 0.539138 -0.043333 0.841319
v 0.513484 -0.056904 0.856695
v 0.513484 -0.029763 0.856696
v 0.487829 -0.043333 0.872072
v 0.541485 -0.057951 0.839861
v 0.541476 -0.027954 0.839848
v 0.485430 -0.027954 0.873441
v 0.485430 -0.057877 0.873441
v 0.619006 -0.065298 0.784423
v 0.594982 -0.065116 0.802240
v 0.594982 -0.065479 0.802240
v 0.570958 -0.065298 0.820058
v 0.616883 -0.065102 0.777484
v 0.621204 -0.065339 0.782750
v 0.568421 -0.065292 0.821843
v 0.563478 -0.065102 0.814445
v 0.619006 -0.043333 0.784423
v 0.594982 -0.056904 0.802240
v 0.594982 -0.029763 0.802240
v 0.570958 -0.043333 0.820058
v 0.621205 -0.058001 0.782750
v 0.621188 -0.027954 0.782730
v 0.568705 -0.027954 0.821654
v 0.568714 -0.057953 0.821668
v 0.692912 -0.065298 0.719972
v 0.670750 -0.065116 0.740059
v 0.670750 -0.065479 0.740059
v 0.648588 -0.065298 0.760145
v 0.688866 -0.065102 0.711541
v 0.695158 -0.065292 0.717833
v 0.646519 -0.065339 0.761975
v 0.642197 -0.065102 0.756709
v 0.692912 -0.043333 0.719972
v 0.670750 -0.056904 0.740059
v 0.670750 -0.029763 0.740059
v 0.648588 -0.043333 0.760145
v 0.694929 -0.057953 0.718085
v 0.694918 -0.027954 0.718074
v 0.646503 -0.027954 0.761955
v 0.646519 -0.058001 0.761975
v 0.760145 -0.043333 0.648588
v 0.740059 -0.056904 0.670750
v 0.740059 -0.029763 0.670750
v 0.719972 -0.043333 0.692912
v 0.761955 -0.057877 0.646503
v 0.761955 -0.027954 0.646503
v 0.718074 -0.027954 0.694918
v 0.718085 -0.057951 0.694929
v 0.820057 -0.043333 0.570958
v 0.802240 -0.056904 0.594982
v 0.802240 -0.029763 0.594982
v 0.784423 -0.043333 0.619006
v 0.821654 -0.057877 0.568705
v 0.821655 -0.027954 0.568705
v 0.782730 -0.027954 0.621188
v 0.782730 -0.057877 0.621188
v 0.872072 -0.043333 0.487829
v 0.856695 -0.056904 0.513484
v 0.856695 -0.029763 0.513484
v 0.841319 -0.043333 0.539138
v 0.873441 -0.057877 0.485430
v 0.873441 -0.027954 0.485430
v 0.839848 -0.027954 0.541476
v 0.839848 -0.057877 0.541476
v 0.915689 -0.043333 0.400002
v 0.902901 -0.056904 0.427040
v 0.902901 -0.029763 0.427040
v 0.890112 -0.043333 0.454079
v 0.916830 -0.057951 0.397487
v 0.916815 -0.027954 0.397481
v 0.888878 -0.027954 0.456549
v 0.888878 -0.057877 0.456549
v 0.950486 -0.065298 0.308322
v 0.940410 -0.065116 0.336484
v 0.940410 -0.065479 0.336484
v 0.930334 -0.065298 0.364646
v 0.944867 -0.065102 0.303733
v 0.951386 -0.065339 0.305710
v 0.929216 -0.065292 0.367539
v 0.920996 -0.065102 0.364134
v 0.950486 -0.043333 0.308322
v 0.940410 -0.056904 0.336484
v 0.940410 -0.029763 0.336484
v 0.930334 -0.043333 0.364646
v 0.951386 -0.058001 0.305710
v 0.951361 -0.027954 0.305703
v 0.929348 -0.027954 0.367225
v 0.929362 -0.057953 0.367231
v 0.976130 -0.065298 0.213674
v 0.968863 -0.065116 0.242688
v 0.968863 -0.065479 0.242688
v 0.961595 -0.065298 0.271701
v 0.970088 -0.065102 0.209657
v 0.976769 -0.065339 0.210986
v 0.960892 -0.065339 0.274373
v 0.954373 -0.065102 0.272395
v 0.976130 -0.043333 0.213674
v 0.968863 -0.056904 0.242688
v 0.968863 -0.029763 0.242688
v 0.961595 -0.043333 0.271701
v 0.976769 -0.058001 0.210986
v 0.976744 -0.027954 0.210981
v 0.960867 -0.027954 0.274365
v 0.960892 -0.058001 0.274373
v 0.992374 -0.065298 0.116967
v 0.987985 -0.065116 0.146554
v 0.987985 -0.065479 0.146554
v 0.983596 -0.065298 0.176140
v 0.983898 -0.065102 0.113017
v 0.992753 -0.065292 0.113889
v 0.983158 -0.065339 0.178868
v 0.976477 -0.065102 0.177538
v 0.992374 -0.043333 0.116967
v 0.987985 -0.056904 0.146554
v 0.987985 -0.029763 0.146554
v 0.983596 -0.043333 0.176140
v 0.992736 -0.057953 0.114229
v 0.992720 -0.027954 0.114228
v 0.983132 -0.027954 0.178862
v 0.983158 -0.058001 0.178868
v 0.999060 -0.043333 0.019135
v 0.997592 -0.056904 0.049009
v 0.997592 -0.029763 0.049009
v 0.996125 -0.043333 0.078883
v 0.999152 -0.057951 0.016374
v 0.999136 -0.027954 0.016374
v 0.995930 -0.027954 0.081637
v 0.995946 -0.057951 0.081639
v 0.996125 -0.065298 -0.078883
v 0.997592 -0.065116 -0.049009
v 0.997592 -0.065479 -0.049009
v 0.999060 -0.065298 -0.019135
v 0.987041 -0.065102 -0.081104
v 0.995896 -0.065292 -0.081976
v 0.999135 -0.065292 -0.016034
v 0.990237 -0.065102 -0.016034
v 0.996125 -0.043333 -0.078883
v 0.997592 -0.056904 -0.049009
v 0.997592 -0.029763 -0.049009
v 0.999060 -0.043333 -0.019135
v 0.995946 -0.057953 -0.081639
v 0.995930 -0.027954 -0.081637
v 0.999136 -0.027954 -0.016374
v 0.999152 -0.057953 -0.016374
v 0.983596 -0.043333 -0.176140
v 0.987985 -0.056904 -0.146554
v 0.987985 -0.029763 -0.146554
v 0.992374 -0.043333 -0.116967
v 0.983148 -0.057951 -0.178866
v 0.983132 -0.027954 -0.178862
v 0.992720 -0.027954 -0.114228
v 0.992736 -0.057951 -0.114229
v 0.961595 -0.065298 -0.271701
v 0.968863 -0.065116 -0.242688
v 0.968863 -0.065479 -0.242688
v 0.976130 -0.065298 -0.213674
v 0.952253 -0.065102 -0.272108
v 0.960767 -0.065292 -0.274690
v 0.976809 -0.065292 -0.210647
v 0.968082 -0.065102 -0.208911
v 0.961595 -0.043333 -0.271701
v 0.968863 -0.056904 -0.242688
v 0.968863 -0.029763 -0.242688
v 0.976130 -0.043333 -0.213674
v 0.960882 -0.057953 -0.274370
v 0.960867 -0.027954 -0.274365
v 0.976744 -0.027954 -0.210981
v 0.976759 -0.057953 -0.210984
v 0.930334 -0.043333 -0.364646
v 0.940410 -0.056904 -0.336484
v 0.940410 -0.029763 -0.336484
v 0.950486 -0.043333 -0.308322
v 0.929348 -0.057877 -0.367225
v 0.929348 -0.027954 -0.367225
v 0.951361 -0.027954 -0.305703
v 0.951376 -0.057951 -0.305707
v 0.890112 -0.043333 -0.454079
v 0.902900 -0.056904 -0.427040
v 0.902900 -0.029763 -0.427040
v 0.915689 -0.043333 -0.400002
v 0.888878 -0.057877 -0.456549
v 0.888878 -0.027954 -0.456549
v 0.916815 -0.027954 -0.397480
v 0.916815 -0.057877 -0.397481
v 0.841319 -0.043333 -0.539138
v 0.856695 -0.056904 -0.513484
v 0.856696 -0.029763 -0.513484
v 0.872072 -0.043333 -0.487829
v 0.839848 -0.057877 -0.541476
v 0.839848 -0.027954 -0.541476
v 0.873441 -0.027954 -0.485430
v 0.873441 -0.057877 -0.485430
v 0.784423 -0.043333 -0.619006
v 0.802240 -0.056904 -0.594982
v 0.802240 -0.029763 -0.594982
v 0.820058 -0.043333 -0.570958
v 0.782481 -0.057755 -0.621424
v 0.782481 -0.027841 -0.621424
v 0.821654 -0.027954 -0.568705
v 0.821655 -0.057877 -0.568705
v 0.400002 -0.065298 -0.915689
v 0.427040 -0.065116 -0.902901
v 0.427040 -0.065479 -0.902901
v 0.454079 -0.065298 -0.890112
v 0.394883 -0.065102 -0.910546
v 0.397490 -0.065339 -0.916839
v 0.456841 -0.065218 -0.888703
v 0.452654 -0.065102 -0.880870
v 0.400002 -0.043333 -0.915689
v 0.427040 -0.056904 -0.902901
v 0.427040 -0.029763 -0.902901
v 0.454079 -0.043333 -0.890112
v 0.397490 -0.058001 -0.916839
v 0.397481 -0.027954 -0.916815
v 0.456829 -0.027841 -0.888680
v 0.456841 -0.057879 -0.888703
v 0.308322 -0.065298 -0.950486
v 0.336484 -0.065116 -0.940410
v 0.336484 -0.065479 -0.940410
v 0.364646 -0.065298 -0.930334
v 0.302794 -0.065102 -0.942944
v 0.305377 -0.065292 -0.951459
v 0.367235 -0.065339 -0.929371
v 0.364628 -0.065102 -0.923078
v 0.308322 -0.043333 -0.950486
v 0.336484 -0.056904 -0.940410
v 0.336484 -0.029763 -0.940410
v 0.364646 -0.043333 -0.930334
v 0.305707 -0.057953 -0.951376
v 0.305703 -0.027954 -0.951361
v 0.367225 -0.027954 -0.929348
v 0.367235 -0.058001 -0.929371
v 0.213674 -0.043333 -0.976130
v 0.242688 -0.056904 -0.968863
v 0.242688 -0.029763 -0.968863
v 0.271701 -0.043333 -0.961595
v 0.210984 -0.057951 -0.976759
v 0.210981 -0.027954 -0.976744
v 0.274365 -0.027954 -0.960867
v 0.274370 -0.057951 -0.960882
v 0.116967 -0.065298 -0.992374
v 0.146554 -0.065116 -0.987985
v 0.146554 -0.065479 -0.987985
v 0.176140 -0.065298 -0.983596
v 0.113562 -0.065102 -0.985967
v 0.114230 -0.065339 -0.992746
v 0.179196 -0.065292 -0.983065
v 0.177460 -0.065102 -0.974338
v 0.116967 -0.043333 -0.992374
v 0.146554 -0.056904 -0.987985
v 0.146554 -0.029763 -0.987985
v 0.176140 -0.043333 -0.983596
v 0.114230 -0.058001 -0.992746
v 0.114228 -0.027954 -0.992720
v 0.178862 -0.027954 -0.983132
v 0.178866 -0.057953 -0.983148
v 0.019135 -0.065298 -0.999060
v 0.049009 -0.065116 -0.997592
v 0.049009 -0.065479 -0.997592
v 0.078883 -0.065298 -0.996125
v 0.016034 -0.065102 -0.990238
v 0.016034 -0.065292 -0.999135
v 0.081640 -0.065339 -0.995956
v 0.080972 -0.065102 -0.989177
v 0.019135 -0.043333 -0.999060
v 0.049009 -0.056904 -0.997592
v 0.049009 -0.029763 -0.997592
v 0.078883 -0.043333 -0.996125
v 0.016374 -0.057953 -0.999152
v 0.016374 -0.027954 -0.999136
v 0.081637 -0.027954 -0.995930
v 0.081640 -0.058001 -0.995956
v -0.028373 -0.065000 0.577549
v 0.001501 -0.065000 -0.018953
v 0.000364 -0.065000 -0.019009
v 0.030238 -0.065000 -0.615511
v -0.046480 -0.065000 0.619747
v -0.014490 -0.065000 0.621318
v 0.015113 -0.065003 -0.662568
v 0.050108 -0.065002 -0.662945
v -0.028373 0.065000 0.577549
v 0.000364 0.065000 -0.019009
v 0.001501 0.065000 -0.018953
v 0.030238 0.065000 -0.615511
v -0.014490 0.065000 0.621318
v -0.046480 0.065000 0.619747
v 0.049587 0.064170 -0.657646
v 0.015113 0.064170 -0.659339
v -0.084846 -0.065000 0.571987
v 0.003351 -0.065000 -0.018715
v 0.002225 -0.065000 -0.018882
v 0.090423 -0.065000 -0.609583
v -0.107002 -0.065000 0.612207
v -0.075320 -0.065000 0.616906
v 0.080188 -0.065002 -0.659982
v 0.114438 -0.065003 -0.652786
v -0.084846 0.065000 0.571987
v 0.002225 0.065000 -0.018882
v 0.003351 0.065000 -0.018715
v 0.090423 0.065000 -0.609583
v -0.075320 0.065000 0.616906
v -0.107002 0.065000 0.612207
v 0.113808 0.064170 -0.649619
v 0.079666 0.064170 -0.654683
v -0.140502 -0.065000 0.560916
v 0.005170 -0.065000 -0.018296
v 0.004066 -0.065000 -0.018573
v 0.149737 -0.065000 -0.597785
v -0.166493 -0.065000 0.598771
v -0.135424 -0.065000 0.606553
v 0.144083 -0.065005 -0.646889
v 0.177871 -0.065005 -0.638425
v -0.140502 0.065000 0.560916
v 0.004066 0.065000 -0.018573
v 0.005170 0.065000 -0.018296
v 0.149737 0.065000 -0.597785
v -0.135424 0.065000 0.606553
v -0.166493 0.065000 0.598771
v 0.176934 0.064170 -0.635336
v 0.143453 0.064170 -0.643722
v -0.194805 -0.065000 0.544443
v 0.006938 -0.065000 -0.017702
v 0.005866 -0.065000 -0.018085
v 0.207610 -0.065000 -0.580230
v -0.224382 -0.065000 0.579568
v -0.194225 -0.065000 0.590359
v 0.206795 -0.065003 -0.629651
v 0.240393 -0.065002 -0.619853
v -0.194805 0.065000 0.544443
v 0.005866 0.065000 -0.018085
v 0.006938 0.065000 -0.017702
v 0.207610 0.065000 -0.580230
v -0.194225 0.065000 0.590359
v -0.224382 0.065000 0.579568
v 0.238356 0.064170 -0.614934
v 0.205858 0.064170 -0.626562
v -0.247232 -0.065000 0.522727
v 0.008640 -0.065000 -0.016936
v 0.007611 -0.065000 -0.017423
v 0.263482 -0.065000 -0.557087
v -0.280109 -0.065000 0.554784
v -0.251155 -0.065000 0.568478
v 0.268318 -0.065002 -0.608286
v 0.299004 -0.065003 -0.591457
v -0.247232 0.065000 0.522728
v 0.007611 0.065000 -0.017423
v 0.008640 0.065000 -0.016936
v 0.263482 0.065000 -0.557087
v -0.251155 0.065000 0.568478
v -0.280109 0.065000 0.554784
v 0.297482 0.064170 -0.588610
v 0.266281 0.064170 -0.603367
v -0.297277 -0.065000 0.495978
v 0.010258 -0.065000 -0.016008
v 0.009282 -0.065000 -0.016593
v 0.316818 -0.065000 -0.528578
v -0.333138 -0.065000 0.524657
v -0.305666 -0.065000 0.541124
v 0.325661 -0.065005 -0.577209
v 0.353744 -0.065006 -0.556617
v -0.297277 0.065000 0.495978
v 0.009282 0.065000 -0.016593
v 0.010258 0.065000 -0.016008
v 0.316818 0.065000 -0.528578
v -0.305666 0.065000 0.541124
v -0.333138 0.065000 0.524657
v 0.353744 0.064170 -0.556617
v 0.324139 0.064170 -0.574361
v -0.344460 -0.065000 0.464451
v 0.011778 -0.065000 -0.014925
v 0.010864 -0.065000 -0.015603
v 0.367102 -0.065000 -0.494979
v -0.382960 -0.065000 0.489478
v -0.357233 -0.065000 0.508557
v 0.378875 -0.065006 -0.539825
v 0.406598 -0.065006 -0.519264
v -0.344460 0.065000 0.464451
v 0.010864 0.065000 -0.015603
v 0.011778 0.065000 -0.014925
v 0.367102 0.065000 -0.494979
v -0.357233 0.065000 0.508557
v -0.382960 0.065000 0.489478
v 0.406598 0.064170 -0.519264
v 0.378875 0.064170 -0.539824
v -0.388326 -0.065000 0.428452
v 0.013184 -0.065000 -0.013699
v 0.012341 -0.065000 -0.014463
v 0.413851 -0.065000 -0.456614
v -0.429093 -0.065000 0.449584
v -0.405361 -0.065000 0.471093
v 0.429963 -0.065006 -0.500089
v 0.455537 -0.065006 -0.476910
v -0.388326 0.065000 0.428452
v 0.012341 0.065000 -0.014463
v 0.013184 0.065000 -0.013699
v 0.413851 0.065000 -0.456614
v -0.405361 0.065000 0.471093
v -0.429093 0.065000 0.449584
v 0.455537 0.064170 -0.476910
v 0.429963 0.064170 -0.500089
v -0.428452 -0.065000 0.388326
v 0.014463 -0.065000 -0.012341
v 0.013699 -0.065000 -0.013184
v 0.456614 -0.065000 -0.413851
v -0.471094 -0.065000 0.405361
v -0.449584 -0.065000 0.429093
v 0.476910 -0.065006 -0.455537
v 0.500089 -0.065006 -0.429963
v -0.428452 0.065000 0.388326
v 0.013699 0.065000 -0.013184
v 0.014463 0.065000 -0.012341
v 0.456614 0.065000 -0.413851
v -0.449584 0.065000 0.429093
v -0.471094 0.065000 0.405361
v 0.500089 0.064170 -0.429963
v 0.476910 0.064170 -0.455537
v -0.464451 -0.065000 0.344460
v 0.015603 -0.065000 -0.010864
v 0.014925 -0.065000 -0.011778
v 0.494979 -0.065000 -0.367102
v -0.508557 -0.065000 0.357234
v -0.489478 -0.065000 0.382960
v 0.519264 -0.065006 -0.406598
v 0.539824 -0.065006 -0.378875
v -0.464451 0.065000 0.344460
v 0.014925 0.065000 -0.011778
v 0.015603 0.065000 -0.010864
v 0.494979 0.065000 -0.367102
v -0.489478 0.065000 0.382960
v -0.508557 0.065000 0.357234
v 0.539825 0.064170 -0.378875
v 0.519264 0.064170 -0.406598
v -0.495978 -0.065000 0.297277
v 0.016593 -0.065000 -0.009282
v 0.016008 -0.065000 -0.010258
v 0.528578 -0.065000 -0.316818
v -0.541124 -0.065000 0.305666
v -0.524657 -0.065000 0.333138
v 0.556617 -0.065006 -0.353744
v 0.574361 -0.065006 -0.324139
v -0.495978 0.065000 0.297277
v 0.016008 0.065000 -0.010258
v 0.016593 0.065000 -0.009282
v 0.528578 0.065000 -0.316818
v -0.524657 0.065000 0.333138
v -0.541124 0.065000 0.305666
v 0.574361 0.064170 -0.324139
v 0.556617 0.064170 -0.353744
v -0.522728 -0.065000 0.247232
v 0.017423 -0.065000 -0.007611
v 0.016936 -0.065000 -0.008640
v 0.557087 -0.065000 -0.263482
v -0.568478 -0.065000 0.251155
v -0.554784 -0.065000 0.280109
v 0.588610 -0.065006 -0.297482
v 0.603367 -0.065006 -0.266281
v -0.522727 0.065000 0.247232
v 0.016936 0.065000 -0.008640
v 0.017423 0.065000 -0.007611
v 0.557087 0.065000 -0.263482
v -0.554784 0.065000 0.280109
v -0.568478 0.065000 0.251155
v 0.603367 0.064170 -0.266281
v 0.588610 0.064170 -0.297482
v -0.544443 -0.065000 0.194805
v 0.018085 -0.065000 -0.005866
v 0.017701 -0.065000 -0.006938
v 0.580230 -0.065000 -0.207610
v -0.590358 -0.065000 0.194225
v -0.579568 -0.065000 0.224382
v 0.614934 -0.065006 -0.238356
v 0.629651 -0.065005 -0.206795
v -0.544443 0.065000 0.194805
v 0.017701 0.065000 -0.006938
v 0.018085 0.065000 -0.005866
v 0.580230 0.065000 -0.207610
v -0.579568 0.065000 0.224382
v -0.590358 0.065000 0.194225
v 0.626562 0.064170 -0.205858
v 0.614934 0.064170 -0.238356
v -0.560916 -0.065000 0.140502
v 0.018573 -0.065000 -0.004066
v 0.018296 -0.065000 -0.005170
v 0.597785 -0.065000 -0.149737
v -0.606553 -0.065000 0.135424
v -0.598771 -0.065000 0.166493
v 0.638425 -0.065003 -0.177871
v 0.646889 -0.065003 -0.144083
v -0.560916 0.065000 0.140502
v 0.018296 0.065000 -0.005170
v 0.018573 0.065000 -0.004066
v 0.597785 0.065000 -0.149737
v -0.598771 0.065000 0.166493
v -0.606553 0.065000 0.135424
v 0.643722 0.064170 -0.143453
v 0.635336 0.064170 -0.176934
v -0.571987 -0.065000 0.084846
v 0.018882 -0.065000 -0.002225
v 0.018715 -0.065000 -0.003351
v 0.609583 -0.065000 -0.090423
v -0.616906 -0.065000 0.075320
v -0.612207 -0.065000 0.107002
v 0.652786 -0.065005 -0.114438
v 0.657896 -0.065005 -0.079983
v -0.571987 0.065000 0.084846
v 0.018715 0.065000 -0.003351
v 0.018882 0.065000 -0.002225
v 0.609583 0.065000 -0.090423
v -0.612207 0.065000 0.107002
v -0.616906 0.065000 0.075320
v 0.654683 0.064170 -0.079667
v 0.649619 0.064170 -0.113808
v -0.577549 -0.065000 0.028373
v 0.019009 -0.065000 -0.000364
v 0.018953 -0.065000 -0.001501
v 0.615511 -0.065000 -0.030238
v -0.621318 -0.065000 0.014490
v -0.619747 -0.065000 0.046480
v 0.660859 -0.065003 -0.049903
v 0.662568 -0.065003 -0.015113
v -0.577549 0.065000 0.028373
v 0.018953 0.065000 -0.001501
v 0.019009 0.065000 -0.000364
v 0.615511 0.065000 -0.030238
v -0.619747 0.065000 0.046480
v -0.621318 0.065000 0.014490
v 0.659339 0.064170 -0.015113
v 0.657646 0.064170 -0.049587
v -0.577549 -0.065000 -0.028373
v 0.018953 -0.065000 0.001501
v 0.019009 -0.065000 0.000364
v 0.615511 -0.065000 0.030238
v -0.619747 -0.065000 -0.046480
v -0.621318 -0.065000 -0.014490
v 0.662568 -0.065005 0.015113
v 0.660859 -0.065005 0.049903
v -0.577549 0.065000 -0.028373
v 0.019009 0.065000 0.000364
v 0.018953 0.065000 0.001501
v 0.615511 0.065000 0.030238
v -0.621318 0.065000 -0.014490
v -0.619747 0.065000 -0.046480
v 0.657646 0.064170 0.049587
v 0.659339 0.064170 0.015113
v -0.571987 -0.065000 -0.084846
v 0.018715 -0.065000 0.003351
v 0.018882 -0.065000 0.002225
v 0.609583 -0.065000 0.090423
v -0.612207 -0.065000 -0.107002
v -0.616906 -0.065000 -0.075320
v 0.657896 -0.065003 0.079983
v 0.654841 -0.065002 0.114847
v -0.571987 0.065000 -0.084846
v 0.018882 0.065000 0.002225
v 0.018715 0.065000 0.003351
v 0.609583 0.065000 0.090423
v -0.616906 0.065000 -0.075320
v -0.612207 0.065000 -0.107002
v 0.649619 0.064170 0.113808
v 0.654683 0.064170 0.079666
v -0.560916 -0.065000 -0.140502
v 0.018296 -0.065000 0.005170
v 0.018573 -0.065000 0.004066
v 0.597785 -0.065000 0.149737
v -0.598771 -0.065000 -0.166493
v -0.606553 -0.065000 -0.135424
v 0.648944 -0.065002 0.144492
v 0.640431 -0.065002 0.178480
v -0.560916 0.065000 -0.140502
v 0.018573 0.065000 0.004066
v 0.018296 0.065000 0.005170
v 0.597785 0.065000 0.149737
v -0.606553 0.065000 -0.135424
v -0.598771 0.065000 -0.166493
v 0.635336 0.064170 0.176934
v 0.643722 0.064170 0.143453
v -0.544443 -0.065000 -0.194805
v 0.017702 -0.065000 0.006938
v 0.018085 -0.065000 0.005866
v 0.580230 -0.065000 0.207610
v -0.579568 -0.065000 -0.224382
v -0.590359 -0.065000 -0.194225
v 0.631657 -0.065002 0.207404
v 0.617917 -0.065003 0.239591
v -0.544443 0.065000 -0.194805
v 0.018085 0.065000 0.005866
v 0.017702 0.065000 0.006938
v 0.580230 0.065000 0.207610
v -0.590359 0.065000 -0.194225
v -0.579568 0.065000 -0.224382
v 0.614934 0.064170 0.238356
v 0.626562 0.064170 0.205858
v -0.522727 -0.065000 -0.247232
v 0.016936 -0.065000 0.008640
v 0.017423 -0.065000 0.007611
v 0.557087 -0.065000 0.263482
v -0.554784 -0.065000 -0.280109
v -0.568478 -0.065000 -0.251155
v 0.606350 -0.065005 0.267516
v 0.588610 -0.065006 0.297482
v -0.522728 0.065000 -0.247232
v 0.017423 0.065000 0.007611
v 0.016936 0.065000 0.008640
v 0.557087 0.065000 0.263482
v -0.568478 0.065000 -0.251155
v -0.554784 0.065000 -0.280109
v 0.588610 0.064170 0.297482
v 0.603367 0.064170 0.266281
v -0.495978 -0.065000 -0.297277
v 0.016008 -0.065000 0.010258
v 0.016593 -0.065000 0.009282
v 0.528578 -0.065000 0.316818
v -0.524657 -0.065000 -0.333138
v -0.541124 -0.065000 -0.305666
v 0.574361 -0.065006 0.324139
v 0.556617 -0.065006 0.353744
v -0.495978 0.065000 -0.297277
v 0.016593 0.065000 0.009282
v 0.016008 0.065000 0.010258
v 0.528578 0.065000 0.316818
v -0.541124 0.065000 -0.305666
v -0.524657 0.065000 -0.333138
v 0.556617 0.064170 0.353744
v 0.574361 0.064170 0.324139
v -0.464451 -0.065000 -0.344460
v 0.014925 -0.065000 0.011778
v 0.015603 -0.065000 0.010864
v 0.494979 -0.065000 0.367102
v -0.489478 -0.065000 -0.382960
v -0.508557 -0.065000 -0.357233
v 0.539825 -0.065006 0.378875
v 0.519264 -0.065006 0.406598
v -0.464451 0.065000 -0.344460
v 0.015603 0.065000 0.010864
v 0.014925 0.065000 0.011778
v 0.494979 0.065000 0.367102
v -0.508557 0.065000 -0.357233
v -0.489478 0.065000 -0.382960
v 0.519264 0.064170 0.406598
v 0.539824 0.064170 0.378875
v -0.428452 -0.065000 -0.388326
v 0.013699 -0.065000 0.013184
v 0.014463 -0.065000 0.012341
v 0.456614 -0.065000 0.413851
v -0.449584 -0.065000 -0.429093
v -0.471093 -0.065000 -0.405361
v 0.500089 -0.065006 0.429963
v 0.479193 -0.065005 0.457820
v -0.428452 0.065000 -0.388326
v 0.014463 0.065000 0.012341
v 0.013699 0.065000 0.013184
v 0.456614 0.065000 0.413851
v -0.471093 0.065000 -0.405361
v -0.449584 0.065000 -0.429093
v 0.476910 0.064170 0.455537
v 0.500089 0.064170 0.429963
v -0.388326 -0.065000 -0.428452
v 0.012341 -0.065000 0.014463
v 0.013184 -0.065000 0.013699
v 0.413851 -0.065000 0.456614
v -0.405361 -0.065000 -0.471094
v -0.429093 -0.065000 -0.449584
v 0.457820 -0.065003 0.479193
v 0.433341 -0.065002 0.504205
v -0.388326 0.065000 -0.428452
v 0.013184 0.065000 0.013699
v 0.012341 0.065000 0.014463
v 0.413851 0.065000 0.456614
v -0.429093 0.065000 -0.449584
v -0.405361 0.065000 -0.471094
v 0.429963 0.064170 0.500089
v 0.455537 0.064170 0.476910
v -0.344460 -0.065000 -0.464451
v 0.010864 -0.065000 0.015603
v 0.011778 -0.065000 0.014925
v 0.367102 -0.065000 0.494979
v -0.357234 -0.065000 -0.508557
v -0.382960 -0.065000 -0.489478
v 0.409976 -0.065002 0.523380
v 0.380669 -0.065003 0.542509
v -0.344460 0.065000 -0.464451
v 0.011778 0.065000 0.014925
v 0.010864 0.065000 0.015603
v 0.367102 0.065000 0.494979
v -0.382960 0.065000 -0.489478
v -0.357234 0.065000 -0.508557
v 0.378875 0.064170 0.539825
v 0.406598 0.064170 0.519264
v -0.297277 -0.065000 -0.495978
v 0.009282 -0.065000 0.016593
v 0.010258 -0.065000 0.016008
v 0.316818 -0.065000 0.528578
v -0.305666 -0.065000 -0.541124
v -0.333138 -0.065000 -0.524657
v 0.355537 -0.065005 0.559301
v 0.324139 -0.065006 0.574361
v -0.297277 0.065000 -0.495978
v 0.010258 0.065000 0.016008
v 0.009282 0.065000 0.016593
v 0.316818 0.065000 0.528578
v -0.333138 0.065000 -0.524657
v -0.305666 0.065000 -0.541124
v 0.324139 0.064170 0.574361
v 0.353744 0.064170 0.556617
v -0.247232 -0.065000 -0.522728
v 0.007611 -0.065000 0.017423
v 0.008640 -0.065000 0.016936
v 0.263482 -0.065000 0.557087
v -0.251155 -0.065000 -0.568478
v -0.280109 -0.065000 -0.554784
v 0.297482 -0.065006 0.588610
v 0.267516 -0.065005 0.606350
v -0.247232 0.065000 -0.522727
v 0.008640 0.065000 0.016936
v 0.007611 0.065000 0.017423
v 0.263482 0.065000 0.557087
v -0.280109 0.065000 -0.554784
v -0.251155 0.065000 -0.568478
v 0.266281 0.064170 0.603367
v 0.297482 0.064170 0.588610
v -0.194805 -0.065000 -0.544443
v 0.005866 -0.065000 0.018085
v 0.006938 -0.065000 0.017701
v 0.207610 -0.065000 0.580230
v -0.194225 -0.065000 -0.590358
v -0.224382 -0.065000 -0.579568
v 0.239591 -0.065003 0.617917
v 0.206795 -0.065003 0.629651
v -0.194805 0.065000 -0.544443
v 0.006938 0.065000 0.017701
v 0.005866 0.065000 0.018085
v 0.207610 0.065000 0.580230
v -0.224382 0.065000 -0.579568
v -0.194225 0.065000 -0.590358
v 0.205858 0.064170 0.626562
v 0.238356 0.064170 0.614934
v -0.140502 -0.065000 -0.560916
v 0.004066 -0.065000 0.018573
v 0.005170 -0.065000 0.018296
v 0.149737 -0.065000 0.597785
v -0.135424 -0.065000 -0.606553
v -0.166493 -0.065000 -0.598771
v 0.177871 -0.065005 0.638425
v 0.144083 -0.065005 0.646889
v -0.140502 0.065000 -0.560916
v 0.005170 0.065000 0.018296
v 0.004066 0.065000 0.018573
v 0.149737 0.065000 0.597785
v -0.166493 0.065000 -0.598771
v -0.135424 0.065000 -0.606553
v 0.143453 0.064170 0.643722
v 0.176934 0.064170 0.635336
v -0.084846 -0.065000 -0.571987
v 0.002225 -0.065000 0.018882
v 0.003351 -0.065000 0.018715
v 0.090423 -0.065000 0.609583
v -0.075320 -0.065000 -0.616906
v -0.107002 -0.065000 -0.612207
v 0.114438 -0.065003 0.652786
v 0.079983 -0.065003 0.657896
v -0.084846 0.065000 -0.571987
v 0.003351 0.065000 0.018715
v 0.002225 0.065000 0.018882
v 0.090423 0.065000 0.609583
v -0.107002 0.065000 -0.612207
v -0.075320 0.065000 -0.616906
v 0.079667 0.064170 0.654683
v 0.113808 0.064170 0.649619
v -0.028373 -0.065000 -0.577549
v 0.000364 -0.065000 0.019009
v 0.001501 -0.065000 0.018953
v 0.030238 -0.065000 0.615511
v -0.014490 -0.065000 -0.621318
v -0.046480 -0.065000 -0.619747
v 0.049903 -0.065005 0.660859
v 0.015113 -0.065005 0.662568
v -0.028373 0.065000 -0.577549
v 0.001501 0.065000 0.018953
v 0.000364 0.065000 0.019009
v 0.030238 0.065000 0.615511
v -0.046480 0.065000 -0.619747
v -0.014490 0.065000 -0.621318
v 0.015113 0.064170 0.659339
v 0.049587 0.064170 0.657646
v 0.028373 -0.065000 -0.577549
v -0.001501 -0.065000 0.018953
v -0.000364 -0.065000 0.019009
v -0.030238 -0.065000 0.615511
v 0.046480 -0.065000 -0.619747
v 0.014490 -0.065000 -0.621318
v -0.015113 -0.065003 0.662568
v -0.050108 -0.065002 0.662945
v 0.028373 0.065000 -0.577549
v -0.000364 0.065000 0.019009
v -0.001501 0.065000 0.018953
v -0.030238 0.065000 0.615511
v 0.014490 0.065000 -0.621318
v 0.046480 0.065000 -0.619747
v -0.049587 0.064170 0.657646
v -0.015113 0.064170 0.659339
v 0.084846 -0.065000 -0.571987
v -0.003351 -0.065000 0.018715
v -0.002225 -0.065000 0.018882
v -0.090423 -0.065000 0.609583
v 0.107002 -0.065000 -0.612207
v 0.075320 -0.065000 -0.616906
v -0.080188 -0.065002 0.659982
v -0.114438 -0.065003 0.652786
v 0.084846 0.065000 -0.571987
v -0.002225 0.065000 0.018882
v -0.003351 0.065000 0.018715
v -0.090423 0.065000 0.609583
v 0.075320 0.065000 -0.616906
v 0.107002 0.065000 -0.612207
v -0.113808 0.064170 0.649619
v -0.079666 0.064170 0.654683
v 0.140502 -0.065000 -0.560916
v -0.005170 -0.065000 0.018296
v -0.004066 -0.065000 0.018573
v -0.149737 -0.065000 0.597785
v 0.166493 -0.065000 -0.598771
v 0.135424 -0.065000 -0.606553
v -0.144083 -0.065005 0.646889
v -0.176934 -0.065006 0.635336
v 0.140502 0.065000 -0.560916
v -0.004066 0.065000 0.018573
v -0.005170 0.065000 0.018296
v -0.149737 0.065000 0.597785
v 0.135424 0.065000 -0.606553
v 0.166493 0.065000 -0.598771
v -0.176934 0.064170 0.635336
v -0.143453 0.064170 0.643722
v 0.194805 -0.065000 -0.544443
v -0.006938 -0.065000 0.017702
v -0.005866 -0.065000 0.018085
v -0.207610 -0.065000 0.580230
v 0.224382 -0.065000 -0.579568
v 0.194225 -0.065000 -0.590359
v -0.205858 -0.065006 0.626562
v -0.238356 -0.065006 0.614934
v 0.194805 0.065000 -0.544443
v -0.005866 0.065000 0.018085
v -0.006938 0.065000 0.017702
v -0.207610 0.065000 0.580230
v 0.194225 0.065000 -0.590359
v 0.224382 0.065000 -0.579568
v -0.238356 0.064170 0.614934
v -0.205858 0.064170 0.626562
v 0.247232 -0.065000 -0.522727
v -0.008640 -0.065000 0.016936
v -0.007611 -0.065000 0.017423
v -0.263482 -0.065000 0.557087
v 0.280109 -0.065000 -0.554784
v 0.251155 -0.065000 -0.568478
v -0.266281 -0.065006 0.603367
v -0.299004 -0.065005 0.591457
v 0.247232 0.065000 -0.522728
v -0.007611 0.065000 0.017423
v -0.008640 0.065000 0.016936
v -0.263482 0.065000 0.557087
v 0.251155 0.065000 -0.568478
v 0.280109 0.065000 -0.554784
v -0.297482 0.064170 0.588610
v -0.266281 0.064170 0.603367
v 0.297277 -0.065000 -0.495978
v -0.010258 -0.065000 0.016008
v -0.009282 -0.065000 0.016593
v -0.316818 -0.065000 0.528578
v 0.333138 -0.065000 -0.524657
v 0.305666 -0.065000 -0.541124
v -0.325661 -0.065003 0.577209
v -0.355538 -0.065003 0.559302
v 0.297277 0.065000 -0.495978
v -0.009282 0.065000 0.016593
v -0.010258 0.065000 0.016008
v -0.316818 0.065000 0.528578
v 0.305666 0.065000 -0.541124
v 0.333138 0.065000 -0.524657
v -0.353744 0.064170 0.556617
v -0.324139 0.064170 0.574361
v 0.344460 -0.065000 -0.464451
v -0.011778 -0.065000 0.014925
v -0.010864 -0.065000 0.015603
v -0.367102 -0.065000 0.494979
v 0.382960 -0.065000 -0.489478
v 0.357233 -0.065000 -0.508557
v -0.380669 -0.065005 0.542509
v -0.406598 -0.065006 0.519264
v 0.344460 0.065000 -0.464451
v -0.010864 0.065000 0.015603
v -0.011778 0.065000 0.014925
v -0.367102 0.065000 0.494979
v 0.357233 0.065000 -0.508557
v 0.382960 0.065000 -0.489478
v -0.406598 0.064170 0.519264
v -0.378875 0.064170 0.539824
v 0.388326 -0.065000 -0.428452
v -0.013184 -0.065000 0.013699
v -0.012341 -0.065000 0.014463
v -0.413851 -0.065000 0.456614
v 0.429093 -0.065000 -0.449584
v 0.405361 -0.065000 -0.471093
v -0.429963 -0.065006 0.500089
v -0.455537 -0.065006 0.476910
v 0.388326 0.065000 -0.428452
v -0.012341 0.065000 0.014463
v -0.013184 0.065000 0.013699
v -0.413851 0.065000 0.456614
v 0.405361 0.065000 -0.471093
v 0.429093 0.065000 -0.449584
v -0.455537 0.064170 0.476910
v -0.429963 0.064170 0.500089
v 0.428452 -0.065000 -0.388326
v -0.014463 -0.065000 0.012341
v -0.013699 -0.065000 0.013184
v -0.456614 -0.065000 0.413851
v 0.471094 -0.065000 -0.405361
v 0.449584 -0.065000 -0.429093
v -0.476910 -0.065006 0.455537
v -0.500089 -0.065006 0.429963
v 0.428452 0.065000 -0.388326
v -0.013699 0.065000 0.013184
v -0.014463 0.065000 0.012341
v -0.456614 0.065000 0.413851
v 0.449584 0.065000 -0.429093
v 0.471094 0.065000 -0.405361
v -0.500089 0.064170 0.429963
v -0.476910 0.064170 0.455537
v 0.464451 -0.065000 -0.344460
v -0.015603 -0.065000 0.010864
v -0.014925 -0.065000 0.011778
v -0.494979 -0.065000 0.367102
v 0.508557 -0.065000 -0.357234
v 0.489478 -0.065000 -0.382960
v -0.519264 -0.065006 0.406598
v -0.539824 -0.065006 0.378875
v 0.464451 0.065000 -0.344460
v -0.014925 0.065000 0.011778
v -0.015603 0.065000 0.010864
v -0.494979 0.065000 0.367102
v 0.489478 0.065000 -0.382960
v 0.508557 0.065000 -0.357234
v -0.539825 0.064170 0.378875
v -0.519264 0.064170 0.406598
v 0.495978 -0.065000 -0.297277
v -0.016593 -0.065000 0.009282
v -0.016008 -0.065000 0.010258
v -0.528578 -0.065000 0.316818
v 0.541124 -0.065000 -0.305666
v 0.524657 -0.065000 -0.333138
v -0.556617 -0.065006 0.353744
v -0.574361 -0.065006 0.324139
v 0.495978 0.065000 -0.297277
v -0.016008 0.065000 0.010258
v -0.016593 0.065000 0.009282
v -0.528578 0.065000 0.316818
v 0.524657 0.065000 -0.333138
v 0.541124 0.065000 -0.305666
v -0.574361 0.064170 0.324139
v -0.556617 0.064170 0.353744
v 0.522728 -0.065000 -0.247232
v -0.017423 -0.065000 0.007611
v -0.016936 -0.065000 0.008640
v -0.557087 -0.065000 0.263482
v 0.568478 -0.065000 -0.251155
v 0.554784 -0.065000 -0.280109
v -0.588610 -0.065006 0.297482
v -0.603367 -0.065006 0.266281
v 0.522727 0.065000 -0.247232
v -0.016936 0.065000 0.008640
v -0.017423 0.065000 0.007611
v -0.557087 0.065000 0.263482
v 0.554784 0.065000 -0.280109
v 0.568478 0.065000 -0.251155
v -0.603367 0.064170 0.266281
v -0.588610 0.064170 0.297482
v 0.544443 -0.065000 -0.194805
v -0.018085 -0.065000 0.005866
v -0.017701 -0.065000 0.006938
v -0.580230 -0.065000 0.207610
v 0.590358 -0.065000 -0.194225
v 0.579568 -0.065000 -0.224382
v -0.614934 -0.065006 0.238356
v -0.626562 -0.065006 0.205858
v 0.544443 0.065000 -0.194805
v -0.017701 0.065000 0.006938
v -0.018085 0.065000 0.005866
v -0.580230 0.065000 0.207610
v 0.579568 0.065000 -0.224382
v 0.590358 0.065000 -0.194225
v -0.626562 0.064170 0.205858
v -0.614934 0.064170 0.238356
v 0.560916 -0.065000 -0.140502
v -0.018573 -0.065000 0.004066
v -0.018296 -0.065000 0.005170
v -0.597785 -0.065000 0.149737
v 0.606553 -0.065000 -0.135424
v 0.598771 -0.065000 -0.166493
v -0.635336 -0.065006 0.176934
v -0.646889 -0.065005 0.144083
v 0.560916 0.065000 -0.140502
v -0.018296 0.065000 0.005170
v -0.018573 0.065000 0.004066
v -0.597785 0.065000 0.149737
v 0.598771 0.065000 -0.166493
v 0.606553 0.065000 -0.135424
v -0.643722 0.064170 0.143453
v -0.635336 0.064170 0.176934
v 0.571987 -0.065000 -0.084846
v -0.018882 -0.065000 0.002225
v -0.018715 -0.065000 0.003351
v -0.609583 -0.065000 0.090423
v 0.616906 -0.065000 -0.075320
v 0.612207 -0.065000 -0.107002
v -0.652786 -0.065003 0.114438
v -0.659982 -0.065002 0.080188
v 0.571987 0.065000 -0.084846
v -0.018715 0.065000 0.003351
v -0.018882 0.065000 0.002225
v -0.609583 0.065000 0.090423
v 0.612207 0.065000 -0.107002
v 0.616906 0.065000 -0.075320
v -0.654683 0.064170 0.079667
v -0.649619 0.064170 0.113808
v 0.577549 -0.065000 -0.028373
v -0.019009 -0.065000 0.000364
v -0.018953 -0.065000 0.001501
v -0.615511 -0.065000 0.030238
v 0.621318 -0.065000 -0.014490
v 0.619747 -0.065000 -0.046480
v -0.662945 -0.065002 0.050108
v -0.664664 -0.065002 0.015113
v 0.577549 0.065000 -0.028373
v -0.018953 0.065000 0.001501
v -0.019009 0.065000 0.000364
v -0.615511 0.065000 0.030238
v 0.619747 0.065000 -0.046480
v 0.621318 0.065000 -0.014490
v -0.659339 0.064170 0.015113
v -0.657646 0.064170 0.049587
v 0.577549 -0.065000 0.028373
v -0.018953 -0.065000 -0.001501
v -0.019009 -0.065000 -0.000364
v -0.615511 -0.065000 -0.030238
v 0.619747 -0.065000 0.046480
v 0.621318 -0.065000 0.014490
v -0.664664 -0.065002 -0.015113
v -0.662945 -0.065002 -0.050108
v 0.577549 0.065000 0.028373
v -0.019009 0.065000 -0.000364
v -0.018953 0.065000 -0.001501
v -0.615511 0.065000 -0.030238
v 0.621318 0.065000 0.014490
v 0.619747 0.065000 0.046480
v -0.657646 0.064170 -0.049587
v -0.659339 0.064170 -0.015113
v 0.571987 -0.065000 0.084846
v -0.018715 -0.065000 -0.003351
v -0.018882 -0.065000 -0.002225
v -0.609583 -0.065000 -0.090423
v 0.612207 -0.065000 0.107002
v 0.616906 -0.065000 0.075320
v -0.659982 -0.065002 -0.080188
v -0.654841 -0.065002 -0.114847
v 0.571987 0.065000 0.084846
v -0.018882 0.065000 -0.002225
v -0.018715 0.065000 -0.003351
v -0.609583 0.065000 -0.090423
v 0.616906 0.065000 0.075320
v 0.612207 0.065000 0.107002
v -0.649619 0.064170 -0.113808
v -0.654683 0.064170 -0.079666
v 0.560916 -0.065000 0.140502
v -0.018296 -0.065000 -0.005170
v -0.018573 -0.065000 -0.004066
v -0.597785 -0.065000 -0.149737
v 0.598771 -0.065000 0.166493
v 0.606553 -0.065000 0.135424
v -0.648944 -0.065002 -0.144492
v -0.640431 -0.065002 -0.178480
v 0.560916 0.065000 0.140502
v -0.018573 0.065000 -0.004066
v -0.018296 0.065000 -0.005170
v -0.597785 0.065000 -0.149737
v 0.606553 0.065000 0.135424
v 0.598771 0.065000 0.166493
v -0.635336 0.064170 -0.176934
v -0.643722 0.064170 -0.143453
v 0.544443 -0.065000 0.194805
v -0.017702 -0.065000 -0.006938
v -0.018085 -0.065000 -0.005866
v -0.580230 -0.065000 -0.207610
v 0.579568 -0.065000 0.224382
v 0.590359 -0.065000 0.194225
v -0.631657 -0.065002 -0.207404
v -0.619853 -0.065002 -0.240393
v 0.544443 0.065000 0.194805
v -0.018085 0.065000 -0.005866
v -0.017702 0.065000 -0.006938
v -0.580230 0.065000 -0.207610
v 0.590359 0.065000 0.194225
v 0.579568 0.065000 0.224382
v -0.614934 0.064170 -0.238356
v -0.626562 0.064170 -0.205858
v 0.522727 -0.065000 0.247232
v -0.016936 -0.065000 -0.008640
v -0.017423 -0.065000 -0.007611
v -0.557087 -0.065000 -0.263482
v 0.554784 -0.065000 0.280109
v 0.568478 -0.065000 0.251155
v -0.608286 -0.065002 -0.268318
v -0.591457 -0.065003 -0.299004
v 0.522728 0.065000 0.247232
v -0.017423 0.065000 -0.007611
v -0.016936 0.065000 -0.008640
v -0.557087 0.065000 -0.263482
v 0.568478 0.065000 0.251155
v 0.554784 0.065000 0.280109
v -0.588610 0.064170 -0.297482
v -0.603367 0.064170 -0.266281
v 0.495978 -0.065000 0.297277
v -0.016008 -0.065000 -0.010258
v -0.016593 -0.065000 -0.009282
v -0.528578 -0.065000 -0.316818
v 0.524657 -0.065000 0.333138
v 0.541124 -0.065000 0.305666
v -0.577209 -0.065005 -0.325661
v -0.556617 -0.065006 -0.353744
v 0.495978 0.065000 0.297277
v -0.016593 0.065000 -0.009282
v -0.016008 0.065000 -0.010258
v -0.528578 0.065000 -0.316818
v 0.541124 0.065000 0.305666
v 0.524657 0.065000 0.333138
v -0.556617 0.064170 -0.353744
v -0.574361 0.064170 -0.324139
v 0.464451 -0.065000 0.344460
v -0.014925 -0.065000 -0.011778
v -0.015603 -0.065000 -0.010864
v -0.494979 -0.065000 -0.367102
v 0.489478 -0.065000 0.382960
v 0.508557 -0.065000 0.357233
v -0.539825 -0.065006 -0.378875
v -0.521760 -0.065005 -0.408647
v 0.464451 0.065000 0.344460
v -0.015603 0.065000 -0.010864
v -0.014925 0.065000 -0.011778
v -0.494979 0.065000 -0.367102
v 0.508557 0.065000 0.357233
v 0.489478 0.065000 0.382960
v -0.519264 0.064170 -0.406598
v -0.539824 0.064170 -0.378875
v 0.428452 -0.065000 0.388326
v -0.013699 -0.065000 -0.013184
v -0.014463 -0.065000 -0.012341
v -0.456614 -0.065000 -0.413851
v 0.449584 -0.065000 0.429093
v 0.471093 -0.065000 0.405361
v -0.502585 -0.065003 -0.432011
v -0.479193 -0.065003 -0.457820
v 0.428452 0.065000 0.388326
v -0.014463 0.065000 -0.012341
v -0.013699 0.065000 -0.013184
v -0.456614 0.065000 -0.413851
v 0.471093 0.065000 0.405361
v 0.449584 0.065000 0.429093
v -0.476910 0.064170 -0.455537
v -0.500089 0.064170 -0.429963
v 0.388326 -0.065000 0.428452
v -0.012341 -0.065000 -0.014463
v -0.013184 -0.065000 -0.013699
v -0.413851 -0.065000 -0.456614
v 0.405361 -0.065000 0.471094
v 0.429093 -0.065000 0.449584
v -0.457820 -0.065005 -0.479193
v -0.429963 -0.065006 -0.500089
v 0.388326 0.065000 0.428452
v -0.013184 0.065000 -0.013699
v -0.012341 0.065000 -0.014463
v -0.413851 0.065000 -0.456614
v 0.429093 0.065000 0.449584
v 0.405361 0.065000 0.471094
v -0.429963 0.064170 -0.500089
v -0.455537 0.064170 -0.476910
v 0.344460 -0.065000 0.464451
v -0.010864 -0.065000 -0.015603
v -0.011778 -0.065000 -0.014925
v -0.367102 -0.065000 -0.494979
v 0.357234 -0.065000 0.508557
v 0.382960 -0.065000 0.489478
v -0.406598 -0.065006 -0.519264
v -0.378875 -0.065006 -0.539824
v 0.344460 0.065000 0.464451
v -0.011778 0.065000 -0.014925
v -0.010864 0.065000 -0.015603
v -0.367102 0.065000 -0.494979
v 0.382960 0.065000 0.489478
v 0.357234 0.065000 0.508557
v -0.378875 0.064170 -0.539825
v -0.406598 0.064170 -0.519264
v 0.297277 -0.065000 0.495978
v -0.009282 -0.065000 -0.016593
v -0.010258 -0.065000 -0.016008
v -0.316818 -0.065000 -0.528578
v 0.305666 -0.065000 0.541124
v 0.333138 -0.065000 0.524657
v -0.353744 -0.065006 -0.556617
v -0.324139 -0.065006 -0.574361
v 0.297277 0.065000 0.495978
v -0.010258 0.065000 -0.016008
v -0.009282 0.065000 -0.016593
v -0.316818 0.065000 -0.528578
v 0.333138 0.065000 0.524657
v 0.305666 0.065000 0.541124
v -0.324139 0.064170 -0.574361
v -0.353744 0.064170 -0.556617
v 0.247232 -0.065000 0.522728
v -0.007611 -0.065000 -0.017423
v -0.008640 -0.065000 -0.016936
v -0.263482 -0.065000 -0.557087
v 0.251155 -0.065000 0.568478
v 0.280109 -0.065000 0.554784
v -0.297482 -0.065006 -0.588610
v -0.266281 -0.065006 -0.603367
v 0.247232 0.065000 0.522727
v -0.008640 0.065000 -0.016936
v -0.007611 0.065000 -0.017423
v -0.263482 0.065000 -0.557087
v 0.280109 0.065000 0.554784
v 0.251155 0.065000 0.568478
v -0.266281 0.064170 -0.603367
v -0.297482 0.064170 -0.588610
v 0.194805 -0.065000 0.544443
v -0.005866 -0.065000 -0.018085
v -0.006938 -0.065000 -0.017701
v -0.207610 -0.065000 -0.580230
v 0.194225 -0.065000 0.590358
v 0.224382 -0.065000 0.579568
v -0.238356 -0.065006 -0.614934
v -0.205858 -0.065006 -0.626562
v 0.194805 0.065000 0.544443
v -0.006938 0.065000 -0.017701
v -0.005866 0.065000 -0.018085
v -0.207610 0.065000 -0.580230
v 0.224382 0.065000 0.579568
v 0.194225 0.065000 0.590358
v -0.205858 0.064170 -0.626562
v -0.238356 0.064170 -0.614934
v 0.140502 -0.065000 0.560916
v -0.004066 -0.065000 -0.018573
v -0.005170 -0.065000 -0.018296
v -0.149737 -0.065000 -0.597785
v 0.135424 -0.065000 0.606553
v 0.166493 -0.065000 0.598771
v -0.176934 -0.065006 -0.635336
v -0.143453 -0.065006 -0.643722
v 0.140502 0.065000 0.560916
v -0.005170 0.065000 -0.018296
v -0.004066 0.065000 -0.018573
v -0.149737 0.065000 -0.597785
v 0.166493 0.065000 0.598771
v 0.135424 0.065000 0.606553
v -0.143453 0.064170 -0.643722
v -0.176934 0.064170 -0.635336
v 0.084846 -0.065000 0.571987
v -0.002225 -0.065000 -0.018882
v -0.003351 -0.065000 -0.018715
v -0.090423 -0.065000 -0.609583
v 0.075320 -0.065000 0.616906
v 0.107002 -0.065000 0.612207
v -0.113808 -0.065006 -0.649619
v -0.079666 -0.065006 -0.654683
v 0.084846 0.065000 0.571987
v -0.003351 0.065000 -0.018715
v -0.002225 0.065000 -0.018882
v -0.090423 0.065000 -0.609583
v 0.107002 0.065000 0.612207
v 0.075320 0.065000 0.616906
v -0.079667 0.064170 -0.654683
v -0.113808 0.064170 -0.649619
v 0.028373 -0.065000 0.577549
v -0.000364 -0.065000 -0.019009
v -0.001501 -0.065000 -0.018953
v -0.030238 -0.065000 -0.615511
v 0.014490 -0.065000 0.621318
v 0.046480 -0.065000 0.619747
v -0.049587 -0.065006 -0.657646
v -0.015113 -0.065005 -0.662568
v 0.028373 0.065000 0.577549
v -0.001501 0.065000 -0.018953
v -0.000364 0.065000 -0.019009
v -0.030238 0.065000 -0.615511
v 0.046480 0.065000 0.619747
v 0.014490 0.065000 0.621318
v -0.015113 0.064170 -0.659339
v -0.049587 0.064170 -0.657646
v 0.048696 0.021827 -0.991225
v 0.145618 0.021827 -0.981679
v 0.241139 0.021827 -0.962679
v 0.334336 0.021827 -0.934408
v 0.424312 0.021855 -0.897132
v 0.510193 0.021317 -0.851207
v 0.591162 0.021369 -0.797090
v 0.666444 0.021369 -0.735308
v 0.735317 0.021317 -0.666452
v 0.797115 0.021855 -0.591180
v 0.851228 0.021827 -0.510206
v 0.897138 0.021827 -0.424315
v 0.934408 0.021827 -0.334336
v 0.962679 0.021827 -0.241139
v 0.981679 0.021827 -0.145618
v 0.991225 0.021827 -0.048696
v 0.991225 0.021827 0.048696
v 0.981679 0.021827 0.145618
v 0.962679 0.021827 0.241139
v 0.934408 0.021827 0.334336
v 0.897138 0.021827 0.424315
v 0.851228 0.021827 0.510206
v 0.797120 0.021827 0.591184
v 0.735335 0.021827 0.666469
v 0.666469 0.021827 0.735335
v 0.591184 0.021827 0.797120
v 0.510206 0.021827 0.851228
v 0.424315 0.021827 0.897138
v 0.334336 0.021827 0.934408
v 0.241139 0.021827 0.962679
v 0.145618 0.021827 0.981679
v 0.048696 0.021827 0.991225
v -0.048696 0.021827 0.991225
v -0.145618 0.021827 0.981679
v -0.241139 0.021827 0.962679
v -0.334336 0.021827 0.934408
v -0.424315 0.021827 0.897138
v -0.510206 0.021827 0.851228
v -0.591184 0.021827 0.797120
v -0.666469 0.021827 0.735335
v -0.735335 0.021827 0.666469
v -0.797120 0.021827 0.591184
v -0.851228 0.021827 0.510206
v -0.897138 0.021827 0.424315
v -0.934408 0.021827 0.334336
v -0.962679 0.021827 0.241139
v -0.981679 0.021827 0.145618
v -0.991225 0.021827 0.048696
v -0.991225 0.021827 -0.048696
v -0.981679 0.021827 -0.145618
v -0.962679 0.021827 -0.241139
v -0.934408 0.021827 -0.334336
v -0.897138 0.021827 -0.424315
v -0.851228 0.021827 -0.510206
v -0.797120 0.021827 -0.591184
v -0.735335 0.021827 -0.666469
v -0.666469 0.021827 -0.735335
v -0.591184 0.021827 -0.797120
v -0.510203 0.021855 -0.851222
v -0.424309 0.021265 -0.897126
v -0.334334 0.021855 -0.934402
v -0.241139 0.021827 -0.962679
v 0.000000 0.065000 -0.000000
v -0.145618 0.021827 -0.981679
v -0.048696 0.021827 -0.991225
v 0.000000 -0.065000 0.000000
v -0.050057 -0.065179 -0.992104
v -0.049009 -0.043333 -0.997592
v -0.145618 -0.065160 -0.981679
v -0.146554 -0.043333 -0.987985
v -0.241139 -0.065160 -0.962679
v -0.242688 -0.043333 -0.968863
v -0.334334 -0.065130 -0.934402
v -0.336484 -0.043333 -0.940410
v -0.424309 -0.064481 -0.897126
v -0.427004 -0.041744 -0.902823
v -0.510203 -0.065130 -0.851222
v -0.513484 -0.043333 -0.856695
v -0.591184 -0.065160 -0.797120
v -0.594982 -0.043333 -0.802240
v -0.666127 -0.065179 -0.736919
v -0.670750 -0.043333 -0.740059
v -0.740059 -0.065298 -0.670750
v -0.740059 -0.043333 -0.670750
v -0.798662 -0.065179 -0.590689
v -0.802240 -0.043333 -0.594982
v -0.851361 -0.065179 -0.511821
v -0.856695 -0.043333 -0.513484
v -0.902900 -0.065298 -0.427040
v -0.902900 -0.043333 -0.427040
v -0.940410 -0.065298 -0.336484
v -0.940410 -0.043333 -0.336484
v -0.968863 -0.065298 -0.242688
v -0.968863 -0.043333 -0.242688
v -0.987985 -0.065298 -0.146554
v -0.987985 -0.043333 -0.146554
v -0.997592 -0.065298 -0.049009
v -0.997592 -0.043333 -0.049009
v -0.997592 -0.065298 0.049009
v -0.997592 -0.043333 0.049009
v -0.987985 -0.065298 0.146554
v -0.987985 -0.043333 0.146554
v -0.963275 -0.065179 0.242645
v -0.968863 -0.043333 0.242688
v -0.934408 -0.065160 0.334336
v -0.940410 -0.043333 0.336484
v -0.897138 -0.065160 0.424315
v -0.902900 -0.043333 0.427040
v -0.851228 -0.065160 0.510206
v -0.856695 -0.043333 0.513484
v -0.797120 -0.065160 0.591184
v -0.802240 -0.043333 0.594982
v -0.735335 -0.065160 0.666469
v -0.740059 -0.043333 0.670750
v -0.666469 -0.065160 0.735335
v -0.670750 -0.043333 0.740059
v -0.592804 -0.065179 0.797094
v -0.594982 -0.043333 0.802240
v -0.513484 -0.065298 0.856695
v -0.513484 -0.043333 0.856695
v -0.423528 -0.065179 0.898554
v -0.427040 -0.043333 0.902900
v -0.334336 -0.065160 0.934408
v -0.336484 -0.043333 0.940410
v -0.242645 -0.065179 0.963275
v -0.242688 -0.043333 0.968863
v -0.146554 -0.065298 0.987985
v -0.146554 -0.043333 0.987985
v -0.049009 -0.065298 0.997592
v -0.049009 -0.043333 0.997592
v 0.048788 -0.065197 0.993111
v 0.049009 -0.043333 0.997592
v 0.146554 -0.065298 0.987985
v 0.146554 -0.043333 0.987985
v 0.241597 -0.065197 0.964510
v 0.242688 -0.043333 0.968863
v 0.336484 -0.065298 0.940410
v 0.336484 -0.043333 0.940410
v 0.425908 -0.065179 0.897428
v 0.427040 -0.043333 0.902900
v 0.509562 -0.065179 0.852714
v 0.513484 -0.043333 0.856695
v 0.594982 -0.065298 0.802240
v 0.594982 -0.043333 0.802240
v 0.670750 -0.065298 0.740059
v 0.670750 -0.043333 0.740059
v 0.736919 -0.065179 0.666127
v 0.740059 -0.043333 0.670750
v 0.797120 -0.065160 0.591184
v 0.802240 -0.043333 0.594982
v 0.851228 -0.065160 0.510206
v 0.856695 -0.043333 0.513484
v 0.897428 -0.065179 0.425908
v 0.902900 -0.043333 0.427040
v 0.940410 -0.065298 0.336484
v 0.940410 -0.043333 0.336484
v 0.968863 -0.065298 0.242688
v 0.968863 -0.043333 0.242688
v 0.987985 -0.065298 0.146554
v 0.987985 -0.043333 0.146554
v 0.993111 -0.065197 0.048788
v 0.997592 -0.043333 0.049009
v 0.997592 -0.065298 -0.049009
v 0.997592 -0.043333 -0.049009
v 0.983546 -0.065197 -0.145895
v 0.987985 -0.043333 -0.146554
v 0.968863 -0.065298 -0.242688
v 0.968863 -0.043333 -0.242688
v 0.934853 -0.065179 -0.335894
v 0.940410 -0.043333 -0.336484
v 0.897138 -0.065160 -0.424315
v 0.902900 -0.043333 -0.427040
v 0.851228 -0.065160 -0.510206
v 0.856695 -0.043333 -0.513484
v 0.797115 -0.065130 -0.591180
v 0.802240 -0.043333 -0.594982
v 0.735317 -0.064424 -0.666452
v 0.738968 -0.041636 -0.671591
v 0.666444 -0.064368 -0.735308
v 0.670481 -0.041528 -0.739762
v 0.591162 -0.064368 -0.797090
v 0.594743 -0.041528 -0.801918
v 0.511809 -0.064455 -0.851341
v 0.514524 -0.041667 -0.855796
v 0.427040 -0.065298 -0.902900
v 0.427040 -0.043333 -0.902900
v 0.336484 -0.065298 -0.940410
v 0.336484 -0.043333 -0.940410
v 0.241597 -0.065197 -0.964510
v 0.242688 -0.043333 -0.968863
v 0.146554 -0.065298 -0.987985
v 0.146554 -0.043333 -0.987985
v 0.049009 -0.065298 -0.997592
v 0.049009 -0.043333 -0.997592
v 0.000932 -0.065000 -0.018981
v 0.000932 0.065000 -0.018981
v 0.002788 -0.065000 -0.018798
v 0.002788 0.065000 -0.018798
v 0.004618 -0.065000 -0.018434
v 0.004618 0.065000 -0.018434
v 0.006402 -0.065000 -0.017893
v 0.006402 0.065000 -0.017893
v 0.008125 -0.065000 -0.017180
v 0.008125 0.065000 -0.017180
v 0.009770 -0.065000 -0.016300
v 0.009770 0.065000 -0.016300
v 0.011321 -0.065000 -0.015264
v 0.011321 0.065000 -0.015264
v 0.012762 -0.065000 -0.014081
v 0.012762 0.065000 -0.014081
v 0.014081 -0.065000 -0.012762
v 0.014081 0.065000 -0.012762
v 0.015264 -0.065000 -0.011321
v 0.015264 0.065000 -0.011321
v 0.016300 -0.065000 -0.009770
v 0.016300 0.065000 -0.009770
v 0.017179 -0.065000 -0.008125
v 0.017179 0.065000 -0.008125
v 0.017893 -0.065000 -0.006402
v 0.017893 0.065000 -0.006402
v 0.018435 -0.065000 -0.004618
v 0.018435 0.065000 -0.004618
v 0.018798 -0.065000 -0.002788
v 0.018798 0.065000 -0.002788
v 0.018981 -0.065000 -0.000932
v 0.018981 0.065000 -0.000932
v 0.018981 -0.065000 0.000932
v 0.018981 0.065000 0.000932
v 0.018798 -0.065000 0.002788
v 0.018798 0.065000 0.002788
v 0.018434 -0.065000 0.004618
v 0.018434 0.065000 0.004618
v 0.017893 -0.065000 0.006402
v 0.017893 0.065000 0.006402
v 0.017180 -0.065000 0.008125
v 0.017180 0.065000 0.008125
v 0.016300 -0.065000 0.009770
v 0.016300 0.065000 0.009770
v 0.015264 -0.065000 0.011321
v 0.015264 0.065000 0.011321
v 0.014081 -0.065000 0.012762
v 0.014081 0.065000 0.012762
v 0.012762 -0.065000 0.014081
v 0.012762 0.065000 0.014081
v 0.011321 -0.065000 0.015264
v 0.011321 0.065000 0.015264
v 0.009770 -0.065000 0.016300
v 0.009770 0.065000 0.016300
v 0.008125 -0.065000 0.017179
v 0.008125 0.065000 0.017179
v 0.006402 -0.065000 0.017893
v 0.006402 0.065000 0.017893
v 0.004618 -0.065000 0.018435
v 0.004618 0.065000 0.018435
v 0.002788 -0.065000 0.018798
v 0.002788 0.065000 0.018798
v 0.000932 -0.065000 0.018981
v 0.000932 0.065000 0.018981
v -0.000932 -0.065000 0.018981
v -0.000932 0.065000 0.018981
v -0.002788 -0.065000 0.018798
v -0.002788 0.065000 0.018798
v -0.004618 -0.065000 0.018434
v -0.004618 0.065000 0.018434
v -0.006402 -0.065000 0.017893
v -0.006402 0.065000 0.017893
v -0.008125 -0.065000 0.017180
v -0.008125 0.065000 0.017180
v -0.009770 -0.065000 0.016300
v -0.009770 0.065000 0.016300
v -0.011321 -0.065000 0.015264
v -0.011321 0.065000 0.015264
v -0.012762 -0.065000 0.014081
v -0.012762 0.065000 0.014081
v -0.014081 -0.065000 0.012762
v -0.014081 0.065000 0.012762
v -0.015264 -0.065000 0.011321
v -0.015264 0.065000 0.011321
v -0.016300 -0.065000 0.009770
v -0.016300 0.065000 0.009770
v -0.017179 -0.065000 0.008125
v -0.017179 0.065000 0.008125
v -0.017893 -0.065000 0.006402
v -0.017893 0.065000 0.006402
v -0.018435 -0.065000 0.004618
v -0.018435 0.065000 0.004618
v -0.018798 -0.065000 0.002788
v -0.018798 0.065000 0.002788
v -0.018981 -0.065000 0.000932
v -0.018981 0.065000 0.000932
v -0.018981 -0.065000 -0.000932
v -0.018981 0.065000 -0.000932
v -0.018798 -0.065000 -0.002788
v -0.018798 0.065000 -0.002788
v -0.018434 -0.065000 -0.004618
v -0.018434 0.065000 -0.004618
v -0.017893 -0.065000 -0.006402
v -0.017893 0.065000 -0.006402
v -0.017180 -0.065000 -0.008125
v -0.017180 0.065000 -0.008125
v -0.016300 -0.065000 -0.009770
v -0.016300 0.065000 -0.009770
v -0.015264 -0.065000 -0.011321
v -0.015264 0.065000 -0.011321
v -0.014081 -0.065000 -0.012762
v -0.014081 0.065000 -0.012762
v -0.012762 -0.065000 -0.014081
v -0.012762 0.065000 -0.014081
v -0.011321 -0.065000 -0.015264
v -0.011321 0.065000 -0.015264
v -0.009770 -0.065000 -0.016300
v -0.009770 0.065000 -0.016300
v -0.008125 -0.065000 -0.017179
v -0.008125 0.065000 -0.017179
v -0.006402 -0.065000 -0.017893
v -0.006402 0.065000 -0.017893
v -0.004618 -0.065000 -0.018435
v -0.004618 0.065000 -0.018435
v -0.002788 -0.065000 -0.018798
v -0.002788 0.065000 -0.018798
v -0.000932 -0.065000 -0.018981
v -0.000932 0.065000 -0.018981
v -0.045228 0.065000 0.920639
v 0.045228 0.065000 0.920639
v 0.135249 0.065000 0.911772
v 0.223967 0.065000 0.894125
v 0.310528 0.065000 0.867867
v 0.394099 0.065000 0.833251
v 0.473873 0.065000 0.790610
v 0.549085 0.065000 0.740356
v 0.619009 0.065000 0.682971
v 0.682971 0.065000 0.619009
v 0.740356 0.065000 0.549085
v 0.790610 0.065000 0.473873
v 0.833251 0.065000 0.394099
v 0.867867 0.065000 0.310528
v 0.894125 0.065000 0.223967
v 0.911772 0.065000 0.135249
v 0.920639 0.065000 0.045228
v 0.920639 0.065000 -0.045228
v 0.911772 0.065000 -0.135249
v 0.894125 0.065000 -0.223967
v 0.867867 0.065000 -0.310528
v 0.833251 0.065000 -0.394099
v 0.790610 0.065000 -0.473873
v 0.740356 0.065000 -0.549085
v 0.682971 0.065000 -0.619009
v 0.619009 0.065000 -0.682971
v 0.549085 0.065000 -0.740356
v 0.473873 0.065000 -0.790610
v 0.394099 0.065000 -0.833251
v 0.310528 0.065000 -0.867867
v 0.223967 0.065000 -0.894125
v 0.135249 0.065000 -0.911772
v 0.045228 0.065000 -0.920639
v -0.045228 0.065000 -0.920639
v -0.135249 0.065000 -0.911772
v -0.223967 0.065000 -0.894125
v -0.310528 0.065000 -0.867867
v -0.394099 0.065000 -0.833251
v -0.473873 0.065000 -0.790610
v -0.549085 0.065000 -0.740356
v -0.619009 0.065000 -0.682971
v -0.682971 0.065000 -0.619009
v -0.740356 0.065000 -0.549085
v -0.790610 0.065000 -0.473873
v -0.833251 0.065000 -0.394099
v -0.867867 0.065000 -0.310528
v -0.894125 0.065000 -0.223967
v -0.911772 0.065000 -0.135249
v -0.920639 0.065000 -0.045228
v -0.920639 0.065000 0.045228
v -0.911772 0.065000 0.135249
v -0.894125 0.065000 0.223967
v -0.867867 0.065000 0.310528
v -0.833251 0.065000 0.394099
v -0.790610 0.065000 0.473873
v -0.740356 0.065000 0.549085
v -0.682971 0.065000 0.619009
v -0.619009 0.065000 0.682971
v -0.549085 0.065000 0.740356
v -0.473873 0.065000 0.790610
v -0.394099 0.065000 0.833251
v -0.310528 0.065000 0.867867
v -0.223967 0.065000 0.894125
v -0.135249 0.065000 0.911772
v -0.045228 -0.065000 0.920638
v -0.135249 -0.065000 0.911772
v -0.223967 -0.065000 0.894125
v -0.310528 -0.065000 0.867867
v -0.394098 -0.065000 0.833251
v -0.473873 -0.065000 0.790610
v -0.549085 -0.065000 0.740356
v -0.619009 -0.065000 0.682971
v -0.682971 -0.065000 0.619009
v -0.740356 -0.065000 0.549085
v -0.790610 -0.065000 0.473873
v -0.833251 -0.065000 0.394099
v -0.867867 -0.065000 0.310528
v -0.894125 -0.065000 0.223967
v -0.911772 -0.065000 0.135249
v -0.920639 -0.065000 0.045228
v -0.920639 -0.065000 -0.045228
v -0.911772 -0.065000 -0.135249
v -0.894125 -0.065000 -0.223967
v -0.867867 -0.065000 -0.310528
v -0.833251 -0.065000 -0.394098
v -0.790610 -0.065000 -0.473873
v -0.740356 -0.065000 -0.549085
v -0.682971 -0.065000 -0.619009
v -0.619009 -0.065000 -0.682971
v -0.549085 -0.065000 -0.740356
v -0.473873 -0.065000 -0.790610
v -0.394099 -0.065000 -0.833251
v -0.310528 -0.065000 -0.867867
v -0.223967 -0.065000 -0.894125
v -0.135249 -0.065000 -0.911772
v -0.045228 -0.065000 -0.920639
v 0.045228 -0.065000 -0.920639
v 0.135249 -0.065000 -0.911772
v 0.223967 -0.065000 -0.894125
v 0.310528 -0.065000 -0.867867
v 0.394098 -0.065000 -0.833251
v 0.473873 -0.065000 -0.790610
v 0.549085 -0.065000 -0.740356
v 0.619009 -0.065000 -0.682971
v 0.682971 -0.065000 -0.619009
v 0.740356 -0.065000 -0.549085
v 0.790610 -0.065000 -0.473873
v 0.833251 -0.065000 -0.394099
v 0.867867 -0.065000 -0.310528
v 0.894125 -0.065000 -0.223967
v 0.911772 -0.065000 -0.135249
v 0.920639 -0.065000 -0.045228
v 0.920639 -0.065000 0.045228
v 0.911772 -0.065000 0.135249
v 0.894125 -0.065000 0.223967
v 0.867867 -0.065000 0.310528
v 0.833251 -0.065000 0.394098
v 0.790610 -0.065000 0.473873
v 0.740356 -0.065000 0.549085
v 0.682971 -0.065000 0.619009
v 0.619009 -0.065000 0.682971
v 0.549085 -0.065000 0.740356
v 0.473873 -0.065000 0.790610
v 0.394099 -0.065000 0.833251
v 0.310528 -0.065000 0.867867
v 0.223967 -0.065000 0.894125
v 0.135249 -0.065000 0.911772
v 0.045228 -0.065000 0.920639
v -0.092720 -0.043200 -0.995415
v -0.049007 -0.022152 -0.997563
v -0.005294 -0.043218 -0.999714
v -0.049007 -0.063062 -0.997567
v -0.189841 -0.043200 -0.981534
v -0.146549 -0.022152 -0.987956
v -0.103257 -0.043200 -0.994377
v -0.146549 -0.063043 -0.987956
v -0.285134 -0.043200 -0.958200
v -0.242680 -0.022152 -0.968834
v -0.200226 -0.043200 -0.979468
v -0.242680 -0.063043 -0.968834
v -0.378909 -0.043141 -0.925043
v -0.336472 -0.022124 -0.940376
v -0.295267 -0.043200 -0.955126
v -0.336472 -0.063013 -0.940376
v -0.551007 -0.043200 -0.834170
v -0.513465 -0.022124 -0.856664
v -0.474691 -0.043141 -0.879741
v -0.513465 -0.063013 -0.856664
v -0.630117 -0.043200 -0.776145
v -0.594964 -0.022152 -0.802216
v -0.559811 -0.043200 -0.828287
v -0.594964 -0.063043 -0.802216
v -0.703161 -0.043218 -0.710648
v -0.670730 -0.022152 -0.740037
v -0.638302 -0.043200 -0.769428
v -0.670733 -0.063062 -0.740039
v -0.768526 -0.065247 -0.635801
v -0.740043 -0.065461 -0.670735
v -0.708068 -0.065247 -0.702506
v -0.736750 -0.065034 -0.667751
v -0.769431 -0.043218 -0.638304
v -0.740037 -0.022152 -0.670730
v -0.710648 -0.043218 -0.703161
v -0.740043 -0.063088 -0.670735
v -0.828287 -0.043200 -0.559811
v -0.802216 -0.022152 -0.594964
v -0.776148 -0.043218 -0.630120
v -0.802219 -0.063062 -0.594967
v -0.879174 -0.043218 -0.475931
v -0.856670 -0.022152 -0.513468
v -0.834170 -0.043200 -0.551007
v -0.856674 -0.063062 -0.513470
v -0.920024 -0.065259 -0.386817
v -0.902883 -0.065473 -0.427032
v -0.881506 -0.065247 -0.466715
v -0.899348 -0.065033 -0.425331
v -0.921592 -0.043230 -0.387466
v -0.902874 -0.022152 -0.427027
v -0.884165 -0.043218 -0.466593
v -0.902883 -0.063100 -0.427032
v -0.953509 -0.065259 -0.294776
v -0.940394 -0.065485 -0.336478
v -0.924076 -0.065259 -0.377035
v -0.937191 -0.065033 -0.335332
v -0.955133 -0.043230 -0.295269
v -0.940382 -0.022152 -0.336474
v -0.925644 -0.043230 -0.377684
v -0.940394 -0.063112 -0.336479
v -0.977811 -0.065259 -0.199896
v -0.968847 -0.065485 -0.242683
v -0.956583 -0.065259 -0.284644
v -0.965547 -0.065033 -0.241857
v -0.979475 -0.043230 -0.200227
v -0.968834 -0.022152 -0.242680
v -0.958206 -0.043230 -0.285136
v -0.968847 -0.063112 -0.242683
v -0.992696 -0.065259 -0.103092
v -0.987969 -0.065485 -0.146551
v -0.979876 -0.065259 -0.189512
v -0.984603 -0.065033 -0.146052
v -0.994384 -0.043230 -0.103258
v -0.987956 -0.022152 -0.146549
v -0.981540 -0.043230 -0.189843
v -0.987969 -0.063112 -0.146551
v -0.998020 -0.065259 -0.005294
v -0.997576 -0.065485 -0.049008
v -0.993733 -0.065259 -0.092554
v -0.994178 -0.065033 -0.048841
v -0.999717 -0.043230 -0.005294
v -0.997563 -0.022152 -0.049007
v -0.995422 -0.043230 -0.092721
v -0.997576 -0.063112 -0.049008
v -0.993733 -0.065259 0.092554
v -0.997576 -0.065485 0.049008
v -0.998020 -0.065259 0.005294
v -0.994178 -0.065033 0.048841
v -0.995422 -0.043230 0.092721
v -0.997563 -0.022152 0.049007
v -0.999717 -0.043230 0.005294
v -0.997576 -0.063112 0.049008
v -0.979029 -0.065247 0.190731
v -0.987966 -0.065473 0.146551
v -0.992696 -0.065259 0.103092
v -0.984090 -0.065033 0.145950
v -0.981538 -0.043218 0.189842
v -0.987956 -0.022152 0.146549
v -0.994384 -0.043230 0.103258
v -0.987966 -0.063100 0.146551
v -0.958200 -0.043200 0.285134
v -0.968834 -0.022152 0.242680
v -0.979472 -0.043218 0.200227
v -0.968838 -0.063062 0.242681
v -0.925638 -0.043200 0.377681
v -0.940382 -0.022152 0.336474
v -0.955126 -0.043200 0.295267
v -0.940382 -0.063043 0.336474
v -0.884161 -0.043200 0.466591
v -0.902874 -0.022152 0.427027
v -0.921586 -0.043200 0.387464
v -0.902874 -0.063043 0.427027
v -0.834170 -0.043200 0.551007
v -0.856670 -0.022152 0.513468
v -0.879170 -0.043200 0.475929
v -0.856670 -0.063043 0.513468
v -0.776145 -0.043200 0.630117
v -0.802216 -0.022152 0.594964
v -0.828287 -0.043200 0.559811
v -0.802216 -0.063043 0.594964
v -0.710645 -0.043200 0.703158
v -0.740037 -0.022152 0.670730
v -0.769428 -0.043200 0.638302
v -0.740037 -0.063043 0.670730
v -0.638302 -0.043200 0.769428
v -0.670730 -0.022152 0.740037
v -0.703158 -0.043200 0.710645
v -0.670730 -0.063043 0.740037
v -0.559813 -0.043218 0.828291
v -0.594964 -0.022152 0.802216
v -0.630117 -0.043200 0.776145
v -0.594966 -0.063062 0.802220
v -0.473652 -0.065247 0.877798
v -0.513472 -0.065461 0.856677
v -0.550871 -0.065247 0.831515
v -0.511188 -0.065034 0.852865
v -0.475931 -0.043218 0.879174
v -0.513468 -0.022152 0.856670
v -0.551010 -0.043218 0.834173
v -0.513472 -0.063088 0.856677
v -0.387464 -0.043200 0.921586
v -0.427027 -0.022152 0.902874
v -0.466593 -0.043218 0.884165
v -0.427029 -0.063062 0.902877
v -0.295267 -0.043200 0.955126
v -0.336474 -0.022152 0.940382
v -0.377681 -0.043200 0.925638
v -0.336474 -0.063043 0.940382
v -0.200227 -0.043218 0.979472
v -0.242680 -0.022152 0.968834
v -0.285134 -0.043200 0.958200
v -0.242681 -0.063062 0.968838
v -0.103092 -0.065259 0.992696
v -0.146551 -0.065473 0.987966
v -0.190731 -0.065247 0.979029
v -0.145950 -0.065033 0.984090
v -0.103258 -0.043230 0.994384
v -0.146549 -0.022152 0.987956
v -0.189842 -0.043218 0.981538
v -0.146551 -0.063100 0.987966
v -0.003933 -0.065247 0.997427
v -0.049008 -0.065473 0.997573
v -0.092554 -0.065259 0.993733
v -0.048841 -0.065033 0.993654
v -0.005294 -0.043218 0.999714
v -0.049007 -0.022152 0.997563
v -0.092721 -0.043230 0.995422
v -0.049008 -0.063100 0.997573
v 0.092720 -0.043218 0.995419
v 0.049007 -0.022152 0.997563
v 0.005294 -0.043218 0.999714
v 0.049008 -0.063080 0.997571
v 0.190731 -0.065247 0.979029
v 0.146551 -0.065461 0.987963
v 0.101679 -0.065247 0.992239
v 0.145899 -0.065034 0.983568
v 0.189842 -0.043218 0.981538
v 0.146549 -0.022152 0.987956
v 0.103258 -0.043218 0.994381
v 0.146551 -0.063088 0.987964
v 0.285136 -0.043218 0.958204
v 0.242680 -0.022152 0.968834
v 0.200227 -0.043218 0.979472
v 0.242682 -0.063080 0.968842
v 0.378065 -0.065247 0.923007
v 0.336477 -0.065461 0.940389
v 0.293301 -0.065247 0.953336
v 0.334980 -0.065034 0.936206
v 0.377683 -0.043218 0.925641
v 0.336474 -0.022152 0.940382
v 0.295268 -0.043218 0.955130
v 0.336477 -0.063088 0.940389
v 0.466591 -0.043200 0.884161
v 0.427027 -0.022152 0.902874
v 0.387465 -0.043218 0.921590
v 0.427029 -0.063062 0.902877
v 0.551009 -0.043218 0.834173
v 0.513468 -0.022152 0.856670
v 0.475929 -0.043200 0.879170
v 0.513470 -0.063062 0.856673
v 0.629045 -0.065259 0.774838
v 0.594970 -0.065473 0.802225
v 0.557411 -0.065247 0.827145
v 0.592654 -0.065033 0.799058
v 0.630121 -0.043230 0.776150
v 0.594964 -0.022152 0.802216
v 0.559813 -0.043218 0.828291
v 0.594970 -0.063100 0.802225
v 0.702506 -0.065247 0.708068
v 0.670737 -0.065473 0.740045
v 0.637230 -0.065259 0.768121
v 0.668084 -0.065033 0.737155
v 0.703161 -0.043218 0.710648
v 0.670730 -0.022152 0.740037
v 0.638306 -0.043230 0.769433
v 0.670737 -0.063100 0.740045
v 0.769428 -0.043200 0.638302
v 0.740037 -0.022152 0.670730
v 0.710648 -0.043218 0.703161
v 0.740039 -0.063062 0.670733
v 0.828287 -0.043200 0.559811
v 0.802216 -0.022152 0.594964
v 0.776145 -0.043200 0.630117
v 0.802216 -0.063043 0.594964
v 0.879170 -0.043200 0.475929
v 0.856670 -0.022152 0.513468
v 0.834170 -0.043200 0.551007
v 0.856670 -0.063043 0.513468
v 0.921589 -0.043218 0.387465
v 0.902874 -0.022152 0.427027
v 0.884161 -0.043200 0.466591
v 0.902877 -0.063062 0.427029
v 0.953509 -0.065259 0.294776
v 0.940392 -0.065473 0.336478
v 0.923007 -0.065247 0.378065
v 0.936707 -0.065033 0.335132
v 0.955133 -0.043230 0.295269
v 0.940382 -0.022152 0.336474
v 0.925641 -0.043218 0.377683
v 0.940392 -0.063100 0.336478
v 0.977811 -0.065259 0.199896
v 0.968847 -0.065485 0.242683
v 0.956583 -0.065259 0.284644
v 0.965547 -0.065033 0.241857
v 0.979475 -0.043230 0.200227
v 0.968834 -0.022152 0.242680
v 0.958206 -0.043230 0.285136
v 0.968847 -0.063112 0.242683
v 0.992239 -0.065247 0.101679
v 0.987966 -0.065473 0.146551
v 0.979876 -0.065259 0.189512
v 0.984082 -0.065033 0.146001
v 0.994381 -0.043218 0.103258
v 0.987956 -0.022152 0.146549
v 0.981540 -0.043230 0.189843
v 0.987966 -0.063100 0.146551
v 0.999714 -0.043218 0.005294
v 0.997563 -0.022152 0.049007
v 0.995419 -0.043218 0.092720
v 0.997571 -0.063080 0.049008
v 0.993009 -0.065247 -0.093851
v 0.997571 -0.065461 -0.049008
v 0.997427 -0.065247 -0.003933
v 0.993133 -0.065034 -0.048789
v 0.995419 -0.043218 -0.092720
v 0.997563 -0.022152 -0.049007
v 0.999714 -0.043218 -0.005294
v 0.997571 -0.063088 -0.049008
v 0.981538 -0.043218 -0.189842
v 0.987956 -0.022152 -0.146549
v 0.994381 -0.043218 -0.103258
v 0.987963 -0.063080 -0.146551
v 0.955620 -0.065247 -0.285774
v 0.968842 -0.065461 -0.242682
v 0.977494 -0.065247 -0.198446
v 0.964531 -0.065034 -0.241603
v 0.958204 -0.043218 -0.285136
v 0.968834 -0.022152 -0.242680
v 0.979472 -0.043218 -0.200227
v 0.968842 -0.063088 -0.242682
v 0.925638 -0.043200 -0.377681
v 0.940382 -0.022152 -0.336474
v 0.955130 -0.043218 -0.295268
v 0.940386 -0.063062 -0.336475
v 0.884161 -0.043200 -0.466591
v 0.902874 -0.022152 -0.427027
v 0.921586 -0.043200 -0.387464
v 0.902874 -0.063043 -0.427027
v 0.834170 -0.043200 -0.551007
v 0.856670 -0.022152 -0.513468
v 0.879170 -0.043200 -0.475929
v 0.856670 -0.063043 -0.513468
v 0.775220 -0.043141 -0.631119
v 0.802211 -0.022124 -0.594960
v 0.828287 -0.043200 -0.559811
v 0.802211 -0.063013 -0.594960
v 0.386817 -0.065259 -0.920024
v 0.427030 -0.065455 -0.902880
v 0.466714 -0.065229 -0.881502
v 0.425331 -0.065033 -0.899348
v 0.387466 -0.043230 -0.921592
v 0.427024 -0.022124 -0.902868
v 0.467757 -0.043171 -0.883455
v 0.427030 -0.063082 -0.902880
v 0.293301 -0.065247 -0.953336
v 0.336478 -0.065473 -0.940392
v 0.377035 -0.065259 -0.924076
v 0.335180 -0.065033 -0.936690
v 0.295268 -0.043218 -0.955130
v 0.336474 -0.022152 -0.940382
v 0.377684 -0.043230 -0.925644
v 0.336478 -0.063100 -0.940392
v 0.200227 -0.043218 -0.979472
v 0.242680 -0.022152 -0.968834
v 0.285136 -0.043218 -0.958204
v 0.242682 -0.063080 -0.968842
v 0.103092 -0.065259 -0.992696
v 0.146551 -0.065473 -0.987966
v 0.190731 -0.065247 -0.979029
v 0.145950 -0.065033 -0.984090
v 0.103258 -0.043230 -0.994384
v 0.146549 -0.022152 -0.987956
v 0.189842 -0.043218 -0.981538
v 0.146551 -0.063100 -0.987966
v 0.003933 -0.065247 -0.997427
v 0.049008 -0.065473 -0.997573
v 0.092554 -0.065259 -0.993733
v 0.048841 -0.065033 -0.993654
v 0.005294 -0.043218 -0.999714
v 0.049007 -0.022152 -0.997563
v 0.092721 -0.043230 -0.995422
v 0.049008 -0.063100 -0.997573
v -0.041652 -0.065000 0.847847
v 0.000101 -0.065001 -0.019829
v 0.043647 -0.065001 -0.887940
v 0.001895 -0.065001 -0.020264
v -0.041652 0.065000 0.847847
v 0.001764 0.064867 -0.018940
v 0.043517 0.063539 -0.885808
v 0.000101 0.064867 -0.019021
v -0.124555 -0.065000 0.839681
v 0.002095 -0.065001 -0.020245
v 0.130420 -0.065001 -0.879393
v 0.003770 -0.065001 -0.019467
v -0.124555 0.065000 0.839681
v 0.003612 0.064867 -0.018676
v 0.130132 0.063539 -0.877277
v 0.001965 0.064867 -0.018920
v -0.206258 -0.065000 0.823430
v 0.003967 -0.065001 -0.019428
v 0.215885 -0.065010 -0.861862
v 0.005660 -0.065001 -0.019004
v -0.206258 0.065000 0.823430
v 0.005425 0.064867 -0.018232
v 0.215493 0.063539 -0.860297
v 0.003810 0.064867 -0.018636
v -0.285976 -0.065000 0.799248
v 0.005852 -0.065001 -0.018946
v 0.299523 -0.065001 -0.837035
v 0.007695 -0.065001 -0.018842
v -0.285975 0.065000 0.799248
v 0.007186 0.064867 -0.017612
v 0.298780 0.063539 -0.835033
v 0.005618 0.064867 -0.018173
v -0.362939 -0.065000 0.767369
v 0.007882 -0.065001 -0.018765
v 0.380078 -0.065001 -0.803668
v 0.009258 -0.065001 -0.017535
v -0.362939 0.065000 0.767368
v 0.008878 0.064867 -0.016823
v 0.379188 0.063539 -0.801727
v 0.007372 0.064867 -0.017535
v -0.436406 -0.065000 0.728099
v 0.009436 -0.065001 -0.017440
v 0.456326 -0.065010 -0.761411
v 0.010484 -0.065001 -0.015872
v -0.436406 0.065000 0.728099
v 0.010484 0.064867 -0.015872
v 0.455945 0.063539 -0.760699
v 0.009056 0.064867 -0.016728
v -0.505671 -0.065000 0.681818
v 0.010652 -0.065001 -0.015760
v 0.528311 -0.065010 -0.712345
v 0.011989 -0.065001 -0.014768
v -0.505671 0.065000 0.681818
v 0.011989 0.064867 -0.014768
v 0.528311 0.063539 -0.712346
v 0.010652 0.064867 -0.015760
v -0.570066 -0.065000 0.628971
v 0.012145 -0.065001 -0.014640
v 0.595590 -0.065010 -0.657132
v 0.013379 -0.065001 -0.013521
v -0.570066 0.065000 0.628971
v 0.013379 0.064867 -0.013521
v 0.595590 0.063539 -0.657132
v 0.012145 0.064867 -0.014640
v -0.628971 -0.065000 0.570066
v 0.013521 -0.065001 -0.013379
v 0.657132 -0.065010 -0.595590
v 0.014640 -0.065001 -0.012145
v -0.628971 0.065000 0.570066
v 0.014640 0.064867 -0.012145
v 0.657132 0.063539 -0.595590
v 0.013521 0.064867 -0.013379
v -0.681818 -0.065000 0.505671
v 0.014768 -0.065001 -0.011989
v 0.712345 -0.065010 -0.528311
v 0.015760 -0.065001 -0.010652
v -0.681818 0.065000 0.505671
v 0.015760 0.064867 -0.010652
v 0.712346 0.063539 -0.528311
v 0.014768 0.064867 -0.011989
v -0.728099 -0.065000 0.436406
v 0.015872 -0.065001 -0.010484
v 0.760699 -0.065010 -0.455945
v 0.016728 -0.065001 -0.009055
v -0.728099 0.065000 0.436406
v 0.016728 0.064867 -0.009056
v 0.760699 0.063539 -0.455945
v 0.015872 0.064867 -0.010484
v -0.767369 -0.065000 0.362939
v 0.016823 -0.065001 -0.008878
v 0.801727 -0.065010 -0.379188
v 0.017535 -0.065001 -0.007372
v -0.767369 0.065000 0.362939
v 0.017535 0.064867 -0.007372
v 0.801727 0.063539 -0.379188
v 0.016823 0.064867 -0.008878
v -0.799248 -0.065000 0.285976
v 0.017612 -0.065001 -0.007186
v 0.835805 -0.065010 -0.299014
v 0.018946 -0.065001 -0.005852
v -0.799248 0.065000 0.285976
v 0.018173 0.064867 -0.005618
v 0.835033 0.063539 -0.298780
v 0.017612 0.064867 -0.007186
v -0.823430 -0.065000 0.206258
v 0.019004 -0.065001 -0.005660
v 0.861862 -0.065001 -0.215885
v 0.019428 -0.065001 -0.003967
v -0.823430 0.065000 0.206258
v 0.018636 0.064867 -0.003810
v 0.860298 0.063539 -0.215493
v 0.018232 0.064867 -0.005425
v -0.839681 -0.065000 0.124555
v 0.019467 -0.065001 -0.003770
v 0.878872 -0.065010 -0.130368
v 0.019723 -0.065001 -0.002044
v -0.839681 0.065000 0.124555
v 0.018920 0.064867 -0.001965
v 0.877277 0.063539 -0.130132
v 0.018676 0.064867 -0.003612
v -0.847847 -0.065000 0.041652
v 0.019743 -0.065001 -0.001843
v 0.887418 -0.065001 -0.043596
v 0.019829 -0.065001 -0.000101
v -0.847847 0.065000 0.041652
v 0.019021 0.064867 -0.000101
v 0.885808 0.063539 -0.043517
v 0.018940 0.064867 -0.001764
v -0.847847 -0.065000 -0.041652
v 0.019829 -0.065001 0.000101
v 0.887418 -0.065010 0.043596
v 0.019743 -0.065001 0.001843
v -0.847847 0.065000 -0.041652
v 0.018940 0.064867 0.001764
v 0.885808 0.063539 0.043517
v 0.019021 0.064867 0.000101
v -0.839681 -0.065000 -0.124555
v 0.019723 -0.065001 0.002044
v 0.879386 -0.065001 0.130471
v 0.019981 -0.065001 0.003872
v -0.839681 0.065000 -0.124555
v 0.018676 0.064867 0.003612
v 0.877277 0.063539 0.130132
v 0.018920 0.064867 0.001965
v -0.823430 -0.065000 -0.206258
v 0.019942 -0.065001 0.004069
v 0.862877 -0.065001 0.216139
v 0.019505 -0.065001 0.005812
v -0.823430 0.065000 -0.206258
v 0.018232 0.064867 0.005425
v 0.860297 0.063539 0.215493
v 0.018636 0.064867 0.003810
v -0.799248 -0.065000 -0.285976
v 0.019447 -0.065001 0.006004
v 0.837052 -0.065001 0.299475
v 0.018358 -0.065001 0.007495
v -0.799248 0.065000 -0.285975
v 0.017612 0.064867 0.007186
v 0.835033 0.063539 0.298780
v 0.018173 0.064867 0.005618
v -0.767369 -0.065000 -0.362939
v 0.018281 -0.065001 0.007681
v 0.802472 -0.065010 0.379497
v 0.016823 -0.065001 0.008878
v -0.767368 0.065000 -0.362939
v 0.016823 0.064867 0.008878
v 0.801727 0.063539 0.379188
v 0.017535 0.064867 0.007372
v -0.728099 -0.065000 -0.436406
v 0.016728 -0.065001 0.009056
v 0.760699 -0.065010 0.455945
v 0.015872 -0.065001 0.010484
v -0.728099 0.065000 -0.436406
v 0.015872 0.064867 0.010484
v 0.760699 0.063539 0.455945
v 0.016728 0.064867 0.009056
v -0.681818 -0.065000 -0.505671
v 0.015760 -0.065001 0.010652
v 0.712345 -0.065010 0.528311
v 0.014768 -0.065001 0.011989
v -0.681818 0.065000 -0.505671
v 0.014768 0.064867 0.011989
v 0.712346 0.063539 0.528311
v 0.015760 0.064867 0.010652
v -0.628971 -0.065000 -0.570066
v 0.014640 -0.065001 0.012145
v 0.657703 -0.065010 0.596160
v 0.014092 -0.065001 0.013950
v -0.628971 0.065000 -0.570066
v 0.013521 0.064867 0.013379
v 0.657132 0.063539 0.595590
v 0.014640 0.064867 0.012145
v -0.570066 -0.065000 -0.628971
v 0.013950 -0.065001 0.014092
v 0.597005 -0.065001 0.658732
v 0.012989 -0.065001 0.015669
v -0.570066 0.065000 -0.628971
v 0.012145 0.064867 0.014640
v 0.595590 0.063539 0.657132
v 0.013379 0.064867 0.013521
v -0.505671 -0.065000 -0.681818
v 0.012834 -0.065001 0.015797
v 0.529604 -0.065001 0.714046
v 0.011100 -0.065001 0.016431
v -0.505671 0.065000 -0.681818
v 0.010652 0.064867 0.015760
v 0.528311 0.063539 0.712346
v 0.011989 0.064867 0.014768
v -0.436406 -0.065000 -0.728099
v 0.010933 -0.065001 0.016543
v 0.456394 -0.065010 0.761370
v 0.009055 -0.065001 0.016728
v -0.436406 0.065000 -0.728099
v 0.009056 0.064867 0.016728
v 0.455945 0.063539 0.760699
v 0.010484 0.064867 0.015872
v -0.362939 -0.065000 -0.767369
v 0.008878 -0.065001 0.016823
v 0.379497 -0.065010 0.802472
v 0.007681 -0.065001 0.018281
v -0.362939 0.065000 -0.767369
v 0.007372 0.064867 0.017535
v 0.379188 0.063539 0.801727
v 0.008878 0.064867 0.016823
v -0.285976 -0.065000 -0.799248
v 0.007495 -0.065001 0.018358
v 0.299323 -0.065001 0.836551
v 0.005852 -0.065001 0.018946
v -0.285976 0.065000 -0.799248
v 0.005618 0.064867 0.018173
v 0.298780 0.063539 0.835033
v 0.007186 0.064867 0.017612
v -0.206258 -0.065000 -0.823430
v 0.005660 -0.065001 0.019004
v 0.215885 -0.065010 0.861862
v 0.003967 -0.065001 0.019428
v -0.206258 0.065000 -0.823430
v 0.003810 0.064867 0.018636
v 0.215493 0.063539 0.860298
v 0.005425 0.064867 0.018232
v -0.124555 -0.065000 -0.839681
v 0.003770 -0.065001 0.019467
v 0.130368 -0.065001 0.878872
v 0.002044 -0.065001 0.019723
v -0.124555 0.065000 -0.839681
v 0.001965 0.064867 0.018920
v 0.130132 0.063539 0.877277
v 0.003612 0.064867 0.018676
v -0.041652 -0.065000 -0.847847
v 0.001843 -0.065001 0.019743
v 0.043596 -0.065010 0.887418
v 0.000101 -0.065001 0.019829
v -0.041652 0.065000 -0.847847
v 0.000101 0.064867 0.019021
v 0.043517 0.063539 0.885808
v 0.001764 0.064867 0.018940
v 0.041652 -0.065000 -0.847847
v -0.000101 -0.065001 0.019829
v -0.043647 -0.065001 0.887940
v -0.001895 -0.065001 0.020264
v 0.041652 0.065000 -0.847847
v -0.001764 0.064867 0.018940
v -0.043517 0.063539 0.885808
v -0.000101 0.064867 0.019021
v 0.124555 -0.065000 -0.839681
v -0.002095 -0.065001 0.020245
v -0.130420 -0.065001 0.879393
v -0.003770 -0.065001 0.019467
v 0.124555 0.065000 -0.839681
v -0.003612 0.064867 0.018676
v -0.130132 0.063539 0.877277
v -0.001965 0.064867 0.018920
v 0.206258 -0.065000 -0.823430
v -0.003967 -0.065001 0.019428
v -0.215651 -0.065010 0.861089
v -0.005425 -0.065001 0.018232
v 0.206258 0.065000 -0.823430
v -0.005425 0.064867 0.018232
v -0.215493 0.063539 0.860297
v -0.003810 0.064867 0.018636
v 0.285976 -0.065000 -0.799248
v -0.005618 -0.065001 0.018173
v -0.298780 -0.065010 0.835033
v -0.007186 -0.065001 0.017612
v 0.285975 0.065000 -0.799248
v -0.007186 0.064867 0.017612
v -0.298780 0.063539 0.835033
v -0.005618 0.064867 0.018173
v 0.362939 -0.065000 -0.767369
v -0.007372 -0.065001 0.017535
v -0.379569 -0.065010 0.802438
v -0.009258 -0.065001 0.017535
v 0.362939 0.065000 -0.767368
v -0.008878 0.064867 0.016823
v -0.379188 0.063539 0.801727
v -0.007372 0.064867 0.017535
v 0.436406 -0.065000 -0.728099
v -0.009436 -0.065001 0.017440
v -0.456774 -0.065001 0.762082
v -0.010933 -0.065001 0.016543
v 0.436406 0.065000 -0.728099
v -0.010484 0.064867 0.015872
v -0.455945 0.063539 0.760699
v -0.009056 0.064867 0.016728
v 0.505671 -0.065000 -0.681818
v -0.011100 -0.065001 0.016431
v -0.528760 -0.065010 0.713017
v -0.011989 -0.065001 0.014768
v 0.505671 0.065000 -0.681818
v -0.011989 0.064867 0.014768
v -0.528311 0.063539 0.712346
v -0.010652 0.064867 0.015760
v 0.570066 -0.065000 -0.628971
v -0.012145 -0.065001 0.014640
v -0.595590 -0.065010 0.657132
v -0.013379 -0.065001 0.013521
v 0.570066 0.065000 -0.628971
v -0.013379 0.064867 0.013521
v -0.595590 0.063539 0.657132
v -0.012145 0.064867 0.014640
v 0.628971 -0.065000 -0.570066
v -0.013521 -0.065001 0.013379
v -0.657132 -0.065010 0.595590
v -0.014640 -0.065001 0.012145
v 0.628971 0.065000 -0.570066
v -0.014640 0.064867 0.012145
v -0.657132 0.063539 0.595590
v -0.013521 0.064867 0.013379
v 0.681818 -0.065000 -0.505671
v -0.014768 -0.065001 0.011989
v -0.712345 -0.065010 0.528311
v -0.015760 -0.065001 0.010652
v 0.681818 0.065000 -0.505671
v -0.015760 0.064867 0.010652
v -0.712346 0.063539 0.528311
v -0.014768 0.064867 0.011989
v 0.728099 -0.065000 -0.436406
v -0.015872 -0.065001 0.010484
v -0.760699 -0.065010 0.455945
v -0.016728 -0.065001 0.009055
v 0.728099 0.065000 -0.436406
v -0.016728 0.064867 0.009056
v -0.760699 0.063539 0.455945
v -0.015872 0.064867 0.010484
v 0.767369 -0.065000 -0.362939
v -0.016823 -0.065001 0.008878
v -0.801727 -0.065010 0.379188
v -0.017535 -0.065001 0.007372
v 0.767369 0.065000 -0.362939
v -0.017535 0.064867 0.007372
v -0.801727 0.063539 0.379188
v -0.016823 0.064867 0.008878
v 0.799248 -0.065000 -0.285976
v -0.017612 -0.065001 0.007186
v -0.835033 -0.065010 0.298780
v -0.018173 -0.065001 0.005618
v 0.799248 0.065000 -0.285976
v -0.018173 0.064867 0.005618
v -0.835033 0.063539 0.298780
v -0.017612 0.064867 0.007186
v 0.823430 -0.065000 -0.206258
v -0.018232 -0.065001 0.005425
v -0.861089 -0.065010 0.215651
v -0.019428 -0.065001 0.003967
v 0.823430 0.065000 -0.206258
v -0.018636 0.064867 0.003810
v -0.860298 0.063539 0.215493
v -0.018232 0.064867 0.005425
v 0.839681 -0.065000 -0.124555
v -0.019467 -0.065001 0.003770
v -0.879393 -0.065001 0.130420
v -0.020245 -0.065001 0.002095
v 0.839681 0.065000 -0.124555
v -0.018920 0.064867 0.001965
v -0.877277 0.063539 0.130132
v -0.018676 0.064867 0.003612
v 0.847847 -0.065000 -0.041652
v -0.020264 -0.065001 0.001895
v -0.888464 -0.065001 0.043647
v -0.020353 -0.065001 0.000101
v 0.847847 0.065000 -0.041652
v -0.019021 0.064867 0.000101
v -0.885808 0.063539 0.043517
v -0.018940 0.064867 0.001764
v 0.847847 -0.065000 0.041652
v -0.020353 -0.065001 -0.000101
v -0.888464 -0.065001 -0.043647
v -0.020264 -0.065001 -0.001895
v 0.847847 0.065000 0.041652
v -0.018940 0.064867 -0.001764
v -0.885808 0.063539 -0.043517
v -0.019021 0.064867 -0.000101
v 0.839681 -0.065000 0.124555
v -0.020245 -0.065001 -0.002095
v -0.879907 -0.065001 -0.130522
v -0.019981 -0.065001 -0.003872
v 0.839681 0.065000 0.124555
v -0.018676 0.064867 -0.003612
v -0.877277 0.063539 -0.130132
v -0.018920 0.064867 -0.001965
v 0.823430 -0.065000 0.206258
v -0.019942 -0.065001 -0.004069
v -0.862877 -0.065001 -0.216139
v -0.019505 -0.065001 -0.005812
v 0.823430 0.065000 0.206258
v -0.018232 0.064867 -0.005425
v -0.860297 0.063539 -0.215493
v -0.018636 0.064867 -0.003810
v 0.799248 -0.065000 0.285976
v -0.019447 -0.065001 -0.006004
v -0.837536 -0.065001 -0.299675
v -0.018842 -0.065001 -0.007695
v 0.799248 0.065000 0.285975
v -0.017612 0.064867 -0.007186
v -0.835033 0.063539 -0.298780
v -0.018173 0.064867 -0.005618
v 0.767369 -0.065000 0.362939
v -0.018765 -0.065001 -0.007882
v -0.803668 -0.065001 -0.380078
v -0.017535 -0.065001 -0.009258
v 0.767368 0.065000 0.362939
v -0.016823 0.064867 -0.008878
v -0.801727 0.063539 -0.379188
v -0.017535 0.064867 -0.007372
v 0.728099 -0.065000 0.436406
v -0.017440 -0.065001 -0.009436
v -0.761411 -0.065010 -0.456326
v -0.015872 -0.065001 -0.010484
v 0.728099 0.065000 0.436406
v -0.015872 0.064867 -0.010484
v -0.760699 0.063539 -0.455945
v -0.016728 0.064867 -0.009056
v 0.681818 -0.065000 0.505671
v -0.015760 -0.065001 -0.010652
v -0.712970 -0.065010 -0.528824
v -0.015392 -0.065001 -0.012501
v 0.681818 0.065000 0.505671
v -0.014768 0.064867 -0.011989
v -0.712346 0.063539 -0.528311
v -0.015760 0.064867 -0.010652
v 0.628971 -0.065000 0.570066
v -0.015264 -0.065001 -0.012657
v -0.658327 -0.065001 -0.596672
v -0.014092 -0.065001 -0.013950
v 0.628971 0.065000 0.570066
v -0.013521 0.064867 -0.013379
v -0.657132 0.063539 -0.595590
v -0.014640 0.064867 -0.012145
v 0.570066 -0.065000 0.628971
v -0.013950 -0.065001 -0.014092
v -0.596160 -0.065010 -0.657703
v -0.012145 -0.065001 -0.014640
v 0.570066 0.065000 0.628971
v -0.012145 0.064867 -0.014640
v -0.595590 0.063539 -0.657132
v -0.013379 0.064867 -0.013521
v 0.505671 -0.065000 0.681818
v -0.011989 -0.065001 -0.014768
v -0.528311 -0.065010 -0.712345
v -0.010652 -0.065001 -0.015760
v 0.505671 0.065000 0.681818
v -0.010652 0.064867 -0.015760
v -0.528311 0.063539 -0.712346
v -0.011989 0.064867 -0.014768
v 0.436406 -0.065000 0.728099
v -0.010484 -0.065001 -0.015872
v -0.455945 -0.065010 -0.760699
v -0.009055 -0.065001 -0.016728
v 0.436406 0.065000 0.728099
v -0.009056 0.064867 -0.016728
v -0.455945 0.063539 -0.760699
v -0.010484 0.064867 -0.015872
v 0.362939 -0.065000 0.767369
v -0.008878 -0.065001 -0.016823
v -0.379188 -0.065010 -0.801727
v -0.007372 -0.065001 -0.017535
v 0.362939 0.065000 0.767369
v -0.007372 0.064867 -0.017535
v -0.379188 0.063539 -0.801727
v -0.008878 0.064867 -0.016823
v 0.285976 -0.065000 0.799248
v -0.007186 -0.065001 -0.017612
v -0.298780 -0.065010 -0.835033
v -0.005618 -0.065001 -0.018173
v 0.285976 0.065000 0.799248
v -0.005618 0.064867 -0.018173
v -0.298780 0.063539 -0.835033
v -0.007186 0.064867 -0.017612
v 0.206258 -0.065000 0.823430
v -0.005425 -0.065001 -0.018232
v -0.215493 -0.065010 -0.860297
v -0.003810 -0.065001 -0.018636
v 0.206258 0.065000 0.823430
v -0.003810 0.064867 -0.018636
v -0.215493 0.063539 -0.860298
v -0.005425 0.064867 -0.018232
v 0.124555 -0.065000 0.839681
v -0.003612 -0.065001 -0.018676
v -0.130132 -0.065010 -0.877277
v -0.001965 -0.065001 -0.018920
v 0.124555 0.065000 0.839681
v -0.001965 0.064867 -0.018920
v -0.130132 0.063539 -0.877277
v -0.003612 0.064867 -0.018676
v 0.041652 -0.065000 0.847847
v -0.001764 -0.065001 -0.018940
v -0.043517 -0.065010 -0.886615
v -0.000101 -0.065001 -0.019829
v 0.041652 0.065000 0.847847
v -0.000101 0.064867 -0.019021
v -0.043517 0.063539 -0.885808
v -0.001764 0.064867 -0.018940
vn -0.0000 0.1329 -0.9911
vn -0.0000 0.2611 -0.9653
vn 0.0474 0.2620 -0.9639
vn 0.0484 0.1595 -0.9860
vn -0.3934 0.8714 -0.2931
vn -0.2614 0.9610 -0.0898
vn 0.0133 0.9625 -0.2708
vn 0.4203 0.8714 -0.2531
vn 0.2689 0.9610 -0.0638
vn 0.0946 0.2611 -0.9607
vn 0.0972 0.1330 -0.9863
vn 0.1416 0.2620 -0.9546
vn 0.1448 0.1595 -0.9765
vn -0.3628 0.8714 -0.3302
vn -0.2513 0.9610 -0.1150
vn 0.0398 0.9625 -0.2682
vn 0.4430 0.8714 -0.2107
vn 0.2739 0.9610 -0.0371
vn 0.1883 0.2611 -0.9468
vn 0.1934 0.1329 -0.9721
vn 0.2345 0.2620 -0.9361
vn 0.2399 0.1595 -0.9576
vn -0.3287 0.8714 -0.3642
vn -0.2388 0.9610 -0.1391
vn 0.0659 0.9625 -0.2630
vn 0.4616 0.8714 -0.1663
vn 0.2762 0.9610 -0.0101
vn 0.2802 0.2611 -0.9238
vn 0.2877 0.1329 -0.9485
vn 0.3251 0.2620 -0.9086
vn 0.3326 0.1595 -0.9295
vn -0.2914 0.8714 -0.3947
vn -0.2240 0.9610 -0.1618
vn 0.0914 0.9625 -0.2553
vn 0.4756 0.8714 -0.1202
vn 0.2759 0.9610 0.0170
vn 0.3694 0.2611 -0.8918
vn 0.3793 0.1330 -0.9157
vn 0.4125 0.2626 -0.8723
vn 0.4226 0.1606 -0.8920
vn -0.2514 0.8714 -0.4213
vn -0.2071 0.9610 -0.1830
vn 0.1162 0.9625 -0.2450
vn 0.4858 0.8711 -0.0727
vn 0.2730 0.9610 0.0440
vn 0.4641 0.2531 -0.8489
vn 0.4756 0.1334 -0.8695
vn 0.4982 0.2455 -0.8316
vn 0.5134 0.1292 -0.8484
vn -0.2071 0.8709 -0.4457
vn -0.1880 0.9610 -0.2027
vn 0.1403 0.9619 -0.2345
vn 0.4902 0.8711 -0.0277
vn 0.2673 0.9611 0.0702
vn 0.5388 0.2453 -0.8059
vn 0.5521 0.1240 -0.8245
vn 0.5774 0.2456 -0.7786
vn 0.5911 0.1234 -0.7971
vn -0.1623 0.8712 -0.4634
vn -0.1672 0.9611 -0.2201
vn 0.1627 0.9620 -0.2193
vn 0.4906 0.8712 0.0208
vn 0.2591 0.9611 0.0961
vn 0.6151 0.2449 -0.7495
vn 0.6296 0.1231 -0.7671
vn 0.6510 0.2456 -0.7183
vn 0.6664 0.1234 -0.7353
vn -0.1161 0.8712 -0.4771
vn -0.1448 0.9611 -0.2354
vn 0.1834 0.9620 -0.2023
vn 0.4861 0.8712 0.0688
vn 0.2484 0.9611 0.1210
vn 0.6853 0.2453 -0.6857
vn 0.7010 0.1239 -0.7023
vn 0.7184 0.2455 -0.6508
vn 0.7320 0.1290 -0.6690
vn -0.0685 0.8712 -0.4862
vn -0.1210 0.9611 -0.2484
vn 0.2026 0.9619 -0.1834
vn 0.4775 0.8709 0.1162
vn 0.2354 0.9610 0.1448
vn 0.7420 0.2531 -0.6208
vn 0.7600 0.1332 -0.6361
vn 0.7750 0.2626 -0.5748
vn 0.7924 0.1606 -0.5885
vn -0.0235 0.8711 -0.4906
vn -0.0964 0.9610 -0.2591
vn 0.2176 0.9625 -0.1618
vn 0.4622 0.8714 0.1644
vn 0.2199 0.9610 0.1674
vn 0.8027 0.2611 -0.5363
vn 0.8241 0.1328 -0.5507
vn 0.8278 0.2620 -0.4961
vn 0.8467 0.1595 -0.5075
vn 0.0251 0.8714 -0.4900
vn -0.0705 0.9610 -0.2672
vn 0.2326 0.9625 -0.1394
vn 0.4439 0.8714 0.2088
vn 0.2024 0.9610 0.1882
vn 0.8513 0.2611 -0.4551
vn 0.8741 0.1328 -0.4672
vn 0.8724 0.2620 -0.4126
vn 0.8924 0.1595 -0.4221
vn 0.0730 0.8714 -0.4851
vn -0.0440 0.9610 -0.2729
vn 0.2451 0.9625 -0.1159
vn 0.4213 0.8714 0.2513
vn 0.1830 0.9610 0.2071
vn 0.8918 0.2611 -0.3694
vn 0.9157 0.1328 -0.3793
vn 0.9086 0.2620 -0.3251
vn 0.9295 0.1595 -0.3326
vn 0.1202 0.8714 -0.4756
vn -0.0170 0.9610 -0.2759
vn 0.2553 0.9625 -0.0914
vn 0.3947 0.8714 0.2914
vn 0.1618 0.9610 0.2240
vn 0.9238 0.2611 -0.2802
vn 0.9485 0.1329 -0.2877
vn 0.9361 0.2620 -0.2345
vn 0.9576 0.1595 -0.2399
vn 0.1663 0.8714 -0.4616
vn 0.0101 0.9610 -0.2762
vn 0.2630 0.9625 -0.0659
vn 0.3642 0.8714 0.3287
vn 0.1391 0.9610 0.2388
vn 0.9468 0.2611 -0.1883
vn 0.9721 0.1329 -0.1934
vn 0.9546 0.2620 -0.1416
vn 0.9765 0.1595 -0.1448
vn 0.2107 0.8714 -0.4430
vn 0.0371 0.9610 -0.2739
vn 0.2682 0.9625 -0.0398
vn 0.3302 0.8714 0.3628
vn 0.1150 0.9610 0.2513
vn 0.9607 0.2611 -0.0946
vn 0.9864 0.1329 -0.0971
vn 0.9639 0.2620 -0.0474
vn 0.9860 0.1595 -0.0484
vn 0.2531 0.8714 -0.4203
vn 0.0638 0.9610 -0.2689
vn 0.2708 0.9625 -0.0133
vn 0.2931 0.8714 0.3934
vn 0.0898 0.9610 0.2614
vn 0.9653 0.2611 -0.0000
vn 0.9911 0.1329 -0.0000
vn 0.9639 0.2620 0.0474
vn 0.9860 0.1595 0.0484
vn 0.2931 0.8714 -0.3934
vn 0.0898 0.9610 -0.2614
vn 0.2708 0.9625 0.0133
vn 0.2531 0.8714 0.4203
vn 0.0638 0.9610 0.2689
vn 0.9607 0.2611 0.0946
vn 0.9864 0.1329 0.0971
vn 0.9546 0.2620 0.1416
vn 0.9765 0.1595 0.1448
vn 0.3302 0.8714 -0.3628
vn 0.1150 0.9610 -0.2513
vn 0.2682 0.9625 0.0398
vn 0.2107 0.8714 0.4430
vn 0.0371 0.9610 0.2739
vn 0.9468 0.2611 0.1883
vn 0.9721 0.1330 0.1933
vn 0.9361 0.2620 0.2345
vn 0.9576 0.1595 0.2399
vn 0.3642 0.8714 -0.3287
vn 0.1391 0.9610 -0.2388
vn 0.2630 0.9625 0.0659
vn 0.1663 0.8714 0.4616
vn 0.0101 0.9610 0.2762
vn 0.9238 0.2611 0.2802
vn 0.9484 0.1330 0.2877
vn 0.9086 0.2620 0.3251
vn 0.9295 0.1595 0.3326
vn 0.3947 0.8714 -0.2914
vn 0.1618 0.9610 -0.2240
vn 0.2553 0.9625 0.0914
vn 0.1202 0.8714 0.4756
vn -0.0170 0.9610 0.2759
vn 0.8918 0.2611 0.3694
vn 0.9157 0.1329 0.3793
vn 0.8724 0.2620 0.4126
vn 0.8924 0.1595 0.4221
vn 0.4213 0.8714 -0.2513
vn 0.1830 0.9610 -0.2071
vn 0.2451 0.9625 0.1159
vn 0.0730 0.8714 0.4851
vn -0.0440 0.9610 0.2729
vn 0.8513 0.2611 0.4551
vn 0.8741 0.1328 0.4672
vn 0.8278 0.2620 0.4961
vn 0.8467 0.1595 0.5075
vn 0.4439 0.8714 -0.2088
vn 0.2024 0.9610 -0.1882
vn 0.2326 0.9625 0.1394
vn 0.0251 0.8714 0.4900
vn -0.0705 0.9610 0.2672
vn 0.8026 0.2611 0.5363
vn 0.8241 0.1328 0.5506
vn 0.7751 0.2620 0.5749
vn 0.7929 0.1595 0.5881
vn 0.4623 0.8714 -0.1643
vn 0.2199 0.9610 -0.1674
vn 0.2178 0.9625 0.1615
vn -0.0230 0.8714 0.4901
vn -0.0964 0.9610 0.2590
vn 0.7462 0.2611 0.6124
vn 0.7662 0.1328 0.6288
vn 0.7151 0.2620 0.6481
vn 0.7315 0.1595 0.6630
vn 0.4761 0.8714 -0.1182
vn 0.2353 0.9610 -0.1451
vn 0.2009 0.9625 0.1821
vn -0.0709 0.8714 0.4854
vn -0.1213 0.9610 0.2483
vn 0.6826 0.2611 0.6826
vn 0.7008 0.1329 0.7008
vn 0.6481 0.2620 0.7151
vn 0.6630 0.1595 0.7315
vn 0.4854 0.8714 -0.0709
vn 0.2483 0.9610 -0.1213
vn 0.1821 0.9625 0.2009
vn -0.1182 0.8714 0.4761
vn -0.1451 0.9610 0.2353
vn 0.6124 0.2611 0.7462
vn 0.6288 0.1330 0.7662
vn 0.5749 0.2620 0.7751
vn 0.5881 0.1595 0.7929
vn 0.4901 0.8714 -0.0230
vn 0.2590 0.9610 -0.0964
vn 0.1615 0.9625 0.2178
vn -0.1643 0.8714 0.4623
vn -0.1674 0.9610 0.2199
vn 0.5363 0.2611 0.8026
vn 0.5506 0.1329 0.8241
vn 0.4961 0.2620 0.8278
vn 0.5075 0.1595 0.8467
vn 0.4900 0.8714 0.0251
vn 0.2672 0.9610 -0.0705
vn 0.1394 0.9625 0.2326
vn -0.2088 0.8714 0.4439
vn -0.1882 0.9610 0.2024
vn 0.4551 0.2611 0.8513
vn 0.4672 0.1328 0.8741
vn 0.4126 0.2620 0.8724
vn 0.4221 0.1595 0.8924
vn 0.4851 0.8714 0.0730
vn 0.2729 0.9610 -0.0440
vn 0.1159 0.9625 0.2451
vn -0.2513 0.8714 0.4213
vn -0.2071 0.9610 0.1830
vn 0.3694 0.2611 0.8918
vn 0.3793 0.1329 0.9157
vn 0.3251 0.2620 0.9086
vn 0.3326 0.1595 0.9295
vn 0.4756 0.8714 0.1202
vn 0.2759 0.9610 -0.0170
vn 0.0914 0.9625 0.2553
vn -0.2914 0.8714 0.3947
vn -0.2240 0.9610 0.1618
vn 0.2802 0.2611 0.9238
vn 0.2877 0.1329 0.9485
vn 0.2345 0.2620 0.9361
vn 0.2399 0.1595 0.9576
vn 0.4616 0.8714 0.1663
vn 0.2762 0.9610 0.0101
vn 0.0659 0.9625 0.2630
vn -0.3287 0.8714 0.3642
vn -0.2388 0.9610 0.1391
vn 0.1883 0.2611 0.9468
vn 0.1934 0.1329 0.9721
vn 0.1416 0.2620 0.9546
vn 0.1448 0.1595 0.9765
vn 0.4430 0.8714 0.2107
vn 0.2739 0.9610 0.0371
vn 0.0398 0.9625 0.2682
vn -0.3628 0.8714 0.3302
vn -0.2513 0.9610 0.1150
vn 0.0946 0.2611 0.9607
vn 0.0971 0.1329 0.9864
vn 0.0474 0.2620 0.9639
vn 0.0484 0.1595 0.9860
vn 0.4203 0.8714 0.2531
vn 0.2689 0.9610 0.0638
vn 0.0133 0.9625 0.2708
vn -0.3934 0.8714 0.2931
vn -0.2614 0.9610 0.0898
vn -0.0000 0.2611 0.9653
vn -0.0000 0.1329 0.9911
vn -0.0474 0.2620 0.9639
vn -0.0484 0.1595 0.9860
vn 0.3934 0.8714 0.2931
vn 0.2614 0.9610 0.0898
vn -0.0133 0.9625 0.2708
vn -0.4203 0.8714 0.2531
vn -0.2689 0.9610 0.0638
vn -0.0946 0.2611 0.9607
vn -0.0972 0.1330 0.9863
vn -0.1416 0.2620 0.9546
vn -0.1448 0.1595 0.9765
vn 0.3628 0.8714 0.3302
vn 0.2513 0.9610 0.1150
vn -0.0398 0.9625 0.2682
vn -0.4430 0.8714 0.2107
vn -0.2739 0.9610 0.0371
vn -0.1883 0.2611 0.9468
vn -0.1934 0.1329 0.9721
vn -0.2345 0.2620 0.9361
vn -0.2399 0.1595 0.9576
vn 0.3287 0.8714 0.3642
vn 0.2388 0.9610 0.1391
vn -0.0659 0.9625 0.2630
vn -0.4616 0.8714 0.1663
vn -0.2762 0.9610 0.0101
vn -0.2802 0.2611 0.9238
vn -0.2877 0.1328 0.9485
vn -0.3251 0.2620 0.9086
vn -0.3326 0.1595 0.9295
vn 0.2914 0.8714 0.3947
vn 0.2240 0.9610 0.1618
vn -0.0914 0.9625 0.2553
vn -0.4756 0.8714 0.1202
vn -0.2759 0.9610 -0.0170
vn -0.3694 0.2611 0.8918
vn -0.3793 0.1328 0.9157
vn -0.4126 0.2620 0.8724
vn -0.4221 0.1595 0.8924
vn 0.2513 0.8714 0.4213
vn 0.2071 0.9610 0.1830
vn -0.1159 0.9625 0.2451
vn -0.4851 0.8714 0.0730
vn -0.2729 0.9610 -0.0440
vn -0.4551 0.2611 0.8513
vn -0.4672 0.1329 0.8741
vn -0.4961 0.2620 0.8278
vn -0.5075 0.1595 0.8467
vn 0.2088 0.8714 0.4439
vn 0.1882 0.9610 0.2024
vn -0.1394 0.9625 0.2326
vn -0.4900 0.8714 0.0251
vn -0.2672 0.9610 -0.0705
vn -0.5363 0.2611 0.8026
vn -0.5506 0.1329 0.8241
vn -0.5749 0.2620 0.7751
vn -0.5881 0.1595 0.7929
vn 0.1643 0.8714 0.4623
vn 0.1674 0.9610 0.2199
vn -0.1615 0.9625 0.2178
vn -0.4901 0.8714 -0.0230
vn -0.2590 0.9610 -0.0964
vn -0.6124 0.2611 0.7462
vn -0.6288 0.1328 0.7662
vn -0.6481 0.2620 0.7151
vn -0.6630 0.1595 0.7315
vn 0.1182 0.8714 0.4761
vn 0.1451 0.9610 0.2353
vn -0.1821 0.9625 0.2009
vn -0.4854 0.8714 -0.0709
vn -0.2483 0.9610 -0.1213
vn -0.6826 0.2611 0.6826
vn -0.7008 0.1328 0.7008
vn -0.7151 0.2620 0.6481
vn -0.7315 0.1595 0.6630
vn 0.0709 0.8714 0.4854
vn 0.1213 0.9610 0.2483
vn -0.2009 0.9625 0.1821
vn -0.4761 0.8714 -0.1182
vn -0.2353 0.9610 -0.1451
vn -0.7462 0.2611 0.6124
vn -0.7662 0.1328 0.6288
vn -0.7751 0.2620 0.5749
vn -0.7929 0.1595 0.5881
vn 0.0230 0.8714 0.4901
vn 0.0964 0.9610 0.2590
vn -0.2178 0.9625 0.1615
vn -0.4623 0.8714 -0.1643
vn -0.2199 0.9610 -0.1674
vn -0.8026 0.2611 0.5363
vn -0.8241 0.1328 0.5507
vn -0.8278 0.2620 0.4961
vn -0.8467 0.1595 0.5075
vn -0.0251 0.8714 0.4900
vn 0.0705 0.9610 0.2672
vn -0.2326 0.9625 0.1394
vn -0.4439 0.8714 -0.2088
vn -0.2024 0.9610 -0.1882
vn -0.8513 0.2611 0.4551
vn -0.8741 0.1328 0.4672
vn -0.8724 0.2620 0.4126
vn -0.8924 0.1595 0.4221
vn -0.0730 0.8714 0.4851
vn 0.0440 0.9610 0.2729
vn -0.2451 0.9625 0.1159
vn -0.4213 0.8714 -0.2513
vn -0.1830 0.9610 -0.2071
vn -0.8918 0.2611 0.3694
vn -0.9157 0.1328 0.3793
vn -0.9086 0.2620 0.3251
vn -0.9295 0.1595 0.3326
vn -0.1202 0.8714 0.4756
vn 0.0170 0.9610 0.2759
vn -0.2553 0.9625 0.0914
vn -0.3947 0.8714 -0.2914
vn -0.1618 0.9610 -0.2240
vn -0.9238 0.2611 0.2802
vn -0.9485 0.1328 0.2877
vn -0.9361 0.2620 0.2345
vn -0.9576 0.1595 0.2399
vn -0.1663 0.8714 0.4616
vn -0.0101 0.9610 0.2762
vn -0.2630 0.9625 0.0659
vn -0.3642 0.8714 -0.3287
vn -0.1391 0.9610 -0.2388
vn -0.9468 0.2611 0.1883
vn -0.9721 0.1329 0.1934
vn -0.9546 0.2620 0.1416
vn -0.9765 0.1595 0.1448
vn -0.2107 0.8714 0.4430
vn -0.0371 0.9610 0.2739
vn -0.2682 0.9625 0.0398
vn -0.3302 0.8714 -0.3628
vn -0.1150 0.9610 -0.2513
vn -0.9607 0.2611 0.0946
vn -0.9863 0.1330 0.0971
vn -0.9639 0.2620 0.0474
vn -0.9860 0.1595 0.0484
vn -0.2531 0.8714 0.4203
vn -0.0638 0.9610 0.2689
vn -0.2708 0.9625 0.0133
vn -0.2931 0.8714 -0.3934
vn -0.0898 0.9610 -0.2614
vn -0.9653 0.2611 -0.0000
vn -0.9911 0.1330 -0.0000
vn -0.9639 0.2620 -0.0474
vn -0.9860 0.1595 -0.0484
vn -0.2931 0.8714 0.3934
vn -0.0898 0.9610 0.2614
vn -0.2708 0.9625 -0.0133
vn -0.2531 0.8714 -0.4203
vn -0.0638 0.9610 -0.2689
vn -0.9607 0.2611 -0.0946
vn -0.9863 0.1330 -0.0971
vn -0.9546 0.2620 -0.1416
vn -0.9765 0.1595 -0.1448
vn -0.3302 0.8714 0.3628
vn -0.1150 0.9610 0.2513
vn -0.2682 0.9625 -0.0398
vn -0.2107 0.8714 -0.4430
vn -0.0371 0.9610 -0.2739
vn -0.9468 0.2611 -0.1883
vn -0.9721 0.1330 -0.1933
vn -0.9361 0.2620 -0.2345
vn -0.9576 0.1595 -0.2399
vn -0.3642 0.8714 0.3287
vn -0.1391 0.9610 0.2388
vn -0.2630 0.9625 -0.0659
vn -0.1663 0.8714 -0.4616
vn -0.0101 0.9610 -0.2762
vn -0.9238 0.2611 -0.2802
vn -0.9484 0.1330 -0.2877
vn -0.9086 0.2620 -0.3251
vn -0.9295 0.1595 -0.3326
vn -0.3947 0.8714 0.2914
vn -0.1618 0.9610 0.2240
vn -0.2553 0.9625 -0.0914
vn -0.1202 0.8714 -0.4756
vn 0.0170 0.9610 -0.2759
vn -0.8918 0.2611 -0.3694
vn -0.9157 0.1330 -0.3793
vn -0.8724 0.2620 -0.4126
vn -0.8924 0.1595 -0.4221
vn -0.4213 0.8714 0.2513
vn -0.1830 0.9610 0.2071
vn -0.2451 0.9625 -0.1159
vn -0.0730 0.8714 -0.4851
vn 0.0440 0.9610 -0.2729
vn -0.8513 0.2611 -0.4551
vn -0.8741 0.1329 -0.4672
vn -0.8278 0.2620 -0.4961
vn -0.8467 0.1595 -0.5075
vn -0.4439 0.8714 0.2088
vn -0.2024 0.9610 0.1882
vn -0.2326 0.9625 -0.1394
vn -0.0251 0.8714 -0.4900
vn 0.0705 0.9610 -0.2672
vn -0.8026 0.2611 -0.5363
vn -0.8241 0.1328 -0.5506
vn -0.7751 0.2620 -0.5749
vn -0.7929 0.1595 -0.5881
vn -0.4623 0.8714 0.1643
vn -0.2199 0.9610 0.1674
vn -0.2178 0.9625 -0.1615
vn 0.0230 0.8714 -0.4901
vn 0.0964 0.9610 -0.2590
vn -0.7462 0.2611 -0.6124
vn -0.7662 0.1329 -0.6288
vn -0.7151 0.2620 -0.6481
vn -0.7315 0.1595 -0.6630
vn -0.4761 0.8714 0.1182
vn -0.2353 0.9610 0.1451
vn -0.2009 0.9625 -0.1821
vn 0.0709 0.8714 -0.4854
vn 0.1213 0.9610 -0.2483
vn -0.6826 0.2611 -0.6826
vn -0.7008 0.1329 -0.7008
vn -0.6481 0.2620 -0.7151
vn -0.6630 0.1595 -0.7315
vn -0.4854 0.8714 0.0709
vn -0.2483 0.9610 0.1213
vn -0.1821 0.9625 -0.2009
vn 0.1182 0.8714 -0.4761
vn 0.1451 0.9610 -0.2353
vn -0.6124 0.2611 -0.7462
vn -0.6288 0.1328 -0.7662
vn -0.5749 0.2620 -0.7751
vn -0.5881 0.1595 -0.7929
vn -0.4901 0.8714 0.0230
vn -0.2590 0.9610 0.0964
vn -0.1615 0.9625 -0.2178
vn 0.1643 0.8714 -0.4623
vn 0.1674 0.9610 -0.2199
vn -0.5363 0.2611 -0.8026
vn -0.5506 0.1328 -0.8241
vn -0.4961 0.2626 -0.8276
vn -0.5069 0.1606 -0.8469
vn -0.4899 0.8714 -0.0250
vn -0.2672 0.9610 0.0705
vn -0.1391 0.9625 -0.2327
vn 0.2094 0.8711 -0.4443
vn 0.1882 0.9610 -0.2025
vn -0.4482 0.2535 -0.8572
vn -0.4593 0.1337 -0.8782
vn -0.4145 0.2455 -0.8763
vn -0.4237 0.1340 -0.8958
vn -0.4856 0.8709 -0.0757
vn -0.2729 0.9610 0.0437
vn -0.1170 0.9619 -0.2473
vn 0.2496 0.8709 -0.4234
vn 0.2069 0.9610 -0.1833
vn -0.3784 0.2535 -0.8903
vn -0.3874 0.1337 -0.9121
vn -0.3250 0.2626 -0.9085
vn -0.3331 0.1606 -0.9291
vn -0.4763 0.8711 -0.1200
vn -0.2760 0.9610 0.0171
vn -0.0917 0.9625 -0.2552
vn 0.2915 0.8714 -0.3946
vn 0.2241 0.9610 -0.1618
vn -0.2802 0.2611 -0.9238
vn -0.2877 0.1328 -0.9484
vn -0.2345 0.2620 -0.9361
vn -0.2399 0.1595 -0.9576
vn -0.4616 0.8714 -0.1663
vn -0.2762 0.9610 -0.0101
vn -0.0659 0.9625 -0.2630
vn 0.3287 0.8714 -0.3642
vn 0.2388 0.9610 -0.1391
vn -0.1883 0.2611 -0.9468
vn -0.1934 0.1328 -0.9721
vn -0.0000 1.0000 -0.0000
vn -0.1416 0.2620 -0.9546
vn -0.1448 0.1595 -0.9765
vn -0.4430 0.8714 -0.2107
vn -0.2739 0.9610 -0.0371
vn -0.0398 0.9625 -0.2682
vn 0.3628 0.8714 -0.3302
vn 0.2513 0.9610 -0.1150
vn -0.0946 0.2611 -0.9607
vn -0.0971 0.1328 -0.9864
vn -0.0474 0.2620 -0.9639
vn -0.0484 0.1595 -0.9860
vn -0.4203 0.8714 -0.2531
vn -0.2689 0.9610 -0.0638
vn -0.0133 0.9625 -0.2708
vn 0.3934 0.8714 -0.2931
vn 0.2614 0.9610 -0.0898
vn -0.0000 -1.0000 -0.0000
vn -0.0000 -1.0000 0.0004
vn -0.0107 -0.9949 -0.1000
vn -0.0138 -0.9937 -0.1113
vn -0.0005 -1.0000 0.0006
vn -0.0232 -0.9766 -0.2137
vn -0.0135 -0.9793 -0.2019
vn 0.0274 -0.9811 -0.1916
vn 0.0113 -0.9969 -0.0777
vn 0.0002 -1.0000 0.0004
vn -0.0506 -0.0040 -0.9987
vn -0.0513 -0.0001 -0.9987
vn -0.0491 -0.0000 -0.9988
vn -0.0492 -0.0036 -0.9988
vn -0.0505 0.0035 -0.9987
vn -0.0491 0.0034 -0.9988
vn -0.0477 0.0035 -0.9989
vn -0.0471 0.0003 -0.9989
vn -0.0479 -0.0032 -0.9988
vn 0.0001 -1.0000 0.0004
vn -0.0193 -0.9951 -0.0971
vn -0.0167 -0.9935 -0.1129
vn -0.0000 -1.0000 0.0003
vn -0.0410 -0.9777 -0.2060
vn -0.0305 -0.9781 -0.2057
vn -0.1482 -0.0042 -0.9889
vn -0.1489 -0.0001 -0.9888
vn -0.1467 -0.0000 -0.9892
vn -0.1467 -0.0042 -0.9892
vn -0.1482 0.0035 -0.9890
vn -0.1467 0.0035 -0.9892
vn -0.1453 0.0035 -0.9894
vn -0.1445 -0.0001 -0.9895
vn -0.1452 -0.0042 -0.9894
vn -0.0294 -0.9950 -0.0958
vn -0.0277 -0.9935 -0.1107
vn 0.0001 -1.0000 0.0003
vn -0.0624 -0.9772 -0.2030
vn -0.0505 -0.9781 -0.2017
vn -0.2445 -0.0042 -0.9697
vn -0.2451 -0.0001 -0.9695
vn -0.2430 -0.0000 -0.9700
vn -0.2430 -0.0043 -0.9700
vn -0.2444 0.0035 -0.9697
vn -0.2430 0.0035 -0.9700
vn -0.2416 0.0035 -0.9704
vn -0.2408 -0.0001 -0.9706
vn -0.2415 -0.0042 -0.9704
vn -0.0001 -1.0000 0.0001
vn -0.0835 -0.9827 -0.1650
vn -0.0508 -0.9912 -0.1219
vn -0.0023 -1.0000 0.0004
vn -0.1731 -0.9225 -0.3450
vn -0.0902 -0.9709 -0.2219
vn -0.3408 -0.0071 -0.9401
vn -0.3439 -0.0001 -0.9390
vn -0.3369 -0.0000 -0.9415
vn -0.3373 -0.0059 -0.9414
vn -0.3408 0.0058 -0.9401
vn -0.3373 0.0047 -0.9414
vn -0.3355 0.0037 -0.9420
vn -0.3348 -0.0001 -0.9423
vn -0.3355 -0.0044 -0.9420
vn 0.0001 -1.0000 -0.0000
vn -0.0746 -0.9827 -0.1693
vn -0.1186 -0.9607 -0.2508
vn -0.0017 -1.0000 -0.0036
vn -0.1569 -0.9225 -0.3527
vn -0.2105 -0.8705 -0.4450
vn -0.4507 -0.0469 -0.8915
vn -0.4448 -0.0047 -0.8956
vn -0.4275 -0.0045 -0.9040
vn -0.4274 -0.0264 -0.9037
vn -0.4102 -0.0047 -0.9120
vn -0.4032 -0.0469 -0.9139
vn 0.0002 -1.0000 0.0003
vn -0.0554 -0.9950 -0.0835
vn -0.0620 -0.9912 -0.1166
vn 0.0018 -1.0000 -0.0016
vn -0.1174 -0.9772 -0.1770
vn -0.1144 -0.9709 -0.2105
vn -0.5154 -0.0045 -0.8569
vn -0.5160 -0.0001 -0.8566
vn -0.5141 -0.0000 -0.8577
vn -0.5137 -0.0059 -0.8579
vn -0.5154 0.0038 -0.8570
vn -0.5137 0.0048 -0.8579
vn -0.5105 0.0058 -0.8598
vn -0.5077 -0.0001 -0.8615
vn -0.5105 -0.0071 -0.8598
vn 0.0003 -1.0000 0.0003
vn -0.0631 -0.9949 -0.0783
vn -0.0680 -0.9935 -0.0917
vn 0.0002 -1.0000 0.0002
vn -0.1347 -0.9766 -0.1675
vn -0.1239 -0.9781 -0.1670
vn -0.5969 -0.0042 -0.8023
vn -0.5975 -0.0001 -0.8019
vn -0.5957 -0.0000 -0.8032
vn -0.5957 -0.0043 -0.8032
vn -0.5969 0.0035 -0.8023
vn -0.5957 0.0035 -0.8032
vn -0.5945 0.0035 -0.8041
vn -0.5939 -0.0000 -0.8046
vn -0.5945 -0.0042 -0.8041
vn -0.0629 -0.9969 -0.0470
vn -0.0690 -0.9937 -0.0884
vn 0.0008 -1.0000 0.0001
vn -0.1549 -0.9811 -0.1161
vn -0.1332 -0.9793 -0.1523
vn -0.6724 -0.0032 -0.7402
vn -0.6730 0.0003 -0.7396
vn -0.6716 -0.0000 -0.7409
vn -0.6715 -0.0037 -0.7410
vn -0.6726 0.0035 -0.7400
vn -0.6716 0.0035 -0.7409
vn -0.6705 0.0035 -0.7419
vn -0.6699 -0.0001 -0.7425
vn -0.6704 -0.0040 -0.7420
vn 0.7410 -0.0002 0.6716
vn 0.7409 0.0001 0.6716
vn 0.7410 -0.0004 0.6716
vn 0.7410 0.0002 0.6716
vn 0.7410 0.0004 0.6715
vn 0.7409 -0.0000 0.6716
vn 0.7409 -0.0005 0.6716
vn -0.7417 -0.0030 -0.6707
vn -0.7423 0.0003 -0.6701
vn -0.7409 -0.0000 -0.6716
vn -0.7409 -0.0031 -0.6716
vn -0.7419 0.0035 -0.6705
vn -0.7409 0.0035 -0.6716
vn -0.7400 0.0035 -0.6726
vn -0.7396 0.0003 -0.6730
vn -0.7402 -0.0030 -0.6724
vn 0.0004 -1.0000 0.0002
vn -0.0849 -0.9948 -0.0567
vn -0.0948 -0.9937 -0.0600
vn 0.0002 -1.0000 0.0007
vn -0.1829 -0.9755 -0.1222
vn -0.1646 -0.9793 -0.1177
vn -0.1307 -0.9811 -0.1427
vn -0.0529 -0.9969 -0.0580
vn 0.0004 -1.0000 0.0001
vn -0.8041 -0.0040 -0.5945
vn -0.8045 -0.0001 -0.5939
vn -0.8032 -0.0000 -0.5957
vn -0.8033 -0.0037 -0.5956
vn -0.8041 0.0035 -0.5945
vn -0.8032 0.0035 -0.5957
vn -0.8024 0.0035 -0.5968
vn -0.8021 0.0003 -0.5972
vn -0.8025 -0.0032 -0.5966
vn -0.0739 -0.9969 -0.0267
vn -0.0917 -0.9937 -0.0646
vn 0.0008 -1.0000 -0.0001
vn -0.1819 -0.9811 -0.0662
vn -0.1717 -0.9793 -0.1070
vn -0.8583 -0.0032 -0.5131
vn -0.8587 0.0003 -0.5125
vn -0.8577 -0.0000 -0.5141
vn -0.8577 -0.0036 -0.5142
vn -0.8584 0.0035 -0.5129
vn -0.8577 0.0035 -0.5141
vn -0.8570 0.0035 -0.5154
vn -0.8566 -0.0001 -0.5160
vn -0.8569 -0.0040 -0.5154
vn 0.9040 0.0003 0.4276
vn 0.9040 -0.0000 0.4276
vn 0.9040 0.0002 0.4276
vn 0.9040 -0.0005 0.4276
vn 0.9040 -0.0002 0.4276
vn 0.9040 0.0001 0.4276
vn 0.9039 0.0003 0.4276
vn -0.9044 -0.0025 -0.4267
vn -0.9047 0.0005 -0.4260
vn -0.9040 -0.0000 -0.4276
vn -0.9040 -0.0027 -0.4276
vn -0.9046 0.0035 -0.4263
vn -0.9040 0.0035 -0.4276
vn -0.9034 0.0035 -0.4288
vn -0.9032 0.0003 -0.4293
vn -0.9035 -0.0029 -0.4286
vn 0.9415 0.0003 0.3369
vn 0.9415 -0.0000 0.3369
vn 0.9415 0.0002 0.3369
vn -0.9418 -0.0023 -0.3360
vn -0.9421 0.0005 -0.3353
vn -0.9415 -0.0000 -0.3369
vn -0.9415 -0.0024 -0.3369
vn -0.9420 0.0035 -0.3356
vn -0.9415 0.0035 -0.3369
vn -0.9411 0.0035 -0.3382
vn -0.9410 0.0004 -0.3385
vn -0.9412 -0.0024 -0.3378
vn 0.9700 0.0004 0.2430
vn 0.9700 -0.0000 0.2430
vn 0.9700 -0.0001 0.2430
vn 0.9700 0.0003 0.2430
vn 0.9700 -0.0002 0.2430
vn -0.9703 -0.0023 -0.2421
vn -0.9704 0.0005 -0.2413
vn -0.9700 -0.0000 -0.2430
vn -0.9700 -0.0023 -0.2430
vn -0.9704 0.0035 -0.2416
vn -0.9700 0.0035 -0.2430
vn -0.9697 0.0035 -0.2443
vn -0.9696 0.0005 -0.2447
vn -0.9698 -0.0023 -0.2439
vn 0.9892 0.0001 0.1467
vn 0.9892 -0.0000 0.1467
vn 0.9892 0.0005 0.1466
vn 0.9892 0.0004 0.1467
vn 0.9892 -0.0002 0.1467
vn 0.9892 -0.0007 0.1467
vn 0.9892 0.0003 0.1467
vn -0.9893 -0.0023 -0.1458
vn -0.9894 0.0005 -0.1450
vn -0.9892 -0.0000 -0.1467
vn -0.9892 -0.0023 -0.1467
vn -0.9894 0.0035 -0.1454
vn -0.9892 0.0035 -0.1467
vn -0.9890 0.0035 -0.1481
vn -0.9889 0.0005 -0.1484
vn -0.9890 -0.0023 -0.1476
vn 0.9988 0.0001 0.0491
vn 0.9988 -0.0000 0.0491
vn 0.9988 0.0002 0.0491
vn 0.9988 -0.0003 0.0491
vn 0.9988 -0.0002 0.0491
vn 0.9988 -0.0000 0.0490
vn -0.9988 -0.0023 -0.0482
vn -0.9989 0.0005 -0.0474
vn -0.9988 -0.0000 -0.0491
vn -0.9988 -0.0023 -0.0491
vn -0.9989 0.0035 -0.0477
vn -0.9988 0.0034 -0.0491
vn -0.9987 0.0035 -0.0504
vn -0.9987 0.0005 -0.0508
vn -0.9987 -0.0023 -0.0500
vn 0.9988 -0.0001 -0.0491
vn 0.9988 -0.0000 -0.0490
vn 0.9988 -0.0000 -0.0491
vn 0.9988 0.0002 -0.0491
vn 0.9988 -0.0002 -0.0491
vn 0.9988 -0.0003 -0.0491
vn 0.9988 0.0003 -0.0491
vn -0.9987 -0.0023 0.0500
vn -0.9987 0.0005 0.0508
vn -0.9988 -0.0000 0.0491
vn -0.9988 -0.0023 0.0491
vn -0.9987 0.0035 0.0504
vn -0.9988 0.0034 0.0491
vn -0.9989 0.0035 0.0477
vn -0.9989 0.0005 0.0474
vn -0.9988 -0.0023 0.0482
vn 0.9892 -0.0000 -0.1467
vn 0.9892 0.0002 -0.1467
vn 0.9892 0.0005 -0.1467
vn 0.9892 -0.0002 -0.1466
vn -0.9890 -0.0029 0.1479
vn -0.9889 0.0003 0.1486
vn -0.9892 -0.0000 0.1467
vn -0.9892 -0.0027 0.1468
vn -0.9890 0.0035 0.1481
vn -0.9892 0.0035 0.1467
vn -0.9894 0.0035 0.1454
vn -0.9894 0.0005 0.1450
vn -0.9893 -0.0024 0.1458
vn 0.0004 -1.0000 -0.0001
vn -0.0960 -0.9949 0.0300
vn -0.1065 -0.9937 0.0352
vn 0.0007 -1.0000 0.0003
vn -0.2051 -0.9766 0.0645
vn -0.1954 -0.9793 0.0526
vn -0.1933 -0.9811 0.0105
vn -0.0784 -0.9969 0.0041
vn 0.0003 -1.0000 -0.0002
vn -0.9697 -0.0040 0.2445
vn -0.9695 -0.0001 0.2451
vn -0.9700 -0.0000 0.2430
vn -0.9700 -0.0037 0.2431
vn -0.9697 0.0035 0.2444
vn -0.9700 0.0035 0.2430
vn -0.9704 0.0035 0.2416
vn -0.9705 0.0002 0.2411
vn -0.9703 -0.0032 0.2419
vn 0.0004 -1.0000 -0.0002
vn -0.0915 -0.9951 0.0379
vn -0.1074 -0.9935 0.0384
vn 0.0003 -1.0000 -0.0001
vn -0.1940 -0.9777 0.0804
vn -0.1958 -0.9781 0.0701
vn -0.9410 -0.0042 0.3383
vn -0.9408 -0.0001 0.3390
vn -0.9415 -0.0000 0.3369
vn -0.9415 -0.0042 0.3369
vn -0.9410 0.0035 0.3383
vn -0.9415 0.0034 0.3369
vn -0.9420 0.0034 0.3355
vn -0.9423 -0.0001 0.3348
vn -0.9420 -0.0041 0.3355
vn -0.0873 -0.9951 0.0467
vn -0.1032 -0.9935 0.0488
vn 0.0002 -1.0000 -0.0001
vn -0.1852 -0.9777 0.0990
vn -0.1880 -0.9781 0.0889
vn -0.9033 -0.0042 0.4289
vn -0.9030 -0.0001 0.4296
vn -0.9040 -0.0000 0.4276
vn -0.9040 -0.0042 0.4276
vn -0.9034 0.0035 0.4289
vn -0.9040 0.0034 0.4276
vn -0.9046 0.0035 0.4262
vn -0.9049 -0.0001 0.4255
vn -0.9046 -0.0042 0.4262
vn -0.0823 -0.9951 0.0550
vn -0.0979 -0.9935 0.0587
vn -0.1746 -0.9777 0.1167
vn -0.1783 -0.9781 0.1069
vn -0.8569 -0.0042 0.5154
vn -0.8566 -0.0001 0.5160
vn -0.8577 -0.0000 0.5141
vn -0.8577 -0.0042 0.5141
vn -0.8570 0.0035 0.5154
vn -0.8577 0.0035 0.5141
vn -0.8585 0.0035 0.5128
vn -0.8589 -0.0001 0.5122
vn -0.8585 -0.0042 0.5128
vn 0.0003 -1.0000 -0.0003
vn -0.0765 -0.9951 0.0628
vn -0.0917 -0.9935 0.0680
vn 0.0002 -1.0000 -0.0002
vn -0.1623 -0.9777 0.1332
vn -0.1670 -0.9781 0.1239
vn -0.8023 -0.0042 0.5969
vn -0.8019 -0.0001 0.5975
vn -0.8032 -0.0000 0.5957
vn -0.8032 -0.0043 0.5957
vn -0.8023 0.0035 0.5969
vn -0.8032 0.0035 0.5957
vn -0.8041 0.0035 0.5945
vn -0.8045 -0.0000 0.5939
vn -0.8041 -0.0042 0.5945
vn -0.0700 -0.9951 0.0700
vn -0.0846 -0.9935 0.0766
vn -0.1485 -0.9777 0.1485
vn -0.1541 -0.9781 0.1396
vn -0.7399 -0.0042 0.6727
vn -0.7394 -0.0001 0.6732
vn -0.7409 -0.0000 0.6716
vn -0.7409 -0.0042 0.6716
vn -0.7400 0.0035 0.6726
vn -0.7409 0.0035 0.6716
vn -0.7419 0.0035 0.6705
vn -0.7425 -0.0001 0.6699
vn -0.7420 -0.0042 0.6704
vn -0.0645 -0.9949 0.0772
vn -0.0766 -0.9935 0.0846
vn -0.1380 -0.9766 0.1648
vn -0.1396 -0.9781 0.1541
vn -0.6704 -0.0042 0.7420
vn -0.6699 -0.0001 0.7425
vn -0.6716 -0.0000 0.7409
vn -0.6716 -0.0042 0.7409
vn -0.6705 0.0035 0.7419
vn -0.6716 0.0035 0.7409
vn -0.6726 0.0035 0.7400
vn -0.6732 -0.0001 0.7394
vn -0.6727 -0.0042 0.7399
vn -0.0338 -0.9969 0.0709
vn -0.0733 -0.9937 0.0849
vn -0.0000 -1.0000 -0.0008
vn -0.0837 -0.9811 0.1746
vn -0.1234 -0.9793 0.1604
vn -0.5948 -0.0032 0.8039
vn -0.5942 0.0003 0.8043
vn -0.5957 -0.0000 0.8032
vn -0.5958 -0.0037 0.8031
vn -0.5946 0.0035 0.8040
vn -0.5957 0.0035 0.8032
vn -0.5969 0.0035 0.8023
vn -0.5975 -0.0001 0.8019
vn -0.5969 -0.0040 0.8023
vn 0.5141 -0.0001 -0.8577
vn 0.5141 -0.0000 -0.8577
vn 0.5141 0.0001 -0.8577
vn 0.5141 0.0004 -0.8577
vn 0.5141 -0.0004 -0.8577
vn -0.5131 -0.0030 0.8583
vn -0.5125 0.0003 0.8587
vn -0.5141 -0.0000 0.8577
vn -0.5141 -0.0031 0.8577
vn -0.5129 0.0035 0.8584
vn -0.5141 0.0035 0.8577
vn -0.5153 0.0035 0.8570
vn -0.5158 0.0003 0.8567
vn -0.5151 -0.0031 0.8571
vn 0.0002 -1.0000 -0.0004
vn -0.0377 -0.9949 0.0932
vn -0.0403 -0.9937 0.1046
vn 0.0007 -1.0000 -0.0003
vn -0.0803 -0.9766 0.1994
vn -0.0833 -0.9793 0.1844
vn -0.1145 -0.9811 0.1561
vn -0.0466 -0.9969 0.0632
vn -0.0000 -1.0000 -0.0004
vn -0.4262 -0.0041 0.9046
vn -0.4255 -0.0001 0.9049
vn -0.4276 -0.0000 0.9040
vn -0.4274 -0.0037 0.9040
vn -0.4262 0.0035 0.9046
vn -0.4276 0.0035 0.9040
vn -0.4288 0.0035 0.9034
vn -0.4293 0.0003 0.9032
vn -0.4286 -0.0032 0.9035
vn 0.0001 -1.0000 -0.0004
vn -0.0300 -0.9949 0.0960
vn -0.0384 -0.9935 0.1074
vn 0.0001 -1.0000 -0.0003
vn -0.0645 -0.9766 0.2051
vn -0.0701 -0.9781 0.1958
vn -0.3355 -0.0041 0.9420
vn -0.3348 -0.0001 0.9423
vn -0.3369 -0.0000 0.9415
vn -0.3369 -0.0042 0.9415
vn -0.3355 0.0034 0.9420
vn -0.3369 0.0034 0.9415
vn -0.3383 0.0035 0.9410
vn -0.3390 -0.0001 0.9408
vn -0.3383 -0.0042 0.9410
vn 0.0002 -1.0000 -0.0003
vn -0.0041 -0.9969 0.0784
vn -0.0352 -0.9937 0.1065
vn -0.0003 -1.0000 -0.0007
vn -0.0105 -0.9811 0.1933
vn -0.0526 -0.9793 0.1954
vn -0.2419 -0.0032 0.9703
vn -0.2411 0.0002 0.9705
vn -0.2430 -0.0000 0.9700
vn -0.2431 -0.0037 0.9700
vn -0.2416 0.0035 0.9704
vn -0.2430 0.0035 0.9700
vn -0.2444 0.0035 0.9697
vn -0.2452 -0.0001 0.9695
vn -0.2445 -0.0040 0.9696
vn 0.1467 0.0003 -0.9892
vn 0.1467 -0.0000 -0.9892
vn 0.1467 0.0004 -0.9892
vn 0.1467 -0.0004 -0.9892
vn 0.1467 -0.0006 -0.9892
vn 0.1467 -0.0008 -0.9892
vn 0.1467 0.0008 -0.9892
vn -0.1458 -0.0024 0.9893
vn -0.1450 0.0005 0.9894
vn -0.1467 -0.0000 0.9892
vn -0.1468 -0.0027 0.9892
vn -0.1454 0.0035 0.9894
vn -0.1467 0.0035 0.9892
vn -0.1481 0.0035 0.9890
vn -0.1486 0.0003 0.9889
vn -0.1479 -0.0029 0.9890
vn 0.0491 0.0004 -0.9988
vn 0.0491 -0.0000 -0.9988
vn 0.0491 0.0002 -0.9988
vn 0.0491 -0.0004 -0.9988
vn 0.0491 -0.0002 -0.9988
vn 0.0491 0.0001 -0.9988
vn 0.0490 -0.0000 -0.9988
vn -0.0479 -0.0029 0.9988
vn -0.0471 0.0003 0.9989
vn -0.0491 -0.0000 0.9988
vn -0.0490 -0.0027 0.9988
vn -0.0477 0.0035 0.9989
vn -0.0491 0.0034 0.9988
vn -0.0504 0.0035 0.9987
vn -0.0508 0.0005 0.9987
vn -0.0500 -0.0024 0.9987
vn 0.0205 -0.9967 0.0781
vn 0.0052 -0.9943 0.1064
vn -0.0000 -1.0000 -0.0009
vn 0.0508 -0.9795 0.1947
vn 0.0097 -0.9804 0.1969
vn -0.0314 -0.9795 0.1988
vn -0.0128 -0.9967 0.0797
vn -0.0001 -1.0000 -0.0004
vn 0.0502 -0.0030 0.9987
vn 0.0510 0.0003 0.9987
vn 0.0491 -0.0000 0.9988
vn 0.0491 -0.0030 0.9988
vn 0.0505 0.0035 0.9987
vn 0.0491 0.0034 0.9988
vn 0.0477 0.0035 0.9989
vn 0.0471 0.0003 0.9989
vn 0.0479 -0.0030 0.9988
vn -0.1466 0.0006 -0.9892
vn -0.1466 -0.0006 -0.9892
vn -0.1467 0.0003 -0.9892
vn -0.1467 -0.0003 -0.9892
vn 0.1479 -0.0030 0.9890
vn 0.1486 0.0003 0.9889
vn 0.1467 -0.0000 0.9892
vn 0.1467 -0.0030 0.9892
vn 0.1481 0.0035 0.9890
vn 0.1467 0.0035 0.9892
vn 0.1453 0.0035 0.9894
vn 0.1448 0.0003 0.9895
vn 0.1456 -0.0030 0.9893
vn 0.0354 -0.9967 0.0726
vn 0.0259 -0.9943 0.1034
vn -0.0002 -1.0000 -0.0009
vn 0.0878 -0.9795 0.1811
vn 0.0479 -0.9804 0.1913
vn 0.0080 -0.9795 0.2011
vn 0.0030 -0.9967 0.0806
vn -0.0002 -1.0000 -0.0003
vn 0.2441 -0.0030 0.9697
vn 0.2448 0.0003 0.9696
vn 0.2430 -0.0000 0.9700
vn 0.2430 -0.0031 0.9700
vn 0.2443 0.0035 0.9697
vn 0.2430 0.0035 0.9700
vn 0.2416 0.0035 0.9704
vn 0.2411 0.0002 0.9705
vn 0.2418 -0.0030 0.9703
vn -0.3369 -0.0003 -0.9416
vn -0.3369 -0.0000 -0.9416
vn -0.3369 0.0003 -0.9416
vn -0.3369 0.0003 -0.9415
vn 0.3380 -0.0031 0.9411
vn 0.3387 0.0002 0.9409
vn 0.3369 -0.0000 0.9415
vn 0.3369 -0.0031 0.9415
vn 0.3382 0.0035 0.9411
vn 0.3369 0.0034 0.9415
vn 0.3356 0.0035 0.9420
vn 0.3351 0.0003 0.9422
vn 0.3358 -0.0030 0.9419
vn -0.0002 -1.0000 -0.0004
vn 0.0481 -0.9948 0.0900
vn 0.0553 -0.9937 0.0976
vn 0.0002 -1.0000 -0.0007
vn 0.1037 -0.9755 0.1940
vn 0.0897 -0.9793 0.1814
vn 0.0480 -0.9811 0.1875
vn 0.0193 -0.9969 0.0761
vn -0.0003 -1.0000 -0.0003
vn 0.4289 -0.0040 0.9033
vn 0.4296 -0.0001 0.9030
vn 0.4276 -0.0000 0.9040
vn 0.4277 -0.0037 0.9039
vn 0.4289 0.0035 0.9034
vn 0.4276 0.0034 0.9040
vn 0.4263 0.0035 0.9046
vn 0.4258 0.0003 0.9048
vn 0.4265 -0.0032 0.9045
vn 0.0526 -0.9969 0.0584
vn 0.0504 -0.9937 0.1002
vn -0.0007 -1.0000 -0.0003
vn 0.1292 -0.9811 0.1441
vn 0.1010 -0.9793 0.1753
vn 0.5151 -0.0033 0.8571
vn 0.5158 0.0003 0.8567
vn 0.5141 -0.0000 0.8577
vn 0.5140 -0.0037 0.8578
vn 0.5153 0.0035 0.8570
vn 0.5141 0.0035 0.8577
vn 0.5128 0.0035 0.8585
vn 0.5122 -0.0001 0.8589
vn 0.5128 -0.0040 0.8585
vn -0.5957 0.0002 -0.8032
vn -0.5957 -0.0001 -0.8032
vn -0.5957 -0.0004 -0.8032
vn -0.5957 -0.0005 -0.8032
vn -0.5957 0.0006 -0.8032
vn 0.5964 -0.0024 0.8027
vn 0.5971 0.0005 0.8022
vn 0.5957 -0.0000 0.8032
vn 0.5956 -0.0027 0.8032
vn 0.5968 0.0035 0.8024
vn 0.5957 0.0035 0.8032
vn 0.5946 0.0035 0.8040
vn 0.5941 0.0003 0.8044
vn 0.5948 -0.0029 0.8039
vn -0.6716 -0.0002 -0.7409
vn -0.6716 -0.0000 -0.7410
vn -0.6715 -0.0003 -0.7410
vn -0.6716 0.0002 -0.7410
vn -0.6716 0.0001 -0.7410
vn 0.6724 -0.0029 0.7402
vn 0.6730 0.0003 0.7396
vn 0.6716 -0.0000 0.7409
vn 0.6716 -0.0027 0.7409
vn 0.6726 0.0035 0.7400
vn 0.6716 0.0035 0.7409
vn 0.6705 0.0035 0.7419
vn 0.6703 0.0005 0.7421
vn 0.6709 -0.0024 0.7416
vn 0.0783 -0.9949 0.0631
vn 0.0884 -0.9937 0.0690
vn -0.0001 -1.0000 -0.0008
vn 0.1675 -0.9766 0.1347
vn 0.1523 -0.9793 0.1332
vn 0.1161 -0.9811 0.1549
vn 0.0470 -0.9969 0.0629
vn -0.0004 -1.0000 -0.0001
vn 0.7420 -0.0040 0.6704
vn 0.7425 -0.0001 0.6699
vn 0.7410 -0.0037 0.6715
vn 0.7419 0.0035 0.6705
vn 0.7409 0.0035 0.6716
vn 0.7400 0.0035 0.6726
vn 0.7396 0.0003 0.6730
vn 0.7402 -0.0032 0.6724
vn -0.0003 -1.0000 -0.0002
vn 0.0823 -0.9951 0.0550
vn 0.0917 -0.9935 0.0680
vn -0.0002 -1.0000 -0.0002
vn 0.1746 -0.9777 0.1167
vn 0.1670 -0.9781 0.1239
vn 0.8041 -0.0042 0.5945
vn 0.8045 -0.0001 0.5939
vn 0.8032 -0.0000 0.5957
vn 0.8032 -0.0043 0.5957
vn 0.8041 0.0035 0.5945
vn 0.8032 0.0035 0.5957
vn 0.8023 0.0035 0.5969
vn 0.8019 -0.0001 0.5975
vn 0.8023 -0.0042 0.5969
vn -0.0004 -1.0000 -0.0002
vn 0.0883 -0.9949 0.0482
vn 0.0979 -0.9935 0.0587
vn -0.0002 -1.0000 -0.0001
vn 0.1886 -0.9766 0.1032
vn 0.1783 -0.9781 0.1069
vn 0.8585 -0.0042 0.5128
vn 0.8589 -0.0001 0.5122
vn 0.8577 -0.0000 0.5141
vn 0.8577 -0.0042 0.5141
vn 0.8585 0.0035 0.5129
vn 0.8577 0.0035 0.5141
vn 0.8570 0.0035 0.5154
vn 0.8566 -0.0001 0.5160
vn 0.8569 -0.0042 0.5154
vn 0.0761 -0.9969 0.0193
vn 0.0975 -0.9937 0.0553
vn -0.0007 -1.0000 0.0002
vn 0.1875 -0.9811 0.0480
vn 0.1814 -0.9793 0.0897
vn 0.9045 -0.0032 0.4265
vn 0.9048 0.0003 0.4258
vn 0.9039 -0.0037 0.4277
vn 0.9046 0.0035 0.4263
vn 0.9040 0.0035 0.4276
vn 0.9034 0.0035 0.4289
vn 0.9030 -0.0001 0.4296
vn 0.9033 -0.0040 0.4289
vn -0.9415 0.0003 -0.3369
vn -0.9415 0.0002 -0.3369
vn 0.9418 -0.0024 0.3360
vn 0.9421 0.0005 0.3353
vn 0.9415 -0.0027 0.3370
vn 0.9420 0.0035 0.3356
vn 0.9415 0.0035 0.3369
vn 0.9411 0.0035 0.3382
vn 0.9409 0.0002 0.3387
vn 0.9411 -0.0029 0.3380
vn -0.9700 0.0004 -0.2430
vn -0.9700 -0.0001 -0.2430
vn -0.9700 0.0003 -0.2430
vn -0.9700 -0.0002 -0.2430
vn 0.9703 -0.0023 0.2421
vn 0.9704 0.0005 0.2413
vn 0.9700 -0.0023 0.2430
vn 0.9704 0.0035 0.2416
vn 0.9700 0.0035 0.2430
vn 0.9697 0.0035 0.2443
vn 0.9696 0.0005 0.2447
vn 0.9698 -0.0023 0.2439
vn -0.9892 0.0001 -0.1467
vn -0.9892 0.0005 -0.1466
vn -0.9892 0.0004 -0.1467
vn -0.9892 -0.0002 -0.1467
vn -0.9892 -0.0007 -0.1467
vn -0.9892 0.0003 -0.1467
vn 0.9893 -0.0029 0.1456
vn 0.9895 0.0003 0.1448
vn 0.9892 -0.0027 0.1467
vn 0.9894 0.0035 0.1453
vn 0.9892 0.0035 0.1467
vn 0.9890 0.0035 0.1481
vn 0.9889 0.0005 0.1484
vn 0.9890 -0.0024 0.1476
vn 0.0797 -0.9967 -0.0128
vn 0.1064 -0.9943 0.0052
vn -0.0009 -1.0000 -0.0000
vn 0.1988 -0.9795 -0.0314
vn 0.1969 -0.9804 0.0097
vn 0.1947 -0.9795 0.0508
vn 0.0781 -0.9967 0.0205
vn -0.0004 -1.0000 0.0001
vn 0.9988 -0.0030 0.0479
vn 0.9989 0.0003 0.0471
vn 0.9988 -0.0030 0.0491
vn 0.9989 0.0035 0.0477
vn 0.9988 0.0034 0.0491
vn 0.9987 0.0035 0.0505
vn 0.9987 0.0003 0.0510
vn 0.9987 -0.0030 0.0502
vn -0.9988 -0.0001 0.0491
vn -0.9988 -0.0000 0.0490
vn -0.9988 0.0002 0.0491
vn -0.9988 -0.0002 0.0491
vn -0.9988 -0.0003 0.0491
vn -0.9988 0.0003 0.0491
vn 0.9987 -0.0030 -0.0502
vn 0.9987 0.0003 -0.0510
vn 0.9988 -0.0030 -0.0491
vn 0.9987 0.0035 -0.0505
vn 0.9988 0.0034 -0.0491
vn 0.9989 0.0035 -0.0477
vn 0.9989 0.0003 -0.0471
vn 0.9988 -0.0030 -0.0479
vn 0.0757 -0.9967 -0.0281
vn 0.1054 -0.9943 -0.0156
vn -0.0009 -1.0000 0.0001
vn 0.1888 -0.9795 -0.0696
vn 0.1950 -0.9804 -0.0289
vn 0.2009 -0.9795 0.0118
vn 0.0806 -0.9967 0.0049
vn -0.0003 -1.0000 0.0002
vn 0.9890 -0.0030 -0.1479
vn 0.9889 0.0003 -0.1486
vn 0.9892 -0.0031 -0.1467
vn 0.9890 0.0035 -0.1481
vn 0.9892 0.0035 -0.1467
vn 0.9894 0.0035 -0.1453
vn 0.9895 0.0003 -0.1448
vn 0.9893 -0.0030 -0.1456
vn -0.9700 0.0003 0.2430
vn -0.9700 0.0002 0.2430
vn -0.9700 -0.0001 0.2430
vn -0.9700 -0.0003 0.2430
vn 0.9697 -0.0030 -0.2441
vn 0.9696 0.0003 -0.2448
vn 0.9700 -0.0000 -0.2430
vn 0.9700 -0.0031 -0.2430
vn 0.9697 0.0035 -0.2443
vn 0.9700 0.0035 -0.2430
vn 0.9704 0.0035 -0.2416
vn 0.9705 0.0002 -0.2411
vn 0.9703 -0.0030 -0.2418
vn -0.0004 -1.0000 0.0002
vn 0.0926 -0.9949 -0.0393
vn 0.1025 -0.9937 -0.0455
vn 0.1978 -0.9766 -0.0843
vn 0.1893 -0.9793 -0.0715
vn 0.1913 -0.9811 -0.0294
vn 0.0777 -0.9969 -0.0118
vn 0.9410 -0.0040 -0.3383
vn 0.9408 -0.0001 -0.3390
vn 0.9415 -0.0000 -0.3369
vn 0.9415 -0.0036 -0.3370
vn 0.9410 0.0035 -0.3383
vn 0.9415 0.0034 -0.3369
vn 0.9420 0.0035 -0.3356
vn 0.9422 0.0003 -0.3351
vn 0.9419 -0.0032 -0.3358
vn 0.0873 -0.9951 -0.0467
vn 0.1032 -0.9935 -0.0488
vn -0.0002 -1.0000 0.0001
vn 0.1852 -0.9777 -0.0990
vn 0.1880 -0.9781 -0.0889
vn 0.9033 -0.0042 -0.4289
vn 0.9030 -0.0001 -0.4296
vn 0.9040 -0.0000 -0.4276
vn 0.9040 -0.0042 -0.4276
vn 0.9034 0.0035 -0.4289
vn 0.9040 0.0034 -0.4276
vn 0.9046 0.0035 -0.4262
vn 0.9049 -0.0001 -0.4255
vn 0.9046 -0.0042 -0.4262
vn 0.0831 -0.9950 -0.0560
vn 0.0979 -0.9935 -0.0587
vn 0.1762 -0.9772 -0.1186
vn 0.1783 -0.9781 -0.1069
vn 0.8569 -0.0042 -0.5154
vn 0.8566 -0.0001 -0.5160
vn 0.8577 -0.0000 -0.5141
vn 0.8577 -0.0042 -0.5141
vn 0.8570 0.0035 -0.5154
vn 0.8577 0.0035 -0.5141
vn 0.8585 0.0035 -0.5128
vn 0.8589 -0.0001 -0.5122
vn 0.8585 -0.0042 -0.5128
vn -0.0001 -1.0000 -0.0000
vn 0.1348 -0.9824 -0.1297
vn 0.1019 -0.9912 -0.0840
vn -0.0011 -1.0000 -0.0021
vn 0.2822 -0.9207 -0.2695
vn 0.1862 -0.9709 -0.1507
vn 0.8007 -0.0072 -0.5990
vn 0.7988 -0.0001 -0.6017
vn 0.8032 -0.0000 -0.5957
vn 0.8029 -0.0059 -0.5961
vn 0.8007 0.0058 -0.5990
vn 0.8030 0.0048 -0.5960
vn 0.8041 0.0037 -0.5945
vn 0.8045 -0.0000 -0.5939
vn 0.8041 -0.0045 -0.5945
vn 0.0050 -1.0000 -0.0051
vn 0.2167 -0.9535 -0.2095
vn 0.0016 -1.0000 -0.0058
vn 0.4011 -0.8226 -0.4031
vn 0.3841 -0.8458 -0.3702
vn 0.7061 -0.0016 -0.7081
vn 0.7061 -0.0003 -0.7081
vn 0.7345 -0.0024 -0.6786
vn 0.7352 -0.0147 -0.6777
vn 0.7523 -0.0046 -0.6588
vn 0.7570 -0.0466 -0.6518
vn 0.0046 -1.0000 -0.0056
vn 0.0045 -1.0000 -0.0049
vn 0.0041 -1.0000 -0.0045
vn 0.3630 -0.8201 -0.4424
vn 0.3835 -0.8209 -0.4232
vn 0.6344 -0.0000 -0.7730
vn 0.6716 -0.0000 -0.7410
vn 0.0043 -1.0000 -0.0056
vn 0.0040 -1.0000 -0.0054
vn 0.0036 -1.0000 -0.0049
vn 0.3258 -0.8161 -0.4773
vn 0.3260 -0.8160 -0.4773
vn 0.3402 -0.8209 -0.4587
vn 0.5571 -0.0006 -0.8305
vn 0.5570 0.0002 -0.8305
vn 0.5957 -0.0000 -0.8032
vn 0.0037 -1.0000 -0.0002
vn 0.0071 -1.0000 -0.0024
vn 0.0064 -1.0000 -0.0021
vn 0.3331 -0.7969 -0.5041
vn 0.5209 -0.6511 -0.5520
vn 0.3256 -0.8141 -0.4809
vn 0.3281 -0.8139 -0.4795
vn 0.4839 -0.0189 -0.8749
vn 0.4990 0.0008 -0.8666
vn 0.5230 0.0002 -0.8523
vn 0.5229 -0.0094 -0.8524
vn -0.4275 0.0006 0.9040
vn -0.4276 0.0001 0.9040
vn -0.4275 -0.0006 0.9040
vn -0.4275 -0.0000 0.9040
vn -0.4274 0.0003 0.9041
vn -0.4276 -0.0005 0.9040
vn 0.4267 -0.0026 -0.9044
vn 0.4260 0.0005 -0.9047
vn 0.4276 -0.0000 -0.9040
vn 0.4280 -0.0040 -0.9038
vn 0.4263 0.0037 -0.9046
vn 0.4279 0.0048 -0.9038
vn 0.4312 0.0058 -0.9022
vn 0.4338 0.0004 -0.9010
vn 0.4308 -0.0052 -0.9024
vn -0.3369 0.0003 0.9415
vn -0.3369 -0.0000 0.9416
vn -0.3370 0.0003 0.9415
vn -0.3369 -0.0003 0.9416
vn -0.3370 -0.0003 0.9415
vn -0.3369 0.0003 0.9416
vn -0.3369 -0.0003 0.9415
vn 0.3358 -0.0029 -0.9419
vn 0.3351 0.0003 -0.9422
vn 0.3369 -0.0000 -0.9415
vn 0.3368 -0.0027 -0.9416
vn 0.3356 0.0035 -0.9420
vn 0.3369 0.0034 -0.9415
vn 0.3382 0.0035 -0.9411
vn 0.3385 0.0004 -0.9410
vn 0.3378 -0.0025 -0.9412
vn -0.0002 -1.0000 0.0003
vn 0.0030 -0.9967 -0.0806
vn 0.0259 -0.9943 -0.1034
vn -0.0002 -1.0000 0.0009
vn 0.0080 -0.9795 -0.2011
vn 0.0479 -0.9804 -0.1913
vn 0.0878 -0.9795 -0.1811
vn 0.0354 -0.9967 -0.0726
vn 0.2418 -0.0030 -0.9703
vn 0.2411 0.0002 -0.9705
vn 0.2430 -0.0000 -0.9700
vn 0.2430 -0.0031 -0.9700
vn 0.2416 0.0035 -0.9704
vn 0.2430 0.0035 -0.9700
vn 0.2443 0.0035 -0.9697
vn 0.2448 0.0003 -0.9696
vn 0.2441 -0.0030 -0.9697
vn -0.1467 0.0003 0.9892
vn -0.1467 0.0004 0.9892
vn -0.1467 -0.0004 0.9892
vn -0.1467 -0.0006 0.9892
vn -0.1467 -0.0008 0.9892
vn -0.1467 0.0008 0.9892
vn 0.1458 -0.0024 -0.9893
vn 0.1450 0.0005 -0.9894
vn 0.1468 -0.0027 -0.9892
vn 0.1454 0.0035 -0.9894
vn 0.1467 0.0035 -0.9892
vn 0.1481 0.0035 -0.9890
vn 0.1486 0.0003 -0.9889
vn 0.1479 -0.0029 -0.9890
vn -0.0491 0.0004 0.9988
vn -0.0491 0.0002 0.9988
vn -0.0491 -0.0004 0.9988
vn -0.0491 -0.0002 0.9988
vn -0.0491 0.0001 0.9988
vn -0.0490 -0.0000 0.9988
vn 0.0479 -0.0029 -0.9988
vn 0.0471 0.0003 -0.9989
vn 0.0490 -0.0027 -0.9988
vn 0.0477 0.0035 -0.9989
vn 0.0491 0.0034 -0.9988
vn 0.0504 0.0035 -0.9987
vn 0.0508 0.0005 -0.9987
vn 0.0500 -0.0024 -0.9987
vn -0.0001 1.0000 -0.0000
vn -0.0002 1.0000 -0.0000
vn 0.0001 1.0000 -0.0000
vn 0.0002 1.0000 -0.0000
vn 0.0003 -1.0000 -0.0000
vn -0.0002 -1.0000 -0.0000
vn -0.0153 -0.9999 -0.0004
vn -0.0156 -0.9999 -0.0004
vn 0.0152 -0.9999 0.0011
vn 0.0156 -0.9999 0.0012
vn 0.0736 0.9973 0.0049
vn 0.0741 0.9972 0.0048
vn 0.0002 1.0000 -0.0046
vn -0.0738 0.9973 -0.0023
vn -0.0742 0.9972 -0.0025
vn 0.0002 -1.0000 -0.0000
vn -0.0003 -1.0000 -0.0001
vn -0.0152 -0.9999 -0.0018
vn -0.0155 -0.9999 -0.0019
vn 0.0150 -0.9999 0.0026
vn 0.0154 -0.9999 0.0027
vn 0.0728 0.9973 0.0121
vn 0.0733 0.9972 0.0121
vn 0.0007 1.0000 -0.0045
vn -0.0732 0.9973 -0.0096
vn -0.0737 0.9972 -0.0097
vn -0.0149 -0.9999 -0.0033
vn -0.0152 -0.9999 -0.0034
vn 0.0147 -0.9999 0.0041
vn 0.0150 -0.9999 0.0042
vn 0.0712 0.9973 0.0192
vn 0.0718 0.9972 0.0192
vn 0.0011 1.0000 -0.0044
vn -0.0719 0.9973 -0.0167
vn -0.0723 0.9972 -0.0169
vn -0.0001 1.0000 -0.0001
vn 0.0003 -1.0000 0.0001
vn -0.0145 -0.9999 -0.0048
vn -0.0148 -0.9999 -0.0049
vn 0.0142 -0.9999 0.0055
vn 0.0146 -0.9999 0.0056
vn 0.0691 0.9973 0.0261
vn 0.0695 0.9972 0.0261
vn 0.0015 1.0000 -0.0043
vn -0.0699 0.9973 -0.0237
vn -0.0703 0.9972 -0.0239
vn 0.0001 1.0000 0.0001
vn 0.0002 -1.0000 0.0001
vn -0.0001 -1.0000 -0.0001
vn -0.0140 -0.9999 -0.0062
vn -0.0143 -0.9999 -0.0063
vn 0.0136 -0.9999 0.0069
vn 0.0139 -0.9999 0.0070
vn 0.0662 0.9973 0.0327
vn 0.0667 0.9972 0.0328
vn 0.0020 1.0000 -0.0041
vn -0.0673 0.9973 -0.0304
vn -0.0676 0.9972 -0.0307
vn 0.0001 -1.0000 0.0001
vn -0.0005 -1.0000 -0.0003
vn -0.0133 -0.9999 -0.0075
vn -0.0136 -0.9999 -0.0077
vn 0.0129 -0.9999 0.0082
vn 0.0132 -0.9999 0.0084
vn 0.0626 0.9973 0.0390
vn 0.0631 0.9972 0.0392
vn 0.0023 1.0000 -0.0039
vn -0.0640 0.9973 -0.0368
vn -0.0643 0.9972 -0.0372
vn 0.0004 -1.0000 0.0003
vn -0.0004 -1.0000 -0.0003
vn -0.0125 -0.9999 -0.0088
vn -0.0128 -0.9999 -0.0090
vn 0.0120 -0.9999 0.0094
vn 0.0123 -0.9999 0.0096
vn 0.0585 0.9973 0.0450
vn 0.0590 0.9972 0.0452
vn 0.0027 1.0000 -0.0037
vn -0.0600 0.9973 -0.0429
vn -0.0604 0.9972 -0.0433
vn 0.0004 -1.0000 0.0004
vn -0.0004 -1.0000 -0.0004
vn -0.0116 -0.9999 -0.0100
vn -0.0118 -0.9999 -0.0102
vn 0.0110 -0.9999 0.0105
vn 0.0113 -0.9999 0.0108
vn 0.0538 0.9973 0.0505
vn 0.0542 0.9972 0.0508
vn 0.0031 1.0000 -0.0034
vn -0.0555 0.9973 -0.0486
vn -0.0558 0.9972 -0.0490
vn -0.0105 -0.9999 -0.0110
vn -0.0108 -0.9999 -0.0113
vn 0.0100 -0.9999 0.0116
vn 0.0102 -0.9999 0.0118
vn 0.0486 0.9973 0.0555
vn 0.0490 0.9972 0.0558
vn 0.0034 1.0000 -0.0031
vn -0.0505 0.9973 -0.0538
vn -0.0508 0.9972 -0.0542
vn 0.0003 -1.0000 0.0004
vn -0.0003 -1.0000 -0.0004
vn -0.0094 -0.9999 -0.0120
vn -0.0096 -0.9999 -0.0123
vn 0.0088 -0.9999 0.0125
vn 0.0090 -0.9999 0.0128
vn 0.0429 0.9973 0.0600
vn 0.0433 0.9972 0.0604
vn 0.0037 1.0000 -0.0027
vn -0.0450 0.9973 -0.0585
vn -0.0452 0.9972 -0.0590
vn 0.0003 -1.0000 0.0005
vn -0.0003 -1.0000 -0.0005
vn -0.0082 -0.9999 -0.0129
vn -0.0084 -0.9999 -0.0132
vn 0.0075 -0.9999 0.0133
vn 0.0077 -0.9999 0.0136
vn 0.0368 0.9973 0.0640
vn 0.0372 0.9972 0.0643
vn 0.0039 1.0000 -0.0023
vn -0.0390 0.9973 -0.0626
vn -0.0392 0.9972 -0.0631
vn -0.0000 1.0000 -0.0001
vn 0.0002 -1.0000 0.0005
vn -0.0002 -1.0000 -0.0005
vn -0.0069 -0.9999 -0.0136
vn -0.0070 -0.9999 -0.0139
vn 0.0062 -0.9999 0.0140
vn 0.0063 -0.9999 0.0143
vn 0.0304 0.9973 0.0673
vn 0.0307 0.9972 0.0676
vn 0.0041 1.0000 -0.0020
vn -0.0327 0.9973 -0.0662
vn -0.0328 0.9972 -0.0667
vn -0.0000 1.0000 0.0001
vn -0.0001 -1.0000 -0.0002
vn -0.0055 -0.9999 -0.0142
vn -0.0056 -0.9999 -0.0146
vn 0.0048 -0.9999 0.0145
vn 0.0049 -0.9999 0.0148
vn 0.0237 0.9973 0.0699
vn 0.0239 0.9972 0.0703
vn 0.0043 1.0000 -0.0015
vn -0.0261 0.9973 -0.0690
vn -0.0261 0.9972 -0.0695
vn -0.0000 -1.0000 0.0001
vn -0.0000 -1.0000 -0.0001
vn -0.0001 -1.0000 -0.0003
vn -0.0041 -0.9999 -0.0147
vn -0.0042 -0.9999 -0.0150
vn 0.0033 -0.9999 0.0149
vn 0.0034 -0.9999 0.0152
vn 0.0167 0.9973 0.0720
vn 0.0169 0.9972 0.0723
vn 0.0044 1.0000 -0.0011
vn -0.0192 0.9973 -0.0713
vn -0.0192 0.9972 -0.0718
vn -0.0000 1.0000 -0.0002
vn -0.0000 1.0000 0.0002
vn -0.0000 -1.0000 0.0002
vn 0.0001 -1.0000 0.0005
vn -0.0000 -1.0000 -0.0002
vn -0.0001 -1.0000 -0.0005
vn -0.0026 -0.9999 -0.0150
vn -0.0027 -0.9999 -0.0154
vn 0.0018 -0.9999 0.0152
vn 0.0019 -0.9999 0.0155
vn 0.0096 0.9973 0.0732
vn 0.0097 0.9972 0.0737
vn 0.0045 1.0000 -0.0007
vn -0.0121 0.9973 -0.0728
vn -0.0121 0.9972 -0.0733
vn -0.0000 -1.0000 -0.0003
vn -0.0011 -0.9999 -0.0152
vn -0.0012 -0.9999 -0.0156
vn 0.0004 -0.9999 0.0153
vn 0.0004 -0.9999 0.0156
vn 0.0023 0.9973 0.0738
vn 0.0025 0.9972 0.0743
vn 0.0046 1.0000 -0.0002
vn -0.0049 0.9973 -0.0736
vn -0.0048 0.9972 -0.0741
vn -0.0000 -1.0000 0.0005
vn -0.0000 -1.0000 -0.0005
vn 0.0004 -0.9999 -0.0153
vn 0.0004 -0.9999 -0.0156
vn -0.0011 -0.9999 0.0152
vn -0.0012 -0.9999 0.0156
vn -0.0049 0.9973 0.0736
vn -0.0048 0.9972 0.0741
vn 0.0046 1.0000 0.0002
vn 0.0023 0.9973 -0.0738
vn 0.0025 0.9972 -0.0743
vn 0.0018 -0.9999 -0.0152
vn 0.0019 -0.9999 -0.0155
vn -0.0026 -0.9999 0.0150
vn -0.0027 -0.9999 0.0154
vn -0.0121 0.9973 0.0728
vn -0.0121 0.9972 0.0733
vn 0.0045 1.0000 0.0007
vn 0.0096 0.9973 -0.0732
vn 0.0097 0.9972 -0.0737
vn -0.0001 -1.0000 0.0002
vn 0.0001 -1.0000 -0.0002
vn 0.0033 -0.9999 -0.0149
vn 0.0034 -0.9999 -0.0152
vn -0.0041 -0.9999 0.0147
vn -0.0042 -0.9999 0.0150
vn -0.0192 0.9973 0.0713
vn -0.0192 0.9972 0.0718
vn 0.0044 1.0000 0.0011
vn 0.0167 0.9973 -0.0719
vn 0.0169 0.9972 -0.0723
vn 0.0001 1.0000 -0.0001
vn 0.0048 -0.9999 -0.0145
vn 0.0049 -0.9999 -0.0148
vn -0.0055 -0.9999 0.0142
vn -0.0056 -0.9999 0.0146
vn -0.0261 0.9973 0.0691
vn -0.0261 0.9972 0.0695
vn 0.0043 1.0000 0.0015
vn 0.0237 0.9973 -0.0699
vn 0.0239 0.9972 -0.0703
vn -0.0001 1.0000 0.0001
vn -0.0002 -1.0000 0.0004
vn 0.0002 -1.0000 -0.0005
vn 0.0062 -0.9999 -0.0140
vn 0.0063 -0.9999 -0.0143
vn -0.0069 -0.9999 0.0136
vn -0.0070 -0.9999 0.0139
vn -0.0327 0.9973 0.0662
vn -0.0328 0.9972 0.0667
vn 0.0041 1.0000 0.0020
vn 0.0304 0.9973 -0.0673
vn 0.0307 0.9972 -0.0676
vn -0.0003 -1.0000 0.0005
vn 0.0003 -1.0000 -0.0005
vn 0.0075 -0.9999 -0.0133
vn 0.0077 -0.9999 -0.0136
vn -0.0082 -0.9999 0.0129
vn -0.0084 -0.9999 0.0132
vn -0.0390 0.9973 0.0626
vn -0.0392 0.9972 0.0631
vn 0.0039 1.0000 0.0023
vn 0.0368 0.9973 -0.0640
vn 0.0372 0.9972 -0.0643
vn -0.0003 -1.0000 0.0004
vn 0.0003 -1.0000 -0.0004
vn 0.0088 -0.9999 -0.0125
vn 0.0090 -0.9999 -0.0128
vn -0.0094 -0.9999 0.0120
vn -0.0096 -0.9999 0.0123
vn -0.0450 0.9973 0.0585
vn -0.0452 0.9972 0.0590
vn 0.0037 1.0000 0.0027
vn 0.0429 0.9973 -0.0600
vn 0.0433 0.9972 -0.0604
vn -0.0004 -1.0000 0.0004
vn 0.0001 -1.0000 -0.0001
vn 0.0100 -0.9999 -0.0116
vn 0.0102 -0.9999 -0.0118
vn -0.0105 -0.9999 0.0110
vn -0.0108 -0.9999 0.0113
vn -0.0505 0.9973 0.0538
vn -0.0508 0.9972 0.0542
vn 0.0034 1.0000 0.0031
vn 0.0486 0.9973 -0.0555
vn 0.0490 0.9972 -0.0558
vn -0.0002 -1.0000 0.0002
vn 0.0110 -0.9999 -0.0105
vn 0.0113 -0.9999 -0.0108
vn -0.0116 -0.9999 0.0100
vn -0.0118 -0.9999 0.0102
vn -0.0555 0.9973 0.0486
vn -0.0558 0.9972 0.0490
vn 0.0031 1.0000 0.0034
vn 0.0538 0.9973 -0.0505
vn 0.0542 0.9972 -0.0508
vn 0.0120 -0.9999 -0.0094
vn 0.0123 -0.9999 -0.0096
vn -0.0125 -0.9999 0.0088
vn -0.0128 -0.9999 0.0090
vn -0.0600 0.9973 0.0429
vn -0.0604 0.9972 0.0433
vn 0.0027 1.0000 0.0037
vn 0.0585 0.9973 -0.0450
vn 0.0590 0.9972 -0.0452
vn 0.0005 -1.0000 -0.0003
vn 0.0129 -0.9999 -0.0082
vn 0.0132 -0.9999 -0.0084
vn -0.0133 -0.9999 0.0075
vn -0.0136 -0.9999 0.0077
vn -0.0640 0.9973 0.0368
vn -0.0643 0.9972 0.0372
vn 0.0023 1.0000 0.0039
vn 0.0626 0.9973 -0.0390
vn 0.0631 0.9972 -0.0392
vn -0.0005 -1.0000 0.0002
vn 0.0136 -0.9999 -0.0069
vn 0.0139 -0.9999 -0.0070
vn -0.0140 -0.9999 0.0062
vn -0.0143 -0.9999 0.0063
vn -0.0673 0.9973 0.0304
vn -0.0676 0.9972 0.0307
vn 0.0020 1.0000 0.0041
vn 0.0662 0.9973 -0.0327
vn 0.0667 0.9972 -0.0328
vn -0.0003 -1.0000 0.0001
vn 0.0142 -0.9999 -0.0055
vn 0.0146 -0.9999 -0.0056
vn -0.0145 -0.9999 0.0048
vn -0.0148 -0.9999 0.0049
vn -0.0699 0.9973 0.0237
vn -0.0703 0.9972 0.0239
vn 0.0015 1.0000 0.0043
vn 0.0690 0.9973 -0.0261
vn 0.0695 0.9972 -0.0261
vn 0.0147 -0.9999 -0.0041
vn 0.0150 -0.9999 -0.0042
vn -0.0149 -0.9999 0.0033
vn -0.0152 -0.9999 0.0034
vn -0.0720 0.9973 0.0167
vn -0.0723 0.9972 0.0169
vn 0.0011 1.0000 0.0044
vn 0.0713 0.9973 -0.0192
vn 0.0718 0.9972 -0.0192
vn 0.0150 -0.9999 -0.0026
vn 0.0154 -0.9999 -0.0027
vn -0.0152 -0.9999 0.0018
vn -0.0155 -0.9999 0.0019
vn -0.0732 0.9973 0.0096
vn -0.0737 0.9972 0.0097
vn 0.0007 1.0000 0.0045
vn 0.0728 0.9973 -0.0121
vn 0.0733 0.9972 -0.0121
vn -0.0005 -1.0000 -0.0000
vn 0.0005 -1.0000 -0.0000
vn 0.0152 -0.9999 -0.0011
vn 0.0156 -0.9999 -0.0012
vn -0.0153 -0.9999 0.0004
vn -0.0156 -0.9999 0.0004
vn -0.0738 0.9973 0.0023
vn -0.0742 0.9972 0.0025
vn 0.0002 1.0000 0.0046
vn 0.0736 0.9973 -0.0049
vn 0.0741 0.9972 -0.0048
vn -0.0003 -1.0000 -0.0000
vn 0.0153 -0.9999 0.0004
vn 0.0156 -0.9999 0.0004
vn -0.0152 -0.9999 -0.0011
vn -0.0156 -0.9999 -0.0012
vn -0.0736 0.9973 -0.0049
vn -0.0741 0.9972 -0.0048
vn -0.0002 1.0000 0.0046
vn 0.0738 0.9973 0.0023
vn 0.0742 0.9972 0.0025
vn 0.0152 -0.9999 0.0018
vn 0.0155 -0.9999 0.0019
vn -0.0150 -0.9999 -0.0026
vn -0.0154 -0.9999 -0.0027
vn -0.0728 0.9973 -0.0121
vn -0.0733 0.9972 -0.0121
vn -0.0007 1.0000 0.0045
vn 0.0732 0.9973 0.0096
vn 0.0737 0.9972 0.0097
vn 0.0005 -1.0000 0.0001
vn 0.0149 -0.9999 0.0033
vn 0.0152 -0.9999 0.0034
vn -0.0147 -0.9999 -0.0041
vn -0.0150 -0.9999 -0.0042
vn -0.0712 0.9973 -0.0192
vn -0.0718 0.9972 -0.0192
vn -0.0011 1.0000 0.0044
vn 0.0719 0.9973 0.0167
vn 0.0723 0.9972 0.0169
vn -0.0005 -1.0000 -0.0002
vn 0.0005 -1.0000 0.0002
vn 0.0145 -0.9999 0.0048
vn 0.0148 -0.9999 0.0049
vn -0.0142 -0.9999 -0.0055
vn -0.0146 -0.9999 -0.0056
vn -0.0691 0.9973 -0.0261
vn -0.0695 0.9972 -0.0261
vn -0.0015 1.0000 0.0043
vn 0.0699 0.9973 0.0237
vn 0.0703 0.9972 0.0239
vn 0.0140 -0.9999 0.0062
vn 0.0143 -0.9999 0.0063
vn -0.0136 -0.9999 -0.0069
vn -0.0139 -0.9999 -0.0070
vn -0.0662 0.9973 -0.0327
vn -0.0667 0.9972 -0.0328
vn -0.0020 1.0000 0.0041
vn 0.0673 0.9973 0.0304
vn 0.0676 0.9972 0.0307
vn 0.0003 -1.0000 0.0002
vn 0.0133 -0.9999 0.0075
vn 0.0136 -0.9999 0.0077
vn -0.0129 -0.9999 -0.0082
vn -0.0132 -0.9999 -0.0084
vn -0.0626 0.9973 -0.0390
vn -0.0631 0.9972 -0.0392
vn -0.0023 1.0000 0.0039
vn 0.0640 0.9973 0.0368
vn 0.0643 0.9972 0.0372
vn 0.0125 -0.9999 0.0088
vn 0.0128 -0.9999 0.0090
vn -0.0120 -0.9999 -0.0094
vn -0.0123 -0.9999 -0.0096
vn -0.0585 0.9973 -0.0450
vn -0.0590 0.9972 -0.0452
vn -0.0027 1.0000 0.0037
vn 0.0600 0.9973 0.0429
vn 0.0604 0.9972 0.0433
vn 0.0116 -0.9999 0.0100
vn 0.0118 -0.9999 0.0102
vn -0.0110 -0.9999 -0.0105
vn -0.0113 -0.9999 -0.0108
vn -0.0538 0.9973 -0.0505
vn -0.0542 0.9972 -0.0508
vn -0.0031 1.0000 0.0034
vn 0.0555 0.9973 0.0486
vn 0.0558 0.9972 0.0490
vn 0.0105 -0.9999 0.0110
vn 0.0108 -0.9999 0.0113
vn -0.0100 -0.9999 -0.0116
vn -0.0102 -0.9999 -0.0118
vn -0.0486 0.9973 -0.0555
vn -0.0490 0.9972 -0.0558
vn -0.0034 1.0000 0.0031
vn 0.0505 0.9973 0.0538
vn 0.0508 0.9972 0.0542
vn 0.0094 -0.9999 0.0120
vn 0.0096 -0.9999 0.0123
vn -0.0088 -0.9999 -0.0125
vn -0.0090 -0.9999 -0.0128
vn -0.0429 0.9973 -0.0600
vn -0.0433 0.9972 -0.0604
vn -0.0037 1.0000 0.0027
vn 0.0450 0.9973 0.0585
vn 0.0452 0.9972 0.0590
vn 0.0082 -0.9999 0.0129
vn 0.0084 -0.9999 0.0132
vn -0.0075 -0.9999 -0.0133
vn -0.0077 -0.9999 -0.0136
vn -0.0368 0.9973 -0.0640
vn -0.0372 0.9972 -0.0643
vn -0.0039 1.0000 0.0023
vn 0.0390 0.9973 0.0626
vn 0.0392 0.9972 0.0631
vn 0.0069 -0.9999 0.0136
vn 0.0070 -0.9999 0.0139
vn -0.0062 -0.9999 -0.0140
vn -0.0063 -0.9999 -0.0143
vn -0.0304 0.9973 -0.0673
vn -0.0307 0.9972 -0.0676
vn -0.0041 1.0000 0.0020
vn 0.0327 0.9973 0.0662
vn 0.0328 0.9972 0.0667
vn 0.0055 -0.9999 0.0142
vn 0.0056 -0.9999 0.0146
vn -0.0048 -0.9999 -0.0145
vn -0.0049 -0.9999 -0.0148
vn -0.0237 0.9973 -0.0699
vn -0.0239 0.9972 -0.0703
vn -0.0043 1.0000 0.0015
vn 0.0261 0.9973 0.0690
vn 0.0261 0.9972 0.0695
vn 0.0041 -0.9999 0.0147
vn 0.0042 -0.9999 0.0150
vn -0.0033 -0.9999 -0.0149
vn -0.0034 -0.9999 -0.0152
vn -0.0167 0.9973 -0.0720
vn -0.0169 0.9972 -0.0723
vn -0.0044 1.0000 0.0011
vn 0.0192 0.9973 0.0713
vn 0.0192 0.9972 0.0718
vn 0.0026 -0.9999 0.0150
vn 0.0027 -0.9999 0.0154
vn -0.0018 -0.9999 -0.0152
vn -0.0019 -0.9999 -0.0155
vn -0.0096 0.9973 -0.0732
vn -0.0097 0.9972 -0.0737
vn -0.0045 1.0000 0.0007
vn 0.0121 0.9973 0.0728
vn 0.0121 0.9972 0.0733
vn 0.0011 -0.9999 0.0152
vn 0.0012 -0.9999 0.0156
vn -0.0004 -0.9999 -0.0153
vn -0.0004 -0.9999 -0.0156
vn -0.0023 0.9973 -0.0738
vn -0.0025 0.9972 -0.0743
vn -0.0046 1.0000 0.0002
vn 0.0049 0.9973 0.0736
vn 0.0048 0.9972 0.0741
vn -0.0004 -0.9999 0.0153
vn -0.0004 -0.9999 0.0156
vn 0.0011 -0.9999 -0.0152
vn 0.0012 -0.9999 -0.0156
vn 0.0049 0.9973 -0.0736
vn 0.0048 0.9972 -0.0741
vn -0.0046 1.0000 -0.0002
vn -0.0023 0.9973 0.0738
vn -0.0025 0.9972 0.0743
vn -0.0018 -0.9999 0.0152
vn -0.0019 -0.9999 0.0155
vn 0.0026 -0.9999 -0.0150
vn 0.0027 -0.9999 -0.0154
vn 0.0121 0.9973 -0.0728
vn 0.0121 0.9972 -0.0733
vn -0.0045 1.0000 -0.0007
vn -0.0096 0.9973 0.0732
vn -0.0097 0.9972 0.0737
vn -0.0033 -0.9999 0.0149
vn -0.0034 -0.9999 0.0152
vn 0.0041 -0.9999 -0.0147
vn 0.0042 -0.9999 -0.0150
vn 0.0192 0.9973 -0.0713
vn 0.0192 0.9972 -0.0718
vn -0.0044 1.0000 -0.0011
vn -0.0167 0.9973 0.0719
vn -0.0169 0.9972 0.0723
vn -0.0048 -0.9999 0.0145
vn -0.0049 -0.9999 0.0148
vn 0.0055 -0.9999 -0.0142
vn 0.0056 -0.9999 -0.0146
vn 0.0261 0.9973 -0.0691
vn 0.0261 0.9972 -0.0695
vn -0.0043 1.0000 -0.0015
vn -0.0237 0.9973 0.0699
vn -0.0239 0.9972 0.0703
vn -0.0001 -1.0000 0.0003
vn -0.0062 -0.9999 0.0140
vn -0.0063 -0.9999 0.0143
vn 0.0069 -0.9999 -0.0136
vn 0.0070 -0.9999 -0.0139
vn 0.0327 0.9973 -0.0662
vn 0.0328 0.9972 -0.0667
vn -0.0041 1.0000 -0.0020
vn -0.0304 0.9973 0.0673
vn -0.0307 0.9972 0.0676
vn -0.0075 -0.9999 0.0133
vn -0.0077 -0.9999 0.0136
vn 0.0082 -0.9999 -0.0129
vn 0.0084 -0.9999 -0.0132
vn 0.0390 0.9973 -0.0626
vn 0.0392 0.9972 -0.0631
vn -0.0039 1.0000 -0.0023
vn -0.0368 0.9973 0.0640
vn -0.0372 0.9972 0.0643
vn -0.0088 -0.9999 0.0125
vn -0.0090 -0.9999 0.0128
vn 0.0094 -0.9999 -0.0120
vn 0.0096 -0.9999 -0.0123
vn 0.0450 0.9973 -0.0585
vn 0.0452 0.9972 -0.0590
vn -0.0037 1.0000 -0.0027
vn -0.0429 0.9973 0.0600
vn -0.0433 0.9972 0.0604
vn -0.0100 -0.9999 0.0116
vn -0.0102 -0.9999 0.0118
vn 0.0105 -0.9999 -0.0110
vn 0.0108 -0.9999 -0.0113
vn 0.0505 0.9973 -0.0538
vn 0.0508 0.9972 -0.0542
vn -0.0034 1.0000 -0.0031
vn -0.0486 0.9973 0.0555
vn -0.0490 0.9972 0.0558
vn -0.0110 -0.9999 0.0105
vn -0.0113 -0.9999 0.0108
vn 0.0116 -0.9999 -0.0100
vn 0.0118 -0.9999 -0.0102
vn 0.0555 0.9973 -0.0486
vn 0.0558 0.9972 -0.0490
vn -0.0031 1.0000 -0.0034
vn -0.0538 0.9973 0.0505
vn -0.0542 0.9972 0.0508
vn 0.0004 -1.0000 -0.0003
vn -0.0004 -1.0000 0.0003
vn -0.0120 -0.9999 0.0094
vn -0.0123 -0.9999 0.0096
vn 0.0125 -0.9999 -0.0088
vn 0.0128 -0.9999 -0.0090
vn 0.0600 0.9973 -0.0429
vn 0.0604 0.9972 -0.0433
vn -0.0027 1.0000 -0.0037
vn -0.0585 0.9973 0.0450
vn -0.0590 0.9972 0.0452
vn -0.0005 -1.0000 0.0003
vn -0.0129 -0.9999 0.0082
vn -0.0132 -0.9999 0.0084
vn 0.0133 -0.9999 -0.0075
vn 0.0136 -0.9999 -0.0077
vn 0.0640 0.9973 -0.0368
vn 0.0643 0.9972 -0.0372
vn -0.0023 1.0000 -0.0039
vn -0.0626 0.9973 0.0390
vn -0.0631 0.9972 0.0392
vn 0.0005 -1.0000 -0.0002
vn -0.0136 -0.9999 0.0069
vn -0.0139 -0.9999 0.0070
vn 0.0140 -0.9999 -0.0062
vn 0.0143 -0.9999 -0.0063
vn 0.0673 0.9973 -0.0304
vn 0.0676 0.9972 -0.0307
vn -0.0020 1.0000 -0.0041
vn -0.0662 0.9973 0.0327
vn -0.0667 0.9972 0.0328
vn -0.0142 -0.9999 0.0055
vn -0.0146 -0.9999 0.0056
vn 0.0145 -0.9999 -0.0048
vn 0.0148 -0.9999 -0.0049
vn 0.0699 0.9973 -0.0237
vn 0.0703 0.9972 -0.0239
vn -0.0015 1.0000 -0.0043
vn -0.0690 0.9973 0.0261
vn -0.0695 0.9972 0.0261
vn 0.0005 -1.0000 -0.0001
vn -0.0005 -1.0000 0.0001
vn -0.0147 -0.9999 0.0041
vn -0.0150 -0.9999 0.0042
vn 0.0149 -0.9999 -0.0033
vn 0.0152 -0.9999 -0.0034
vn 0.0720 0.9973 -0.0167
vn 0.0723 0.9972 -0.0169
vn -0.0011 1.0000 -0.0044
vn -0.0713 0.9973 0.0192
vn -0.0718 0.9972 0.0192
vn -0.0150 -0.9999 0.0026
vn -0.0154 -0.9999 0.0027
vn 0.0152 -0.9999 -0.0018
vn 0.0155 -0.9999 -0.0019
vn 0.0732 0.9973 -0.0096
vn 0.0737 0.9972 -0.0097
vn -0.0007 1.0000 -0.0045
vn -0.0728 0.9973 0.0121
vn -0.0733 0.9972 0.0121
vn -0.0152 -0.9999 0.0011
vn -0.0156 -0.9999 0.0012
vn 0.0153 -0.9999 -0.0004
vn 0.0156 -0.9999 -0.0004
vn 0.0738 0.9973 -0.0023
vn 0.0742 0.9972 -0.0025
vn -0.0002 1.0000 -0.0046
vn -0.0736 0.9973 0.0049
vn -0.0741 0.9972 0.0048
vn -0.0979 -0.0485 -0.9940
vn -0.0980 -0.0028 -0.9952
vn -0.0751 -0.0038 -0.9972
vn -0.0665 -0.0559 -0.9962
vn -0.0631 0.0197 -0.9978
vn -0.0491 0.0201 -0.9986
vn -0.0352 0.0197 -0.9992
vn -0.0000 0.0014 -1.0000
vn -0.0263 -0.0003 -0.9997
vn 0.0018 -0.0279 -0.9996
vn -0.0358 -0.0430 -0.9984
vn -0.0541 -0.0984 -0.9937
vn -0.0496 -0.0556 -0.9972
vn -0.1948 -0.0494 -0.9796
vn -0.1951 -0.0028 -0.9808
vn -0.1725 -0.0038 -0.9850
vn -0.1638 -0.0605 -0.9846
vn -0.1606 0.0196 -0.9868
vn -0.1467 0.0201 -0.9890
vn -0.1328 0.0197 -0.9910
vn -0.1208 -0.0038 -0.9927
vn -0.1290 -0.0606 -0.9898
vn -0.1457 -0.1192 -0.9821
vn -0.1464 -0.0692 -0.9868
vn -0.2899 -0.0498 -0.9558
vn -0.2903 -0.0028 -0.9569
vn -0.2682 -0.0038 -0.9634
vn -0.2595 -0.0605 -0.9638
vn -0.2565 0.0196 -0.9663
vn -0.2429 0.0201 -0.9698
vn -0.2293 0.0196 -0.9732
vn -0.2176 -0.0038 -0.9760
vn -0.2255 -0.0605 -0.9724
vn -0.2412 -0.1192 -0.9631
vn -0.2424 -0.0692 -0.9677
vn -0.3840 -0.0057 -0.9233
vn -0.3637 -0.0871 -0.9275
vn -0.3606 0.0229 -0.9325
vn -0.3382 0.0229 -0.9408
vn -0.3236 0.0200 -0.9460
vn -0.3122 -0.0038 -0.9500
vn -0.3196 -0.0632 -0.9454
vn -0.3384 -0.1481 -0.9293
vn -0.3390 -0.0867 -0.9368
vn -0.5549 -0.0498 -0.8304
vn -0.5556 -0.0028 -0.8315
vn -0.5363 -0.0038 -0.8440
vn -0.5281 -0.0632 -0.8468
vn -0.5260 0.0200 -0.8503
vn -0.5126 0.0230 -0.8583
vn -0.4921 0.0229 -0.8702
vn -0.4702 -0.0057 -0.8826
vn -0.4862 -0.0870 -0.8695
vn -0.5037 -0.1480 -0.8511
vn -0.5091 -0.0867 -0.8563
vn -0.6337 -0.0485 -0.7721
vn -0.6344 -0.0028 -0.7730
vn -0.6165 -0.0038 -0.7874
vn -0.6086 -0.0606 -0.7911
vn -0.6068 0.0197 -0.7946
vn -0.5956 0.0201 -0.8030
vn -0.5842 0.0197 -0.8114
vn -0.5745 -0.0038 -0.8185
vn -0.5804 -0.0606 -0.8121
vn -0.5914 -0.1192 -0.7975
vn -0.5943 -0.0693 -0.8013
vn -0.7081 -0.0280 -0.7055
vn -0.7071 0.0014 -0.7071
vn -0.6883 -0.0003 -0.7255
vn -0.6807 -0.0430 -0.7313
vn -0.6816 0.0197 -0.7314
vn -0.6714 0.0201 -0.7408
vn -0.6609 0.0197 -0.7502
vn -0.6520 -0.0038 -0.7582
vn -0.6574 -0.0559 -0.7514
vn -0.6644 -0.0984 -0.7409
vn -0.6700 -0.0557 -0.7402
vn 0.0066 -1.0000 0.0039
vn 0.0087 -1.0000 0.0037
vn -0.6444 -0.7188 -0.2610
vn 0.0624 -0.9964 0.0565
vn 0.0427 -0.9985 0.0335
vn 0.0135 -0.9999 0.0069
vn -0.7715 -0.0279 -0.6356
vn -0.7397 0.0571 -0.6705
vn -0.6901 0.3642 -0.6254
vn -0.7298 0.1823 -0.6589
vn -0.7272 0.1824 -0.6618
vn -0.6271 0.5341 -0.5669
vn -0.6266 0.5338 -0.5679
vn -0.6260 0.5334 -0.5688
vn -0.3230 -0.7187 -0.6158
vn 0.0045 -1.0000 0.0083
vn 0.0045 -1.0000 0.0062
vn 0.0082 -0.9999 0.0128
vn 0.0375 -0.9985 0.0392
vn 0.0623 -0.9964 0.0566
vn 0.0047 -1.0000 0.0043
vn 0.0083 -0.9999 0.0075
vn -0.7730 0.0014 -0.6344
vn -0.7561 -0.0003 -0.6545
vn -0.7492 -0.0387 -0.6612
vn -0.7501 0.0197 -0.6611
vn -0.7408 0.0201 -0.6714
vn -0.7314 0.0197 -0.6816
vn -0.7255 -0.0003 -0.6883
vn -0.7315 -0.0388 -0.6808
vn -0.7402 -0.0440 -0.6709
vn -0.8305 -0.0476 -0.5549
vn -0.8315 -0.0028 -0.5556
vn -0.8185 -0.0038 -0.5745
vn -0.8122 -0.0559 -0.5806
vn -0.8114 0.0196 -0.5842
vn -0.8030 0.0201 -0.5956
vn -0.7947 0.0197 -0.6067
vn -0.7894 -0.0003 -0.6138
vn -0.7945 -0.0430 -0.6057
vn -0.8024 -0.0985 -0.5886
vn -0.8023 -0.0557 -0.5943
vn -0.8824 -0.0279 -0.4696
vn -0.8819 0.0014 -0.4714
vn -0.8692 -0.0003 -0.4944
vn -0.8636 -0.0430 -0.5023
vn -0.8646 0.0197 -0.5021
vn -0.8576 0.0201 -0.5140
vn -0.8502 0.0197 -0.5260
vn -0.8440 -0.0038 -0.5363
vn -0.8473 -0.0559 -0.5282
vn -0.8508 -0.0984 -0.5161
vn -0.8561 -0.0556 -0.5139
vn 0.0020 -1.0000 0.0008
vn 0.0125 -0.9999 0.0015
vn 0.0130 -0.9999 0.0013
vn -0.5024 -0.8392 -0.2081
vn -0.5711 -0.8208 -0.0112
vn 0.2834 -0.9522 0.1141
vn 0.1595 -0.9853 0.0605
vn 0.0179 -0.9998 0.0042
vn -0.9238 -0.0146 -0.3827
vn -0.9017 0.0636 -0.4277
vn -0.8426 0.3620 -0.3988
vn -0.8879 0.1907 -0.4187
vn -0.8880 0.1820 -0.4222
vn -0.7495 0.5601 -0.3530
vn -0.7688 0.5261 -0.3636
vn -0.7870 0.4911 -0.3735
vn -0.4878 -0.7187 -0.4955
vn 0.0067 -1.0000 0.0067
vn 0.0061 -1.0000 0.0046
vn 0.0119 -0.9999 0.0102
vn 0.0474 -0.9985 0.0267
vn 0.0761 -0.9965 0.0360
vn 0.0760 -0.9965 0.0360
vn 0.0006 -1.0000 0.0004
vn 0.0065 -1.0000 0.0032
vn 0.0115 -0.9999 0.0056
vn -0.9239 0.0042 -0.3827
vn -0.9126 0.0021 -0.4088
vn -0.9080 -0.0298 -0.4178
vn -0.9096 0.0198 -0.4150
vn -0.9038 0.0201 -0.4275
vn -0.8978 0.0197 -0.4400
vn -0.8940 -0.0003 -0.4481
vn -0.8976 -0.0380 -0.4392
vn -0.9029 -0.0386 -0.4282
vn 0.0020 -1.0000 0.0006
vn 0.0126 -0.9999 0.0002
vn 0.0131 -0.9999 -0.0000
vn -0.5204 -0.8392 -0.1579
vn -0.5694 -0.8208 0.0449
vn 0.2934 -0.9521 0.0858
vn 0.1646 -0.9853 0.0446
vn 0.0189 -0.9998 0.0025
vn -0.9568 -0.0145 -0.2902
vn -0.9392 0.0700 -0.3361
vn -0.8757 0.3674 -0.3133
vn -0.9247 0.1906 -0.3297
vn -0.9239 0.1907 -0.3318
vn -0.7977 0.5321 -0.2838
vn -0.7975 0.5316 -0.2853
vn -0.7973 0.5312 -0.2867
vn -0.4117 -0.8208 -0.3959
vn 0.0102 -0.9999 0.0083
vn 0.0099 -0.9999 0.0078
vn 0.0162 -0.9998 0.0101
vn 0.1556 -0.9853 0.0700
vn 0.2813 -0.9521 0.1199
vn 0.0078 -1.0000 0.0028
vn 0.0139 -0.9999 0.0050
vn -0.9569 0.0042 -0.2903
vn -0.9483 0.0021 -0.3174
vn -0.9446 -0.0291 -0.3268
vn -0.9459 0.0198 -0.3239
vn -0.9414 0.0201 -0.3368
vn -0.9366 0.0198 -0.3497
vn -0.9344 0.0021 -0.3562
vn -0.9375 -0.0291 -0.3467
vn -0.9410 -0.0332 -0.3367
vn 0.0021 -1.0000 0.0004
vn 0.0126 -0.9999 -0.0010
vn 0.0131 -0.9999 -0.0013
vn -0.5333 -0.8392 -0.1061
vn -0.5623 -0.8208 0.1005
vn 0.3004 -0.9521 0.0566
vn 0.1682 -0.9853 0.0283
vn 0.0190 -0.9998 0.0006
vn -0.9807 -0.0145 -0.1951
vn -0.9676 0.0701 -0.2424
vn -0.9025 0.3666 -0.2260
vn -0.9525 0.1906 -0.2374
vn -0.9520 0.1905 -0.2396
vn -0.8223 0.5310 -0.2045
vn -0.8221 0.5308 -0.2059
vn -0.8218 0.5307 -0.2072
vn -0.4486 -0.8208 -0.3537
vn 0.0109 -0.9999 0.0073
vn 0.0106 -0.9999 0.0068
vn 0.0171 -0.9998 0.0084
vn 0.1618 -0.9853 0.0544
vn 0.2918 -0.9521 0.0917
vn 0.0008 -1.0000 0.0002
vn 0.0080 -1.0000 0.0020
vn 0.0143 -0.9999 0.0036
vn -0.9808 0.0042 -0.1951
vn -0.9748 0.0021 -0.2230
vn -0.9721 -0.0291 -0.2326
vn -0.9731 0.0198 -0.2296
vn -0.9698 0.0201 -0.2429
vn -0.9664 0.0198 -0.2562
vn -0.9648 0.0021 -0.2629
vn -0.9670 -0.0292 -0.2531
vn -0.9695 -0.0332 -0.2428
vn 0.0021 -1.0000 0.0002
vn 0.0124 -0.9999 -0.0022
vn 0.0129 -0.9999 -0.0025
vn -0.5412 -0.8392 -0.0533
vn -0.5498 -0.8208 0.1551
vn 0.3043 -0.9522 0.0269
vn 0.3044 -0.9522 0.0269
vn 0.1701 -0.9854 0.0117
vn 0.0190 -0.9998 -0.0013
vn -0.9951 -0.0145 -0.0980
vn -0.9867 0.0701 -0.1464
vn -0.9203 0.3666 -0.1365
vn -0.9712 0.1907 -0.1429
vn -0.9709 0.1906 -0.1452
vn -0.8380 0.5316 -0.1229
vn -0.8383 0.5308 -0.1244
vn -0.8386 0.5300 -0.1258
vn -0.4810 -0.8209 -0.3080
vn 0.0116 -0.9999 0.0062
vn 0.0112 -0.9999 0.0057
vn 0.0178 -0.9998 0.0067
vn 0.1662 -0.9853 0.0383
vn 0.2991 -0.9522 0.0626
vn 0.0082 -1.0000 0.0012
vn 0.0146 -0.9999 0.0022
vn -0.9952 0.0042 -0.0980
vn -0.9920 0.0021 -0.1263
vn -0.9903 -0.0291 -0.1362
vn -0.9909 0.0198 -0.1331
vn -0.9890 0.0201 -0.1467
vn -0.9869 0.0198 -0.1603
vn -0.9859 0.0021 -0.1670
vn -0.9872 -0.0291 -0.1571
vn -0.9886 -0.0332 -0.1466
vn 0.0021 -1.0000 -0.0000
vn 0.0121 -0.9999 -0.0034
vn 0.0126 -0.9999 -0.0038
vn -0.5437 -0.8393 -0.0000
vn -0.5318 -0.8209 0.2082
vn 0.3056 -0.9522 -0.0031
vn 0.1706 -0.9853 -0.0051
vn 0.0188 -0.9998 -0.0031
vn -0.9999 -0.0145 -0.0000
vn -0.9963 0.0700 -0.0489
vn -0.9291 0.3669 -0.0456
vn -0.9806 0.1904 -0.0470
vn -0.9804 0.1905 -0.0493
vn -0.8465 0.5308 -0.0402
vn -0.8460 0.5315 -0.0416
vn -0.8455 0.5322 -0.0429
vn -0.5088 -0.8209 -0.2593
vn 0.0122 -0.9999 0.0050
vn 0.0117 -0.9999 0.0046
vn 0.0184 -0.9998 0.0049
vn 0.1693 -0.9853 0.0218
vn 0.3036 -0.9522 0.0330
vn 0.0008 -1.0000 -0.0000
vn 0.0083 -1.0000 0.0004
vn 0.0147 -0.9999 0.0007
vn -1.0000 0.0042 -0.0000
vn -0.9996 0.0021 -0.0285
vn -0.9988 -0.0291 -0.0385
vn -0.9992 0.0198 -0.0353
vn -0.9986 0.0201 -0.0491
vn -0.9978 0.0198 -0.0628
vn -0.9976 0.0021 -0.0696
vn -0.9978 -0.0291 -0.0596
vn -0.9982 -0.0332 -0.0490
vn 0.0021 -1.0000 -0.0002
vn 0.0117 -0.9999 -0.0046
vn 0.0122 -0.9999 -0.0050
vn -0.5411 -0.8392 0.0533
vn -0.5412 -0.8392 0.0533
vn -0.5088 -0.8209 0.2593
vn 0.3038 -0.9522 -0.0330
vn 0.1692 -0.9853 -0.0218
vn 0.0184 -0.9998 -0.0049
vn -0.9951 -0.0145 0.0980
vn -0.9963 0.0700 0.0489
vn -0.9292 0.3666 0.0456
vn -0.9804 0.1906 0.0493
vn -0.9806 0.1903 0.0470
vn -0.8459 0.5316 0.0430
vn -0.8464 0.5309 0.0416
vn -0.8469 0.5303 0.0402
vn -0.5318 -0.8209 -0.2082
vn 0.0126 -0.9999 0.0038
vn 0.0121 -0.9999 0.0034
vn 0.0188 -0.9998 0.0031
vn 0.1706 -0.9853 0.0051
vn 0.3057 -0.9521 0.0031
vn 0.0083 -1.0000 -0.0004
vn 0.0147 -0.9999 -0.0007
vn -0.9952 0.0042 0.0980
vn -0.9976 0.0021 0.0696
vn -0.9978 -0.0291 0.0596
vn -0.9978 0.0198 0.0628
vn -0.9986 0.0201 0.0491
vn -0.9992 0.0198 0.0353
vn -0.9996 0.0021 0.0285
vn -0.9988 -0.0291 0.0385
vn -0.9982 -0.0331 0.0490
vn 0.0072 -1.0000 -0.0027
vn 0.0084 -1.0000 -0.0044
vn -0.6106 -0.7187 0.3325
vn 0.0832 -0.9965 -0.0124
vn 0.0529 -0.9985 -0.0117
vn -0.9808 -0.0279 0.1932
vn -0.9870 0.0636 0.1475
vn -0.9220 0.3622 0.1370
vn -0.9724 0.1817 0.1463
vn -0.9712 0.1907 0.1429
vn -0.8614 0.4913 0.1290
vn -0.8409 0.5266 0.1247
vn -0.8192 0.5607 0.1203
vn -0.5498 -0.8208 -0.1551
vn 0.0128 -0.9999 0.0025
vn 0.0124 -0.9999 0.0022
vn 0.0183 -0.9998 0.0012
vn 0.1702 -0.9853 -0.0117
vn 0.3046 -0.9521 -0.0269
vn 0.0007 -1.0000 -0.0002
vn 0.0072 -1.0000 -0.0012
vn 0.0127 -0.9999 -0.0021
vn -0.9808 0.0014 0.1951
vn -0.9856 -0.0003 0.1692
vn -0.9864 -0.0380 0.1597
vn -0.9869 0.0197 0.1604
vn -0.9890 0.0201 0.1467
vn -0.9909 0.0198 0.1331
vn -0.9920 0.0021 0.1263
vn -0.9902 -0.0298 0.1362
vn -0.9883 -0.0386 0.1477
vn -0.9558 -0.0485 0.2899
vn -0.9569 -0.0028 0.2903
vn -0.9633 -0.0038 0.2682
vn -0.9641 -0.0560 0.2595
vn -0.9663 0.0196 0.2565
vn -0.9698 0.0201 0.2429
vn -0.9731 0.0197 0.2295
vn -0.9753 -0.0003 0.2208
vn -0.9723 -0.0430 0.2299
vn -0.9640 -0.0985 0.2469
vn -0.9684 -0.0557 0.2432
vn -0.9227 -0.0494 0.3822
vn -0.9239 -0.0028 0.3827
vn -0.9324 -0.0038 0.3614
vn -0.9337 -0.0606 0.3528
vn -0.9365 0.0197 0.3500
vn -0.9414 0.0201 0.3368
vn -0.9460 0.0196 0.3236
vn -0.9500 -0.0038 0.3122
vn -0.9456 -0.0605 0.3197
vn -0.9348 -0.1193 0.3345
vn -0.9393 -0.0693 0.3361
vn -0.8808 -0.0494 0.4708
vn -0.8819 -0.0028 0.4714
vn -0.8925 -0.0038 0.4510
vn -0.8947 -0.0605 0.4426
vn -0.8977 0.0196 0.4402
vn -0.9038 0.0201 0.4275
vn -0.9097 0.0197 0.4147
vn -0.9148 -0.0038 0.4038
vn -0.9097 -0.0605 0.4108
vn -0.8975 -0.1195 0.4245
vn -0.9018 -0.0692 0.4265
vn -0.8305 -0.0494 0.5549
vn -0.8315 -0.0028 0.5556
vn -0.8440 -0.0038 0.5363
vn -0.8470 -0.0606 0.5282
vn -0.8502 0.0197 0.5260
vn -0.8576 0.0201 0.5140
vn -0.8647 0.0197 0.5019
vn -0.8709 -0.0038 0.4915
vn -0.8651 -0.0606 0.4980
vn -0.8516 -0.1193 0.5104
vn -0.8557 -0.0693 0.5129
vn -0.7721 -0.0494 0.6336
vn -0.7730 -0.0028 0.6344
vn -0.7874 -0.0038 0.6165
vn -0.7911 -0.0605 0.6086
vn -0.7946 0.0197 0.6068
vn -0.8030 0.0201 0.5956
vn -0.8114 0.0197 0.5842
vn -0.8185 -0.0038 0.5745
vn -0.8121 -0.0606 0.5804
vn -0.7975 -0.1192 0.5914
vn -0.8013 -0.0693 0.5943
vn -0.7062 -0.0494 0.7062
vn -0.7071 -0.0028 0.7071
vn -0.7231 -0.0038 0.6907
vn -0.7277 -0.0606 0.6833
vn -0.7313 0.0196 0.6818
vn -0.7408 0.0201 0.6714
vn -0.7502 0.0197 0.6609
vn -0.7583 -0.0038 0.6520
vn -0.7513 -0.0606 0.6572
vn -0.7357 -0.1193 0.6668
vn -0.7392 -0.0693 0.6699
vn -0.6336 -0.0485 0.7721
vn -0.6344 -0.0028 0.7730
vn -0.6520 -0.0038 0.7582
vn -0.6572 -0.0606 0.7513
vn -0.6609 0.0197 0.7502
vn -0.6714 0.0201 0.7408
vn -0.6818 0.0196 0.7313
vn -0.6907 -0.0038 0.7231
vn -0.6833 -0.0606 0.7277
vn -0.6668 -0.1193 0.7357
vn -0.6699 -0.0693 0.7392
vn -0.5538 -0.0280 0.8322
vn -0.5556 0.0014 0.8315
vn -0.5772 -0.0003 0.8166
vn -0.5845 -0.0431 0.8103
vn -0.5844 0.0197 0.8112
vn -0.5956 0.0201 0.8030
vn -0.6068 0.0197 0.7946
vn -0.6165 -0.0038 0.7874
vn -0.6087 -0.0560 0.7914
vn -0.5970 -0.0986 0.7962
vn -0.5953 -0.0557 0.8016
vn 0.0025 -1.0000 -0.0072
vn 0.0019 -1.0000 -0.0092
vn -0.1303 -0.7187 0.6830
vn 0.0432 -0.9964 -0.0723
vn 0.0245 -0.9985 -0.0485
vn 0.0041 -0.9999 -0.0146
vn -0.4728 -0.0280 0.8807
vn -0.5133 0.0571 0.8563
vn -0.4787 0.3647 0.7986
vn -0.5038 0.1826 0.8443
vn -0.5072 0.1825 0.8423
vn -0.4336 0.5347 0.7253
vn -0.4345 0.5346 0.7249
vn -0.4355 0.5342 0.7245
vn -0.5410 -0.7186 0.4370
vn 0.0072 -1.0000 -0.0060
vn 0.0052 -1.0000 -0.0056
vn 0.0109 -0.9999 -0.0105
vn 0.0312 -0.9985 -0.0446
vn 0.0433 -0.9965 -0.0721
vn 0.0033 -1.0000 -0.0055
vn 0.0058 -0.9999 -0.0096
vn -0.4714 0.0014 0.8819
vn -0.4944 -0.0003 0.8692
vn -0.5023 -0.0388 0.8638
vn -0.5021 0.0197 0.8646
vn -0.5140 0.0201 0.8576
vn -0.5259 0.0197 0.8503
vn -0.5335 -0.0003 0.8458
vn -0.5250 -0.0388 0.8502
vn -0.5136 -0.0440 0.8569
vn -0.3823 -0.0485 0.9228
vn -0.3827 -0.0028 0.9239
vn -0.4038 -0.0038 0.9148
vn -0.4110 -0.0559 0.9099
vn -0.4147 0.0197 0.9097
vn -0.4275 0.0201 0.9038
vn -0.4400 0.0197 0.8978
vn -0.4481 -0.0003 0.8940
vn -0.4391 -0.0430 0.8974
vn -0.4207 -0.0987 0.9018
vn -0.4263 -0.0557 0.9029
vn -0.2899 -0.0485 0.9558
vn -0.2903 -0.0028 0.9569
vn -0.3122 -0.0038 0.9500
vn -0.3197 -0.0605 0.9456
vn -0.3236 0.0196 0.9460
vn -0.3368 0.0201 0.9414
vn -0.3500 0.0197 0.9365
vn -0.3614 -0.0038 0.9324
vn -0.3528 -0.0606 0.9337
vn -0.3345 -0.1193 0.9348
vn -0.3361 -0.0693 0.9393
vn -0.1932 -0.0279 0.9808
vn -0.1951 0.0014 0.9808
vn -0.2208 -0.0003 0.9753
vn -0.2299 -0.0430 0.9723
vn -0.2295 0.0197 0.9731
vn -0.2429 0.0201 0.9698
vn -0.2565 0.0196 0.9663
vn -0.2682 -0.0038 0.9633
vn -0.2595 -0.0560 0.9641
vn -0.2469 -0.0985 0.9640
vn -0.2432 -0.0557 0.9684
vn 0.0002 -1.0000 -0.0021
vn -0.0022 -0.9999 -0.0124
vn -0.0025 -0.9999 -0.0128
vn -0.0533 -0.8392 0.5411
vn 0.1551 -0.8208 0.5498
vn 0.0269 -0.9522 -0.3043
vn 0.0116 -0.9854 -0.1700
vn -0.0012 -0.9998 -0.0183
vn -0.0980 -0.0146 0.9951
vn -0.1475 0.0636 0.9870
vn -0.1370 0.3620 0.9220
vn -0.1429 0.1908 0.9712
vn -0.1463 0.1817 0.9724
vn -0.1203 0.5598 0.8199
vn -0.1247 0.5267 0.8409
vn -0.1289 0.4923 0.8608
vn -0.3325 -0.7187 0.6106
vn 0.0044 -1.0000 -0.0084
vn 0.0027 -1.0000 -0.0072
vn 0.0117 -0.9985 -0.0529
vn 0.0124 -0.9965 -0.0832
vn 0.0012 -1.0000 -0.0072
vn 0.0021 -0.9999 -0.0127
vn -0.0980 0.0042 0.9952
vn -0.1263 0.0021 0.9920
vn -0.1362 -0.0298 0.9902
vn -0.1331 0.0198 0.9909
vn -0.1467 0.0201 0.9890
vn -0.1604 0.0197 0.9869
vn -0.1692 -0.0003 0.9856
vn -0.1597 -0.0380 0.9864
vn -0.1477 -0.0385 0.9883
vn -0.0012 -1.0000 -0.0076
vn -0.0027 -1.0000 -0.0091
vn 0.2070 -0.7187 0.6638
vn 0.0041 -0.9965 -0.0840
vn 0.0041 -0.9965 -0.0839
vn -0.0012 -0.9985 -0.0543
vn -0.0034 -0.9999 -0.0153
vn -0.0018 -0.0271 0.9996
vn -0.0479 0.0637 0.9968
vn -0.0455 0.3615 0.9313
vn -0.0462 0.1820 0.9822
vn -0.0493 0.1911 0.9803
vn -0.0416 0.4894 0.8711
vn -0.0418 0.5256 0.8497
vn -0.0419 0.5606 0.8270
vn -0.2593 -0.8209 0.5088
vn 0.0050 -0.9999 -0.0121
vn 0.0046 -0.9999 -0.0117
vn 0.0048 -0.9998 -0.0177
vn 0.0218 -0.9853 -0.1693
vn 0.0330 -0.9521 -0.3040
vn -0.0001 -1.0000 -0.0007
vn 0.0002 -1.0000 -0.0073
vn 0.0005 -0.9999 -0.0128
vn -0.0000 0.0014 1.0000
vn -0.0263 -0.0003 0.9997
vn -0.0358 -0.0380 0.9986
vn -0.0352 0.0197 0.9992
vn -0.0491 0.0201 0.9986
vn -0.0628 0.0198 0.9978
vn -0.0696 0.0021 0.9976
vn -0.0596 -0.0299 0.9978
vn -0.0480 -0.0386 0.9981
vn 0.0998 -0.0272 0.9946
vn 0.0980 0.0014 0.9952
vn 0.0718 -0.0003 0.9974
vn 0.0622 -0.0392 0.9973
vn 0.0629 0.0197 0.9978
vn 0.0491 0.0201 0.9986
vn 0.0352 0.0197 0.9992
vn 0.0263 -0.0003 0.9997
vn 0.0358 -0.0392 0.9986
vn 0.0489 -0.0763 0.9959
vn 0.0490 -0.0445 0.9978
vn -0.0027 -1.0000 -0.0072
vn -0.0044 -1.0000 -0.0083
vn 0.3325 -0.7187 0.6106
vn -0.0124 -0.9964 -0.0833
vn -0.0117 -0.9985 -0.0530
vn -0.0061 -0.9999 -0.0139
vn 0.1932 -0.0272 0.9808
vn 0.1465 0.0574 0.9875
vn 0.1367 0.3643 0.9212
vn 0.1462 0.1819 0.9724
vn 0.1423 0.1823 0.9729
vn 0.1252 0.5337 0.8364
vn 0.1241 0.5339 0.8364
vn 0.1230 0.5342 0.8364
vn -0.1410 -0.7186 0.6809
vn 0.0018 -1.0000 -0.0092
vn 0.0005 -1.0000 -0.0076
vn 0.0018 -0.9999 -0.0151
vn -0.0042 -0.9985 -0.0543
vn -0.0123 -0.9965 -0.0832
vn -0.0001 -1.0000 -0.0006
vn -0.0009 -1.0000 -0.0063
vn -0.0016 -0.9999 -0.0111
vn 0.1951 0.0014 0.9808
vn 0.1692 -0.0003 0.9856
vn 0.1597 -0.0388 0.9864
vn 0.1604 0.0197 0.9869
vn 0.1467 0.0201 0.9890
vn 0.1330 0.0197 0.9909
vn 0.1241 -0.0003 0.9923
vn 0.1335 -0.0388 0.9903
vn 0.1466 -0.0440 0.9882
vn 0.2919 -0.0272 0.9561
vn 0.2903 0.0014 0.9569
vn 0.2650 -0.0003 0.9642
vn 0.2556 -0.0392 0.9660
vn 0.2564 0.0197 0.9664
vn 0.2429 0.0201 0.9698
vn 0.2295 0.0197 0.9731
vn 0.2208 -0.0003 0.9753
vn 0.2300 -0.0391 0.9724
vn 0.2423 -0.0763 0.9672
vn 0.2427 -0.0445 0.9691
vn -0.0040 -1.0000 -0.0065
vn -0.0059 -1.0000 -0.0073
vn 0.4453 -0.7187 0.5340
vn -0.0284 -0.9965 -0.0792
vn -0.0219 -0.9985 -0.0497
vn -0.0087 -0.9999 -0.0125
vn 0.3808 -0.0280 0.9242
vn 0.3363 0.0571 0.9400
vn 0.3137 0.3643 0.8768
vn 0.3331 0.1824 0.9251
vn 0.3294 0.1823 0.9264
vn 0.2859 0.5336 0.7960
vn 0.2849 0.5339 0.7961
vn 0.2838 0.5342 0.7963
vn -0.0054 -0.7187 0.6952
vn -0.0001 -1.0000 -0.0094
vn -0.0010 -1.0000 -0.0076
vn -0.0012 -0.9999 -0.0151
vn -0.0146 -0.9985 -0.0523
vn -0.0283 -0.9965 -0.0792
vn -0.0002 -1.0000 -0.0006
vn -0.0022 -1.0000 -0.0060
vn -0.0038 -0.9999 -0.0105
vn 0.3827 0.0014 0.9239
vn 0.3583 -0.0003 0.9336
vn 0.3490 -0.0387 0.9363
vn 0.3499 0.0197 0.9366
vn 0.3368 0.0201 0.9414
vn 0.3237 0.0197 0.9459
vn 0.3154 -0.0003 0.9490
vn 0.3242 -0.0387 0.9452
vn 0.3366 -0.0440 0.9406
vn 0.4709 -0.0477 0.8809
vn 0.4714 -0.0028 0.8819
vn 0.4510 -0.0038 0.8925
vn 0.4426 -0.0560 0.8950
vn 0.4402 0.0196 0.8977
vn 0.4275 0.0201 0.9038
vn 0.4149 0.0197 0.9097
vn 0.4068 -0.0003 0.9135
vn 0.4152 -0.0430 0.9087
vn 0.4302 -0.0985 0.8973
vn 0.4275 -0.0557 0.9023
vn 0.5569 -0.0279 0.8301
vn 0.5556 0.0014 0.8315
vn 0.5335 -0.0003 0.8458
vn 0.5249 -0.0431 0.8501
vn 0.5259 0.0197 0.8503
vn 0.5140 0.0201 0.8576
vn 0.5019 0.0197 0.8647
vn 0.4915 -0.0038 0.8709
vn 0.4982 -0.0560 0.8652
vn 0.5071 -0.0986 0.8562
vn 0.5128 -0.0558 0.8567
vn -0.0013 -1.0000 -0.0016
vn -0.0103 -0.9999 -0.0072
vn -0.0109 -0.9999 -0.0073
vn 0.3450 -0.8392 0.4204
vn 0.3450 -0.8392 0.4203
vn 0.4984 -0.8208 0.2791
vn -0.1963 -0.9521 -0.2344
vn -0.1121 -0.9853 -0.1286
vn -0.0138 -0.9998 -0.0121
vn 0.6343 -0.0146 0.7729
vn 0.5936 0.0636 0.8022
vn 0.5549 0.3630 0.7485
vn 0.5857 0.1907 0.7878
vn 0.5841 0.1821 0.7910
vn 0.4943 0.5606 0.6643
vn 0.5060 0.5278 0.6822
vn 0.5169 0.4942 0.6990
vn 0.1966 -0.7187 0.6670
vn -0.0028 -1.0000 -0.0090
vn -0.0032 -1.0000 -0.0070
vn -0.0057 -0.9999 -0.0146
vn -0.0293 -0.9985 -0.0460
vn -0.0501 -0.9965 -0.0676
vn -0.0003 -1.0000 -0.0006
vn -0.0042 -1.0000 -0.0059
vn -0.0075 -0.9999 -0.0104
vn 0.6344 0.0042 0.7730
vn 0.6121 0.0021 0.7908
vn 0.6039 -0.0299 0.7965
vn 0.6066 0.0198 0.7948
vn 0.5956 0.0201 0.8030
vn 0.5844 0.0197 0.8112
vn 0.5772 -0.0003 0.8166
vn 0.5846 -0.0380 0.8104
vn 0.5944 -0.0386 0.8032
vn -0.0062 -1.0000 -0.0045
vn -0.0083 -1.0000 -0.0045
vn 0.6158 -0.7187 0.3230
vn -0.0566 -0.9964 -0.0623
vn -0.0566 -0.9965 -0.0623
vn -0.0391 -0.9985 -0.0374
vn 0.7055 -0.0279 0.7081
vn 0.6710 0.0637 0.7387
vn 0.6262 0.3619 0.6906
vn 0.6618 0.1822 0.7272
vn 0.6584 0.1909 0.7281
vn 0.5858 0.4914 0.6445
vn 0.5712 0.5259 0.6302
vn 0.5558 0.5592 0.6151
vn 0.1764 -0.8208 0.5432
vn -0.0050 -0.9999 -0.0121
vn -0.0050 -0.9999 -0.0115
vn -0.0092 -0.9998 -0.0159
vn -0.1043 -0.9853 -0.1351
vn -0.1915 -0.9521 -0.2382
vn -0.0005 -1.0000 -0.0004
vn -0.0050 -1.0000 -0.0053
vn -0.0088 -0.9999 -0.0094
vn 0.7071 0.0014 0.7071
vn 0.6883 -0.0003 0.7255
vn 0.6808 -0.0380 0.7315
vn 0.6816 0.0197 0.7314
vn 0.6714 0.0201 0.7408
vn 0.6612 0.0198 0.7500
vn 0.6562 0.0021 0.7546
vn 0.6634 -0.0298 0.7477
vn 0.6719 -0.0386 0.7397
vn 0.7721 -0.0485 0.6337
vn 0.7730 -0.0028 0.6344
vn 0.7583 -0.0038 0.6520
vn 0.7514 -0.0559 0.6574
vn 0.7502 0.0197 0.6609
vn 0.7408 0.0201 0.6714
vn 0.7314 0.0197 0.6816
vn 0.7255 -0.0003 0.6883
vn 0.7313 -0.0430 0.6807
vn 0.7409 -0.0984 0.6644
vn 0.7402 -0.0557 0.6700
vn 0.8305 -0.0494 0.5549
vn 0.8315 -0.0028 0.5556
vn 0.8185 -0.0038 0.5745
vn 0.8121 -0.0605 0.5804
vn 0.8114 0.0196 0.5842
vn 0.8030 0.0201 0.5956
vn 0.7946 0.0197 0.6068
vn 0.7874 -0.0038 0.6165
vn 0.7911 -0.0605 0.6086
vn 0.7975 -0.1192 0.5915
vn 0.8013 -0.0692 0.5943
vn 0.8809 -0.0485 0.4708
vn 0.8819 -0.0028 0.4714
vn 0.8709 -0.0038 0.4915
vn 0.8651 -0.0606 0.4980
vn 0.8647 0.0197 0.5019
vn 0.8576 0.0201 0.5140
vn 0.8502 0.0197 0.5260
vn 0.8440 -0.0038 0.5363
vn 0.8470 -0.0606 0.5282
vn 0.8516 -0.1193 0.5104
vn 0.8557 -0.0693 0.5129
vn 0.9242 -0.0279 0.3808
vn 0.9239 0.0014 0.3827
vn 0.9135 -0.0003 0.4068
vn 0.9087 -0.0430 0.4152
vn 0.9097 0.0197 0.4149
vn 0.9038 0.0201 0.4275
vn 0.8977 0.0196 0.4402
vn 0.8925 -0.0038 0.4510
vn 0.8950 -0.0559 0.4426
vn 0.8973 -0.0984 0.4302
vn 0.9023 -0.0557 0.4275
vn -0.0020 -1.0000 -0.0006
vn -0.0126 -0.9999 -0.0002
vn -0.0131 -0.9999 -0.0000
vn 0.5204 -0.8392 0.1579
vn 0.5694 -0.8208 -0.0449
vn -0.2934 -0.9521 -0.0858
vn -0.1646 -0.9853 -0.0446
vn -0.0182 -0.9998 -0.0024
vn 0.9568 -0.0145 0.2903
vn 0.9393 0.0636 0.3372
vn 0.8777 0.3618 0.3143
vn 0.9246 0.1908 0.3296
vn 0.9251 0.1820 0.3332
vn 0.7804 0.5601 0.2779
vn 0.8007 0.5261 0.2865
vn 0.8198 0.4911 0.2946
vn 0.5340 -0.7187 0.4453
vn -0.0073 -1.0000 -0.0060
vn -0.0065 -1.0000 -0.0040
vn -0.0128 -0.9999 -0.0089
vn -0.0498 -0.9985 -0.0218
vn -0.0792 -0.9965 -0.0284
vn -0.0006 -1.0000 -0.0003
vn -0.0068 -1.0000 -0.0026
vn -0.0120 -0.9999 -0.0045
vn 0.9569 0.0042 0.2903
vn 0.9483 0.0021 0.3174
vn 0.9446 -0.0298 0.3268
vn 0.9459 0.0198 0.3239
vn 0.9414 0.0201 0.3368
vn 0.9366 0.0197 0.3499
vn 0.9336 -0.0003 0.3583
vn 0.9363 -0.0380 0.3491
vn 0.9405 -0.0385 0.3377
vn -0.0021 -1.0000 -0.0004
vn -0.0126 -0.9999 0.0010
vn -0.0131 -0.9999 0.0013
vn 0.5333 -0.8392 0.1061
vn 0.5623 -0.8208 -0.1005
vn -0.3004 -0.9521 -0.0566
vn -0.1682 -0.9853 -0.0283
vn -0.0190 -0.9998 -0.0006
vn 0.9807 -0.0145 0.1951
vn 0.9676 0.0701 0.2424
vn 0.9025 0.3666 0.2260
vn 0.9525 0.1906 0.2374
vn 0.9520 0.1905 0.2396
vn 0.8223 0.5310 0.2045
vn 0.8221 0.5308 0.2059
vn 0.8218 0.5307 0.2072
vn 0.4486 -0.8208 0.3537
vn -0.0106 -0.9999 -0.0068
vn -0.0171 -0.9998 -0.0084
vn -0.1618 -0.9853 -0.0544
vn -0.2918 -0.9521 -0.0917
vn -0.0008 -1.0000 -0.0002
vn -0.0080 -1.0000 -0.0020
vn -0.0143 -0.9999 -0.0036
vn 0.9808 0.0042 0.1951
vn 0.9748 0.0021 0.2230
vn 0.9721 -0.0291 0.2326
vn 0.9731 0.0198 0.2296
vn 0.9698 0.0201 0.2429
vn 0.9664 0.0198 0.2562
vn 0.9648 0.0021 0.2629
vn 0.9670 -0.0292 0.2531
vn 0.9695 -0.0332 0.2428
vn -0.0076 -1.0000 0.0005
vn -0.0093 -1.0000 0.0018
vn 0.6809 -0.7186 -0.1410
vn -0.0832 -0.9965 -0.0123
vn -0.0542 -0.9985 -0.0042
vn -0.0155 -0.9999 0.0018
vn 0.9946 -0.0271 0.0998
vn 0.9873 0.0637 0.1453
vn 0.9221 0.3620 0.1366
vn 0.9729 0.1821 0.1423
vn 0.9708 0.1910 0.1451
vn 0.8612 0.4922 0.1265
vn 0.8410 0.5264 0.1248
vn 0.8195 0.5597 0.1229
vn 0.4810 -0.8209 0.3080
vn -0.0116 -0.9999 -0.0061
vn -0.0112 -0.9999 -0.0057
vn -0.0172 -0.9998 -0.0065
vn -0.1662 -0.9853 -0.0383
vn -0.2991 -0.9522 -0.0626
vn -0.0007 -1.0000 -0.0000
vn -0.0072 -1.0000 -0.0009
vn -0.0127 -0.9999 -0.0017
vn 0.9952 0.0014 0.0980
vn 0.9923 -0.0002 0.1242
vn 0.9903 -0.0380 0.1335
vn 0.9909 0.0197 0.1330
vn 0.9890 0.0201 0.1467
vn 0.9869 0.0198 0.1603
vn 0.9859 0.0021 0.1670
vn 0.9871 -0.0298 0.1571
vn 0.9886 -0.0385 0.1456
vn 0.9996 -0.0272 -0.0018
vn 1.0000 0.0014 -0.0000
vn 0.9997 -0.0003 0.0263
vn 0.9986 -0.0392 0.0358
vn 0.9992 0.0197 0.0352
vn 0.9986 0.0201 0.0491
vn 0.9978 0.0197 0.0629
vn 0.9974 -0.0003 0.0718
vn 0.9973 -0.0392 0.0622
vn 0.9959 -0.0763 0.0489
vn 0.9978 -0.0445 0.0490
vn -0.0074 -1.0000 0.0020
vn -0.0087 -1.0000 0.0035
vn 0.6402 -0.7188 -0.2711
vn -0.0841 -0.9964 0.0042
vn -0.0841 -0.9965 0.0042
vn -0.0539 -0.9985 0.0065
vn -0.0144 -0.9999 0.0047
vn 0.9950 -0.0271 -0.0962
vn 0.9972 0.0572 -0.0490
vn 0.9300 0.3646 -0.0457
vn 0.9819 0.1826 -0.0502
vn 0.9821 0.1824 -0.0463
vn 0.8439 0.5348 -0.0425
vn 0.8441 0.5346 -0.0415
vn 0.8443 0.5344 -0.0404
vn 0.6638 -0.7187 0.2070
vn -0.0090 -1.0000 -0.0027
vn -0.0076 -1.0000 -0.0012
vn -0.0148 -0.9999 -0.0032
vn -0.0542 -0.9985 -0.0012
vn -0.0840 -0.9965 0.0041
vn -0.0006 -1.0000 -0.0000
vn -0.0064 -1.0000 0.0003
vn -0.0112 -0.9999 0.0005
vn 0.9952 0.0014 -0.0980
vn 0.9974 -0.0003 -0.0718
vn 0.9973 -0.0388 -0.0622
vn 0.9978 0.0197 -0.0629
vn 0.9986 0.0201 -0.0491
vn 0.9992 0.0197 -0.0352
vn 0.9997 -0.0003 -0.0263
vn 0.9986 -0.0388 -0.0358
vn 0.9978 -0.0441 -0.0490
vn 0.9801 -0.0271 -0.1968
vn 0.9808 0.0014 -0.1951
vn 0.9856 -0.0003 -0.1692
vn 0.9864 -0.0391 -0.1596
vn 0.9869 0.0197 -0.1604
vn 0.9890 0.0201 -0.1467
vn 0.9909 0.0197 -0.1330
vn 0.9923 -0.0003 -0.1242
vn 0.9903 -0.0391 -0.1335
vn 0.9863 -0.0761 -0.1463
vn 0.9882 -0.0445 -0.1466
vn -0.0069 -1.0000 0.0034
vn -0.0079 -1.0000 0.0052
vn 0.5751 -0.7187 -0.3908
vn -0.0816 -0.9965 0.0205
vn -0.0515 -0.9985 0.0169
vn -0.0132 -0.9999 0.0074
vn 0.9571 -0.0280 -0.2884
vn 0.9684 0.0572 -0.2426
vn 0.9033 0.3644 -0.2263
vn 0.9533 0.1824 -0.2408
vn 0.9543 0.1823 -0.2370
vn 0.8198 0.5341 -0.2065
vn 0.8202 0.5339 -0.2054
vn 0.8206 0.5337 -0.2044
vn 0.6913 -0.7188 0.0736
vn -0.0094 -1.0000 -0.0009
vn -0.0077 -1.0000 0.0003
vn -0.0152 -0.9999 -0.0003
vn -0.0534 -0.9985 0.0094
vn -0.0817 -0.9964 0.0204
vn -0.0006 -1.0000 0.0001
vn -0.0062 -1.0000 0.0016
vn -0.0109 -0.9999 0.0027
vn 0.9569 0.0014 -0.2903
vn 0.9642 -0.0003 -0.2650
vn 0.9660 -0.0388 -0.2556
vn 0.9664 0.0197 -0.2564
vn 0.9698 0.0201 -0.2429
vn 0.9731 0.0197 -0.2295
vn 0.9753 -0.0003 -0.2208
vn 0.9724 -0.0388 -0.2300
vn 0.9691 -0.0441 -0.2427
vn 0.9228 -0.0485 -0.3822
vn 0.9239 -0.0028 -0.3827
vn 0.9324 -0.0038 -0.3614
vn 0.9340 -0.0560 -0.3528
vn 0.9365 0.0197 -0.3500
vn 0.9414 0.0201 -0.3368
vn 0.9459 0.0197 -0.3238
vn 0.9490 -0.0003 -0.3154
vn 0.9450 -0.0430 -0.3241
vn 0.9352 -0.0985 -0.3402
vn 0.9399 -0.0557 -0.3370
vn 0.8808 -0.0494 -0.4708
vn 0.8819 -0.0028 -0.4714
vn 0.8925 -0.0038 -0.4510
vn 0.8947 -0.0605 -0.4426
vn 0.8977 0.0196 -0.4402
vn 0.9038 0.0201 -0.4275
vn 0.9097 0.0197 -0.4147
vn 0.9148 -0.0038 -0.4038
vn 0.9097 -0.0605 -0.4108
vn 0.8975 -0.1195 -0.4245
vn 0.9018 -0.0692 -0.4265
vn 0.8305 -0.0498 -0.5549
vn 0.8315 -0.0028 -0.5556
vn 0.8440 -0.0038 -0.5363
vn 0.8470 -0.0606 -0.5282
vn 0.8502 0.0197 -0.5260
vn 0.8576 0.0201 -0.5140
vn 0.8647 0.0197 -0.5019
vn 0.8709 -0.0038 -0.4915
vn 0.8651 -0.0606 -0.4980
vn 0.8516 -0.1193 -0.5104
vn 0.8557 -0.0693 -0.5129
vn 0.7721 -0.0057 -0.6355
vn 0.7820 -0.0870 -0.6172
vn 0.7876 0.0229 -0.6157
vn 0.8021 0.0230 -0.5968
vn 0.8113 0.0200 -0.5843
vn 0.8185 -0.0038 -0.5745
vn 0.8119 -0.0633 -0.5803
vn 0.7910 -0.1481 -0.5936
vn 0.7980 -0.0867 -0.5963
vn -0.0008 -1.0000 0.0020
vn -0.0015 -0.9999 0.0125
vn -0.0013 -0.9999 0.0130
vn 0.2081 -0.8392 -0.5024
vn 0.0112 -0.8208 -0.5711
vn -0.1141 -0.9522 0.2835
vn -0.0605 -0.9854 0.1594
vn -0.0042 -0.9998 0.0179
vn 0.3827 -0.0147 -0.9238
vn 0.4290 0.0597 -0.9013
vn 0.4054 0.3193 -0.8566
vn 0.4187 0.1914 -0.8877
vn 0.4218 0.1875 -0.8871
vn 0.3824 0.4430 -0.8109
vn 0.3831 0.4439 -0.8100
vn 0.3838 0.4449 -0.8092
vn 0.5712 -0.6001 -0.5601
vn -0.0041 -1.0000 0.0078
vn 0.0026 -1.0000 0.0062
vn -0.0099 -0.9999 0.0119
vn 0.0431 -0.9971 -0.0629
vn 0.1020 -0.9843 -0.1439
vn -0.0004 -1.0000 0.0006
vn -0.0032 -1.0000 0.0065
vn -0.0056 -0.9999 0.0115
vn 0.3827 0.0042 -0.9239
vn 0.4088 0.0021 -0.9126
vn 0.4178 -0.0310 -0.9080
vn 0.4151 0.0202 -0.9096
vn 0.4288 0.0230 -0.9031
vn 0.4500 0.0230 -0.8927
vn 0.4694 0.0005 -0.8830
vn 0.4479 -0.0491 -0.8928
vn 0.4298 -0.0467 -0.9017
vn -0.0010 -1.0000 0.0076
vn -0.0000 -1.0000 0.0095
vn -0.0054 -0.7184 -0.6956
vn -0.0283 -0.9965 0.0792
vn -0.0146 -0.9985 0.0522
vn 0.2919 -0.0271 -0.9561
vn 0.3352 0.0637 -0.9400
vn 0.3138 0.3625 -0.8776
vn 0.3294 0.1819 -0.9265
vn 0.3318 0.1909 -0.9239
vn 0.2919 0.4932 -0.8195
vn 0.2862 0.5274 -0.8000
vn 0.2802 0.5606 -0.7793
vn 0.3959 -0.8208 -0.4117
vn -0.0083 -0.9999 0.0101
vn -0.0078 -0.9999 0.0099
vn -0.0097 -0.9998 0.0156
vn -0.0699 -0.9853 0.1556
vn -0.1198 -0.9521 0.2814
vn -0.0001 -1.0000 0.0007
vn -0.0023 -1.0000 0.0069
vn -0.0042 -0.9999 0.0122
vn 0.2903 0.0014 -0.9569
vn 0.3154 -0.0003 -0.9490
vn 0.3242 -0.0380 -0.9452
vn 0.3237 0.0197 -0.9459
vn 0.3368 0.0201 -0.9414
vn 0.3497 0.0198 -0.9366
vn 0.3562 0.0021 -0.9344
vn 0.3467 -0.0299 -0.9375
vn 0.3356 -0.0386 -0.9412
vn 0.1932 -0.0271 -0.9808
vn 0.1951 0.0014 -0.9808
vn 0.2208 -0.0003 -0.9753
vn 0.2300 -0.0391 -0.9724
vn 0.2295 0.0197 -0.9731
vn 0.2429 0.0201 -0.9698
vn 0.2564 0.0197 -0.9664
vn 0.2650 -0.0003 -0.9642
vn 0.2556 -0.0392 -0.9660
vn 0.2423 -0.0763 -0.9672
vn 0.2427 -0.0445 -0.9691
vn -0.0002 -1.0000 0.0021
vn 0.0022 -0.9999 0.0124
vn 0.0025 -0.9999 0.0128
vn 0.0533 -0.8392 -0.5411
vn -0.1551 -0.8208 -0.5498
vn -0.0269 -0.9522 0.3043
vn -0.0116 -0.9854 0.1700
vn 0.0012 -0.9998 0.0183
vn 0.0980 -0.0146 -0.9951
vn 0.1475 0.0636 -0.9870
vn 0.1370 0.3620 -0.9220
vn 0.1429 0.1908 -0.9712
vn 0.1463 0.1817 -0.9724
vn 0.1203 0.5598 -0.8199
vn 0.1247 0.5267 -0.8409
vn 0.1289 0.4923 -0.8608
vn 0.3325 -0.7187 -0.6106
vn -0.0044 -1.0000 0.0084
vn -0.0027 -1.0000 0.0072
vn -0.0117 -0.9985 0.0529
vn -0.0124 -0.9965 0.0832
vn -0.0002 -1.0000 0.0007
vn -0.0012 -1.0000 0.0072
vn -0.0021 -0.9999 0.0127
vn 0.0980 0.0042 -0.9952
vn 0.1263 0.0021 -0.9920
vn 0.1362 -0.0298 -0.9902
vn 0.1331 0.0198 -0.9909
vn 0.1467 0.0201 -0.9890
vn 0.1604 0.0197 -0.9869
vn 0.1692 -0.0003 -0.9856
vn 0.1597 -0.0380 -0.9864
vn 0.1477 -0.0385 -0.9883
vn 0.0012 -1.0000 0.0076
vn 0.0027 -1.0000 0.0091
vn -0.2070 -0.7187 -0.6638
vn -0.0041 -0.9965 0.0840
vn -0.0041 -0.9965 0.0839
vn 0.0012 -0.9985 0.0543
vn 0.0034 -0.9999 0.0153
vn 0.0479 0.0637 -0.9968
vn 0.0455 0.3615 -0.9313
vn 0.0462 0.1820 -0.9822
vn 0.0493 0.1911 -0.9803
vn 0.0416 0.4894 -0.8711
vn 0.0418 0.5256 -0.8497
vn 0.0419 0.5606 -0.8270
vn 0.2593 -0.8209 -0.5088
vn -0.0050 -0.9999 0.0121
vn -0.0046 -0.9999 0.0117
vn -0.0048 -0.9998 0.0177
vn -0.0218 -0.9853 0.1693
vn -0.0330 -0.9521 0.3040
vn 0.0001 -1.0000 0.0007
vn -0.0002 -1.0000 0.0073
vn -0.0005 -0.9999 0.0128
vn 0.0263 -0.0003 -0.9997
vn 0.0358 -0.0380 -0.9986
vn 0.0352 0.0197 -0.9992
vn 0.0491 0.0201 -0.9986
vn 0.0628 0.0198 -0.9978
vn 0.0696 0.0021 -0.9976
vn 0.0596 -0.0299 -0.9978
vn 0.0480 -0.0386 -0.9981
vn 0.0011 -1.0000 -0.0000
vn 0.0007 -1.0000 -0.0000
vn -0.0009 -1.0000 -0.0001
vn -0.0144 -0.9999 0.0001
vn 0.0143 -0.9999 0.0015
vn 0.0301 -0.9995 0.0027
vn 0.3582 0.9333 0.0263
vn 0.2017 0.9794 0.0100
vn 0.2540 0.9670 0.0181
vn 0.0026 0.9986 -0.0533
vn -0.2017 0.9794 -0.0098
vn -0.3590 0.9333 -0.0089
vn -0.2546 0.9670 -0.0068
vn -0.0302 -0.9995 -0.0003
vn -0.0011 -1.0000 -0.0002
vn -0.0007 -1.0000 -0.0001
vn -0.0143 -0.9999 -0.0013
vn 0.0141 -0.9999 0.0029
vn 0.0297 -0.9995 0.0056
vn 0.3538 0.9333 0.0613
vn 0.1997 0.9794 0.0297
vn 0.2510 0.9670 0.0430
vn 0.0078 0.9986 -0.0527
vn -0.1997 0.9794 -0.0295
vn -0.3564 0.9333 -0.0441
vn -0.2527 0.9670 -0.0317
vn -0.0300 -0.9995 -0.0032
vn 0.0011 -1.0000 0.0003
vn 0.0009 -1.0000 0.0002
vn -0.0011 -1.0000 -0.0003
vn -0.0009 -1.0000 -0.0002
vn -0.0141 -0.9999 -0.0027
vn 0.0137 -0.9999 0.0042
vn 0.0290 -0.9995 0.0085
vn 0.3461 0.9333 0.0957
vn 0.1958 0.9794 0.0491
vn 0.2456 0.9670 0.0674
vn 0.0130 0.9986 -0.0517
vn -0.1959 0.9794 -0.0490
vn -0.3503 0.9333 -0.0788
vn -0.2484 0.9670 -0.0564
vn -0.0296 -0.9995 -0.0062
vn 0.0011 -1.0000 0.0004
vn 0.0006 -1.0000 0.0002
vn -0.0008 -1.0000 -0.0003
vn -0.0138 -0.9999 -0.0041
vn 0.0132 -0.9999 0.0056
vn 0.0280 -0.9995 0.0113
vn 0.3351 0.9333 0.1292
vn 0.1901 0.9794 0.0681
vn 0.2378 0.9670 0.0911
vn 0.0180 0.9986 -0.0502
vn -0.1901 0.9794 -0.0679
vn -0.3410 0.9333 -0.1127
vn -0.2416 0.9670 -0.0804
vn -0.0288 -0.9995 -0.0090
vn 0.0008 -1.0000 0.0004
vn -0.0010 -1.0000 -0.0005
vn -0.0133 -0.9999 -0.0054
vn 0.0126 -0.9999 0.0068
vn 0.0267 -0.9995 0.0140
vn 0.3208 0.9333 0.1614
vn 0.1825 0.9794 0.0864
vn 0.2277 0.9670 0.1140
vn 0.0228 0.9986 -0.0482
vn -0.1826 0.9794 -0.0862
vn -0.3283 0.9333 -0.1456
vn -0.2325 0.9670 -0.1037
vn -0.0278 -0.9995 -0.0118
vn 0.0009 -1.0000 0.0006
vn 0.0008 -1.0000 0.0005
vn -0.0013 -1.0000 -0.0008
vn -0.0016 -1.0000 -0.0010
vn -0.0002 1.0000 -0.0001
vn -0.0127 -0.9999 -0.0067
vn 0.0119 -0.9999 0.0080
vn 0.0253 -0.9995 0.0165
vn 0.3034 0.9333 0.1920
vn 0.1731 0.9794 0.1039
vn 0.2155 0.9670 0.1358
vn 0.0274 0.9986 -0.0457
vn -0.1732 0.9794 -0.1037
vn -0.3124 0.9333 -0.1771
vn -0.2213 0.9670 -0.1260
vn -0.0265 -0.9995 -0.0145
vn 0.0002 1.0000 0.0001
vn 0.0012 -1.0000 0.0009
vn 0.0015 -1.0000 0.0011
vn -0.0012 -1.0000 -0.0009
vn -0.0015 -1.0000 -0.0011
vn -0.0120 -0.9999 -0.0079
vn 0.0110 -0.9999 0.0092
vn 0.0235 -0.9995 0.0189
vn 0.2832 0.9333 0.2209
vn 0.1621 0.9794 0.1203
vn 0.2011 0.9670 0.1562
vn 0.0318 0.9986 -0.0428
vn -0.1622 0.9794 -0.1202
vn -0.2935 0.9333 -0.2069
vn -0.2079 0.9670 -0.1471
vn -0.0249 -0.9995 -0.0170
vn 0.0011 -1.0000 0.0010
vn 0.0014 -1.0000 0.0012
vn -0.0011 -1.0000 -0.0010
vn -0.0014 -1.0000 -0.0013
vn -0.0002 1.0000 -0.0002
vn -0.0111 -0.9999 -0.0090
vn 0.0101 -0.9999 0.0102
vn 0.0215 -0.9995 0.0212
vn 0.2602 0.9333 0.2476
vn 0.1495 0.9794 0.1357
vn 0.1849 0.9670 0.1752
vn 0.0358 0.9986 -0.0395
vn -0.1497 0.9794 -0.1355
vn -0.2719 0.9333 -0.2346
vn -0.1925 0.9670 -0.1668
vn -0.0232 -0.9995 -0.0194
vn 0.0002 1.0000 0.0002
vn 0.0010 -1.0000 0.0011
vn 0.0013 -1.0000 0.0014
vn -0.0010 -1.0000 -0.0011
vn -0.0012 -1.0000 -0.0014
vn -0.0001 1.0000 -0.0002
vn -0.0102 -0.9999 -0.0101
vn 0.0090 -0.9999 0.0111
vn 0.0194 -0.9995 0.0232
vn 0.2346 0.9333 0.2719
vn 0.1355 0.9794 0.1497
vn 0.1668 0.9670 0.1925
vn 0.0395 0.9986 -0.0358
vn -0.1357 0.9794 -0.1495
vn -0.2476 0.9333 -0.2602
vn -0.1752 0.9670 -0.1849
vn -0.0212 -0.9995 -0.0215
vn 0.0001 1.0000 0.0002
vn 0.0009 -1.0000 0.0012
vn 0.0011 -1.0000 0.0015
vn -0.0009 -1.0000 -0.0012
vn -0.0011 -1.0000 -0.0015
vn -0.0092 -0.9999 -0.0110
vn 0.0079 -0.9999 0.0120
vn 0.0170 -0.9995 0.0249
vn 0.2069 0.9333 0.2936
vn 0.1202 0.9794 0.1622
vn 0.1471 0.9670 0.2079
vn 0.0428 0.9986 -0.0318
vn -0.1203 0.9794 -0.1621
vn -0.2209 0.9333 -0.2832
vn -0.1562 0.9670 -0.2011
vn -0.0189 -0.9995 -0.0235
vn 0.0008 -1.0000 0.0013
vn 0.0010 -1.0000 0.0016
vn -0.0008 -1.0000 -0.0013
vn -0.0009 -1.0000 -0.0016
vn -0.0080 -0.9999 -0.0119
vn 0.0067 -0.9999 0.0127
vn 0.0145 -0.9995 0.0265
vn 0.1771 0.9333 0.3124
vn 0.1037 0.9794 0.1732
vn 0.1260 0.9670 0.2213
vn 0.0457 0.9986 -0.0274
vn -0.1039 0.9794 -0.1731
vn -0.1920 0.9333 -0.3034
vn -0.1358 0.9670 -0.2155
vn -0.0165 -0.9995 -0.0253
vn 0.0006 -1.0000 0.0013
vn 0.0008 -1.0000 0.0017
vn -0.0006 -1.0000 -0.0013
vn -0.0008 -1.0000 -0.0017
vn -0.0068 -0.9999 -0.0126
vn 0.0054 -0.9999 0.0133
vn 0.0118 -0.9995 0.0278
vn 0.1456 0.9333 0.3283
vn 0.0862 0.9794 0.1826
vn 0.1037 0.9670 0.2326
vn 0.0482 0.9986 -0.0228
vn -0.0864 0.9794 -0.1825
vn -0.1614 0.9333 -0.3208
vn -0.1140 0.9670 -0.2277
vn -0.0140 -0.9995 -0.0267
vn 0.0005 -1.0000 0.0014
vn 0.0007 -1.0000 0.0017
vn -0.0004 -1.0000 -0.0010
vn -0.0003 -1.0000 -0.0009
vn -0.0056 -0.9999 -0.0132
vn 0.0041 -0.9999 0.0138
vn 0.0090 -0.9995 0.0288
vn 0.1127 0.9333 0.3410
vn 0.0679 0.9794 0.1901
vn 0.0804 0.9670 0.2416
vn 0.0502 0.9986 -0.0180
vn -0.0681 0.9794 -0.1901
vn -0.1292 0.9333 -0.3351
vn -0.0911 0.9670 -0.2378
vn -0.0113 -0.9995 -0.0280
vn 0.0003 -1.0000 0.0011
vn -0.0003 -1.0000 -0.0011
vn -0.0042 -0.9999 -0.0137
vn 0.0027 -0.9999 0.0141
vn 0.0062 -0.9995 0.0296
vn 0.0788 0.9333 0.3503
vn 0.0490 0.9794 0.1959
vn 0.0564 0.9670 0.2484
vn 0.0517 0.9986 -0.0130
vn -0.0491 0.9794 -0.1958
vn -0.0957 0.9333 -0.3461
vn -0.0674 0.9670 -0.2456
vn -0.0085 -0.9995 -0.0290
vn 0.0002 -1.0000 0.0011
vn 0.0002 -1.0000 0.0009
vn -0.0002 -1.0000 -0.0011
vn -0.0001 -1.0000 -0.0009
vn -0.0029 -0.9999 -0.0141
vn 0.0013 -0.9999 0.0143
vn 0.0032 -0.9995 0.0300
vn 0.0441 0.9333 0.3564
vn 0.0295 0.9794 0.1997
vn 0.0317 0.9670 0.2527
vn 0.0527 0.9986 -0.0078
vn -0.0297 0.9794 -0.1997
vn -0.0613 0.9333 -0.3538
vn -0.0430 0.9670 -0.2510
vn -0.0056 -0.9995 -0.0297
vn 0.0001 -1.0000 0.0011
vn -0.0000 -1.0000 0.0007
vn -0.0000 -1.0000 -0.0011
vn -0.0000 -1.0000 -0.0007
vn -0.0015 -0.9999 -0.0143
vn -0.0001 -0.9999 0.0144
vn 0.0003 -0.9995 0.0302
vn 0.0089 0.9333 0.3590
vn 0.0098 0.9794 0.2017
vn 0.0068 0.9670 0.2546
vn 0.0533 0.9986 -0.0026
vn -0.0100 0.9794 -0.2017
vn -0.0263 0.9333 -0.3582
vn -0.0181 0.9670 -0.2540
vn -0.0027 -0.9995 -0.0301
vn -0.0001 -1.0000 0.0011
vn -0.0000 -1.0000 0.0010
vn 0.0001 -1.0000 -0.0011
vn 0.0001 -1.0000 -0.0009
vn -0.0001 -0.9999 -0.0144
vn -0.0015 -0.9999 0.0143
vn -0.0027 -0.9995 0.0301
vn -0.0263 0.9333 0.3582
vn -0.0100 0.9794 0.2017
vn -0.0181 0.9670 0.2540
vn 0.0533 0.9986 0.0026
vn 0.0098 0.9794 -0.2017
vn 0.0089 0.9333 -0.3590
vn 0.0068 0.9670 -0.2546
vn 0.0003 -0.9995 -0.0302
vn 0.0001 -1.0000 -0.0008
vn 0.0001 -1.0000 -0.0005
vn 0.0013 -0.9999 -0.0143
vn -0.0029 -0.9999 0.0141
vn -0.0056 -0.9995 0.0297
vn -0.0613 0.9333 0.3538
vn -0.0297 0.9794 0.1997
vn -0.0430 0.9670 0.2510
vn 0.0527 0.9986 0.0078
vn 0.0295 0.9794 -0.1997
vn 0.0441 0.9333 -0.3564
vn 0.0317 0.9670 -0.2527
vn 0.0032 -0.9995 -0.0300
vn -0.0002 -1.0000 0.0008
vn -0.0001 -1.0000 0.0005
vn 0.0002 -1.0000 -0.0008
vn 0.0027 -0.9999 -0.0141
vn -0.0042 -0.9999 0.0137
vn -0.0085 -0.9995 0.0290
vn -0.0957 0.9333 0.3461
vn -0.0491 0.9794 0.1958
vn -0.0674 0.9670 0.2456
vn 0.0517 0.9986 0.0130
vn 0.0490 0.9794 -0.1959
vn 0.0788 0.9333 -0.3503
vn 0.0564 0.9670 -0.2484
vn 0.0062 -0.9995 -0.0296
vn -0.0003 -1.0000 0.0008
vn -0.0002 -1.0000 0.0005
vn 0.0004 -1.0000 -0.0011
vn 0.0002 -1.0000 -0.0006
vn 0.0041 -0.9999 -0.0138
vn -0.0056 -0.9999 0.0132
vn -0.0113 -0.9995 0.0280
vn -0.1292 0.9333 0.3351
vn -0.0681 0.9794 0.1901
vn -0.0911 0.9670 0.2378
vn 0.0502 0.9986 0.0180
vn 0.0679 0.9794 -0.1901
vn 0.1127 0.9333 -0.3410
vn 0.0804 0.9670 -0.2416
vn 0.0090 -0.9995 -0.0288
vn -0.0005 -1.0000 0.0010
vn -0.0004 -1.0000 0.0009
vn 0.0006 -1.0000 -0.0013
vn 0.0008 -1.0000 -0.0017
vn 0.0001 1.0000 -0.0002
vn 0.0054 -0.9999 -0.0133
vn -0.0068 -0.9999 0.0126
vn -0.0140 -0.9995 0.0268
vn -0.1614 0.9333 0.3208
vn -0.0864 0.9794 0.1825
vn -0.1140 0.9670 0.2277
vn 0.0482 0.9986 0.0228
vn 0.0862 0.9794 -0.1826
vn 0.1456 0.9333 -0.3283
vn 0.1037 0.9670 -0.2325
vn 0.0118 -0.9995 -0.0278
vn -0.0001 1.0000 0.0002
vn -0.0008 -1.0000 0.0013
vn -0.0009 -1.0000 0.0016
vn 0.0008 -1.0000 -0.0013
vn 0.0010 -1.0000 -0.0016
vn 0.0067 -0.9999 -0.0127
vn -0.0080 -0.9999 0.0119
vn -0.0165 -0.9995 0.0253
vn -0.1920 0.9333 0.3034
vn -0.1039 0.9794 0.1731
vn -0.1358 0.9670 0.2155
vn 0.0457 0.9986 0.0274
vn 0.1037 0.9794 -0.1732
vn 0.1771 0.9333 -0.3124
vn 0.1260 0.9670 -0.2213
vn 0.0145 -0.9995 -0.0265
vn -0.0009 -1.0000 0.0012
vn -0.0011 -1.0000 0.0015
vn 0.0009 -1.0000 -0.0012
vn 0.0011 -1.0000 -0.0015
vn 0.0079 -0.9999 -0.0120
vn -0.0092 -0.9999 0.0110
vn -0.0189 -0.9995 0.0235
vn -0.2209 0.9333 0.2832
vn -0.1203 0.9794 0.1621
vn -0.1562 0.9670 0.2011
vn 0.0428 0.9986 0.0318
vn 0.1202 0.9794 -0.1622
vn 0.2069 0.9333 -0.2935
vn 0.1471 0.9670 -0.2079
vn 0.0170 -0.9995 -0.0249
vn -0.0010 -1.0000 0.0011
vn -0.0012 -1.0000 0.0014
vn 0.0007 -1.0000 -0.0008
vn 0.0007 -1.0000 -0.0007
vn 0.0090 -0.9999 -0.0111
vn -0.0102 -0.9999 0.0101
vn -0.0212 -0.9995 0.0215
vn -0.2476 0.9333 0.2602
vn -0.1357 0.9794 0.1495
vn -0.1752 0.9670 0.1849
vn 0.0395 0.9986 0.0358
vn 0.1355 0.9794 -0.1497
vn 0.2346 0.9333 -0.2719
vn 0.1668 0.9670 -0.1925
vn 0.0194 -0.9995 -0.0232
vn -0.0008 -1.0000 0.0008
vn -0.0005 -1.0000 0.0005
vn 0.0006 -1.0000 -0.0006
vn 0.0101 -0.9999 -0.0102
vn -0.0111 -0.9999 0.0090
vn -0.0232 -0.9995 0.0194
vn -0.2719 0.9333 0.2346
vn -0.1497 0.9794 0.1355
vn -0.1925 0.9670 0.1668
vn 0.0358 0.9986 0.0395
vn 0.1495 0.9794 -0.1357
vn 0.2602 0.9333 -0.2476
vn 0.1849 0.9670 -0.1752
vn 0.0215 -0.9995 -0.0212
vn -0.0007 -1.0000 0.0005
vn 0.0009 -1.0000 -0.0007
vn 0.0005 -1.0000 -0.0004
vn 0.0110 -0.9999 -0.0092
vn -0.0120 -0.9999 0.0079
vn -0.0249 -0.9995 0.0170
vn -0.2936 0.9333 0.2069
vn -0.1622 0.9794 0.1202
vn -0.2079 0.9670 0.1471
vn 0.0318 0.9986 0.0428
vn 0.1621 0.9794 -0.1203
vn 0.2832 0.9333 -0.2209
vn 0.2011 0.9670 -0.1562
vn 0.0235 -0.9995 -0.0189
vn -0.0009 -1.0000 0.0006
vn 0.0013 -1.0000 -0.0008
vn 0.0016 -1.0000 -0.0009
vn 0.0002 1.0000 -0.0001
vn 0.0119 -0.9999 -0.0080
vn -0.0127 -0.9999 0.0067
vn -0.0265 -0.9995 0.0145
vn -0.3124 0.9333 0.1771
vn -0.1732 0.9794 0.1037
vn -0.2213 0.9670 0.1260
vn 0.0274 0.9986 0.0457
vn 0.1731 0.9794 -0.1039
vn 0.3034 0.9333 -0.1920
vn 0.2155 0.9670 -0.1358
vn 0.0253 -0.9995 -0.0165
vn -0.0002 1.0000 0.0001
vn -0.0013 -1.0000 0.0006
vn -0.0017 -1.0000 0.0008
vn 0.0010 -1.0000 -0.0005
vn 0.0009 -1.0000 -0.0004
vn 0.0126 -0.9999 -0.0068
vn -0.0133 -0.9999 0.0054
vn -0.0278 -0.9995 0.0118
vn -0.3283 0.9333 0.1456
vn -0.1826 0.9794 0.0862
vn -0.2326 0.9670 0.1037
vn 0.0228 0.9986 0.0482
vn 0.1825 0.9794 -0.0864
vn 0.3208 0.9333 -0.1614
vn 0.2277 0.9670 -0.1140
vn 0.0267 -0.9995 -0.0140
vn -0.0011 -1.0000 0.0004
vn -0.0006 -1.0000 0.0002
vn 0.0011 -1.0000 -0.0004
vn 0.0006 -1.0000 -0.0002
vn 0.0132 -0.9999 -0.0056
vn -0.0138 -0.9999 0.0041
vn -0.0288 -0.9995 0.0090
vn -0.3410 0.9333 0.1127
vn -0.1901 0.9794 0.0679
vn -0.2416 0.9670 0.0804
vn 0.0180 0.9986 0.0502
vn 0.1901 0.9794 -0.0681
vn 0.3351 0.9333 -0.1292
vn 0.2378 0.9670 -0.0911
vn 0.0280 -0.9995 -0.0113
vn -0.0011 -1.0000 0.0003
vn -0.0009 -1.0000 0.0002
vn 0.0011 -1.0000 -0.0003
vn 0.0009 -1.0000 -0.0002
vn 0.0137 -0.9999 -0.0042
vn -0.0141 -0.9999 0.0027
vn -0.0296 -0.9995 0.0062
vn -0.3503 0.9333 0.0788
vn -0.1959 0.9794 0.0490
vn -0.2484 0.9670 0.0564
vn 0.0130 0.9986 0.0517
vn 0.1958 0.9794 -0.0491
vn 0.3461 0.9333 -0.0957
vn 0.2456 0.9670 -0.0674
vn 0.0290 -0.9995 -0.0085
vn -0.0011 -1.0000 0.0002
vn -0.0007 -1.0000 0.0001
vn 0.0011 -1.0000 -0.0001
vn 0.0007 -1.0000 -0.0001
vn 0.0141 -0.9999 -0.0029
vn -0.0143 -0.9999 0.0013
vn -0.0300 -0.9995 0.0032
vn -0.3564 0.9333 0.0441
vn -0.1997 0.9794 0.0295
vn -0.2527 0.9670 0.0317
vn 0.0078 0.9986 0.0527
vn 0.1997 0.9794 -0.0297
vn 0.3538 0.9333 -0.0613
vn 0.2510 0.9670 -0.0430
vn 0.0297 -0.9995 -0.0056
vn -0.0011 -1.0000 0.0001
vn 0.0009 -1.0000 -0.0000
vn 0.0143 -0.9999 -0.0015
vn -0.0144 -0.9999 -0.0001
vn -0.0302 -0.9995 0.0003
vn -0.3590 0.9333 0.0089
vn -0.2017 0.9794 0.0098
vn -0.2546 0.9670 0.0068
vn 0.0026 0.9986 0.0533
vn 0.2017 0.9794 -0.0100
vn 0.3582 0.9333 -0.0263
vn 0.2540 0.9670 -0.0181
vn 0.0301 -0.9995 -0.0027
vn -0.0011 -1.0000 -0.0000
vn 0.0009 -1.0000 0.0001
vn 0.0144 -0.9999 -0.0001
vn -0.0143 -0.9999 -0.0015
vn -0.0301 -0.9995 -0.0027
vn -0.3582 0.9333 -0.0263
vn -0.2017 0.9794 -0.0100
vn -0.2540 0.9670 -0.0181
vn -0.0026 0.9986 0.0533
vn 0.2017 0.9794 0.0098
vn 0.3590 0.9333 0.0089
vn 0.2546 0.9670 0.0068
vn 0.0302 -0.9995 0.0003
vn -0.0008 -1.0000 -0.0001
vn -0.0005 -1.0000 -0.0001
vn 0.0011 -1.0000 0.0002
vn 0.0007 -1.0000 0.0001
vn 0.0143 -0.9999 0.0013
vn -0.0141 -0.9999 -0.0029
vn -0.0297 -0.9995 -0.0056
vn -0.3538 0.9333 -0.0613
vn -0.1997 0.9794 -0.0297
vn -0.2510 0.9670 -0.0430
vn -0.0078 0.9986 0.0527
vn 0.1997 0.9794 0.0295
vn 0.3564 0.9333 0.0441
vn 0.2527 0.9670 0.0317
vn 0.0300 -0.9995 0.0032
vn 0.0014 -1.0000 0.0004
vn 0.0018 -1.0000 0.0005
vn 0.0141 -0.9999 0.0027
vn -0.0137 -0.9999 -0.0042
vn -0.0290 -0.9995 -0.0085
vn -0.3461 0.9333 -0.0957
vn -0.1958 0.9794 -0.0491
vn -0.2456 0.9670 -0.0674
vn -0.0130 0.9986 0.0517
vn 0.1959 0.9794 0.0490
vn 0.3503 0.9333 0.0788
vn 0.2484 0.9670 0.0564
vn 0.0296 -0.9995 0.0062
vn -0.0014 -1.0000 -0.0005
vn -0.0018 -1.0000 -0.0006
vn 0.0014 -1.0000 0.0005
vn 0.0017 -1.0000 0.0007
vn 0.0138 -0.9999 0.0041
vn -0.0132 -0.9999 -0.0056
vn -0.0280 -0.9995 -0.0113
vn -0.3351 0.9333 -0.1292
vn -0.1901 0.9794 -0.0681
vn -0.2378 0.9670 -0.0911
vn -0.0180 0.9986 0.0502
vn 0.1901 0.9794 0.0679
vn 0.3410 0.9333 0.1127
vn 0.2416 0.9670 0.0804
vn 0.0288 -0.9995 0.0090
vn -0.0013 -1.0000 -0.0006
vn -0.0017 -1.0000 -0.0008
vn 0.0010 -1.0000 0.0005
vn 0.0009 -1.0000 0.0004
vn 0.0133 -0.9999 0.0054
vn -0.0126 -0.9999 -0.0068
vn -0.0267 -0.9995 -0.0140
vn -0.3208 0.9333 -0.1614
vn -0.1825 0.9794 -0.0864
vn -0.2277 0.9670 -0.1140
vn -0.0228 0.9986 0.0482
vn 0.1826 0.9794 0.0862
vn 0.3283 0.9333 0.1456
vn 0.2325 0.9670 0.1037
vn 0.0278 -0.9995 0.0118
vn -0.0010 -1.0000 -0.0006
vn 0.0010 -1.0000 0.0006
vn 0.0127 -0.9999 0.0067
vn -0.0119 -0.9999 -0.0080
vn -0.0253 -0.9995 -0.0165
vn -0.3034 0.9333 -0.1920
vn -0.1731 0.9794 -0.1039
vn -0.2155 0.9670 -0.1358
vn -0.0274 0.9986 0.0457
vn 0.1732 0.9794 0.1037
vn 0.3124 0.9333 0.1771
vn 0.2213 0.9670 0.1260
vn 0.0265 -0.9995 0.0145
vn -0.0009 -1.0000 -0.0007
vn -0.0008 -1.0000 -0.0006
vn 0.0120 -0.9999 0.0079
vn -0.0110 -0.9999 -0.0092
vn -0.0235 -0.9995 -0.0189
vn -0.2832 0.9333 -0.2209
vn -0.1621 0.9794 -0.1203
vn -0.2011 0.9670 -0.1562
vn -0.0318 0.9986 0.0428
vn 0.1622 0.9794 0.1202
vn 0.2935 0.9333 0.2069
vn 0.2079 0.9670 0.1471
vn 0.0249 -0.9995 0.0170
vn -0.0014 -1.0000 -0.0012
vn 0.0014 -1.0000 0.0013
vn 0.0111 -0.9999 0.0090
vn -0.0101 -0.9999 -0.0102
vn -0.0215 -0.9995 -0.0212
vn -0.2602 0.9333 -0.2476
vn -0.1495 0.9794 -0.1357
vn -0.1849 0.9670 -0.1752
vn -0.0358 0.9986 0.0395
vn 0.1497 0.9794 0.1355
vn 0.2719 0.9333 0.2346
vn 0.1925 0.9670 0.1668
vn 0.0232 -0.9995 0.0194
vn -0.0013 -1.0000 -0.0014
vn 0.0012 -1.0000 0.0014
vn 0.0102 -0.9999 0.0101
vn -0.0090 -0.9999 -0.0111
vn -0.0194 -0.9995 -0.0232
vn -0.2346 0.9333 -0.2719
vn -0.1355 0.9794 -0.1497
vn -0.1668 0.9670 -0.1925
vn -0.0395 0.9986 0.0358
vn 0.1357 0.9794 0.1495
vn 0.2476 0.9333 0.2602
vn 0.1752 0.9670 0.1849
vn 0.0212 -0.9995 0.0215
vn 0.0092 -0.9999 0.0110
vn -0.0079 -0.9999 -0.0120
vn -0.0170 -0.9995 -0.0249
vn -0.2069 0.9333 -0.2936
vn -0.1202 0.9794 -0.1622
vn -0.1471 0.9670 -0.2079
vn -0.0428 0.9986 0.0318
vn 0.1203 0.9794 0.1621
vn 0.2209 0.9333 0.2832
vn 0.1562 0.9670 0.2011
vn 0.0189 -0.9995 0.0235
vn -0.0010 -1.0000 -0.0016
vn 0.0009 -1.0000 0.0016
vn 0.0080 -0.9999 0.0119
vn -0.0067 -0.9999 -0.0127
vn -0.0145 -0.9995 -0.0265
vn -0.1771 0.9333 -0.3124
vn -0.1037 0.9794 -0.1732
vn -0.1260 0.9670 -0.2213
vn -0.0457 0.9986 0.0274
vn 0.1039 0.9794 0.1731
vn 0.1920 0.9333 0.3034
vn 0.1358 0.9670 0.2155
vn 0.0165 -0.9995 0.0253
vn 0.0068 -0.9999 0.0126
vn -0.0054 -0.9999 -0.0133
vn -0.0118 -0.9995 -0.0278
vn -0.1456 0.9333 -0.3283
vn -0.0862 0.9794 -0.1826
vn -0.1037 0.9670 -0.2326
vn -0.0482 0.9986 0.0228
vn 0.0864 0.9794 0.1825
vn 0.1614 0.9333 0.3208
vn 0.1140 0.9670 0.2277
vn 0.0140 -0.9995 0.0267
vn -0.0005 -1.0000 -0.0014
vn -0.0007 -1.0000 -0.0017
vn 0.0006 -1.0000 0.0018
vn 0.0056 -0.9999 0.0132
vn -0.0041 -0.9999 -0.0138
vn -0.0090 -0.9995 -0.0288
vn -0.1127 0.9333 -0.3410
vn -0.0679 0.9794 -0.1901
vn -0.0804 0.9670 -0.2416
vn -0.0502 0.9986 0.0180
vn 0.0681 0.9794 0.1901
vn 0.1292 0.9333 0.3351
vn 0.0911 0.9670 0.2378
vn 0.0113 -0.9995 0.0280
vn -0.0004 -1.0000 -0.0014
vn -0.0005 -1.0000 -0.0018
vn 0.0042 -0.9999 0.0137
vn -0.0027 -0.9999 -0.0141
vn -0.0062 -0.9995 -0.0296
vn -0.0788 0.9333 -0.3503
vn -0.0490 0.9794 -0.1959
vn -0.0564 0.9670 -0.2484
vn -0.0517 0.9986 0.0130
vn 0.0491 0.9794 0.1958
vn 0.0957 0.9333 0.3461
vn 0.0674 0.9670 0.2456
vn 0.0085 -0.9995 0.0290
vn 0.0001 -1.0000 0.0008
vn 0.0029 -0.9999 0.0141
vn -0.0013 -0.9999 -0.0143
vn -0.0032 -0.9995 -0.0300
vn -0.0441 0.9333 -0.3564
vn -0.0295 0.9794 -0.1997
vn -0.0317 0.9670 -0.2527
vn -0.0527 0.9986 0.0078
vn 0.0297 0.9794 0.1997
vn 0.0613 0.9333 0.3538
vn 0.0430 0.9670 0.2510
vn 0.0056 -0.9995 0.0297
vn -0.0000 -1.0000 0.0009
vn 0.0015 -0.9999 0.0143
vn 0.0001 -0.9999 -0.0144
vn -0.0003 -0.9995 -0.0302
vn -0.0089 0.9333 -0.3590
vn -0.0098 0.9794 -0.2017
vn -0.0068 0.9670 -0.2546
vn -0.0533 0.9986 0.0026
vn 0.0100 0.9794 0.2017
vn 0.0263 0.9333 0.3582
vn 0.0181 0.9670 0.2540
vn 0.0027 -0.9995 0.0301
vn -0.0001 -1.0000 0.0009
vn 0.0001 -0.9999 0.0144
vn 0.0015 -0.9999 -0.0143
vn 0.0027 -0.9995 -0.0301
vn 0.0263 0.9333 -0.3582
vn 0.0100 0.9794 -0.2017
vn 0.0181 0.9670 -0.2540
vn -0.0533 0.9986 -0.0026
vn -0.0098 0.9794 0.2017
vn -0.0089 0.9333 0.3590
vn -0.0068 0.9670 0.2546
vn -0.0003 -0.9995 0.0302
vn -0.0001 -1.0000 0.0008
vn -0.0013 -0.9999 0.0143
vn 0.0029 -0.9999 -0.0141
vn 0.0056 -0.9995 -0.0297
vn 0.0613 0.9333 -0.3538
vn 0.0297 0.9794 -0.1997
vn 0.0430 0.9670 -0.2510
vn -0.0527 0.9986 -0.0078
vn -0.0295 0.9794 0.1997
vn -0.0441 0.9333 0.3564
vn -0.0317 0.9670 0.2527
vn -0.0032 -0.9995 0.0300
vn -0.0027 -0.9999 0.0141
vn 0.0042 -0.9999 -0.0137
vn 0.0085 -0.9995 -0.0290
vn 0.0957 0.9333 -0.3461
vn 0.0491 0.9794 -0.1958
vn 0.0674 0.9670 -0.2456
vn -0.0517 0.9986 -0.0130
vn -0.0490 0.9794 0.1959
vn -0.0788 0.9333 0.3503
vn -0.0564 0.9670 0.2484
vn -0.0062 -0.9995 0.0296
vn 0.0003 -1.0000 -0.0008
vn -0.0041 -0.9999 0.0138
vn 0.0056 -0.9999 -0.0132
vn 0.0113 -0.9995 -0.0280
vn 0.1292 0.9333 -0.3351
vn 0.0681 0.9794 -0.1901
vn 0.0911 0.9670 -0.2378
vn -0.0502 0.9986 -0.0180
vn -0.0679 0.9794 0.1901
vn -0.1127 0.9333 0.3410
vn -0.0804 0.9670 0.2416
vn -0.0090 -0.9995 0.0288
vn 0.0004 -1.0000 -0.0008
vn -0.0003 -1.0000 0.0006
vn -0.0054 -0.9999 0.0133
vn 0.0068 -0.9999 -0.0126
vn 0.0140 -0.9995 -0.0268
vn 0.1614 0.9333 -0.3208
vn 0.0864 0.9794 -0.1825
vn 0.1140 0.9670 -0.2277
vn -0.0482 0.9986 -0.0228
vn -0.0862 0.9794 0.1826
vn -0.1456 0.9333 0.3283
vn -0.1037 0.9670 0.2325
vn -0.0118 -0.9995 0.0278
vn 0.0006 -1.0000 -0.0009
vn -0.0010 -1.0000 0.0016
vn -0.0067 -0.9999 0.0127
vn 0.0080 -0.9999 -0.0119
vn 0.0165 -0.9995 -0.0253
vn 0.1920 0.9333 -0.3034
vn 0.1039 0.9794 -0.1731
vn 0.1358 0.9670 -0.2155
vn -0.0457 0.9986 -0.0274
vn -0.1037 0.9794 0.1732
vn -0.1771 0.9333 0.3124
vn -0.1260 0.9670 0.2213
vn -0.0145 -0.9995 0.0265
vn -0.0006 -1.0000 0.0009
vn -0.0006 -1.0000 0.0008
vn -0.0079 -0.9999 0.0120
vn 0.0092 -0.9999 -0.0110
vn 0.0189 -0.9995 -0.0235
vn 0.2209 0.9333 -0.2832
vn 0.1203 0.9794 -0.1621
vn 0.1562 0.9670 -0.2011
vn -0.0428 0.9986 -0.0318
vn -0.1202 0.9794 0.1622
vn -0.2069 0.9333 0.2935
vn -0.1471 0.9670 0.2079
vn -0.0170 -0.9995 0.0249
vn 0.0007 -1.0000 -0.0009
vn 0.0004 -1.0000 -0.0005
vn -0.0090 -0.9999 0.0111
vn 0.0102 -0.9999 -0.0101
vn 0.0212 -0.9995 -0.0215
vn 0.2476 0.9333 -0.2602
vn 0.1357 0.9794 -0.1495
vn 0.1752 0.9670 -0.1849
vn -0.0395 0.9986 -0.0358
vn -0.1355 0.9794 0.1497
vn -0.2346 0.9333 0.2719
vn -0.1668 0.9670 0.1925
vn -0.0194 -0.9995 0.0232
vn 0.0008 -1.0000 -0.0007
vn -0.0011 -1.0000 0.0010
vn -0.0014 -1.0000 0.0012
vn -0.0101 -0.9999 0.0102
vn 0.0111 -0.9999 -0.0090
vn 0.0232 -0.9995 -0.0194
vn 0.2719 0.9333 -0.2346
vn 0.1497 0.9794 -0.1355
vn 0.1925 0.9670 -0.1668
vn -0.0358 0.9986 -0.0395
vn -0.1495 0.9794 0.1357
vn -0.2602 0.9333 0.2476
vn -0.1849 0.9670 0.1752
vn -0.0215 -0.9995 0.0212
vn 0.0012 -1.0000 -0.0009
vn 0.0015 -1.0000 -0.0011
vn -0.0012 -1.0000 0.0009
vn -0.0015 -1.0000 0.0011
vn -0.0110 -0.9999 0.0092
vn 0.0120 -0.9999 -0.0079
vn 0.0249 -0.9995 -0.0170
vn 0.2936 0.9333 -0.2069
vn 0.1622 0.9794 -0.1202
vn 0.2079 0.9670 -0.1471
vn -0.0318 0.9986 -0.0428
vn -0.1621 0.9794 0.1203
vn -0.2832 0.9333 0.2209
vn -0.2011 0.9670 0.1562
vn -0.0235 -0.9995 0.0189
vn 0.0016 -1.0000 -0.0010
vn -0.0013 -1.0000 0.0008
vn -0.0016 -1.0000 0.0009
vn -0.0119 -0.9999 0.0080
vn 0.0127 -0.9999 -0.0067
vn 0.0265 -0.9995 -0.0145
vn 0.3124 0.9333 -0.1771
vn 0.1732 0.9794 -0.1037
vn 0.2213 0.9670 -0.1260
vn -0.0274 0.9986 -0.0457
vn -0.1731 0.9794 0.1039
vn -0.3034 0.9333 0.1920
vn -0.2155 0.9670 0.1358
vn -0.0253 -0.9995 0.0165
vn 0.0013 -1.0000 -0.0006
vn 0.0017 -1.0000 -0.0008
vn -0.0126 -0.9999 0.0068
vn 0.0133 -0.9999 -0.0054
vn 0.0278 -0.9995 -0.0118
vn 0.3283 0.9333 -0.1456
vn 0.1826 0.9794 -0.0862
vn 0.2326 0.9670 -0.1037
vn -0.0228 0.9986 -0.0482
vn -0.1825 0.9794 0.0864
vn -0.3208 0.9333 0.1614
vn -0.2277 0.9670 0.1140
vn -0.0267 -0.9995 0.0140
vn 0.0014 -1.0000 -0.0005
vn 0.0017 -1.0000 -0.0007
vn -0.0014 -1.0000 0.0005
vn -0.0018 -1.0000 0.0006
vn -0.0132 -0.9999 0.0056
vn 0.0138 -0.9999 -0.0041
vn 0.0288 -0.9995 -0.0090
vn 0.3410 0.9333 -0.1127
vn 0.1901 0.9794 -0.0679
vn 0.2416 0.9670 -0.0804
vn -0.0180 0.9986 -0.0502
vn -0.1901 0.9794 0.0681
vn -0.3351 0.9333 0.1292
vn -0.2378 0.9670 0.0911
vn -0.0280 -0.9995 0.0113
vn 0.0014 -1.0000 -0.0004
vn 0.0018 -1.0000 -0.0005
vn -0.0014 -1.0000 0.0004
vn -0.0018 -1.0000 0.0004
vn -0.0137 -0.9999 0.0042
vn 0.0141 -0.9999 -0.0027
vn 0.0296 -0.9995 -0.0062
vn 0.3503 0.9333 -0.0788
vn 0.1959 0.9794 -0.0490
vn 0.2484 0.9670 -0.0564
vn -0.0130 0.9986 -0.0517
vn -0.1958 0.9794 0.0491
vn -0.3461 0.9333 0.0957
vn -0.2456 0.9670 0.0674
vn -0.0290 -0.9995 0.0085
vn 0.0015 -1.0000 -0.0002
vn 0.0018 -1.0000 -0.0003
vn -0.0015 -1.0000 0.0002
vn -0.0019 -1.0000 0.0002
vn -0.0141 -0.9999 0.0029
vn 0.0143 -0.9999 -0.0013
vn 0.0300 -0.9995 -0.0032
vn 0.3564 0.9333 -0.0441
vn 0.1997 0.9794 -0.0295
vn 0.2527 0.9670 -0.0317
vn -0.0078 0.9986 -0.0527
vn -0.1997 0.9794 0.0297
vn -0.3538 0.9333 0.0613
vn -0.2510 0.9670 0.0430
vn -0.0297 -0.9995 0.0056
vn 0.0015 -1.0000 -0.0001
vn 0.0019 -1.0000 -0.0001
vn -0.0143 -0.9999 0.0015
vn 0.0144 -0.9999 0.0001
vn 0.0302 -0.9995 -0.0003
vn 0.3590 0.9333 -0.0089
vn 0.2017 0.9794 -0.0098
vn 0.2546 0.9670 -0.0068
vn -0.0026 0.9986 -0.0533
vn -0.2017 0.9794 0.0100
vn -0.3582 0.9333 0.0263
vn -0.2540 0.9670 0.0181
vn -0.0301 -0.9995 0.0027
vt 1.000000 0.666667
vt 1.000000 0.833333
vt 0.992188 0.838220
vt 0.992188 0.712834
vt 1.000000 1.000000
vt 0.992188 1.000000
vt 0.984375 1.000000
vt 0.984375 0.836677
vt 0.984375 0.681818
vt 0.976563 0.838477
vt 0.976563 0.713863
vt 0.976563 1.000000
vt 0.968750 1.000000
vt 0.968750 0.836677
vt 0.968750 0.681818
vt 0.960938 0.838477
vt 0.960938 0.713863
vt 0.960938 1.000000
vt 0.953125 1.000000
vt 0.953125 0.836677
vt 0.953125 0.681818
vt 0.945313 0.838477
vt 0.945313 0.713863
vt 0.945313 1.000000
vt 0.937500 1.000000
vt 0.937500 0.836677
vt 0.937500 0.681818
vt 0.929688 0.838591
vt 0.929688 0.714316
vt 0.929688 1.000000
vt 0.921875 1.000000
vt 0.921875 0.836551
vt 0.921875 0.686667
vt 0.914063 0.836597
vt 0.914008 0.693611
vt 0.914063 1.000000
vt 0.906250 1.000000
vt 0.906250 0.836806
vt 0.906250 0.694444
vt 0.898438 0.836806
vt 0.898438 0.694445
vt 0.898438 1.000000
vt 0.890625 1.000000
vt 0.890625 0.836806
vt 0.890625 0.694444
vt 0.882813 0.836806
vt 0.882813 0.694445
vt 0.882813 1.000000
vt 0.875000 1.000000
vt 0.875000 0.836806
vt 0.875000 0.694444
vt 0.867188 0.836597
vt 0.867242 0.693611
vt 0.867188 1.000000
vt 0.859375 1.000000
vt 0.859375 0.836551
vt 0.859375 0.686667
vt 0.851562 0.838591
vt 0.851563 0.714316
vt 0.851563 1.000000
vt 0.843750 1.000000
vt 0.843750 0.836677
vt 0.843750 0.681818
vt 0.835938 0.838477
vt 0.835938 0.713863
vt 0.835938 1.000000
vt 0.828125 1.000000
vt 0.828125 0.836677
vt 0.828125 0.681818
vt 0.820313 0.838477
vt 0.820313 0.713863
vt 0.820313 1.000000
vt 0.812500 1.000000
vt 0.812500 0.836677
vt 0.812500 0.681818
vt 0.804688 0.838477
vt 0.804688 0.713863
vt 0.804688 1.000000
vt 0.796875 1.000000
vt 0.796875 0.836677
vt 0.796875 0.681818
vt 0.789063 0.838477
vt 0.789063 0.713863
vt 0.789063 1.000000
vt 0.781250 1.000000
vt 0.781250 0.836677
vt 0.781250 0.681818
vt 0.773438 0.838477
vt 0.773438 0.713863
vt 0.773438 1.000000
vt 0.765625 1.000000
vt 0.765625 0.836677
vt 0.765625 0.681818
vt 0.757813 0.838477
vt 0.757813 0.713863
vt 0.757813 1.000000
vt 0.750000 1.000000
vt 0.750000 0.836677
vt 0.750000 0.681818
vt 0.742188 0.838477
vt 0.742188 0.713863
vt 0.742188 1.000000
vt 0.734375 1.000000
vt 0.734375 0.836677
vt 0.734375 0.681818
vt 0.726562 0.838477
vt 0.726563 0.713863
vt 0.726563 1.000000
vt 0.718750 1.000000
vt 0.718750 0.836677
vt 0.718750 0.681818
vt 0.710938 0.838477
vt 0.710938 0.713863
vt 0.710938 1.000000
vt 0.703125 1.000000
vt 0.703125 0.836677
vt 0.703125 0.681818
vt 0.695313 0.838477
vt 0.695313 0.713863
vt 0.695313 1.000000
vt 0.687500 1.000000
vt 0.687500 0.836677
vt 0.687500 0.681818
vt 0.679688 0.838477
vt 0.679688 0.713863
vt 0.679688 1.000000
vt 0.671875 1.000000
vt 0.671875 0.836677
vt 0.671875 0.681818
vt 0.664063 0.838477
vt 0.664063 0.713863
vt 0.664063 1.000000
vt 0.656250 1.000000
vt 0.656250 0.836677
vt 0.656250 0.681818
vt 0.648438 0.838477
vt 0.648438 0.713863
vt 0.648438 1.000000
vt 0.640625 1.000000
vt 0.640625 0.836677
vt 0.640625 0.681818
vt 0.632813 0.838477
vt 0.632813 0.713863
vt 0.632813 1.000000
vt 0.625000 1.000000
vt 0.625000 0.836677
vt 0.625000 0.681818
vt 0.617188 0.838477
vt 0.617188 0.713863
vt 0.617188 1.000000
vt 0.609375 1.000000
vt 0.609375 0.836677
vt 0.609375 0.681818
vt 0.601562 0.838477
vt 0.601563 0.713863
vt 0.601563 1.000000
vt 0.593750 1.000000
vt 0.593750 0.836677
vt 0.593750 0.681818
vt 0.585937 0.838477
vt 0.585938 0.713863
vt 0.585938 1.000000
vt 0.578125 1.000000
vt 0.578125 0.836677
vt 0.578125 0.681818
vt 0.570312 0.838477
vt 0.570312 0.713863
vt 0.570313 1.000000
vt 0.562500 1.000000
vt 0.562500 0.836677
vt 0.562500 0.681818
vt 0.554688 0.838477
vt 0.554688 0.713863
vt 0.554688 1.000000
vt 0.546875 1.000000
vt 0.546875 0.836677
vt 0.546875 0.681818
vt 0.539063 0.838477
vt 0.539063 0.713863
vt 0.539063 1.000000
vt 0.531250 1.000000
vt 0.531250 0.836677
vt 0.531250 0.681818
vt 0.523438 0.838477
vt 0.523438 0.713863
vt 0.523438 1.000000
vt 0.515625 1.000000
vt 0.515625 0.836677
vt 0.515625 0.681818
vt 0.507812 0.838477
vt 0.507812 0.713863
vt 0.507813 1.000000
vt 0.500000 1.000000
vt 0.500000 0.836677
vt 0.500000 0.681818
vt 0.492188 0.838477
vt 0.492188 0.713863
vt 0.492188 1.000000
vt 0.484375 1.000000
vt 0.484375 0.836677
vt 0.484375 0.681818
vt 0.476563 0.838477
vt 0.476563 0.713863
vt 0.476563 1.000000
vt 0.468750 1.000000
vt 0.468750 0.836677
vt 0.468750 0.681818
vt 0.460938 0.838477
vt 0.460938 0.713863
vt 0.460938 1.000000
vt 0.453125 1.000000
vt 0.453125 0.836677
vt 0.453125 0.681818
vt 0.445313 0.838477
vt 0.445313 0.713863
vt 0.445313 1.000000
vt 0.437500 1.000000
vt 0.437500 0.836677
vt 0.437500 0.681818
vt 0.429688 0.838477
vt 0.429688 0.713863
vt 0.429688 1.000000
vt 0.421875 1.000000
vt 0.421875 0.836677
vt 0.421875 0.681818
vt 0.414063 0.838477
vt 0.414063 0.713863
vt 0.414063 1.000000
vt 0.406250 1.000000
vt 0.406250 0.836677
vt 0.406250 0.681818
vt 0.398438 0.838477
vt 0.398438 0.713863
vt 0.398438 1.000000
vt 0.390625 1.000000
vt 0.390625 0.836677
vt 0.390625 0.681818
vt 0.382812 0.838477
vt 0.382812 0.713863
vt 0.382813 1.000000
vt 0.375000 1.000000
vt 0.375000 0.836677
vt 0.375000 0.681818
vt 0.367188 0.838477
vt 0.367188 0.713863
vt 0.367188 1.000000
vt 0.359375 1.000000
vt 0.359375 0.836677
vt 0.359375 0.681818
vt 0.351563 0.838477
vt 0.351563 0.713863
vt 0.351563 1.000000
vt 0.343750 1.000000
vt 0.343750 0.836677
vt 0.343750 0.681818
vt 0.335938 0.838477
vt 0.335938 0.713863
vt 0.335938 1.000000
vt 0.328125 1.000000
vt 0.328125 0.836677
vt 0.328125 0.681818
vt 0.320313 0.838477
vt 0.320313 0.713863
vt 0.320313 1.000000
vt 0.312500 1.000000
vt 0.312500 0.836677
vt 0.312500 0.681818
vt 0.304688 0.838477
vt 0.304688 0.713863
vt 0.304688 1.000000
vt 0.296875 1.000000
vt 0.296875 0.836677
vt 0.296875 0.681818
vt 0.289063 0.838477
vt 0.289063 0.713863
vt 0.289063 1.000000
vt 0.281250 1.000000
vt 0.281250 0.836677
vt 0.281250 0.681818
vt 0.273438 0.838477
vt 0.273438 0.713863
vt 0.273438 1.000000
vt 0.265625 1.000000
vt 0.265625 0.836677
vt 0.265625 0.681818
vt 0.257813 0.838477
vt 0.257813 0.713863
vt 0.257813 1.000000
vt 0.250000 1.000000
vt 0.250000 0.836677
vt 0.250000 0.681818
vt 0.242188 0.838477
vt 0.242188 0.713863
vt 0.242188 1.000000
vt 0.234375 1.000000
vt 0.234375 0.836677
vt 0.234375 0.681818
vt 0.226563 0.838477
vt 0.226563 0.713863
vt 0.226563 1.000000
vt 0.218750 1.000000
vt 0.218750 0.836677
vt 0.218750 0.681818
vt 0.210938 0.838477
vt 0.210938 0.713863
vt 0.210938 1.000000
vt 0.203125 1.000000
vt 0.203125 0.836677
vt 0.203125 0.681818
vt 0.195312 0.838477
vt 0.195313 0.713863
vt 0.195313 1.000000
vt 0.187500 1.000000
vt 0.187500 0.836677
vt 0.187500 0.681818
vt 0.179688 0.838477
vt 0.179688 0.713863
vt 0.179688 1.000000
vt 0.171875 1.000000
vt 0.171875 0.836677
vt 0.171875 0.681818
vt 0.164063 0.838477
vt 0.164063 0.713863
vt 0.164063 1.000000
vt 0.156250 1.000000
vt 0.156250 0.836677
vt 0.156250 0.681818
vt 0.148438 0.838477
vt 0.148438 0.713863
vt 0.148438 1.000000
vt 0.140625 1.000000
vt 0.140625 0.836677
vt 0.140625 0.681818
vt 0.132812 0.838477
vt 0.132813 0.713863
vt 0.132813 1.000000
vt 0.125000 1.000000
vt 0.125000 0.836677
vt 0.125000 0.681818
vt 0.117188 0.838477
vt 0.117188 0.713863
vt 0.117188 1.000000
vt 0.109375 1.000000
vt 0.109375 0.836677
vt 0.109375 0.681818
vt 0.101562 0.838477
vt 0.101562 0.713863
vt 0.101563 1.000000
vt 0.093750 1.000000
vt 0.093750 0.836677
vt 0.093750 0.681818
vt 0.085938 0.838591
vt 0.085938 0.714316
vt 0.085938 1.000000
vt 0.078125 1.000000
vt 0.078125 0.836551
vt 0.078125 0.686667
vt 0.070312 0.836389
vt 0.070312 0.692778
vt 0.070313 1.000000
vt 0.062500 1.000000
vt 0.062500 0.836551
vt 0.062500 0.686667
vt 0.054688 0.838591
vt 0.054688 0.714316
vt 0.054688 1.000000
vt 0.046875 1.000000
vt 0.046875 0.836677
vt 0.046875 0.681818
vt 0.039062 0.838477
vt 0.039062 0.713863
vt 0.039063 1.000000
vt 0.031250 1.000000
vt 0.031250 0.836677
vt 0.031250 0.681818
vt 0.231179 0.058906
vt 0.241643 0.079898
vt 0.250000 0.250000
vt 0.225011 0.081536
vt 0.250000 0.057981
vt 0.258357 0.079898
vt 0.268821 0.058906
vt 0.274989 0.081536
vt 0.287461 0.061671
vt 0.291381 0.084797
vt 0.305740 0.066250
vt 0.307375 0.089649
vt 0.323482 0.072598
vt 0.322816 0.096044
vt 0.340517 0.080655
vt 0.337555 0.103923
vt 0.356680 0.090342
vt 0.351452 0.113208
vt 0.371815 0.101568
vt 0.364371 0.123811
vt 0.385778 0.114222
vt 0.376189 0.135629
vt 0.398432 0.128185
vt 0.386792 0.148548
vt 0.409658 0.143320
vt 0.396077 0.162445
vt 0.419345 0.159483
vt 0.403956 0.177184
vt 0.427402 0.176518
vt 0.410351 0.192625
vt 0.433750 0.194260
vt 0.415203 0.208619
vt 0.438329 0.212539
vt 0.418464 0.225011
vt 0.441094 0.231179
vt 0.420102 0.241643
vt 0.442019 0.250000
vt 0.420102 0.258357
vt 0.441094 0.268821
vt 0.418464 0.274989
vt 0.438329 0.287461
vt 0.415203 0.291381
vt 0.433750 0.305740
vt 0.410351 0.307375
vt 0.427402 0.323482
vt 0.403956 0.322816
vt 0.419345 0.340517
vt 0.396077 0.337555
vt 0.409658 0.356680
vt 0.386792 0.351452
vt 0.398432 0.371815
vt 0.376189 0.364371
vt 0.385778 0.385778
vt 0.364371 0.376189
vt 0.371815 0.398432
vt 0.351452 0.386792
vt 0.356680 0.409658
vt 0.337555 0.396077
vt 0.340517 0.419345
vt 0.322816 0.403956
vt 0.323482 0.427402
vt 0.307375 0.410351
vt 0.305740 0.433750
vt 0.291381 0.415203
vt 0.307375 0.410352
vt 0.287461 0.438329
vt 0.274989 0.418464
vt 0.268821 0.441094
vt 0.258357 0.420102
vt 0.250000 0.442019
vt 0.241643 0.420102
vt 0.231179 0.441094
vt 0.225011 0.418464
vt 0.212539 0.438329
vt 0.208619 0.415203
vt 0.194260 0.433750
vt 0.192625 0.410351
vt 0.176518 0.427402
vt 0.177184 0.403956
vt 0.159483 0.419345
vt 0.162445 0.396077
vt 0.143320 0.409658
vt 0.148548 0.386792
vt 0.128185 0.398432
vt 0.135629 0.376189
vt 0.114222 0.385778
vt 0.123811 0.364371
vt 0.101568 0.371815
vt 0.113208 0.351452
vt 0.090342 0.356680
vt 0.103923 0.337555
vt 0.080655 0.340517
vt 0.096044 0.322816
vt 0.072598 0.323482
vt 0.089649 0.307375
vt 0.066250 0.305740
vt 0.084797 0.291381
vt 0.061671 0.287461
vt 0.081536 0.274989
vt 0.058906 0.268821
vt 0.079898 0.258357
vt 0.057981 0.250000
vt 0.079898 0.241643
vt 0.058906 0.231179
vt 0.081536 0.225011
vt 0.061671 0.212539
vt 0.084797 0.208619
vt 0.066250 0.194260
vt 0.089649 0.192625
vt 0.072598 0.176518
vt 0.096044 0.177184
vt 0.080655 0.159483
vt 0.103923 0.162445
vt 0.090342 0.143320
vt 0.113208 0.148548
vt 0.101568 0.128185
vt 0.123811 0.135629
vt 0.114222 0.114222
vt 0.135629 0.123811
vt 0.128185 0.101568
vt 0.148548 0.113208
vt 0.143320 0.090342
vt 0.162445 0.103923
vt 0.159483 0.080655
vt 0.177184 0.096044
vt 0.176518 0.072598
vt 0.192625 0.089649
vt 0.194260 0.066250
vt 0.208619 0.084797
vt 0.212539 0.061671
vt 0.023438 0.838477
vt 0.023438 0.713863
vt 0.023438 1.000000
vt 0.015625 1.000000
vt 0.015625 0.836677
vt 0.015625 0.681818
vt 0.007813 0.838220
vt 0.007812 0.712834
vt 0.007813 1.000000
vt 0.000000 1.000000
vt 0.000000 0.833333
vt 0.000000 0.666667
vt 0.750000 0.019133
vt 0.738686 0.019689
vt 0.750001 0.250000
vt 0.761315 0.019689
vt 0.727371 0.020245
vt 0.716166 0.021907
vt 0.704960 0.023569
vt 0.693971 0.026321
vt 0.682983 0.029074
vt 0.672317 0.032890
vt 0.661651 0.036707
vt 0.651411 0.041550
vt 0.641170 0.046393
vt 0.631454 0.052217
vt 0.621737 0.058041
vt 0.612638 0.064789
vt 0.603539 0.071537
vt 0.595146 0.079145
vt 0.586752 0.086752
vt 0.579145 0.095146
vt 0.571537 0.103539
vt 0.564789 0.112638
vt 0.558041 0.121737
vt 0.552217 0.131454
vt 0.546394 0.141170
vt 0.541550 0.151410
vt 0.536707 0.161651
vt 0.532890 0.172317
vt 0.529074 0.182983
vt 0.526322 0.193971
vt 0.523569 0.204960
vt 0.521907 0.216166
vt 0.520245 0.227371
vt 0.519689 0.238685
vt 0.519133 0.250000
vt 0.519689 0.261315
vt 0.520245 0.272629
vt 0.521907 0.283834
vt 0.523569 0.295040
vt 0.526321 0.306028
vt 0.529074 0.317017
vt 0.532890 0.327683
vt 0.536707 0.338349
vt 0.541550 0.348590
vt 0.546393 0.358830
vt 0.552217 0.368546
vt 0.558041 0.378263
vt 0.564789 0.387362
vt 0.571538 0.396461
vt 0.579145 0.404854
vt 0.586752 0.413248
vt 0.595146 0.420855
vt 0.603539 0.428463
vt 0.612638 0.435211
vt 0.621737 0.441959
vt 0.631454 0.447783
vt 0.641170 0.453607
vt 0.651411 0.458450
vt 0.661651 0.463293
vt 0.672317 0.467110
vt 0.682983 0.470926
vt 0.693972 0.473679
vt 0.704960 0.476431
vt 0.716166 0.478093
vt 0.727371 0.479755
vt 0.738685 0.480311
vt 0.750000 0.480867
vt 0.761315 0.480311
vt 0.772629 0.479755
vt 0.783834 0.478093
vt 0.795040 0.476431
vt 0.806028 0.473678
vt 0.817017 0.470926
vt 0.827683 0.467110
vt 0.838349 0.463293
vt 0.848589 0.458450
vt 0.858830 0.453607
vt 0.868546 0.447783
vt 0.878263 0.441959
vt 0.887362 0.435211
vt 0.896461 0.428463
vt 0.904854 0.420855
vt 0.913248 0.413248
vt 0.920855 0.404854
vt 0.928462 0.396461
vt 0.935211 0.387362
vt 0.941959 0.378263
vt 0.947783 0.368546
vt 0.953607 0.358830
vt 0.958450 0.348590
vt 0.963293 0.338349
vt 0.967110 0.327683
vt 0.970926 0.317017
vt 0.973679 0.306028
vt 0.976431 0.295040
vt 0.978093 0.283834
vt 0.979755 0.272629
vt 0.980311 0.261315
vt 0.980867 0.250000
vt 0.980311 0.238685
vt 0.979755 0.227371
vt 0.978093 0.216166
vt 0.976431 0.204960
vt 0.973679 0.193971
vt 0.970926 0.182983
vt 0.967110 0.172317
vt 0.963293 0.161651
vt 0.958450 0.151410
vt 0.953607 0.141170
vt 0.947783 0.131454
vt 0.941959 0.121737
vt 0.935211 0.112638
vt 0.928463 0.103539
vt 0.920855 0.095146
vt 0.913248 0.086752
vt 0.904854 0.079145
vt 0.896461 0.071537
vt 0.887362 0.064789
vt 0.878263 0.058041
vt 0.868546 0.052217
vt 0.858830 0.046393
vt 0.848589 0.041550
vt 0.838349 0.036707
vt 0.827683 0.032890
vt 0.817017 0.029074
vt 0.806029 0.026322
vt 0.795040 0.023569
vt 0.783834 0.021907
vt 0.772629 0.020245
vt 0.015625 0.500000
vt 0.015625 0.501029
vt 0.007813 0.500257
vt 0.007813 0.500000
vt 0.015625 0.515152
vt 0.007813 0.502186
vt 0.000000 0.500000
vt 0.011719 0.541667
vt 0.012575 0.583333
vt 0.007813 0.583333
vt 0.007813 0.532536
vt 0.011719 0.625000
vt 0.007813 0.634131
vt 0.003906 0.625000
vt 0.003050 0.583333
vt 0.003906 0.541667
vt 0.031250 0.500000
vt 0.031250 0.501029
vt 0.023438 0.500514
vt 0.023438 0.500000
vt 0.031250 0.515152
vt 0.023438 0.503215
vt 0.027344 0.541667
vt 0.028200 0.583333
vt 0.023438 0.583333
vt 0.023438 0.532536
vt 0.027344 0.625000
vt 0.023438 0.634131
vt 0.019531 0.625000
vt 0.018675 0.583333
vt 0.019531 0.541667
vt 0.046875 0.500000
vt 0.046875 0.501029
vt 0.039062 0.500514
vt 0.039063 0.500000
vt 0.046875 0.515152
vt 0.039062 0.503215
vt 0.042969 0.541667
vt 0.043825 0.583333
vt 0.039063 0.583333
vt 0.039063 0.532536
vt 0.042969 0.625000
vt 0.039062 0.634131
vt 0.035156 0.625000
vt 0.034300 0.583333
vt 0.035156 0.541667
vt 0.062500 0.500000
vt 0.062500 0.502060
vt 0.054688 0.500628
vt 0.054688 0.500000
vt 0.062500 0.520000
vt 0.054688 0.503668
vt 0.058594 0.541667
vt 0.059450 0.583333
vt 0.054688 0.583333
vt 0.054688 0.532536
vt 0.058594 0.625000
vt 0.054688 0.634131
vt 0.050781 0.625000
vt 0.049925 0.583333
vt 0.050781 0.541667
vt 0.078125 0.500000
vt 0.078125 0.502060
vt 0.070312 0.503056
vt 0.070313 0.500000
vt 0.078125 0.520000
vt 0.070312 0.526111
vt 0.076063 0.587454
vt 0.070312 0.589445
vt 0.064562 0.587454
vt 0.093750 0.500000
vt 0.093750 0.501029
vt 0.085938 0.500628
vt 0.085938 0.500000
vt 0.093750 0.515152
vt 0.085938 0.503668
vt 0.089844 0.541667
vt 0.090700 0.583333
vt 0.085938 0.583333
vt 0.085938 0.532536
vt 0.089844 0.625000
vt 0.085938 0.634131
vt 0.082031 0.625000
vt 0.081175 0.583333
vt 0.082031 0.541667
vt 0.109375 0.500000
vt 0.109375 0.501029
vt 0.101562 0.500514
vt 0.101563 0.500000
vt 0.109375 0.515152
vt 0.101563 0.503215
vt 0.105469 0.541667
vt 0.106325 0.583333
vt 0.101563 0.583333
vt 0.101563 0.532536
vt 0.105469 0.625000
vt 0.101563 0.634131
vt 0.097656 0.625000
vt 0.096800 0.583333
vt 0.097656 0.541667
vt 0.125000 0.500000
vt 0.122938 0.500756
vt 0.116970 0.500446
vt 0.117188 0.500000
vt 0.125000 0.511905
vt 0.117133 0.502942
vt 0.121094 0.541667
vt 0.121950 0.583333
vt 0.117188 0.583333
vt 0.117188 0.532536
vt 0.121094 0.625000
vt 0.117188 0.634131
vt 0.113281 0.625000
vt 0.112425 0.583333
vt 0.113281 0.541667
vt 0.136719 0.500000
vt 0.137575 0.500000
vt 0.132813 0.500000
vt 0.128906 0.500000
vt 0.128050 0.500000
vt 0.136719 0.541667
vt 0.137575 0.583333
vt 0.132813 0.583333
vt 0.132813 0.532536
vt 0.136719 0.625000
vt 0.132813 0.634131
vt 0.128906 0.625000
vt 0.128050 0.583333
vt 0.128906 0.541667
vt 0.156250 0.500000
vt 0.156250 0.501029
vt 0.148655 0.500446
vt 0.148438 0.500000
vt 0.156250 0.515152
vt 0.148492 0.502942
vt 0.140625 0.511905
vt 0.142687 0.500756
vt 0.140625 0.500000
vt 0.152344 0.541667
vt 0.153200 0.583333
vt 0.148438 0.583333
vt 0.148438 0.532536
vt 0.152344 0.625000
vt 0.148438 0.634131
vt 0.144531 0.625000
vt 0.143675 0.583333
vt 0.144531 0.541667
vt 0.171875 0.500000
vt 0.169813 0.500756
vt 0.163846 0.500446
vt 0.164063 0.500000
vt 0.171875 0.511905
vt 0.164008 0.502942
vt 0.167969 0.541667
vt 0.168825 0.583333
vt 0.164062 0.583333
vt 0.164062 0.532536
vt 0.167969 0.625000
vt 0.164062 0.634131
vt 0.160156 0.625000
vt 0.159300 0.583333
vt 0.160156 0.541667
vt 0.183594 0.500000
vt 0.184450 0.500000
vt 0.179688 0.500000
vt 0.175781 0.500000
vt 0.174925 0.500000
vt 0.183594 0.541667
vt 0.184450 0.583333
vt 0.179688 0.583333
vt 0.179688 0.532536
vt 0.183594 0.625000
vt 0.179688 0.634131
vt 0.175781 0.625000
vt 0.174925 0.583333
vt 0.175781 0.541667
vt 0.199219 0.500000
vt 0.200075 0.500000
vt 0.195313 0.500000
vt 0.191406 0.500000
vt 0.190550 0.500000
vt 0.199219 0.541667
vt 0.200075 0.583333
vt 0.195313 0.583333
vt 0.195313 0.532536
vt 0.199219 0.625000
vt 0.195313 0.634131
vt 0.191406 0.625000
vt 0.190550 0.583333
vt 0.191406 0.541667
vt 0.214844 0.500000
vt 0.215700 0.500000
vt 0.210938 0.500000
vt 0.207031 0.500000
vt 0.206175 0.500000
vt 0.214844 0.541667
vt 0.215700 0.583333
vt 0.210938 0.583333
vt 0.210938 0.532536
vt 0.214844 0.625000
vt 0.210938 0.634131
vt 0.207031 0.625000
vt 0.206175 0.583333
vt 0.207031 0.541667
vt 0.230469 0.500000
vt 0.231325 0.500000
vt 0.226563 0.500000
vt 0.222656 0.500000
vt 0.221800 0.500000
vt 0.230469 0.541667
vt 0.231325 0.583333
vt 0.226563 0.583333
vt 0.226563 0.532536
vt 0.230469 0.625000
vt 0.226563 0.634131
vt 0.222656 0.625000
vt 0.221800 0.583333
vt 0.222656 0.541667
vt 0.246094 0.500000
vt 0.246950 0.500000
vt 0.242188 0.500000
vt 0.238281 0.500000
vt 0.237425 0.500000
vt 0.246094 0.541667
vt 0.246950 0.583333
vt 0.242188 0.583333
vt 0.242188 0.532536
vt 0.246094 0.625000
vt 0.242188 0.634131
vt 0.238281 0.625000
vt 0.237425 0.583333
vt 0.238281 0.541667
vt 0.261719 0.500000
vt 0.262575 0.500000
vt 0.257813 0.500000
vt 0.253906 0.500000
vt 0.253050 0.500000
vt 0.261719 0.541667
vt 0.262575 0.583333
vt 0.257813 0.583333
vt 0.257813 0.532536
vt 0.261719 0.625000
vt 0.257813 0.634131
vt 0.253906 0.625000
vt 0.253050 0.583333
vt 0.253906 0.541667
vt 0.277344 0.500000
vt 0.278200 0.500000
vt 0.273438 0.500000
vt 0.269531 0.500000
vt 0.268675 0.500000
vt 0.277344 0.541667
vt 0.278200 0.583333
vt 0.273438 0.583333
vt 0.273438 0.532536
vt 0.277344 0.625000
vt 0.273438 0.634131
vt 0.269531 0.625000
vt 0.268675 0.583333
vt 0.269531 0.541667
vt 0.296875 0.500000
vt 0.296875 0.501029
vt 0.289280 0.500446
vt 0.289063 0.500000
vt 0.296875 0.515152
vt 0.289117 0.502942
vt 0.281250 0.511905
vt 0.283312 0.500756
vt 0.281250 0.500000
vt 0.292969 0.541667
vt 0.293825 0.583333
vt 0.289062 0.583333
vt 0.289062 0.532536
vt 0.292969 0.625000
vt 0.289062 0.634131
vt 0.285156 0.625000
vt 0.284300 0.583333
vt 0.285156 0.541667
vt 0.312500 0.500000
vt 0.312500 0.501029
vt 0.304688 0.500514
vt 0.304688 0.500000
vt 0.312500 0.515152
vt 0.304688 0.503215
vt 0.308594 0.541667
vt 0.309450 0.583333
vt 0.304688 0.583333
vt 0.304688 0.532536
vt 0.308594 0.625000
vt 0.304688 0.634131
vt 0.300781 0.625000
vt 0.299925 0.583333
vt 0.300781 0.541667
vt 0.328125 0.500000
vt 0.328125 0.501029
vt 0.320313 0.500514
vt 0.320313 0.500000
vt 0.328125 0.515152
vt 0.320313 0.503215
vt 0.324219 0.541667
vt 0.325075 0.583333
vt 0.320313 0.583333
vt 0.320313 0.532536
vt 0.324219 0.625000
vt 0.320313 0.634131
vt 0.316406 0.625000
vt 0.315550 0.583333
vt 0.316406 0.541667
vt 0.343750 0.500000
vt 0.343750 0.501029
vt 0.335938 0.500514
vt 0.335938 0.500000
vt 0.343750 0.515152
vt 0.335938 0.503215
vt 0.339844 0.541667
vt 0.340700 0.583333
vt 0.335938 0.583333
vt 0.335938 0.532536
vt 0.339844 0.625000
vt 0.335938 0.634131
vt 0.332031 0.625000
vt 0.331175 0.583333
vt 0.332031 0.541667
vt 0.359375 0.500000
vt 0.359375 0.501029
vt 0.351562 0.500514
vt 0.351563 0.500000
vt 0.359375 0.515152
vt 0.351563 0.503215
vt 0.355469 0.541667
vt 0.356325 0.583333
vt 0.351562 0.583333
vt 0.351562 0.532536
vt 0.355469 0.625000
vt 0.351562 0.634131
vt 0.347656 0.625000
vt 0.346800 0.583333
vt 0.347656 0.541667
vt 0.375000 0.500000
vt 0.375000 0.501029
vt 0.367188 0.500514
vt 0.367188 0.500000
vt 0.375000 0.515152
vt 0.367188 0.503215
vt 0.371094 0.541667
vt 0.371950 0.583333
vt 0.367188 0.583333
vt 0.367188 0.532536
vt 0.371094 0.625000
vt 0.367188 0.634131
vt 0.363281 0.625000
vt 0.362425 0.583333
vt 0.363281 0.541667
vt 0.390625 0.500000
vt 0.390625 0.501029
vt 0.382812 0.500514
vt 0.382813 0.500000
vt 0.390625 0.515152
vt 0.382812 0.503215
vt 0.386719 0.541667
vt 0.387575 0.583333
vt 0.382812 0.583333
vt 0.382812 0.532536
vt 0.386719 0.625000
vt 0.382812 0.634131
vt 0.378906 0.625000
vt 0.378050 0.583333
vt 0.378906 0.541667
vt 0.406250 0.500000
vt 0.404188 0.500756
vt 0.398221 0.500446
vt 0.398438 0.500000
vt 0.406250 0.511905
vt 0.398383 0.502942
vt 0.402344 0.541667
vt 0.403200 0.583333
vt 0.398438 0.583333
vt 0.398438 0.532536
vt 0.402344 0.625000
vt 0.398438 0.634131
vt 0.394531 0.625000
vt 0.393675 0.583333
vt 0.394531 0.541667
vt 0.417969 0.500000
vt 0.418825 0.500000
vt 0.414063 0.500000
vt 0.410156 0.500000
vt 0.409300 0.500000
vt 0.417969 0.541667
vt 0.418825 0.583333
vt 0.414063 0.583333
vt 0.414063 0.532536
vt 0.417969 0.625000
vt 0.414063 0.634131
vt 0.410156 0.625000
vt 0.409300 0.583333
vt 0.410156 0.541667
vt 0.437500 0.500000
vt 0.437500 0.501029
vt 0.429905 0.500446
vt 0.429688 0.500000
vt 0.437500 0.515152
vt 0.429742 0.502942
vt 0.421875 0.511905
vt 0.423937 0.500756
vt 0.421875 0.500000
vt 0.433594 0.541667
vt 0.434450 0.583333
vt 0.429688 0.583333
vt 0.429688 0.532536
vt 0.433594 0.625000
vt 0.429688 0.634131
vt 0.425781 0.625000
vt 0.424925 0.583333
vt 0.425781 0.541667
vt 0.453125 0.500000
vt 0.453125 0.501029
vt 0.445313 0.500514
vt 0.445313 0.500000
vt 0.453125 0.515152
vt 0.445313 0.503215
vt 0.449219 0.541667
vt 0.450075 0.583333
vt 0.445313 0.583333
vt 0.445313 0.532536
vt 0.449219 0.625000
vt 0.445313 0.634131
vt 0.441406 0.625000
vt 0.440550 0.583333
vt 0.441406 0.541667
vt 0.468750 0.500000
vt 0.466688 0.500756
vt 0.460721 0.500446
vt 0.460938 0.500000
vt 0.468750 0.511905
vt 0.460883 0.502942
vt 0.464844 0.541667
vt 0.465700 0.583333
vt 0.460938 0.583333
vt 0.460938 0.532536
vt 0.464844 0.625000
vt 0.460938 0.634131
vt 0.457031 0.625000
vt 0.456175 0.583333
vt 0.457031 0.541667
vt 0.480469 0.500000
vt 0.481325 0.500000
vt 0.476563 0.500000
vt 0.472656 0.500000
vt 0.471800 0.500000
vt 0.480469 0.541667
vt 0.481325 0.583333
vt 0.476563 0.583333
vt 0.476563 0.532536
vt 0.480469 0.625000
vt 0.476563 0.634131
vt 0.472656 0.625000
vt 0.471800 0.583333
vt 0.472656 0.541667
vt 0.496094 0.500000
vt 0.496950 0.500000
vt 0.492188 0.500000
vt 0.488281 0.500000
vt 0.487425 0.500000
vt 0.496094 0.541667
vt 0.496950 0.583333
vt 0.492188 0.583333
vt 0.492188 0.532536
vt 0.496094 0.625000
vt 0.492188 0.634131
vt 0.488281 0.625000
vt 0.487425 0.583333
vt 0.488281 0.541667
vt 0.515625 0.500000
vt 0.513563 0.500756
vt 0.507813 0.500378
vt 0.507813 0.500000
vt 0.515625 0.511905
vt 0.507812 0.502669
vt 0.500000 0.511905
vt 0.502062 0.500756
vt 0.500000 0.500000
vt 0.511719 0.541667
vt 0.512575 0.583333
vt 0.507813 0.583333
vt 0.507813 0.532536
vt 0.511719 0.625000
vt 0.507812 0.634131
vt 0.503906 0.625000
vt 0.503050 0.583333
vt 0.503906 0.541667
vt 0.527344 0.500000
vt 0.528200 0.500000
vt 0.523438 0.500000
vt 0.519531 0.500000
vt 0.518675 0.500000
vt 0.527344 0.541667
vt 0.528200 0.583333
vt 0.523438 0.583333
vt 0.523438 0.532536
vt 0.527344 0.625000
vt 0.523438 0.634131
vt 0.519531 0.625000
vt 0.518675 0.583333
vt 0.519531 0.541667
vt 0.546875 0.500000
vt 0.544813 0.500756
vt 0.539063 0.500378
vt 0.539063 0.500000
vt 0.546875 0.511905
vt 0.539063 0.502669
vt 0.531250 0.511905
vt 0.533312 0.500756
vt 0.531250 0.500000
vt 0.542969 0.541667
vt 0.543825 0.583333
vt 0.539063 0.583333
vt 0.539063 0.532536
vt 0.542969 0.625000
vt 0.539063 0.634131
vt 0.535156 0.625000
vt 0.534300 0.583333
vt 0.535156 0.541667
vt 0.558594 0.500000
vt 0.559450 0.500000
vt 0.554688 0.500000
vt 0.550781 0.500000
vt 0.549925 0.500000
vt 0.558594 0.541667
vt 0.559450 0.583333
vt 0.554688 0.583333
vt 0.554688 0.532536
vt 0.558594 0.625000
vt 0.554688 0.634131
vt 0.550781 0.625000
vt 0.549925 0.583333
vt 0.550781 0.541667
vt 0.578125 0.500000
vt 0.578125 0.501029
vt 0.570530 0.500446
vt 0.570313 0.500000
vt 0.578125 0.515152
vt 0.570367 0.502942
vt 0.562500 0.511905
vt 0.564562 0.500756
vt 0.562500 0.500000
vt 0.574219 0.541667
vt 0.575075 0.583333
vt 0.570313 0.583333
vt 0.570313 0.532536
vt 0.574219 0.625000
vt 0.570313 0.634131
vt 0.566406 0.625000
vt 0.565550 0.583333
vt 0.566406 0.541667
vt 0.593750 0.500000
vt 0.591688 0.500756
vt 0.585720 0.500446
vt 0.585938 0.500000
vt 0.593750 0.511905
vt 0.585883 0.502942
vt 0.589844 0.541667
vt 0.590700 0.583333
vt 0.585938 0.583333
vt 0.585938 0.532536
vt 0.589844 0.625000
vt 0.585938 0.634131
vt 0.582031 0.625000
vt 0.581175 0.583333
vt 0.582031 0.541667
vt 0.605469 0.500000
vt 0.606325 0.500000
vt 0.601563 0.500000
vt 0.601562 0.500000
vt 0.597656 0.500000
vt 0.596800 0.500000
vt 0.605469 0.541667
vt 0.606325 0.583333
vt 0.601563 0.583333
vt 0.601562 0.532536
vt 0.605469 0.625000
vt 0.601562 0.634131
vt 0.597656 0.625000
vt 0.596800 0.583333
vt 0.597656 0.541667
vt 0.621094 0.500000
vt 0.621950 0.500000
vt 0.617188 0.500000
vt 0.613281 0.500000
vt 0.612425 0.500000
vt 0.621094 0.541667
vt 0.621950 0.583333
vt 0.617188 0.583333
vt 0.617188 0.532536
vt 0.621094 0.625000
vt 0.617188 0.634131
vt 0.613281 0.625000
vt 0.612425 0.583333
vt 0.613281 0.541667
vt 0.640625 0.500000
vt 0.640625 0.501029
vt 0.633030 0.500446
vt 0.632813 0.500000
vt 0.640625 0.515152
vt 0.632867 0.502942
vt 0.625000 0.511905
vt 0.627062 0.500756
vt 0.625000 0.500000
vt 0.636719 0.541667
vt 0.637575 0.583333
vt 0.632813 0.583333
vt 0.632813 0.532536
vt 0.636719 0.625000
vt 0.632813 0.634131
vt 0.628906 0.625000
vt 0.628050 0.583333
vt 0.628906 0.541667
vt 0.656250 0.500000
vt 0.656250 0.501029
vt 0.648438 0.500514
vt 0.648438 0.500000
vt 0.656250 0.515152
vt 0.648438 0.503215
vt 0.652344 0.541667
vt 0.653200 0.583333
vt 0.648438 0.583333
vt 0.648438 0.532536
vt 0.652344 0.625000
vt 0.648438 0.634131
vt 0.644531 0.625000
vt 0.643675 0.583333
vt 0.644531 0.541667
vt 0.671875 0.500000
vt 0.671875 0.501029
vt 0.664063 0.500514
vt 0.664063 0.500000
vt 0.671875 0.515152
vt 0.664063 0.503215
vt 0.667969 0.541667
vt 0.668825 0.583333
vt 0.664063 0.583333
vt 0.664063 0.532536
vt 0.667969 0.625000
vt 0.664063 0.634131
vt 0.660156 0.625000
vt 0.659300 0.583333
vt 0.660156 0.541667
vt 0.687500 0.500000
vt 0.685438 0.500756
vt 0.679471 0.500446
vt 0.679688 0.500000
vt 0.687500 0.511905
vt 0.679633 0.502942
vt 0.683594 0.541667
vt 0.684450 0.583333
vt 0.679688 0.583333
vt 0.679688 0.532536
vt 0.683594 0.625000
vt 0.679688 0.634131
vt 0.675781 0.625000
vt 0.674925 0.583333
vt 0.675781 0.541667
vt 0.699219 0.500000
vt 0.700075 0.500000
vt 0.695313 0.500000
vt 0.691406 0.500000
vt 0.690550 0.500000
vt 0.699219 0.541667
vt 0.700075 0.583333
vt 0.695313 0.583333
vt 0.695313 0.532536
vt 0.699219 0.625000
vt 0.695313 0.634131
vt 0.691406 0.625000
vt 0.690550 0.583333
vt 0.691406 0.541667
vt 0.714844 0.500000
vt 0.715700 0.500000
vt 0.710938 0.500000
vt 0.707031 0.500000
vt 0.706175 0.500000
vt 0.714844 0.541667
vt 0.715700 0.583333
vt 0.710938 0.583333
vt 0.710938 0.532536
vt 0.714844 0.625000
vt 0.710938 0.634131
vt 0.707031 0.625000
vt 0.706175 0.583333
vt 0.707031 0.541667
vt 0.730469 0.500000
vt 0.731325 0.500000
vt 0.726562 0.500000
vt 0.722656 0.500000
vt 0.721800 0.500000
vt 0.730469 0.541667
vt 0.731325 0.583333
vt 0.726562 0.583333
vt 0.726562 0.532536
vt 0.730469 0.625000
vt 0.726562 0.634131
vt 0.722656 0.625000
vt 0.721800 0.583333
vt 0.722656 0.541667
vt 0.750000 0.500000
vt 0.747938 0.500756
vt 0.742188 0.500378
vt 0.742188 0.500000
vt 0.750000 0.511905
vt 0.742188 0.502669
vt 0.734375 0.511905
vt 0.736437 0.500756
vt 0.734375 0.500000
vt 0.746094 0.541667
vt 0.746950 0.583333
vt 0.742188 0.583333
vt 0.742188 0.532536
vt 0.746094 0.625000
vt 0.742188 0.634131
vt 0.738281 0.625000
vt 0.737425 0.583333
vt 0.738281 0.541667
vt 0.761719 0.500000
vt 0.762575 0.500000
vt 0.757812 0.500000
vt 0.757813 0.500000
vt 0.753906 0.500000
vt 0.753050 0.500000
vt 0.761719 0.541667
vt 0.762575 0.583333
vt 0.757812 0.583333
vt 0.757813 0.532536
vt 0.761719 0.625000
vt 0.757813 0.634131
vt 0.753906 0.625000
vt 0.753050 0.583333
vt 0.753906 0.541667
vt 0.781250 0.500000
vt 0.779188 0.500756
vt 0.773437 0.500378
vt 0.773438 0.500000
vt 0.781250 0.511905
vt 0.773438 0.502669
vt 0.765625 0.511905
vt 0.767687 0.500756
vt 0.765625 0.500000
vt 0.777344 0.541667
vt 0.778200 0.583333
vt 0.773438 0.583333
vt 0.773438 0.532536
vt 0.777344 0.625000
vt 0.773438 0.634131
vt 0.769531 0.625000
vt 0.768675 0.583333
vt 0.769531 0.541667
vt 0.792969 0.500000
vt 0.793825 0.500000
vt 0.789062 0.500000
vt 0.785156 0.500000
vt 0.784300 0.500000
vt 0.792969 0.541667
vt 0.793825 0.583333
vt 0.789062 0.583333
vt 0.789062 0.532536
vt 0.792969 0.625000
vt 0.789062 0.634131
vt 0.785156 0.625000
vt 0.784300 0.583333
vt 0.785156 0.541667
vt 0.812500 0.500000
vt 0.812500 0.501029
vt 0.804905 0.500446
vt 0.804688 0.500000
vt 0.812500 0.515152
vt 0.804742 0.502942
vt 0.796875 0.511905
vt 0.798937 0.500756
vt 0.796875 0.500000
vt 0.808594 0.541667
vt 0.809450 0.583333
vt 0.804688 0.583333
vt 0.804688 0.532536
vt 0.808594 0.625000
vt 0.804688 0.634131
vt 0.800781 0.625000
vt 0.799925 0.583333
vt 0.800781 0.541667
vt 0.828125 0.500000
vt 0.828125 0.501029
vt 0.820313 0.500514
vt 0.820313 0.500000
vt 0.828125 0.515152
vt 0.820313 0.503215
vt 0.824219 0.541667
vt 0.825075 0.583333
vt 0.820313 0.583333
vt 0.820313 0.532536
vt 0.824219 0.625000
vt 0.820313 0.634131
vt 0.816406 0.625000
vt 0.815550 0.583333
vt 0.816406 0.541667
vt 0.843750 0.500000
vt 0.843750 0.501029
vt 0.835938 0.500514
vt 0.835938 0.500000
vt 0.843750 0.515152
vt 0.835938 0.503215
vt 0.839844 0.541667
vt 0.840700 0.583333
vt 0.835938 0.583333
vt 0.835938 0.532536
vt 0.839844 0.625000
vt 0.835938 0.634131
vt 0.832031 0.625000
vt 0.831175 0.583333
vt 0.832031 0.541667
vt 0.859375 0.500000
vt 0.859375 0.502060
vt 0.851562 0.500628
vt 0.851563 0.500000
vt 0.859375 0.520000
vt 0.851562 0.503668
vt 0.855469 0.541667
vt 0.856325 0.583333
vt 0.851563 0.583333
vt 0.851563 0.532536
vt 0.855469 0.625000
vt 0.851563 0.634131
vt 0.847656 0.625000
vt 0.846800 0.583333
vt 0.847656 0.541667
vt 0.875000 0.500000
vt 0.875000 0.503472
vt 0.867188 0.503264
vt 0.867188 0.500000
vt 0.875000 0.527778
vt 0.867242 0.526944
vt 0.875000 0.590278
vt 0.867405 0.589861
vt 0.861437 0.587454
vt 0.890625 0.500000
vt 0.890625 0.503472
vt 0.882813 0.503472
vt 0.882813 0.500000
vt 0.890625 0.527778
vt 0.882813 0.527778
vt 0.890625 0.590278
vt 0.882813 0.590278
vt 0.882813 0.694444
vt 0.906250 0.500000
vt 0.906250 0.503472
vt 0.898438 0.503472
vt 0.898438 0.500000
vt 0.906250 0.527778
vt 0.898438 0.527778
vt 0.906250 0.590278
vt 0.898438 0.590278
vt 0.898438 0.694444
vt 0.921875 0.500000
vt 0.919813 0.501608
vt 0.913846 0.503151
vt 0.914063 0.500000
vt 0.921875 0.515152
vt 0.913954 0.526492
vt 0.919813 0.587001
vt 0.913846 0.589748
vt 0.933594 0.500000
vt 0.934450 0.500000
vt 0.929688 0.500000
vt 0.925781 0.500000
vt 0.924925 0.500000
vt 0.933594 0.541667
vt 0.934450 0.583333
vt 0.929688 0.583333
vt 0.929688 0.532536
vt 0.933594 0.625000
vt 0.929688 0.634131
vt 0.925781 0.625000
vt 0.924925 0.583333
vt 0.925781 0.541667
vt 0.949219 0.500000
vt 0.950075 0.500000
vt 0.945313 0.500000
vt 0.941406 0.500000
vt 0.940550 0.500000
vt 0.949219 0.541667
vt 0.950075 0.583333
vt 0.945313 0.583333
vt 0.945313 0.532536
vt 0.949219 0.625000
vt 0.945313 0.634131
vt 0.941406 0.625000
vt 0.940550 0.583333
vt 0.941406 0.541667
vt 0.968750 0.500000
vt 0.966688 0.500756
vt 0.960938 0.500378
vt 0.960938 0.500000
vt 0.968750 0.511905
vt 0.960938 0.502669
vt 0.953125 0.511905
vt 0.955187 0.500756
vt 0.953125 0.500000
vt 0.964844 0.541667
vt 0.965700 0.583333
vt 0.960938 0.583333
vt 0.960938 0.532536
vt 0.964844 0.625000
vt 0.960938 0.634131
vt 0.957031 0.625000
vt 0.956175 0.583333
vt 0.957031 0.541667
vt 0.980469 0.500000
vt 0.981325 0.500000
vt 0.976563 0.500000
vt 0.972656 0.500000
vt 0.971800 0.500000
vt 0.980469 0.541667
vt 0.981325 0.583333
vt 0.976563 0.583333
vt 0.976563 0.532536
vt 0.980469 0.625000
vt 0.976563 0.634131
vt 0.972656 0.625000
vt 0.971800 0.583333
vt 0.972656 0.541667
vt 0.996094 0.500000
vt 0.996950 0.500000
vt 0.992188 0.500000
vt 0.988281 0.500000
vt 0.987425 0.500000
vt 0.996094 0.541667
vt 0.996950 0.583333
vt 0.992188 0.583333
vt 0.992188 0.532536
vt 0.996094 0.625000
vt 0.992188 0.634131
vt 0.988281 0.625000
vt 0.987425 0.583333
vt 0.988281 0.541667
vt 0.750224 0.254555
vt 0.750448 0.254544
vt 0.750000 0.254566
vt 0.750000 0.490000
vt 0.761762 0.489422
vt 0.773524 0.488844
vt 0.246266 0.137033
vt 0.243190 0.111388
vt 0.250224 0.254555
vt 0.250087 0.254562
vt 0.242643 0.137211
vt 0.250360 0.254549
vt 0.258028 0.371889
vt 0.257257 0.397723
vt 0.253958 0.372089
vt 0.750669 0.254512
vt 0.750891 0.254479
vt 0.785173 0.487116
vt 0.796822 0.485389
vt 0.235211 0.137943
vt 0.229637 0.112723
vt 0.250669 0.254512
vt 0.250534 0.254532
vt 0.231624 0.138475
vt 0.250804 0.254492
vt 0.269936 0.370515
vt 0.271702 0.396300
vt 0.265906 0.371113
vt 0.751108 0.254424
vt 0.751326 0.254370
vt 0.808245 0.482527
vt 0.819668 0.479666
vt 0.224299 0.139932
vt 0.216280 0.115380
vt 0.251108 0.254424
vt 0.250976 0.254457
vt 0.220781 0.140813
vt 0.251241 0.254391
vt 0.281653 0.367981
vt 0.285937 0.393468
vt 0.277700 0.368971
vt 0.751537 0.254294
vt 0.751747 0.254219
vt 0.830756 0.475698
vt 0.841844 0.471731
vt 0.213634 0.142981
vt 0.203247 0.119334
vt 0.251537 0.254294
vt 0.251408 0.254340
vt 0.210219 0.144203
vt 0.251665 0.254248
vt 0.293065 0.364310
vt 0.299826 0.389255
vt 0.289228 0.365683
vt 0.751950 0.254123
vt 0.752153 0.254027
vt 0.852490 0.466696
vt 0.863135 0.461661
vt 0.203319 0.147061
vt 0.190664 0.124545
vt 0.251950 0.254123
vt 0.251827 0.254182
vt 0.200041 0.148612
vt 0.252074 0.254065
vt 0.304062 0.359539
vt 0.313236 0.383701
vt 0.300378 0.361281
vt 0.752345 0.253912
vt 0.752537 0.253797
vt 0.873236 0.455607
vt 0.883337 0.449553
vt 0.193455 0.152132
vt 0.178653 0.130965
vt 0.252345 0.253912
vt 0.252228 0.253982
vt 0.190344 0.153997
vt 0.252462 0.253842
vt 0.314538 0.353712
vt 0.326036 0.376859
vt 0.311043 0.355807
vt 0.752717 0.253663
vt 0.752897 0.253530
vt 0.892796 0.442538
vt 0.902255 0.435523
vt 0.184134 0.158146
vt 0.167330 0.138532
vt 0.252717 0.253663
vt 0.252607 0.253745
vt 0.181221 0.160306
vt 0.252827 0.253582
vt 0.324393 0.346887
vt 0.338104 0.368795
vt 0.321120 0.349314
vt 0.753063 0.253379
vt 0.753229 0.253229
vt 0.910980 0.427614
vt 0.919706 0.419706
vt 0.175448 0.165044
vt 0.156802 0.147172
vt 0.253063 0.253379
vt 0.252962 0.253471
vt 0.172761 0.167480
vt 0.253164 0.253288
vt 0.333531 0.339129
vt 0.349324 0.359587
vt 0.330512 0.341865
vt 0.753380 0.253063
vt 0.753530 0.252897
vt 0.927614 0.410980
vt 0.935523 0.402254
vt 0.167480 0.172761
vt 0.147172 0.156802
vt 0.253379 0.253063
vt 0.253288 0.253164
vt 0.165044 0.175448
vt 0.253471 0.252962
vt 0.341865 0.330512
vt 0.359587 0.349324
vt 0.339129 0.333531
vt 0.753663 0.252717
vt 0.753797 0.252537
vt 0.942538 0.392796
vt 0.949553 0.383337
vt 0.160306 0.181221
vt 0.138532 0.167330
vt 0.253663 0.252717
vt 0.253582 0.252827
vt 0.158146 0.184134
vt 0.253745 0.252607
vt 0.349314 0.321120
vt 0.368795 0.338104
vt 0.346887 0.324393
vt 0.753912 0.252345
vt 0.754027 0.252153
vt 0.955607 0.373236
vt 0.961661 0.363135
vt 0.153997 0.190344
vt 0.130965 0.178653
vt 0.253912 0.252345
vt 0.253842 0.252462
vt 0.152132 0.193455
vt 0.253982 0.252228
vt 0.355807 0.311043
vt 0.376859 0.326036
vt 0.353712 0.314538
vt 0.754123 0.251950
vt 0.754219 0.251747
vt 0.966696 0.352490
vt 0.971731 0.341844
vt 0.148612 0.200041
vt 0.124545 0.190664
vt 0.254123 0.251950
vt 0.254065 0.252074
vt 0.147061 0.203319
vt 0.254181 0.251827
vt 0.361281 0.300378
vt 0.383701 0.313236
vt 0.359539 0.304062
vt 0.754294 0.251537
vt 0.754370 0.251326
vt 0.975698 0.330756
vt 0.979666 0.319668
vt 0.144203 0.210219
vt 0.119334 0.203247
vt 0.254294 0.251537
vt 0.254248 0.251665
vt 0.142981 0.213634
vt 0.254340 0.251408
vt 0.365683 0.289228
vt 0.389255 0.299826
vt 0.364310 0.293065
vt 0.754424 0.251108
vt 0.754479 0.250891
vt 0.982527 0.308245
vt 0.985389 0.296822
vt 0.140814 0.220781
vt 0.115380 0.216280
vt 0.254424 0.251108
vt 0.254391 0.251241
vt 0.139932 0.224299
vt 0.254457 0.250976
vt 0.368971 0.277700
vt 0.393468 0.285937
vt 0.367981 0.281653
vt 0.754512 0.250669
vt 0.754545 0.250448
vt 0.987117 0.285173
vt 0.988844 0.273524
vt 0.138475 0.231624
vt 0.112723 0.229637
vt 0.254512 0.250669
vt 0.254492 0.250804
vt 0.137943 0.235211
vt 0.254532 0.250534
vt 0.371113 0.265906
vt 0.396300 0.271702
vt 0.370515 0.269936
vt 0.754556 0.250224
vt 0.754567 0.250000
vt 0.989422 0.261762
vt 0.990000 0.250000
vt 0.137211 0.242643
vt 0.111388 0.243190
vt 0.254555 0.250224
vt 0.254549 0.250360
vt 0.137033 0.246266
vt 0.254562 0.250087
vt 0.372089 0.253958
vt 0.397723 0.257257
vt 0.371889 0.258028
vt 0.754556 0.249776
vt 0.754545 0.249552
vt 0.989422 0.238238
vt 0.988844 0.226476
vt 0.137033 0.253734
vt 0.111388 0.256810
vt 0.254555 0.249776
vt 0.254562 0.249913
vt 0.137211 0.257357
vt 0.254549 0.249640
vt 0.371889 0.241972
vt 0.397723 0.242743
vt 0.372089 0.246042
vt 0.754512 0.249331
vt 0.754479 0.249109
vt 0.987117 0.214827
vt 0.985389 0.203178
vt 0.137943 0.264789
vt 0.112723 0.270363
vt 0.254512 0.249331
vt 0.254532 0.249466
vt 0.138475 0.268376
vt 0.254492 0.249196
vt 0.370515 0.230064
vt 0.396300 0.228298
vt 0.371113 0.234094
vt 0.754424 0.248892
vt 0.754370 0.248674
vt 0.982527 0.191755
vt 0.979666 0.180332
vt 0.139932 0.275701
vt 0.115380 0.283720
vt 0.254424 0.248892
vt 0.254457 0.249024
vt 0.140813 0.279219
vt 0.254391 0.248759
vt 0.367981 0.218347
vt 0.393468 0.214063
vt 0.368971 0.222300
vt 0.754294 0.248463
vt 0.754219 0.248253
vt 0.975698 0.169244
vt 0.971731 0.158156
vt 0.142981 0.286366
vt 0.119334 0.296753
vt 0.254294 0.248463
vt 0.254340 0.248592
vt 0.144203 0.289781
vt 0.254248 0.248335
vt 0.364310 0.206935
vt 0.389255 0.200174
vt 0.365683 0.210772
vt 0.754123 0.248050
vt 0.754027 0.247847
vt 0.966696 0.147510
vt 0.961661 0.136865
vt 0.147061 0.296680
vt 0.124545 0.309336
vt 0.254123 0.248050
vt 0.254182 0.248173
vt 0.148612 0.299959
vt 0.254065 0.247927
vt 0.359539 0.195938
vt 0.383701 0.186764
vt 0.361281 0.199622
vt 0.753912 0.247655
vt 0.753797 0.247463
vt 0.955607 0.126764
vt 0.949553 0.116663
vt 0.152132 0.306545
vt 0.130965 0.321347
vt 0.253912 0.247655
vt 0.253982 0.247772
vt 0.153997 0.309656
vt 0.253842 0.247538
vt 0.353712 0.185462
vt 0.376859 0.173964
vt 0.355807 0.188957
vt 0.753663 0.247283
vt 0.753530 0.247103
vt 0.942538 0.107204
vt 0.935523 0.097746
vt 0.158146 0.315866
vt 0.138532 0.332670
vt 0.253663 0.247283
vt 0.253745 0.247393
vt 0.160306 0.318779
vt 0.253582 0.247173
vt 0.346887 0.175607
vt 0.368795 0.161896
vt 0.349314 0.178880
vt 0.753380 0.246937
vt 0.753229 0.246771
vt 0.927614 0.089020
vt 0.919706 0.080294
vt 0.165044 0.324552
vt 0.147172 0.343198
vt 0.253379 0.246937
vt 0.253471 0.247038
vt 0.167480 0.327239
vt 0.253288 0.246836
vt 0.339129 0.166469
vt 0.359587 0.150676
vt 0.341865 0.169488
vt 0.753063 0.246621
vt 0.752897 0.246470
vt 0.910980 0.072386
vt 0.902255 0.064478
vt 0.172761 0.332520
vt 0.156802 0.352828
vt 0.253063 0.246621
vt 0.253164 0.246712
vt 0.175448 0.334956
vt 0.252962 0.246529
vt 0.330512 0.158135
vt 0.349324 0.140413
vt 0.333531 0.160871
vt 0.752717 0.246337
vt 0.752537 0.246203
vt 0.892796 0.057462
vt 0.883337 0.050447
vt 0.181221 0.339694
vt 0.167330 0.361468
vt 0.252717 0.246337
vt 0.252827 0.246418
vt 0.184134 0.341854
vt 0.252607 0.246255
vt 0.321120 0.150686
vt 0.338104 0.131205
vt 0.324393 0.153113
vt 0.752345 0.246088
vt 0.752153 0.245973
vt 0.873236 0.044393
vt 0.863135 0.038339
vt 0.190344 0.346003
vt 0.178653 0.369035
vt 0.252345 0.246088
vt 0.252462 0.246158
vt 0.193455 0.347868
vt 0.252228 0.246018
vt 0.311043 0.144193
vt 0.326036 0.123141
vt 0.314538 0.146288
vt 0.751950 0.245877
vt 0.751747 0.245781
vt 0.852490 0.033304
vt 0.841844 0.028269
vt 0.200041 0.351388
vt 0.190664 0.375455
vt 0.251950 0.245877
vt 0.252074 0.245935
vt 0.203319 0.352939
vt 0.251827 0.245819
vt 0.300378 0.138719
vt 0.313236 0.116299
vt 0.304062 0.140462
vt 0.751537 0.245706
vt 0.751326 0.245630
vt 0.830756 0.024302
vt 0.819668 0.020334
vt 0.210219 0.355797
vt 0.203247 0.380666
vt 0.251537 0.245706
vt 0.251665 0.245752
vt 0.213634 0.357019
vt 0.251408 0.245660
vt 0.289228 0.134317
vt 0.299826 0.110745
vt 0.293065 0.135690
vt 0.751108 0.245576
vt 0.750891 0.245521
vt 0.808245 0.017473
vt 0.796822 0.014612
vt 0.220781 0.359187
vt 0.216280 0.384620
vt 0.251108 0.245576
vt 0.251241 0.245609
vt 0.224299 0.360068
vt 0.250976 0.245543
vt 0.277700 0.131029
vt 0.285937 0.106532
vt 0.281653 0.132019
vt 0.750669 0.245488
vt 0.750448 0.245456
vt 0.785173 0.012884
vt 0.773524 0.011156
vt 0.231624 0.361525
vt 0.229637 0.387277
vt 0.250669 0.245488
vt 0.250804 0.245508
vt 0.235211 0.362057
vt 0.250534 0.245468
vt 0.265906 0.128887
vt 0.271702 0.103700
vt 0.269936 0.129485
vt 0.750224 0.245444
vt 0.750000 0.245434
vt 0.761762 0.010578
vt 0.750000 0.010000
vt 0.242643 0.362789
vt 0.243190 0.388612
vt 0.250224 0.245445
vt 0.250360 0.245451
vt 0.246266 0.362967
vt 0.250087 0.245438
vt 0.253958 0.127911
vt 0.257257 0.102277
vt 0.258028 0.128111
vt 0.749776 0.245445
vt 0.749552 0.245456
vt 0.738238 0.010578
vt 0.726476 0.011156
vt 0.253734 0.362967
vt 0.256810 0.388612
vt 0.249776 0.245445
vt 0.249913 0.245438
vt 0.257356 0.362789
vt 0.249640 0.245451
vt 0.241972 0.128111
vt 0.242743 0.102277
vt 0.246042 0.127911
vt 0.749331 0.245488
vt 0.749109 0.245521
vt 0.714827 0.012884
vt 0.703178 0.014612
vt 0.264789 0.362057
vt 0.270363 0.387277
vt 0.249331 0.245488
vt 0.249466 0.245468
vt 0.268376 0.361525
vt 0.249196 0.245508
vt 0.230064 0.129485
vt 0.228298 0.103700
vt 0.234094 0.128887
vt 0.748892 0.245576
vt 0.748675 0.245630
vt 0.691755 0.017473
vt 0.680332 0.020334
vt 0.275701 0.360068
vt 0.283721 0.384620
vt 0.248892 0.245576
vt 0.249024 0.245543
vt 0.279219 0.359187
vt 0.248759 0.245609
vt 0.218347 0.132019
vt 0.214063 0.106532
vt 0.222300 0.131029
vt 0.748463 0.245706
vt 0.748252 0.245781
vt 0.669244 0.024302
vt 0.658156 0.028269
vt 0.286366 0.357019
vt 0.296753 0.380666
vt 0.248464 0.245706
vt 0.248592 0.245660
vt 0.289781 0.355797
vt 0.248335 0.245752
vt 0.206935 0.135690
vt 0.200174 0.110745
vt 0.210772 0.134317
vt 0.748050 0.245877
vt 0.747847 0.245973
vt 0.647510 0.033304
vt 0.636865 0.038339
vt 0.296681 0.352939
vt 0.309336 0.375455
vt 0.248050 0.245877
vt 0.248173 0.245819
vt 0.299959 0.351388
vt 0.247927 0.245935
vt 0.195938 0.140462
vt 0.186764 0.116299
vt 0.199622 0.138719
vt 0.747655 0.246088
vt 0.747463 0.246203
vt 0.626764 0.044393
vt 0.616663 0.050447
vt 0.306545 0.347868
vt 0.321347 0.369035
vt 0.247655 0.246088
vt 0.247772 0.246018
vt 0.309656 0.346003
vt 0.247538 0.246158
vt 0.185462 0.146288
vt 0.173964 0.123141
vt 0.188957 0.144193
vt 0.747283 0.246337
vt 0.747103 0.246470
vt 0.607204 0.057462
vt 0.597746 0.064478
vt 0.315866 0.341854
vt 0.332670 0.361468
vt 0.247283 0.246337
vt 0.247393 0.246255
vt 0.318779 0.339694
vt 0.247173 0.246418
vt 0.175607 0.153113
vt 0.161896 0.131205
vt 0.178880 0.150686
vt 0.746937 0.246621
vt 0.746771 0.246771
vt 0.589020 0.072386
vt 0.580294 0.080294
vt 0.324552 0.334956
vt 0.343198 0.352828
vt 0.246937 0.246621
vt 0.247038 0.246529
vt 0.327239 0.332520
vt 0.246836 0.246712
vt 0.166469 0.160872
vt 0.150676 0.140413
vt 0.169488 0.158135
vt 0.746620 0.246937
vt 0.746470 0.247103
vt 0.572386 0.089020
vt 0.564478 0.097746
vt 0.332520 0.327239
vt 0.352828 0.343198
vt 0.246621 0.246937
vt 0.246712 0.246836
vt 0.334956 0.324552
vt 0.246529 0.247038
vt 0.158135 0.169488
vt 0.140413 0.150676
vt 0.160871 0.166469
vt 0.746337 0.247283
vt 0.746203 0.247463
vt 0.557462 0.107204
vt 0.550447 0.116663
vt 0.339694 0.318779
vt 0.361468 0.332671
vt 0.246337 0.247283
vt 0.246418 0.247173
vt 0.341854 0.315866
vt 0.246255 0.247393
vt 0.150686 0.178880
vt 0.131205 0.161896
vt 0.153113 0.175607
vt 0.746088 0.247655
vt 0.745973 0.247847
vt 0.544393 0.126764
vt 0.538339 0.136865
vt 0.346003 0.309656
vt 0.369035 0.321347
vt 0.246088 0.247655
vt 0.246158 0.247538
vt 0.347868 0.306545
vt 0.246018 0.247772
vt 0.144193 0.188957
vt 0.123141 0.173964
vt 0.146288 0.185462
vt 0.745877 0.248050
vt 0.745781 0.248252
vt 0.533304 0.147510
vt 0.528269 0.158156
vt 0.351388 0.299959
vt 0.375455 0.309336
vt 0.245877 0.248050
vt 0.245935 0.247926
vt 0.352939 0.296681
vt 0.245819 0.248173
vt 0.138719 0.199622
vt 0.116299 0.186764
vt 0.140462 0.195938
vt 0.745705 0.248463
vt 0.745630 0.248674
vt 0.524302 0.169244
vt 0.520334 0.180332
vt 0.355797 0.289781
vt 0.380666 0.296753
vt 0.245706 0.248463
vt 0.245752 0.248335
vt 0.357019 0.286366
vt 0.245660 0.248592
vt 0.134317 0.210772
vt 0.110745 0.200174
vt 0.135690 0.206935
vt 0.745576 0.248892
vt 0.745521 0.249109
vt 0.517473 0.191755
vt 0.514612 0.203178
vt 0.359187 0.279219
vt 0.384620 0.283720
vt 0.245576 0.248892
vt 0.245609 0.248759
vt 0.360068 0.275701
vt 0.245543 0.249024
vt 0.131029 0.222300
vt 0.106532 0.214063
vt 0.132019 0.218347
vt 0.745488 0.249331
vt 0.745456 0.249553
vt 0.512884 0.214827
vt 0.511156 0.226476
vt 0.361525 0.268376
vt 0.387277 0.270363
vt 0.245488 0.249331
vt 0.245508 0.249196
vt 0.362057 0.264789
vt 0.245468 0.249466
vt 0.128887 0.234094
vt 0.103700 0.228298
vt 0.129485 0.230064
vt 0.745445 0.249776
vt 0.745434 0.250000
vt 0.510578 0.238238
vt 0.510000 0.250000
vt 0.362789 0.257357
vt 0.388612 0.256810
vt 0.245445 0.249776
vt 0.245451 0.249640
vt 0.362967 0.253734
vt 0.245438 0.249913
vt 0.127911 0.246042
vt 0.102277 0.242743
vt 0.128111 0.241972
vt 0.745445 0.250224
vt 0.745456 0.250448
vt 0.510578 0.261762
vt 0.511156 0.273524
vt 0.362967 0.246266
vt 0.388612 0.243190
vt 0.245445 0.250224
vt 0.245438 0.250087
vt 0.362789 0.242643
vt 0.245451 0.250360
vt 0.128111 0.258028
vt 0.102277 0.257257
vt 0.127911 0.253958
vt 0.745488 0.250669
vt 0.745521 0.250891
vt 0.512884 0.285173
vt 0.514612 0.296822
vt 0.362057 0.235211
vt 0.387277 0.229637
vt 0.245488 0.250669
vt 0.245468 0.250534
vt 0.361525 0.231624
vt 0.245508 0.250804
vt 0.129485 0.269936
vt 0.103700 0.271702
vt 0.128887 0.265906
vt 0.745576 0.251108
vt 0.745630 0.251326
vt 0.517473 0.308245
vt 0.520334 0.319668
vt 0.360068 0.224299
vt 0.384620 0.216280
vt 0.245576 0.251108
vt 0.245543 0.250976
vt 0.359187 0.220781
vt 0.245609 0.251241
vt 0.132019 0.281653
vt 0.106532 0.285937
vt 0.131029 0.277700
vt 0.745706 0.251537
vt 0.745781 0.251747
vt 0.524302 0.330756
vt 0.528269 0.341844
vt 0.357019 0.213634
vt 0.380666 0.203247
vt 0.245706 0.251537
vt 0.245660 0.251408
vt 0.355797 0.210219
vt 0.245752 0.251665
vt 0.135690 0.293065
vt 0.110745 0.299826
vt 0.134317 0.289228
vt 0.745877 0.251950
vt 0.745973 0.252153
vt 0.533304 0.352490
vt 0.538339 0.363135
vt 0.352939 0.203319
vt 0.375455 0.190664
vt 0.245877 0.251950
vt 0.245819 0.251827
vt 0.351388 0.200041
vt 0.245935 0.252074
vt 0.140462 0.304062
vt 0.116299 0.313236
vt 0.138719 0.300378
vt 0.746088 0.252345
vt 0.746203 0.252537
vt 0.544393 0.373236
vt 0.550447 0.383337
vt 0.347868 0.193455
vt 0.369035 0.178653
vt 0.246088 0.252345
vt 0.246018 0.252228
vt 0.346003 0.190344
vt 0.246158 0.252462
vt 0.146288 0.314538
vt 0.123141 0.326036
vt 0.144193 0.311043
vt 0.746337 0.252717
vt 0.746470 0.252897
vt 0.557462 0.392796
vt 0.564478 0.402254
vt 0.341854 0.184134
vt 0.361468 0.167330
vt 0.246337 0.252717
vt 0.246255 0.252607
vt 0.339693 0.181221
vt 0.246418 0.252827
vt 0.153113 0.324393
vt 0.131205 0.338104
vt 0.150686 0.321120
vt 0.746621 0.253063
vt 0.746771 0.253229
vt 0.572386 0.410980
vt 0.580294 0.419706
vt 0.334956 0.175448
vt 0.352828 0.156802
vt 0.246621 0.253063
vt 0.246529 0.252962
vt 0.332520 0.172761
vt 0.246712 0.253164
vt 0.160872 0.333531
vt 0.140413 0.349324
vt 0.158135 0.330512
vt 0.746937 0.253379
vt 0.747103 0.253530
vt 0.589020 0.427614
vt 0.597746 0.435523
vt 0.327239 0.167480
vt 0.343198 0.147172
vt 0.246937 0.253379
vt 0.246836 0.253288
vt 0.324552 0.165044
vt 0.247038 0.253471
vt 0.169488 0.341865
vt 0.150676 0.359587
vt 0.166469 0.339129
vt 0.747283 0.253663
vt 0.747463 0.253797
vt 0.607204 0.442538
vt 0.616663 0.449553
vt 0.318779 0.160306
vt 0.332670 0.138532
vt 0.247283 0.253663
vt 0.247173 0.253582
vt 0.315866 0.158146
vt 0.247393 0.253745
vt 0.178880 0.349314
vt 0.161896 0.368795
vt 0.175607 0.346887
vt 0.747655 0.253912
vt 0.747847 0.254027
vt 0.626764 0.455607
vt 0.636865 0.461661
vt 0.309656 0.153997
vt 0.321347 0.130965
vt 0.247655 0.253912
vt 0.247538 0.253842
vt 0.306545 0.152132
vt 0.247772 0.253982
vt 0.188957 0.355807
vt 0.173964 0.376859
vt 0.185462 0.353712
vt 0.748050 0.254123
vt 0.748253 0.254219
vt 0.647510 0.466696
vt 0.658156 0.471731
vt 0.299959 0.148612
vt 0.309336 0.124545
vt 0.248050 0.254123
vt 0.247927 0.254065
vt 0.296681 0.147061
vt 0.248173 0.254181
vt 0.199622 0.361281
vt 0.186764 0.383701
vt 0.195938 0.359539
vt 0.748463 0.254294
vt 0.748675 0.254370
vt 0.669244 0.475698
vt 0.680332 0.479666
vt 0.289781 0.144203
vt 0.296753 0.119334
vt 0.248463 0.254294
vt 0.248335 0.254248
vt 0.286366 0.142981
vt 0.248592 0.254340
vt 0.210772 0.365683
vt 0.200174 0.389255
vt 0.206935 0.364310
vt 0.748892 0.254424
vt 0.749109 0.254479
vt 0.691755 0.482527
vt 0.703178 0.485389
vt 0.279219 0.140814
vt 0.283720 0.115380
vt 0.248892 0.254424
vt 0.248759 0.254391
vt 0.275701 0.139932
vt 0.249024 0.254457
vt 0.222300 0.368971
vt 0.214063 0.393468
vt 0.218347 0.367981
vt 0.749331 0.254512
vt 0.749553 0.254544
vt 0.714827 0.487116
vt 0.726476 0.488844
vt 0.268376 0.138475
vt 0.270363 0.112723
vt 0.249331 0.254512
vt 0.249196 0.254492
vt 0.264789 0.137943
vt 0.249466 0.254532
vt 0.234094 0.371113
vt 0.228298 0.396300
vt 0.230064 0.370515
vt 0.749776 0.254555
vt 0.738238 0.489422
vt 0.257357 0.137211
vt 0.256810 0.111388
vt 0.249776 0.254555
vt 0.249640 0.254549
vt 0.253734 0.137033
vt 0.249913 0.254562
vt 0.246042 0.372089
vt 0.242743 0.397723
vt 0.241972 0.371889
vt 0.231587 0.063046
vt 0.239133 0.028793
vt 0.239145 0.029047
vt 0.228284 0.029519
vt 0.250000 0.062141
vt 0.250000 0.028452
vt 0.260867 0.028793
vt 0.260855 0.029047
vt 0.268413 0.063046
vt 0.271715 0.029519
vt 0.282497 0.030923
vt 0.282460 0.031175
vt 0.286649 0.065751
vt 0.293222 0.032709
vt 0.303814 0.035163
vt 0.303752 0.035410
vt 0.304533 0.070230
vt 0.314312 0.037992
vt 0.324612 0.041473
vt 0.324527 0.041712
vt 0.321891 0.076441
vt 0.334783 0.045317
vt 0.344692 0.049790
vt 0.344584 0.050020
vt 0.338556 0.084323
vt 0.354437 0.054612
vt 0.363860 0.060035
vt 0.363730 0.060254
vt 0.354369 0.093801
vt 0.373085 0.065790
vt 0.381932 0.072110
vt 0.381781 0.072315
vt 0.369176 0.104783
vt 0.390548 0.078741
vt 0.398733 0.085899
vt 0.398562 0.086087
vt 0.382836 0.117164
vt 0.406658 0.093342
vt 0.414101 0.101267
vt 0.413913 0.101438
vt 0.395217 0.130824
vt 0.421259 0.109452
vt 0.427890 0.118068
vt 0.427685 0.118220
vt 0.406199 0.145631
vt 0.434210 0.126915
vt 0.439965 0.136140
vt 0.439747 0.136270
vt 0.415677 0.161444
vt 0.445388 0.145563
vt 0.450210 0.155308
vt 0.449980 0.155416
vt 0.423559 0.178109
vt 0.454683 0.165217
vt 0.458528 0.175388
vt 0.458288 0.175473
vt 0.429770 0.195467
vt 0.462008 0.185688
vt 0.464837 0.196186
vt 0.464590 0.196248
vt 0.434249 0.213351
vt 0.467291 0.206778
vt 0.469077 0.217503
vt 0.468825 0.217540
vt 0.436954 0.231587
vt 0.470481 0.228284
vt 0.471207 0.239133
vt 0.470953 0.239145
vt 0.437859 0.250000
vt 0.471548 0.250000
vt 0.471207 0.260867
vt 0.470953 0.260855
vt 0.436954 0.268413
vt 0.470481 0.271715
vt 0.469077 0.282497
vt 0.468825 0.282460
vt 0.434249 0.286649
vt 0.467291 0.293222
vt 0.464837 0.303814
vt 0.464590 0.303752
vt 0.429770 0.304533
vt 0.462008 0.314312
vt 0.458528 0.324612
vt 0.458288 0.324527
vt 0.423559 0.321891
vt 0.454684 0.334783
vt 0.450210 0.344692
vt 0.449980 0.344584
vt 0.415677 0.338556
vt 0.445388 0.354437
vt 0.439965 0.363860
vt 0.439747 0.363730
vt 0.406199 0.354369
vt 0.434210 0.373085
vt 0.427890 0.381932
vt 0.427685 0.381781
vt 0.395217 0.369176
vt 0.421259 0.390548
vt 0.414101 0.398733
vt 0.413913 0.398562
vt 0.382836 0.382836
vt 0.406658 0.406658
vt 0.398733 0.414101
vt 0.398562 0.413913
vt 0.369176 0.395217
vt 0.390548 0.421259
vt 0.381932 0.427890
vt 0.381780 0.427686
vt 0.354369 0.406199
vt 0.373085 0.434210
vt 0.363860 0.439965
vt 0.363730 0.439747
vt 0.338556 0.415677
vt 0.354437 0.445388
vt 0.344692 0.450210
vt 0.344584 0.449980
vt 0.321891 0.423559
vt 0.334783 0.454684
vt 0.324612 0.458528
vt 0.324527 0.458288
vt 0.304533 0.429770
vt 0.314312 0.462008
vt 0.303814 0.464837
vt 0.303752 0.464590
vt 0.286649 0.434249
vt 0.293222 0.467291
vt 0.282497 0.469077
vt 0.282460 0.468825
vt 0.268413 0.436954
vt 0.271715 0.470481
vt 0.260867 0.471207
vt 0.260855 0.470953
vt 0.250000 0.437859
vt 0.250000 0.471548
vt 0.239133 0.471207
vt 0.239145 0.470953
vt 0.231587 0.436954
vt 0.228284 0.470481
vt 0.217503 0.469077
vt 0.217540 0.468825
vt 0.213351 0.434249
vt 0.206778 0.467291
vt 0.196186 0.464837
vt 0.196248 0.464590
vt 0.195467 0.429770
vt 0.185688 0.462008
vt 0.175388 0.458528
vt 0.175473 0.458288
vt 0.178109 0.423559
vt 0.165217 0.454683
vt 0.155308 0.450210
vt 0.155416 0.449980
vt 0.161444 0.415677
vt 0.145563 0.445388
vt 0.136140 0.439965
vt 0.136270 0.439747
vt 0.145631 0.406199
vt 0.126915 0.434210
vt 0.118068 0.427890
vt 0.118220 0.427685
vt 0.130824 0.395217
vt 0.109452 0.421259
vt 0.101267 0.414101
vt 0.101438 0.413913
vt 0.117164 0.382836
vt 0.093342 0.406658
vt 0.085899 0.398733
vt 0.086087 0.398562
vt 0.104783 0.369176
vt 0.078741 0.390548
vt 0.072110 0.381932
vt 0.072315 0.381780
vt 0.093801 0.354369
vt 0.065790 0.373085
vt 0.060035 0.363860
vt 0.060254 0.363730
vt 0.084323 0.338556
vt 0.054612 0.354437
vt 0.049790 0.344692
vt 0.050020 0.344584
vt 0.076441 0.321891
vt 0.045317 0.334783
vt 0.041473 0.324612
vt 0.041712 0.324527
vt 0.070230 0.304532
vt 0.037992 0.314312
vt 0.035163 0.303814
vt 0.035410 0.303752
vt 0.065751 0.286649
vt 0.032709 0.293222
vt 0.030923 0.282497
vt 0.031175 0.282460
vt 0.063046 0.268413
vt 0.029519 0.271715
vt 0.028793 0.260867
vt 0.029047 0.260855
vt 0.062141 0.250000
vt 0.028452 0.250000
vt 0.028793 0.239133
vt 0.029047 0.239145
vt 0.063046 0.231587
vt 0.029519 0.228284
vt 0.030923 0.217503
vt 0.031175 0.217540
vt 0.065751 0.213351
vt 0.032709 0.206778
vt 0.035163 0.196186
vt 0.035410 0.196248
vt 0.070230 0.195467
vt 0.037992 0.185688
vt 0.041473 0.175388
vt 0.041712 0.175473
vt 0.076441 0.178109
vt 0.045317 0.165217
vt 0.049790 0.155308
vt 0.050020 0.155416
vt 0.084323 0.161444
vt 0.054612 0.145563
vt 0.060035 0.136140
vt 0.060254 0.136270
vt 0.093801 0.145631
vt 0.065790 0.126915
vt 0.072110 0.118068
vt 0.072315 0.118220
vt 0.104783 0.130824
vt 0.078741 0.109452
vt 0.085899 0.101267
vt 0.086087 0.101438
vt 0.117164 0.117164
vt 0.093342 0.093342
vt 0.101267 0.085899
vt 0.101438 0.086087
vt 0.130824 0.104783
vt 0.109452 0.078741
vt 0.118068 0.072110
vt 0.118220 0.072315
vt 0.145631 0.093801
vt 0.126915 0.065790
vt 0.136140 0.060035
vt 0.136270 0.060254
vt 0.161444 0.084323
vt 0.145563 0.054612
vt 0.155308 0.049790
vt 0.155416 0.050020
vt 0.178109 0.076441
vt 0.165217 0.045317
vt 0.175388 0.041473
vt 0.175473 0.041712
vt 0.195467 0.070230
vt 0.185688 0.037992
vt 0.196186 0.035163
vt 0.196248 0.035410
vt 0.213351 0.065751
vt 0.206778 0.032709
vt 0.217503 0.030923
vt 0.217540 0.031175
vt 0.750000 0.062141
vt 0.739133 0.028793
vt 0.738760 0.021207
vt 0.750000 0.022362
vt 0.731587 0.063046
vt 0.727688 0.023458
vt 0.717503 0.030923
vt 0.716389 0.023410
vt 0.713350 0.065751
vt 0.705590 0.026736
vt 0.696186 0.035163
vt 0.694341 0.027796
vt 0.695468 0.070230
vt 0.683920 0.032164
vt 0.675388 0.041473
vt 0.672829 0.034322
vt 0.678110 0.076441
vt 0.662887 0.039690
vt 0.655308 0.049790
vt 0.652060 0.042924
vt 0.661444 0.084323
vt 0.642692 0.049241
vt 0.636140 0.060035
vt 0.632235 0.053521
vt 0.645631 0.093801
vt 0.623531 0.060726
vt 0.618068 0.072110
vt 0.613544 0.066010
vt 0.630824 0.104783
vt 0.605588 0.074033
vt 0.601267 0.085899
vt 0.596167 0.080271
vt 0.617164 0.117164
vt 0.589036 0.089036
vt 0.585899 0.101267
vt 0.580271 0.096167
vt 0.604783 0.130824
vt 0.574033 0.105588
vt 0.572110 0.118068
vt 0.566010 0.113544
vt 0.593801 0.145631
vt 0.560726 0.123531
vt 0.560035 0.136140
vt 0.553521 0.132235
vt 0.584323 0.161444
vt 0.549241 0.142692
vt 0.546393 0.141170
vt 0.549790 0.155308
vt 0.542924 0.152060
vt 0.576441 0.178109
vt 0.539690 0.162887
vt 0.541473 0.175388
vt 0.534322 0.172829
vt 0.570230 0.195467
vt 0.532164 0.183920
vt 0.535163 0.196186
vt 0.527796 0.194341
vt 0.565751 0.213351
vt 0.526736 0.205590
vt 0.530923 0.217503
vt 0.523410 0.216389
vt 0.563046 0.231587
vt 0.523458 0.227688
vt 0.528793 0.239133
vt 0.521207 0.238760
vt 0.562141 0.250000
vt 0.522362 0.250000
vt 0.528793 0.260867
vt 0.521207 0.261240
vt 0.563046 0.268413
vt 0.523458 0.272312
vt 0.530923 0.282497
vt 0.523410 0.283611
vt 0.565751 0.286649
vt 0.526736 0.294410
vt 0.535163 0.303814
vt 0.527796 0.305659
vt 0.570230 0.304533
vt 0.532164 0.316080
vt 0.541473 0.324612
vt 0.534322 0.327171
vt 0.576441 0.321891
vt 0.539690 0.337113
vt 0.549790 0.344692
vt 0.542924 0.347940
vt 0.584323 0.338556
vt 0.549241 0.357308
vt 0.560035 0.363860
vt 0.553521 0.367765
vt 0.593801 0.354369
vt 0.560726 0.376469
vt 0.572110 0.381932
vt 0.566010 0.386456
vt 0.604783 0.369176
vt 0.574034 0.394412
vt 0.571537 0.396461
vt 0.585899 0.398733
vt 0.580271 0.403833
vt 0.617164 0.382836
vt 0.589036 0.410964
vt 0.601267 0.414101
vt 0.596167 0.419729
vt 0.630824 0.395217
vt 0.605588 0.425967
vt 0.618068 0.427890
vt 0.613544 0.433990
vt 0.645631 0.406199
vt 0.623531 0.439274
vt 0.636140 0.439965
vt 0.632235 0.446479
vt 0.661444 0.415677
vt 0.642692 0.450759
vt 0.655308 0.450210
vt 0.652060 0.457076
vt 0.678110 0.423559
vt 0.662887 0.460310
vt 0.675388 0.458528
vt 0.672829 0.465678
vt 0.695468 0.429770
vt 0.683920 0.467836
vt 0.696186 0.464837
vt 0.694341 0.472204
vt 0.713351 0.434249
vt 0.705590 0.473264
vt 0.717503 0.469077
vt 0.716389 0.476590
vt 0.731586 0.436954
vt 0.727687 0.476542
vt 0.739133 0.471207
vt 0.738760 0.478793
vt 0.750000 0.437859
vt 0.750000 0.477638
vt 0.760867 0.471207
vt 0.761240 0.478793
vt 0.768413 0.436954
vt 0.772312 0.476542
vt 0.782497 0.469077
vt 0.783611 0.476589
vt 0.786649 0.434249
vt 0.794410 0.473264
vt 0.803814 0.464837
vt 0.805659 0.472204
vt 0.804533 0.429770
vt 0.816080 0.467836
vt 0.824612 0.458527
vt 0.827171 0.465678
vt 0.821890 0.423559
vt 0.837113 0.460310
vt 0.844692 0.450210
vt 0.847939 0.457076
vt 0.838556 0.415677
vt 0.857308 0.450759
vt 0.858830 0.453606
vt 0.863860 0.439965
vt 0.867765 0.446479
vt 0.854369 0.406199
vt 0.876469 0.439274
vt 0.881932 0.427890
vt 0.886456 0.433990
vt 0.869177 0.395217
vt 0.894412 0.425967
vt 0.898733 0.414101
vt 0.903833 0.419729
vt 0.882836 0.382836
vt 0.910964 0.410964
vt 0.913247 0.413248
vt 0.914101 0.398733
vt 0.919729 0.403833
vt 0.895217 0.369176
vt 0.925966 0.394412
vt 0.928462 0.396460
vt 0.927889 0.381932
vt 0.933990 0.386456
vt 0.906199 0.354369
vt 0.939274 0.376469
vt 0.939965 0.363860
vt 0.946479 0.367765
vt 0.915677 0.338556
vt 0.950759 0.357308
vt 0.950210 0.344692
vt 0.957076 0.347940
vt 0.923559 0.321891
vt 0.960310 0.337113
vt 0.958527 0.324612
vt 0.965678 0.327171
vt 0.929769 0.304533
vt 0.967836 0.316080
vt 0.964837 0.303814
vt 0.972204 0.305659
vt 0.934249 0.286649
vt 0.973264 0.294410
vt 0.969077 0.282497
vt 0.976590 0.283611
vt 0.936954 0.268413
vt 0.976542 0.272312
vt 0.971207 0.260867
vt 0.978793 0.261240
vt 0.937859 0.250000
vt 0.977638 0.250000
vt 0.971207 0.239133
vt 0.978793 0.238760
vt 0.936954 0.231587
vt 0.976542 0.227688
vt 0.969077 0.217503
vt 0.976590 0.216389
vt 0.934249 0.213351
vt 0.973264 0.205590
vt 0.964837 0.196186
vt 0.972204 0.194341
vt 0.929770 0.195467
vt 0.967836 0.183920
vt 0.958527 0.175388
vt 0.965678 0.172829
vt 0.923559 0.178109
vt 0.960310 0.162887
vt 0.950210 0.155308
vt 0.957076 0.152060
vt 0.915677 0.161444
vt 0.950759 0.142692
vt 0.939965 0.136140
vt 0.946479 0.132235
vt 0.906199 0.145631
vt 0.939274 0.123531
vt 0.927889 0.118068
vt 0.933990 0.113544
vt 0.895217 0.130824
vt 0.925966 0.105588
vt 0.928462 0.103539
vt 0.914101 0.101267
vt 0.919729 0.096167
vt 0.882836 0.117164
vt 0.910964 0.089036
vt 0.898733 0.085899
vt 0.903833 0.080271
vt 0.869177 0.104783
vt 0.894412 0.074033
vt 0.881932 0.072110
vt 0.886456 0.066010
vt 0.854369 0.093801
vt 0.876469 0.060726
vt 0.863860 0.060035
vt 0.867765 0.053521
vt 0.838556 0.084323
vt 0.857308 0.049241
vt 0.844692 0.049790
vt 0.847940 0.042924
vt 0.821890 0.076441
vt 0.837113 0.039690
vt 0.824612 0.041473
vt 0.827171 0.034322
vt 0.804532 0.070230
vt 0.816080 0.032164
vt 0.803814 0.035163
vt 0.805659 0.027796
vt 0.786649 0.065751
vt 0.794410 0.026736
vt 0.782497 0.030923
vt 0.783611 0.023410
vt 0.768413 0.063046
vt 0.772313 0.023458
vt 0.760867 0.028793
vt 0.761240 0.021207
vt 0.015625 0.585391
vt 0.014781 0.583848
vt 0.013015 0.528871
vt 0.013015 0.641011
vt 0.007813 0.712834
vt 0.007813 0.662552
vt 0.002610 0.639982
vt 0.000000 0.583333
vt 0.000844 0.583333
vt 0.002610 0.527842
vt 0.007813 0.509259
vt 0.031250 0.585391
vt 0.030406 0.583848
vt 0.028640 0.528871
vt 0.028640 0.641011
vt 0.023438 0.662809
vt 0.018235 0.641011
vt 0.016469 0.583848
vt 0.018235 0.528871
vt 0.023438 0.509517
vt 0.046875 0.585391
vt 0.046031 0.583848
vt 0.044265 0.528871
vt 0.044265 0.641011
vt 0.039062 0.662809
vt 0.033860 0.641011
vt 0.032094 0.583848
vt 0.033860 0.528871
vt 0.039062 0.509517
vt 0.061873 0.584074
vt 0.059944 0.529324
vt 0.059944 0.641464
vt 0.054688 0.662922
vt 0.049485 0.641011
vt 0.047719 0.583848
vt 0.049485 0.528871
vt 0.054688 0.509630
vt 0.093750 0.585391
vt 0.092906 0.583848
vt 0.091140 0.528871
vt 0.091140 0.641011
vt 0.085938 0.662922
vt 0.080681 0.641464
vt 0.078752 0.584074
vt 0.080681 0.529324
vt 0.085938 0.509630
vt 0.109375 0.585391
vt 0.108531 0.583848
vt 0.106765 0.528871
vt 0.106765 0.641011
vt 0.101563 0.713863
vt 0.101563 0.662809
vt 0.096360 0.641011
vt 0.094594 0.583848
vt 0.096360 0.528871
vt 0.101563 0.509517
vt 0.125000 0.585118
vt 0.124156 0.583780
vt 0.122390 0.528598
vt 0.122390 0.641011
vt 0.117188 0.662809
vt 0.111985 0.641011
vt 0.110219 0.583848
vt 0.111985 0.528871
vt 0.117188 0.509448
vt 0.139998 0.500189
vt 0.138069 0.500000
vt 0.138069 0.500756
vt 0.132813 0.502669
vt 0.132813 0.500378
vt 0.127556 0.500756
vt 0.125627 0.500189
vt 0.127556 0.500000
vt 0.140625 0.585118
vt 0.139781 0.583780
vt 0.138015 0.528598
vt 0.138015 0.641011
vt 0.132812 0.662809
vt 0.127610 0.641011
vt 0.125844 0.583780
vt 0.127610 0.528598
vt 0.132813 0.509380
vt 0.156250 0.585391
vt 0.155406 0.583848
vt 0.153640 0.528871
vt 0.153640 0.641011
vt 0.148438 0.662809
vt 0.143235 0.641011
vt 0.141469 0.583780
vt 0.143235 0.528598
vt 0.148438 0.509448
vt 0.171875 0.585118
vt 0.171031 0.583780
vt 0.169265 0.528598
vt 0.169265 0.641011
vt 0.164062 0.713863
vt 0.164063 0.662809
vt 0.158860 0.641011
vt 0.164063 0.634131
vt 0.157094 0.583848
vt 0.158860 0.528871
vt 0.164063 0.509448
vt 0.164063 0.532536
vt 0.187500 0.500000
vt 0.187500 0.500579
vt 0.186656 0.500145
vt 0.184890 0.500000
vt 0.187500 0.509616
vt 0.184890 0.500579
vt 0.179688 0.502492
vt 0.179688 0.500334
vt 0.174431 0.500756
vt 0.172502 0.500189
vt 0.174431 0.500000
vt 0.187500 0.584941
vt 0.186656 0.583735
vt 0.184890 0.528421
vt 0.184890 0.641011
vt 0.179688 0.662809
vt 0.174485 0.641011
vt 0.172719 0.583780
vt 0.174485 0.528598
vt 0.179687 0.509336
vt 0.203125 0.500000
vt 0.203125 0.500579
vt 0.202281 0.500145
vt 0.200515 0.500000
vt 0.203125 0.509616
vt 0.200515 0.500579
vt 0.195312 0.502315
vt 0.195313 0.500289
vt 0.190110 0.500579
vt 0.188344 0.500145
vt 0.190110 0.500000
vt 0.203125 0.584941
vt 0.202281 0.583735
vt 0.200515 0.528421
vt 0.200515 0.641011
vt 0.195313 0.662809
vt 0.190110 0.641011
vt 0.188344 0.583735
vt 0.190110 0.528421
vt 0.195313 0.509291
vt 0.218750 0.500000
vt 0.218750 0.500579
vt 0.217906 0.500145
vt 0.216140 0.500000
vt 0.218750 0.509616
vt 0.216140 0.500579
vt 0.210938 0.502315
vt 0.210938 0.500289
vt 0.205735 0.500579
vt 0.203969 0.500145
vt 0.205735 0.500000
vt 0.218750 0.584941
vt 0.217906 0.583735
vt 0.216140 0.528421
vt 0.216140 0.641011
vt 0.210938 0.662809
vt 0.205735 0.641011
vt 0.203969 0.583735
vt 0.205735 0.528421
vt 0.210938 0.509291
vt 0.234375 0.500000
vt 0.234375 0.500579
vt 0.233531 0.500145
vt 0.231765 0.500000
vt 0.234375 0.509616
vt 0.231765 0.500579
vt 0.226563 0.502315
vt 0.226563 0.500289
vt 0.221360 0.500579
vt 0.219594 0.500145
vt 0.221360 0.500000
vt 0.234375 0.584941
vt 0.233531 0.583735
vt 0.231765 0.528421
vt 0.231765 0.641011
vt 0.226563 0.662809
vt 0.221360 0.641011
vt 0.219594 0.583735
vt 0.221360 0.528421
vt 0.226563 0.509291
vt 0.250000 0.500000
vt 0.250000 0.500579
vt 0.249156 0.500145
vt 0.247390 0.500000
vt 0.250000 0.509616
vt 0.247390 0.500579
vt 0.242188 0.502315
vt 0.242188 0.500289
vt 0.236985 0.500579
vt 0.235219 0.500145
vt 0.236985 0.500000
vt 0.250000 0.584941
vt 0.249156 0.583735
vt 0.247390 0.528421
vt 0.247390 0.641011
vt 0.242188 0.662809
vt 0.236985 0.641011
vt 0.235219 0.583735
vt 0.236985 0.528421
vt 0.242188 0.509291
vt 0.265625 0.500000
vt 0.265625 0.500579
vt 0.264781 0.500145
vt 0.263015 0.500000
vt 0.265625 0.509616
vt 0.263015 0.500579
vt 0.257813 0.502315
vt 0.257813 0.500289
vt 0.252610 0.500579
vt 0.250844 0.500145
vt 0.252610 0.500000
vt 0.257812 0.500000
vt 0.265625 0.584941
vt 0.264781 0.583735
vt 0.263015 0.528421
vt 0.263015 0.641011
vt 0.257812 0.662809
vt 0.252610 0.641011
vt 0.250844 0.583735
vt 0.252610 0.528421
vt 0.257812 0.502315
vt 0.257812 0.509291
vt 0.257812 0.532536
vt 0.280623 0.500189
vt 0.278694 0.500000
vt 0.278694 0.500756
vt 0.273438 0.502492
vt 0.273438 0.500334
vt 0.268235 0.500579
vt 0.266469 0.500145
vt 0.268235 0.500000
vt 0.281250 0.585118
vt 0.280406 0.583780
vt 0.278640 0.528598
vt 0.278640 0.641011
vt 0.273438 0.662809
vt 0.268235 0.641011
vt 0.266469 0.583735
vt 0.268235 0.528421
vt 0.273438 0.509336
vt 0.296875 0.585391
vt 0.296031 0.583848
vt 0.294265 0.528871
vt 0.294265 0.641011
vt 0.289063 0.662809
vt 0.283860 0.641011
vt 0.289063 0.634131
vt 0.282094 0.583780
vt 0.283860 0.528598
vt 0.289062 0.509448
vt 0.312500 0.585391
vt 0.311656 0.583848
vt 0.309890 0.528871
vt 0.309890 0.641011
vt 0.304688 0.662809
vt 0.299485 0.641011
vt 0.297719 0.583848
vt 0.299485 0.528871
vt 0.304688 0.509517
vt 0.328125 0.585391
vt 0.327281 0.583848
vt 0.325515 0.528871
vt 0.325515 0.641011
vt 0.320313 0.662809
vt 0.315110 0.641011
vt 0.313344 0.583848
vt 0.315110 0.528871
vt 0.320313 0.509517
vt 0.343750 0.585391
vt 0.342906 0.583848
vt 0.341140 0.528871
vt 0.341140 0.641011
vt 0.335938 0.662809
vt 0.330735 0.641011
vt 0.328969 0.583848
vt 0.330735 0.528871
vt 0.335938 0.509517
vt 0.359375 0.585391
vt 0.358531 0.583848
vt 0.356765 0.528871
vt 0.356765 0.641011
vt 0.351563 0.662809
vt 0.346360 0.641011
vt 0.351563 0.634131
vt 0.344594 0.583848
vt 0.346360 0.528871
vt 0.351562 0.503215
vt 0.351563 0.509517
vt 0.351563 0.532536
vt 0.375000 0.585391
vt 0.374156 0.583848
vt 0.372390 0.528871
vt 0.372390 0.641011
vt 0.367188 0.662809
vt 0.361985 0.641011
vt 0.360219 0.583848
vt 0.361985 0.528871
vt 0.367187 0.509517
vt 0.390625 0.585391
vt 0.389781 0.583848
vt 0.388015 0.528871
vt 0.388015 0.641011
vt 0.382812 0.662809
vt 0.377610 0.641011
vt 0.375844 0.583848
vt 0.377610 0.528871
vt 0.382813 0.503215
vt 0.382812 0.509517
vt 0.406250 0.585118
vt 0.405406 0.583780
vt 0.403640 0.528598
vt 0.403640 0.641011
vt 0.398437 0.662809
vt 0.393235 0.641011
vt 0.391469 0.583848
vt 0.393235 0.528871
vt 0.398438 0.509448
vt 0.421248 0.500189
vt 0.419319 0.500000
vt 0.419319 0.500756
vt 0.414063 0.502669
vt 0.414063 0.500378
vt 0.408806 0.500756
vt 0.406877 0.500189
vt 0.408806 0.500000
vt 0.421875 0.585118
vt 0.421031 0.583780
vt 0.419265 0.528598
vt 0.419265 0.641011
vt 0.414063 0.662809
vt 0.408860 0.641011
vt 0.407094 0.583780
vt 0.408860 0.528598
vt 0.414063 0.509380
vt 0.437500 0.585391
vt 0.436656 0.583848
vt 0.434890 0.528871
vt 0.434890 0.641011
vt 0.429688 0.662809
vt 0.424485 0.641011
vt 0.422719 0.583780
vt 0.424485 0.528598
vt 0.429688 0.509448
vt 0.453125 0.585391
vt 0.452281 0.583848
vt 0.450515 0.528871
vt 0.450515 0.641011
vt 0.445313 0.662809
vt 0.440110 0.641011
vt 0.438344 0.583848
vt 0.440110 0.528871
vt 0.445313 0.509517
vt 0.468750 0.585118
vt 0.467906 0.583780
vt 0.466140 0.528598
vt 0.466140 0.641011
vt 0.460938 0.662809
vt 0.455735 0.641011
vt 0.453969 0.583848
vt 0.455735 0.528871
vt 0.460938 0.509448
vt 0.484375 0.500000
vt 0.484375 0.500579
vt 0.483531 0.500145
vt 0.481765 0.500000
vt 0.484375 0.509616
vt 0.481765 0.500579
vt 0.476563 0.502492
vt 0.476563 0.500334
vt 0.471306 0.500756
vt 0.469377 0.500189
vt 0.471306 0.500000
vt 0.484375 0.584941
vt 0.483531 0.583735
vt 0.481765 0.528421
vt 0.481765 0.641011
vt 0.476563 0.662809
vt 0.471360 0.641011
vt 0.469594 0.583780
vt 0.471360 0.528598
vt 0.476563 0.509336
vt 0.499373 0.500189
vt 0.497444 0.500000
vt 0.497444 0.500756
vt 0.492188 0.502492
vt 0.492188 0.500334
vt 0.486985 0.500579
vt 0.485219 0.500145
vt 0.486985 0.500000
vt 0.500000 0.585118
vt 0.499156 0.583780
vt 0.497390 0.528598
vt 0.497390 0.641011
vt 0.492188 0.662809
vt 0.486985 0.641011
vt 0.485219 0.583735
vt 0.486985 0.528421
vt 0.492188 0.509336
vt 0.515625 0.585118
vt 0.514781 0.583780
vt 0.513015 0.528598
vt 0.513015 0.641011
vt 0.507812 0.662809
vt 0.502610 0.641011
vt 0.507813 0.634131
vt 0.500844 0.583780
vt 0.502610 0.528598
vt 0.507813 0.502669
vt 0.507813 0.509380
vt 0.530623 0.500189
vt 0.528694 0.500000
vt 0.528694 0.500756
vt 0.523438 0.502669
vt 0.523438 0.500378
vt 0.518181 0.500756
vt 0.516252 0.500189
vt 0.518181 0.500000
vt 0.531250 0.585118
vt 0.530406 0.583780
vt 0.528640 0.528598
vt 0.528640 0.641011
vt 0.523438 0.662809
vt 0.518235 0.641011
vt 0.516469 0.583780
vt 0.518235 0.528598
vt 0.523438 0.509380
vt 0.546875 0.585118
vt 0.546031 0.583780
vt 0.544265 0.528598
vt 0.544265 0.641011
vt 0.539062 0.662809
vt 0.533860 0.641011
vt 0.532094 0.583780
vt 0.533860 0.528598
vt 0.539063 0.509380
vt 0.561873 0.500189
vt 0.559944 0.500000
vt 0.559944 0.500756
vt 0.554688 0.502669
vt 0.554688 0.500378
vt 0.549431 0.500756
vt 0.547502 0.500189
vt 0.549431 0.500000
vt 0.562500 0.585118
vt 0.561656 0.583780
vt 0.559890 0.528598
vt 0.559890 0.641011
vt 0.554688 0.662809
vt 0.549485 0.641011
vt 0.547719 0.583780
vt 0.549485 0.528598
vt 0.554688 0.509380
vt 0.578125 0.585391
vt 0.577281 0.583848
vt 0.575515 0.528871
vt 0.575515 0.641011
vt 0.570313 0.713863
vt 0.570313 0.662809
vt 0.565110 0.641011
vt 0.563344 0.583780
vt 0.565110 0.528598
vt 0.570312 0.509448
vt 0.593750 0.585118
vt 0.592906 0.583780
vt 0.591140 0.528598
vt 0.591140 0.641011
vt 0.585938 0.662809
vt 0.580735 0.641011
vt 0.578969 0.583848
vt 0.580735 0.528871
vt 0.585938 0.509448
vt 0.609375 0.500000
vt 0.609375 0.500579
vt 0.608531 0.500145
vt 0.606765 0.500000
vt 0.609375 0.509616
vt 0.606765 0.500579
vt 0.601562 0.502492
vt 0.601563 0.500334
vt 0.596306 0.500756
vt 0.594377 0.500189
vt 0.596306 0.500000
vt 0.609375 0.584941
vt 0.608531 0.583735
vt 0.606765 0.528421
vt 0.606765 0.641011
vt 0.601563 0.662809
vt 0.596360 0.641011
vt 0.601563 0.634131
vt 0.594594 0.583780
vt 0.596360 0.528598
vt 0.601563 0.502492
vt 0.601562 0.509336
vt 0.601563 0.532536
vt 0.624373 0.500189
vt 0.622444 0.500000
vt 0.622444 0.500756
vt 0.617188 0.502492
vt 0.617188 0.500334
vt 0.611985 0.500579
vt 0.610219 0.500145
vt 0.611985 0.500000
vt 0.625000 0.585118
vt 0.624156 0.583780
vt 0.622390 0.528598
vt 0.622390 0.641011
vt 0.617188 0.662809
vt 0.611985 0.641011
vt 0.610219 0.583735
vt 0.611985 0.528421
vt 0.617188 0.509336
vt 0.640625 0.585391
vt 0.639781 0.583848
vt 0.638015 0.528871
vt 0.638015 0.641011
vt 0.632813 0.662809
vt 0.627610 0.641011
vt 0.625844 0.583780
vt 0.627610 0.528598
vt 0.632813 0.509448
vt 0.656250 0.585391
vt 0.655406 0.583848
vt 0.653640 0.528871
vt 0.653640 0.641011
vt 0.648438 0.662809
vt 0.643235 0.641011
vt 0.641469 0.583848
vt 0.643235 0.528871
vt 0.648438 0.509517
vt 0.671875 0.585391
vt 0.671031 0.583848
vt 0.669265 0.528871
vt 0.669265 0.641011
vt 0.664063 0.662809
vt 0.658860 0.641011
vt 0.657094 0.583848
vt 0.658860 0.528871
vt 0.664063 0.509517
vt 0.687500 0.585118
vt 0.686656 0.583780
vt 0.684890 0.528598
vt 0.684890 0.641011
vt 0.679688 0.662809
vt 0.674485 0.641011
vt 0.672719 0.583848
vt 0.674485 0.528871
vt 0.679688 0.509448
vt 0.703125 0.500000
vt 0.703125 0.500579
vt 0.702281 0.500145
vt 0.700515 0.500000
vt 0.703125 0.509616
vt 0.700515 0.500579
vt 0.695312 0.502492
vt 0.695313 0.500334
vt 0.690056 0.500756
vt 0.688127 0.500189
vt 0.690056 0.500000
vt 0.703125 0.584941
vt 0.702281 0.583735
vt 0.700515 0.528421
vt 0.700515 0.641011
vt 0.695312 0.713863
vt 0.695313 0.662809
vt 0.690110 0.641011
vt 0.688344 0.583780
vt 0.690110 0.528598
vt 0.695313 0.509336
vt 0.718750 0.500000
vt 0.718750 0.500579
vt 0.717906 0.500145
vt 0.716140 0.500000
vt 0.718750 0.509616
vt 0.716140 0.500579
vt 0.710938 0.502315
vt 0.710938 0.500289
vt 0.705735 0.500579
vt 0.703969 0.500145
vt 0.705735 0.500000
vt 0.718750 0.584941
vt 0.717906 0.583735
vt 0.716140 0.528421
vt 0.716140 0.641011
vt 0.710938 0.662809
vt 0.705735 0.641011
vt 0.703969 0.583735
vt 0.705735 0.528421
vt 0.710938 0.509291
vt 0.733748 0.500189
vt 0.731819 0.500000
vt 0.731819 0.500756
vt 0.726563 0.502492
vt 0.726563 0.500334
vt 0.721360 0.500579
vt 0.726563 0.500000
vt 0.719594 0.500145
vt 0.721360 0.500000
vt 0.734375 0.585118
vt 0.733531 0.583780
vt 0.731765 0.528598
vt 0.731765 0.641011
vt 0.726562 0.662809
vt 0.721360 0.641011
vt 0.726563 0.634131
vt 0.719594 0.583735
vt 0.721360 0.528421
vt 0.726562 0.502492
vt 0.726562 0.509336
vt 0.750000 0.585118
vt 0.749156 0.583780
vt 0.747390 0.528598
vt 0.747390 0.641011
vt 0.742188 0.662809
vt 0.736985 0.641011
vt 0.735219 0.583780
vt 0.736985 0.528598
vt 0.742188 0.509380
vt 0.764998 0.500189
vt 0.763069 0.500000
vt 0.763069 0.500756
vt 0.757812 0.502669
vt 0.757813 0.500378
vt 0.752556 0.500756
vt 0.750627 0.500189
vt 0.752556 0.500000
vt 0.765625 0.585118
vt 0.764781 0.583780
vt 0.763015 0.528598
vt 0.763015 0.641011
vt 0.757813 0.662809
vt 0.752610 0.641011
vt 0.750844 0.583780
vt 0.752610 0.528598
vt 0.757813 0.502669
vt 0.757813 0.509380
vt 0.781250 0.585118
vt 0.780406 0.583780
vt 0.778640 0.528598
vt 0.778640 0.641011
vt 0.773438 0.662809
vt 0.768235 0.641011
vt 0.766469 0.583780
vt 0.768235 0.528598
vt 0.773438 0.509380
vt 0.796248 0.500189
vt 0.794319 0.500000
vt 0.794319 0.500756
vt 0.789063 0.502669
vt 0.789062 0.500378
vt 0.783806 0.500756
vt 0.789063 0.500000
vt 0.781877 0.500189
vt 0.783806 0.500000
vt 0.796875 0.585118
vt 0.796031 0.583780
vt 0.794265 0.528598
vt 0.794265 0.641011
vt 0.789062 0.662809
vt 0.783860 0.641011
vt 0.789063 0.634131
vt 0.782094 0.583780
vt 0.783860 0.528598
vt 0.789063 0.509380
vt 0.812500 0.585391
vt 0.811656 0.583848
vt 0.809890 0.528871
vt 0.809890 0.641011
vt 0.804688 0.662809
vt 0.799485 0.641011
vt 0.797719 0.583780
vt 0.799485 0.528598
vt 0.804688 0.509448
vt 0.828125 0.585391
vt 0.827281 0.583848
vt 0.825515 0.528871
vt 0.825515 0.641011
vt 0.820313 0.662809
vt 0.815110 0.641011
vt 0.813344 0.583848
vt 0.815110 0.528871
vt 0.820313 0.509517
vt 0.843750 0.585391
vt 0.842906 0.583848
vt 0.841140 0.528871
vt 0.841140 0.641011
vt 0.835938 0.662809
vt 0.830735 0.641011
vt 0.828969 0.583848
vt 0.830735 0.528871
vt 0.835938 0.509517
vt 0.858748 0.584074
vt 0.856819 0.529324
vt 0.856819 0.641464
vt 0.851563 0.662922
vt 0.846360 0.641011
vt 0.844594 0.583848
vt 0.846360 0.528871
vt 0.851563 0.503668
vt 0.851563 0.509630
vt 0.937500 0.500000
vt 0.937500 0.500579
vt 0.936656 0.500145
vt 0.934890 0.500000
vt 0.937500 0.509616
vt 0.934890 0.500579
vt 0.929688 0.502765
vt 0.929688 0.500402
vt 0.924431 0.501029
vt 0.922502 0.500257
vt 0.924431 0.500000
vt 0.937500 0.584941
vt 0.936656 0.583735
vt 0.934890 0.528421
vt 0.934890 0.641011
vt 0.929688 0.662922
vt 0.924431 0.641464
vt 0.922502 0.583961
vt 0.924431 0.528871
vt 0.929688 0.509404
vt 0.952498 0.500189
vt 0.950569 0.500000
vt 0.950569 0.500756
vt 0.945313 0.502492
vt 0.945313 0.500334
vt 0.940110 0.500579
vt 0.938344 0.500145
vt 0.940110 0.500000
vt 0.953125 0.585118
vt 0.952281 0.583780
vt 0.950515 0.528598
vt 0.950515 0.641011
vt 0.945313 0.662809
vt 0.940110 0.641011
vt 0.938344 0.583735
vt 0.940110 0.528421
vt 0.945313 0.509336
vt 0.968750 0.585118
vt 0.967906 0.583780
vt 0.966140 0.528598
vt 0.966140 0.641011
vt 0.960938 0.662809
vt 0.955735 0.641011
vt 0.953969 0.583780
vt 0.955735 0.528598
vt 0.960938 0.509380
vt 0.984375 0.500000
vt 0.984375 0.500579
vt 0.983531 0.500145
vt 0.981765 0.500000
vt 0.984375 0.509616
vt 0.981765 0.500579
vt 0.976563 0.502492
vt 0.976563 0.500334
vt 0.971306 0.500756
vt 0.969377 0.500189
vt 0.971306 0.500000
vt 0.984375 0.584941
vt 0.983531 0.583735
vt 0.981765 0.528421
vt 0.981765 0.641011
vt 0.976563 0.662809
vt 0.971360 0.641011
vt 0.969594 0.583780
vt 0.971360 0.528598
vt 0.976562 0.502492
vt 0.976563 0.509336
vt 1.000000 0.500000
vt 0.999156 0.500000
vt 0.997390 0.500000
vt 0.992188 0.501736
vt 0.992188 0.500145
vt 0.986985 0.500579
vt 0.985219 0.500145
vt 0.986985 0.500000
vt 1.000000 0.583333
vt 0.999156 0.583333
vt 0.997390 0.527842
vt 0.997390 0.639982
vt 0.992188 0.662552
vt 0.986985 0.641011
vt 0.985219 0.583735
vt 0.986985 0.528421
vt 0.992188 0.509147
vt 0.739398 0.034194
vt 0.737210 0.088080
vt 0.746857 0.087606
vt 0.750000 0.257486
vt 0.750013 0.255296
vt 0.753267 0.424441
vt 0.761121 0.476374
vt 0.763847 0.423922
vt 0.750734 0.257450
vt 0.750507 0.255272
vt 0.750448 0.254545
vt 0.240003 0.046517
vt 0.246522 0.100884
vt 0.238845 0.101261
vt 0.250734 0.257450
vt 0.250495 0.255272
vt 0.273524 0.488844
vt 0.262187 0.410742
vt 0.261762 0.489422
vt 0.260516 0.464051
vt 0.250000 0.490000
vt 0.253627 0.411162
vt 0.250000 0.257486
vt 0.250024 0.255295
vt 0.718296 0.036272
vt 0.721401 0.090113
vt 0.730955 0.088696
vt 0.750532 0.255269
vt 0.770350 0.423281
vt 0.783256 0.474194
vt 0.796822 0.485388
vt 0.780827 0.421727
vt 0.751460 0.257343
vt 0.751021 0.255197
vt 0.220107 0.048476
vt 0.231923 0.101942
vt 0.224320 0.103070
vt 0.251461 0.257343
vt 0.251009 0.255198
vt 0.296822 0.485388
vt 0.277884 0.408773
vt 0.285173 0.487116
vt 0.281446 0.461989
vt 0.269406 0.410031
vt 0.250543 0.255268
vt 0.697500 0.040409
vt 0.705867 0.093686
vt 0.715236 0.091339
vt 0.751045 0.255192
vt 0.787236 0.420452
vt 0.805071 0.469855
vt 0.797511 0.417878
vt 0.752173 0.257164
vt 0.751526 0.255072
vt 0.200498 0.052377
vt 0.217498 0.104427
vt 0.210042 0.106295
vt 0.252173 0.257164
vt 0.251514 0.255074
vt 0.319668 0.479666
vt 0.293312 0.405276
vt 0.308245 0.482527
vt 0.302073 0.457886
vt 0.284999 0.407358
vt 0.251057 0.255189
vt 0.677209 0.046564
vt 0.690758 0.098765
vt 0.699852 0.095511
vt 0.751549 0.255064
vt 0.803764 0.415982
vt 0.826355 0.463398
vt 0.813737 0.412413
vt 0.752865 0.256917
vt 0.752015 0.254898
vt 0.181366 0.058181
vt 0.203386 0.108314
vt 0.196148 0.110904
vt 0.252865 0.256917
vt 0.252004 0.254902
vt 0.341844 0.471731
vt 0.308323 0.400283
vt 0.330756 0.475698
vt 0.322199 0.451781
vt 0.300254 0.403170
vt 0.251560 0.255060
vt 0.657620 0.054678
vt 0.676220 0.105300
vt 0.684951 0.101170
vt 0.752038 0.254888
vt 0.819774 0.409912
vt 0.846904 0.454887
vt 0.829350 0.405384
vt 0.753529 0.256603
vt 0.752486 0.254676
vt 0.162895 0.065832
vt 0.189723 0.113565
vt 0.182774 0.116852
vt 0.253529 0.256603
vt 0.252475 0.254682
vt 0.363135 0.461661
vt 0.322773 0.393842
vt 0.352490 0.466696
vt 0.341629 0.443733
vt 0.315025 0.397507
vt 0.252049 0.254883
vt 0.638920 0.064673
vt 0.662392 0.113228
vt 0.670676 0.108263
vt 0.752508 0.254665
vt 0.835113 0.402303
vt 0.866520 0.444402
vt 0.844198 0.396858
vt 0.754159 0.256225
vt 0.752932 0.254410
vt 0.145263 0.075256
vt 0.176640 0.120130
vt 0.170047 0.124082
vt 0.254159 0.256225
vt 0.252922 0.254416
vt 0.383337 0.449553
vt 0.336521 0.386017
vt 0.373236 0.455607
vt 0.360177 0.433819
vt 0.329170 0.390423
vt 0.253529 0.256602
vt 0.252518 0.254659
vt 0.621289 0.076454
vt 0.649408 0.122474
vt 0.657165 0.116720
vt 0.752953 0.254396
vt 0.849631 0.393227
vt 0.885014 0.432045
vt 0.902254 0.435522
vt 0.858139 0.386918
vt 0.754749 0.255787
vt 0.753350 0.254102
vt 0.128639 0.086364
vt 0.164264 0.127946
vt 0.158090 0.132525
vt 0.254749 0.255787
vt 0.253341 0.254109
vt 0.402254 0.435522
vt 0.349437 0.376881
vt 0.392796 0.442538
vt 0.377664 0.422135
vt 0.342553 0.381986
vt 0.252962 0.254390
vt 0.604898 0.089905
vt 0.637392 0.132948
vt 0.644549 0.126461
vt 0.753369 0.254086
vt 0.863190 0.382772
vt 0.902207 0.417934
vt 0.871038 0.375659
vt 0.755294 0.255294
vt 0.753736 0.253754
vt 0.113184 0.099047
vt 0.152713 0.136938
vt 0.147018 0.142100
vt 0.255294 0.255294
vt 0.253727 0.253761
vt 0.419706 0.419706
vt 0.361394 0.366524
vt 0.410980 0.427614
vt 0.393921 0.408792
vt 0.355044 0.372279
vt 0.253378 0.254078
vt 0.589905 0.104898
vt 0.626461 0.144549
vt 0.632948 0.137392
vt 0.753754 0.253736
vt 0.875659 0.371038
vt 0.917934 0.402207
vt 0.935522 0.402254
vt 0.882772 0.363190
vt 0.755787 0.254749
vt 0.754086 0.253369
vt 0.099047 0.113184
vt 0.142100 0.147018
vt 0.136938 0.152713
vt 0.255787 0.254749
vt 0.254078 0.253378
vt 0.435522 0.402254
vt 0.372279 0.355044
vt 0.427614 0.410980
vt 0.408792 0.393921
vt 0.366524 0.361394
vt 0.253761 0.253727
vt 0.576454 0.121289
vt 0.616720 0.157165
vt 0.622474 0.149408
vt 0.754102 0.253350
vt 0.886918 0.358139
vt 0.932045 0.385013
vt 0.893228 0.349631
vt 0.756225 0.254159
vt 0.754396 0.252953
vt 0.086364 0.128639
vt 0.132525 0.158090
vt 0.127946 0.164264
vt 0.256225 0.254159
vt 0.254389 0.252962
vt 0.449553 0.383337
vt 0.381986 0.342553
vt 0.442538 0.392796
vt 0.422135 0.377664
vt 0.376881 0.349437
vt 0.254109 0.253341
vt 0.564673 0.138920
vt 0.608263 0.170676
vt 0.613228 0.162392
vt 0.754410 0.252932
vt 0.896858 0.344198
vt 0.944402 0.366520
vt 0.902303 0.335113
vt 0.756603 0.253529
vt 0.754665 0.252507
vt 0.075256 0.145263
vt 0.124082 0.170047
vt 0.120130 0.176640
vt 0.256602 0.253529
vt 0.254659 0.252518
vt 0.461661 0.363135
vt 0.390423 0.329170
vt 0.455607 0.373236
vt 0.433819 0.360177
vt 0.386017 0.336521
vt 0.254416 0.252922
vt 0.554678 0.157620
vt 0.601170 0.184951
vt 0.605300 0.176220
vt 0.756602 0.253529
vt 0.754677 0.252486
vt 0.905384 0.329350
vt 0.954887 0.346904
vt 0.909912 0.319774
vt 0.756917 0.252865
vt 0.754888 0.252038
vt 0.065832 0.162895
vt 0.116852 0.182774
vt 0.113565 0.189723
vt 0.256917 0.252865
vt 0.254883 0.252049
vt 0.471731 0.341844
vt 0.397507 0.315025
vt 0.466696 0.352490
vt 0.443733 0.341629
vt 0.393842 0.322773
vt 0.256603 0.253529
vt 0.254681 0.252475
vt 0.546564 0.177209
vt 0.595511 0.199852
vt 0.598765 0.190758
vt 0.754898 0.252015
vt 0.912413 0.313737
vt 0.963398 0.326355
vt 0.915982 0.303764
vt 0.757164 0.252173
vt 0.755064 0.251549
vt 0.058181 0.181366
vt 0.110904 0.196148
vt 0.108314 0.203386
vt 0.257164 0.252173
vt 0.255060 0.251560
vt 0.479666 0.319668
vt 0.403170 0.300254
vt 0.475698 0.330756
vt 0.451781 0.322199
vt 0.400283 0.308323
vt 0.254902 0.252004
vt 0.540409 0.197500
vt 0.591339 0.215236
vt 0.593686 0.205867
vt 0.755072 0.251525
vt 0.917878 0.297511
vt 0.969855 0.305071
vt 0.985388 0.296822
vt 0.920452 0.287236
vt 0.757343 0.251461
vt 0.755192 0.251045
vt 0.052377 0.200498
vt 0.106295 0.210042
vt 0.104427 0.217498
vt 0.257343 0.251461
vt 0.255189 0.251057
vt 0.485388 0.296822
vt 0.407358 0.284999
vt 0.482527 0.308245
vt 0.457886 0.302073
vt 0.405276 0.293312
vt 0.255074 0.251514
vt 0.536272 0.218296
vt 0.588696 0.230955
vt 0.590113 0.221401
vt 0.755197 0.251021
vt 0.921727 0.280827
vt 0.974194 0.283256
vt 0.923281 0.270350
vt 0.757451 0.250734
vt 0.755269 0.250531
vt 0.048476 0.220107
vt 0.103070 0.224320
vt 0.101943 0.231923
vt 0.257450 0.250734
vt 0.255268 0.250543
vt 0.488844 0.273524
vt 0.410031 0.269406
vt 0.487116 0.285173
vt 0.461989 0.281446
vt 0.408773 0.277884
vt 0.255198 0.251009
vt 0.534194 0.239398
vt 0.587606 0.246857
vt 0.588080 0.237210
vt 0.755272 0.250507
vt 0.923922 0.263847
vt 0.976374 0.261121
vt 0.924441 0.253267
vt 0.757486 0.250000
vt 0.755296 0.250012
vt 0.046517 0.240003
vt 0.101261 0.238845
vt 0.100884 0.246522
vt 0.257486 0.250000
vt 0.255295 0.250024
vt 0.490000 0.250000
vt 0.411162 0.253627
vt 0.489422 0.261762
vt 0.464051 0.260516
vt 0.410742 0.262187
vt 0.255272 0.250495
vt 0.534194 0.260602
vt 0.588080 0.262790
vt 0.587606 0.253143
vt 0.755296 0.249988
vt 0.924441 0.246733
vt 0.976374 0.238879
vt 0.923922 0.236153
vt 0.757450 0.249266
vt 0.755272 0.249493
vt 0.046517 0.259997
vt 0.100884 0.253477
vt 0.101261 0.261155
vt 0.257450 0.249266
vt 0.255272 0.249505
vt 0.488844 0.226476
vt 0.410742 0.237813
vt 0.489422 0.238238
vt 0.464051 0.239484
vt 0.411162 0.246373
vt 0.255295 0.249976
vt 0.536272 0.281704
vt 0.590113 0.278599
vt 0.588696 0.269045
vt 0.757451 0.249266
vt 0.755269 0.249469
vt 0.923281 0.229650
vt 0.974194 0.216744
vt 0.985388 0.203178
vt 0.921727 0.219173
vt 0.757343 0.248539
vt 0.755197 0.248979
vt 0.048476 0.279893
vt 0.101942 0.268077
vt 0.103070 0.275680
vt 0.257343 0.248539
vt 0.255198 0.248991
vt 0.485388 0.203178
vt 0.408773 0.222116
vt 0.487116 0.214827
vt 0.461989 0.218554
vt 0.410031 0.230594
vt 0.255268 0.249457
vt 0.540408 0.302500
vt 0.593686 0.294133
vt 0.591339 0.284764
vt 0.755192 0.248955
vt 0.920452 0.212764
vt 0.969855 0.194929
vt 0.917878 0.202489
vt 0.757164 0.247827
vt 0.755072 0.248475
vt 0.052377 0.299502
vt 0.104427 0.282502
vt 0.106295 0.289958
vt 0.257164 0.247827
vt 0.255074 0.248486
vt 0.479666 0.180332
vt 0.405276 0.206688
vt 0.482527 0.191755
vt 0.457886 0.197927
vt 0.407358 0.215001
vt 0.255189 0.248943
vt 0.546564 0.322791
vt 0.598765 0.309242
vt 0.595511 0.300148
vt 0.755064 0.248451
vt 0.915982 0.196236
vt 0.963398 0.173645
vt 0.912413 0.186263
vt 0.756917 0.247135
vt 0.754898 0.247985
vt 0.058181 0.318634
vt 0.108314 0.296614
vt 0.110904 0.303852
vt 0.256917 0.247135
vt 0.254902 0.247996
vt 0.471731 0.158156
vt 0.400283 0.191677
vt 0.475698 0.169244
vt 0.451781 0.177802
vt 0.403170 0.199746
vt 0.255060 0.248440
vt 0.554678 0.342380
vt 0.605300 0.323780
vt 0.601170 0.315049
vt 0.754888 0.247962
vt 0.909912 0.180226
vt 0.954887 0.153096
vt 0.905384 0.170650
vt 0.756602 0.246471
vt 0.754677 0.247514
vt 0.065832 0.337105
vt 0.113565 0.310277
vt 0.116852 0.317226
vt 0.256603 0.246471
vt 0.254682 0.247525
vt 0.461661 0.136865
vt 0.393842 0.177227
vt 0.254065 0.247926
vt 0.466696 0.147510
vt 0.443733 0.158371
vt 0.397507 0.184975
vt 0.254883 0.247951
vt 0.564673 0.361080
vt 0.613228 0.337608
vt 0.608263 0.329324
vt 0.754665 0.247493
vt 0.902303 0.164887
vt 0.944402 0.133480
vt 0.896858 0.155802
vt 0.756225 0.245841
vt 0.754410 0.247068
vt 0.075256 0.354737
vt 0.120130 0.323360
vt 0.124082 0.329953
vt 0.256225 0.245841
vt 0.254416 0.247078
vt 0.449553 0.116663
vt 0.386017 0.163479
vt 0.455607 0.126764
vt 0.433819 0.139823
vt 0.390423 0.170830
vt 0.256602 0.246471
vt 0.254659 0.247483
vt 0.576454 0.378711
vt 0.622474 0.350592
vt 0.616720 0.342835
vt 0.754396 0.247047
vt 0.893228 0.150369
vt 0.932045 0.114987
vt 0.935522 0.097746
vt 0.886918 0.141861
vt 0.755787 0.245251
vt 0.754102 0.246650
vt 0.086364 0.371361
vt 0.127946 0.335736
vt 0.132525 0.341910
vt 0.255787 0.245251
vt 0.254109 0.246659
vt 0.435522 0.097746
vt 0.376881 0.150563
vt 0.442538 0.107204
vt 0.422135 0.122336
vt 0.381986 0.157447
vt 0.254390 0.247038
vt 0.589905 0.395102
vt 0.632948 0.362608
vt 0.626462 0.355451
vt 0.754086 0.246631
vt 0.882772 0.136810
vt 0.917934 0.097793
vt 0.875659 0.128962
vt 0.755294 0.244706
vt 0.753754 0.246264
vt 0.099047 0.386816
vt 0.136938 0.347287
vt 0.142100 0.352982
vt 0.255294 0.244706
vt 0.253761 0.246273
vt 0.419706 0.080294
vt 0.366524 0.138606
vt 0.427614 0.089020
vt 0.408792 0.106079
vt 0.372279 0.144956
vt 0.254078 0.246622
vt 0.604898 0.410095
vt 0.644549 0.373539
vt 0.637392 0.367052
vt 0.753736 0.246246
vt 0.871038 0.124341
vt 0.902207 0.082066
vt 0.902254 0.064478
vt 0.863190 0.117228
vt 0.754749 0.244213
vt 0.753369 0.245914
vt 0.113184 0.400953
vt 0.147018 0.357900
vt 0.152713 0.363062
vt 0.254749 0.244213
vt 0.253378 0.245922
vt 0.402254 0.064478
vt 0.355044 0.127721
vt 0.410980 0.072386
vt 0.393921 0.091208
vt 0.361394 0.133476
vt 0.253727 0.246239
vt 0.621289 0.423546
vt 0.657165 0.383280
vt 0.649408 0.377526
vt 0.753350 0.245898
vt 0.858139 0.113082
vt 0.885014 0.067955
vt 0.849631 0.106773
vt 0.754159 0.243775
vt 0.752953 0.245604
vt 0.128639 0.413636
vt 0.158090 0.367475
vt 0.164264 0.372054
vt 0.254159 0.243775
vt 0.252962 0.245610
vt 0.383337 0.050447
vt 0.342553 0.118014
vt 0.392796 0.057462
vt 0.377664 0.077865
vt 0.349437 0.123119
vt 0.253341 0.245891
vt 0.638919 0.435327
vt 0.670676 0.391737
vt 0.662392 0.386772
vt 0.752932 0.245590
vt 0.844198 0.103142
vt 0.866520 0.055598
vt 0.835113 0.097697
vt 0.753529 0.243398
vt 0.752507 0.245335
vt 0.145263 0.424744
vt 0.170047 0.375918
vt 0.176640 0.379870
vt 0.253529 0.243398
vt 0.252518 0.245341
vt 0.363135 0.038339
vt 0.329170 0.109577
vt 0.373236 0.044393
vt 0.360177 0.066181
vt 0.336521 0.113983
vt 0.252922 0.245584
vt 0.657620 0.445322
vt 0.684951 0.398830
vt 0.676220 0.394700
vt 0.752486 0.245324
vt 0.829350 0.094616
vt 0.846904 0.045114
vt 0.819774 0.090088
vt 0.752865 0.243083
vt 0.752038 0.245112
vt 0.162895 0.434168
vt 0.182774 0.383148
vt 0.189723 0.386435
vt 0.252865 0.243083
vt 0.252049 0.245117
vt 0.341844 0.028269
vt 0.315025 0.102493
vt 0.352490 0.033304
vt 0.341629 0.056267
vt 0.322773 0.106158
vt 0.252475 0.245318
vt 0.677209 0.453436
vt 0.699852 0.404489
vt 0.690758 0.401235
vt 0.752015 0.245102
vt 0.813737 0.087587
vt 0.826355 0.036602
vt 0.803764 0.084019
vt 0.752173 0.242836
vt 0.751549 0.244936
vt 0.181366 0.441819
vt 0.196148 0.389096
vt 0.203386 0.391686
vt 0.252173 0.242836
vt 0.251560 0.244940
vt 0.319668 0.020334
vt 0.300254 0.096830
vt 0.330756 0.024302
vt 0.322199 0.048219
vt 0.308323 0.099717
vt 0.252004 0.245098
vt 0.697500 0.459591
vt 0.715236 0.408661
vt 0.705867 0.406314
vt 0.751526 0.244929
vt 0.797511 0.082122
vt 0.805071 0.030145
vt 0.787236 0.079548
vt 0.751461 0.242657
vt 0.751046 0.244808
vt 0.200498 0.447623
vt 0.210042 0.393705
vt 0.217498 0.395573
vt 0.251461 0.242657
vt 0.251057 0.244811
vt 0.296822 0.014612
vt 0.284999 0.092642
vt 0.308245 0.017473
vt 0.302073 0.042114
vt 0.293312 0.094724
vt 0.251514 0.244926
vt 0.718296 0.463728
vt 0.730955 0.411304
vt 0.721401 0.409887
vt 0.751021 0.244803
vt 0.780827 0.078273
vt 0.783256 0.025806
vt 0.770350 0.076719
vt 0.750734 0.242550
vt 0.750531 0.244731
vt 0.220107 0.451523
vt 0.224320 0.396930
vt 0.231923 0.398057
vt 0.250734 0.242550
vt 0.250543 0.244732
vt 0.273524 0.011156
vt 0.269406 0.089969
vt 0.285173 0.012884
vt 0.281446 0.038011
vt 0.277884 0.091227
vt 0.251009 0.244802
vt 0.739398 0.465806
vt 0.746857 0.412394
vt 0.737210 0.411920
vt 0.750507 0.244728
vt 0.763847 0.076078
vt 0.761121 0.023626
vt 0.753267 0.075559
vt 0.750000 0.242514
vt 0.750013 0.244704
vt 0.240003 0.453483
vt 0.238845 0.398739
vt 0.246522 0.399116
vt 0.250000 0.242514
vt 0.250024 0.244705
vt 0.250000 0.010000
vt 0.253627 0.088838
vt 0.261762 0.010578
vt 0.260516 0.035949
vt 0.262187 0.089258
vt 0.250495 0.244728
vt 0.760602 0.465806
vt 0.762790 0.411920
vt 0.753143 0.412394
vt 0.749988 0.244704
vt 0.746733 0.075559
vt 0.738879 0.023626
vt 0.736153 0.076078
vt 0.749266 0.242550
vt 0.749493 0.244728
vt 0.259996 0.453483
vt 0.253477 0.399116
vt 0.261155 0.398739
vt 0.249266 0.242550
vt 0.249505 0.244728
vt 0.226476 0.011156
vt 0.237813 0.089258
vt 0.238238 0.010578
vt 0.239484 0.035949
vt 0.246373 0.088838
vt 0.249976 0.244705
vt 0.781703 0.463728
vt 0.778599 0.409887
vt 0.769045 0.411304
vt 0.749469 0.244731
vt 0.729650 0.076719
vt 0.716744 0.025806
vt 0.719173 0.078273
vt 0.748539 0.242657
vt 0.748979 0.244803
vt 0.279893 0.451523
vt 0.268077 0.398057
vt 0.275680 0.396930
vt 0.248539 0.242657
vt 0.248991 0.244802
vt 0.203178 0.014612
vt 0.222116 0.091227
vt 0.214827 0.012884
vt 0.218554 0.038011
vt 0.230594 0.089969
vt 0.249457 0.244732
vt 0.802500 0.459591
vt 0.794133 0.406314
vt 0.784764 0.408661
vt 0.748955 0.244808
vt 0.712764 0.079548
vt 0.694929 0.030145
vt 0.702489 0.082122
vt 0.747827 0.242836
vt 0.748475 0.244928
vt 0.299502 0.447623
vt 0.282502 0.395573
vt 0.289958 0.393705
vt 0.247827 0.242836
vt 0.248486 0.244926
vt 0.180332 0.020334
vt 0.206688 0.094724
vt 0.191755 0.017473
vt 0.197927 0.042114
vt 0.215001 0.092642
vt 0.248943 0.244811
vt 0.824612 0.458528
vt 0.822791 0.453436
vt 0.809242 0.401235
vt 0.800148 0.404489
vt 0.748451 0.244936
vt 0.696236 0.084019
vt 0.673645 0.036602
vt 0.686263 0.087587
vt 0.747135 0.243083
vt 0.747985 0.245102
vt 0.318634 0.441820
vt 0.296614 0.391686
vt 0.303852 0.389096
vt 0.247135 0.243083
vt 0.247996 0.245098
vt 0.158156 0.028269
vt 0.191677 0.099717
vt 0.169244 0.024302
vt 0.177802 0.048219
vt 0.199746 0.096830
vt 0.248440 0.244940
vt 0.842380 0.445322
vt 0.823780 0.394700
vt 0.815049 0.398830
vt 0.747962 0.245112
vt 0.680226 0.090088
vt 0.653096 0.045114
vt 0.670650 0.094616
vt 0.746471 0.243397
vt 0.747514 0.245324
vt 0.337105 0.434168
vt 0.310277 0.386435
vt 0.317226 0.383148
vt 0.246471 0.243398
vt 0.247525 0.245319
vt 0.136865 0.038339
vt 0.177227 0.106158
vt 0.247926 0.245935
vt 0.147510 0.033304
vt 0.158371 0.056267
vt 0.184975 0.102493
vt 0.247951 0.245117
vt 0.861080 0.435327
vt 0.837608 0.386772
vt 0.829324 0.391737
vt 0.747492 0.245335
vt 0.664887 0.097697
vt 0.633480 0.055598
vt 0.655802 0.103142
vt 0.745841 0.243775
vt 0.747068 0.245590
vt 0.354737 0.424744
vt 0.323360 0.379870
vt 0.329953 0.375918
vt 0.245841 0.243775
vt 0.247078 0.245584
vt 0.116663 0.050447
vt 0.163479 0.113983
vt 0.126764 0.044393
vt 0.139823 0.066181
vt 0.170830 0.109577
vt 0.247482 0.245341
vt 0.878711 0.423546
vt 0.850592 0.377526
vt 0.842835 0.383280
vt 0.747047 0.245604
vt 0.650369 0.106773
vt 0.614987 0.067955
vt 0.641861 0.113082
vt 0.745251 0.244213
vt 0.746650 0.245898
vt 0.371361 0.413636
vt 0.335736 0.372054
vt 0.341910 0.367475
vt 0.245251 0.244213
vt 0.246659 0.245891
vt 0.097746 0.064478
vt 0.150563 0.123119
vt 0.107204 0.057462
vt 0.122336 0.077865
vt 0.157447 0.118014
vt 0.247038 0.245611
vt 0.895102 0.410095
vt 0.862607 0.367052
vt 0.855451 0.373538
vt 0.746631 0.245914
vt 0.636810 0.117228
vt 0.597793 0.082066
vt 0.628962 0.124341
vt 0.744706 0.244706
vt 0.746264 0.246246
vt 0.386816 0.400953
vt 0.347287 0.363062
vt 0.352982 0.357900
vt 0.244706 0.244706
vt 0.246273 0.246239
vt 0.080294 0.080294
vt 0.138606 0.133476
vt 0.089020 0.072386
vt 0.106079 0.091208
vt 0.144956 0.127721
vt 0.246622 0.245922
vt 0.910095 0.395102
vt 0.873538 0.355451
vt 0.867052 0.362608
vt 0.746246 0.246264
vt 0.624341 0.128962
vt 0.582066 0.097793
vt 0.617228 0.136810
vt 0.744213 0.245251
vt 0.745914 0.246631
vt 0.400953 0.386816
vt 0.357900 0.352982
vt 0.363062 0.347287
vt 0.244213 0.245251
vt 0.245922 0.246622
vt 0.064478 0.097746
vt 0.127721 0.144956
vt 0.072386 0.089020
vt 0.091208 0.106079
vt 0.133476 0.138606
vt 0.246239 0.246273
vt 0.923546 0.378711
vt 0.883280 0.342835
vt 0.877526 0.350592
vt 0.745898 0.246650
vt 0.613082 0.141861
vt 0.567955 0.114987
vt 0.606773 0.150369
vt 0.743775 0.245841
vt 0.745604 0.247047
vt 0.413636 0.371361
vt 0.367475 0.341910
vt 0.372054 0.335736
vt 0.243775 0.245841
vt 0.245611 0.247038
vt 0.050447 0.116663
vt 0.118014 0.157447
vt 0.057462 0.107204
vt 0.077865 0.122336
vt 0.123119 0.150563
vt 0.245891 0.246659
vt 0.935327 0.361080
vt 0.891737 0.329324
vt 0.886772 0.337608
vt 0.745590 0.247068
vt 0.603142 0.155802
vt 0.555598 0.133480
vt 0.597697 0.164888
vt 0.743398 0.246471
vt 0.745335 0.247493
vt 0.424744 0.354737
vt 0.375918 0.329953
vt 0.379870 0.323360
vt 0.243398 0.246471
vt 0.245341 0.247482
vt 0.038339 0.136865
vt 0.109577 0.170830
vt 0.044393 0.126764
vt 0.066181 0.139823
vt 0.113983 0.163479
vt 0.245584 0.247078
vt 0.945322 0.342380
vt 0.898830 0.315049
vt 0.894700 0.323780
vt 0.745324 0.247515
vt 0.594616 0.170650
vt 0.545114 0.153096
vt 0.590088 0.180226
vt 0.743083 0.247135
vt 0.745112 0.247962
vt 0.434168 0.337105
vt 0.383148 0.317226
vt 0.386435 0.310277
vt 0.243083 0.247135
vt 0.245117 0.247951
vt 0.028269 0.158156
vt 0.102493 0.184975
vt 0.033304 0.147510
vt 0.056267 0.158371
vt 0.106158 0.177227
vt 0.245319 0.247525
vt 0.953436 0.322791
vt 0.904489 0.300148
vt 0.901235 0.309242
vt 0.745102 0.247985
vt 0.587587 0.186263
vt 0.536602 0.173645
vt 0.584019 0.196236
vt 0.742836 0.247827
vt 0.744936 0.248451
vt 0.441819 0.318634
vt 0.389096 0.303852
vt 0.391686 0.296614
vt 0.242836 0.247827
vt 0.244940 0.248440
vt 0.020334 0.180332
vt 0.096830 0.199746
vt 0.024302 0.169244
vt 0.048219 0.177802
vt 0.099717 0.191677
vt 0.245098 0.247996
vt 0.959592 0.302500
vt 0.908661 0.284764
vt 0.906314 0.294133
vt 0.744928 0.248475
vt 0.582122 0.202489
vt 0.530145 0.194929
vt 0.579548 0.212764
vt 0.742657 0.248539
vt 0.744808 0.248955
vt 0.447623 0.299502
vt 0.393705 0.289958
vt 0.395573 0.282502
vt 0.242657 0.248539
vt 0.244811 0.248943
vt 0.014612 0.203178
vt 0.092642 0.215001
vt 0.017473 0.191755
vt 0.042114 0.197927
vt 0.094724 0.206688
vt 0.244926 0.248486
vt 0.963728 0.281703
vt 0.911304 0.269045
vt 0.909887 0.278599
vt 0.744804 0.248979
vt 0.578273 0.219173
vt 0.525806 0.216744
vt 0.576719 0.229650
vt 0.742549 0.249266
vt 0.744731 0.249469
vt 0.451524 0.279893
vt 0.396930 0.275680
vt 0.398058 0.268077
vt 0.242550 0.249266
vt 0.244733 0.249457
vt 0.011156 0.226476
vt 0.089969 0.230594
vt 0.012884 0.214827
vt 0.038011 0.218554
vt 0.091227 0.222116
vt 0.244802 0.248991
vt 0.965806 0.260602
vt 0.912394 0.253143
vt 0.911920 0.262790
vt 0.742550 0.249266
vt 0.744728 0.249493
vt 0.576078 0.236153
vt 0.523626 0.238879
vt 0.575559 0.246733
vt 0.742514 0.250000
vt 0.744704 0.249988
vt 0.453483 0.259997
vt 0.398739 0.261155
vt 0.399116 0.253478
vt 0.242514 0.250000
vt 0.244705 0.249976
vt 0.010000 0.250000
vt 0.088838 0.246373
vt 0.010578 0.238238
vt 0.035949 0.239484
vt 0.089258 0.237813
vt 0.244728 0.249505
vt 0.965807 0.239398
vt 0.911920 0.237210
vt 0.912394 0.246857
vt 0.744704 0.250012
vt 0.575559 0.253267
vt 0.523626 0.261121
vt 0.576078 0.263847
vt 0.742550 0.250734
vt 0.744728 0.250507
vt 0.453483 0.240003
vt 0.399116 0.246522
vt 0.398739 0.238845
vt 0.242550 0.250734
vt 0.244728 0.250495
vt 0.011156 0.273524
vt 0.089258 0.262187
vt 0.010578 0.261762
vt 0.035949 0.260516
vt 0.088838 0.253627
vt 0.244705 0.250024
vt 0.963728 0.218296
vt 0.909887 0.221401
vt 0.911304 0.230955
vt 0.744731 0.250531
vt 0.576719 0.270350
vt 0.525806 0.283256
vt 0.578273 0.280827
vt 0.742657 0.251461
vt 0.744803 0.251021
vt 0.451524 0.220107
vt 0.398057 0.231923
vt 0.396930 0.224320
vt 0.242657 0.251461
vt 0.244802 0.251009
vt 0.014612 0.296822
vt 0.091227 0.277884
vt 0.012884 0.285173
vt 0.038011 0.281446
vt 0.089969 0.269406
vt 0.244733 0.250543
vt 0.959592 0.197500
vt 0.906314 0.205867
vt 0.908661 0.215236
vt 0.744808 0.251045
vt 0.579548 0.287236
vt 0.530145 0.305071
vt 0.582122 0.297511
vt 0.742836 0.252173
vt 0.744929 0.251525
vt 0.447623 0.200498
vt 0.395573 0.217498
vt 0.393705 0.210042
vt 0.242836 0.252173
vt 0.244926 0.251514
vt 0.020334 0.319668
vt 0.094724 0.293312
vt 0.017473 0.308245
vt 0.042114 0.302073
vt 0.092642 0.284999
vt 0.244811 0.251057
vt 0.953436 0.177209
vt 0.901235 0.190758
vt 0.904489 0.199852
vt 0.744936 0.251549
vt 0.584019 0.303764
vt 0.536602 0.326355
vt 0.587587 0.313737
vt 0.743083 0.252865
vt 0.745102 0.252015
vt 0.458527 0.175388
vt 0.441819 0.181366
vt 0.391686 0.203386
vt 0.389096 0.196148
vt 0.243083 0.252865
vt 0.245098 0.252004
vt 0.028269 0.341844
vt 0.099717 0.308323
vt 0.024302 0.330756
vt 0.048219 0.322199
vt 0.096830 0.300254
vt 0.244940 0.251560
vt 0.945322 0.157620
vt 0.894701 0.176220
vt 0.898830 0.184951
vt 0.745112 0.252038
vt 0.590088 0.319774
vt 0.545114 0.346904
vt 0.594616 0.329350
vt 0.743398 0.253529
vt 0.745324 0.252486
vt 0.434168 0.162895
vt 0.386435 0.189723
vt 0.383148 0.182774
vt 0.243398 0.253529
vt 0.245319 0.252475
vt 0.038339 0.363135
vt 0.106158 0.322773
vt 0.033304 0.352490
vt 0.056267 0.341629
vt 0.102493 0.315025
vt 0.245117 0.252049
vt 0.935327 0.138920
vt 0.886772 0.162392
vt 0.891737 0.170676
vt 0.745335 0.252507
vt 0.597697 0.335113
vt 0.555598 0.366520
vt 0.603142 0.344198
vt 0.743775 0.254159
vt 0.745590 0.252932
vt 0.424744 0.145263
vt 0.379870 0.176640
vt 0.375918 0.170047
vt 0.243775 0.254159
vt 0.245584 0.252922
vt 0.050447 0.383337
vt 0.113983 0.336521
vt 0.044393 0.373236
vt 0.066181 0.360177
vt 0.109577 0.329170
vt 0.245341 0.252518
vt 0.923546 0.121289
vt 0.877526 0.149408
vt 0.883280 0.157165
vt 0.745604 0.252953
vt 0.606773 0.349631
vt 0.567955 0.385013
vt 0.613082 0.358139
vt 0.744213 0.254749
vt 0.745898 0.253350
vt 0.413636 0.128639
vt 0.372054 0.164264
vt 0.367475 0.158090
vt 0.244213 0.254749
vt 0.245891 0.253341
vt 0.064478 0.402254
vt 0.123119 0.349437
vt 0.057462 0.392796
vt 0.077865 0.377664
vt 0.118014 0.342553
vt 0.245611 0.252962
vt 0.910095 0.104898
vt 0.867052 0.137392
vt 0.873538 0.144549
vt 0.745914 0.253369
vt 0.617228 0.363190
vt 0.582066 0.402207
vt 0.624341 0.371038
vt 0.744706 0.255294
vt 0.746247 0.253736
vt 0.400953 0.113184
vt 0.363062 0.152713
vt 0.357900 0.147018
vt 0.244706 0.255294
vt 0.246239 0.253727
vt 0.080294 0.419706
vt 0.133476 0.361394
vt 0.072386 0.410980
vt 0.091208 0.393921
vt 0.127721 0.355044
vt 0.245922 0.253378
vt 0.895102 0.089905
vt 0.855451 0.126461
vt 0.862608 0.132948
vt 0.746264 0.253754
vt 0.628962 0.375659
vt 0.597793 0.417934
vt 0.597746 0.435522
vt 0.636810 0.382772
vt 0.745251 0.255787
vt 0.746631 0.254086
vt 0.386816 0.099047
vt 0.352982 0.142100
vt 0.347287 0.136938
vt 0.245251 0.255787
vt 0.246622 0.254078
vt 0.097746 0.435522
vt 0.144956 0.372279
vt 0.089020 0.427614
vt 0.106079 0.408792
vt 0.138606 0.366524
vt 0.246273 0.253761
vt 0.878711 0.076454
vt 0.842835 0.116720
vt 0.850592 0.122474
vt 0.746650 0.254102
vt 0.641861 0.386918
vt 0.614987 0.432045
vt 0.650369 0.393227
vt 0.745841 0.256225
vt 0.747047 0.254397
vt 0.371361 0.086364
vt 0.341910 0.132525
vt 0.335736 0.127946
vt 0.245841 0.256225
vt 0.247038 0.254389
vt 0.116663 0.449553
vt 0.157447 0.381986
vt 0.107204 0.442538
vt 0.122336 0.422135
vt 0.150563 0.376881
vt 0.246659 0.254109
vt 0.861080 0.064673
vt 0.829324 0.108263
vt 0.837608 0.113228
vt 0.747068 0.254410
vt 0.655802 0.396858
vt 0.633480 0.444402
vt 0.664888 0.402303
vt 0.746471 0.256603
vt 0.747493 0.254665
vt 0.354737 0.075256
vt 0.329953 0.124082
vt 0.323360 0.120130
vt 0.246471 0.256602
vt 0.247482 0.254659
vt 0.136865 0.461661
vt 0.170830 0.390423
vt 0.126764 0.455607
vt 0.139823 0.433819
vt 0.163479 0.386017
vt 0.247078 0.254416
vt 0.842380 0.054678
vt 0.815049 0.101170
vt 0.823780 0.105300
vt 0.747514 0.254676
vt 0.670650 0.405384
vt 0.653096 0.454886
vt 0.680226 0.409912
vt 0.747135 0.256917
vt 0.747962 0.254888
vt 0.337105 0.065832
vt 0.317226 0.116852
vt 0.310277 0.113565
vt 0.247135 0.256917
vt 0.247951 0.254883
vt 0.158156 0.471731
vt 0.184975 0.397507
vt 0.147510 0.466696
vt 0.158371 0.443733
vt 0.177227 0.393842
vt 0.246471 0.256603
vt 0.247525 0.254681
vt 0.822791 0.046564
vt 0.800148 0.095511
vt 0.809242 0.098765
vt 0.747985 0.254898
vt 0.686263 0.412413
vt 0.673645 0.463398
vt 0.696236 0.415982
vt 0.747827 0.257164
vt 0.748451 0.255064
vt 0.318634 0.058181
vt 0.303852 0.110904
vt 0.296614 0.108314
vt 0.247827 0.257164
vt 0.248440 0.255060
vt 0.180332 0.479666
vt 0.199746 0.403170
vt 0.169244 0.475698
vt 0.177802 0.451781
vt 0.191677 0.400283
vt 0.247996 0.254902
vt 0.802500 0.040409
vt 0.784764 0.091339
vt 0.794133 0.093686
vt 0.748475 0.255072
vt 0.702489 0.417878
vt 0.694929 0.469855
vt 0.703178 0.485388
vt 0.712764 0.420452
vt 0.748539 0.257343
vt 0.748955 0.255192
vt 0.299502 0.052377
vt 0.289958 0.106295
vt 0.282502 0.104427
vt 0.248539 0.257343
vt 0.248943 0.255189
vt 0.203178 0.485388
vt 0.215001 0.407358
vt 0.191755 0.482527
vt 0.197927 0.457886
vt 0.206688 0.405276
vt 0.248486 0.255074
vt 0.781703 0.036272
vt 0.769045 0.088696
vt 0.778599 0.090113
vt 0.748979 0.255197
vt 0.719173 0.421727
vt 0.716744 0.474194
vt 0.729650 0.423281
vt 0.749266 0.257450
vt 0.749469 0.255269
vt 0.749553 0.254545
vt 0.279893 0.048476
vt 0.275680 0.103070
vt 0.268077 0.101943
vt 0.249266 0.257450
vt 0.249457 0.255268
vt 0.226476 0.488844
vt 0.230594 0.410031
vt 0.214827 0.487116
vt 0.218554 0.461989
vt 0.222116 0.408773
vt 0.248991 0.255198
vt 0.760602 0.034194
vt 0.753143 0.087606
vt 0.762790 0.088080
vt 0.749493 0.255272
vt 0.736153 0.423922
vt 0.738879 0.476374
vt 0.746733 0.424441
vt 0.749988 0.255296
vt 0.259996 0.046517
vt 0.261155 0.101261
vt 0.253477 0.100884
vt 0.249976 0.255295
vt 0.246373 0.411162
vt 0.238238 0.489422
vt 0.239484 0.464051
vt 0.237813 0.410742
vt 0.249505 0.255272
s 1
usemtl Material.001
f 130/1/1 1359/2/2 4005/3/3 1804/4/4
f 1359/2/5 260/5/6 1358/6/7 4005/3/5
f 4005/3/8 1358/6/7 259/7/9 1551/8/8
f 1804/4/4 4005/3/3 1551/8/10 131/9/11
f 131/9/11 1551/8/10 4006/10/12 1802/11/13
f 1551/8/14 259/7/15 1362/12/16 4006/10/14
f 4006/10/17 1362/12/16 262/13/18 1553/14/17
f 1802/11/13 4006/10/12 1553/14/19 133/15/20
f 133/15/20 1553/14/19 4007/16/21 1800/17/22
f 1553/14/23 262/13/24 1365/18/25 4007/16/23
f 4007/16/26 1365/18/25 264/19/27 1555/20/26
f 1800/17/22 4007/16/21 1555/20/28 135/21/29
f 135/21/29 1555/20/28 4008/22/30 1798/23/31
f 1555/20/32 264/19/33 1368/24/34 4008/22/32
f 4008/22/35 1368/24/34 266/25/36 1557/26/35
f 1798/23/31 4008/22/30 1557/26/37 137/27/38
f 137/27/38 1557/26/37 4009/28/39 1796/29/40
f 1557/26/41 266/25/42 1371/30/43 4009/28/41
f 4009/28/44 1371/30/43 268/31/45 1559/32/44
f 1796/29/40 4009/28/39 1559/32/46 139/33/47
f 139/33/47 1559/32/46 4010/34/48 1794/35/49
f 1559/32/50 268/31/51 1374/36/52 4010/34/50
f 4010/34/53 1374/36/52 270/37/54 1561/38/53
f 1794/35/49 4010/34/48 1561/38/55 141/39/56
f 141/39/56 1561/38/55 4011/40/57 1792/41/58
f 1561/38/59 270/37/60 1377/42/61 4011/40/59
f 4011/40/62 1377/42/61 272/43/63 1563/44/62
f 1792/41/58 4011/40/57 1563/44/64 143/45/65
f 143/45/65 1563/44/64 4012/46/66 1790/47/67
f 1563/44/68 272/43/69 1380/48/70 4012/46/68
f 4012/46/71 1380/48/70 274/49/72 1565/50/71
f 1790/47/67 4012/46/66 1565/50/73 145/51/74
f 145/51/74 1565/50/73 4013/52/75 1788/53/76
f 1565/50/77 274/49/78 1383/54/79 4013/52/77
f 4013/52/80 1383/54/79 276/55/81 1567/56/80
f 1788/53/76 4013/52/75 1567/56/82 147/57/83
f 147/57/83 1567/56/82 4014/58/84 1786/59/85
f 1567/56/86 276/55/87 1386/60/88 4014/58/86
f 4014/58/89 1386/60/88 278/61/90 1569/62/89
f 1786/59/85 4014/58/84 1569/62/91 149/63/92
f 149/63/92 1569/62/91 4015/64/93 1784/65/94
f 1569/62/95 278/61/96 1389/66/97 4015/64/95
f 4015/64/98 1389/66/97 280/67/99 1571/68/98
f 1784/65/94 4015/64/93 1571/68/100 151/69/101
f 151/69/101 1571/68/100 4016/70/102 1782/71/103
f 1571/68/104 280/67/105 1392/72/106 4016/70/104
f 4016/70/107 1392/72/106 282/73/108 1573/74/107
f 1782/71/103 4016/70/102 1573/74/109 153/75/110
f 153/75/110 1573/74/109 4017/76/111 1780/77/112
f 1573/74/113 282/73/114 1395/78/115 4017/76/113
f 4017/76/116 1395/78/115 284/79/117 1575/80/116
f 1780/77/112 4017/76/111 1575/80/118 155/81/119
f 155/81/119 1575/80/118 4018/82/120 1778/83/121
f 1575/80/122 284/79/123 1398/84/124 4018/82/122
f 4018/82/125 1398/84/124 286/85/126 1577/86/125
f 1778/83/121 4018/82/120 1577/86/127 157/87/128
f 157/87/128 1577/86/127 4019/88/129 1776/89/130
f 1577/86/131 286/85/132 1401/90/133 4019/88/131
f 4019/88/134 1401/90/133 288/91/135 1579/92/134
f 1776/89/130 4019/88/129 1579/92/136 159/93/137
f 159/93/137 1579/92/136 4020/94/138 1774/95/139
f 1579/92/140 288/91/141 1404/96/142 4020/94/140
f 4020/94/143 1404/96/142 290/97/144 1581/98/143
f 1774/95/139 4020/94/138 1581/98/145 161/99/146
f 161/99/146 1581/98/145 4021/100/147 1772/101/148
f 1581/98/149 290/97/150 1407/102/151 4021/100/149
f 4021/100/152 1407/102/151 292/103/153 1583/104/152
f 1772/101/148 4021/100/147 1583/104/154 163/105/155
f 163/105/155 1583/104/154 4022/106/156 1770/107/157
f 1583/104/158 292/103/159 1410/108/160 4022/106/158
f 4022/106/161 1410/108/160 294/109/162 1585/110/161
f 1770/107/157 4022/106/156 1585/110/163 165/111/164
f 165/111/164 1585/110/163 4023/112/165 1768/113/166
f 1585/110/167 294/109/168 1413/114/169 4023/112/167
f 4023/112/170 1413/114/169 296/115/171 1587/116/170
f 1768/113/166 4023/112/165 1587/116/172 167/117/173
f 167/117/173 1587/116/172 4024/118/174 1766/119/175
f 1587/116/176 296/115/177 1416/120/178 4024/118/176
f 4024/118/179 1416/120/178 298/121/180 1589/122/179
f 1766/119/175 4024/118/174 1589/122/181 169/123/182
f 169/123/182 1589/122/181 4025/124/183 1764/125/184
f 1589/122/185 298/121/186 1419/126/187 4025/124/185
f 4025/124/188 1419/126/187 300/127/189 1591/128/188
f 1764/125/184 4025/124/183 1591/128/190 171/129/191
f 171/129/191 1591/128/190 4026/130/192 1762/131/193
f 1591/128/194 300/127/195 1422/132/196 4026/130/194
f 4026/130/197 1422/132/196 302/133/198 1593/134/197
f 1762/131/193 4026/130/192 1593/134/199 173/135/200
f 173/135/200 1593/134/199 4027/136/201 1760/137/202
f 1593/134/203 302/133/204 1425/138/205 4027/136/203
f 4027/136/206 1425/138/205 304/139/207 1595/140/206
f 1760/137/202 4027/136/201 1595/140/208 175/141/209
f 175/141/209 1595/140/208 4028/142/210 1758/143/211
f 1595/140/212 304/139/213 1428/144/214 4028/142/212
f 4028/142/215 1428/144/214 306/145/216 1597/146/215
f 1758/143/211 4028/142/210 1597/146/217 177/147/218
f 177/147/218 1597/146/217 4029/148/219 1756/149/220
f 1597/146/221 306/145/222 1431/150/223 4029/148/221
f 4029/148/224 1431/150/223 308/151/225 1599/152/224
f 1756/149/220 4029/148/219 1599/152/226 179/153/227
f 179/153/227 1599/152/226 4030/154/228 1754/155/229
f 1599/152/230 308/151/231 1434/156/232 4030/154/230
f 4030/154/233 1434/156/232 310/157/234 1601/158/233
f 1754/155/229 4030/154/228 1601/158/235 181/159/236
f 181/159/236 1601/158/235 4031/160/237 1752/161/238
f 1601/158/239 310/157/240 1437/162/241 4031/160/239
f 4031/160/242 1437/162/241 312/163/243 1603/164/242
f 1752/161/238 4031/160/237 1603/164/244 183/165/245
f 183/165/245 1603/164/244 4032/166/246 1750/167/247
f 1603/164/248 312/163/249 1440/168/250 4032/166/248
f 4032/166/251 1440/168/250 314/169/252 1605/170/251
f 1750/167/247 4032/166/246 1605/170/253 185/171/254
f 185/171/254 1605/170/253 4033/172/255 1748/173/256
f 1605/170/257 314/169/258 1443/174/259 4033/172/257
f 4033/172/260 1443/174/259 316/175/261 1607/176/260
f 1748/173/256 4033/172/255 1607/176/262 187/177/263
f 187/177/263 1607/176/262 4034/178/264 1746/179/265
f 1607/176/266 316/175/267 1446/180/268 4034/178/266
f 4034/178/269 1446/180/268 318/181/270 1609/182/269
f 1746/179/265 4034/178/264 1609/182/271 189/183/272
f 189/183/272 1609/182/271 4035/184/273 1744/185/274
f 1609/182/275 318/181/276 1449/186/277 4035/184/275
f 4035/184/278 1449/186/277 320/187/279 1611/188/278
f 1744/185/274 4035/184/273 1611/188/280 191/189/281
f 191/189/281 1611/188/280 4036/190/282 1742/191/283
f 1611/188/284 320/187/285 1452/192/286 4036/190/284
f 4036/190/287 1452/192/286 322/193/288 1613/194/287
f 1742/191/283 4036/190/282 1613/194/289 193/195/290
f 193/195/290 1613/194/289 4037/196/291 1740/197/292
f 1613/194/293 322/193/294 1455/198/295 4037/196/293
f 4037/196/296 1455/198/295 324/199/297 1615/200/296
f 1740/197/292 4037/196/291 1615/200/298 195/201/299
f 195/201/299 1615/200/298 4038/202/300 1738/203/301
f 1615/200/302 324/199/303 1458/204/304 4038/202/302
f 4038/202/305 1458/204/304 326/205/306 1617/206/305
f 1738/203/301 4038/202/300 1617/206/307 197/207/308
f 197/207/308 1617/206/307 4039/208/309 1736/209/310
f 1617/206/311 326/205/312 1461/210/313 4039/208/311
f 4039/208/314 1461/210/313 328/211/315 1619/212/314
f 1736/209/310 4039/208/309 1619/212/316 199/213/317
f 199/213/317 1619/212/316 4040/214/318 1734/215/319
f 1619/212/320 328/211/321 1464/216/322 4040/214/320
f 4040/214/323 1464/216/322 330/217/324 1621/218/323
f 1734/215/319 4040/214/318 1621/218/325 201/219/326
f 201/219/326 1621/218/325 4041/220/327 1732/221/328
f 1621/218/329 330/217/330 1467/222/331 4041/220/329
f 4041/220/332 1467/222/331 332/223/333 1623/224/332
f 1732/221/328 4041/220/327 1623/224/334 203/225/335
f 203/225/335 1623/224/334 4042/226/336 1730/227/337
f 1623/224/338 332/223/339 1470/228/340 4042/226/338
f 4042/226/341 1470/228/340 334/229/342 1625/230/341
f 1730/227/337 4042/226/336 1625/230/343 205/231/344
f 205/231/344 1625/230/343 4043/232/345 1728/233/346
f 1625/230/347 334/229/348 1473/234/349 4043/232/347
f 4043/232/350 1473/234/349 336/235/351 1627/236/350
f 1728/233/346 4043/232/345 1627/236/352 207/237/353
f 207/237/353 1627/236/352 4044/238/354 1726/239/355
f 1627/236/356 336/235/357 1476/240/358 4044/238/356
f 4044/238/359 1476/240/358 338/241/360 1629/242/359
f 1726/239/355 4044/238/354 1629/242/361 209/243/362
f 209/243/362 1629/242/361 4045/244/363 1724/245/364
f 1629/242/365 338/241/366 1479/246/367 4045/244/365
f 4045/244/368 1479/246/367 340/247/369 1631/248/368
f 1724/245/364 4045/244/363 1631/248/370 211/249/371
f 211/249/371 1631/248/370 4046/250/372 1722/251/373
f 1631/248/374 340/247/375 1482/252/376 4046/250/374
f 4046/250/377 1482/252/376 342/253/378 1633/254/377
f 1722/251/373 4046/250/372 1633/254/379 213/255/380
f 213/255/380 1633/254/379 4047/256/381 1720/257/382
f 1633/254/383 342/253/384 1485/258/385 4047/256/383
f 4047/256/386 1485/258/385 344/259/387 1635/260/386
f 1720/257/382 4047/256/381 1635/260/388 215/261/389
f 215/261/389 1635/260/388 4048/262/390 1718/263/391
f 1635/260/392 344/259/393 1488/264/394 4048/262/392
f 4048/262/395 1488/264/394 346/265/396 1637/266/395
f 1718/263/391 4048/262/390 1637/266/397 217/267/398
f 217/267/398 1637/266/397 4049/268/399 1716/269/400
f 1637/266/401 346/265/402 1491/270/403 4049/268/401
f 4049/268/404 1491/270/403 348/271/405 1639/272/404
f 1716/269/400 4049/268/399 1639/272/406 219/273/407
f 219/273/407 1639/272/406 4050/274/408 1714/275/409
f 1639/272/410 348/271/411 1494/276/412 4050/274/410
f 4050/274/413 1494/276/412 350/277/414 1641/278/413
f 1714/275/409 4050/274/408 1641/278/415 221/279/416
f 221/279/416 1641/278/415 4051/280/417 1712/281/418
f 1641/278/419 350/277/420 1497/282/421 4051/280/419
f 4051/280/422 1497/282/421 352/283/423 1643/284/422
f 1712/281/418 4051/280/417 1643/284/424 223/285/425
f 223/285/425 1643/284/424 4052/286/426 1710/287/427
f 1643/284/428 352/283/429 1500/288/430 4052/286/428
f 4052/286/431 1500/288/430 354/289/432 1645/290/431
f 1710/287/427 4052/286/426 1645/290/433 225/291/434
f 225/291/434 1645/290/433 4053/292/435 1708/293/436
f 1645/290/437 354/289/438 1503/294/439 4053/292/437
f 4053/292/440 1503/294/439 356/295/441 1647/296/440
f 1708/293/436 4053/292/435 1647/296/442 227/297/443
f 227/297/443 1647/296/442 4054/298/444 1706/299/445
f 1647/296/446 356/295/447 1506/300/448 4054/298/446
f 4054/298/449 1506/300/448 358/301/450 1649/302/449
f 1706/299/445 4054/298/444 1649/302/451 229/303/452
f 229/303/452 1649/302/451 4055/304/453 1704/305/454
f 1649/302/455 358/301/456 1509/306/457 4055/304/455
f 4055/304/458 1509/306/457 360/307/459 1651/308/458
f 1704/305/454 4055/304/453 1651/308/460 231/309/461
f 231/309/461 1651/308/460 4056/310/462 1702/311/463
f 1651/308/464 360/307/465 1512/312/466 4056/310/464
f 4056/310/467 1512/312/466 362/313/468 1653/314/467
f 1702/311/463 4056/310/462 1653/314/469 233/315/470
f 233/315/470 1653/314/469 4057/316/471 1700/317/472
f 1653/314/473 362/313/474 1515/318/475 4057/316/473
f 4057/316/476 1515/318/475 364/319/477 1655/320/476
f 1700/317/472 4057/316/471 1655/320/478 235/321/479
f 235/321/479 1655/320/478 4058/322/480 1698/323/481
f 1655/320/482 364/319/483 1518/324/484 4058/322/482
f 4058/322/485 1518/324/484 366/325/486 1657/326/485
f 1698/323/481 4058/322/480 1657/326/487 237/327/488
f 237/327/488 1657/326/487 4059/328/489 1696/329/490
f 1657/326/491 366/325/492 1521/330/493 4059/328/491
f 4059/328/494 1521/330/493 368/331/495 1659/332/494
f 1696/329/490 4059/328/489 1659/332/496 239/333/497
f 239/333/497 1659/332/496 4060/334/498 1694/335/499
f 1659/332/500 368/331/501 1524/336/502 4060/334/500
f 4060/334/503 1524/336/502 370/337/504 1661/338/503
f 1694/335/499 4060/334/498 1661/338/505 241/339/506
f 241/339/506 1661/338/505 4061/340/507 1692/341/508
f 1661/338/509 370/337/510 1527/342/511 4061/340/509
f 4061/340/512 1527/342/511 372/343/513 1663/344/512
f 1692/341/508 4061/340/507 1663/344/514 243/345/515
f 243/345/515 1663/344/514 4062/346/516 1690/347/517
f 1663/344/518 372/343/519 1530/348/520 4062/346/518
f 4062/346/521 1530/348/520 374/349/522 1665/350/521
f 1690/347/517 4062/346/516 1665/350/523 245/351/524
f 245/351/524 1665/350/523 4063/352/525 1688/353/526
f 1665/350/527 374/349/528 1533/354/529 4063/352/527
f 4063/352/530 1533/354/529 376/355/531 1667/356/530
f 1688/353/526 4063/352/525 1667/356/532 247/357/533
f 247/357/533 1667/356/532 4064/358/534 1686/359/535
f 1667/356/536 376/355/537 1536/360/538 4064/358/536
f 4064/358/539 1536/360/538 378/361/540 1669/362/539
f 1686/359/535 4064/358/534 1669/362/541 249/363/542
f 249/363/542 1669/362/541 4065/364/543 1684/365/544
f 1669/362/545 378/361/546 1539/366/547 4065/364/545
f 4065/364/548 1539/366/547 380/367/549 1671/368/548
f 1684/365/544 4065/364/543 1671/368/550 251/369/551
f 251/369/551 1671/368/550 4066/370/552 1682/371/553
f 1671/368/554 380/367/555 1542/372/556 4066/370/554
f 4066/370/557 1542/372/556 382/373/558 1673/374/557
f 1682/371/553 4066/370/552 1673/374/559 253/375/560
f 385/376/561 2061/377/561 4067/378/561 2062/379/561
f 386/380/561 2063/381/561 4067/378/561 2061/377/561
f 387/382/561 2064/383/561 4067/378/561 2063/381/561
f 388/384/561 2065/385/561 4067/378/561 2064/383/561
f 389/386/561 2066/387/561 4067/378/561 2065/385/561
f 390/388/561 2067/389/561 4067/378/561 2066/387/561
f 391/390/561 2068/391/561 4067/378/561 2067/389/561
f 392/392/561 2069/393/561 4067/378/561 2068/391/561
f 393/394/561 2070/395/561 4067/378/561 2069/393/561
f 394/396/561 2071/397/561 4067/378/561 2070/395/561
f 395/398/561 2072/399/561 4067/378/561 2071/397/561
f 396/400/561 2073/401/561 4067/378/561 2072/399/561
f 397/402/561 2074/403/561 4067/378/561 2073/401/561
f 398/404/561 2075/405/561 4067/378/561 2074/403/561
f 399/406/561 2076/407/561 4067/378/561 2075/405/561
f 400/408/561 2077/409/561 4067/378/561 2076/407/561
f 401/410/561 2078/411/561 4067/378/561 2077/409/561
f 402/412/561 2079/413/561 4067/378/561 2078/411/561
f 403/414/561 2080/415/561 4067/378/561 2079/413/561
f 404/416/561 2081/417/561 4067/378/561 2080/415/561
f 405/418/561 2082/419/561 4067/378/561 2081/417/561
f 406/420/561 2083/421/561 4067/378/561 2082/419/561
f 407/422/561 2084/423/561 4067/378/561 2083/421/561
f 408/424/561 2085/425/561 4067/378/561 2084/423/561
f 409/426/561 2086/427/561 4067/378/561 2085/425/561
f 410/428/561 2087/429/561 4067/378/561 2086/427/561
f 411/430/561 2088/431/561 4067/378/561 2087/429/561
f 412/432/561 2089/433/561 4067/378/561 2088/431/561
f 413/434/561 2090/435/561 4067/378/561 2089/433/561
f 414/436/561 2091/437/561 4067/378/561 2090/435/561
f 415/438/561 2092/439/561 4067/378/561 2091/440/561
f 416/441/561 2093/442/561 4067/378/561 2092/439/561
f 417/443/561 2094/444/561 4067/378/561 2093/442/561
f 418/445/561 2095/446/561 4067/378/561 2094/444/561
f 419/447/561 2096/448/561 4067/378/561 2095/446/561
f 420/449/561 2097/450/561 4067/378/561 2096/448/561
f 421/451/561 2098/452/561 4067/378/561 2097/450/561
f 422/453/561 2099/454/561 4067/378/561 2098/452/561
f 423/455/561 2100/456/561 4067/378/561 2099/454/561
f 424/457/561 2101/458/561 4067/378/561 2100/456/561
f 425/459/561 2102/460/561 4067/378/561 2101/458/561
f 426/461/561 2103/462/561 4067/378/561 2102/460/561
f 427/463/561 2104/464/561 4067/378/561 2103/462/561
f 428/465/561 2105/466/561 4067/378/561 2104/464/561
f 429/467/561 2106/468/561 4067/378/561 2105/466/561
f 430/469/561 2107/470/561 4067/378/561 2106/468/561
f 431/471/561 2108/472/561 4067/378/561 2107/470/561
f 432/473/561 2109/474/561 4067/378/561 2108/472/561
f 433/475/561 2110/476/561 4067/378/561 2109/474/561
f 434/477/561 2111/478/561 4067/378/561 2110/476/561
f 435/479/561 2112/480/561 4067/378/561 2111/478/561
f 436/481/561 2113/482/561 4067/378/561 2112/480/561
f 437/483/561 2114/484/561 4067/378/561 2113/482/561
f 438/485/561 2115/486/561 4067/378/561 2114/484/561
f 439/487/561 2116/488/561 4067/378/561 2115/486/561
f 440/489/561 2117/490/561 4067/378/561 2116/488/561
f 441/491/561 2118/492/561 4067/378/561 2117/490/561
f 442/493/561 2119/494/561 4067/378/561 2118/492/561
f 443/495/561 2120/496/561 4067/378/561 2119/494/561
f 444/497/561 2121/498/561 4067/378/561 2120/496/561
f 445/499/561 2122/500/561 4067/378/561 2121/498/561
f 446/501/561 2123/502/561 4067/378/561 2122/500/561
f 447/503/561 2124/504/561 4067/378/561 2123/502/561
f 448/505/561 2062/379/561 4067/378/561 2124/504/561
f 253/375/560 1673/374/559 4068/506/562 1680/507/563
f 1673/374/564 382/373/565 1545/508/566 4068/506/564
f 4068/506/567 1545/508/566 384/509/568 1675/510/567
f 1680/507/563 4068/506/562 1675/510/569 255/511/570
f 255/511/570 1675/510/569 4069/512/571 1678/513/572
f 1675/510/573 384/509/574 1548/514/575 4069/512/573
f 4069/512/576 1548/514/575 260/515/577 1359/516/576
f 1678/513/572 4069/512/571 1359/516/2 130/517/1
f 449/518/578 2189/519/578 4070/520/578 2190/521/578
f 450/522/578 2191/523/578 4070/520/578 2189/519/578
f 451/524/578 2192/525/578 4070/520/578 2191/523/578
f 452/526/578 2193/527/578 4070/520/578 2192/525/578
f 453/528/578 2194/529/578 4070/520/578 2193/527/578
f 454/530/578 2195/531/578 4070/520/578 2194/529/578
f 455/532/578 2196/533/578 4070/520/578 2195/531/578
f 456/534/578 2197/535/578 4070/520/578 2196/533/578
f 457/536/578 2198/537/578 4070/520/578 2197/535/578
f 458/538/578 2199/539/578 4070/520/578 2198/537/578
f 459/540/578 2200/541/578 4070/520/578 2199/539/578
f 460/542/578 2201/543/578 4070/520/578 2200/541/578
f 461/544/578 2202/545/578 4070/520/578 2201/543/578
f 462/546/578 2203/547/578 4070/520/578 2202/545/578
f 463/548/578 2204/549/578 4070/520/578 2203/547/578
f 464/550/578 2205/551/578 4070/520/578 2204/549/578
f 465/552/578 2206/553/578 4070/520/578 2205/551/578
f 466/554/578 2207/555/578 4070/520/578 2206/553/578
f 467/556/578 2208/557/578 4070/520/578 2207/555/578
f 468/558/578 2209/559/578 4070/520/578 2208/557/578
f 469/560/578 2210/561/578 4070/520/578 2209/559/578
f 470/562/578 2211/563/578 4070/520/578 2210/561/578
f 471/564/578 2212/565/578 4070/520/578 2211/563/578
f 472/566/578 2213/567/578 4070/520/578 2212/565/578
f 473/568/578 2214/569/578 4070/520/578 2213/567/578
f 474/570/578 2215/571/578 4070/520/578 2214/569/578
f 475/572/578 2216/573/578 4070/520/578 2215/571/578
f 476/574/578 2217/575/578 4070/520/578 2216/573/578
f 477/576/578 2218/577/578 4070/520/578 2217/575/578
f 478/578/578 2219/579/578 4070/520/578 2218/577/578
f 479/580/578 2220/581/578 4070/520/578 2219/579/578
f 480/582/578 2221/583/578 4070/520/578 2220/581/578
f 481/584/578 2222/585/578 4070/520/578 2221/583/578
f 482/586/578 2223/587/578 4070/520/578 2222/585/578
f 483/588/578 2224/589/578 4070/520/578 2223/587/578
f 484/590/578 2225/591/578 4070/520/578 2224/589/578
f 485/592/578 2226/593/578 4070/520/578 2225/591/578
f 486/594/578 2227/595/578 4070/520/578 2226/593/578
f 487/596/578 2228/597/578 4070/520/578 2227/595/578
f 488/598/578 2229/599/578 4070/520/578 2228/597/578
f 489/600/578 2230/601/578 4070/520/578 2229/599/578
f 490/602/578 2231/603/578 4070/520/578 2230/601/578
f 491/604/578 2232/605/578 4070/520/578 2231/603/578
f 492/606/578 2233/607/578 4070/520/578 2232/605/578
f 493/608/578 2234/609/578 4070/520/578 2233/607/578
f 494/610/578 2235/611/578 4070/520/578 2234/609/578
f 495/612/578 2236/613/578 4070/520/578 2235/611/578
f 496/614/578 2237/615/578 4070/520/578 2236/613/578
f 497/616/578 2238/617/578 4070/520/578 2237/615/578
f 498/618/578 2239/619/578 4070/520/578 2238/617/578
f 499/620/578 2240/621/578 4070/520/578 2239/619/578
f 500/622/578 2241/623/578 4070/520/578 2240/621/578
f 501/624/578 2242/625/578 4070/520/578 2241/623/578
f 502/626/578 2243/627/578 4070/520/578 2242/625/578
f 503/628/578 2244/629/578 4070/520/578 2243/627/578
f 504/630/578 2245/631/578 4070/520/578 2244/629/578
f 505/632/578 2246/633/578 4070/520/578 2245/631/578
f 506/634/578 2247/635/578 4070/520/578 2246/633/578
f 507/636/578 2248/637/578 4070/520/578 2247/635/578
f 508/638/578 2249/639/578 4070/520/578 2248/637/578
f 509/640/578 2250/641/578 4070/520/578 2249/639/578
f 510/642/578 2251/643/578 4070/520/578 2250/641/578
f 511/644/578 2252/645/578 4070/520/578 2251/643/578
f 512/646/578 2190/521/578 4070/520/578 2252/645/578
f 383/647/579 1546/648/580 4071/649/581 1547/650/582
f 1546/648/580 256/651/583 1677/652/584 4071/649/581
f 4071/649/581 1677/652/584 129/653/585 1549/653/586
f 1547/650/582 4071/649/581 1549/653/586 257/653/587
f 513/654/588 2317/655/589 4072/656/590 2318/657/591
f 2317/655/589 514/658/592 2319/659/593 4072/656/590
f 4072/656/590 2319/659/593 515/660/594 2320/661/595
f 2318/657/591 4072/656/590 2320/661/595 516/662/596
f 381/663/597 1543/664/598 4073/665/599 1544/666/600
f 1543/664/598 254/667/601 1679/668/602 4073/665/599
f 4073/665/599 1679/668/602 256/651/583 1546/648/580
f 1544/666/600 4073/665/599 1546/648/580 383/647/579
f 517/669/603 2325/670/604 4074/671/605 2326/672/606
f 2325/670/604 518/673/607 2327/674/608 4074/671/605
f 4074/671/605 2327/674/608 519/675/609 2328/676/610
f 2326/672/606 4074/671/605 2328/676/610 520/677/611
f 379/678/597 1540/679/612 4075/680/613 1541/681/614
f 1540/679/612 252/682/615 1681/683/616 4075/680/613
f 4075/680/613 1681/683/616 254/667/601 1543/664/598
f 1541/681/614 4075/680/613 1543/664/598 381/663/597
f 521/684/617 2333/685/618 4076/686/619 2334/687/620
f 2333/685/618 522/688/621 2335/689/622 4076/686/619
f 4076/686/619 2335/689/622 523/690/623 2336/691/624
f 2334/687/620 4076/686/619 2336/691/624 524/692/625
f 377/693/626 1537/694/627 4077/695/628 1538/696/629
f 1537/694/627 250/697/630 1683/698/631 4077/695/628
f 4077/695/628 1683/698/631 252/682/615 1540/679/612
f 1538/696/629 4077/695/628 1540/679/612 379/678/597
f 525/699/632 2341/700/633 4078/701/634 2342/702/635
f 2341/700/633 526/703/636 2343/704/637 4078/701/634
f 4078/701/634 2343/704/637 527/705/638 2344/706/639
f 2342/702/635 4078/701/634 2344/706/639 528/707/640
f 375/708/641 1534/709/642 4079/710/643 1535/711/644
f 1534/709/642 248/712/645 1685/713/646 4079/710/643
f 4079/710/643 1685/713/646 250/697/630 1537/694/627
f 1535/711/644 4079/710/643 1537/694/627 377/693/626
f 248/712/647 1668/714/648 4080/715/649 1685/713/650
f 1668/714/648 247/357/533 1686/359/535 4080/715/649
f 4080/715/649 1686/359/535 249/363/542 1670/716/651
f 1685/713/650 4080/715/649 1670/716/651 250/697/652
f 373/717/653 1531/718/654 4081/719/655 1532/720/656
f 1531/718/654 246/721/657 1687/722/658 4081/719/655
f 4081/719/655 1687/722/658 248/712/645 1534/709/642
f 1532/720/656 4081/719/655 1534/709/642 375/708/641
f 529/723/659 2349/724/660 4082/725/661 2350/726/662
f 2349/724/660 530/727/663 2351/728/664 4082/725/661
f 4082/725/661 2351/728/664 531/729/665 2352/730/666
f 2350/726/662 4082/725/661 2352/730/666 532/731/667
f 371/732/668 1528/733/669 4083/734/670 1529/735/671
f 1528/733/669 244/736/672 1689/737/673 4083/734/670
f 4083/734/670 1689/737/673 246/721/657 1531/718/654
f 1529/735/671 4083/734/670 1531/718/654 373/717/653
f 533/738/674 2357/739/675 4084/740/676 2358/741/677
f 2357/739/675 534/742/678 2359/743/679 4084/740/676
f 4084/740/676 2359/743/679 535/744/680 2360/745/681
f 2358/741/677 4084/740/676 2360/745/681 536/746/682
f 369/747/597 1525/748/683 4085/749/684 1526/750/685
f 1525/748/683 242/751/686 1691/752/687 4085/749/684
f 4085/749/684 1691/752/687 244/736/672 1528/733/669
f 1526/750/685 4085/749/684 1528/733/669 371/732/668
f 537/753/688 2365/754/689 4086/755/690 2366/756/691
f 2365/754/689 538/757/692 2367/758/693 4086/755/690
f 4086/755/690 2367/758/693 539/759/694 2368/760/695
f 2366/756/691 4086/755/690 2368/760/695 540/761/696
f 541/762/697 2373/763/698 4087/764/698 2374/764/699
f 2373/763/698 542/762/700 2375/764/700 4087/764/698
f 4087/764/698 2375/764/700 543/765/701 2376/766/702
f 2374/764/699 4087/764/698 2376/766/702 544/765/703
f 545/767/704 2381/768/705 4088/769/706 2382/770/707
f 2381/768/705 546/771/708 2383/772/709 4088/769/706
f 4088/769/706 2383/772/709 547/773/710 2384/774/711
f 2382/770/707 4088/769/706 2384/774/711 548/775/712
f 365/776/713 1519/777/714 4089/778/715 1520/779/716
f 1519/777/714 238/780/717 1695/781/718 4089/778/715
f 4089/778/715 1695/781/718 240/782/719 1522/783/720
f 1520/779/716 4089/778/715 1522/783/720 367/784/721
f 549/785/722 2389/786/723 4090/787/724 2390/788/725
f 2389/786/723 550/789/726 2391/790/727 4090/787/724
f 4090/787/724 2391/790/727 551/791/728 2392/792/729
f 2390/788/725 4090/787/724 2392/792/729 552/793/730
f 363/794/653 1516/795/731 4091/796/732 1517/797/733
f 1516/795/731 236/798/734 1697/799/735 4091/796/732
f 4091/796/732 1697/799/735 238/780/717 1519/777/714
f 1517/797/733 4091/796/732 1519/777/714 365/776/713
f 553/800/736 2397/801/737 4092/802/738 2398/803/739
f 2397/801/737 554/804/740 2399/805/741 4092/802/738
f 4092/802/738 2399/805/741 555/806/742 2400/807/743
f 2398/803/739 4092/802/738 2400/807/743 556/808/744
f 557/809/745 2405/810/746 4093/811/746 2406/811/747
f 2405/810/746 558/809/748 2407/811/749 4093/811/746
f 4093/811/746 2407/811/749 559/812/750 2408/813/751
f 2406/811/747 4093/811/746 2408/813/751 560/812/750
f 561/814/752 2413/815/753 4094/816/754 2414/817/755
f 2413/815/753 562/818/756 2415/819/757 4094/816/754
f 4094/816/754 2415/819/757 563/820/758 2416/821/759
f 2414/817/755 4094/816/754 2416/821/759 564/822/760
f 565/823/761 2421/824/762 4095/825/762 2422/825/763
f 2421/824/762 566/823/762 2423/825/763 4095/825/762
f 4095/825/762 2423/825/763 567/826/762 2424/827/762
f 2422/825/763 4095/825/762 2424/827/762 568/826/763
f 569/828/764 2429/829/765 4096/830/766 2430/831/767
f 2429/829/765 570/832/768 2431/833/769 4096/830/766
f 4096/830/766 2431/833/769 571/834/770 2432/835/771
f 2430/831/767 4096/830/766 2432/835/771 572/836/772
f 573/837/773 2437/838/774 4097/839/774 2438/839/775
f 2437/838/774 574/837/775 2439/839/776 4097/839/774
f 4097/839/774 2439/839/776 575/840/773 2440/841/774
f 2438/839/775 4097/839/774 2440/841/774 576/840/777
f 577/842/778 2445/843/779 4098/844/780 2446/845/781
f 2445/843/779 578/846/782 2447/847/783 4098/844/780
f 4098/844/780 2447/847/783 579/848/784 2448/849/785
f 2446/845/781 4098/844/780 2448/849/785 580/850/786
f 581/851/787 2453/852/788 4099/853/788 2454/853/789
f 2453/852/788 582/851/790 2455/853/791 4099/853/788
f 4099/853/788 2455/853/791 583/854/792 2456/855/788
f 2454/853/789 4099/853/788 2456/855/788 584/854/793
f 585/856/794 2461/857/795 4100/858/796 2462/859/797
f 2461/857/795 586/860/798 2463/861/799 4100/858/796
f 4100/858/796 2463/861/799 587/862/800 2464/863/801
f 2462/859/797 4100/858/796 2464/863/801 588/864/802
f 589/865/803 2469/866/804 4101/867/804 2470/867/805
f 2469/866/804 590/865/806 2471/867/807 4101/867/804
f 4101/867/804 2471/867/807 591/868/807 2472/869/808
f 2470/867/805 4101/867/804 2472/869/808 592/868/805
f 593/870/809 2477/871/810 4102/872/811 2478/873/812
f 2477/871/810 594/874/813 2479/875/814 4102/872/811
f 4102/872/811 2479/875/814 595/876/815 2480/877/816
f 2478/873/812 4102/872/811 2480/877/816 596/878/817
f 597/879/818 2485/880/819 4103/881/820 2486/881/821
f 2485/880/819 598/879/820 2487/881/822 4103/881/820
f 4103/881/820 2487/881/822 599/882/823 2488/883/820
f 2486/881/821 4103/881/820 2488/883/820 600/882/824
f 601/884/825 2493/885/826 4104/886/827 2494/887/828
f 2493/885/826 602/888/829 2495/889/830 4104/886/827
f 4104/886/827 2495/889/830 603/890/831 2496/891/832
f 2494/887/828 4104/886/827 2496/891/832 604/892/833
f 605/893/834 2501/894/834 4105/895/834 2502/895/835
f 2501/894/834 606/893/834 2503/895/835 4105/895/834
f 4105/895/834 2503/895/835 607/896/836 2504/897/834
f 2502/895/835 4105/895/834 2504/897/834 608/896/837
f 609/898/838 2509/899/839 4106/900/840 2510/901/841
f 2509/899/839 610/902/842 2511/903/843 4106/900/840
f 4106/900/840 2511/903/843 611/904/844 2512/905/845
f 2510/901/841 4106/900/840 2512/905/845 612/906/846
f 347/907/847 1492/908/848 4107/909/849 1493/910/850
f 1492/908/848 220/911/851 1713/912/852 4107/909/849
f 4107/909/849 1713/912/852 222/913/853 1495/914/854
f 1493/910/850 4107/909/849 1495/914/854 349/915/855
f 613/916/856 2517/917/857 4108/918/858 2518/919/859
f 2517/917/857 614/920/860 2519/921/861 4108/918/858
f 4108/918/858 2519/921/861 615/922/862 2520/923/863
f 2518/919/859 4108/918/858 2520/923/863 616/924/864
f 345/925/865 1489/926/866 4109/927/867 1490/928/868
f 1489/926/866 218/929/869 1715/930/870 4109/927/867
f 4109/927/867 1715/930/870 220/911/851 1492/908/848
f 1490/928/868 4109/927/867 1492/908/848 347/907/847
f 617/931/871 2525/932/872 4110/933/873 2526/934/874
f 2525/932/872 618/935/875 2527/936/876 4110/933/873
f 4110/933/873 2527/936/876 619/937/877 2528/938/878
f 2526/934/874 4110/933/873 2528/938/878 620/939/879
f 343/940/865 1486/941/880 4111/942/881 1487/943/882
f 1486/941/880 216/944/883 1717/945/884 4111/942/881
f 4111/942/881 1717/945/884 218/929/869 1489/926/866
f 1487/943/882 4111/942/881 1489/926/866 345/925/865
f 621/946/885 2533/947/886 4112/948/887 2534/949/888
f 2533/947/886 622/950/889 2535/951/890 4112/948/887
f 4112/948/887 2535/951/890 623/952/891 2536/953/892
f 2534/949/888 4112/948/887 2536/953/892 624/954/893
f 341/955/855 1483/956/894 4113/957/895 1484/958/882
f 1483/956/894 214/959/896 1719/960/897 4113/957/895
f 4113/957/895 1719/960/897 216/944/883 1486/941/880
f 1484/958/882 4113/957/895 1486/941/880 343/940/865
f 625/961/898 2541/962/899 4114/963/900 2542/964/901
f 2541/962/899 626/965/902 2543/966/903 4114/963/900
f 4114/963/900 2543/966/903 627/967/904 2544/968/905
f 2542/964/901 4114/963/900 2544/968/905 628/969/906
f 339/970/907 1480/971/908 4115/972/909 1481/973/910
f 1480/971/908 212/974/911 1721/975/912 4115/972/909
f 4115/972/909 1721/975/912 214/959/896 1483/956/894
f 1481/973/910 4115/972/909 1483/956/894 341/955/855
f 629/976/913 2549/977/914 4116/978/915 2550/979/916
f 2549/977/914 630/980/917 2551/981/918 4116/978/915
f 4116/978/915 2551/981/918 631/982/919 2552/983/920
f 2550/979/916 4116/978/915 2552/983/920 632/984/921
f 337/985/907 1477/986/922 4117/987/923 1478/988/910
f 1477/986/922 210/989/924 1723/990/925 4117/987/923
f 4117/987/923 1723/990/925 212/974/911 1480/971/908
f 1478/988/910 4117/987/923 1480/971/908 339/970/907
f 633/991/926 2557/992/927 4118/993/928 2558/994/929
f 2557/992/927 634/995/930 2559/996/931 4118/993/928
f 4118/993/928 2559/996/931 635/997/932 2560/998/933
f 2558/994/929 4118/993/928 2560/998/933 636/999/934
f 335/1000/907 1474/1001/935 4119/1002/936 1475/1003/910
f 1474/1001/935 208/1004/937 1725/1005/938 4119/1002/936
f 4119/1002/936 1725/1005/938 210/989/924 1477/986/922
f 1475/1003/910 4119/1002/936 1477/986/922 337/985/907
f 637/1006/939 2565/1007/940 4120/1008/941 2566/1009/942
f 2565/1007/940 638/1010/943 2567/1011/944 4120/1008/941
f 4120/1008/941 2567/1011/944 639/1012/945 2568/1013/946
f 2566/1009/942 4120/1008/941 2568/1013/946 640/1014/947
f 333/1015/855 1471/1016/948 4121/1017/949 1472/1018/950
f 1471/1016/948 206/1019/951 1727/1020/952 4121/1017/949
f 4121/1017/949 1727/1020/952 208/1004/937 1474/1001/935
f 1472/1018/950 4121/1017/949 1474/1001/935 335/1000/907
f 641/1021/953 2573/1022/954 4122/1023/955 2574/1024/956
f 2573/1022/954 642/1025/957 2575/1026/958 4122/1023/955
f 4122/1023/955 2575/1026/958 643/1027/959 2576/1028/960
f 2574/1024/956 4122/1023/955 2576/1028/960 644/1029/961
f 645/1030/962 2581/1031/963 4123/1032/963 2582/1032/964
f 2581/1031/963 646/1030/965 2583/1032/962 4123/1032/963
f 4123/1032/963 2583/1032/962 647/1033/966 2584/1034/963
f 2582/1032/964 4123/1032/963 2584/1034/963 648/1033/965
f 649/1035/967 2589/1036/968 4124/1037/969 2590/1038/970
f 2589/1036/968 650/1039/971 2591/1040/972 4124/1037/969
f 4124/1037/969 2591/1040/972 651/1041/973 2592/1042/974
f 2590/1038/970 4124/1037/969 2592/1042/974 652/1043/975
f 329/1044/976 1465/1045/977 4125/1046/978 1466/1047/979
f 1465/1045/977 202/1048/980 1731/1049/981 4125/1046/978
f 4125/1046/978 1731/1049/981 204/1050/982 1468/1051/983
f 1466/1047/979 4125/1046/978 1468/1051/983 331/1052/984
f 653/1053/985 2597/1054/986 4126/1055/987 2598/1056/988
f 2597/1054/986 654/1057/989 2599/1058/990 4126/1055/987
f 4126/1055/987 2599/1058/990 655/1059/991 2600/1060/992
f 2598/1056/988 4126/1055/987 2600/1060/992 656/1061/993
f 327/1062/994 1462/1063/995 4127/1064/996 1463/1065/997
f 1462/1063/995 200/1066/998 1733/1067/999 4127/1064/996
f 4127/1064/996 1733/1067/999 202/1048/980 1465/1045/977
f 1463/1065/997 4127/1064/996 1465/1045/977 329/1044/976
f 657/1068/1000 2605/1069/1001 4128/1070/1002 2606/1071/1003
f 2605/1069/1001 658/1072/1004 2607/1073/1005 4128/1070/1002
f 4128/1070/1002 2607/1073/1005 659/1074/1006 2608/1075/1007
f 2606/1071/1003 4128/1070/1002 2608/1075/1007 660/1076/1008
f 325/1077/1009 1459/1078/1010 4129/1079/1011 1460/1080/1012
f 1459/1078/1010 198/1081/1013 1735/1082/1014 4129/1079/1011
f 4129/1079/1011 1735/1082/1014 200/1066/998 1462/1063/995
f 1460/1080/1012 4129/1079/1011 1462/1063/995 327/1062/994
f 661/1083/1015 2613/1084/1016 4130/1085/1017 2614/1086/1018
f 2613/1084/1016 662/1087/1019 2615/1088/1020 4130/1085/1017
f 4130/1085/1017 2615/1088/1020 663/1089/1021 2616/1090/1022
f 2614/1086/1018 4130/1085/1017 2616/1090/1022 664/1091/1023
f 665/1092/1024 2621/1093/1025 4131/1094/1025 2622/1094/1026
f 2621/1093/1025 666/1092/1027 2623/1094/1028 4131/1094/1025
f 4131/1094/1025 2623/1094/1028 667/1095/1029 2624/1096/1025
f 2622/1094/1026 4131/1094/1025 2624/1096/1025 668/1095/1030
f 669/1097/1031 2629/1098/1032 4132/1099/1033 2630/1100/1034
f 2629/1098/1032 670/1101/1035 2631/1102/1036 4132/1099/1033
f 4132/1099/1033 2631/1102/1036 671/1103/1037 2632/1104/1038
f 2630/1100/1034 4132/1099/1033 2632/1104/1038 672/1105/1039
f 673/1106/1040 2637/1107/1041 4133/1108/1041 2638/1108/1042
f 2637/1107/1041 674/1106/1043 2639/1108/1044 4133/1108/1041
f 4133/1108/1041 2639/1108/1044 675/1109/1045 2640/1110/1046
f 2638/1108/1042 4133/1108/1041 2640/1110/1046 676/1109/1044
f 677/1111/1047 2645/1112/1048 4134/1113/1049 2646/1114/1050
f 2645/1112/1048 678/1115/1051 2647/1116/1052 4134/1113/1049
f 4134/1113/1049 2647/1116/1052 679/1117/1053 2648/1118/1054
f 2646/1114/1050 4134/1113/1049 2648/1118/1054 680/1119/1055
f 319/1120/994 1450/1121/1056 4135/1122/1057 1451/1123/1058
f 1450/1121/1056 192/1124/1059 1741/1125/1060 4135/1122/1057
f 4135/1122/1057 1741/1125/1060 194/1126/1061 1453/1127/1062
f 1451/1123/1058 4135/1122/1057 1453/1127/1062 321/1128/1063
f 681/1129/1064 2653/1130/1065 4136/1131/1066 2654/1132/1067
f 2653/1130/1065 682/1133/1068 2655/1134/1069 4136/1131/1066
f 4136/1131/1066 2655/1134/1069 683/1135/1070 2656/1136/1071
f 2654/1132/1067 4136/1131/1066 2656/1136/1071 684/1137/1072
f 685/1138/1073 2661/1139/605 4137/1140/605 2662/1140/605
f 2661/1139/605 686/1138/1074 2663/1140/605 4137/1140/605
f 4137/1140/605 2663/1140/605 687/1141/1075 2664/1142/605
f 2662/1140/605 4137/1140/605 2664/1142/605 688/1141/1076
f 689/1143/1077 2669/1144/1078 4138/1145/1079 2670/1146/1080
f 2669/1144/1078 690/1147/1081 2671/1148/1082 4138/1145/1079
f 4138/1145/1079 2671/1148/1082 691/1149/1083 2672/1150/1084
f 2670/1146/1080 4138/1145/1079 2672/1150/1084 692/1151/1085
f 315/1152/984 1444/1153/1086 4139/1154/1087 1445/1155/1088
f 1444/1153/1086 188/1156/1089 1745/1157/1090 4139/1154/1087
f 4139/1154/1087 1745/1157/1090 190/1158/1091 1447/1159/1092
f 1445/1155/1088 4139/1154/1087 1447/1159/1092 317/1160/1093
f 693/1161/1094 2677/1162/1095 4140/1163/1096 2678/1164/1097
f 2677/1162/1095 694/1165/1098 2679/1166/1099 4140/1163/1096
f 4140/1163/1096 2679/1166/1099 695/1167/1100 2680/1168/1101
f 2678/1164/1097 4140/1163/1096 2680/1168/1101 696/1169/1102
f 697/1170/1103 2685/1171/1104 4141/1172/1104 2686/1172/1104
f 2685/1171/1104 698/1170/1105 2687/1172/1104 4141/1172/1104
f 4141/1172/1104 2687/1172/1104 699/1173/1103 2688/1174/1106
f 2686/1172/1104 4141/1172/1104 2688/1174/1106 700/1173/1105
f 701/1175/1107 2693/1176/1108 4142/1177/1109 2694/1178/1110
f 2693/1176/1108 702/1179/1111 2695/1180/1112 4142/1177/1109
f 4142/1177/1109 2695/1180/1112 703/1181/1113 2696/1182/1114
f 2694/1178/1110 4142/1177/1109 2696/1182/1114 704/1183/1115
f 311/1184/1116 1438/1185/1117 4143/1186/1118 1439/1187/1119
f 1438/1185/1117 184/1188/1120 1749/1189/1121 4143/1186/1118
f 4143/1186/1118 1749/1189/1121 186/1190/1122 1441/1191/1123
f 1439/1187/1119 4143/1186/1118 1441/1191/1123 313/1192/1124
f 705/1193/1125 2701/1194/1126 4144/1195/1127 2702/1196/1128
f 2701/1194/1126 706/1197/1129 2703/1198/1130 4144/1195/1127
f 4144/1195/1127 2703/1198/1130 707/1199/1131 2704/1200/1132
f 2702/1196/1128 4144/1195/1127 2704/1200/1132 708/1201/1133
f 309/1202/1063 1435/1203/1134 4145/1204/1135 1436/1205/1136
f 1435/1203/1134 182/1206/1137 1751/1207/1138 4145/1204/1135
f 4145/1204/1135 1751/1207/1138 184/1188/1120 1438/1185/1117
f 1436/1205/1136 4145/1204/1135 1438/1185/1117 311/1184/1116
f 709/1208/1139 2709/1209/1140 4146/1210/1141 2710/1211/1142
f 2709/1209/1140 710/1212/1143 2711/1213/1144 4146/1210/1141
f 4146/1210/1141 2711/1213/1144 711/1214/1145 2712/1215/1146
f 2710/1211/1142 4146/1210/1141 2712/1215/1146 712/1216/1147
f 713/1217/676 2717/1218/676 4147/1219/676 2718/1220/1148
f 2717/1218/676 714/1217/1149 2719/1220/1150 4147/1219/676
f 4147/1219/676 2719/1220/1150 715/1221/1151 2720/1222/676
f 2718/1220/1148 4147/1219/676 2720/1222/676 716/1221/1152
f 717/1223/1153 2725/1224/1154 4148/1225/1155 2726/1226/1156
f 2725/1224/1154 718/1227/1157 2727/1228/1158 4148/1225/1155
f 4148/1225/1155 2727/1228/1158 719/1229/1159 2728/1230/1160
f 2726/1226/1156 4148/1225/1155 2728/1230/1160 720/1231/1161
f 721/1232/1162 2733/1233/690 4149/1234/1163 2734/1234/1164
f 2733/1233/690 722/1232/1165 2735/1234/1166 4149/1234/1163
f 4149/1234/1163 2735/1234/1166 723/1235/1163 2736/1236/1163
f 2734/1234/1164 4149/1234/1163 2736/1236/1163 724/1235/1164
f 725/1237/1167 2741/1238/1168 4150/1239/1169 2742/1240/1170
f 2741/1238/1168 726/1241/1171 2743/1242/1172 4150/1239/1169
f 4150/1239/1169 2743/1242/1172 727/1243/1173 2744/1244/1174
f 2742/1240/1170 4150/1239/1169 2744/1244/1174 728/1245/1175
f 303/1246/1124 1426/1247/1176 4151/1248/1177 1427/1249/1178
f 1426/1247/1176 176/1250/1179 1757/1251/1180 4151/1248/1177
f 4151/1248/1177 1757/1251/1180 178/1252/1181 1429/1253/1182
f 1427/1249/1178 4151/1248/1177 1429/1253/1182 305/1254/1183
f 729/1255/1184 2749/1256/1185 4152/1257/702 2750/1258/1186
f 2749/1256/1185 730/1259/1187 2751/1260/1188 4152/1257/702
f 4152/1257/702 2751/1260/1188 731/1261/1189 2752/1262/1190
f 2750/1258/1186 4152/1257/702 2752/1262/1190 732/1263/1191
f 301/1264/1192 1423/1265/1193 4153/1266/1194 1424/1267/1195
f 1423/1265/1193 174/1268/1196 1759/1269/1197 4153/1266/1194
f 4153/1266/1194 1759/1269/1197 176/1250/1179 1426/1247/1176
f 1424/1267/1195 4153/1266/1194 1426/1247/1176 303/1246/1124
f 733/1270/1198 2757/1271/1199 4154/1272/1200 2758/1273/1201
f 2757/1271/1199 734/1274/1202 2759/1275/1203 4154/1272/1200
f 4154/1272/1200 2759/1275/1203 735/1276/1204 2760/1277/1205
f 2758/1273/1201 4154/1272/1200 2760/1277/1205 736/1278/1206
f 299/1279/1207 1420/1280/1208 4155/1281/1209 1421/1282/1210
f 1420/1280/1208 172/1283/1211 1761/1284/1212 4155/1281/1209
f 4155/1281/1209 1761/1284/1212 174/1268/1196 1423/1265/1193
f 1421/1282/1210 4155/1281/1209 1423/1265/1193 301/1264/1192
f 737/1285/1213 2765/1286/1214 4156/1287/1215 2766/1288/1216
f 2765/1286/1214 738/1289/1217 2767/1290/1218 4156/1287/1215
f 4156/1287/1215 2767/1290/1218 739/1291/1219 2768/1292/1220
f 2766/1288/1216 4156/1287/1215 2768/1292/1220 740/1293/1221
f 297/1294/1124 1417/1295/1222 4157/1296/1223 1418/1297/1224
f 1417/1295/1222 170/1298/1225 1763/1299/1226 4157/1296/1223
f 4157/1296/1223 1763/1299/1226 172/1283/1211 1420/1280/1208
f 1418/1297/1224 4157/1296/1223 1420/1280/1208 299/1279/1207
f 741/1300/1227 2773/1301/1228 4158/1302/746 2774/1303/1229
f 2773/1301/1228 742/1304/1230 2775/1305/1231 4158/1302/746
f 4158/1302/746 2775/1305/1231 743/1306/1232 2776/1307/1233
f 2774/1303/1229 4158/1302/746 2776/1307/1233 744/1308/1234
f 745/1309/1235 2781/1310/766 4159/1311/766 2782/1311/1236
f 2781/1310/766 746/1309/766 2783/1311/1236 4159/1311/766
f 4159/1311/766 2783/1311/1236 747/1312/766 2784/1313/766
f 2782/1311/1236 4159/1311/766 2784/1313/766 748/1312/1236
f 749/1314/1237 2789/1315/1238 4160/1316/762 2790/1317/1239
f 2789/1315/1238 750/1318/1240 2791/1319/1241 4160/1316/762
f 4160/1316/762 2791/1319/1241 751/1320/1242 2792/1321/1243
f 2790/1317/1239 4160/1316/762 2792/1321/1243 752/1322/1244
f 753/1323/1245 2797/1324/780 4161/1325/780 2798/1325/1246
f 2797/1324/780 754/1323/1246 2799/1325/1247 4161/1325/780
f 4161/1325/780 2799/1325/1247 755/1326/1245 2800/1327/780
f 2798/1325/1246 4161/1325/780 2800/1327/780 756/1326/1248
f 757/1328/1249 2805/1329/1250 4162/1330/774 2806/1331/1251
f 2805/1329/1250 758/1332/1252 2807/1333/1253 4162/1330/774
f 4162/1330/774 2807/1333/1253 759/1334/1254 2808/1335/1255
f 2806/1331/1251 4162/1330/774 2808/1335/1255 760/1336/1256
f 761/1337/1257 2813/1338/796 4163/1339/796 2814/1339/1258
f 2813/1338/796 762/1337/1259 2815/1339/1260 4163/1339/796
f 4163/1339/796 2815/1339/1260 763/1340/1261 2816/1341/796
f 2814/1339/1258 4163/1339/796 2816/1341/796 764/1340/1262
f 765/1342/1263 2821/1343/1264 4164/1344/788 2822/1345/1265
f 2821/1343/1264 766/1346/1266 2823/1347/1267 4164/1344/788
f 4164/1344/788 2823/1347/1267 767/1348/1268 2824/1349/1269
f 2822/1345/1265 4164/1344/788 2824/1349/1269 768/1350/1270
f 289/1351/1183 1405/1352/1271 4165/1353/1272 1406/1354/1273
f 1405/1352/1271 162/1355/1274 1771/1356/1275 4165/1353/1272
f 4165/1353/1272 1771/1356/1275 164/1357/1276 1408/1358/1277
f 1406/1354/1273 4165/1353/1272 1408/1358/1277 291/1359/1278
f 769/1360/1279 2829/1361/1280 4166/1362/804 2830/1363/1281
f 2829/1361/1280 770/1364/1282 2831/1365/1283 4166/1362/804
f 4166/1362/804 2831/1365/1283 771/1366/1284 2832/1367/1285
f 2830/1363/1281 4166/1362/804 2832/1367/1285 772/1368/1286
f 773/1369/1287 2837/1370/1288 4167/1371/827 2838/1372/1289
f 2837/1370/1288 774/1369/827 2839/1372/1290 4167/1371/827
f 4167/1371/827 2839/1372/1290 775/1373/1291 2840/1374/827
f 2838/1372/1289 4167/1371/827 2840/1374/827 776/1373/1292
f 777/1375/1293 2845/1376/1294 4168/1377/820 2846/1378/1295
f 2845/1376/1294 778/1379/1296 2847/1380/1297 4168/1377/820
f 4168/1377/820 2847/1380/1297 779/1381/1298 2848/1382/1299
f 2846/1378/1295 4168/1377/820 2848/1382/1299 780/1383/1300
f 285/1384/1183 1399/1385/1301 4169/1386/1302 1400/1387/1303
f 1399/1385/1301 158/1388/1304 1775/1389/1305 4169/1386/1302
f 4169/1386/1302 1775/1389/1305 160/1390/1306 1402/1391/1307
f 1400/1387/1303 4169/1386/1302 1402/1391/1307 287/1392/1308
f 781/1393/1309 2853/1394/1310 4170/1395/834 2854/1396/1311
f 2853/1394/1310 782/1397/1312 2855/1398/1313 4170/1395/834
f 4170/1395/834 2855/1398/1313 783/1399/1314 2856/1400/1315
f 2854/1396/1311 4170/1395/834 2856/1400/1315 784/1401/1316
f 785/1402/1317 2861/1403/1317 4171/1404/858 2862/1404/1318
f 2861/1403/1317 786/1402/1319 2863/1404/1320 4171/1404/858
f 4171/1404/858 2863/1404/1320 787/1405/1320 2864/1406/858
f 2862/1404/1318 4171/1404/858 2864/1406/858 788/1405/1317
f 789/1407/1321 2869/1408/1322 4172/1409/1323 2870/1410/1324
f 2869/1408/1322 790/1411/1325 2871/1412/1326 4172/1409/1323
f 4172/1409/1323 2871/1412/1326 791/1413/1327 2872/1414/1328
f 2870/1410/1324 4172/1409/1323 2872/1414/1328 792/1415/1329
f 281/1416/1330 1393/1417/1331 4173/1418/1332 1394/1419/1136
f 1393/1417/1331 154/1420/1333 1779/1421/1334 4173/1418/1332
f 4173/1418/1332 1779/1421/1334 156/1422/1335 1396/1423/1336
f 1394/1419/1136 4173/1418/1332 1396/1423/1336 283/1424/1308
f 793/1425/1337 2877/1426/1338 4174/1427/1339 2878/1428/1340
f 2877/1426/1338 794/1429/1341 2879/1430/1342 4174/1427/1339
f 4174/1427/1339 2879/1430/1342 795/1431/1343 2880/1432/1344
f 2878/1428/1340 4174/1427/1339 2880/1432/1344 796/1433/1345
f 279/1434/1330 1390/1435/1346 4175/1436/1347 1391/1437/1348
f 1390/1435/1346 152/1438/1349 1781/1439/1350 4175/1436/1347
f 4175/1436/1347 1781/1439/1350 154/1420/1333 1393/1417/1331
f 1391/1437/1348 4175/1436/1347 1393/1417/1331 281/1416/1330
f 797/1440/1351 2885/1441/1352 4176/1442/1353 2886/1443/1354
f 2885/1441/1352 798/1444/1355 2887/1445/1356 4176/1442/1353
f 4176/1442/1353 2887/1445/1356 799/1446/1357 2888/1447/1358
f 2886/1443/1354 4176/1442/1353 2888/1447/1358 800/1448/1359
f 277/1449/1308 1387/1450/1360 4177/1451/1361 1388/1452/1348
f 1387/1450/1360 150/1453/1362 1783/1454/1363 4177/1451/1361
f 4177/1451/1361 1783/1454/1363 152/1438/1349 1390/1435/1346
f 1388/1452/1348 4177/1451/1361 1390/1435/1346 279/1434/1330
f 801/1455/1364 2893/1456/1365 4178/1457/1366 2894/1458/1367
f 2893/1456/1365 802/1459/1368 2895/1460/1369 4178/1457/1366
f 4178/1457/1366 2895/1460/1369 803/1461/1370 2896/1462/1371
f 2894/1458/1367 4178/1457/1366 2896/1462/1371 804/1463/1372
f 275/1464/1373 1384/1465/1374 4179/1466/1375 1385/1467/1376
f 1384/1465/1374 148/1468/1377 1785/1469/1378 4179/1466/1375
f 4179/1466/1375 1785/1469/1378 150/1453/1362 1387/1450/1360
f 1385/1467/1376 4179/1466/1375 1387/1450/1360 277/1449/1308
f 805/1470/1379 2901/1471/1380 4180/1472/1381 2902/1473/1382
f 2901/1471/1380 806/1474/1383 2903/1475/1384 4180/1472/1381
f 4180/1472/1381 2903/1475/1384 807/1476/1385 2904/1477/1386
f 2902/1473/1382 4180/1472/1381 2904/1477/1386 808/1478/1387
f 273/1479/910 1381/1480/1388 4181/1481/1389 1382/1482/1390
f 1381/1480/1391 146/1483/1391 1787/1484/1392 4181/1481/1389
f 4181/1481/1389 1787/1484/1392 148/1468/1377 1384/1465/1374
f 1382/1482/1390 4181/1481/1389 1384/1465/1374 275/1464/1373
f 146/1483/1393 1566/1485/1394 4182/1486/1395 1787/1484/1396
f 1566/1485/1394 145/51/74 1788/53/76 4182/1486/1395
f 4182/1486/1395 1788/53/76 147/57/83 1568/1487/1397
f 1787/1484/1396 4182/1486/1395 1568/1487/1397 148/1468/1398
f 271/1488/1009 1378/1489/1399 4183/1490/1400 1379/1491/1401
f 1378/1489/1402 144/1492/1402 1789/1493/1403 4183/1490/1403
f 4183/1490/1403 1789/1493/1403 146/1483/1391 1381/1480/1391
f 1379/1491/1401 4183/1490/1400 1381/1480/1388 273/1479/910
f 144/1492/1404 1564/1494/1404 4184/1495/1405 1789/1493/1405
f 1564/1494/1404 143/45/65 1790/1496/67 4184/1495/1405
f 4184/1495/1405 1790/1496/67 145/51/74 1566/1485/1394
f 1789/1493/1405 4184/1495/1405 1566/1485/1394 146/1483/1393
f 269/1497/1009 1375/1498/1406 4185/1499/1407 1376/1500/1408
f 1375/1498/1409 142/1501/1410 1791/1502/1411 4185/1499/1411
f 4185/1499/1411 1791/1502/1411 144/1492/1402 1378/1489/1402
f 1376/1500/1408 4185/1499/1407 1378/1489/1399 271/1488/1009
f 142/1501/1412 1562/1503/1413 4186/1504/1414 1791/1502/1414
f 1562/1503/1413 141/39/56 1792/1505/58 4186/1504/1414
f 4186/1504/1414 1792/1505/58 143/45/65 1564/1494/1404
f 1791/1502/1414 4186/1504/1414 1564/1494/1404 144/1492/1404
f 267/1506/578 1372/1507/1415 4187/1508/1416 1373/1509/1417
f 1372/1507/1418 140/1510/1419 1793/1511/1420 4187/1508/1421
f 4187/1508/1421 1793/1511/1420 142/1501/1410 1375/1498/1409
f 1373/1509/1417 4187/1508/1416 1375/1498/1406 269/1497/1009
f 140/1510/1422 1560/1512/1423 4188/1513/1424 1793/1511/1425
f 1560/1512/1423 139/33/47 1794/35/49 4188/1513/1424
f 4188/1513/1424 1794/35/49 141/39/56 1562/1503/1413
f 1793/1511/1425 4188/1513/1424 1562/1503/1413 142/1501/1412
f 809/1514/1426 2909/1515/987 4189/1516/987 2910/1516/1427
f 2909/1515/987 810/1514/1428 2911/1516/1429 4189/1516/987
f 4189/1516/987 2911/1516/1429 811/1517/1426 2912/1518/1430
f 2910/1516/1427 4189/1516/987 2912/1518/1430 812/1517/1431
f 813/1519/1432 2917/1520/1433 4190/1521/1434 2918/1522/1435
f 2917/1520/1433 814/1523/1436 2919/1524/1437 4190/1521/1434
f 4190/1521/1434 2919/1524/1437 815/1525/1438 2920/1526/1439
f 2918/1522/1435 4190/1521/1434 2920/1526/1439 816/1527/1440
f 817/1528/1441 2925/1529/1442 4191/1530/1002 2926/1530/1443
f 2925/1529/1442 818/1528/1444 2927/1530/1445 4191/1530/1002
f 4191/1530/1002 2927/1530/1445 819/1531/1446 2928/1532/1002
f 2926/1530/1443 4191/1530/1002 2928/1532/1002 820/1531/1447
f 821/1533/1448 2933/1534/1449 4192/1535/1450 2934/1536/1451
f 2933/1534/1449 822/1537/1452 2935/1538/1453 4192/1535/1450
f 4192/1535/1450 2935/1538/1453 823/1539/1454 2936/1540/1455
f 2934/1536/1451 4192/1535/1450 2936/1540/1455 824/1541/1456
f 261/1542/1457 1363/1543/1458 4193/1544/1459 1364/1545/1460
f 1363/1543/1458 134/1546/1461 1799/1547/1462 4193/1544/1459
f 4193/1544/1459 1799/1547/1462 136/1548/1463 1366/1549/1464
f 1364/1545/1460 4193/1544/1459 1366/1549/1464 263/1550/579
f 825/1551/1465 2941/1552/1466 4194/1553/1467 2942/1554/1468
f 2941/1552/1466 826/1555/1469 2943/1556/1470 4194/1553/1467
f 4194/1553/1467 2943/1556/1470 827/1557/1471 2944/1558/1472
f 2942/1554/1468 4194/1553/1467 2944/1558/1472 828/1559/1473
f 829/1560/1474 2949/1561/1033 4195/1562/1033 2950/1562/1475
f 2949/1561/1033 830/1560/1476 2951/1562/1477 4195/1562/1033
f 4195/1562/1033 2951/1562/1477 831/1563/1478 2952/1564/1033
f 2950/1562/1475 4195/1562/1033 2952/1564/1033 832/1563/1479
f 833/1565/1480 2957/1566/1481 4196/1567/1025 2958/1568/1482
f 2957/1566/1481 834/1569/1483 2959/1570/1484 4196/1567/1025
f 4196/1567/1025 2959/1570/1484 835/1571/1485 2960/1572/1486
f 2958/1568/1482 4196/1567/1025 2960/1572/1486 836/1573/1487
f 837/1574/1488 2965/1575/1049 4197/1576/1049 2966/1576/1489
f 2965/1575/1049 838/1574/1490 2967/1576/1491 4197/1576/1049
f 4197/1576/1049 2967/1576/1491 839/1577/1492 2968/1578/1493
f 2966/1576/1489 4197/1576/1049 2968/1578/1493 840/1577/1491
f 841/1579/1494 2973/1580/1495 4198/1581/1041 2974/1582/1496
f 2973/1580/1495 842/1583/1497 2975/1584/1498 4198/1581/1041
f 4198/1581/1041 2975/1584/1498 843/1585/1499 2976/1586/1500
f 2974/1582/1496 4198/1581/1041 2976/1586/1500 844/1587/1501
f 845/522/1502 2981/519/561 4199/1588/561 2982/1589/1503
f 2981/519/561 846/518/1504 2983/1590/1505 4199/1588/561
f 4199/1588/578 2983/1590/641 847/1591/1506 2984/1592/578
f 2982/1589/1373 4199/1588/578 2984/1592/578 848/1593/1507
f 849/1594/1508 2989/1595/578 4200/1596/578 2990/1597/1509
f 2989/1595/578 850/1598/1510 2991/1599/1511 4200/1596/578
f 4200/1596/561 2991/1599/1512 851/1600/1513 2992/1601/1514
f 2990/1597/1515 4200/1596/561 2992/1601/1514 852/1602/1516
f 853/524/1502 2997/523/561 4201/1603/561 2998/1604/1502
f 2997/523/561 854/522/1504 2999/1589/1505 4201/1603/561
f 4201/1603/578 2999/1589/641 855/1593/1517 3000/1605/578
f 2998/1604/1373 4201/1603/578 3000/1605/578 856/1606/1518
f 857/1607/1519 3005/1608/578 4202/1609/578 3006/1610/1520
f 3005/1608/578 858/1611/1521 3007/1612/1522 4202/1609/578
f 4202/1609/561 3007/1612/1523 859/1613/1524 3008/1614/1525
f 3006/1610/1526 4202/1609/561 3008/1614/1525 860/1615/1527
f 861/526/1502 3013/525/561 4203/1616/561 3014/1617/1502
f 3013/525/561 862/524/1504 3015/1604/1504 4203/1616/561
f 4203/1616/578 3015/1604/1517 863/1606/721 3016/1618/578
f 3014/1617/1507 4203/1616/578 3016/1618/578 864/1619/1183
f 865/1620/1528 3021/1621/578 4204/1622/578 3022/1623/1529
f 3021/1621/578 866/1624/1530 3023/1625/1531 4204/1622/578
f 4204/1622/561 3023/1625/1532 867/1626/1533 3024/1627/1534
f 3022/1623/1535 4204/1622/561 3024/1627/1534 868/1628/1536
f 869/528/1502 3029/527/561 4205/1629/561 3030/1630/1537
f 3029/527/561 870/526/1504 3031/1617/1504 4205/1629/561
f 4205/1629/578 3031/1617/641 871/1619/1538 3032/1631/578
f 3030/1630/1373 4205/1629/578 3032/1631/578 872/1632/1210
f 873/1633/1539 3037/1634/578 4206/1635/578 3038/1636/1540
f 3037/1634/578 874/1637/1541 3039/1638/1542 4206/1635/578
f 4206/1635/561 3039/1638/1543 875/1639/1544 3040/1640/1545
f 3038/1636/1546 4206/1635/561 3040/1640/1545 876/1641/1547
f 877/530/1537 3045/529/561 4207/1642/561 3046/1643/1537
f 3045/529/561 878/528/1504 3047/1630/1548 4207/1642/561
f 4207/1642/578 3047/1630/641 879/1632/1549 3048/1644/578
f 3046/1643/1550 4207/1642/578 3048/1644/578 880/1645/1518
f 881/1646/1551 3053/1647/578 4208/1648/578 3054/1649/1552
f 3053/1647/578 882/1650/1553 3055/1651/1554 4208/1648/578
f 4208/1648/561 3055/1651/1555 883/1652/1556 3056/1653/1557
f 3054/1649/1558 4208/1648/561 3056/1653/1557 884/1654/1559
f 885/532/1537 3061/531/561 4209/1655/561 3062/1656/1537
f 3061/531/561 886/530/1548 3063/1643/1548 4209/1655/561
f 4209/1655/578 3063/1643/1560 887/1645/713 3064/1657/578
f 3062/1656/1561 4209/1655/578 3064/1657/578 888/1658/1561
f 889/1659/1562 3069/1660/578 4210/1661/578 3070/1662/1563
f 3069/1660/578 890/1663/1564 3071/1664/1565 4210/1661/578
f 4210/1661/561 3071/1664/1566 891/1665/1567 3072/1666/1568
f 3070/1662/1569 4210/1661/561 3072/1666/1568 892/1667/1570
f 893/534/1537 3077/533/561 4211/1668/561 3078/1669/1537
f 3077/533/561 894/532/1548 3079/1656/1548 4211/1668/561
f 4211/1668/578 3079/1656/1571 895/1658/1571 3080/1670/578
f 3078/1669/1572 4211/1668/578 3080/1670/578 896/1671/1572
f 897/1672/1573 3085/1673/578 4212/1674/578 3086/1675/1574
f 3085/1673/578 898/1676/1575 3087/1677/1576 4212/1674/578
f 4212/1674/561 3087/1677/1577 899/1678/1578 3088/1679/1579
f 3086/1675/1580 4212/1674/561 3088/1679/1579 900/1680/1581
f 901/536/1537 3093/535/561 4213/1681/561 3094/1682/1537
f 3093/535/561 902/534/1548 3095/1669/1548 4213/1681/561
f 4213/1681/578 3095/1669/1582 903/1671/1582 3096/1683/578
f 3094/1682/1583 4213/1681/578 3096/1683/578 904/1684/1583
f 905/1685/1584 3101/1686/578 4214/1687/578 3102/1688/1585
f 3101/1686/578 906/1689/1586 3103/1690/1587 4214/1687/578
f 4214/1687/561 3103/1690/1588 907/1691/1589 3104/1692/1590
f 3102/1688/1591 4214/1687/561 3104/1692/1590 908/1693/1592
f 909/538/1537 3109/537/561 4215/1694/561 3110/1695/1537
f 3109/537/561 910/536/1548 3111/1682/1548 4215/1694/561
f 4215/1694/578 3111/1682/1582 911/1684/1582 3112/1696/578
f 3110/1695/1583 4215/1694/578 3112/1696/578 912/1697/1583
f 913/1698/1593 3117/1699/578 4216/1700/578 3118/1701/1594
f 3117/1699/578 914/1702/1595 3119/1703/1596 4216/1700/578
f 4216/1700/561 3119/1703/1597 915/1704/1598 3120/1705/1599
f 3118/1701/1600 4216/1700/561 3120/1705/1599 916/1706/1601
f 917/540/1537 3125/539/561 4217/1707/561 3126/1708/1537
f 3125/539/561 918/538/1548 3127/1695/1548 4217/1707/561
f 4217/1707/578 3127/1695/1602 919/1697/1602 3128/1709/578
f 3126/1708/1603 4217/1707/578 3128/1709/578 920/1710/1603
f 921/1711/1604 3133/1712/578 4218/1713/578 3134/1714/1605
f 3133/1712/578 922/1715/1606 3135/1716/1607 4218/1713/578
f 4218/1713/561 3135/1716/1608 923/1717/1609 3136/1718/1610
f 3134/1714/1611 4218/1713/561 3136/1718/1610 924/1719/1612
f 925/542/1537 3141/541/561 4219/1720/561 3142/1721/1537
f 3141/541/561 926/540/1548 3143/1708/1548 4219/1720/561
f 4219/1720/578 3143/1708/1613 927/1710/1613 3144/1722/578
f 3142/1721/1614 4219/1720/578 3144/1722/578 928/1723/1614
f 929/1724/1615 3149/1725/578 4220/1726/578 3150/1727/1616
f 3149/1725/578 930/1728/1617 3151/1729/1618 4220/1726/578
f 4220/1726/561 3151/1729/1619 931/1730/1620 3152/1731/1621
f 3150/1727/1622 4220/1726/561 3152/1731/1621 932/1732/1623
f 933/544/1624 3157/543/561 4221/1733/561 3158/1734/1624
f 3157/543/561 934/542/1548 3159/1721/1548 4221/1733/561
f 4221/1733/578 3159/1721/1625 935/1723/1625 3160/1735/578
f 3158/1734/1626 4221/1733/578 3160/1735/578 936/1736/1626
f 937/1737/1627 3165/1738/578 4222/1739/578 3166/1740/1628
f 3165/1738/578 938/1741/1629 3167/1742/1630 4222/1739/578
f 4222/1739/561 3167/1742/1631 939/1743/1632 3168/1744/1633
f 3166/1740/1634 4222/1739/561 3168/1744/1633 940/1745/1635
f 941/546/1624 3173/545/561 4223/1746/561 3174/1747/1624
f 3173/545/561 942/544/1636 3175/1734/1636 4223/1746/561
f 4223/1746/578 3175/1734/1625 943/1736/1625 3176/1748/578
f 3174/1747/1637 4223/1746/578 3176/1748/578 944/1749/1063
f 945/1750/1638 3181/1751/578 4224/1752/578 3182/1753/1639
f 3181/1751/578 946/1754/1640 3183/1755/1641 4224/1752/578
f 4224/1752/561 3183/1755/1642 947/1756/1643 3184/1757/1644
f 3182/1753/1645 4224/1752/561 3184/1757/1644 948/1758/1646
f 949/548/1624 3189/547/561 4225/1759/561 3190/1760/1624
f 3189/547/561 950/546/1636 3191/1747/1636 4225/1759/561
f 4225/1759/578 3191/1747/1647 951/1749/614 3192/1761/578
f 3190/1760/1648 4225/1759/578 3192/1761/578 952/1762/1649
f 953/1763/1650 3197/1764/578 4226/1765/578 3198/1766/1651
f 3197/1764/578 954/1767/1652 3199/1768/1653 4226/1765/578
f 4226/1765/561 3199/1768/1654 955/1769/1655 3200/1770/1656
f 3198/1766/1657 4226/1765/561 3200/1770/1656 956/1771/1658
f 957/550/1624 3205/549/561 4227/1772/561 3206/1773/1659
f 3205/549/561 958/548/1636 3207/1760/1660 4227/1772/561
f 4227/1772/578 3207/1760/1661 959/1762/1662 3208/1774/578
f 3206/1773/1663 4227/1772/578 3208/1774/578 960/1775/1664
f 961/1776/1665 3213/1777/578 4228/1778/578 3214/1779/1666
f 3213/1777/578 962/1780/1667 3215/1781/1668 4228/1778/578
f 4228/1778/561 3215/1781/1669 963/1782/1670 3216/1783/1671
f 3214/1779/1672 4228/1778/561 3216/1783/1671 964/1784/1673
f 965/552/1624 3221/551/561 4229/1785/561 3222/1786/1659
f 3221/551/561 966/550/1636 3223/1773/1660 4229/1785/561
f 4229/1785/578 3223/1773/1647 967/1775/600 3224/1787/578
f 3222/1786/1648 4229/1785/578 3224/1787/578 968/1788/1674
f 969/1789/1675 3229/1790/578 4230/1791/578 3230/1792/1676
f 3229/1790/578 970/1793/1677 3231/1794/1678 4230/1791/578
f 4230/1791/561 3231/1794/1679 971/1795/1680 3232/1796/1681
f 3230/1792/1682 4230/1791/561 3232/1796/1681 972/1797/1683
f 973/554/1624 3237/553/561 4231/1798/561 3238/1799/1659
f 3237/553/561 974/552/1636 3239/1786/1660 4231/1798/561
f 4231/1798/578 3239/1786/1661 975/1788/1684 3240/1800/578
f 3238/1799/1663 4231/1798/578 3240/1800/578 976/1801/1685
f 977/1802/1686 3245/1803/578 4232/1804/578 3246/1805/1687
f 3245/1803/578 978/1806/1688 3247/1807/1689 4232/1804/578
f 4232/1804/561 3247/1807/1690 979/1808/1691 3248/1809/1692
f 3246/1805/1693 4232/1804/561 3248/1809/1692 980/1810/1694
f 981/556/1624 3253/555/561 4233/1811/561 3254/1812/1659
f 3253/555/561 982/554/1636 3255/1799/1660 4233/1811/561
f 4233/1811/578 3255/1799/1647 983/1801/600 3256/1813/578
f 3254/1812/1648 4233/1811/578 3256/1813/578 984/1814/1663
f 985/1815/1695 3261/1816/578 4234/1817/578 3262/1818/1696
f 3261/1816/578 986/1819/1697 3263/1820/1698 4234/1817/578
f 4234/1817/561 3263/1820/1699 987/1821/1700 3264/1822/1701
f 3262/1818/1702 4234/1817/561 3264/1822/1701 988/1823/1703
f 989/558/1624 3269/557/561 4235/1824/561 3270/1825/1659
f 3269/557/561 990/556/1636 3271/1812/1660 4235/1824/561
f 4235/1824/578 3271/1812/1647 991/1814/1704 3272/1826/578
f 3270/1825/1648 4235/1824/578 3272/1826/578 992/1827/1705
f 993/1828/1706 3277/1829/578 4236/1830/578 3278/1831/1707
f 3277/1829/578 994/1832/1708 3279/1833/1709 4236/1830/578
f 4236/1830/561 3279/1833/1710 995/1834/1711 3280/1835/1712
f 3278/1831/1713 4236/1830/561 3280/1835/1712 996/1836/1714
f 997/560/1624 3285/559/561 4237/1837/561 3286/1838/1715
f 3285/559/561 998/558/1636 3287/1825/1636 4237/1837/561
f 4237/1837/578 3287/1825/1647 999/1827/1704 3288/1839/578
f 3286/1838/1648 4237/1837/578 3288/1839/578 1000/1840/997
f 1001/1841/1716 3293/1842/578 4238/1843/578 3294/1844/1717
f 3293/1842/578 1002/1845/1718 3295/1846/1719 4238/1843/578
f 4238/1843/561 3295/1846/1720 1003/1847/1721 3296/1848/1722
f 3294/1844/1723 4238/1843/561 3296/1848/1722 1004/1849/1724
f 1005/562/1715 3301/561/561 4239/1850/561 3302/1851/1715
f 3301/561/561 1006/560/1636 3303/1838/1725 4239/1850/561
f 4239/1850/578 3303/1838/1704 1007/1840/1726 3304/1852/578
f 3302/1851/1727 4239/1850/578 3304/1852/578 1008/1853/1727
f 1009/1854/1728 3309/1855/578 4240/1856/578 3310/1857/1729
f 3309/1855/578 1010/1858/1730 3311/1859/1731 4240/1856/578
f 4240/1856/561 3311/1859/1732 1011/1860/1733 3312/1861/1734
f 3310/1857/1735 4240/1856/561 3312/1861/1734 1012/1862/1736
f 1013/564/1715 3317/563/561 4241/1863/561 3318/1864/1715
f 3317/563/561 1014/562/1725 3319/1851/1725 4241/1863/561
f 4241/1863/578 3319/1851/1737 1015/1853/1737 3320/1865/578
f 3318/1864/1738 4241/1863/578 3320/1865/578 1016/1866/1738
f 1017/1867/1739 3325/1868/578 4242/1869/578 3326/1870/1740
f 3325/1868/578 1018/1871/1741 3327/1872/1742 4242/1869/578
f 4242/1869/561 3327/1872/1743 1019/1873/1744 3328/1874/1745
f 3326/1870/1746 4242/1869/561 3328/1874/1745 1020/1875/1747
f 1021/566/1715 3333/565/561 4243/1876/561 3334/1877/1715
f 3333/565/561 1022/564/1725 3335/1864/1725 4243/1876/561
f 4243/1876/578 3335/1864/1748 1023/1866/1748 3336/1878/578
f 3334/1877/1749 4243/1876/578 3336/1878/578 1024/1879/1749
f 1025/1880/1750 3341/1881/578 4244/1882/578 3342/1883/1751
f 3341/1881/578 1026/1884/1752 3343/1885/1753 4244/1882/578
f 4244/1882/561 3343/1885/1754 1027/1886/1755 3344/1887/1756
f 3342/1883/1757 4244/1882/561 3344/1887/1756 1028/1888/1758
f 1029/568/1715 3349/567/561 4245/1889/561 3350/1890/1715
f 3349/567/561 1030/566/1725 3351/1877/1725 4245/1889/561
f 4245/1889/578 3351/1877/1759 1031/1879/1759 3352/1891/578
f 3350/1890/1760 4245/1889/578 3352/1891/578 1032/1892/907
f 1033/1893/1761 3357/1894/578 4246/1895/578 3358/1896/1762
f 3357/1894/578 1034/1897/1763 3359/1898/1764 4246/1895/578
f 4246/1895/561 3359/1898/1765 1035/1899/1766 3360/1900/1767
f 3358/1896/1768 4246/1895/561 3360/1900/1767 1036/1901/1769
f 1037/570/1715 3365/569/561 4247/1902/561 3366/1903/1715
f 3365/569/561 1038/568/1725 3367/1890/1725 4247/1902/561
f 4247/1902/578 3367/1890/626 1039/1892/1770 3368/1904/578
f 3366/1903/578 4247/1902/578 3368/1904/578 1040/1905/910
f 1041/1906/1771 3373/1907/578 4248/1908/578 3374/1909/1772
f 3373/1907/578 1042/1910/1773 3375/1911/1774 4248/1908/578
f 4248/1908/561 3375/1911/1775 1043/1912/1776 3376/1913/1777
f 3374/1909/1778 4248/1908/561 3376/1913/1777 1044/1914/1779
f 1045/572/1715 3381/571/561 4249/1915/561 3382/1916/1715
f 3381/571/561 1046/570/1725 3383/1903/1725 4249/1915/561
f 4249/1915/578 3383/1903/578 1047/1905/1348 3384/1917/578
f 3382/1916/1760 4249/1915/578 3384/1917/578 1048/1918/855
f 1049/1919/1780 3389/1920/578 4250/1921/578 3390/1922/1781
f 3389/1920/578 1050/1923/1782 3391/1924/1783 4250/1921/578
f 4250/1921/561 3391/1924/1784 1051/1925/1785 3392/1926/1786
f 3390/1922/1787 4250/1921/561 3392/1926/1786 1052/1927/1788
f 1053/574/1715 3397/573/561 4251/1928/561 3398/1929/1715
f 3397/573/561 1054/572/1725 3399/1916/1725 4251/1928/561
f 4251/1928/578 3399/1916/626 1055/1918/1330 3400/1930/578
f 3398/1929/1789 4251/1928/578 3400/1930/578 1056/1931/1789
f 1057/1932/1790 3405/1933/578 4252/1934/578 3406/1935/1791
f 3405/1933/578 1058/1936/1792 3407/1937/1793 4252/1934/578
f 4252/1934/561 3407/1937/1794 1059/1938/1795 3408/1939/1796
f 3406/1935/1797 4252/1934/561 3408/1939/1796 1060/1940/1798
f 1061/576/1504 3413/575/561 4253/1941/561 3414/1942/1715
f 3413/575/561 1062/574/1725 3415/1929/1725 4253/1941/561
f 4253/1941/578 3415/1929/1799 1063/1931/1799 3416/1943/578
f 3414/1942/882 4253/1941/578 3416/1943/578 1064/1944/865
f 1065/1945/1800 3421/1946/578 4254/1947/578 3422/1948/1801
f 3421/1946/578 1066/1949/1802 3423/1950/1803 4254/1947/578
f 4254/1947/561 3423/1950/1804 1067/1951/1805 3424/1952/1806
f 3422/1948/1807 4254/1947/561 3424/1952/1806 1068/1953/1808
f 1069/578/1504 3429/577/561 4255/1954/561 3430/1955/1504
f 3429/577/561 1070/576/1502 3431/1942/1725 4255/1954/561
f 4255/1954/578 3431/1942/1373 1071/1944/1809 3432/1956/578
f 3430/1955/641 4255/1954/578 3432/1956/578 1072/1957/868
f 1073/1958/1810 3437/1959/578 4256/1960/578 3438/1961/1811
f 3437/1959/578 1074/1962/1812 3439/1963/1813 4256/1960/578
f 4256/1960/561 3439/1963/1814 1075/1964/1815 3440/1965/1816
f 3438/1961/1817 4256/1960/561 3440/1965/1816 1076/1966/1818
f 1077/580/1504 3445/579/561 4257/1967/561 3446/1968/1504
f 3445/579/561 1078/578/1502 3447/1955/1502 4257/1967/561
f 4257/1967/578 3447/1955/1507 1079/1957/1278 3448/1969/578
f 3446/1968/1517 4257/1967/578 3448/1969/578 1080/1970/847
f 1081/1971/1819 3453/1972/578 4258/1973/578 3454/1974/1820
f 3453/1972/578 1082/1975/1821 3455/1976/1822 4258/1973/578
f 4258/1973/561 3455/1976/1823 1083/1977/1824 3456/1978/1825
f 3454/1974/1826 4258/1973/561 3456/1978/1825 1084/1979/1827
f 1085/582/1504 3461/581/561 4259/1980/561 3462/1981/1504
f 3461/581/561 1086/580/1502 3463/1968/1502 4259/1980/561
f 4259/1980/578 3463/1968/1373 1087/1970/1809 3464/1982/578
f 3462/1981/641 4259/1980/578 3464/1982/578 1088/1983/1506
f 1089/1984/1828 3469/1985/578 4260/1986/578 3470/1987/1829
f 3469/1985/578 1090/1988/1830 3471/1989/1831 4260/1986/578
f 4260/1986/561 3471/1989/1832 1091/1990/1833 3472/1991/1834
f 3470/1987/1835 4260/1986/561 3472/1991/1834 1092/1992/1836
f 1093/584/1504 3477/583/561 4261/1993/561 3478/1994/1505
f 3477/583/561 1094/582/1502 3479/1981/1503 4261/1993/561
f 4261/1993/578 3479/1981/1507 1095/1983/1837 3480/1995/578
f 3478/1994/1517 4261/1993/578 3480/1995/578 1096/1996/1838
f 1097/1997/1839 3485/1998/578 4262/1999/578 3486/2000/1840
f 3485/1998/578 1098/2001/1841 3487/2002/1842 4262/1999/578
f 4262/1999/561 3487/2002/1843 1099/2003/1844 3488/2004/1845
f 3486/2000/1846 4262/1999/561 3488/2004/1845 1100/2005/1847
f 1101/586/1504 3493/585/561 4263/2006/561 3494/2007/1505
f 3493/585/561 1102/584/1502 3495/1994/1503 4263/2006/561
f 4263/2006/578 3495/1994/1373 1103/1996/1848 3496/2008/578
f 3494/2007/641 4263/2006/578 3496/2008/578 1104/2009/1517
f 1105/2010/1849 3501/2011/578 4264/2012/578 3502/2013/1850
f 3501/2011/578 1106/2014/1851 3503/2015/1852 4264/2012/578
f 4264/2012/561 3503/2015/1853 1107/2016/1854 3504/2017/1855
f 3502/2013/1856 4264/2012/561 3504/2017/1855 1108/2018/1857
f 1109/588/1504 3509/587/561 4265/2019/561 3510/2020/1504
f 3509/587/561 1110/586/1502 3511/2007/1503 4265/2019/561
f 4265/2019/578 3511/2007/1373 1111/2009/1507 3512/2021/578
f 3510/2020/641 4265/2019/578 3512/2021/578 1112/2022/1538
f 1113/2023/1858 3517/2024/578 4266/2025/578 3518/2026/1859
f 3517/2024/578 1114/2027/1860 3519/2028/1861 4266/2025/578
f 4266/2025/561 3519/2028/1862 1115/2029/1863 3520/2030/1864
f 3518/2026/1865 4266/2025/561 3520/2030/1864 1116/2031/1866
f 1117/590/1504 3525/589/561 4267/2032/561 3526/2033/1504
f 3525/589/561 1118/588/1502 3527/2020/1502 4267/2032/561
f 4267/2032/578 3527/2020/1507 1119/2022/1183 3528/2034/578
f 3526/2033/1867 4267/2032/578 3528/2034/578 1120/2035/1867
f 1121/2036/1868 3533/2037/578 4268/2038/578 3534/2039/1869
f 3533/2037/578 1122/2040/1870 3535/2041/1871 4268/2038/578
f 4268/2038/561 3535/2041/1872 1123/2042/1873 3536/2043/1874
f 3534/2039/1875 4268/2038/561 3536/2043/1874 1124/2044/1876
f 1125/592/1504 3541/591/561 4269/2045/561 3542/2046/1504
f 3541/591/561 1126/590/1502 3543/2033/1502 4269/2045/561
f 4269/2045/578 3543/2033/1877 1127/2035/1877 3544/2047/578
f 3542/2046/1878 4269/2045/578 3544/2047/578 1128/2048/1878
f 1129/2049/1879 3549/2050/578 4270/2051/578 3550/2052/1880
f 3549/2050/578 1130/2053/1881 3551/2054/1882 4270/2051/578
f 4270/2051/561 3551/2054/1883 1131/2055/1884 3552/2056/1885
f 3550/2052/1886 4270/2051/561 3552/2056/1885 1132/2057/1887
f 1133/594/1548 3557/593/561 4271/2058/561 3558/2059/1548
f 3557/593/561 1134/592/1502 3559/2046/1502 4271/2058/561
f 4271/2058/578 3559/2046/1877 1135/2048/1877 3560/2060/578
f 3558/2059/1560 4271/2058/578 3560/2060/578 1136/2061/713
f 1137/2062/1888 3565/2063/578 4272/2064/578 3566/2065/1889
f 3565/2063/578 1138/2066/1890 3567/2067/1891 4272/2064/578
f 4272/2064/561 3567/2067/1892 1139/2068/1893 3568/2069/1894
f 3566/2065/1895 4272/2064/561 3568/2069/1894 1140/2070/1896
f 1141/596/1548 3573/595/561 4273/2071/561 3574/2072/1548
f 3573/595/561 1142/594/1537 3575/2059/1537 4273/2071/561
f 4273/2071/578 3575/2059/1550 1143/2061/1192 3576/2073/578
f 3574/2072/1560 4273/2071/578 3576/2073/578 1144/2074/1897
f 1145/2075/1898 3581/2076/578 4274/2077/578 3582/2078/1899
f 3581/2076/578 1146/2079/1900 3583/2080/1901 4274/2077/578
f 4274/2077/561 3583/2080/1902 1147/2081/1903 3584/2082/1904
f 3582/2078/1905 4274/2077/561 3584/2082/1904 1148/2083/1906
f 1149/598/1548 3589/597/561 4275/2084/561 3590/2085/1548
f 3589/597/561 1150/596/1537 3591/2072/1537 4275/2084/561
f 4275/2084/578 3591/2072/1550 1151/2074/1572 3592/2086/578
f 3590/2085/1571 4275/2084/578 3592/2086/578 1152/2087/1571
f 1153/2088/1907 3597/2089/578 4276/2090/578 3598/2091/1908
f 3597/2089/578 1154/2092/1909 3599/2093/1910 4276/2090/578
f 4276/2090/561 3599/2093/1911 1155/2094/1912 3600/2095/1913
f 3598/2091/1914 4276/2090/561 3600/2095/1913 1156/2096/1915
f 1157/600/1548 3605/599/561 4277/2097/561 3606/2098/1548
f 3605/599/561 1158/598/1537 3607/2085/1537 4277/2097/561
f 4277/2097/578 3607/2085/1583 1159/2087/1583 3608/2099/578
f 3606/2098/1582 4277/2097/578 3608/2099/578 1160/2100/1582
f 1161/2101/1916 3613/2102/578 4278/2103/578 3614/2104/1917
f 3613/2102/578 1162/2105/1918 3615/2106/1919 4278/2103/578
f 4278/2103/561 3615/2106/1920 1163/2107/1921 3616/2108/1922
f 3614/2104/1923 4278/2103/561 3616/2108/1922 1164/2109/1924
f 1165/602/1548 3621/601/561 4279/2110/561 3622/2111/1548
f 3621/601/561 1166/600/1537 3623/2098/1537 4279/2110/561
f 4279/2110/578 3623/2098/1583 1167/2100/1583 3624/2112/578
f 3622/2111/1582 4279/2110/578 3624/2112/578 1168/2113/1582
f 1169/2114/1925 3629/2115/578 4280/2116/578 3630/2117/1926
f 3629/2115/578 1170/2118/1927 3631/2119/1928 4280/2116/578
f 4280/2116/561 3631/2119/1929 1171/2120/1930 3632/2121/1931
f 3630/2117/1932 4280/2116/561 3632/2121/1931 1172/2122/1933
f 1173/604/1548 3637/603/561 4281/2123/561 3638/2124/1548
f 3637/603/561 1174/602/1537 3639/2111/1537 4281/2123/561
f 4281/2123/578 3639/2111/1603 1175/2113/1603 3640/2125/578
f 3638/2124/1602 4281/2123/578 3640/2125/578 1176/2126/1602
f 1177/2127/1934 3645/2128/578 4282/2129/578 3646/2130/1935
f 3645/2128/578 1178/2131/1936 3647/2132/1937 4282/2129/578
f 4282/2129/561 3647/2132/1938 1179/2133/1939 3648/2134/1940
f 3646/2130/1941 4282/2129/561 3648/2134/1940 1180/2135/1942
f 1181/606/1548 3653/605/561 4283/2136/561 3654/2137/1548
f 3653/605/561 1182/604/1537 3655/2124/1537 4283/2136/561
f 4283/2136/578 3655/2124/1614 1183/2126/1614 3656/2138/578
f 3654/2137/1613 4283/2136/578 3656/2138/578 1184/2139/1613
f 1185/2140/1943 3661/2141/578 4284/2142/578 3662/2143/1944
f 3661/2141/578 1186/2144/1945 3663/2145/1946 4284/2142/578
f 4284/2142/561 3663/2145/1947 1187/2146/1948 3664/2147/1949
f 3662/2143/1950 4284/2142/561 3664/2147/1949 1188/2148/1951
f 1189/608/1636 3669/607/561 4285/2149/561 3670/2150/1636
f 3669/607/561 1190/606/1537 3671/2137/1537 4285/2149/561
f 4285/2149/578 3671/2137/1626 1191/2139/1626 3672/2151/578
f 3670/2150/1625 4285/2149/578 3672/2151/578 1192/2152/1625
f 1193/2153/1952 3677/2154/578 4286/2155/578 3678/2156/1953
f 3677/2154/578 1194/2157/1954 3679/2158/1955 4286/2155/578
f 4286/2155/561 3679/2158/1956 1195/2159/1957 3680/2160/1958
f 3678/2156/1959 4286/2155/561 3680/2160/1958 1196/2161/1960
f 1197/610/1636 3685/609/561 4287/2162/561 3686/2163/1636
f 3685/609/561 1198/608/1624 3687/2150/1624 4287/2162/561
f 4287/2162/578 3687/2150/1626 1199/2152/1626 3688/2164/578
f 3686/2163/1625 4287/2162/578 3688/2164/578 1200/2165/1625
f 1201/2166/1961 3693/2167/578 4288/2168/578 3694/2169/1962
f 3693/2167/578 1202/2170/1963 3695/2171/1964 4288/2168/578
f 4288/2168/561 3695/2171/1965 1203/2172/1966 3696/2173/1967
f 3694/2169/1968 4288/2168/561 3696/2173/1967 1204/2174/1969
f 1205/612/1636 3701/611/561 4289/2175/561 3702/2176/1636
f 3701/611/561 1206/610/1624 3703/2163/1624 4289/2175/561
f 4289/2175/578 3703/2163/1664 1207/2165/1664 3704/2177/578
f 3702/2176/1661 4289/2175/578 3704/2177/578 1208/2178/597
f 1209/2179/1970 3709/2180/578 4290/2181/578 3710/2182/1971
f 3709/2180/578 1210/2183/1972 3711/2184/1973 4290/2181/578
f 4290/2181/561 3711/2184/1974 1211/2185/1975 3712/2186/1976
f 3710/2182/1977 4290/2181/561 3712/2186/1976 1212/2187/1978
f 1213/614/1636 3717/613/561 4291/2188/561 3718/2189/1660
f 3717/613/561 1214/612/1624 3719/2176/1659 4291/2188/561
f 4291/2188/578 3719/2176/1648 1215/2178/1649 3720/2190/578
f 3718/2189/1647 4291/2188/578 3720/2190/578 1216/2191/1661
f 1217/2192/1979 3725/2193/578 4292/2194/578 3726/2195/1980
f 3725/2193/578 1218/2196/1981 3727/2197/1982 4292/2194/578
f 4292/2194/561 3727/2197/1983 1219/2198/1984 3728/2199/1985
f 3726/2195/1986 4292/2194/561 3728/2199/1985 1220/2200/1987
f 1221/616/1636 3733/615/561 4293/2201/561 3734/2202/1660
f 3733/615/561 1222/614/1624 3735/2189/1659 4293/2201/561
f 4293/2201/578 3735/2189/1648 1223/2191/1663 3736/2203/578
f 3734/2202/1647 4293/2201/578 3736/2203/578 1224/2204/1661
f 1225/2205/1988 3741/2206/578 4294/2207/578 3742/2208/1989
f 3741/2206/578 1226/2209/1990 3743/2210/1991 4294/2207/578
f 4294/2207/561 3743/2210/1992 1227/2211/1993 3744/2212/1994
f 3742/2208/1995 4294/2207/561 3744/2212/1994 1228/2213/1996
f 1229/618/1636 3749/617/561 4295/2214/561 3750/2215/1660
f 3749/617/561 1230/616/1624 3751/2202/1659 4295/2214/561
f 4295/2214/578 3751/2202/1648 1231/2204/1663 3752/2216/578
f 3750/2215/1647 4295/2214/578 3752/2216/578 1232/2217/1661
f 1233/2218/1997 3757/2219/578 4296/2220/578 3758/2221/1998
f 3757/2219/578 1234/2222/1999 3759/2223/2000 4296/2220/578
f 4296/2220/561 3759/2223/2001 1235/2224/2002 3760/2225/2003
f 3758/2221/2004 4296/2220/561 3760/2225/2003 1236/2226/2005
f 1237/620/1636 3765/619/561 4297/2227/561 3766/2228/1660
f 3765/619/561 1238/618/1624 3767/2215/1659 4297/2227/561
f 4297/2227/578 3767/2215/1648 1239/2217/1663 3768/2229/578
f 3766/2228/1647 4297/2227/578 3768/2229/578 1240/2230/1661
f 1241/2231/2006 3773/2232/578 4298/2233/578 3774/2234/2007
f 3773/2232/578 1242/2235/2008 3775/2236/2009 4298/2233/578
f 4298/2233/561 3775/2236/2010 1243/2237/2011 3776/2238/2012
f 3774/2234/2013 4298/2233/561 3776/2238/2012 1244/2239/2014
f 1245/622/1636 3781/621/561 4299/2240/561 3782/2241/1660
f 3781/621/561 1246/620/1624 3783/2228/1659 4299/2240/561
f 4299/2240/578 3783/2228/1648 1247/2230/1705 3784/2242/578
f 3782/2241/1647 4299/2240/578 3784/2242/578 1248/2243/1704
f 1249/2244/2015 3789/2245/578 4300/2246/578 3790/2247/2016
f 3789/2245/578 1250/2248/2017 3791/2249/2018 4300/2246/578
f 4300/2246/561 3791/2249/2019 1251/2250/2020 3792/2251/2021
f 3790/2247/2022 4300/2246/561 3792/2251/2021 1252/2252/2023
f 1253/624/1636 3797/623/561 4301/2253/561 3798/2254/1725
f 3797/623/561 1254/622/1624 3799/2241/1624 4301/2253/561
f 4301/2253/578 3799/2241/1648 1255/2243/1705 3800/2255/578
f 3798/2254/1647 4301/2253/578 3800/2255/578 1256/2256/1704
f 1257/2257/2024 3805/2258/578 4302/2259/578 3806/2260/2025
f 3805/2258/578 1258/2261/2026 3807/2262/2027 4302/2259/578
f 4302/2259/561 3807/2262/2028 1259/2263/2029 3808/2264/2030
f 3806/2260/2031 4302/2259/561 3808/2264/2030 1260/2265/2032
f 1261/626/1725 3813/625/561 4303/2266/561 3814/2267/1725
f 3813/625/561 1262/624/1624 3815/2254/1715 4303/2266/561
f 4303/2266/578 3815/2254/1648 1263/2256/1705 3816/2268/578
f 3814/2267/626 4303/2266/578 3816/2268/578 1264/2269/2033
f 1265/2270/2034 3821/2271/578 4304/2272/578 3822/2273/2035
f 3821/2271/578 1266/2274/2036 3823/2275/2037 4304/2272/578
f 4304/2272/561 3823/2275/2038 1267/2276/2039 3824/2277/2040
f 3822/2273/2041 4304/2272/561 3824/2277/2040 1268/2278/2042
f 1269/628/1725 3829/627/561 4305/2279/561 3830/2280/1725
f 3829/627/561 1270/626/1715 3831/2267/1715 4305/2279/561
f 4305/2279/578 3831/2267/1760 1271/2269/976 3832/2281/578
f 3830/2280/1737 4305/2279/578 3832/2281/578 1272/2282/1737
f 1273/2283/2043 3837/2284/578 4306/2285/578 3838/2286/2044
f 3837/2284/578 1274/2287/2045 3839/2288/2046 4306/2285/578
f 4306/2285/561 3839/2288/2047 1275/2289/2048 3840/2290/2049
f 3838/2286/2050 4306/2285/561 3840/2290/2049 1276/2291/2051
f 1277/630/1725 3845/629/561 4307/2292/561 3846/2293/1725
f 3845/629/561 1278/628/1715 3847/2280/1715 4307/2292/561
f 4307/2292/578 3847/2280/1749 1279/2282/1749 3848/2294/578
f 3846/2293/626 4307/2292/578 3848/2294/578 1280/2295/1748
f 1281/2296/2052 3853/2297/578 4308/2298/578 3854/2299/2053
f 3853/2297/578 1282/2300/2054 3855/2301/2055 4308/2298/578
f 4308/2298/561 3855/2301/2056 1283/2302/2057 3856/2303/2058
f 3854/2299/2059 4308/2298/561 3856/2303/2058 1284/2304/2060
f 1285/632/1725 3861/631/561 4309/2305/561 3862/2306/1725
f 3861/631/561 1286/630/1715 3863/2293/1715 4309/2305/561
f 4309/2305/578 3863/2293/1760 1287/2295/910 3864/2307/578
f 3862/2306/626 4309/2305/578 3864/2307/578 1288/2308/1770
f 1289/2309/2061 3869/2310/578 4310/2311/578 3870/2312/2062
f 3869/2310/578 1290/2313/2063 3871/2314/2064 4310/2311/578
f 4310/2311/561 3871/2314/2065 1291/2315/2066 3872/2316/2067
f 3870/2312/2068 4310/2311/561 3872/2316/2067 1292/2317/2069
f 1293/634/1725 3877/633/561 4311/2318/561 3878/2319/1725
f 3877/633/561 1294/632/1715 3879/2306/1715 4311/2318/561
f 4311/2318/578 3879/2306/1760 1295/2308/907 3880/2320/578
f 3878/2319/1759 4311/2318/578 3880/2320/578 1296/2321/1759
f 1297/2322/2070 3885/2323/578 4312/2324/578 3886/2325/2071
f 3885/2323/578 1298/2326/2072 3887/2327/2073 4312/2324/578
f 4312/2324/561 3887/2327/2074 1299/2328/2075 3888/2329/2076
f 3886/2325/2077 4312/2324/561 3888/2329/2076 1300/2330/2078
f 1301/636/1725 3893/635/561 4313/2331/561 3894/2332/1725
f 3893/635/561 1302/634/1715 3895/2319/1715 4313/2331/561
f 4313/2331/578 3895/2319/2079 1303/2321/2079 3896/2333/578
f 3894/2332/2080 4313/2331/578 3896/2333/578 1304/2334/2080
f 1305/2335/2081 3901/2336/578 4314/2337/578 3902/2338/2082
f 3901/2336/578 1306/2339/2083 3903/2340/2084 4314/2337/578
f 4314/2337/561 3903/2340/2085 1307/2341/2086 3904/2342/2087
f 3902/2338/2088 4314/2337/561 3904/2342/2087 1308/2343/2089
f 1309/638/1725 3909/637/561 4315/2344/561 3910/2345/1725
f 3909/637/561 1310/636/1715 3911/2332/1715 4315/2344/561
f 4315/2344/578 3911/2332/1789 1311/2334/1789 3912/2346/578
f 3910/2345/2090 4315/2344/578 3912/2346/578 1312/2347/2090
f 1313/2348/2091 3917/2349/578 4316/2350/578 3918/2351/2092
f 3917/2349/578 1314/2352/2093 3919/2353/2094 4316/2350/578
f 4316/2350/561 3919/2353/2095 1315/2354/2096 3920/2355/2097
f 3918/2351/2098 4316/2350/561 3920/2355/2097 1316/2356/2099
f 1317/640/1502 3925/639/561 4317/2357/561 3926/2358/1502
f 3925/639/561 1318/638/1715 3927/2345/1715 4317/2357/561
f 4317/2357/578 3927/2345/2100 1319/2347/2100 3928/2359/578
f 3926/2358/1799 4317/2357/578 3928/2359/578 1320/2360/1799
f 1321/2361/2101 3933/2362/578 4318/2363/578 3934/2364/2102
f 3933/2362/578 1322/2365/2103 3935/2366/2104 4318/2363/578
f 4318/2363/561 3935/2366/2105 1323/2367/2106 3936/2368/2107
f 3934/2364/2108 4318/2363/561 3936/2368/2107 1324/2369/2109
f 1325/642/1502 3941/641/561 4319/2370/561 3942/2371/1502
f 3941/641/561 1326/640/1504 3943/2358/1504 4319/2370/561
f 4319/2370/578 3943/2358/2100 1327/2360/2100 3944/2372/578
f 3942/2371/1799 4319/2370/578 3944/2372/578 1328/2373/1799
f 1329/2374/2110 3949/2375/578 4320/2376/578 3950/2377/2111
f 3949/2375/578 1330/2378/2112 3951/2379/2113 4320/2376/578
f 4320/2376/561 3951/2379/2114 1331/2380/2115 3952/2381/2116
f 3950/2377/2117 4320/2376/561 3952/2381/2116 1332/2382/2118
f 1333/644/1502 3957/643/561 4321/2383/561 3958/2384/1502
f 3957/643/561 1334/642/1504 3959/2371/1504 4321/2383/561
f 4321/2383/578 3959/2371/2119 1335/2373/2119 3960/2385/578
f 3958/2384/2120 4321/2383/578 3960/2385/578 1336/2386/2120
f 1337/2387/2121 3965/2388/578 4322/2389/578 3966/2390/2122
f 3965/2388/578 1338/2391/2123 3967/2392/2124 4322/2389/578
f 4322/2389/561 3967/2392/2125 1339/2393/2126 3968/2394/2127
f 3966/2390/2128 4322/2389/561 3968/2394/2127 1340/2395/2129
f 1341/646/1502 3973/645/561 4323/2396/561 3974/2397/1502
f 3973/645/561 1342/644/1504 3975/2384/1504 4323/2396/561
f 4323/2396/578 3975/2384/2119 1343/2386/2119 3976/2398/578
f 3974/2397/2120 4323/2396/578 3976/2398/578 1344/2399/2120
f 1345/2400/2130 3981/2401/578 4324/2402/578 3982/2403/2131
f 3981/2401/578 1346/2404/2132 3983/2405/2133 4324/2402/578
f 4324/2402/561 3983/2405/2134 1347/2406/2135 3984/2407/2136
f 3982/2403/2137 4324/2402/561 3984/2407/2136 1348/2408/2138
f 1349/518/1502 3989/521/561 4325/2409/561 3990/1590/1503
f 3989/521/561 1350/646/1504 3991/2397/1504 4325/2409/561
f 4325/2409/578 3991/2397/1838 1351/2399/1838 3992/2410/578
f 3990/1590/1507 4325/2409/578 3992/2410/578 1352/1591/1837
f 1353/2411/2139 3997/2412/578 4326/2413/578 3998/2414/2140
f 3997/2412/578 1354/2415/2141 3999/2416/2142 4326/2413/578
f 4326/2413/561 3999/2416/2143 1355/2417/2144 4000/2418/2145
f 3998/2414/2146 4326/2413/561 4000/2418/2145 1356/2419/2147
f 4/2420/578 1806/2421/578 4327/2422/578 2125/2423/578
f 1806/2421/578 2/2424/578 2126/2425/578 4327/2422/578
f 4327/2422/561 2126/2425/561 386/380/561 2061/377/561
f 2125/2423/561 4327/2422/561 2061/377/561 385/376/561
f 2/2424/578 1932/2426/578 4328/2427/578 2126/2425/578
f 1932/2426/578 128/2428/578 2127/2429/578 4328/2427/578
f 4328/2427/561 2127/2429/561 387/382/561 2063/381/561
f 2126/2425/561 4328/2427/561 2063/381/561 386/380/561
f 128/2428/578 1930/2430/578 4329/2431/578 2127/2429/578
f 1930/2430/578 126/2432/578 2128/2433/578 4329/2431/578
f 4329/2431/561 2128/2433/561 388/384/561 2064/383/561
f 2127/2429/561 4329/2431/561 2064/383/561 387/382/561
f 126/2432/578 1928/2434/578 4330/2435/578 2128/2433/578
f 1928/2434/578 124/2436/578 2129/2437/578 4330/2435/578
f 4330/2435/561 2129/2437/561 389/386/561 2065/385/561
f 2128/2433/561 4330/2435/561 2065/385/561 388/384/561
f 124/2436/578 1926/2438/578 4331/2439/578 2129/2437/578
f 1926/2438/578 122/2440/578 2130/2441/578 4331/2439/578
f 4331/2439/561 2130/2441/561 390/388/561 2066/387/561
f 2129/2437/561 4331/2439/561 2066/387/561 389/386/561
f 122/2440/578 1924/2442/578 4332/2443/578 2130/2441/578
f 1924/2442/578 120/2444/578 2131/2445/578 4332/2443/578
f 4332/2443/561 2131/2445/561 391/390/561 2067/389/561
f 2130/2441/561 4332/2443/561 2067/389/561 390/388/561
f 120/2444/578 1922/2446/578 4333/2447/578 2131/2445/578
f 1922/2446/578 118/2448/578 2132/2449/578 4333/2447/578
f 4333/2447/561 2132/2449/561 392/392/561 2068/391/561
f 2131/2445/561 4333/2447/561 2068/391/561 391/390/561
f 118/2448/578 1920/2450/578 4334/2451/578 2132/2449/578
f 1920/2450/578 116/2452/578 2133/2453/578 4334/2451/578
f 4334/2451/561 2133/2453/561 393/394/561 2069/393/561
f 2132/2449/561 4334/2451/561 2069/393/561 392/392/561
f 116/2452/578 1918/2454/578 4335/2455/578 2133/2453/578
f 1918/2454/578 114/2456/578 2134/2457/578 4335/2455/578
f 4335/2455/561 2134/2457/561 394/396/561 2070/395/561
f 2133/2453/561 4335/2455/561 2070/395/561 393/394/561
f 114/2456/578 1916/2458/578 4336/2459/578 2134/2457/578
f 1916/2458/578 112/2460/578 2135/2461/578 4336/2459/578
f 4336/2459/561 2135/2461/561 395/398/561 2071/397/561
f 2134/2457/561 4336/2459/561 2071/397/561 394/396/561
f 112/2460/578 1914/2462/578 4337/2463/578 2135/2461/578
f 1914/2462/578 110/2464/578 2136/2465/578 4337/2463/578
f 4337/2463/561 2136/2465/561 396/400/561 2072/399/561
f 2135/2461/561 4337/2463/561 2072/399/561 395/398/561
f 110/2464/578 1912/2466/578 4338/2467/578 2136/2465/578
f 1912/2466/578 108/2468/578 2137/2469/578 4338/2467/578
f 4338/2467/561 2137/2469/561 397/402/561 2073/401/561
f 2136/2465/561 4338/2467/561 2073/401/561 396/400/561
f 108/2468/578 1910/2470/578 4339/2471/578 2137/2469/578
f 1910/2470/578 106/2472/578 2138/2473/578 4339/2471/578
f 4339/2471/561 2138/2473/561 398/404/561 2074/403/561
f 2137/2469/561 4339/2471/561 2074/403/561 397/402/561
f 106/2472/578 1908/2474/578 4340/2475/578 2138/2473/578
f 1908/2474/578 104/2476/578 2139/2477/578 4340/2475/578
f 4340/2475/561 2139/2477/561 399/406/561 2075/405/561
f 2138/2473/561 4340/2475/561 2075/405/561 398/404/561
f 104/2476/578 1906/2478/578 4341/2479/578 2139/2477/578
f 1906/2478/578 102/2480/578 2140/2481/578 4341/2479/578
f 4341/2479/561 2140/2481/561 400/408/561 2076/407/561
f 2139/2477/561 4341/2479/561 2076/407/561 399/406/561
f 102/2480/578 1904/2482/578 4342/2483/578 2140/2481/578
f 1904/2482/578 100/2484/578 2141/2485/578 4342/2483/578
f 4342/2483/561 2141/2485/561 401/410/561 2077/409/561
f 2140/2481/561 4342/2483/561 2077/409/561 400/408/561
f 100/2484/578 1902/2486/578 4343/2487/578 2141/2485/578
f 1902/2486/578 98/2488/578 2142/2489/578 4343/2487/578
f 4343/2487/561 2142/2489/561 402/412/561 2078/411/561
f 2141/2485/561 4343/2487/561 2078/411/561 401/410/561
f 98/2488/578 1900/2490/578 4344/2491/578 2142/2489/578
f 1900/2490/578 96/2492/578 2143/2493/578 4344/2491/578
f 4344/2491/561 2143/2493/561 403/414/561 2079/413/561
f 2142/2489/561 4344/2491/561 2079/413/561 402/412/561
f 96/2492/578 1898/2494/578 4345/2495/578 2143/2493/578
f 1898/2494/578 94/2496/578 2144/2497/578 4345/2495/578
f 4345/2495/561 2144/2497/561 404/416/561 2080/415/561
f 2143/2493/561 4345/2495/561 2080/415/561 403/414/561
f 94/2496/578 1896/2498/578 4346/2499/578 2144/2497/578
f 1896/2498/578 92/2500/578 2145/2501/578 4346/2499/578
f 4346/2499/561 2145/2501/561 405/418/561 2081/417/561
f 2144/2497/561 4346/2499/561 2081/417/561 404/416/561
f 92/2500/578 1894/2502/578 4347/2503/578 2145/2501/578
f 1894/2502/578 90/2504/578 2146/2505/578 4347/2503/578
f 4347/2503/561 2146/2505/561 406/420/561 2082/419/561
f 2145/2501/561 4347/2503/561 2082/419/561 405/418/561
f 90/2504/578 1892/2506/578 4348/2507/578 2146/2505/578
f 1892/2506/578 88/2508/578 2147/2509/578 4348/2507/578
f 4348/2507/561 2147/2509/561 407/422/561 2083/421/561
f 2146/2505/561 4348/2507/561 2083/421/561 406/420/561
f 88/2508/578 1890/2510/578 4349/2511/578 2147/2509/578
f 1890/2510/578 86/2512/578 2148/2513/578 4349/2511/578
f 4349/2511/561 2148/2513/561 408/424/561 2084/423/561
f 2147/2509/561 4349/2511/561 2084/423/561 407/422/561
f 86/2512/578 1888/2514/578 4350/2515/578 2148/2513/578
f 1888/2514/578 84/2516/578 2149/2517/578 4350/2515/578
f 4350/2515/561 2149/2517/561 409/426/561 2085/425/561
f 2148/2513/561 4350/2515/561 2085/425/561 408/424/561
f 84/2516/578 1886/2518/578 4351/2519/578 2149/2517/578
f 1886/2518/578 82/2520/578 2150/2521/578 4351/2519/578
f 4351/2519/561 2150/2521/561 410/428/561 2086/427/561
f 2149/2517/561 4351/2519/561 2086/427/561 409/426/561
f 82/2520/578 1884/2522/578 4352/2523/578 2150/2521/578
f 1884/2522/578 80/2524/578 2151/2525/578 4352/2523/578
f 4352/2523/561 2151/2525/561 411/430/561 2087/429/561
f 2150/2521/561 4352/2523/561 2087/429/561 410/428/561
f 80/2524/578 1882/2526/578 4353/2527/578 2151/2525/578
f 1882/2526/578 78/2528/578 2152/2529/578 4353/2527/578
f 4353/2527/561 2152/2529/561 412/432/561 2088/431/561
f 2151/2525/561 4353/2527/561 2088/431/561 411/430/561
f 78/2528/578 1880/2530/578 4354/2531/578 2152/2529/578
f 1880/2530/578 76/2532/578 2153/2533/578 4354/2531/578
f 4354/2531/561 2153/2533/561 413/434/561 2089/433/561
f 2152/2529/561 4354/2531/561 2089/433/561 412/432/561
f 76/2532/578 1878/2534/578 4355/2535/578 2153/2533/578
f 1878/2534/578 74/2536/578 2154/2537/578 4355/2535/578
f 4355/2535/561 2154/2537/561 414/436/561 2090/435/561
f 2153/2533/561 4355/2535/561 2090/435/561 413/434/561
f 74/2536/578 1876/2538/578 4356/2539/578 2154/2537/578
f 1876/2538/578 72/2540/578 2155/2541/578 4356/2539/578
f 4356/2539/561 2155/2541/561 415/438/561 2091/437/561
f 2154/2537/561 4356/2539/561 2091/437/561 414/436/561
f 72/2540/578 1874/2542/578 4357/2543/578 2155/2541/578
f 1874/2542/578 70/2544/578 2156/2545/578 4357/2543/578
f 4357/2543/561 2156/2545/561 416/441/561 2092/439/561
f 2155/2541/561 4357/2543/561 2092/439/561 415/438/561
f 70/2544/578 1872/2546/578 4358/2547/578 2156/2545/578
f 1872/2546/578 68/2548/578 2157/2549/578 4358/2547/578
f 4358/2547/561 2157/2549/561 417/443/561 2093/442/561
f 2156/2545/561 4358/2547/561 2093/442/561 416/441/561
f 68/2548/578 1870/2550/578 4359/2551/578 2157/2549/578
f 1870/2550/578 66/2552/578 2158/2553/578 4359/2551/578
f 4359/2551/561 2158/2553/561 418/445/561 2094/444/561
f 2157/2549/561 4359/2551/561 2094/444/561 417/443/561
f 66/2552/578 1868/2554/578 4360/2555/578 2158/2553/578
f 1868/2554/578 64/2556/578 2159/2557/578 4360/2555/578
f 4360/2555/561 2159/2557/561 419/447/561 2095/446/561
f 2158/2553/561 4360/2555/561 2095/446/561 418/445/561
f 64/2556/578 1866/2558/578 4361/2559/578 2159/2557/578
f 1866/2558/578 62/2560/578 2160/2561/578 4361/2559/578
f 4361/2559/561 2160/2561/561 420/449/561 2096/448/561
f 2159/2557/561 4361/2559/561 2096/448/561 419/447/561
f 62/2560/578 1864/2562/578 4362/2563/578 2160/2561/578
f 1864/2562/578 60/2564/578 2161/2565/578 4362/2563/578
f 4362/2563/561 2161/2565/561 421/451/561 2097/450/561
f 2160/2561/561 4362/2563/561 2097/450/561 420/449/561
f 60/2564/578 1862/2566/578 4363/2567/578 2161/2565/578
f 1862/2566/578 58/2568/578 2162/2569/578 4363/2567/578
f 4363/2567/561 2162/2569/561 422/453/561 2098/452/561
f 2161/2565/561 4363/2567/561 2098/452/561 421/451/561
f 58/2568/578 1860/2570/578 4364/2571/578 2162/2569/578
f 1860/2570/578 56/2572/578 2163/2573/578 4364/2571/578
f 4364/2571/561 2163/2573/561 423/455/561 2099/454/561
f 2162/2569/561 4364/2571/561 2099/454/561 422/453/561
f 56/2572/578 1858/2574/578 4365/2575/578 2163/2573/578
f 1858/2574/578 54/2576/578 2164/2577/578 4365/2575/578
f 4365/2575/561 2164/2577/561 424/457/561 2100/456/561
f 2163/2573/561 4365/2575/561 2100/456/561 423/455/561
f 54/2576/578 1856/2578/578 4366/2579/578 2164/2577/578
f 1856/2578/578 52/2580/578 2165/2581/578 4366/2579/578
f 4366/2579/561 2165/2581/561 425/459/561 2101/458/561
f 2164/2577/561 4366/2579/561 2101/458/561 424/457/561
f 52/2580/578 1854/2582/578 4367/2583/578 2165/2581/578
f 1854/2582/578 50/2584/578 2166/2585/578 4367/2583/578
f 4367/2583/561 2166/2585/561 426/461/561 2102/460/561
f 2165/2581/561 4367/2583/561 2102/460/561 425/459/561
f 50/2584/578 1852/2586/578 4368/2587/578 2166/2585/578
f 1852/2586/578 48/2588/578 2167/2589/578 4368/2587/578
f 4368/2587/561 2167/2589/561 427/463/561 2103/462/561
f 2166/2585/561 4368/2587/561 2103/462/561 426/461/561
f 48/2588/578 1850/2590/578 4369/2591/578 2167/2589/578
f 1850/2590/578 46/2592/578 2168/2593/578 4369/2591/578
f 4369/2591/561 2168/2593/561 428/465/561 2104/464/561
f 2167/2589/561 4369/2591/561 2104/464/561 427/463/561
f 46/2592/578 1848/2594/578 4370/2595/578 2168/2593/578
f 1848/2594/578 44/2596/578 2169/2597/578 4370/2595/578
f 4370/2595/561 2169/2597/561 429/467/561 2105/466/561
f 2168/2593/561 4370/2595/561 2105/466/561 428/465/561
f 44/2596/578 1846/2598/578 4371/2599/578 2169/2597/578
f 1846/2598/578 42/2600/578 2170/2601/578 4371/2599/578
f 4371/2599/561 2170/2601/561 430/469/561 2106/468/561
f 2169/2597/561 4371/2599/561 2106/468/561 429/467/561
f 42/2600/578 1844/2602/578 4372/2603/578 2170/2601/578
f 1844/2602/578 40/2604/578 2171/2605/578 4372/2603/578
f 4372/2603/561 2171/2605/561 431/471/561 2107/470/561
f 2170/2601/561 4372/2603/561 2107/470/561 430/469/561
f 40/2604/578 1842/2606/578 4373/2607/578 2171/2605/578
f 1842/2606/578 38/2608/578 2172/2609/578 4373/2607/578
f 4373/2607/561 2172/2609/561 432/473/561 2108/472/561
f 2171/2605/561 4373/2607/561 2108/472/561 431/471/561
f 38/2608/578 1840/2610/578 4374/2611/578 2172/2609/578
f 1840/2610/578 36/2612/578 2173/2613/578 4374/2611/578
f 4374/2611/561 2173/2613/561 433/475/561 2109/474/561
f 2172/2609/561 4374/2611/561 2109/474/561 432/473/561
f 36/2612/578 1838/2614/578 4375/2615/578 2173/2613/578
f 1838/2614/578 34/2616/578 2174/2617/578 4375/2615/578
f 4375/2615/561 2174/2617/561 434/477/561 2110/476/561
f 2173/2613/561 4375/2615/561 2110/476/561 433/475/561
f 34/2616/578 1836/2618/578 4376/2619/578 2174/2617/578
f 1836/2618/578 32/2620/578 2175/2621/578 4376/2619/578
f 4376/2619/561 2175/2621/561 435/479/561 2111/478/561
f 2174/2617/561 4376/2619/561 2111/478/561 434/477/561
f 32/2620/578 1834/2622/578 4377/2623/578 2175/2621/578
f 1834/2622/578 30/2624/578 2176/2625/578 4377/2623/578
f 4377/2623/561 2176/2625/561 436/481/561 2112/480/561
f 2175/2621/561 4377/2623/561 2112/480/561 435/479/561
f 30/2624/578 1832/2626/578 4378/2627/578 2176/2625/578
f 1832/2626/578 28/2628/578 2177/2629/578 4378/2627/578
f 4378/2627/561 2177/2629/561 437/483/561 2113/482/561
f 2176/2625/561 4378/2627/561 2113/482/561 436/481/561
f 28/2628/578 1830/2630/578 4379/2631/578 2177/2629/578
f 1830/2630/578 26/2632/578 2178/2633/578 4379/2631/578
f 4379/2631/561 2178/2633/561 438/485/561 2114/484/561
f 2177/2629/561 4379/2631/561 2114/484/561 437/483/561
f 26/2632/578 1828/2634/578 4380/2635/578 2178/2633/578
f 1828/2634/578 24/2636/578 2179/2637/578 4380/2635/578
f 4380/2635/561 2179/2637/561 439/487/561 2115/486/561
f 2178/2633/561 4380/2635/561 2115/486/561 438/485/561
f 24/2636/578 1826/2638/578 4381/2639/578 2179/2637/578
f 1826/2638/578 22/2640/578 2180/2641/578 4381/2639/578
f 4381/2639/561 2180/2641/561 440/489/561 2116/488/561
f 2179/2637/561 4381/2639/561 2116/488/561 439/487/561
f 22/2640/578 1824/2642/578 4382/2643/578 2180/2641/578
f 1824/2642/578 20/2644/578 2181/2645/578 4382/2643/578
f 4382/2643/561 2181/2645/561 441/491/561 2117/490/561
f 2180/2641/561 4382/2643/561 2117/490/561 440/489/561
f 20/2644/578 1822/2646/578 4383/2647/578 2181/2645/578
f 1822/2646/578 18/2648/578 2182/2649/578 4383/2647/578
f 4383/2647/561 2182/2649/561 442/493/561 2118/492/561
f 2181/2645/561 4383/2647/561 2118/492/561 441/491/561
f 18/2648/578 1820/2650/578 4384/2651/578 2182/2649/578
f 1820/2650/578 16/2652/578 2183/2653/578 4384/2651/578
f 4384/2651/561 2183/2653/561 443/495/561 2119/494/561
f 2182/2649/561 4384/2651/561 2119/494/561 442/493/561
f 16/2652/578 1818/2654/578 4385/2655/578 2183/2653/578
f 1818/2654/578 14/2656/578 2184/2657/578 4385/2655/578
f 4385/2655/561 2184/2657/561 444/497/561 2120/496/561
f 2183/2653/561 4385/2655/561 2120/496/561 443/495/561
f 14/2656/578 1816/2658/578 4386/2659/578 2184/2657/578
f 1816/2658/578 12/2660/578 2185/2661/578 4386/2659/578
f 4386/2659/561 2185/2661/561 445/499/561 2121/498/561
f 2184/2657/561 4386/2659/561 2121/498/561 444/497/561
f 12/2660/578 1814/2662/578 4387/2663/578 2185/2661/578
f 1814/2662/578 10/2664/578 2186/2665/578 4387/2663/578
f 4387/2663/561 2186/2665/561 446/501/561 2122/500/561
f 2185/2661/561 4387/2663/561 2122/500/561 445/499/561
f 10/2664/578 1812/2666/578 4388/2667/578 2186/2665/578
f 1812/2666/578 8/2668/578 2187/2669/578 4388/2667/578
f 4388/2667/561 2187/2669/561 447/503/561 2123/502/561
f 2186/2665/561 4388/2667/561 2123/502/561 446/501/561
f 8/2668/578 1810/2670/578 4389/2671/578 2187/2669/578
f 1810/2670/578 6/2672/578 2188/2673/578 4389/2671/578
f 4389/2671/561 2188/2673/561 448/505/561 2124/504/561
f 2187/2669/561 4389/2671/561 2124/504/561 447/503/561
f 6/2672/578 1808/2674/578 4390/2675/578 2188/2673/578
f 1808/2674/578 4/2420/578 2125/2423/578 4390/2675/578
f 4390/2675/561 2125/2423/561 385/376/561 2062/379/561
f 2188/2673/561 4390/2675/561 2062/379/561 448/505/561
f 1/2676/561 1805/2677/561 4391/2678/561 2253/2679/561
f 1805/2677/561 3/2680/561 2254/2681/561 4391/2678/561
f 4391/2678/578 2254/2681/578 450/522/578 2189/519/578
f 2253/2679/578 4391/2678/578 2189/519/578 449/518/578
f 3/2680/561 1807/2682/561 4392/2683/561 2254/2681/561
f 1807/2682/561 5/2684/561 2255/2685/561 4392/2683/561
f 4392/2683/578 2255/2685/578 451/524/578 2191/523/578
f 2254/2681/578 4392/2683/578 2191/523/578 450/522/578
f 5/2684/561 1809/2686/561 4393/2687/561 2255/2685/561
f 1809/2686/561 7/2688/561 2256/2689/561 4393/2687/561
f 4393/2687/578 2256/2689/578 452/526/578 2192/525/578
f 2255/2685/578 4393/2687/578 2192/525/578 451/524/578
f 7/2688/561 1811/2690/561 4394/2691/561 2256/2689/561
f 1811/2690/561 9/2692/561 2257/2693/561 4394/2691/561
f 4394/2691/578 2257/2693/578 453/528/578 2193/527/578
f 2256/2689/578 4394/2691/578 2193/527/578 452/526/578
f 9/2692/561 1813/2694/561 4395/2695/561 2257/2693/561
f 1813/2694/561 11/2696/561 2258/2697/561 4395/2695/561
f 4395/2695/578 2258/2697/578 454/530/578 2194/529/578
f 2257/2693/578 4395/2695/578 2194/529/578 453/528/578
f 11/2696/561 1815/2698/561 4396/2699/561 2258/2697/561
f 1815/2698/561 13/2700/561 2259/2701/561 4396/2699/561
f 4396/2699/578 2259/2701/578 455/532/578 2195/531/578
f 2258/2697/578 4396/2699/578 2195/531/578 454/530/578
f 13/2700/561 1817/2702/561 4397/2703/561 2259/2701/561
f 1817/2702/561 15/2704/561 2260/2705/561 4397/2703/561
f 4397/2703/578 2260/2705/578 456/534/578 2196/533/578
f 2259/2701/578 4397/2703/578 2196/533/578 455/532/578
f 15/2704/561 1819/2706/561 4398/2707/561 2260/2705/561
f 1819/2706/561 17/2708/561 2261/2709/561 4398/2707/561
f 4398/2707/578 2261/2709/578 457/536/578 2197/535/578
f 2260/2705/578 4398/2707/578 2197/535/578 456/534/578
f 17/2708/561 1821/2710/561 4399/2711/561 2261/2709/561
f 1821/2710/561 19/2712/561 2262/2713/561 4399/2711/561
f 4399/2711/578 2262/2713/578 458/538/578 2198/537/578
f 2261/2709/578 4399/2711/578 2198/537/578 457/536/578
f 19/2712/561 1823/2714/561 4400/2715/561 2262/2713/561
f 1823/2714/561 21/2716/561 2263/2717/561 4400/2715/561
f 4400/2715/578 2263/2717/578 459/540/578 2199/539/578
f 2262/2713/578 4400/2715/578 2199/539/578 458/538/578
f 21/2716/561 1825/2718/561 4401/2719/561 2263/2717/561
f 1825/2718/561 23/2720/561 2264/2721/561 4401/2719/561
f 4401/2719/578 2264/2721/578 460/2722/578 2200/541/578
f 2263/2717/578 4401/2719/578 2200/541/578 459/540/578
f 23/2720/561 1827/2723/561 4402/2724/561 2264/2721/561
f 1827/2723/561 25/2725/561 2265/2726/561 4402/2724/561
f 4402/2724/578 2265/2726/578 461/544/578 2201/543/578
f 2264/2721/578 4402/2724/578 2201/543/578 460/2722/578
f 25/2725/561 1829/2727/561 4403/2728/561 2265/2726/561
f 1829/2727/561 27/2729/561 2266/2730/561 4403/2728/561
f 4403/2728/578 2266/2730/578 462/546/578 2202/545/578
f 2265/2726/578 4403/2728/578 2202/545/578 461/544/578
f 27/2729/561 1831/2731/561 4404/2732/561 2266/2730/561
f 1831/2731/561 29/2733/561 2267/2734/561 4404/2732/561
f 4404/2732/578 2267/2734/578 463/548/578 2203/547/578
f 2266/2730/578 4404/2732/578 2203/547/578 462/546/578
f 29/2733/561 1833/2735/561 4405/2736/561 2267/2734/561
f 1833/2735/561 31/2737/561 2268/2738/561 4405/2736/561
f 4405/2736/578 2268/2738/578 464/550/578 2204/549/578
f 2267/2734/578 4405/2736/578 2204/549/578 463/548/578
f 31/2737/561 1835/2739/561 4406/2740/561 2268/2738/561
f 1835/2739/561 33/2741/561 2269/2742/561 4406/2740/561
f 4406/2740/578 2269/2742/578 465/552/578 2205/551/578
f 2268/2738/578 4406/2740/578 2205/551/578 464/550/578
f 33/2741/561 1837/2743/561 4407/2744/561 2269/2742/561
f 1837/2743/561 35/2745/561 2270/2746/561 4407/2744/561
f 4407/2744/578 2270/2746/578 466/554/578 2206/553/578
f 2269/2742/578 4407/2744/578 2206/553/578 465/552/578
f 35/2745/561 1839/2747/561 4408/2748/561 2270/2746/561
f 1839/2747/561 37/2749/561 2271/2750/561 4408/2748/561
f 4408/2748/578 2271/2750/578 467/556/578 2207/555/578
f 2270/2746/578 4408/2748/578 2207/555/578 466/554/578
f 37/2749/561 1841/2751/561 4409/2752/561 2271/2750/561
f 1841/2751/561 39/2753/561 2272/2754/561 4409/2752/561
f 4409/2752/578 2272/2754/578 468/558/578 2208/557/578
f 2271/2750/578 4409/2752/578 2208/557/578 467/556/578
f 39/2753/561 1843/2755/561 4410/2756/561 2272/2754/561
f 1843/2755/561 41/2757/561 2273/2758/561 4410/2756/561
f 4410/2756/578 2273/2758/578 469/560/578 2209/559/578
f 2272/2754/578 4410/2756/578 2209/559/578 468/558/578
f 41/2757/561 1845/2759/561 4411/2760/561 2273/2758/561
f 1845/2759/561 43/2761/561 2274/2762/561 4411/2760/561
f 4411/2760/578 2274/2762/578 470/562/578 2210/561/578
f 2273/2758/578 4411/2760/578 2210/561/578 469/560/578
f 43/2761/561 1847/2763/561 4412/2764/561 2274/2762/561
f 1847/2763/561 45/2765/561 2275/2766/561 4412/2764/561
f 4412/2764/578 2275/2766/578 471/564/578 2211/563/578
f 2274/2762/578 4412/2764/578 2211/563/578 470/562/578
f 45/2765/561 1849/2767/561 4413/2768/561 2275/2766/561
f 1849/2767/561 47/2769/561 2276/2770/561 4413/2768/561
f 4413/2768/578 2276/2770/578 472/2771/578 2212/565/578
f 2275/2766/578 4413/2768/578 2212/565/578 471/564/578
f 47/2769/561 1851/2772/561 4414/2773/561 2276/2770/561
f 1851/2772/561 49/2774/561 2277/2775/561 4414/2773/561
f 4414/2773/578 2277/2775/578 473/568/578 2213/567/578
f 2276/2770/578 4414/2773/578 2213/567/578 472/2771/578
f 49/2774/561 1853/2776/561 4415/2777/561 2277/2775/561
f 1853/2776/561 51/2778/561 2278/2779/561 4415/2777/561
f 4415/2777/578 2278/2779/578 474/570/578 2214/569/578
f 2277/2775/578 4415/2777/578 2214/569/578 473/568/578
f 51/2778/561 1855/2780/561 4416/2781/561 2278/2779/561
f 1855/2780/561 53/2782/561 2279/2783/561 4416/2781/561
f 4416/2781/578 2279/2783/578 475/572/578 2215/571/578
f 2278/2779/578 4416/2781/578 2215/571/578 474/570/578
f 53/2782/561 1857/2784/561 4417/2785/561 2279/2783/561
f 1857/2784/561 55/2786/561 2280/2787/561 4417/2785/561
f 4417/2785/578 2280/2787/578 476/574/578 2216/573/578
f 2279/2783/578 4417/2785/578 2216/573/578 475/572/578
f 55/2786/561 1859/2788/561 4418/2789/561 2280/2787/561
f 1859/2788/561 57/2790/561 2281/2791/561 4418/2789/561
f 4418/2789/578 2281/2791/578 477/576/578 2217/575/578
f 2280/2787/578 4418/2789/578 2217/575/578 476/574/578
f 57/2790/561 1861/2792/561 4419/2793/561 2281/2791/561
f 1861/2792/561 59/2794/561 2282/2795/561 4419/2793/561
f 4419/2793/578 2282/2795/578 478/578/578 2218/577/578
f 2281/2791/578 4419/2793/578 2218/577/578 477/576/578
f 59/2794/561 1863/2796/561 4420/2797/561 2282/2795/561
f 1863/2796/561 61/2798/561 2283/2799/561 4420/2797/561
f 4420/2797/578 2283/2799/578 479/580/578 2219/579/578
f 2282/2795/578 4420/2797/578 2219/579/578 478/578/578
f 61/2798/561 1865/2800/561 4421/2801/561 2283/2799/561
f 1865/2800/561 63/2802/561 2284/2803/561 4421/2801/561
f 4421/2801/578 2284/2803/578 480/582/578 2220/581/578
f 2283/2799/578 4421/2801/578 2220/581/578 479/580/578
f 63/2802/561 1867/2804/561 4422/2805/561 2284/2803/561
f 1867/2804/561 65/2806/561 2285/2807/561 4422/2805/561
f 4422/2805/578 2285/2807/578 481/584/578 2221/583/578
f 2284/2803/578 4422/2805/578 2221/583/578 480/582/578
f 65/2806/561 1869/2808/561 4423/2809/561 2285/2807/561
f 1869/2808/561 67/2810/561 2286/2811/561 4423/2809/561
f 4423/2809/578 2286/2811/578 482/586/578 2222/585/578
f 2285/2807/578 4423/2809/578 2222/585/578 481/584/578
f 67/2810/561 1871/2812/561 4424/2813/561 2286/2811/561
f 1871/2812/561 69/2814/561 2287/2815/561 4424/2813/561
f 4424/2813/578 2287/2815/578 483/588/578 2223/587/578
f 2286/2811/578 4424/2813/578 2223/587/578 482/586/578
f 69/2814/561 1873/2816/561 4425/2817/561 2287/2815/561
f 1873/2816/561 71/2818/561 2288/2819/561 4425/2817/561
f 4425/2817/578 2288/2819/578 484/590/578 2224/589/578
f 2287/2815/578 4425/2817/578 2224/589/578 483/588/578
f 71/2818/561 1875/2820/561 4426/2821/561 2288/2819/561
f 1875/2820/561 73/2822/561 2289/2823/561 4426/2821/561
f 4426/2821/578 2289/2823/578 485/592/578 2225/591/578
f 2288/2819/578 4426/2821/578 2225/591/578 484/590/578
f 73/2822/561 1877/2824/561 4427/2825/561 2289/2823/561
f 1877/2824/561 75/2826/561 2290/2827/561 4427/2825/561
f 4427/2825/578 2290/2827/578 486/2828/578 2226/593/578
f 2289/2823/578 4427/2825/578 2226/593/578 485/592/578
f 75/2826/561 1879/2829/561 4428/2830/561 2290/2827/561
f 1879/2829/561 77/2831/561 2291/2832/561 4428/2830/561
f 4428/2830/578 2291/2832/578 487/596/578 2227/595/578
f 2290/2827/578 4428/2830/578 2227/595/578 486/2828/578
f 77/2831/561 1881/2833/561 4429/2834/561 2291/2832/561
f 1881/2833/561 79/2835/561 2292/2836/561 4429/2834/561
f 4429/2834/578 2292/2836/578 488/598/578 2228/597/578
f 2291/2832/578 4429/2834/578 2228/597/578 487/596/578
f 79/2835/561 1883/2837/561 4430/2838/561 2292/2836/561
f 1883/2837/561 81/2839/561 2293/2840/561 4430/2838/561
f 4430/2838/578 2293/2840/578 489/2841/578 2229/599/578
f 2292/2836/578 4430/2838/578 2229/599/578 488/598/578
f 81/2839/561 1885/2842/561 4431/2843/561 2293/2840/561
f 1885/2842/561 83/2844/561 2294/2845/561 4431/2843/561
f 4431/2843/578 2294/2845/578 490/2846/578 2230/601/578
f 2293/2840/578 4431/2843/578 2230/601/578 489/2841/578
f 83/2844/561 1887/2847/561 4432/2848/561 2294/2845/561
f 1887/2847/561 85/2849/561 2295/2850/561 4432/2848/561
f 4432/2848/578 2295/2850/578 491/604/578 2231/603/578
f 2294/2845/578 4432/2848/578 2231/603/578 490/2846/578
f 85/2849/561 1889/2851/561 4433/2852/561 2295/2850/561
f 1889/2851/561 87/2853/561 2296/2854/561 4433/2852/561
f 4433/2852/578 2296/2854/578 492/606/578 2232/605/578
f 2295/2850/578 4433/2852/578 2232/605/578 491/604/578
f 87/2853/561 1891/2855/561 4434/2856/561 2296/2854/561
f 1891/2855/561 89/2857/561 2297/2858/561 4434/2856/561
f 4434/2856/578 2297/2858/578 493/608/578 2233/607/578
f 2296/2854/578 4434/2856/578 2233/607/578 492/606/578
f 89/2857/561 1893/2859/561 4435/2860/561 2297/2858/561
f 1893/2859/561 91/2861/561 2298/2862/561 4435/2860/561
f 4435/2860/578 2298/2862/578 494/610/578 2234/609/578
f 2297/2858/578 4435/2860/578 2234/609/578 493/608/578
f 91/2861/561 1895/2863/561 4436/2864/561 2298/2862/561
f 1895/2863/561 93/2865/561 2299/2866/561 4436/2864/561
f 4436/2864/578 2299/2866/578 495/612/578 2235/611/578
f 2298/2862/578 4436/2864/578 2235/611/578 494/610/578
f 93/2865/561 1897/2867/561 4437/2868/561 2299/2866/561
f 1897/2867/561 95/2869/561 2300/2870/561 4437/2868/561
f 4437/2868/578 2300/2870/578 496/614/578 2236/613/578
f 2299/2866/578 4437/2868/578 2236/613/578 495/612/578
f 95/2869/561 1899/2871/561 4438/2872/561 2300/2870/561
f 1899/2871/561 97/2873/561 2301/2874/561 4438/2872/561
f 4438/2872/578 2301/2874/578 497/616/578 2237/615/578
f 2300/2870/578 4438/2872/578 2237/615/578 496/614/578
f 97/2873/561 1901/2875/561 4439/2876/561 2301/2874/561
f 1901/2875/561 99/2877/561 2302/2878/561 4439/2876/561
f 4439/2876/578 2302/2878/578 498/618/578 2238/617/578
f 2301/2874/578 4439/2876/578 2238/617/578 497/616/578
f 99/2877/561 1903/2879/561 4440/2880/561 2302/2878/561
f 1903/2879/561 101/2881/561 2303/2882/561 4440/2880/561
f 4440/2880/578 2303/2882/578 499/620/578 2239/619/578
f 2302/2878/578 4440/2880/578 2239/619/578 498/618/578
f 101/2881/561 1905/2883/561 4441/2884/561 2303/2882/561
f 1905/2883/561 103/2885/561 2304/2886/561 4441/2884/561
f 4441/2884/578 2304/2886/578 500/622/578 2240/621/578
f 2303/2882/578 4441/2884/578 2240/621/578 499/620/578
f 103/2885/561 1907/2887/561 4442/2888/561 2304/2886/561
f 1907/2887/561 105/2889/561 2305/2890/561 4442/2888/561
f 4442/2888/578 2305/2890/578 501/624/578 2241/623/578
f 2304/2886/578 4442/2888/578 2241/623/578 500/622/578
f 105/2889/561 1909/2891/561 4443/2892/561 2305/2890/561
f 1909/2891/561 107/2893/561 2306/2894/561 4443/2892/561
f 4443/2892/578 2306/2894/578 502/626/578 2242/625/578
f 2305/2890/578 4443/2892/578 2242/625/578 501/624/578
f 107/2893/561 1911/2895/561 4444/2896/561 2306/2894/561
f 1911/2895/561 109/2897/561 2307/2898/561 4444/2896/561
f 4444/2896/578 2307/2898/578 503/628/578 2243/627/578
f 2306/2894/578 4444/2896/578 2243/627/578 502/626/578
f 109/2897/561 1913/2899/561 4445/2900/561 2307/2898/561
f 1913/2899/561 111/2901/561 2308/2902/561 4445/2900/561
f 4445/2900/578 2308/2902/578 504/2903/578 2244/629/578
f 2307/2898/578 4445/2900/578 2244/629/578 503/628/578
f 111/2901/561 1915/2904/561 4446/2905/561 2308/2902/561
f 1915/2904/561 113/2906/561 2309/2907/561 4446/2905/561
f 4446/2905/578 2309/2907/578 505/632/578 2245/631/578
f 2308/2902/578 4446/2905/578 2245/631/578 504/2903/578
f 113/2906/561 1917/2908/561 4447/2909/561 2309/2907/561
f 1917/2908/561 115/2910/561 2310/2911/561 4447/2909/561
f 4447/2909/578 2310/2911/578 506/634/578 2246/633/578
f 2309/2907/578 4447/2909/578 2246/633/578 505/632/578
f 115/2910/561 1919/2912/561 4448/2913/561 2310/2911/561
f 1919/2912/561 117/2914/561 2311/2915/561 4448/2913/561
f 4448/2913/578 2311/2915/578 507/636/578 2247/635/578
f 2310/2911/578 4448/2913/578 2247/635/578 506/634/578
f 117/2914/561 1921/2916/561 4449/2917/561 2311/2915/561
f 1921/2916/561 119/2918/561 2312/2919/561 4449/2917/561
f 4449/2917/578 2312/2919/578 508/638/578 2248/637/578
f 2311/2915/578 4449/2917/578 2248/637/578 507/636/578
f 119/2918/561 1923/2920/561 4450/2921/561 2312/2919/561
f 1923/2920/561 121/2922/561 2313/2923/561 4450/2921/561
f 4450/2921/578 2313/2923/578 509/640/578 2249/639/578
f 2312/2919/578 4450/2921/578 2249/639/578 508/638/578
f 121/2922/561 1925/2924/561 4451/2925/561 2313/2923/561
f 1925/2924/561 123/2926/561 2314/2927/561 4451/2925/561
f 4451/2925/578 2314/2927/578 510/642/578 2250/641/578
f 2313/2923/578 4451/2925/578 2250/641/578 509/640/578
f 123/2926/561 1927/2928/561 4452/2929/561 2314/2927/561
f 1927/2928/561 125/2930/561 2315/2931/561 4452/2929/561
f 4452/2929/578 2315/2931/578 511/644/578 2251/643/578
f 2314/2927/578 4452/2929/578 2251/643/578 510/642/578
f 125/2930/561 1929/2932/561 4453/2933/561 2315/2931/561
f 1929/2932/561 127/2934/561 2316/2935/561 4453/2933/561
f 4453/2933/578 2316/2935/578 512/646/578 2252/645/578
f 2315/2931/578 4453/2933/578 2252/645/578 511/644/578
f 127/2934/561 1931/2936/561 4454/2937/561 2316/2935/561
f 1931/2936/561 1/2676/561 2253/2679/561 4454/2937/561
f 4454/2937/578 2253/2679/578 449/518/578 2190/521/578
f 2316/2935/578 4454/2937/578 2190/521/578 512/646/578
f 256/651/2148 1676/2938/2149 4455/2939/2150 2321/2940/2151
f 1676/2938/2149 255/511/570 2322/2941/2152 4455/2939/2150
f 4455/2939/2150 2322/2941/2152 514/658/592 2317/655/589
f 2321/2940/2151 4455/2939/2150 2317/655/589 513/654/588
f 255/511/570 1678/2942/572 4456/2943/2153 2322/2941/2152
f 1678/2942/572 130/517/1 2323/2944/2154 4456/2943/2153
f 4456/2943/2153 2323/2944/2154 515/660/594 2319/659/593
f 2322/2941/2152 4456/2943/2153 2319/659/593 514/658/592
f 130/517/1 1550/2945/2155 4457/2946/2156 2323/2944/2154
f 1550/2945/2155 129/653/2157 2324/2947/2158 4457/2946/2156
f 4457/2946/2156 2324/2947/2158 516/662/596 2320/661/595
f 2323/2944/2154 4457/2946/2156 2320/661/595 515/660/594
f 129/653/2157 1677/652/2159 4458/2948/2160 2324/2947/2158
f 1677/652/2159 256/651/2148 2321/2940/2151 4458/2948/2160
f 4458/2948/2160 2321/2940/2151 513/654/588 2318/657/591
f 2324/2947/2158 4458/2948/2160 2318/657/591 516/662/596
f 254/667/2161 1674/2949/2162 4459/2950/2163 2329/2951/2164
f 1674/2949/2162 253/375/560 2330/2952/2165 4459/2950/2163
f 4459/2950/2163 2330/2952/2165 518/673/607 2325/670/604
f 2329/2951/2164 4459/2950/2163 2325/670/604 517/669/603
f 253/375/560 1680/507/563 4460/2953/2166 2330/2952/2165
f 1680/507/563 255/511/570 2331/2954/2167 4460/2953/2166
f 4460/2953/2166 2331/2954/2167 519/675/609 2327/674/608
f 2330/2952/2165 4460/2953/2166 2327/674/608 518/673/607
f 255/511/570 1676/2938/2149 4461/2955/2168 2331/2954/2167
f 1676/2938/2149 256/651/2148 2332/2956/2169 4461/2955/2168
f 4461/2955/2168 2332/2956/2169 520/677/611 2328/676/610
f 2331/2954/2167 4461/2955/2168 2328/676/610 519/675/609
f 256/651/2148 1679/668/2170 4462/2957/2171 2332/2956/2169
f 1679/668/2170 254/667/2161 2329/2951/2164 4462/2957/2171
f 4462/2957/2171 2329/2951/2164 517/669/603 2326/672/606
f 2332/2956/2169 4462/2957/2171 2326/672/606 520/677/611
f 252/682/2172 1672/2958/2173 4463/2959/2174 2337/2960/2175
f 1672/2958/2173 251/369/551 2338/2961/2176 4463/2959/2174
f 4463/2959/2174 2338/2961/2176 522/688/621 2333/685/618
f 2337/2960/2175 4463/2959/2174 2333/685/618 521/684/617
f 251/369/551 1682/371/553 4464/2962/2177 2338/2961/2176
f 1682/371/553 253/375/560 2339/2963/2178 4464/2962/2177
f 4464/2962/2177 2339/2963/2178 523/690/623 2335/689/622
f 2338/2961/2176 4464/2962/2177 2335/689/622 522/688/621
f 253/375/560 1674/2949/2162 4465/2964/2179 2339/2963/2178
f 1674/2949/2162 254/667/2161 2340/2965/2180 4465/2964/2179
f 4465/2964/2179 2340/2965/2180 524/692/625 2336/691/624
f 2339/2963/2178 4465/2964/2179 2336/691/624 523/690/623
f 254/667/2161 1681/683/2181 4466/2966/2182 2340/2965/2180
f 1681/683/2181 252/682/2172 2337/2960/2175 4466/2966/2182
f 4466/2966/2182 2337/2960/2175 521/684/617 2334/687/620
f 2340/2965/2180 4466/2966/2182 2334/687/620 524/692/625
f 250/697/652 1670/716/651 4467/2967/2183 2345/2968/2184
f 1670/716/651 249/363/542 2346/2969/2185 4467/2967/2183
f 4467/2967/2183 2346/2969/2185 526/703/636 2341/700/633
f 2345/2968/2184 4467/2967/2183 2341/700/633 525/699/632
f 249/363/542 1684/365/544 4468/2970/2186 2346/2969/2185
f 1684/365/544 251/369/551 2347/2971/2187 4468/2970/2186
f 4468/2970/2186 2347/2971/2187 527/705/638 2343/704/637
f 2346/2969/2185 4468/2970/2186 2343/704/637 526/703/636
f 251/369/551 1672/2958/2173 4469/2972/2188 2347/2971/2187
f 1672/2958/2173 252/682/2172 2348/2973/2189 4469/2972/2188
f 4469/2972/2188 2348/2973/2189 528/707/640 2344/706/639
f 2347/2971/2187 4469/2972/2188 2344/706/639 527/705/638
f 252/682/2172 1683/698/2190 4470/2974/2191 2348/2973/2189
f 1683/698/2190 250/697/652 2345/2968/2184 4470/2974/2191
f 4470/2974/2191 2345/2968/2184 525/699/632 2342/702/635
f 2348/2973/2189 4470/2974/2191 2342/702/635 528/707/640
f 246/721/2192 1666/2975/2193 4471/2976/2194 2353/2977/2195
f 1666/2975/2193 245/351/524 2354/2978/2196 4471/2976/2194
f 4471/2976/2194 2354/2978/2196 530/727/663 2349/724/660
f 2353/2977/2195 4471/2976/2194 2349/724/660 529/723/659
f 245/351/524 1688/353/526 4472/2979/2197 2354/2978/2196
f 1688/353/526 247/357/533 2355/2980/2198 4472/2979/2197
f 4472/2979/2197 2355/2980/2198 531/729/665 2351/728/664
f 2354/2978/2196 4472/2979/2197 2351/728/664 530/727/663
f 247/357/533 1668/714/648 4473/2981/2199 2355/2980/2198
f 1668/714/648 248/712/647 2356/2982/2200 4473/2981/2199
f 4473/2981/2199 2356/2982/2200 532/731/667 2352/730/666
f 2355/2980/2198 4473/2981/2199 2352/730/666 531/729/665
f 248/712/647 1687/722/2201 4474/2983/2202 2356/2982/2200
f 1687/722/2201 246/721/2192 2353/2977/2195 4474/2983/2202
f 4474/2983/2202 2353/2977/2195 529/723/659 2350/726/662
f 2356/2982/2200 4474/2983/2202 2350/726/662 532/731/667
f 244/736/2203 1664/2984/2204 4475/2985/2205 2361/2986/2206
f 1664/2984/2204 243/345/515 2362/2987/2207 4475/2985/2205
f 4475/2985/2205 2362/2987/2207 534/742/678 2357/739/675
f 2361/2986/2206 4475/2985/2205 2357/739/675 533/738/674
f 243/345/515 1690/2988/517 4476/2989/2208 2362/2987/2207
f 1690/2988/517 245/351/524 2363/2990/2209 4476/2989/2208
f 4476/2989/2208 2363/2990/2209 535/744/680 2359/743/679
f 2362/2987/2207 4476/2989/2208 2359/743/679 534/742/678
f 245/351/524 1666/2975/2193 4477/2991/2210 2363/2990/2209
f 1666/2975/2193 246/721/2192 2364/2992/2211 4477/2991/2210
f 4477/2991/2210 2364/2992/2211 536/746/682 2360/745/681
f 2363/2990/2209 4477/2991/2210 2360/745/681 535/744/680
f 246/721/2192 1689/737/2212 4478/2993/2213 2364/2992/2211
f 1689/737/2212 244/736/2203 2361/2986/2206 4478/2993/2213
f 4478/2993/2213 2361/2986/2206 533/738/674 2358/741/677
f 2364/2992/2211 4478/2993/2213 2358/741/677 536/746/682
f 242/751/2214 1662/2994/2215 4479/2995/2216 2369/2996/2217
f 1662/2994/2215 241/339/506 2370/2997/2218 4479/2995/2216
f 4479/2995/2216 2370/2997/2218 538/757/692 2365/754/689
f 2369/2996/2217 4479/2995/2216 2365/754/689 537/753/688
f 241/339/506 1692/341/508 4480/2998/2219 2370/2997/2218
f 1692/341/508 243/345/515 2371/2999/2220 4480/2998/2219
f 4480/2998/2219 2371/2999/2220 539/759/694 2367/758/693
f 2370/2997/2218 4480/2998/2219 2367/758/693 538/757/692
f 243/345/515 1664/2984/2204 4481/3000/2221 2371/2999/2220
f 1664/2984/2204 244/736/2203 2372/3001/2222 4481/3000/2221
f 4481/3000/2221 2372/3001/2222 540/761/696 2368/760/695
f 2371/2999/2220 4481/3000/2221 2368/760/695 539/759/694
f 244/736/2203 1691/752/2223 4482/3002/2224 2372/3001/2222
f 1691/752/2223 242/751/2214 2369/2996/2217 4482/3002/2224
f 4482/3002/2224 2369/2996/2217 537/753/688 2366/756/691
f 2372/3001/2222 4482/3002/2224 2366/756/691 540/761/696
f 367/784/721 1522/783/720 4483/3003/2225 2377/3004/2226
f 1522/783/2227 240/782/2227 2378/3005/2227 4483/3003/2227
f 4483/3003/2225 2378/3005/2228 542/762/2228 2373/763/2229
f 2377/3004/2226 4483/3003/2225 2373/763/2229 541/762/2230
f 240/782/2231 1693/3006/2232 4484/3007/2233 2378/3005/2234
f 1693/3006/2232 242/751/2214 2379/3008/2235 4484/3007/2233
f 4484/3007/2233 2379/3008/2235 543/765/2236 2375/764/2237
f 2378/3005/2234 4484/3007/2233 2375/764/2237 542/762/2238
f 242/751/2239 1525/748/2239 4485/3009/2239 2379/3008/2239
f 1525/748/683 369/747/597 2380/3010/2240 4485/3009/2241
f 4485/3009/2241 2380/3010/2240 544/765/2242 2376/766/2243
f 2379/3008/2244 4485/3009/2241 2376/766/2243 543/765/2244
f 369/747/597 1523/764/1582 4486/764/2245 2380/3010/2240
f 1523/764/1582 367/784/721 2377/3004/2226 4486/764/2245
f 4486/764/2245 2377/3004/2226 541/762/2230 2374/764/2246
f 2380/3010/2240 4486/764/2245 2374/764/2246 544/765/2242
f 240/782/2231 1660/3011/2247 4487/3012/2248 2385/3013/2249
f 1660/3011/2247 239/333/497 2386/3014/2250 4487/3012/2248
f 4487/3012/2248 2386/3014/2250 546/771/708 2381/768/705
f 2385/3013/2249 4487/3012/2248 2381/768/705 545/767/704
f 239/333/497 1694/335/499 4488/3015/2251 2386/3014/2250
f 1694/335/499 241/339/506 2387/3016/2252 4488/3015/2251
f 4488/3015/2251 2387/3016/2252 547/773/710 2383/772/709
f 2386/3014/2250 4488/3015/2251 2383/772/709 546/771/708
f 241/339/506 1662/2994/2215 4489/3017/2253 2387/3016/2252
f 1662/2994/2215 242/751/2214 2388/3018/2254 4489/3017/2253
f 4489/3017/2253 2388/3018/2254 548/775/712 2384/774/711
f 2387/3016/2252 4489/3017/2253 2384/774/711 547/773/710
f 242/751/2214 1693/3006/2232 4490/3019/2255 2388/3018/2254
f 1693/3006/2232 240/782/2231 2385/3013/2249 4490/3019/2255
f 4490/3019/2255 2385/3013/2249 545/767/704 2382/770/707
f 2388/3018/2254 4490/3019/2255 2382/770/707 548/775/712
f 238/780/2256 1658/3020/2257 4491/3021/2258 2393/3022/2259
f 1658/3020/2257 237/327/488 2394/3023/2260 4491/3021/2258
f 4491/3021/2258 2394/3023/2260 550/789/726 2389/786/723
f 2393/3022/2259 4491/3021/2258 2389/786/723 549/785/722
f 237/327/488 1696/329/490 4492/3024/2261 2394/3023/2260
f 1696/329/490 239/333/497 2395/3025/2262 4492/3024/2261
f 4492/3024/2261 2395/3025/2262 551/791/728 2391/790/727
f 2394/3023/2260 4492/3024/2261 2391/790/727 550/789/726
f 239/333/497 1660/3011/2247 4493/3026/2263 2395/3025/2262
f 1660/3011/2247 240/782/2231 2396/3027/2264 4493/3026/2263
f 4493/3026/2263 2396/3027/2264 552/793/730 2392/792/729
f 2395/3025/2262 4493/3026/2263 2392/792/729 551/791/728
f 240/782/2231 1695/781/2265 4494/3028/2266 2396/3027/2264
f 1695/781/2265 238/780/2256 2393/3022/2259 4494/3028/2266
f 4494/3028/2266 2393/3022/2259 549/785/722 2390/788/725
f 2396/3027/2264 4494/3028/2266 2390/788/725 552/793/730
f 236/798/2267 1656/3029/2268 4495/3030/2269 2401/3031/2270
f 1656/3029/2268 235/321/479 2402/3032/2271 4495/3030/2269
f 4495/3030/2269 2402/3032/2271 554/804/740 2397/801/737
f 2401/3031/2270 4495/3030/2269 2397/801/737 553/800/736
f 235/321/479 1698/3033/481 4496/3034/2272 2402/3032/2271
f 1698/3033/481 237/327/488 2403/3035/2273 4496/3034/2272
f 4496/3034/2272 2403/3035/2273 555/806/742 2399/3036/741
f 2402/3032/2271 4496/3034/2272 2399/3036/741 554/804/740
f 237/327/488 1658/3020/2257 4497/3037/2274 2403/3035/2273
f 1658/3020/2257 238/780/2256 2404/3038/2275 4497/3037/2274
f 4497/3037/2274 2404/3038/2275 556/808/744 2400/807/743
f 2403/3035/2273 4497/3037/2274 2400/807/743 555/806/742
f 238/780/2256 1697/799/2276 4498/3039/2277 2404/3038/2275
f 1697/799/2276 236/798/2267 2401/3031/2270 4498/3039/2277
f 4498/3039/2277 2401/3031/2270 553/800/736 2398/3040/739
f 2404/3038/2275 4498/3039/2277 2398/3040/739 556/808/744
f 361/3041/1538 1513/3042/2278 4499/3043/2279 2409/3044/2280
f 1513/3042/2281 234/3045/2281 2410/3046/2282 4499/3043/2282
f 4499/3043/2279 2410/3046/2283 558/809/2283 2405/810/2284
f 2409/3044/2280 4499/3043/2279 2405/810/2284 557/809/2285
f 234/3045/2286 1699/3047/2287 4500/3048/2288 2410/3046/2289
f 1699/3047/2287 236/798/2267 2411/3049/2290 4500/3048/2288
f 4500/3048/2288 2411/3049/2290 559/812/2291 2407/811/2292
f 2410/3046/2289 4500/3048/2288 2407/811/2292 558/809/2293
f 236/798/2294 1516/795/2294 4501/3050/2294 2411/3049/2294
f 1516/795/731 363/794/653 2412/3051/2295 4501/3050/2296
f 4501/3050/2296 2412/3051/2295 560/812/2297 2408/813/2298
f 2411/3049/2299 4501/3050/2296 2408/813/2298 559/812/2300
f 363/794/653 1514/811/2301 4502/811/2302 2412/3051/2295
f 1514/811/2301 361/3041/1538 2409/3044/2280 4502/811/2302
f 4502/811/2302 2409/3044/2280 557/809/2285 2406/811/2303
f 2412/3051/2295 4502/811/2302 2406/811/2303 560/812/2297
f 234/3045/2286 1654/3052/2304 4503/3053/2305 2417/3054/2306
f 1654/3052/2304 233/315/470 2418/3055/2307 4503/3053/2305
f 4503/3053/2305 2418/3055/2307 562/818/756 2413/815/753
f 2417/3054/2306 4503/3053/2305 2413/815/753 561/814/752
f 233/315/470 1700/317/472 4504/3056/2308 2418/3055/2307
f 1700/317/472 235/321/479 2419/3057/2309 4504/3056/2308
f 4504/3056/2308 2419/3057/2309 563/820/758 2415/819/757
f 2418/3055/2307 4504/3056/2308 2415/819/757 562/818/756
f 235/321/479 1656/3029/2268 4505/3058/2310 2419/3057/2309
f 1656/3029/2268 236/798/2267 2420/3059/2311 4505/3058/2310
f 4505/3058/2310 2420/3059/2311 564/822/760 2416/821/759
f 2419/3057/2309 4505/3058/2310 2416/821/759 563/820/758
f 236/798/2267 1699/3047/2287 4506/3060/2312 2420/3059/2311
f 1699/3047/2287 234/3045/2286 2417/3054/2306 4506/3060/2312
f 4506/3060/2312 2417/3054/2306 561/814/752 2414/817/755
f 2420/3059/2311 4506/3060/2312 2414/817/755 564/822/760
f 359/3061/1538 1510/3062/2313 4507/3063/2314 2425/3064/2315
f 1510/3062/2316 232/3065/2316 2426/3066/2317 4507/3063/2317
f 4507/3063/2314 2426/3066/2318 566/823/2318 2421/824/2319
f 2425/3064/2315 4507/3063/2314 2421/824/2319 565/823/2320
f 232/3065/2321 1701/3067/2322 4508/3068/2323 2426/3066/2324
f 1701/3067/2322 234/3045/2286 2427/3069/2325 4508/3068/2323
f 4508/3068/2323 2427/3069/2325 567/826/2326 2423/825/2327
f 2426/3066/2324 4508/3068/2323 2423/825/2327 566/823/2328
f 234/3045/2281 1513/3042/2281 4509/3070/2329 2427/3069/2329
f 1513/3042/2278 361/3041/1538 2428/3071/2330 4509/3070/2331
f 4509/3070/2331 2428/3071/2330 568/826/2332 2424/827/2333
f 2427/3069/2334 4509/3070/2331 2424/827/2333 567/826/2334
f 361/3041/1538 1511/825/850 4510/825/2335 2428/3071/2330
f 1511/825/850 359/3061/1538 2425/3064/2315 4510/825/2335
f 4510/825/2335 2425/3064/2315 565/823/2320 2422/825/2336
f 2428/3071/2330 4510/825/2335 2422/825/2336 568/826/2332
f 232/3065/2321 1652/3072/2337 4511/3073/2338 2433/3074/2339
f 1652/3072/2337 231/309/461 2434/3075/2340 4511/3073/2338
f 4511/3073/2338 2434/3075/2340 570/832/768 2429/829/765
f 2433/3074/2339 4511/3073/2338 2429/829/765 569/828/764
f 231/309/461 1702/311/463 4512/3076/2341 2434/3075/2340
f 1702/311/463 233/315/470 2435/3077/2342 4512/3076/2341
f 4512/3076/2341 2435/3077/2342 571/834/770 2431/833/769
f 2434/3075/2340 4512/3076/2341 2431/833/769 570/832/768
f 233/315/470 1654/3052/2304 4513/3078/2343 2435/3077/2342
f 1654/3052/2304 234/3045/2286 2436/3079/2344 4513/3078/2343
f 4513/3078/2343 2436/3079/2344 572/836/772 2432/835/771
f 2435/3077/2342 4513/3078/2343 2432/835/771 571/834/770
f 234/3045/2286 1701/3067/2322 4514/3080/2345 2436/3079/2344
f 1701/3067/2322 232/3065/2321 2433/3074/2339 4514/3080/2345
f 4514/3080/2345 2433/3074/2339 569/828/764 2430/831/767
f 2436/3079/2344 4514/3080/2345 2430/831/767 572/836/772
f 357/3081/1538 1507/3082/2346 4515/3083/2347 2441/3084/2348
f 1507/3082/2349 230/3085/2349 2442/3086/2350 4515/3083/2350
f 4515/3083/2347 2442/3086/2351 574/837/2351 2437/838/2352
f 2441/3084/2348 4515/3083/2347 2437/838/2352 573/837/2353
f 230/3085/2354 1703/3087/2355 4516/3088/2356 2442/3086/2357
f 1703/3087/2355 232/3065/2321 2443/3089/2358 4516/3088/2356
f 4516/3088/2356 2443/3089/2358 575/840/2359 2439/839/2360
f 2442/3086/2357 4516/3088/2356 2439/839/2360 574/837/2361
f 232/3065/2316 1510/3062/2316 4517/3090/2362 2443/3089/2362
f 1510/3062/2313 359/3061/1538 2444/3091/2363 4517/3090/2364
f 4517/3090/2364 2444/3091/2363 576/840/2365 2440/841/2366
f 2443/3089/2367 4517/3090/2364 2440/841/2366 575/840/2367
f 359/3061/1538 1508/839/2368 4518/839/2369 2444/3091/2363
f 1508/839/2368 357/3081/1538 2441/3084/2348 4518/839/2369
f 4518/839/2369 2441/3084/2348 573/837/2353 2438/839/2370
f 2444/3091/2363 4518/839/2369 2438/839/2370 576/840/2365
f 230/3085/2354 1650/3092/2371 4519/3093/2372 2449/3094/2373
f 1650/3092/2371 229/303/452 2450/3095/2374 4519/3093/2372
f 4519/3093/2372 2450/3095/2374 578/846/782 2445/843/779
f 2449/3094/2373 4519/3093/2372 2445/843/779 577/842/778
f 229/303/452 1704/305/454 4520/3096/2375 2450/3095/2374
f 1704/305/454 231/309/461 2451/3097/2376 4520/3096/2375
f 4520/3096/2375 2451/3097/2376 579/848/784 2447/847/783
f 2450/3095/2374 4520/3096/2375 2447/847/783 578/846/782
f 231/309/461 1652/3072/2337 4521/3098/2377 2451/3097/2376
f 1652/3072/2337 232/3065/2321 2452/3099/2378 4521/3098/2377
f 4521/3098/2377 2452/3099/2378 580/850/786 2448/849/785
f 2451/3097/2376 4521/3098/2377 2448/849/785 579/848/784
f 232/3065/2321 1703/3087/2355 4522/3100/2379 2452/3099/2378
f 1703/3087/2355 230/3085/2354 2449/3094/2373 4522/3100/2379
f 4522/3100/2379 2449/3094/2373 577/842/778 2446/845/781
f 2452/3099/2378 4522/3100/2379 2446/845/781 580/850/786
f 355/3101/1506 1504/3102/2380 4523/3103/2381 2457/3104/2382
f 1504/3102/2383 228/3105/2383 2458/3106/2384 4523/3103/2384
f 4523/3103/2381 2458/3106/2385 582/851/2386 2453/852/2387
f 2457/3104/2382 4523/3103/2381 2453/852/2387 581/851/2388
f 228/3105/2389 1705/3107/2390 4524/3108/2391 2458/3106/2392
f 1705/3107/2390 230/3085/2354 2459/3109/2393 4524/3108/2391
f 4524/3108/2391 2459/3109/2393 583/854/2394 2455/853/2395
f 2458/3106/2392 4524/3108/2391 2455/853/2395 582/851/2396
f 230/3085/2349 1507/3082/2349 4525/3110/2397 2459/3109/2397
f 1507/3082/2346 357/3081/1538 2460/3111/2398 4525/3110/2399
f 4525/3110/2399 2460/3111/2398 584/854/2400 2456/855/2401
f 2459/3109/2402 4525/3110/2399 2456/855/2401 583/854/2402
f 357/3081/1538 1505/853/685 4526/853/2403 2460/3111/2398
f 1505/853/685 355/3101/1506 2457/3104/2382 4526/853/2403
f 4526/853/2403 2457/3104/2382 581/851/2388 2454/853/2404
f 2460/3111/2398 4526/853/2403 2454/853/2404 584/854/2400
f 228/3105/2389 1648/3112/2405 4527/3113/2406 2465/3114/2407
f 1648/3112/2405 227/297/443 2466/3115/2408 4527/3113/2406
f 4527/3113/2406 2466/3115/2408 586/860/798 2461/857/795
f 2465/3114/2407 4527/3113/2406 2461/857/795 585/856/794
f 227/297/443 1706/299/445 4528/3116/2409 2466/3115/2408
f 1706/299/445 229/303/452 2467/3117/2410 4528/3116/2409
f 4528/3116/2409 2467/3117/2410 587/862/800 2463/861/799
f 2466/3115/2408 4528/3116/2409 2463/861/799 586/860/798
f 229/303/452 1650/3092/2371 4529/3118/2411 2467/3117/2410
f 1650/3092/2371 230/3085/2354 2468/3119/2412 4529/3118/2411
f 4529/3118/2411 2468/3119/2412 588/864/802 2464/863/801
f 2467/3117/2410 4529/3118/2411 2464/863/801 587/862/800
f 230/3085/2354 1705/3107/2390 4530/3120/2413 2468/3119/2412
f 1705/3107/2390 228/3105/2389 2465/3114/2407 4530/3120/2413
f 4530/3120/2413 2465/3114/2407 585/856/794 2462/859/797
f 2468/3119/2412 4530/3120/2413 2462/859/797 588/864/802
f 353/3121/1506 1501/3122/2414 4531/3123/2415 2473/3124/2416
f 1501/3122/2417 226/3125/2417 2474/3126/2418 4531/3123/2418
f 4531/3123/2415 2474/3126/2419 590/865/2419 2469/866/2420
f 2473/3124/2416 4531/3123/2415 2469/866/2420 589/865/2421
f 226/3125/2422 1707/3127/2423 4532/3128/2424 2474/3126/2425
f 1707/3127/2423 228/3105/2389 2475/3129/2426 4532/3128/2424
f 4532/3128/2424 2475/3129/2426 591/868/2427 2471/867/2428
f 2474/3126/2425 4532/3128/2424 2471/867/2428 590/865/2429
f 228/3105/2383 1504/3102/2383 4533/3130/2430 2475/3129/2430
f 1504/3102/2380 355/3101/1506 2476/3131/2431 4533/3130/2432
f 4533/3130/2432 2476/3131/2431 592/868/2433 2472/869/2434
f 2475/3129/2435 4533/3130/2432 2472/869/2434 591/868/2435
f 355/3101/1506 1502/867/2436 4534/867/2437 2476/3131/2431
f 1502/867/2436 353/3121/1506 2473/3124/2416 4534/867/2437
f 4534/867/2437 2473/3124/2416 589/865/2421 2470/867/2438
f 2476/3131/2431 4534/867/2437 2470/867/2438 592/868/2433
f 226/3125/2422 1646/3132/2439 4535/3133/2440 2481/3134/2441
f 1646/3132/2439 225/291/434 2482/3135/2442 4535/3133/2440
f 4535/3133/2440 2482/3135/2442 594/874/813 2477/871/810
f 2481/3134/2441 4535/3133/2440 2477/871/810 593/870/809
f 225/291/434 1708/293/436 4536/3136/2443 2482/3135/2442
f 1708/293/436 227/297/443 2483/3137/2444 4536/3136/2443
f 4536/3136/2443 2483/3137/2444 595/876/815 2479/875/814
f 2482/3135/2442 4536/3136/2443 2479/875/814 594/874/813
f 227/297/443 1648/3112/2405 4537/3138/2445 2483/3137/2444
f 1648/3112/2405 228/3105/2389 2484/3139/2446 4537/3138/2445
f 4537/3138/2445 2484/3139/2446 596/878/817 2480/877/816
f 2483/3137/2444 4537/3138/2445 2480/877/816 595/876/815
f 228/3105/2389 1707/3127/2423 4538/3140/2447 2484/3139/2446
f 1707/3127/2423 226/3125/2422 2481/3134/2441 4538/3140/2447
f 4538/3140/2447 2481/3134/2441 593/870/809 2478/873/812
f 2484/3139/2446 4538/3140/2447 2478/873/812 596/878/817
f 351/3141/1506 1498/3142/2448 4539/3143/2449 2489/3144/2450
f 1498/3142/2451 224/3145/2452 2490/3146/2453 4539/3143/2453
f 4539/3143/2449 2490/3146/2454 598/879/2454 2485/880/2455
f 2489/3144/2450 4539/3143/2449 2485/880/2455 597/879/2456
f 224/3145/2457 1709/3147/2458 4540/3148/2459 2490/3146/2460
f 1709/3147/2458 226/3125/2422 2491/3149/2461 4540/3148/2459
f 4540/3148/2459 2491/3149/2461 599/882/2462 2487/881/2463
f 2490/3146/2460 4540/3148/2459 2487/881/2463 598/879/2464
f 226/3125/2417 1501/3122/2417 4541/3150/2465 2491/3149/2465
f 1501/3122/2414 353/3121/1506 2492/3151/2466 4541/3150/2467
f 4541/3150/2467 2492/3151/2466 600/882/2468 2488/883/2469
f 2491/3149/2470 4541/3150/2467 2488/883/2469 599/882/2470
f 353/3121/1506 1499/881/2436 4542/3152/2471 2492/3151/2466
f 1499/881/2436 351/3141/1506 2489/3144/2450 4542/3152/2471
f 4542/3152/2471 2489/3144/2450 597/879/2456 2486/3152/2472
f 2492/3151/2466 4542/3152/2471 2486/3152/2472 600/882/2468
f 224/3145/2457 1644/3153/2473 4543/3154/2474 2497/3155/2475
f 1644/3153/2473 223/285/425 2498/3156/2476 4543/3154/2474
f 4543/3154/2474 2498/3156/2476 602/888/829 2493/885/826
f 2497/3155/2475 4543/3154/2474 2493/885/826 601/884/825
f 223/285/425 1710/287/427 4544/3157/2477 2498/3156/2476
f 1710/287/427 225/291/434 2499/3158/2478 4544/3157/2477
f 4544/3157/2477 2499/3158/2478 603/890/831 2495/889/830
f 2498/3156/2476 4544/3157/2477 2495/889/830 602/888/829
f 225/291/434 1646/3132/2439 4545/3159/2479 2499/3158/2478
f 1646/3132/2439 226/3125/2422 2500/3160/2480 4545/3159/2479
f 4545/3159/2479 2500/3160/2480 604/892/833 2496/891/832
f 2499/3158/2478 4545/3159/2479 2496/891/832 603/890/831
f 226/3125/2422 1709/3161/2458 4546/3162/2481 2500/3160/2480
f 1709/3161/2458 224/3145/2457 2497/3155/2475 4546/3162/2481
f 4546/3162/2481 2497/3155/2475 601/884/825 2494/3163/828
f 2500/3160/2480 4546/3162/2481 2494/3163/828 604/892/833
f 349/915/855 1495/914/854 4547/3164/2482 2505/3165/2483
f 1495/914/2484 222/913/2484 2506/3166/2484 4547/3164/2484
f 4547/3164/2482 2506/3166/2485 606/893/2485 2501/894/2486
f 2505/3165/2483 4547/3164/2482 2501/894/2486 605/893/2104
f 222/913/2487 1711/3167/2488 4548/3168/2489 2506/3166/2490
f 1711/3167/2488 224/3145/2457 2507/3169/2491 4548/3168/2489
f 4548/3168/2489 2507/3169/2491 607/896/2492 2503/895/2493
f 2506/3166/2490 4548/3168/2489 2503/895/2493 606/893/2494
f 224/3145/2452 1498/3142/2451 4549/3170/2495 2507/3169/2495
f 1498/3142/2448 351/3141/1506 2508/3171/2496 4549/3170/2497
f 4549/3170/2497 2508/3171/2496 608/896/2498 2504/897/2499
f 2507/3169/2500 4549/3170/2497 2504/897/2499 607/896/2500
f 351/3141/1506 1496/895/2501 4550/895/2502 2508/3171/2496
f 1496/895/2501 349/915/855 2505/3165/2483 4550/895/2502
f 4550/895/2502 2505/3165/2483 605/893/2104 2502/895/2503
f 2508/3171/2496 4550/895/2502 2502/895/2503 608/896/2498
f 222/913/2487 1642/3172/2504 4551/3173/2505 2513/3174/2506
f 1642/3172/2504 221/279/416 2514/3175/2507 4551/3173/2505
f 4551/3173/2505 2514/3175/2507 610/902/842 2509/899/839
f 2513/3174/2506 4551/3173/2505 2509/899/839 609/898/838
f 221/279/416 1712/281/418 4552/3176/2508 2514/3175/2507
f 1712/281/418 223/285/425 2515/3177/2509 4552/3176/2508
f 4552/3176/2508 2515/3177/2509 611/904/844 2511/903/843
f 2514/3175/2507 4552/3176/2508 2511/903/843 610/902/842
f 223/285/425 1644/3153/2473 4553/3178/2510 2515/3177/2509
f 1644/3153/2473 224/3145/2457 2516/3179/2511 4553/3178/2510
f 4553/3178/2510 2516/3179/2511 612/906/846 2512/905/845
f 2515/3177/2509 4553/3178/2510 2512/905/845 611/904/844
f 224/3145/2457 1711/3167/2488 4554/3180/2512 2516/3179/2511
f 1711/3167/2488 222/913/2487 2513/3174/2506 4554/3180/2512
f 4554/3180/2512 2513/3174/2506 609/898/838 2510/901/841
f 2516/3179/2511 4554/3180/2512 2510/901/841 612/906/846
f 220/911/2513 1640/3181/2514 4555/3182/2515 2521/3183/2516
f 1640/3181/2514 219/273/407 2522/3184/2517 4555/3182/2515
f 4555/3182/2515 2522/3184/2517 614/920/860 2517/917/857
f 2521/3183/2516 4555/3182/2515 2517/917/857 613/916/856
f 219/273/407 1714/275/409 4556/3185/2518 2522/3184/2517
f 1714/275/409 221/279/416 2523/3186/2519 4556/3185/2518
f 4556/3185/2518 2523/3186/2519 615/922/862 2519/3187/861
f 2522/3184/2517 4556/3185/2518 2519/3187/861 614/920/860
f 221/279/416 1642/3172/2504 4557/3188/2520 2523/3186/2519
f 1642/3172/2504 222/913/2487 2524/3189/2521 4557/3188/2520
f 4557/3188/2520 2524/3189/2521 616/924/864 2520/923/863
f 2523/3186/2519 4557/3188/2520 2520/923/863 615/922/862
f 222/913/2487 1713/912/2522 4558/3190/2523 2524/3189/2521
f 1713/912/2522 220/911/2513 2521/3183/2516 4558/3190/2523
f 4558/3190/2523 2521/3183/2516 613/916/856 2518/919/859
f 2524/3189/2521 4558/3190/2523 2518/919/859 616/924/864
f 218/929/2524 1638/3191/2525 4559/3192/2526 2529/3193/2527
f 1638/3191/2525 217/267/398 2530/3194/2528 4559/3192/2526
f 4559/3192/2526 2530/3194/2528 618/935/875 2525/932/872
f 2529/3193/2527 4559/3192/2526 2525/932/872 617/931/871
f 217/267/398 1716/269/400 4560/3195/2529 2530/3194/2528
f 1716/269/400 219/273/407 2531/3196/2530 4560/3195/2529
f 4560/3195/2529 2531/3196/2530 619/937/877 2527/936/876
f 2530/3194/2528 4560/3195/2529 2527/936/876 618/935/875
f 219/273/407 1640/3181/2514 4561/3197/2531 2531/3196/2530
f 1640/3181/2514 220/911/2513 2532/3198/2532 4561/3197/2531
f 4561/3197/2531 2532/3198/2532 620/939/879 2528/938/878
f 2531/3196/2530 4561/3197/2531 2528/938/878 619/937/877
f 220/911/2513 1715/930/2533 4562/3199/2534 2532/3198/2532
f 1715/930/2533 218/929/2524 2529/3193/2527 4562/3199/2534
f 4562/3199/2534 2529/3193/2527 617/931/871 2526/934/874
f 2532/3198/2532 4562/3199/2534 2526/934/874 620/939/879
f 216/944/2535 1636/3200/2536 4563/3201/2537 2537/3202/2538
f 1636/3200/2536 215/261/389 2538/3203/2539 4563/3201/2537
f 4563/3201/2537 2538/3203/2539 622/950/889 2533/947/886
f 2537/3202/2538 4563/3201/2537 2533/947/886 621/946/885
f 215/261/389 1718/263/391 4564/3204/2540 2538/3203/2539
f 1718/263/391 217/267/398 2539/3205/2541 4564/3204/2540
f 4564/3204/2540 2539/3205/2541 623/952/891 2535/951/890
f 2538/3203/2539 4564/3204/2540 2535/951/890 622/950/889
f 217/267/398 1638/3191/2525 4565/3206/2542 2539/3205/2541
f 1638/3191/2525 218/929/2524 2540/3207/2543 4565/3206/2542
f 4565/3206/2542 2540/3207/2543 624/954/893 2536/953/892
f 2539/3205/2541 4565/3206/2542 2536/953/892 623/952/891
f 218/929/2524 1717/945/2544 4566/3208/2545 2540/3207/2543
f 1717/945/2544 216/944/2535 2537/3202/2538 4566/3208/2545
f 4566/3208/2545 2537/3202/2538 621/946/885 2534/949/888
f 2540/3207/2543 4566/3208/2545 2534/949/888 624/954/893
f 214/959/2546 1634/3209/2547 4567/3210/2548 2545/3211/2549
f 1634/3209/2547 213/255/380 2546/3212/2550 4567/3210/2548
f 4567/3210/2548 2546/3212/2550 626/965/902 2541/962/899
f 2545/3211/2549 4567/3210/2548 2541/962/899 625/961/898
f 213/255/380 1720/257/382 4568/3213/2551 2546/3212/2550
f 1720/257/382 215/261/389 2547/3214/2552 4568/3213/2551
f 4568/3213/2551 2547/3214/2552 627/967/904 2543/966/903
f 2546/3212/2550 4568/3213/2551 2543/966/903 626/965/902
f 215/261/389 1636/3200/2536 4569/3215/2553 2547/3214/2552
f 1636/3200/2536 216/944/2535 2548/3216/2554 4569/3215/2553
f 4569/3215/2553 2548/3216/2554 628/969/906 2544/968/905
f 2547/3214/2552 4569/3215/2553 2544/968/905 627/967/904
f 216/944/2535 1719/960/2555 4570/3217/2556 2548/3216/2554
f 1719/960/2555 214/959/2546 2545/3211/2549 4570/3217/2556
f 4570/3217/2556 2545/3211/2549 625/961/898 2542/964/901
f 2548/3216/2554 4570/3217/2556 2542/964/901 628/969/906
f 212/974/2557 1632/3218/2558 4571/3219/2559 2553/3220/2560
f 1632/3218/2558 211/249/371 2554/3221/2561 4571/3219/2559
f 4571/3219/2559 2554/3221/2561 630/980/917 2549/977/914
f 2553/3220/2560 4571/3219/2559 2549/977/914 629/976/913
f 211/249/371 1722/251/373 4572/3222/2562 2554/3221/2561
f 1722/251/373 213/255/380 2555/3223/2563 4572/3222/2562
f 4572/3222/2562 2555/3223/2563 631/982/919 2551/3224/918
f 2554/3221/2561 4572/3222/2562 2551/3224/918 630/980/917
f 213/255/380 1634/3209/2547 4573/3225/2564 2555/3223/2563
f 1634/3209/2547 214/959/2546 2556/3226/2565 4573/3225/2564
f 4573/3225/2564 2556/3226/2565 632/984/921 2552/983/920
f 2555/3223/2563 4573/3225/2564 2552/983/920 631/982/919
f 214/959/2546 1721/3227/2566 4574/3228/2567 2556/3226/2565
f 1721/3227/2566 212/974/2557 2553/3220/2560 4574/3228/2567
f 4574/3228/2567 2553/3220/2560 629/976/913 2550/3229/916
f 2556/3226/2565 4574/3228/2567 2550/3229/916 632/984/921
f 210/989/2568 1630/3230/2569 4575/3231/2570 2561/3232/2571
f 1630/3230/2569 209/243/362 2562/3233/2572 4575/3231/2570
f 4575/3231/2570 2562/3233/2572 634/995/930 2557/992/927
f 2561/3232/2571 4575/3231/2570 2557/992/927 633/991/926
f 209/243/362 1724/245/364 4576/3234/2573 2562/3233/2572
f 1724/245/364 211/249/371 2563/3235/2574 4576/3234/2573
f 4576/3234/2573 2563/3235/2574 635/997/932 2559/996/931
f 2562/3233/2572 4576/3234/2573 2559/996/931 634/995/930
f 211/249/371 1632/3218/2558 4577/3236/2575 2563/3235/2574
f 1632/3218/2558 212/974/2557 2564/3237/2576 4577/3236/2575
f 4577/3236/2575 2564/3237/2576 636/999/934 2560/998/933
f 2563/3235/2574 4577/3236/2575 2560/998/933 635/997/932
f 212/974/2557 1723/990/2577 4578/3238/2578 2564/3237/2576
f 1723/990/2577 210/989/2568 2561/3232/2571 4578/3238/2578
f 4578/3238/2578 2561/3232/2571 633/991/926 2558/994/929
f 2564/3237/2576 4578/3238/2578 2558/994/929 636/999/934
f 208/1004/2579 1628/3239/2580 4579/3240/2581 2569/3241/2582
f 1628/3239/2580 207/237/353 2570/3242/2583 4579/3240/2581
f 4579/3240/2581 2570/3242/2583 638/1010/943 2565/1007/940
f 2569/3241/2582 4579/3240/2581 2565/1007/940 637/1006/939
f 207/237/353 1726/239/355 4580/3243/2584 2570/3242/2583
f 1726/239/355 209/243/362 2571/3244/2585 4580/3243/2584
f 4580/3243/2584 2571/3244/2585 639/1012/945 2567/1011/944
f 2570/3242/2583 4580/3243/2584 2567/1011/944 638/1010/943
f 209/243/362 1630/3230/2569 4581/3245/2586 2571/3244/2585
f 1630/3230/2569 210/989/2568 2572/3246/2587 4581/3245/2586
f 4581/3245/2586 2572/3246/2587 640/1014/947 2568/1013/946
f 2571/3244/2585 4581/3245/2586 2568/1013/946 639/1012/945
f 210/989/2568 1725/3247/2588 4582/3248/2589 2572/3246/2587
f 1725/3247/2588 208/1004/2579 2569/3241/2582 4582/3248/2589
f 4582/3248/2589 2569/3241/2582 637/1006/939 2566/1009/942
f 2572/3246/2587 4582/3248/2589 2566/1009/942 640/1014/947
f 206/1019/2590 1626/3249/2591 4583/3250/2592 2577/3251/2593
f 1626/3249/2591 205/231/344 2578/3252/2594 4583/3250/2592
f 4583/3250/2592 2578/3252/2594 642/1025/957 2573/1022/954
f 2577/3251/2593 4583/3250/2592 2573/1022/954 641/1021/953
f 205/231/344 1728/233/346 4584/3253/2595 2578/3252/2594
f 1728/233/346 207/237/353 2579/3254/2596 4584/3253/2595
f 4584/3253/2595 2579/3254/2596 643/1027/959 2575/1026/958
f 2578/3252/2594 4584/3253/2595 2575/1026/958 642/1025/957
f 207/237/353 1628/3239/2580 4585/3255/2597 2579/3254/2596
f 1628/3239/2580 208/1004/2579 2580/3256/2598 4585/3255/2597
f 4585/3255/2597 2580/3256/2598 644/1029/961 2576/1028/960
f 2579/3254/2596 4585/3255/2597 2576/1028/960 643/1027/959
f 208/1004/2579 1727/1020/2599 4586/3257/2600 2580/3256/2598
f 1727/1020/2599 206/1019/2590 2577/3251/2593 4586/3257/2600
f 4586/3257/2600 2577/3251/2593 641/1021/953 2574/1024/956
f 2580/3256/2598 4586/3257/2600 2574/1024/956 644/1029/961
f 331/1052/984 1468/1051/983 4587/3258/2601 2585/3259/2602
f 1468/1051/2603 204/1050/2603 2586/3260/2603 4587/3258/2603
f 4587/3258/2601 2586/3260/2604 646/1030/2604 2581/1031/2605
f 2585/3259/2602 4587/3258/2601 2581/1031/2605 645/1030/2606
f 204/1050/2607 1729/3261/2608 4588/3262/2609 2586/3260/2610
f 1729/3261/2608 206/1019/2590 2587/3263/2611 4588/3262/2609
f 4588/3262/2609 2587/3263/2611 647/1033/2612 2583/1032/2613
f 2586/3260/2610 4588/3262/2609 2583/1032/2613 646/1030/2614
f 206/1019/2615 1471/1016/2615 4589/3264/2615 2587/3263/2615
f 1471/1016/948 333/1015/855 2588/3265/2616 4589/3264/2617
f 4589/3264/2617 2588/3265/2616 648/1033/2618 2584/1034/2619
f 2587/3263/2620 4589/3264/2617 2584/1034/2619 647/1033/2620
f 333/1015/855 1469/1032/1738 4590/1032/2621 2588/3265/2616
f 1469/1032/1738 331/1052/984 2585/3259/2602 4590/1032/2621
f 4590/1032/2621 2585/3259/2602 645/1030/2606 2582/1032/2622
f 2588/3265/2616 4590/1032/2621 2582/1032/2622 648/1033/2618
f 204/1050/2607 1624/3266/2623 4591/3267/2624 2593/3268/2625
f 1624/3266/2623 203/225/335 2594/3269/2626 4591/3267/2624
f 4591/3267/2624 2594/3269/2626 650/1039/971 2589/1036/968
f 2593/3268/2625 4591/3267/2624 2589/1036/968 649/1035/967
f 203/225/335 1730/227/337 4592/3270/2627 2594/3269/2626
f 1730/227/337 205/231/344 2595/3271/2628 4592/3270/2627
f 4592/3270/2627 2595/3271/2628 651/1041/973 2591/1040/972
f 2594/3269/2626 4592/3270/2627 2591/1040/972 650/1039/971
f 205/231/344 1626/3249/2591 4593/3272/2629 2595/3271/2628
f 1626/3249/2591 206/1019/2590 2596/3273/2630 4593/3272/2629
f 4593/3272/2629 2596/3273/2630 652/1043/975 2592/1042/974
f 2595/3271/2628 4593/3272/2629 2592/1042/974 651/1041/973
f 206/1019/2590 1729/3261/2608 4594/3274/2631 2596/3273/2630
f 1729/3261/2608 204/1050/2607 2593/3268/2625 4594/3274/2631
f 4594/3274/2631 2593/3268/2625 649/1035/967 2590/1038/970
f 2596/3273/2630 4594/3274/2631 2590/1038/970 652/1043/975
f 202/1048/2632 1622/3275/2633 4595/3276/2634 2601/3277/2635
f 1622/3275/2633 201/219/326 2602/3278/2636 4595/3276/2634
f 4595/3276/2634 2602/3278/2636 654/1057/989 2597/1054/986
f 2601/3277/2635 4595/3276/2634 2597/1054/986 653/1053/985
f 201/219/326 1732/221/328 4596/3279/2637 2602/3278/2636
f 1732/221/328 203/225/335 2603/3280/2638 4596/3279/2637
f 4596/3279/2637 2603/3280/2638 655/1059/991 2599/1058/990
f 2602/3278/2636 4596/3279/2637 2599/1058/990 654/1057/989
f 203/225/335 1624/3266/2623 4597/3281/2639 2603/3280/2638
f 1624/3266/2623 204/1050/2607 2604/3282/2640 4597/3281/2639
f 4597/3281/2639 2604/3282/2640 656/1061/993 2600/1060/992
f 2603/3280/2638 4597/3281/2639 2600/1060/992 655/1059/991
f 204/1050/2607 1731/1049/2641 4598/3283/2642 2604/3282/2640
f 1731/1049/2641 202/1048/2632 2601/3277/2635 4598/3283/2642
f 4598/3283/2642 2601/3277/2635 653/1053/985 2598/1056/988
f 2604/3282/2640 4598/3283/2642 2598/1056/988 656/1061/993
f 200/1066/2643 1620/3284/2644 4599/3285/2645 2609/3286/2646
f 1620/3284/2644 199/213/317 2610/3287/2647 4599/3285/2645
f 4599/3285/2645 2610/3287/2647 658/1072/1004 2605/1069/1001
f 2609/3286/2646 4599/3285/2645 2605/1069/1001 657/1068/1000
f 199/213/317 1734/215/319 4600/3288/2648 2610/3287/2647
f 1734/215/319 201/219/326 2611/3289/2649 4600/3288/2648
f 4600/3288/2648 2611/3289/2649 659/1074/1006 2607/1073/1005
f 2610/3287/2647 4600/3288/2648 2607/1073/1005 658/1072/1004
f 201/219/326 1622/3275/2633 4601/3290/2650 2611/3289/2649
f 1622/3275/2633 202/1048/2632 2612/3291/2651 4601/3290/2650
f 4601/3290/2650 2612/3291/2651 660/1076/1008 2608/1075/1007
f 2611/3289/2649 4601/3290/2650 2608/1075/1007 659/1074/1006
f 202/1048/2632 1733/1067/2652 4602/3292/2653 2612/3291/2651
f 1733/1067/2652 200/1066/2643 2609/3286/2646 4602/3292/2653
f 4602/3292/2653 2609/3286/2646 657/1068/1000 2606/1071/1003
f 2612/3291/2651 4602/3292/2653 2606/1071/1003 660/1076/1008
f 198/1081/2654 1618/3293/2655 4603/3294/2656 2617/3295/2657
f 1618/3293/2655 197/207/308 2618/3296/2658 4603/3294/2656
f 4603/3294/2656 2618/3296/2658 662/1087/1019 2613/1084/1016
f 2617/3295/2657 4603/3294/2656 2613/1084/1016 661/1083/1015
f 197/207/308 1736/209/310 4604/3297/2659 2618/3296/2658
f 1736/209/310 199/213/317 2619/3298/2660 4604/3297/2659
f 4604/3297/2659 2619/3298/2660 663/1089/1021 2615/1088/1020
f 2618/3296/2658 4604/3297/2659 2615/1088/1020 662/1087/1019
f 199/213/317 1620/3284/2644 4605/3299/2661 2619/3298/2660
f 1620/3284/2644 200/1066/2643 2620/3300/2662 4605/3299/2661
f 4605/3299/2661 2620/3300/2662 664/1091/1023 2616/1090/1022
f 2619/3298/2660 4605/3299/2661 2616/1090/1022 663/1089/1021
f 200/1066/2643 1735/1082/2663 4606/3301/2664 2620/3300/2662
f 1735/1082/2663 198/1081/2654 2617/3295/2657 4606/3301/2664
f 4606/3301/2664 2617/3295/2657 661/1083/1015 2614/1086/1018
f 2620/3300/2662 4606/3301/2664 2614/1086/1018 664/1091/1023
f 323/3302/1674 1456/3303/2665 4607/3304/2666 2625/3305/2667
f 1456/3303/2668 196/3306/2668 2626/3307/2669 4607/3304/2669
f 4607/3304/2666 2626/3307/2670 666/1092/2670 2621/1093/2671
f 2625/3305/2667 4607/3304/2666 2621/1093/2671 665/1092/2672
f 196/3306/2673 1737/3308/2674 4608/3309/2675 2626/3307/2676
f 1737/3308/2674 198/1081/2654 2627/3310/2677 4608/3309/2675
f 4608/3309/2675 2627/3310/2677 667/1095/2678 2623/1094/2679
f 2626/3307/2676 4608/3309/2675 2623/1094/2679 666/1092/2680
f 198/1081/2681 1459/1078/2681 4609/3311/2681 2627/3310/2681
f 1459/1078/1010 325/1077/1009 2628/3312/2682 4609/3311/2683
f 4609/3311/2683 2628/3312/2682 668/1095/1729 2624/1096/2684
f 2627/3310/2685 4609/3311/2683 2624/1096/2684 667/1095/2685
f 325/1077/1009 1457/1094/1119 4610/1094/2686 2628/3312/2682
f 1457/1094/1119 323/3302/1674 2625/3305/2667 4610/1094/2686
f 4610/1094/2686 2625/3305/2667 665/1092/2672 2622/1094/2687
f 2628/3312/2682 4610/1094/2686 2622/1094/2687 668/1095/1729
f 196/3306/2673 1616/3313/2688 4611/3314/2689 2633/3315/2690
f 1616/3313/2688 195/201/299 2634/3316/2691 4611/3314/2689
f 4611/3314/2689 2634/3316/2691 670/1101/1035 2629/1098/1032
f 2633/3315/2690 4611/3314/2689 2629/1098/1032 669/1097/1031
f 195/201/299 1738/203/301 4612/3317/2692 2634/3316/2691
f 1738/203/301 197/207/308 2635/3318/2693 4612/3317/2692
f 4612/3317/2692 2635/3318/2693 671/1103/1037 2631/1102/1036
f 2634/3316/2691 4612/3317/2692 2631/1102/1036 670/1101/1035
f 197/207/308 1618/3293/2655 4613/3319/2694 2635/3318/2693
f 1618/3293/2655 198/1081/2654 2636/3320/2695 4613/3319/2694
f 4613/3319/2694 2636/3320/2695 672/1105/1039 2632/1104/1038
f 2635/3318/2693 4613/3319/2694 2632/1104/1038 671/1103/1037
f 198/1081/2654 1737/3308/2674 4614/3321/2696 2636/3320/2695
f 1737/3308/2674 196/3306/2673 2633/3315/2690 4614/3321/2696
f 4614/3321/2696 2633/3315/2690 669/1097/1031 2630/1100/1034
f 2636/3320/2695 4614/3321/2696 2630/1100/1034 672/1105/1039
f 321/1128/1063 1453/1127/1062 4615/3322/2697 2641/3323/2698
f 1453/1127/2699 194/1126/2699 2642/3324/2699 4615/3322/2699
f 4615/3322/2697 2642/3324/2700 674/1106/2701 2637/1107/2702
f 2641/3323/2698 4615/3322/2697 2637/1107/2702 673/1106/2703
f 194/1126/2704 1739/3325/2705 4616/3326/2706 2642/3324/2707
f 1739/3325/2705 196/3306/2673 2643/3327/2708 4616/3326/2706
f 4616/3326/2706 2643/3327/2708 675/1109/2709 2639/1108/2710
f 2642/3324/2707 4616/3326/2706 2639/1108/2710 674/1106/2711
f 196/3306/2668 1456/3303/2668 4617/3328/2712 2643/3327/2712
f 1456/3303/2665 323/3302/1674 2644/3329/2713 4617/3328/2714
f 4617/3328/2714 2644/3329/2713 676/1109/2715 2640/1110/2716
f 2643/3327/2717 4617/3328/2714 2640/1110/2716 675/1109/2717
f 323/3302/1674 1454/1108/2718 4618/1108/2719 2644/3329/2713
f 1454/1108/2718 321/1128/1063 2641/3323/2698 4618/1108/2719
f 4618/1108/2719 2641/3323/2698 673/1106/2703 2638/1108/2720
f 2644/3329/2713 4618/1108/2719 2638/1108/2720 676/1109/2715
f 194/1126/2704 1614/3330/2721 4619/3331/2722 2649/3332/2723
f 1614/3330/2721 193/195/290 2650/3333/2724 4619/3331/2722
f 4619/3331/2722 2650/3333/2724 678/1115/1051 2645/1112/1048
f 2649/3332/2723 4619/3331/2722 2645/1112/1048 677/1111/1047
f 193/195/290 1740/197/292 4620/3334/2725 2650/3333/2724
f 1740/197/292 195/201/299 2651/3335/2726 4620/3334/2725
f 4620/3334/2725 2651/3335/2726 679/1117/1053 2647/1116/1052
f 2650/3333/2724 4620/3334/2725 2647/1116/1052 678/1115/1051
f 195/201/299 1616/3313/2688 4621/3336/2727 2651/3335/2726
f 1616/3313/2688 196/3306/2673 2652/3337/2728 4621/3336/2727
f 4621/3336/2727 2652/3337/2728 680/1119/1055 2648/1118/1054
f 2651/3335/2726 4621/3336/2727 2648/1118/1054 679/1117/1053
f 196/3306/2673 1739/3325/2705 4622/3338/2729 2652/3337/2728
f 1739/3325/2705 194/1126/2704 2649/3332/2723 4622/3338/2729
f 4622/3338/2729 2649/3332/2723 677/1111/1047 2646/1114/1050
f 2652/3337/2728 4622/3338/2729 2646/1114/1050 680/1119/1055
f 192/1124/2730 1612/3339/2731 4623/3340/2732 2657/3341/2733
f 1612/3339/2731 191/189/281 2658/3342/2734 4623/3340/2732
f 4623/3340/2732 2658/3342/2734 682/1133/1068 2653/1130/1065
f 2657/3341/2733 4623/3340/2732 2653/1130/1065 681/1129/1064
f 191/189/281 1742/191/283 4624/3343/2735 2658/3342/2734
f 1742/191/283 193/195/290 2659/3344/2736 4624/3343/2735
f 4624/3343/2735 2659/3344/2736 683/1135/1070 2655/3345/1069
f 2658/3342/2734 4624/3343/2735 2655/3345/1069 682/1133/1068
f 193/195/290 1614/3330/2721 4625/3346/2737 2659/3344/2736
f 1614/3330/2721 194/1126/2704 2660/3347/2738 4625/3346/2737
f 4625/3346/2737 2660/3347/2738 684/1137/1072 2656/1136/1071
f 2659/3344/2736 4625/3346/2737 2656/1136/1071 683/1135/1070
f 194/1126/2704 1741/3348/2739 4626/3349/2740 2660/3347/2738
f 1741/3348/2739 192/1124/2730 2657/3341/2733 4626/3349/2740
f 4626/3349/2740 2657/3341/2733 681/1129/1064 2654/1132/1067
f 2660/3347/2738 4626/3349/2740 2654/1132/1067 684/1137/1072
f 317/1160/1093 1447/1159/1092 4627/3350/2741 2665/3351/2742
f 1447/1159/2743 190/1158/2743 2666/3352/2743 4627/3350/2743
f 4627/3350/2741 2666/3352/2744 686/1138/2744 2661/1139/2745
f 2665/3351/2742 4627/3350/2741 2661/1139/2745 685/1138/2746
f 190/1158/2747 1743/3353/2748 4628/3354/2749 2666/3352/2750
f 1743/3353/2748 192/1124/2730 2667/3355/2751 4628/3354/2749
f 4628/3354/2749 2667/3355/2751 687/1141/2752 2663/1140/2753
f 2666/3352/2750 4628/3354/2749 2663/1140/2753 686/1138/2754
f 192/1124/2755 1450/1121/2755 4629/3356/2755 2667/3355/2755
f 1450/1121/1056 319/1120/994 2668/3357/2756 4629/3356/2757
f 4629/3356/2757 2668/3357/2756 688/1141/2758 2664/1142/2759
f 2667/3355/2760 4629/3356/2757 2664/1142/2759 687/1141/2760
f 319/1120/994 1448/1140/2761 4630/1140/2762 2668/3357/2756
f 1448/1140/2761 317/1160/1093 2665/3351/2742 4630/1140/2762
f 4630/1140/2762 2665/3351/2742 685/1138/2746 2662/1140/2763
f 2668/3357/2756 4630/1140/2762 2662/1140/2763 688/1141/2758
f 190/1158/2747 1610/3358/2764 4631/3359/2765 2673/3360/2766
f 1610/3358/2764 189/183/272 2674/3361/2767 4631/3359/2765
f 4631/3359/2765 2674/3361/2767 690/1147/1081 2669/1144/1078
f 2673/3360/2766 4631/3359/2765 2669/1144/1078 689/1143/1077
f 189/183/272 1744/185/274 4632/3362/2768 2674/3361/2767
f 1744/185/274 191/189/281 2675/3363/2769 4632/3362/2768
f 4632/3362/2768 2675/3363/2769 691/1149/1083 2671/1148/1082
f 2674/3361/2767 4632/3362/2768 2671/1148/1082 690/1147/1081
f 191/189/281 1612/3339/2731 4633/3364/2770 2675/3363/2769
f 1612/3339/2731 192/1124/2730 2676/3365/2771 4633/3364/2770
f 4633/3364/2770 2676/3365/2771 692/1151/1085 2672/1150/1084
f 2675/3363/2769 4633/3364/2770 2672/1150/1084 691/1149/1083
f 192/1124/2730 1743/3353/2748 4634/3366/2772 2676/3365/2771
f 1743/3353/2748 190/1158/2747 2673/3360/2766 4634/3366/2772
f 4634/3366/2772 2673/3360/2766 689/1143/1077 2670/1146/1080
f 2676/3365/2771 4634/3366/2772 2670/1146/1080 692/1151/1085
f 188/1156/2773 1608/3367/2774 4635/3368/2775 2681/3369/2776
f 1608/3367/2774 187/177/263 2682/3370/2777 4635/3368/2775
f 4635/3368/2775 2682/3370/2777 694/1165/1098 2677/1162/1095
f 2681/3369/2776 4635/3368/2775 2677/1162/1095 693/1161/1094
f 187/177/263 1746/179/265 4636/3371/2778 2682/3370/2777
f 1746/179/265 189/183/272 2683/3372/2779 4636/3371/2778
f 4636/3371/2778 2683/3372/2779 695/1167/1100 2679/1166/1099
f 2682/3370/2777 4636/3371/2778 2679/1166/1099 694/1165/1098
f 189/183/272 1610/3358/2764 4637/3373/2780 2683/3372/2779
f 1610/3358/2764 190/1158/2747 2684/3374/2781 4637/3373/2780
f 4637/3373/2780 2684/3374/2781 696/1169/1102 2680/1168/1101
f 2683/3372/2779 4637/3373/2780 2680/1168/1101 695/1167/1100
f 190/1158/2747 1745/1157/2782 4638/3375/2783 2684/3374/2781
f 1745/1157/2782 188/1156/2773 2681/3369/2776 4638/3375/2783
f 4638/3375/2783 2681/3369/2776 693/1161/1094 2678/1164/1097
f 2684/3374/2781 4638/3375/2783 2678/1164/1097 696/1169/1102
f 313/1192/1124 1441/1191/1123 4639/3376/2784 2689/3377/2785
f 1441/1191/2786 186/1190/2786 2690/3378/2786 4639/3376/2786
f 4639/3376/2784 2690/3378/2787 698/1170/2787 2685/1171/2788
f 2689/3377/2785 4639/3376/2784 2685/1171/2788 697/1170/2789
f 186/1190/2790 1747/3379/2791 4640/3380/2792 2690/3378/2793
f 1747/3379/2791 188/1156/2773 2691/3381/2794 4640/3380/2792
f 4640/3380/2792 2691/3381/2794 699/1173/2795 2687/1172/2796
f 2690/3378/2793 4640/3380/2792 2687/1172/2796 698/1170/2797
f 188/1156/2798 1444/1153/2798 4641/3382/2798 2691/3381/2798
f 1444/1153/1086 315/1152/984 2692/3383/2799 4641/3382/2800
f 4641/3382/2800 2692/3383/2799 700/1173/2801 2688/1174/2802
f 2691/3381/2803 4641/3382/2800 2688/1174/2802 699/1173/2803
f 315/1152/984 1442/1172/2804 4642/1172/2805 2692/3383/2799
f 1442/1172/2804 313/1192/1124 2689/3377/2785 4642/1172/2805
f 4642/1172/2805 2689/3377/2785 697/1170/2789 2686/1172/2806
f 2692/3383/2799 4642/1172/2805 2686/1172/2806 700/1173/2801
f 186/1190/2790 1606/3384/2807 4643/3385/2808 2697/3386/2809
f 1606/3384/2807 185/171/254 2698/3387/2810 4643/3385/2808
f 4643/3385/2808 2698/3387/2810 702/1179/1111 2693/1176/1108
f 2697/3386/2809 4643/3385/2808 2693/1176/1108 701/1175/1107
f 185/171/254 1748/173/256 4644/3388/2811 2698/3387/2810
f 1748/173/256 187/177/263 2699/3389/2812 4644/3388/2811
f 4644/3388/2811 2699/3389/2812 703/1181/1113 2695/1180/1112
f 2698/3387/2810 4644/3388/2811 2695/1180/1112 702/1179/1111
f 187/177/263 1608/3367/2774 4645/3390/2813 2699/3389/2812
f 1608/3367/2774 188/1156/2773 2700/3391/2814 4645/3390/2813
f 4645/3390/2813 2700/3391/2814 704/1183/1115 2696/1182/1114
f 2699/3389/2812 4645/3390/2813 2696/1182/1114 703/1181/1113
f 188/1156/2773 1747/3379/2791 4646/3392/2815 2700/3391/2814
f 1747/3379/2791 186/1190/2790 2697/3386/2809 4646/3392/2815
f 4646/3392/2815 2697/3386/2809 701/1175/1107 2694/1178/1110
f 2700/3391/2814 4646/3392/2815 2694/1178/1110 704/1183/1115
f 184/1188/2816 1604/3393/2817 4647/3394/2818 2705/3395/2819
f 1604/3393/2817 183/165/245 2706/3396/2820 4647/3394/2818
f 4647/3394/2818 2706/3396/2820 706/1197/1129 2701/1194/1126
f 2705/3395/2819 4647/3394/2818 2701/1194/1126 705/1193/1125
f 183/165/245 1750/3397/247 4648/3398/2821 2706/3396/2820
f 1750/3397/247 185/171/254 2707/3399/2822 4648/3398/2821
f 4648/3398/2821 2707/3399/2822 707/1199/1131 2703/1198/1130
f 2706/3396/2820 4648/3398/2821 2703/1198/1130 706/1197/1129
f 185/171/254 1606/3384/2807 4649/3400/2823 2707/3399/2822
f 1606/3384/2807 186/1190/2790 2708/3401/2824 4649/3400/2823
f 4649/3400/2823 2708/3401/2824 708/1201/1133 2704/1200/1132
f 2707/3399/2822 4649/3400/2823 2704/1200/1132 707/1199/1131
f 186/1190/2790 1749/1189/2825 4650/3402/2826 2708/3401/2824
f 1749/1189/2825 184/1188/2816 2705/3395/2819 4650/3402/2826
f 4650/3402/2826 2705/3395/2819 705/1193/1125 2702/1196/1128
f 2708/3401/2824 4650/3402/2826 2702/1196/1128 708/1201/1133
f 182/1206/2827 1602/3403/2828 4651/3404/2829 2713/3405/2830
f 1602/3403/2828 181/159/236 2714/3406/2831 4651/3404/2829
f 4651/3404/2829 2714/3406/2831 710/1212/1143 2709/1209/1140
f 2713/3405/2830 4651/3404/2829 2709/1209/1140 709/1208/1139
f 181/159/236 1752/161/238 4652/3407/2832 2714/3406/2831
f 1752/161/238 183/165/245 2715/3408/2833 4652/3407/2832
f 4652/3407/2832 2715/3408/2833 711/1214/1145 2711/1213/1144
f 2714/3406/2831 4652/3407/2832 2711/1213/1144 710/1212/1143
f 183/165/245 1604/3393/2817 4653/3409/2834 2715/3408/2833
f 1604/3393/2817 184/1188/2816 2716/3410/2835 4653/3409/2834
f 4653/3409/2834 2716/3410/2835 712/1216/1147 2712/1215/1146
f 2715/3408/2833 4653/3409/2834 2712/1215/1146 711/1214/1145
f 184/1188/2816 1751/1207/2836 4654/3411/2837 2716/3410/2835
f 1751/1207/2836 182/1206/2827 2713/3405/2830 4654/3411/2837
f 4654/3411/2837 2713/3405/2830 709/1208/1139 2710/1211/1142
f 2716/3410/2835 4654/3411/2837 2710/1211/1142 712/1216/1147
f 307/3412/1195 1432/3413/2838 4655/3414/2839 2721/3415/2840
f 1432/3413/2841 180/3416/2842 2722/3417/2843 4655/3414/2843
f 4655/3414/2839 2722/3417/2844 714/1217/2844 2717/1218/2845
f 2721/3415/2840 4655/3414/2839 2717/1218/2845 713/1217/2846
f 180/3416/2847 1753/3418/2848 4656/3419/2849 2722/3417/2850
f 1753/3418/2848 182/1206/2827 2723/3420/2851 4656/3419/2849
f 4656/3419/2849 2723/3420/2851 715/1221/2852 2719/1219/2853
f 2722/3417/2850 4656/3419/2849 2719/1219/2853 714/1217/2854
f 182/1206/2855 1435/1203/2855 4657/3421/2855 2723/3420/2855
f 1435/1203/1134 309/1202/1063 2724/3422/2856 4657/3421/2857
f 4657/3421/2857 2724/3422/2856 716/1221/2858 2720/1222/2859
f 2723/3420/2860 4657/3421/2857 2720/1222/2859 715/1221/2860
f 309/1202/1063 1433/1219/2861 4658/1219/2862 2724/3422/2856
f 1433/1219/2861 307/3412/1195 2721/3415/2840 4658/1219/2862
f 4658/1219/2862 2721/3415/2840 713/1217/2846 2718/1219/2863
f 2724/3422/2856 4658/1219/2862 2718/1219/2863 716/1221/2858
f 180/3416/2847 1600/3423/2864 4659/3424/2865 2729/3425/2866
f 1600/3423/2864 179/153/227 2730/3426/2867 4659/3424/2865
f 4659/3424/2865 2730/3426/2867 718/1227/1157 2725/1224/1154
f 2729/3425/2866 4659/3424/2865 2725/1224/1154 717/1223/1153
f 179/153/227 1754/155/229 4660/3427/2868 2730/3426/2867
f 1754/155/229 181/159/236 2731/3428/2869 4660/3427/2868
f 4660/3427/2868 2731/3428/2869 719/1229/1159 2727/3429/1158
f 2730/3426/2867 4660/3427/2868 2727/3429/1158 718/1227/1157
f 181/159/236 1602/3403/2828 4661/3430/2870 2731/3428/2869
f 1602/3403/2828 182/1206/2827 2732/3431/2871 4661/3430/2870
f 4661/3430/2870 2732/3431/2871 720/1231/1161 2728/1230/1160
f 2731/3428/2869 4661/3430/2870 2728/1230/1160 719/1229/1159
f 182/1206/2827 1753/3432/2848 4662/3433/2872 2732/3431/2871
f 1753/3432/2848 180/3416/2847 2729/3425/2866 4662/3433/2872
f 4662/3433/2872 2729/3425/2866 717/1223/1153 2726/3434/1156
f 2732/3431/2871 4662/3433/2872 2726/3434/1156 720/1231/1161
f 305/1254/1183 1429/1253/1182 4663/3435/2873 2737/3436/2874
f 1429/1253/2875 178/1252/2875 2738/3437/2875 4663/3435/2875
f 4663/3435/2873 2738/3437/2876 722/1232/2877 2733/1233/2878
f 2737/3436/2874 4663/3435/2873 2733/1233/2878 721/1232/1901
f 178/1252/2879 1755/3438/2880 4664/3439/2881 2738/3437/2882
f 1755/3438/2880 180/3416/2847 2739/3440/2883 4664/3439/2881
f 4664/3439/2881 2739/3440/2883 723/1235/2884 2735/1234/2885
f 2738/3437/2882 4664/3439/2881 2735/1234/2885 722/1232/2886
f 180/3416/2842 1432/3413/2841 4665/3441/2887 2739/3440/2887
f 1432/3413/2838 307/3412/1195 2740/3442/2888 4665/3441/2889
f 4665/3441/2889 2740/3442/2888 724/1235/2890 2736/1236/2891
f 2739/3440/2892 4665/3441/2889 2736/1236/2891 723/1235/2892
f 307/3412/1195 1430/1234/2893 4666/1234/2894 2740/3442/2888
f 1430/1234/2893 305/1254/1183 2737/3436/2874 4666/1234/2894
f 4666/1234/2894 2737/3436/2874 721/1232/1901 2734/1234/2895
f 2740/3442/2888 4666/1234/2894 2734/1234/2895 724/1235/2890
f 178/1252/2879 1598/3443/2896 4667/3444/2897 2745/3445/2898
f 1598/3443/2896 177/147/218 2746/3446/2899 4667/3444/2897
f 4667/3444/2897 2746/3446/2899 726/1241/1171 2741/1238/1168
f 2745/3445/2898 4667/3444/2897 2741/1238/1168 725/1237/1167
f 177/147/218 1756/149/220 4668/3447/2900 2746/3446/2899
f 1756/149/220 179/153/227 2747/3448/2901 4668/3447/2900
f 4668/3447/2900 2747/3448/2901 727/1243/1173 2743/1242/1172
f 2746/3446/2899 4668/3447/2900 2743/1242/1172 726/1241/1171
f 179/153/227 1600/3423/2864 4669/3449/2902 2747/3448/2901
f 1600/3423/2864 180/3416/2847 2748/3450/2903 4669/3449/2902
f 4669/3449/2902 2748/3450/2903 728/1245/1175 2744/1244/1174
f 2747/3448/2901 4669/3449/2902 2744/1244/1174 727/1243/1173
f 180/3416/2847 1755/3438/2880 4670/3451/2904 2748/3450/2903
f 1755/3438/2880 178/1252/2879 2745/3445/2898 4670/3451/2904
f 4670/3451/2904 2745/3445/2898 725/1237/1167 2742/1240/1170
f 2748/3450/2903 4670/3451/2904 2742/1240/1170 728/1245/1175
f 176/1250/2905 1596/3452/2906 4671/3453/2907 2753/3454/2908
f 1596/3452/2906 175/141/209 2754/3455/2909 4671/3453/2907
f 4671/3453/2907 2754/3455/2909 730/1259/1187 2749/1256/1185
f 2753/3454/2908 4671/3453/2907 2749/1256/1185 729/1255/1184
f 175/141/209 1758/143/211 4672/3456/2910 2754/3455/2909
f 1758/143/211 177/147/218 2755/3457/2911 4672/3456/2910
f 4672/3456/2910 2755/3457/2911 731/1261/1189 2751/1260/1188
f 2754/3455/2909 4672/3456/2910 2751/1260/1188 730/1259/1187
f 177/147/218 1598/3443/2896 4673/3458/2912 2755/3457/2911
f 1598/3443/2896 178/1252/2879 2756/3459/2913 4673/3458/2912
f 4673/3458/2912 2756/3459/2913 732/1263/1191 2752/1262/1190
f 2755/3457/2911 4673/3458/2912 2752/1262/1190 731/1261/1189
f 178/1252/2879 1757/1251/2914 4674/3460/2915 2756/3459/2913
f 1757/1251/2914 176/1250/2905 2753/3454/2908 4674/3460/2915
f 4674/3460/2915 2753/3454/2908 729/1255/1184 2750/1258/1186
f 2756/3459/2913 4674/3460/2915 2750/1258/1186 732/1263/1191
f 174/1268/2916 1594/3461/2917 4675/3462/2918 2761/3463/2919
f 1594/3461/2917 173/135/200 2762/3464/2920 4675/3462/2918
f 4675/3462/2918 2762/3464/2920 734/1274/1202 2757/1271/1199
f 2761/3463/2919 4675/3462/2918 2757/1271/1199 733/1270/1198
f 173/135/200 1760/137/202 4676/3465/2921 2762/3464/2920
f 1760/137/202 175/141/209 2763/3466/2922 4676/3465/2921
f 4676/3465/2921 2763/3466/2922 735/1276/1204 2759/1275/1203
f 2762/3464/2920 4676/3465/2921 2759/1275/1203 734/1274/1202
f 175/141/209 1596/3452/2906 4677/3467/2923 2763/3466/2922
f 1596/3452/2906 176/1250/2905 2764/3468/2924 4677/3467/2923
f 4677/3467/2923 2764/3468/2924 736/1278/1206 2760/1277/1205
f 2763/3466/2922 4677/3467/2923 2760/1277/1205 735/1276/1204
f 176/1250/2905 1759/1269/2925 4678/3469/2926 2764/3468/2924
f 1759/1269/2925 174/1268/2916 2761/3463/2919 4678/3469/2926
f 4678/3469/2926 2761/3463/2919 733/1270/1198 2758/1273/1201
f 2764/3468/2924 4678/3469/2926 2758/1273/1201 736/1278/1206
f 172/1283/2927 1592/3470/2928 4679/3471/2929 2769/3472/2930
f 1592/3470/2928 171/129/191 2770/3473/2931 4679/3471/2929
f 4679/3471/2929 2770/3473/2931 738/1289/1217 2765/1286/1214
f 2769/3472/2930 4679/3471/2929 2765/1286/1214 737/1285/1213
f 171/129/191 1762/131/193 4680/3474/2932 2770/3473/2931
f 1762/131/193 173/135/200 2771/3475/2933 4680/3474/2932
f 4680/3474/2932 2771/3475/2933 739/1291/1219 2767/1290/1218
f 2770/3473/2931 4680/3474/2932 2767/1290/1218 738/1289/1217
f 173/135/200 1594/3461/2917 4681/3476/2934 2771/3475/2933
f 1594/3461/2917 174/1268/2916 2772/3477/2935 4681/3476/2934
f 4681/3476/2934 2772/3477/2935 740/1293/1221 2768/1292/1220
f 2771/3475/2933 4681/3476/2934 2768/1292/1220 739/1291/1219
f 174/1268/2916 1761/1284/2936 4682/3478/2937 2772/3477/2935
f 1761/1284/2936 172/1283/2927 2769/3472/2930 4682/3478/2937
f 4682/3478/2937 2769/3472/2930 737/1285/1213 2766/1288/1216
f 2772/3477/2935 4682/3478/2937 2766/1288/1216 740/1293/1221
f 170/1298/2938 1590/3479/2939 4683/3480/2940 2777/3481/2941
f 1590/3479/2939 169/123/182 2778/3482/2942 4683/3480/2940
f 4683/3480/2940 2778/3482/2942 742/1304/1230 2773/1301/1228
f 2777/3481/2941 4683/3480/2940 2773/1301/1228 741/1300/1227
f 169/123/182 1764/125/184 4684/3483/2943 2778/3482/2942
f 1764/125/184 171/129/191 2779/3484/2944 4684/3483/2943
f 4684/3483/2943 2779/3484/2944 743/1306/1232 2775/1305/1231
f 2778/3482/2942 4684/3483/2943 2775/1305/1231 742/1304/1230
f 171/129/191 1592/3470/2928 4685/3485/2945 2779/3484/2944
f 1592/3470/2928 172/1283/2927 2780/3486/2946 4685/3485/2945
f 4685/3485/2945 2780/3486/2946 744/1308/1234 2776/1307/1233
f 2779/3484/2944 4685/3485/2945 2776/1307/1233 743/1306/1232
f 172/1283/2927 1763/1299/2947 4686/3487/2948 2780/3486/2946
f 1763/1299/2947 170/1298/2938 2777/3481/2941 4686/3487/2948
f 4686/3487/2948 2777/3481/2941 741/1300/1227 2774/1303/1229
f 2780/3486/2946 4686/3487/2948 2774/1303/1229 744/1308/1234
f 295/3488/1518 1414/3489/2949 4687/3490/2950 2785/3491/2951
f 1414/3489/2952 168/3492/2952 2786/3493/2953 4687/3490/2953
f 4687/3490/2950 2786/3493/2954 746/1309/2954 2781/1310/2955
f 2785/3491/2951 4687/3490/2950 2781/1310/2955 745/1309/2956
f 168/3492/2957 1765/3494/2958 4688/3495/2959 2786/3493/2960
f 1765/3494/2958 170/1298/2938 2787/3496/2961 4688/3495/2959
f 4688/3495/2959 2787/3496/2961 747/1312/2962 2783/1311/2963
f 2786/3493/2960 4688/3495/2959 2783/1311/2963 746/1309/2964
f 170/1298/2965 1417/1295/2965 4689/3497/2965 2787/3496/2965
f 1417/1295/1222 297/1294/1124 2788/3498/2966 4689/3497/2967
f 4689/3497/2967 2788/3498/2966 748/1312/2968 2784/1313/2969
f 2787/3496/2970 4689/3497/2967 2784/1313/2969 747/1312/2970
f 297/1294/1124 1415/1311/2971 4690/1311/2972 2788/3498/2966
f 1415/1311/2971 295/3488/1518 2785/3491/2951 4690/1311/2972
f 4690/1311/2972 2785/3491/2951 745/1309/2956 2782/1311/2973
f 2788/3498/2966 4690/1311/2972 2782/1311/2973 748/1312/2968
f 168/3492/2957 1588/3499/2974 4691/3500/2975 2793/3501/2976
f 1588/3499/2974 167/117/173 2794/3502/2977 4691/3500/2975
f 4691/3500/2975 2794/3502/2977 750/1318/1240 2789/1315/1238
f 2793/3501/2976 4691/3500/2975 2789/1315/1238 749/1314/1237
f 167/117/173 1766/3503/175 4692/3504/2978 2794/3502/2977
f 1766/3503/175 169/123/182 2795/3505/2979 4692/3504/2978
f 4692/3504/2978 2795/3505/2979 751/1320/1242 2791/1319/1241
f 2794/3502/2977 4692/3504/2978 2791/1319/1241 750/1318/1240
f 169/123/182 1590/3479/2939 4693/3506/2980 2795/3505/2979
f 1590/3479/2939 170/1298/2938 2796/3507/2981 4693/3506/2980
f 4693/3506/2980 2796/3507/2981 752/1322/1244 2792/1321/1243
f 2795/3505/2979 4693/3506/2980 2792/1321/1243 751/1320/1242
f 170/1298/2938 1765/3494/2958 4694/3508/2982 2796/3507/2981
f 1765/3494/2958 168/3492/2957 2793/3501/2976 4694/3508/2982
f 4694/3508/2982 2793/3501/2976 749/1314/1237 2790/1317/1239
f 2796/3507/2981 4694/3508/2982 2790/1317/1239 752/1322/1244
f 293/3509/1518 1411/3510/2983 4695/3511/2984 2801/3512/2985
f 1411/3510/2986 166/3513/2986 2802/3514/2987 4695/3511/2987
f 4695/3511/2984 2802/3514/2988 754/1323/2988 2797/1324/2989
f 2801/3512/2985 4695/3511/2984 2797/1324/2989 753/1323/2990
f 166/3513/2991 1767/3515/2992 4696/3516/2993 2802/3514/2994
f 1767/3515/2992 168/3492/2957 2803/3517/2995 4696/3516/2993
f 4696/3516/2993 2803/3517/2995 755/1326/2996 2799/1325/2997
f 2802/3514/2994 4696/3516/2993 2799/1325/2997 754/1323/2998
f 168/3492/2952 1414/3489/2952 4697/3518/2999 2803/3517/2999
f 1414/3489/2949 295/3488/1518 2804/3519/2840 4697/3518/3000
f 4697/3518/3000 2804/3519/2840 756/1326/3001 2800/1327/3002
f 2803/3517/3003 4697/3518/3000 2800/1327/3002 755/1326/3003
f 295/3488/1518 1412/1325/3004 4698/1325/3005 2804/3519/2840
f 1412/1325/3004 293/3509/1518 2801/3512/2985 4698/1325/3005
f 4698/1325/3005 2801/3512/2985 753/1323/2990 2798/1325/3006
f 2804/3519/2840 4698/1325/3005 2798/1325/3006 756/1326/3001
f 166/3513/2991 1586/3520/3007 4699/3521/3008 2809/3522/3009
f 1586/3520/3007 165/111/164 2810/3523/3010 4699/3521/3008
f 4699/3521/3008 2810/3523/3010 758/1332/1252 2805/1329/1250
f 2809/3522/3009 4699/3521/3008 2805/1329/1250 757/1328/1249
f 165/111/164 1768/113/166 4700/3524/3011 2810/3523/3010
f 1768/113/166 167/117/173 2811/3525/3012 4700/3524/3011
f 4700/3524/3011 2811/3525/3012 759/1334/1254 2807/1333/1253
f 2810/3523/3010 4700/3524/3011 2807/1333/1253 758/1332/1252
f 167/117/173 1588/3499/2974 4701/3526/3013 2811/3525/3012
f 1588/3499/2974 168/3492/2957 2812/3527/3014 4701/3526/3013
f 4701/3526/3013 2812/3527/3014 760/1336/1256 2808/1335/1255
f 2811/3525/3012 4701/3526/3013 2808/1335/1255 759/1334/1254
f 168/3492/2957 1767/3515/2992 4702/3528/3015 2812/3527/3014
f 1767/3515/2992 166/3513/2991 2809/3522/3009 4702/3528/3015
f 4702/3528/3015 2809/3522/3009 757/1328/1249 2806/1331/1251
f 2812/3527/3014 4702/3528/3015 2806/1331/1251 760/1336/1256
f 291/1359/1278 1408/1358/1277 4703/3529/3016 2817/3530/3017
f 1408/1358/3018 164/1357/3018 2818/3531/3018 4703/3529/3018
f 4703/3529/3016 2818/3531/3019 762/1337/3019 2813/1338/3020
f 2817/3530/3017 4703/3529/3016 2813/1338/3020 761/1337/3021
f 164/1357/3022 1769/3532/3023 4704/3533/3024 2818/3531/3025
f 1769/3532/3023 166/3513/2991 2819/3534/3026 4704/3533/3024
f 4704/3533/3024 2819/3534/3026 763/1340/3027 2815/3535/3028
f 2818/3531/3025 4704/3533/3024 2815/3535/3028 762/1337/3029
f 166/3513/2986 1411/3510/2986 4705/3536/3030 2819/3534/3030
f 1411/3510/2983 293/3509/1518 2820/3537/3031 4705/3536/3032
f 4705/3536/3032 2820/3537/3031 764/1340/3033 2816/1341/3034
f 2819/3534/3035 4705/3536/3032 2816/1341/3034 763/1340/3035
f 293/3509/1518 1409/3535/3036 4706/3535/3037 2820/3537/3031
f 1409/3535/3036 291/1359/1278 2817/3530/3017 4706/3535/3037
f 4706/3535/3037 2817/3530/3017 761/1337/3021 2814/1339/3038
f 2820/3537/3031 4706/3535/3037 2814/1339/3038 764/1340/3033
f 164/1357/3022 1584/3538/3039 4707/3539/3040 2825/3540/3041
f 1584/3538/3039 163/105/155 2826/3541/3042 4707/3539/3040
f 4707/3539/3040 2826/3541/3042 766/1346/1266 2821/1343/1264
f 2825/3540/3041 4707/3539/3040 2821/1343/1264 765/1342/1263
f 163/105/155 1770/107/157 4708/3542/3043 2826/3541/3042
f 1770/107/157 165/111/164 2827/3543/3044 4708/3542/3043
f 4708/3542/3043 2827/3543/3044 767/1348/1268 2823/3544/1267
f 2826/3541/3042 4708/3542/3043 2823/3544/1267 766/1346/1266
f 165/111/164 1586/3520/3007 4709/3545/3045 2827/3543/3044
f 1586/3520/3007 166/3513/2991 2828/3546/3046 4709/3545/3045
f 4709/3545/3045 2828/3546/3046 768/1350/1270 2824/1349/1269
f 2827/3543/3044 4709/3545/3045 2824/1349/1269 767/1348/1268
f 166/3513/2991 1769/3547/3023 4710/3548/3047 2828/3546/3046
f 1769/3547/3023 164/1357/3022 2825/3540/3041 4710/3548/3047
f 4710/3548/3047 2825/3540/3041 765/1342/1263 2822/1345/1265
f 2828/3546/3046 4710/3548/3047 2822/1345/1265 768/1350/1270
f 162/1355/3048 1582/3549/3049 4711/3550/3050 2833/3551/3051
f 1582/3549/3049 161/99/146 2834/3552/3052 4711/3550/3050
f 4711/3550/3050 2834/3552/3052 770/1364/1282 2829/1361/1280
f 2833/3551/3051 4711/3550/3050 2829/1361/1280 769/1360/1279
f 161/99/146 1772/101/148 4712/3553/3053 2834/3552/3052
f 1772/101/148 163/105/155 2835/3554/3054 4712/3553/3053
f 4712/3553/3053 2835/3554/3054 771/1366/1284 2831/1365/1283
f 2834/3552/3052 4712/3553/3053 2831/1365/1283 770/1364/1282
f 163/105/155 1584/3538/3039 4713/3555/3055 2835/3554/3054
f 1584/3538/3039 164/1357/3022 2836/3556/3056 4713/3555/3055
f 4713/3555/3055 2836/3556/3056 772/1368/1286 2832/1367/1285
f 2835/3554/3054 4713/3555/3055 2832/1367/1285 771/1366/1284
f 164/1357/3022 1771/1356/3057 4714/3557/3058 2836/3556/3056
f 1771/1356/3057 162/1355/3048 2833/3551/3051 4714/3557/3058
f 4714/3557/3058 2833/3551/3051 769/1360/1279 2830/1363/1281
f 2836/3556/3056 4714/3557/3058 2830/1363/1281 772/1368/1286
f 287/1392/1308 1402/1391/1307 4715/3558/3059 2841/3559/3060
f 1402/1391/3061 160/1390/3061 2842/3560/3061 4715/3558/3061
f 4715/3558/3059 2842/3560/3062 774/1369/3063 2837/1370/3064
f 2841/3559/3060 4715/3558/3059 2837/1370/3064 773/1369/3065
f 160/1390/3066 1773/3561/3067 4716/3562/3068 2842/3560/3069
f 1773/3561/3067 162/1355/3048 2843/3563/3070 4716/3562/3068
f 4716/3562/3068 2843/3563/3070 775/1373/3071 2839/1372/3072
f 2842/3560/3069 4716/3562/3068 2839/1372/3072 774/1369/3073
f 162/1355/3074 1405/1352/3074 4717/3564/3074 2843/3563/3074
f 1405/1352/1271 289/1351/1183 2844/3565/3075 4717/3564/3076
f 4717/3564/3076 2844/3565/3075 776/1373/3077 2840/1374/3078
f 2843/3563/3079 4717/3564/3076 2840/1374/3078 775/1373/3079
f 289/1351/1183 1403/1372/3080 4718/1372/3081 2844/3565/3075
f 1403/1372/3080 287/1392/1308 2841/3559/3060 4718/1372/3081
f 4718/1372/3081 2841/3559/3060 773/1369/3065 2838/1372/3082
f 2844/3565/3075 4718/1372/3081 2838/1372/3082 776/1373/3077
f 160/1390/3066 1580/3566/3083 4719/3567/3084 2849/3568/3085
f 1580/3566/3083 159/93/137 2850/3569/3086 4719/3567/3084
f 4719/3567/3084 2850/3569/3086 778/1379/1296 2845/1376/1294
f 2849/3568/3085 4719/3567/3084 2845/1376/1294 777/1375/1293
f 159/93/137 1774/95/139 4720/3570/3087 2850/3569/3086
f 1774/95/139 161/99/146 2851/3571/3088 4720/3570/3087
f 4720/3570/3087 2851/3571/3088 779/1381/1298 2847/1380/1297
f 2850/3569/3086 4720/3570/3087 2847/1380/1297 778/1379/1296
f 161/99/146 1582/3549/3049 4721/3572/3089 2851/3571/3088
f 1582/3549/3049 162/1355/3048 2852/3573/3090 4721/3572/3089
f 4721/3572/3089 2852/3573/3090 780/1383/1300 2848/1382/1299
f 2851/3571/3088 4721/3572/3089 2848/1382/1299 779/1381/1298
f 162/1355/3048 1773/3574/3067 4722/3575/3091 2852/3573/3090
f 1773/3574/3067 160/1390/3066 2849/3568/3085 4722/3575/3091
f 4722/3575/3091 2849/3568/3085 777/1375/1293 2846/1378/1295
f 2852/3573/3090 4722/3575/3091 2846/1378/1295 780/1383/1300
f 158/1388/3092 1578/3576/3093 4723/3577/3094 2857/3578/3095
f 1578/3576/3093 157/87/128 2858/3579/3096 4723/3577/3094
f 4723/3577/3094 2858/3579/3096 782/1397/1312 2853/1394/1310
f 2857/3578/3095 4723/3577/3094 2853/1394/1310 781/1393/1309
f 157/87/128 1776/89/130 4724/3580/3097 2858/3579/3096
f 1776/89/130 159/93/137 2859/3581/3098 4724/3580/3097
f 4724/3580/3097 2859/3581/3098 783/1399/1314 2855/1398/1313
f 2858/3579/3096 4724/3580/3097 2855/1398/1313 782/1397/1312
f 159/93/137 1580/3566/3083 4725/3582/3099 2859/3581/3098
f 1580/3566/3083 160/1390/3066 2860/3583/3100 4725/3582/3099
f 4725/3582/3099 2860/3583/3100 784/1401/1316 2856/1400/1315
f 2859/3581/3098 4725/3582/3099 2856/1400/1315 783/1399/1314
f 160/1390/3066 1775/1389/3101 4726/3584/3102 2860/3583/3100
f 1775/1389/3101 158/1388/3092 2857/3578/3095 4726/3584/3102
f 4726/3584/3102 2857/3578/3095 781/1393/1309 2854/1396/1311
f 2860/3583/3100 4726/3584/3102 2854/1396/1311 784/1401/1316
f 283/1424/1308 1396/1423/1336 4727/3585/3103 2865/3586/3104
f 1396/1423/3105 156/1422/3105 2866/3587/3105 4727/3585/3105
f 4727/3585/3103 2866/3587/3106 786/1402/3106 2861/1403/3107
f 2865/3586/3104 4727/3585/3103 2861/1403/3107 785/1402/3108
f 156/1422/3109 1777/3588/3110 4728/3589/3111 2866/3587/3112
f 1777/3588/3110 158/1388/3092 2867/3590/3113 4728/3589/3111
f 4728/3589/3111 2867/3590/3113 787/1405/3114 2863/3591/3115
f 2866/3587/3112 4728/3589/3111 2863/3591/3115 786/1402/3116
f 158/1388/3117 1399/1385/3117 4729/3592/3117 2867/3590/3117
f 1399/1385/1301 285/1384/1183 2868/3593/3118 4729/3592/3119
f 4729/3592/3119 2868/3593/3118 788/1405/3120 2864/1406/3121
f 2867/3590/3122 4729/3592/3119 2864/1406/3121 787/1405/3122
f 285/1384/1183 1397/3591/3123 4730/3591/3124 2868/3593/3118
f 1397/3591/3123 283/1424/1308 2865/3586/3104 4730/3591/3124
f 4730/3591/3124 2865/3586/3104 785/1402/3108 2862/1404/3125
f 2868/3593/3118 4730/3591/3124 2862/1404/3125 788/1405/3120
f 156/1422/3109 1576/3594/3126 4731/3595/3127 2873/3596/3128
f 1576/3594/3126 155/81/119 2874/3597/3129 4731/3595/3127
f 4731/3595/3127 2874/3597/3129 790/1411/1325 2869/1408/1322
f 2873/3596/3128 4731/3595/3127 2869/1408/1322 789/1407/1321
f 155/81/119 1778/83/121 4732/3598/3130 2874/3597/3129
f 1778/83/121 157/87/128 2875/3599/3131 4732/3598/3130
f 4732/3598/3130 2875/3599/3131 791/1413/1327 2871/3600/1326
f 2874/3597/3129 4732/3598/3130 2871/3600/1326 790/1411/1325
f 157/87/128 1578/3576/3093 4733/3601/3132 2875/3599/3131
f 1578/3576/3093 158/1388/3092 2876/3602/3133 4733/3601/3132
f 4733/3601/3132 2876/3602/3133 792/1415/1329 2872/1414/1328
f 2875/3599/3131 4733/3601/3132 2872/1414/1328 791/1413/1327
f 158/1388/3092 1777/3588/3110 4734/3603/3134 2876/3602/3133
f 1777/3588/3110 156/1422/3109 2873/3596/3128 4734/3603/3134
f 4734/3603/3134 2873/3596/3128 789/1407/1321 2870/1410/1324
f 2876/3602/3133 4734/3603/3134 2870/1410/1324 792/1415/1329
f 154/1420/3135 1574/3604/3136 4735/3605/3137 2881/3606/3138
f 1574/3604/3136 153/75/110 2882/3607/3139 4735/3605/3137
f 4735/3605/3137 2882/3607/3139 794/1429/1341 2877/1426/1338
f 2881/3606/3138 4735/3605/3137 2877/1426/1338 793/1425/1337
f 153/75/110 1780/77/112 4736/3608/3140 2882/3607/3139
f 1780/77/112 155/81/119 2883/3609/3141 4736/3608/3140
f 4736/3608/3140 2883/3609/3141 795/1431/1343 2879/1430/1342
f 2882/3607/3139 4736/3608/3140 2879/1430/1342 794/1429/1341
f 155/81/119 1576/3594/3126 4737/3610/3142 2883/3609/3141
f 1576/3594/3126 156/1422/3109 2884/3611/3143 4737/3610/3142
f 4737/3610/3142 2884/3611/3143 796/1433/1345 2880/1432/1344
f 2883/3609/3141 4737/3610/3142 2880/1432/1344 795/1431/1343
f 156/1422/3109 1779/1421/3144 4738/3612/3145 2884/3611/3143
f 1779/1421/3144 154/1420/3135 2881/3606/3138 4738/3612/3145
f 4738/3612/3145 2881/3606/3138 793/1425/1337 2878/1428/1340
f 2884/3611/3143 4738/3612/3145 2878/1428/1340 796/1433/1345
f 152/1438/3146 1572/3613/3147 4739/3614/3148 2889/3615/3149
f 1572/3613/3147 151/69/101 2890/3616/3150 4739/3614/3148
f 4739/3614/3148 2890/3616/3150 798/1444/1355 2885/1441/1352
f 2889/3615/3149 4739/3614/3148 2885/1441/1352 797/1440/1351
f 151/69/101 1782/71/103 4740/3617/3151 2890/3616/3150
f 1782/71/103 153/75/110 2891/3618/3152 4740/3617/3151
f 4740/3617/3151 2891/3618/3152 799/1446/1357 2887/1445/1356
f 2890/3616/3150 4740/3617/3151 2887/1445/1356 798/1444/1355
f 153/75/110 1574/3604/3136 4741/3619/3153 2891/3618/3152
f 1574/3604/3136 154/1420/3135 2892/3620/3154 4741/3619/3153
f 4741/3619/3153 2892/3620/3154 800/1448/1359 2888/1447/1358
f 2891/3618/3152 4741/3619/3153 2888/1447/1358 799/1446/1357
f 154/1420/3135 1781/1439/3155 4742/3621/3156 2892/3620/3154
f 1781/1439/3155 152/1438/3146 2889/3615/3149 4742/3621/3156
f 4742/3621/3156 2889/3615/3149 797/1440/1351 2886/1443/1354
f 2892/3620/3154 4742/3621/3156 2886/1443/1354 800/1448/1359
f 150/1453/3157 1570/3622/3158 4743/3623/3159 2897/3624/3160
f 1570/3622/3158 149/63/92 2898/3625/3161 4743/3623/3159
f 4743/3623/3159 2898/3625/3161 802/1459/1368 2893/1456/1365
f 2897/3624/3160 4743/3623/3159 2893/1456/1365 801/1455/1364
f 149/63/92 1784/65/94 4744/3626/3162 2898/3625/3161
f 1784/65/94 151/69/101 2899/3627/3163 4744/3626/3162
f 4744/3626/3162 2899/3627/3163 803/1461/1370 2895/1460/1369
f 2898/3625/3161 4744/3626/3162 2895/1460/1369 802/1459/1368
f 151/69/101 1572/3613/3147 4745/3628/3164 2899/3627/3163
f 1572/3613/3147 152/1438/3146 2900/3629/3165 4745/3628/3164
f 4745/3628/3164 2900/3629/3165 804/1463/1372 2896/1462/1371
f 2899/3627/3163 4745/3628/3164 2896/1462/1371 803/1461/1370
f 152/1438/3146 1783/1454/3166 4746/3630/3167 2900/3629/3165
f 1783/1454/3166 150/1453/3157 2897/3624/3160 4746/3630/3167
f 4746/3630/3167 2897/3624/3160 801/1455/1364 2894/1458/1367
f 2900/3629/3165 4746/3630/3167 2894/1458/1367 804/1463/1372
f 148/1468/1398 1568/1487/1397 4747/3631/3168 2905/3632/3169
f 1568/1487/1397 147/57/83 2906/3633/3170 4747/3631/3168
f 4747/3631/3168 2906/3633/3170 806/1474/1383 2901/1471/1380
f 2905/3632/3169 4747/3631/3168 2901/1471/1380 805/1470/1379
f 147/57/83 1786/59/85 4748/3634/3171 2906/3633/3170
f 1786/59/85 149/63/92 2907/3635/3172 4748/3634/3171
f 4748/3634/3171 2907/3635/3172 807/1476/1385 2903/1475/1384
f 2906/3633/3170 4748/3634/3171 2903/1475/1384 806/1474/1383
f 149/63/92 1570/3622/3158 4749/3636/3173 2907/3635/3172
f 1570/3622/3158 150/1453/3157 2908/3637/3174 4749/3636/3173
f 4749/3636/3173 2908/3637/3174 808/1478/1387 2904/1477/1386
f 2907/3635/3172 4749/3636/3173 2904/1477/1386 807/1476/1385
f 150/1453/3157 1785/3638/3175 4750/3639/3176 2908/3637/3174
f 1785/3638/3175 148/1468/1398 2905/3632/3169 4750/3639/3176
f 4750/3639/3176 2905/3632/3169 805/1470/1379 2902/1473/1382
f 2908/3637/3174 4750/3639/3176 2902/1473/1382 808/1478/1387
f 265/3640/2033 1369/3641/3177 4751/3642/3178 2913/3643/3179
f 1369/3641/3180 138/3644/3180 2914/3645/3181 4751/3642/3181
f 4751/3642/3178 2914/3645/3182 810/1514/3182 2909/1515/3183
f 2913/3643/3179 4751/3642/3178 2909/1515/3183 809/1514/3184
f 138/3644/3185 1795/3646/3186 4752/3647/3187 2914/3645/3188
f 1795/3646/3186 140/1510/1422 2915/3648/3189 4752/3647/3187
f 4752/3647/3187 2915/3648/3189 811/1517/3190 2911/1516/3191
f 2914/3645/3188 4752/3647/3187 2911/1516/3191 810/1514/3192
f 140/1510/1419 1372/1507/1418 4753/3649/3193 2915/3648/3193
f 1372/1507/1415 267/1506/578 2916/3650/3194 4753/3649/3195
f 4753/3649/3195 2916/3650/3194 812/1517/3196 2912/1518/3197
f 2915/3648/3198 4753/3649/3195 2912/1518/3197 811/1517/3198
f 267/1506/578 1370/1516/3199 4754/1516/3200 2916/3650/3194
f 1370/1516/3199 265/3640/2033 2913/3643/3179 4754/1516/3200
f 4754/1516/3200 2913/3643/3179 809/1514/3184 2910/1516/3201
f 2916/3650/3194 4754/1516/3200 2910/1516/3201 812/1517/3196
f 138/3644/3185 1558/3651/3202 4755/3652/3203 2921/3653/3204
f 1558/3651/3202 137/27/38 2922/3654/3205 4755/3652/3203
f 4755/3652/3203 2922/3654/3205 814/1523/1436 2917/1520/1433
f 2921/3653/3204 4755/3652/3203 2917/1520/1433 813/1519/1432
f 137/27/38 1796/29/40 4756/3655/3206 2922/3654/3205
f 1796/29/40 139/33/47 2923/3656/3207 4756/3655/3206
f 4756/3655/3206 2923/3656/3207 815/1525/1438 2919/1524/1437
f 2922/3654/3205 4756/3655/3206 2919/1524/1437 814/1523/1436
f 139/33/47 1560/1512/1423 4757/3657/3208 2923/3656/3207
f 1560/1512/1423 140/1510/1422 2924/3658/3209 4757/3657/3208
f 4757/3657/3208 2924/3658/3209 816/1527/1440 2920/1526/1439
f 2923/3656/3207 4757/3657/3208 2920/1526/1439 815/1525/1438
f 140/1510/1422 1795/3646/3186 4758/3659/3210 2924/3658/3209
f 1795/3646/3186 138/3644/3185 2921/3653/3204 4758/3659/3210
f 4758/3659/3210 2921/3653/3204 813/1519/1432 2918/1522/1435
f 2924/3658/3209 4758/3659/3210 2918/1522/1435 816/1527/1440
f 263/1550/579 1366/1549/1464 4759/3660/3211 2929/3661/3212
f 1366/1549/3213 136/1548/3213 2930/3662/3213 4759/3660/3213
f 4759/3660/3211 2930/3662/3214 818/1528/3214 2925/1529/3215
f 2929/3661/3212 4759/3660/3211 2925/1529/3215 817/1528/1689
f 136/1548/3216 1797/3663/3217 4760/3664/3218 2930/3662/3219
f 1797/3663/3217 138/3644/3185 2931/3665/3220 4760/3664/3218
f 4760/3664/3218 2931/3665/3220 819/1531/3221 2927/1530/3222
f 2930/3662/3219 4760/3664/3218 2927/1530/3222 818/1528/3223
f 138/3644/3180 1369/3641/3180 4761/3666/3224 2931/3665/3224
f 1369/3641/3177 265/3640/2033 2932/3667/3225 4761/3666/3226
f 4761/3666/3226 2932/3667/3225 820/1531/3227 2928/1532/3228
f 2931/3665/3229 4761/3666/3226 2928/1532/3228 819/1531/3229
f 265/3640/2033 1367/1530/3230 4762/1530/3231 2932/3667/3225
f 1367/1530/3230 263/1550/579 2929/3661/3212 4762/1530/3231
f 4762/1530/3231 2929/3661/3212 817/1528/1689 2926/1530/3232
f 2932/3667/3225 4762/1530/3231 2926/1530/3232 820/1531/3227
f 136/1548/3216 1556/3668/3233 4763/3669/3234 2937/3670/3235
f 1556/3668/3233 135/21/29 2938/3671/3236 4763/3669/3234
f 4763/3669/3234 2938/3671/3236 822/1537/1452 2933/1534/1449
f 2937/3670/3235 4763/3669/3234 2933/1534/1449 821/1533/1448
f 135/21/29 1798/23/31 4764/3672/3237 2938/3671/3236
f 1798/23/31 137/27/38 2939/3673/3238 4764/3672/3237
f 4764/3672/3237 2939/3673/3238 823/1539/1454 2935/1538/1453
f 2938/3671/3236 4764/3672/3237 2935/1538/1453 822/1537/1452
f 137/27/38 1558/3651/3202 4765/3674/3239 2939/3673/3238
f 1558/3651/3202 138/3644/3185 2940/3675/3240 4765/3674/3239
f 4765/3674/3239 2940/3675/3240 824/1541/1456 2936/1540/1455
f 2939/3673/3238 4765/3674/3239 2936/1540/1455 823/1539/1454
f 138/3644/3185 1797/3663/3217 4766/3676/3241 2940/3675/3240
f 1797/3663/3217 136/1548/3216 2937/3670/3235 4766/3676/3241
f 4766/3676/3241 2937/3670/3235 821/1533/1448 2934/1536/1451
f 2940/3675/3240 4766/3676/3241 2934/1536/1451 824/1541/1456
f 134/1546/3242 1554/3677/3243 4767/3678/3244 2945/3679/3245
f 1554/3677/3243 133/15/20 2946/3680/3246 4767/3678/3244
f 4767/3678/3244 2946/3680/3246 826/1555/1469 2941/1552/1466
f 2945/3679/3245 4767/3678/3244 2941/1552/1466 825/1551/1465
f 133/15/20 1800/17/22 4768/3681/3247 2946/3680/3246
f 1800/17/22 135/21/29 2947/3682/3248 4768/3681/3247
f 4768/3681/3247 2947/3682/3248 827/1557/1471 2943/1556/1470
f 2946/3680/3246 4768/3681/3247 2943/1556/1470 826/1555/1469
f 135/21/29 1556/3668/3233 4769/3683/3249 2947/3682/3248
f 1556/3668/3233 136/1548/3216 2948/3684/3250 4769/3683/3249
f 4769/3683/3249 2948/3684/3250 828/1559/1473 2944/1558/1472
f 2947/3682/3248 4769/3683/3249 2944/1558/1472 827/1557/1471
f 136/1548/3216 1799/1547/3251 4770/3685/3252 2948/3684/3250
f 1799/1547/3251 134/1546/3242 2945/3679/3245 4770/3685/3252
f 4770/3685/3252 2945/3679/3245 825/1551/1465 2942/1554/1468
f 2948/3684/3250 4770/3685/3252 2942/1554/1468 828/1559/1473
f 258/3686/600 1360/3687/3253 4771/3688/3254 2953/3689/3255
f 1360/3687/3256 132/3690/3256 2954/3691/3257 4771/3688/3257
f 4771/3688/3254 2954/3691/3258 830/1560/3258 2949/1561/3259
f 2953/3689/3255 4771/3688/3254 2949/1561/3259 829/1560/3260
f 132/3690/3261 1801/3692/3262 4772/3693/3263 2954/3691/3264
f 1801/3692/3262 134/1546/3242 2955/3694/3265 4772/3693/3263
f 4772/3693/3263 2955/3694/3265 831/1563/3266 2951/1562/3267
f 2954/3691/3264 4772/3693/3263 2951/1562/3267 830/1560/3268
f 134/1546/3269 1363/1543/3269 4773/3695/3269 2955/3694/3269
f 1363/1543/1458 261/1542/1457 2956/3696/3270 4773/3695/3271
f 4773/3695/3271 2956/3696/3270 832/1563/2035 2952/1564/3272
f 2955/3694/3273 4773/3695/3271 2952/1564/3272 831/1563/3273
f 261/1542/1457 1361/1562/3274 4774/1562/3275 2956/3696/3270
f 1361/1562/3274 258/3686/600 2953/3689/3255 4774/1562/3275
f 4774/1562/3275 2953/3689/3255 829/1560/3260 2950/1562/3276
f 2956/3696/3270 4774/1562/3275 2950/1562/3276 832/1563/2035
f 132/3690/3261 1552/3697/3277 4775/3698/3278 2961/3699/3279
f 1552/3697/3277 131/9/11 2962/3700/3280 4775/3698/3278
f 4775/3698/3278 2962/3700/3280 834/1569/1483 2957/1566/1481
f 2961/3699/3279 4775/3698/3278 2957/1566/1481 833/1565/1480
f 131/9/11 1802/11/13 4776/3701/3281 2962/3700/3280
f 1802/11/13 133/15/20 2963/3702/3282 4776/3701/3281
f 4776/3701/3281 2963/3702/3282 835/1571/1485 2959/1570/1484
f 2962/3700/3280 4776/3701/3281 2959/1570/1484 834/1569/1483
f 133/15/20 1554/3677/3243 4777/3703/3283 2963/3702/3282
f 1554/3677/3243 134/1546/3242 2964/3704/3284 4777/3703/3283
f 4777/3703/3283 2964/3704/3284 836/1573/1487 2960/1572/1486
f 2963/3702/3282 4777/3703/3283 2960/1572/1486 835/1571/1485
f 134/1546/3242 1801/3705/3262 4778/3706/3285 2964/3704/3284
f 1801/3705/3262 132/3690/3261 2961/3699/3279 4778/3706/3285
f 4778/3706/3285 2961/3699/3279 833/1565/1480 2958/1568/1482
f 2964/3704/3284 4778/3706/3285 2958/1568/1482 836/1573/1487
f 257/3707/587 1549/3707/586 4779/3708/3286 2969/3709/3287
f 1549/3707/3288 129/3707/3288 2970/3709/3288 4779/3708/3288
f 4779/3708/3286 2970/3709/3289 838/1574/3290 2965/1575/3291
f 2969/3709/3287 4779/3708/3286 2965/1575/3291 837/1574/3292
f 129/3707/2157 1803/3710/3293 4780/3711/3294 2970/3709/3295
f 1803/3710/3293 132/3690/3261 2971/3712/3296 4780/3711/3294
f 4780/3711/3294 2971/3712/3296 839/1577/3297 2967/1576/3298
f 2970/3709/3295 4780/3711/3294 2967/1576/3298 838/1574/3299
f 132/3690/3256 1360/3687/3256 4781/3713/3300 2971/3712/3300
f 1360/3687/3253 258/3686/600 2972/3714/3301 4781/3713/3302
f 4781/3713/3302 2972/3714/3301 840/1577/3303 2968/1578/3304
f 2971/3712/3305 4781/3713/3302 2968/1578/3304 839/1577/3305
f 258/3686/600 1357/1576/3306 4782/1576/3307 2972/3714/3301
f 1357/1576/3306 257/3707/587 2969/3709/3287 4782/1576/3307
f 4782/1576/3307 2969/3709/3287 837/1574/3292 2966/1576/3308
f 2972/3714/3301 4782/1576/3307 2966/1576/3308 840/1577/3303
f 129/3707/2157 1550/3715/2155 4783/3716/3309 2977/3717/3310
f 1550/3715/2155 130/1/1 2978/3718/3311 4783/3716/3309
f 4783/3716/3309 2978/3718/3311 842/1583/1497 2973/1580/1495
f 2977/3717/3310 4783/3716/3309 2973/1580/1495 841/1579/1494
f 130/1/1 1804/4/4 4784/3719/3312 2978/3718/3311
f 1804/4/4 131/9/11 2979/3720/3313 4784/3719/3312
f 4784/3719/3312 2979/3720/3313 843/1585/1499 2975/1584/1498
f 2978/3718/3311 4784/3719/3312 2975/1584/1498 842/1583/1497
f 131/9/11 1552/3697/3277 4785/3721/3314 2979/3720/3313
f 1552/3697/3277 132/3690/3261 2980/3722/3315 4785/3721/3314
f 4785/3721/3314 2980/3722/3315 844/1587/1501 2976/1586/1500
f 2979/3720/3313 4785/3721/3314 2976/1586/1500 843/1585/1499
f 132/3690/3261 1803/3710/3293 4786/3723/3316 2980/3722/3315
f 1803/3710/3293 129/3707/2157 2977/3717/3310 4786/3723/3316
f 4786/3723/3316 2977/3717/3310 841/1579/1494 2974/1582/1496
f 2980/3722/3315 4786/3723/3316 2974/1582/1496 844/1587/1501
f 3/2680/561 1805/2677/561 4787/3724/561 2985/3725/561
f 1805/2677/561 1/2676/561 2986/3726/1504 4787/3724/561
f 4787/3724/561 2986/3726/1504 846/518/1504 2981/519/561
f 2985/3725/561 4787/3724/561 2981/519/561 845/522/1502
f 1/2676/561 1934/3727/561 4788/3728/1505 2986/3726/1504
f 1934/3727/641 257/1591/587 2987/3729/3317 4788/3728/3318
f 4788/3728/3318 2987/3729/3317 847/1591/1506 2983/1590/641
f 2986/3726/1504 4788/3728/1505 2983/1590/1505 846/518/1504
f 257/1591/587 1357/1592/3306 4789/3730/1560 2987/3729/3317
f 1357/1592/3306 258/1593/600 2988/3731/3319 4789/3730/1560
f 4789/3730/1560 2988/3731/3319 848/1593/1507 2984/1592/578
f 2987/3729/3317 4789/3730/1560 2984/1592/578 847/1591/1506
f 258/1593/600 1933/3732/578 4790/3733/1837 2988/3731/3319
f 1933/3732/561 3/2680/561 2985/3725/561 4790/3733/1502
f 4790/3733/1502 2985/3725/561 845/522/1502 2982/3734/1503
f 2988/3731/3319 4790/3733/1837 2982/3734/1373 848/1593/1507
f 2/2424/578 1806/2421/578 4791/3735/578 2993/3736/3320
f 1806/2421/578 4/2420/578 2994/3737/3321 4791/3735/578
f 4791/3735/578 2994/3737/3321 850/1598/1510 2989/1595/578
f 2993/3736/3320 4791/3735/578 2989/1595/578 849/1594/1508
f 4/2420/578 1936/3738/1661 4792/3739/3322 2994/3737/3321
f 1936/3738/3323 259/3740/9 2995/3741/3324 4792/3739/3325
f 4792/3739/3325 2995/3741/3324 851/1600/1513 2991/1599/1512
f 2994/3737/3321 4792/3739/3322 2991/1599/1511 850/1598/1510
f 259/3740/9 1358/3742/7 4793/3743/3326 2995/3741/3324
f 1358/3742/7 260/3744/6 2996/3745/3327 4793/3743/3326
f 4793/3743/3326 2996/3745/3327 852/1602/1516 2992/1601/1514
f 2995/3741/3324 4793/3743/3326 2992/1601/1514 851/1600/1513
f 260/3744/6 1935/3746/3328 4794/3747/3329 2996/3745/3327
f 1935/3746/1661 2/2424/578 2993/3736/3320 4794/3747/3330
f 4794/3747/3330 2993/3736/3320 849/1594/1508 2990/1597/1509
f 2996/3745/3327 4794/3747/3329 2990/1597/1515 852/1602/1516
f 5/2684/561 1807/2682/561 4795/3748/561 3001/3749/1502
f 1807/2682/561 3/2680/561 3002/3750/561 4795/3748/561
f 4795/3748/561 3002/3750/561 854/522/1504 2997/523/561
f 3001/3749/1502 4795/3748/561 2997/523/561 853/524/1502
f 3/2680/561 1933/3732/561 4796/3751/1504 3002/3750/561
f 1933/3732/578 258/1593/600 3003/3752/685 4796/3751/1867
f 4796/3751/1867 3003/3752/685 855/1593/1517 2999/1589/641
f 3002/3750/561 4796/3751/1504 2999/1589/1505 854/522/1504
f 258/1593/600 1361/1605/3274 4797/3753/1507 3003/3752/685
f 1361/1605/3274 261/3754/1457 3004/3755/3331 4797/3753/1507
f 4797/3753/1507 3004/3755/3331 856/3754/1518 3000/1605/578
f 3003/3752/685 4797/3753/1507 3000/1605/578 855/1593/1517
f 261/3754/1457 1937/3756/1373 4798/3757/3332 3004/3755/3331
f 1937/3756/561 5/2684/561 3001/3749/1502 4798/3757/1503
f 4798/3757/1503 3001/3749/1502 853/524/1502 2998/1604/1502
f 3004/3755/3331 4798/3757/3332 2998/1604/1373 856/3754/1518
f 4/2420/578 1808/2674/578 4799/3758/578 3009/3759/3333
f 1808/2674/578 6/2672/578 3010/3760/3334 4799/3758/578
f 4799/3758/578 3010/3760/3334 858/1611/1521 3005/1608/578
f 3009/3759/3333 4799/3758/578 3005/1608/578 857/1607/1519
f 6/2672/578 1938/3761/1661 4800/3762/3335 3010/3760/3334
f 1938/3761/3336 262/3763/18 3011/3764/3337 4800/3762/3338
f 4800/3762/3338 3011/3764/3337 859/1613/1524 3007/1612/1523
f 3010/3760/3334 4800/3762/3335 3007/1612/1522 858/1611/1521
f 262/3763/18 1362/3765/16 4801/3766/3339 3011/3764/3337
f 1362/3765/16 259/3740/15 3012/3767/3340 4801/3766/3339
f 4801/3766/3339 3012/3767/3340 860/1615/1527 3008/1614/1525
f 3011/3764/3337 4801/3766/3339 3008/1614/1525 859/1613/1524
f 259/3740/15 1936/3738/3341 4802/3768/3342 3012/3767/3340
f 1936/3738/1661 4/2420/578 3009/3759/3333 4802/3768/3343
f 4802/3768/3343 3009/3759/3333 857/1607/1519 3006/1610/1520
f 3012/3767/3340 4802/3768/3342 3006/1610/1526 860/1615/1527
f 7/2688/561 1809/2686/561 4803/3769/561 3017/3770/1502
f 1809/2686/561 5/2684/561 3018/3771/1504 4803/3769/561
f 4803/3769/561 3018/3771/1504 862/524/1504 3013/525/561
f 3017/3770/1502 4803/3769/561 3013/525/561 861/526/1502
f 5/2684/561 1937/3756/561 4804/3772/1505 3018/3771/1504
f 1937/3756/1373 261/3754/1457 3019/3773/3344 4804/3772/3345
f 4804/3772/3345 3019/3773/3344 863/3754/721 3015/1604/1517
f 3018/3771/1504 4804/3772/1505 3015/1604/1504 862/524/1504
f 261/3754/1457 1364/1618/1460 4805/3774/2033 3019/3773/3344
f 1364/1618/1460 263/1619/579 3020/3775/3346 4805/3774/2033
f 4805/3774/2033 3020/3775/3346 864/1619/1183 3016/1618/578
f 3019/3773/3344 4805/3774/2033 3016/1618/578 863/3754/721
f 263/1619/579 1939/3776/1647 4806/3777/3347 3020/3775/3346
f 1939/3776/561 7/2688/561 3017/3770/1502 4806/3777/1503
f 4806/3777/1503 3017/3770/1502 861/526/1502 3014/1617/1502
f 3020/3775/3346 4806/3777/3347 3014/1617/1507 864/1619/1183
f 6/2672/578 1810/2670/578 4807/3778/578 3025/3779/3348
f 1810/2670/578 8/2668/578 3026/3780/3349 4807/3778/578
f 4807/3778/578 3026/3780/3349 866/1624/1530 3021/1621/578
f 3025/3779/3348 4807/3778/578 3021/1621/578 865/1620/1528
f 8/2668/578 1940/3781/1661 4808/3782/3350 3026/3780/3349
f 1940/3781/3351 264/3783/27 3027/3784/3352 4808/3782/3353
f 4808/3782/3353 3027/3784/3352 867/1626/1533 3023/1625/1532
f 3026/3780/3349 4808/3782/3350 3023/1625/1531 866/1624/1530
f 264/3783/27 1365/3785/25 4809/3786/3354 3027/3784/3352
f 1365/3785/25 262/3763/24 3028/3787/3355 4809/3786/3354
f 4809/3786/3354 3028/3787/3355 868/1628/1536 3024/1627/1534
f 3027/3784/3352 4809/3786/3354 3024/1627/1534 867/1626/1533
f 262/3763/24 1938/3761/3356 4810/3788/3357 3028/3787/3355
f 1938/3761/1661 6/2672/578 3025/3779/3348 4810/3788/3358
f 4810/3788/3358 3025/3779/3348 865/1620/1528 3022/1623/1529
f 3028/3787/3355 4810/3788/3357 3022/1623/1535 868/1628/1536
f 9/2692/561 1811/2690/561 4811/3789/561 3033/3790/561
f 1811/2690/561 7/2688/561 3034/3791/1504 4811/3789/561
f 4811/3789/561 3034/3791/1504 870/526/1504 3029/527/561
f 3033/3790/561 4811/3789/561 3029/527/561 869/528/1502
f 7/2688/561 1939/3776/561 4812/3792/1505 3034/3791/1504
f 1939/3776/1647 263/1619/579 3035/3793/3359 4812/3792/3360
f 4812/3792/3360 3035/3793/3359 871/1619/1538 3031/1617/641
f 3034/3791/1504 4812/3792/1505 3031/1617/1504 870/526/1504
f 263/1619/579 1367/1631/3230 4813/3794/1560 3035/3793/3359
f 1367/1631/3230 265/1632/2033 3036/3795/3361 4813/3794/1560
f 4813/3794/1560 3036/3795/3361 872/1632/1210 3032/1631/578
f 3035/3793/3359 4813/3794/1560 3032/1631/578 871/1619/1538
f 265/1632/2033 1941/3796/578 4814/3797/1877 3036/3795/3361
f 1941/3796/561 9/2692/561 3033/3790/561 4814/3797/1502
f 4814/3797/1502 3033/3790/561 869/528/1502 3030/1630/1537
f 3036/3795/3361 4814/3797/1877 3030/1630/1373 872/1632/1210
f 8/2668/578 1812/2666/578 4815/3798/578 3041/3799/3362
f 1812/2666/578 10/2664/578 3042/3800/3363 4815/3798/578
f 4815/3798/578 3042/3800/3363 874/1637/1541 3037/1634/578
f 3041/3799/3362 4815/3798/578 3037/1634/578 873/1633/1539
f 10/2664/578 1942/3801/626 4816/3802/3364 3042/3800/3363
f 1942/3801/3365 266/3803/36 3043/3804/3366 4816/3802/3367
f 4816/3802/3367 3043/3804/3366 875/1639/1544 3039/1638/1543
f 3042/3800/3363 4816/3802/3364 3039/1638/1542 874/1637/1541
f 266/3803/36 1368/3805/34 4817/3806/3368 3043/3804/3366
f 1368/3805/34 264/3783/33 3044/3807/3369 4817/3806/3368
f 4817/3806/3368 3044/3807/3369 876/1641/1547 3040/1640/1545
f 3043/3804/3366 4817/3806/3368 3040/1640/1545 875/1639/1544
f 264/3783/33 1940/3781/3370 4818/3808/3371 3044/3807/3369
f 1940/3781/1661 8/2668/578 3041/3799/3362 4818/3808/3372
f 4818/3808/3372 3041/3799/3362 873/1633/1539 3038/1636/1540
f 3044/3807/3369 4818/3808/3371 3038/1636/1546 876/1641/1547
f 11/2696/561 1813/2694/561 4819/3809/561 3049/3810/1502
f 1813/2694/561 9/2692/561 3050/3811/561 4819/3809/561
f 4819/3809/561 3050/3811/561 878/528/1504 3045/529/561
f 3049/3810/1502 4819/3809/561 3045/529/561 877/530/1537
f 9/2692/561 1941/3796/561 4820/3812/1504 3050/3811/561
f 1941/3796/578 265/1632/2033 3051/3813/3373 4820/3812/1878
f 4820/3812/1878 3051/3813/3373 879/1632/1549 3047/1630/641
f 3050/3811/561 4820/3812/1504 3047/1630/1548 878/528/1504
f 265/1632/2033 1370/1644/3199 4821/3814/1507 3051/3813/3373
f 1370/1644/3199 267/1645/578 3052/3815/3374 4821/3814/1507
f 4821/3814/1507 3052/3815/3374 880/1645/1518 3048/1644/578
f 3051/3813/3373 4821/3814/1507 3048/1644/578 879/1632/1549
f 267/1645/578 1943/3816/1373 4822/3817/2971 3052/3815/3374
f 1943/3816/561 11/2696/561 3049/3810/1502 4822/3817/1537
f 4822/3817/1537 3049/3810/1502 877/530/1537 3046/1643/1537
f 3052/3815/3374 4822/3817/2971 3046/1643/1550 880/1645/1518
f 10/2664/578 1814/2662/578 4823/3818/578 3057/3819/3375
f 1814/2662/578 12/2660/578 3058/3820/3376 4823/3818/578
f 4823/3818/578 3058/3820/3376 882/1650/1553 3053/1647/578
f 3057/3819/3375 4823/3818/578 3053/1647/578 881/1646/1551
f 12/2660/578 1944/3821/626 4824/3822/3377 3058/3820/3376
f 1944/3821/3378 268/3823/45 3059/3824/3379 4824/3822/3380
f 4824/3822/3380 3059/3824/3379 883/1652/1556 3055/1651/1555
f 3058/3820/3376 4824/3822/3377 3055/1651/1554 882/1650/1553
f 268/3823/45 1371/3825/43 4825/3826/3381 3059/3824/3379
f 1371/3825/43 266/3803/42 3060/3827/3382 4825/3826/3381
f 4825/3826/3381 3060/3827/3382 884/1654/1559 3056/1653/1557
f 3059/3824/3379 4825/3826/3381 3056/1653/1557 883/1652/1556
f 266/3803/42 1942/3801/3383 4826/3828/3384 3060/3827/3382
f 1942/3801/626 10/2664/578 3057/3819/3375 4826/3828/3385
f 4826/3828/3385 3057/3819/3375 881/1646/1551 3054/1649/1552
f 3060/3827/3382 4826/3828/3384 3054/1649/1558 884/1654/1559
f 13/2700/561 1815/2698/561 4827/3829/561 3065/3830/1537
f 1815/2698/561 11/2696/561 3066/3831/1504 4827/3829/561
f 4827/3829/561 3066/3831/1504 886/530/1548 3061/531/561
f 3065/3830/1537 4827/3829/561 3061/531/561 885/532/1537
f 11/2696/561 1943/3816/561 4828/3832/1548 3066/3831/1504
f 1943/3816/1373 267/1645/578 3067/3833/3386 4828/3832/3387
f 4828/3832/3387 3067/3833/3386 887/1645/713 3063/1643/1560
f 3066/3831/1504 4828/3832/1548 3063/1643/1548 886/530/1548
f 267/1645/578 1373/1657/1417 4829/3834/2120 3067/3833/3386
f 1373/1657/1417 269/1658/1009 3068/3835/3388 4829/3834/2120
f 4829/3834/2120 3068/3835/3388 888/1658/1561 3064/1657/578
f 3067/3833/3386 4829/3834/2120 3064/1657/578 887/1645/713
f 269/1658/1009 1945/3836/1647 4830/3837/3389 3068/3835/3388
f 1945/3836/561 13/2700/561 3065/3830/1537 4830/3837/3390
f 4830/3837/3390 3065/3830/1537 885/532/1537 3062/1656/1537
f 3068/3835/3388 4830/3837/3389 3062/1656/1561 888/1658/1561
f 12/2660/578 1816/2658/578 4831/3838/578 3073/3839/3391
f 1816/2658/578 14/2656/578 3074/3840/3392 4831/3838/578
f 4831/3838/578 3074/3840/3392 890/1663/1564 3069/1660/578
f 3073/3839/3391 4831/3838/578 3069/1660/578 889/1659/1562
f 14/2656/578 1946/3841/626 4832/3842/3393 3074/3840/3392
f 1946/3841/3394 270/3843/54 3075/3844/3395 4832/3842/3396
f 4832/3842/3396 3075/3844/3395 891/1665/1567 3071/1664/1566
f 3074/3840/3392 4832/3842/3393 3071/1664/1565 890/1663/1564
f 270/3843/54 1374/3845/52 4833/3846/3397 3075/3844/3395
f 1374/3845/52 268/3823/51 3076/3847/3398 4833/3846/3397
f 4833/3846/3397 3076/3847/3398 892/1667/1570 3072/1666/1568
f 3075/3844/3395 4833/3846/3397 3072/1666/1568 891/1665/1567
f 268/3823/51 1944/3848/3399 4834/3849/3400 3076/3847/3398
f 1944/3848/626 12/2660/578 3073/3839/3391 4834/3849/3401
f 4834/3849/3401 3073/3839/3391 889/1659/1562 3070/1662/1563
f 3076/3847/3398 4834/3849/3400 3070/1662/1569 892/1667/1570
f 15/2704/561 1817/2702/561 4835/3850/561 3081/3851/1537
f 1817/2702/561 13/2700/561 3082/3852/1548 4835/3850/561
f 4835/3850/561 3082/3852/1548 894/532/1548 3077/533/561
f 3081/3851/1537 4835/3850/561 3077/533/561 893/534/1537
f 13/2700/561 1945/3836/561 4836/3853/3402 3082/3852/1548
f 1945/3836/1647 269/1658/1009 3083/3854/3403 4836/3853/3404
f 4836/3853/3404 3083/3854/3403 895/1658/1571 3079/1656/1571
f 3082/3852/1548 4836/3853/3402 3079/1656/1548 894/532/1548
f 269/1658/1009 1376/1670/1408 4837/3855/1457 3083/3854/3403
f 1376/1670/1408 271/3856/1009 3084/3857/3405 4837/3855/1457
f 4837/3855/1457 3084/3857/3405 896/3856/1572 3080/1670/578
f 3083/3854/3403 4837/3855/1457 3080/1670/578 895/1658/1571
f 271/3856/1009 1947/3858/1647 4838/3859/3406 3084/3857/3405
f 1947/3858/561 15/2704/561 3081/3851/1537 4838/3859/3390
f 4838/3859/3390 3081/3851/1537 893/534/1537 3078/1669/1537
f 3084/3857/3405 4838/3859/3406 3078/1669/1572 896/3856/1572
f 14/2656/578 1818/2654/578 4839/3860/578 3089/3861/3407
f 1818/2654/578 16/2652/578 3090/3862/3408 4839/3860/578
f 4839/3860/578 3090/3862/3408 898/1676/1575 3085/1673/578
f 3089/3861/3407 4839/3860/578 3085/1673/578 897/1672/1573
f 16/2652/578 1948/3863/626 4840/3864/3409 3090/3862/3408
f 1948/3863/3410 272/3865/63 3091/3866/3411 4840/3864/3412
f 4840/3864/3412 3091/3866/3411 899/1678/1578 3087/1677/1577
f 3090/3862/3408 4840/3864/3409 3087/1677/1576 898/1676/1575
f 272/3865/63 1377/3867/61 4841/3868/3413 3091/3866/3411
f 1377/3867/61 270/3843/60 3092/3869/3414 4841/3868/3413
f 4841/3868/3413 3092/3869/3414 900/1680/1581 3088/1679/1579
f 3091/3866/3411 4841/3868/3413 3088/1679/1579 899/1678/1578
f 270/3843/60 1946/3841/3415 4842/3870/3416 3092/3869/3414
f 1946/3841/626 14/2656/578 3089/3861/3407 4842/3870/3417
f 4842/3870/3417 3089/3861/3407 897/1672/1573 3086/1675/1574
f 3092/3869/3414 4842/3870/3416 3086/1675/1580 900/1680/1581
f 17/2708/561 1819/2706/561 4843/3871/561 3097/3872/1537
f 1819/2706/561 15/2704/561 3098/3873/1548 4843/3871/561
f 4843/3871/561 3098/3873/1548 902/534/1548 3093/535/561
f 3097/3872/1537 4843/3871/561 3093/535/561 901/536/1537
f 15/2704/561 1947/3858/561 4844/3874/3402 3098/3873/1548
f 1947/3858/1647 271/3856/1009 3099/3875/3418 4844/3874/3419
f 4844/3874/3419 3099/3875/3418 903/3856/1582 3095/1669/1582
f 3098/3873/1548 4844/3874/3402 3095/1669/1548 902/534/1548
f 271/3856/1009 1379/1683/1401 4845/3876/1457 3099/3875/3418
f 1379/1683/1401 273/1684/910 3100/3877/3420 4845/3876/1457
f 4845/3876/1457 3100/3877/3420 904/1684/1583 3096/1683/578
f 3099/3875/3418 4845/3876/1457 3096/1683/578 903/3856/1582
f 273/1684/910 1949/3878/578 4846/3879/3421 3100/3877/3420
f 1949/3878/561 17/2708/561 3097/3872/1537 4846/3879/3422
f 4846/3879/3422 3097/3872/1537 901/536/1537 3094/1682/1537
f 3100/3877/3420 4846/3879/3421 3094/1682/1583 904/1684/1583
f 16/2652/578 1820/2650/578 4847/3880/578 3105/3881/3423
f 1820/2650/578 18/2648/578 3106/3882/3424 4847/3880/578
f 4847/3880/578 3106/3882/3424 906/1689/1586 3101/1686/578
f 3105/3881/3423 4847/3880/578 3101/1686/578 905/1685/1584
f 18/2648/578 1950/3883/626 4848/3884/3425 3106/3882/3424
f 1950/3883/3426 274/3885/72 3107/3886/3427 4848/3884/3428
f 4848/3884/3428 3107/3886/3427 907/1691/1589 3103/1690/1588
f 3106/3882/3424 4848/3884/3425 3103/1690/1587 906/1689/1586
f 274/3885/72 1380/3887/70 4849/3888/3429 3107/3886/3427
f 1380/3887/70 272/3865/69 3108/3889/3430 4849/3888/3429
f 4849/3888/3429 3108/3889/3430 908/1693/1592 3104/1692/1590
f 3107/3886/3427 4849/3888/3429 3104/1692/1590 907/1691/1589
f 272/3865/69 1948/3863/3431 4850/3890/3432 3108/3889/3430
f 1948/3863/626 16/2652/578 3105/3881/3423 4850/3890/3433
f 4850/3890/3433 3105/3881/3423 905/1685/1584 3102/1688/1585
f 3108/3889/3430 4850/3890/3432 3102/1688/1591 908/1693/1592
f 19/2712/561 1821/2710/561 4851/3891/561 3113/3892/1537
f 1821/2710/561 17/2708/561 3114/3893/1548 4851/3891/561
f 4851/3891/561 3114/3893/1548 910/536/1548 3109/537/561
f 3113/3892/1537 4851/3891/561 3109/537/561 909/538/1537
f 17/2708/561 1949/3878/561 4852/3894/3434 3114/3893/1548
f 1949/3878/578 273/1684/910 3115/3895/3435 4852/3894/3436
f 4852/3894/3436 3115/3895/3435 911/1684/1582 3111/1682/1582
f 3114/3893/1548 4852/3894/3434 3111/1682/1548 910/536/1548
f 273/1684/910 1382/1696/1390 4853/3896/1308 3115/3895/3435
f 1382/1696/1390 275/3897/1373 3116/3898/3437 4853/3896/1308
f 4853/3896/1308 3116/3898/3437 912/3897/1583 3112/1696/578
f 3115/3895/3435 4853/3896/1308 3112/1696/578 911/1684/1582
f 275/3897/1373 1951/3899/1373 4854/3900/3438 3116/3898/3437
f 1951/3899/561 19/2712/561 3113/3892/1537 4854/3900/3439
f 4854/3900/3439 3113/3892/1537 909/538/1537 3110/1695/1537
f 3116/3898/3437 4854/3900/3438 3110/1695/1583 912/3897/1583
f 18/2648/578 1822/2646/578 4855/3901/578 3121/3902/3440
f 1822/2646/578 20/2644/578 3122/3903/3441 4855/3901/578
f 4855/3901/578 3122/3903/3441 914/1702/1595 3117/1699/578
f 3121/3902/3440 4855/3901/578 3117/1699/578 913/1698/1593
f 20/2644/578 1952/3904/626 4856/3905/3442 3122/3903/3441
f 1952/3904/3443 276/3906/81 3123/3907/3444 4856/3905/3445
f 4856/3905/3445 3123/3907/3444 915/1704/1598 3119/1703/1597
f 3122/3903/3441 4856/3905/3442 3119/1703/1596 914/1702/1595
f 276/3906/81 1383/3908/79 4857/3909/3446 3123/3907/3444
f 1383/3908/79 274/3885/78 3124/3910/3447 4857/3909/3446
f 4857/3909/3446 3124/3910/3447 916/1706/1601 3120/1705/1599
f 3123/3907/3444 4857/3909/3446 3120/1705/1599 915/1704/1598
f 274/3885/78 1950/3883/3448 4858/3911/3449 3124/3910/3447
f 1950/3883/626 18/2648/578 3121/3902/3440 4858/3911/3450
f 4858/3911/3450 3121/3902/3440 913/1698/1593 3118/1701/1594
f 3124/3910/3447 4858/3911/3449 3118/1701/1600 916/1706/1601
f 21/2716/561 1823/2714/561 4859/3912/561 3129/3913/1537
f 1823/2714/561 19/2712/561 3130/3914/1548 4859/3912/561
f 4859/3912/561 3130/3914/1548 918/538/1548 3125/539/561
f 3129/3913/1537 4859/3912/561 3125/539/561 917/540/1537
f 19/2712/561 1951/3899/561 4860/3915/3451 3130/3914/1548
f 1951/3899/1373 275/3897/1373 3131/3916/3452 4860/3915/3453
f 4860/3915/3453 3131/3916/3452 919/3897/1602 3127/1695/1602
f 3130/3914/1548 4860/3915/3451 3127/1695/1548 918/538/1548
f 275/3897/1373 1385/1709/1376 4861/3917/1308 3131/3916/3452
f 1385/1709/1376 277/1710/1308 3132/3918/3454 4861/3917/1308
f 4861/3917/1308 3132/3918/3454 920/1710/1603 3128/1709/578
f 3131/3916/3452 4861/3917/1308 3128/1709/578 919/3897/1602
f 277/1710/1308 1953/3919/1373 4862/3920/3455 3132/3918/3454
f 1953/3919/561 21/2716/561 3129/3913/1537 4862/3920/3439
f 4862/3920/3439 3129/3913/1537 917/540/1537 3126/1708/1537
f 3132/3918/3454 4862/3920/3455 3126/1708/1603 920/1710/1603
f 20/2644/578 1824/2642/578 4863/3921/578 3137/3922/3456
f 1824/2642/578 22/2640/578 3138/3923/3457 4863/3921/578
f 4863/3921/578 3138/3923/3457 922/1715/1606 3133/1712/578
f 3137/3922/3456 4863/3921/578 3133/1712/578 921/1711/1604
f 22/2640/578 1954/3924/626 4864/3925/3458 3138/3923/3457
f 1954/3924/3459 278/3926/90 3139/3927/3460 4864/3925/3461
f 4864/3925/3461 3139/3927/3460 923/1717/1609 3135/1716/1608
f 3138/3923/3457 4864/3925/3458 3135/1716/1607 922/1715/1606
f 278/3926/90 1386/3928/88 4865/3929/3462 3139/3927/3460
f 1386/3928/88 276/3906/87 3140/3930/3463 4865/3929/3462
f 4865/3929/3462 3140/3930/3463 924/1719/1612 3136/1718/1610
f 3139/3927/3460 4865/3929/3462 3136/1718/1610 923/1717/1609
f 276/3906/87 1952/3904/3464 4866/3931/3465 3140/3930/3463
f 1952/3904/626 20/2644/578 3137/3922/3456 4866/3931/3466
f 4866/3931/3466 3137/3922/3456 921/1711/1604 3134/1714/1605
f 3140/3930/3463 4866/3931/3465 3134/1714/1611 924/1719/1612
f 23/2720/561 1825/2718/561 4867/3932/561 3145/3933/1537
f 1825/2718/561 21/2716/561 3146/3934/1548 4867/3932/561
f 4867/3932/561 3146/3934/1548 926/540/1548 3141/541/561
f 3145/3933/1537 4867/3932/561 3141/541/561 925/2722/1537
f 21/2716/561 1953/3919/561 4868/3935/3451 3146/3934/1548
f 1953/3919/1373 277/1710/1308 3147/3936/3467 4868/3935/3468
f 4868/3935/3468 3147/3936/3467 927/1710/1613 3143/1708/1613
f 3146/3934/1548 4868/3935/3451 3143/1708/1548 926/540/1548
f 277/1710/1308 1388/1722/1348 4869/3937/1308 3147/3936/3467
f 1388/1722/1348 279/1723/1330 3148/3938/3469 4869/3937/1308
f 4869/3937/1308 3148/3938/3469 928/1723/1614 3144/1722/578
f 3147/3936/3467 4869/3937/1308 3144/1722/578 927/1710/1613
f 279/1723/1330 1955/3939/1373 4870/3940/3470 3148/3938/3469
f 1955/3939/561 23/2720/561 3145/3933/1537 4870/3940/3439
f 4870/3940/3439 3145/3933/1537 925/2722/1537 3142/1721/1537
f 3148/3938/3469 4870/3940/3470 3142/1721/1614 928/1723/1614
f 22/2640/578 1826/2638/578 4871/3941/578 3153/3942/3471
f 1826/2638/578 24/2636/578 3154/3943/3472 4871/3941/578
f 4871/3941/578 3154/3943/3472 930/1728/1617 3149/1725/578
f 3153/3942/3471 4871/3941/578 3149/1725/578 929/1724/1615
f 24/2636/578 1956/3944/626 4872/3945/3473 3154/3943/3472
f 1956/3944/3474 280/3946/99 3155/3947/3475 4872/3945/3476
f 4872/3945/3476 3155/3947/3475 931/1730/1620 3151/1729/1619
f 3154/3943/3472 4872/3945/3473 3151/1729/1618 930/1728/1617
f 280/3946/99 1389/3948/97 4873/3949/3477 3155/3947/3475
f 1389/3948/97 278/3926/96 3156/3950/3478 4873/3949/3477
f 4873/3949/3477 3156/3950/3478 932/1732/1623 3152/1731/1621
f 3155/3947/3475 4873/3949/3477 3152/1731/1621 931/1730/1620
f 278/3926/96 1954/3924/3479 4874/3951/3480 3156/3950/3478
f 1954/3924/626 22/2640/578 3153/3942/3471 4874/3951/3481
f 4874/3951/3481 3153/3942/3471 929/1724/1615 3150/1727/1616
f 3156/3950/3478 4874/3951/3480 3150/1727/1622 932/1732/1623
f 25/2725/561 1827/2723/561 4875/3952/561 3161/3953/1624
f 1827/2723/561 23/2720/561 3162/3954/1548 4875/3952/561
f 4875/3952/561 3162/3954/1548 934/2722/1548 3157/543/561
f 3161/3953/1624 4875/3952/561 3157/543/561 933/544/1624
f 23/2720/561 1955/3955/561 4876/3956/3451 3162/3954/1548
f 1955/3955/1373 279/1723/1330 3163/3957/3482 4876/3956/3483
f 4876/3956/3483 3163/3957/3482 935/1723/1625 3159/1721/1625
f 3162/3954/1548 4876/3956/3451 3159/1721/1548 934/2722/1548
f 279/1723/1330 1391/1735/1348 4877/3958/1308 3163/3957/3482
f 1391/1735/1348 281/1736/1330 3164/3959/3484 4877/3958/1308
f 4877/3958/1308 3164/3959/3484 936/1736/1626 3160/1735/578
f 3163/3957/3482 4877/3958/1308 3160/1735/578 935/1723/1625
f 281/1736/1330 1957/3960/1373 4878/3961/3485 3164/3959/3484
f 1957/3960/561 25/2725/561 3161/3953/1624 4878/3961/3439
f 4878/3961/3439 3161/3953/1624 933/544/1624 3158/1734/1624
f 3164/3959/3484 4878/3961/3485 3158/1734/1626 936/1736/1626
f 24/2636/578 1828/2634/578 4879/3962/578 3169/3963/3486
f 1828/2634/578 26/2632/578 3170/3964/3487 4879/3962/578
f 4879/3962/578 3170/3964/3487 938/1741/1629 3165/1738/578
f 3169/3963/3486 4879/3962/578 3165/1738/578 937/1737/1627
f 26/2632/578 1958/3965/626 4880/3966/3488 3170/3964/3487
f 1958/3965/3489 282/3967/108 3171/3968/3490 4880/3966/3491
f 4880/3966/3491 3171/3968/3490 939/1743/1632 3167/1742/1631
f 3170/3964/3487 4880/3966/3488 3167/1742/1630 938/1741/1629
f 282/3967/108 1392/3969/106 4881/3970/3492 3171/3968/3490
f 1392/3969/106 280/3946/105 3172/3971/3493 4881/3970/3492
f 4881/3970/3492 3172/3971/3493 940/1745/1635 3168/1744/1633
f 3171/3968/3490 4881/3970/3492 3168/1744/1633 939/1743/1632
f 280/3946/105 1956/3972/3494 4882/3973/3495 3172/3971/3493
f 1956/3972/626 24/2636/578 3169/3963/3486 4882/3973/3496
f 4882/3973/3496 3169/3963/3486 937/1737/1627 3166/1740/1628
f 3172/3971/3493 4882/3973/3495 3166/1740/1634 940/1745/1635
f 27/2729/561 1829/2727/561 4883/3974/561 3177/3975/1624
f 1829/2727/561 25/2725/561 3178/3976/1636 4883/3974/561
f 4883/3974/561 3178/3976/1636 942/544/1636 3173/545/561
f 3177/3975/1624 4883/3974/561 3173/545/561 941/546/1624
f 25/2725/561 1957/3960/561 4884/3977/3451 3178/3976/1636
f 1957/3960/1373 281/1736/1330 3179/3978/3497 4884/3977/3498
f 4884/3977/3498 3179/3978/3497 943/1736/1625 3175/1734/1625
f 3178/3976/1636 4884/3977/3451 3175/1734/1636 942/544/1636
f 281/1736/1330 1394/1748/1136 4885/3979/1726 3179/3978/3497
f 1394/1748/1136 283/1749/1308 3180/3980/3499 4885/3979/1726
f 4885/3979/1726 3180/3980/3499 944/1749/1063 3176/1748/578
f 3179/3978/3497 4885/3979/1726 3176/1748/578 943/1736/1625
f 283/1749/1308 1959/3981/1647 4886/3982/3500 3180/3980/3499
f 1959/3981/561 27/2729/561 3177/3975/1624 4886/3982/1659
f 4886/3982/1659 3177/3975/1624 941/546/1624 3174/1747/1624
f 3180/3980/3499 4886/3982/3500 3174/1747/1637 944/1749/1063
f 26/2632/578 1830/2630/578 4887/3983/578 3185/3984/3501
f 1830/2630/578 28/2628/578 3186/3985/3502 4887/3983/578
f 4887/3983/578 3186/3985/3502 946/1754/1640 3181/1751/578
f 3185/3984/3501 4887/3983/578 3181/1751/578 945/1750/1638
f 28/2628/578 1960/3986/1507 4888/3987/3503 3186/3985/3502
f 1960/3986/3504 284/3988/117 3187/3989/3505 4888/3987/3506
f 4888/3987/3506 3187/3989/3505 947/1756/1643 3183/1755/1642
f 3186/3985/3502 4888/3987/3503 3183/1755/1641 946/1754/1640
f 284/3988/117 1395/3990/115 4889/3991/3507 3187/3989/3505
f 1395/3990/115 282/3967/114 3188/3992/3508 4889/3991/3507
f 4889/3991/3507 3188/3992/3508 948/1758/1646 3184/1757/1644
f 3187/3989/3505 4889/3991/3507 3184/1757/1644 947/1756/1643
f 282/3967/114 1958/3965/3509 4890/3993/3510 3188/3992/3508
f 1958/3965/626 26/2632/578 3185/3984/3501 4890/3993/3511
f 4890/3993/3511 3185/3984/3501 945/1750/1638 3182/1753/1639
f 3188/3992/3508 4890/3993/3510 3182/1753/1645 948/1758/1646
f 29/2733/561 1831/2731/561 4891/3994/561 3193/3995/1624
f 1831/2731/561 27/2729/561 3194/3996/1636 4891/3994/561
f 4891/3994/561 3194/3996/1636 950/546/1636 3189/547/561
f 3193/3995/1624 4891/3994/561 3189/547/561 949/548/1624
f 27/2729/561 1959/3981/561 4892/3997/1660 3194/3996/1636
f 1959/3981/1647 283/1749/1308 3195/3998/3512 4892/3997/600
f 4892/3997/600 3195/3998/3512 951/1749/614 3191/1747/1647
f 3194/3996/1636 4892/3997/1660 3191/1747/1636 950/546/1636
f 283/1749/1308 1397/1761/3123 4893/3999/1373 3195/3998/3512
f 1397/1761/3123 285/4000/1183 3196/4001/3513 4893/3999/1373
f 4893/3999/1373 3196/4001/3513 952/4000/1649 3192/1761/578
f 3195/3998/3512 4893/3999/1373 3192/1761/578 951/1749/614
f 285/4000/1183 1961/4002/1550 4894/4003/1674 3196/4001/3513
f 1961/4002/561 29/2733/561 3193/3995/1624 4894/4003/1659
f 4894/4003/1659 3193/3995/1624 949/548/1624 3190/1760/1624
f 3196/4001/3513 4894/4003/1674 3190/1760/1648 952/4000/1649
f 28/2628/578 1832/2626/578 4895/4004/578 3201/4005/3514
f 1832/2626/578 30/2624/578 3202/4006/3515 4895/4004/578
f 4895/4004/578 3202/4006/3515 954/1767/1652 3197/1764/578
f 3201/4005/3514 4895/4004/578 3197/1764/578 953/1763/1650
f 30/2624/578 1962/4007/1507 4896/4008/3516 3202/4006/3515
f 1962/4007/3517 286/4009/126 3203/4010/3518 4896/4008/3519
f 4896/4008/3519 3203/4010/3518 955/1769/1655 3199/1768/1654
f 3202/4006/3515 4896/4008/3516 3199/1768/1653 954/1767/1652
f 286/4009/126 1398/4011/124 4897/4012/3520 3203/4010/3518
f 1398/4011/124 284/3988/123 3204/4013/3521 4897/4012/3520
f 4897/4012/3520 3204/4013/3521 956/1771/1658 3200/1770/1656
f 3203/4010/3518 4897/4012/3520 3200/1770/1656 955/1769/1655
f 284/3988/123 1960/3986/3522 4898/4014/3523 3204/4013/3521
f 1960/3986/1507 28/2628/578 3201/4005/3514 4898/4014/3524
f 4898/4014/3524 3201/4005/3514 953/1763/1650 3198/1766/1651
f 3204/4013/3521 4898/4014/3523 3198/1766/1657 956/1771/1658
f 31/2737/561 1833/2735/561 4899/4015/561 3209/4016/1624
f 1833/2735/561 29/2733/561 3210/4017/1636 4899/4015/561
f 4899/4015/561 3210/4017/1636 958/548/1636 3205/549/561
f 3209/4016/1624 4899/4015/561 3205/549/561 957/550/1624
f 29/2733/561 1961/4002/561 4900/4018/1660 3210/4017/1636
f 1961/4002/1550 285/4000/1183 3211/4019/3525 4900/4018/3526
f 4900/4018/3526 3211/4019/3525 959/4000/1662 3207/1760/1661
f 3210/4017/1636 4900/4018/1660 3207/1760/1660 958/548/1636
f 285/4000/1183 1400/1774/1303 4901/4020/1848 3211/4019/3525
f 1400/1774/1303 287/1775/1308 3212/4021/3527 4901/4020/1848
f 4901/4020/1848 3212/4021/3527 960/1775/1664 3208/1774/578
f 3211/4019/3525 4901/4020/1848 3208/1774/578 959/4000/1662
f 287/1775/1308 1963/4022/1647 4902/4023/3528 3212/4021/3527
f 1963/4022/561 31/2737/561 3209/4016/1624 4902/4023/1659
f 4902/4023/1659 3209/4016/1624 957/550/1624 3206/1773/1659
f 3212/4021/3527 4902/4023/3528 3206/1773/1663 960/1775/1664
f 30/2624/578 1834/2622/578 4903/4024/578 3217/4025/3529
f 1834/2622/578 32/2620/578 3218/4026/3530 4903/4024/578
f 4903/4024/578 3218/4026/3530 962/1780/1667 3213/1777/578
f 3217/4025/3529 4903/4024/578 3213/1777/578 961/1776/1665
f 32/2620/578 1964/4027/1507 4904/4028/3531 3218/4026/3530
f 1964/4027/3532 288/4029/135 3219/4030/3533 4904/4028/3534
f 4904/4028/3534 3219/4030/3533 963/1782/1670 3215/1781/1669
f 3218/4026/3530 4904/4028/3531 3215/1781/1668 962/1780/1667
f 288/4029/135 1401/4031/133 4905/4032/3535 3219/4030/3533
f 1401/4031/133 286/4009/132 3220/4033/3536 4905/4032/3535
f 4905/4032/3535 3220/4033/3536 964/1784/1673 3216/1783/1671
f 3219/4030/3533 4905/4032/3535 3216/1783/1671 963/1782/1670
f 286/4009/132 1962/4007/3537 4906/4034/3538 3220/4033/3536
f 1962/4007/1507 30/2624/578 3217/4025/3529 4906/4034/3539
f 4906/4034/3539 3217/4025/3529 961/1776/1665 3214/1779/1666
f 3220/4033/3536 4906/4034/3538 3214/1779/1672 964/1784/1673
f 33/2741/561 1835/2739/561 4907/4035/561 3225/4036/1624
f 1835/2739/561 31/2737/561 3226/4037/1636 4907/4035/561
f 4907/4035/561 3226/4037/1636 966/550/1636 3221/551/561
f 3225/4036/1624 4907/4035/561 3221/551/561 965/552/1624
f 31/2737/561 1963/4022/561 4908/4038/1660 3226/4037/1636
f 1963/4022/1647 287/1775/1308 3227/4039/3540 4908/4038/3541
f 4908/4038/3541 3227/4039/3540 967/1775/600 3223/1773/1647
f 3226/4037/1636 4908/4038/1660 3223/1773/1660 966/550/1636
f 287/1775/1308 1403/1787/3080 4909/4040/1373 3227/4039/3540
f 1403/1787/3080 289/1788/1183 3228/4041/3542 4909/4040/1373
f 4909/4040/1373 3228/4041/3542 968/1788/1674 3224/1787/578
f 3227/4039/3540 4909/4040/1373 3224/1787/578 967/1775/600
f 289/1788/1183 1965/4042/1648 4910/4043/3543 3228/4041/3542
f 1965/4042/561 33/2741/561 3225/4036/1624 4910/4043/1659
f 4910/4043/1659 3225/4036/1624 965/552/1624 3222/1786/1659
f 3228/4041/3542 4910/4043/3543 3222/1786/1648 968/1788/1674
f 32/2620/578 1836/2618/578 4911/4044/578 3233/4045/3544
f 1836/2618/578 34/2616/578 3234/4046/3545 4911/4044/578
f 4911/4044/578 3234/4046/3545 970/1793/1677 3229/1790/578
f 3233/4045/3544 4911/4044/578 3229/1790/578 969/1789/1675
f 34/2616/578 1966/4047/1507 4912/4048/3546 3234/4046/3545
f 1966/4047/3547 290/4049/144 3235/4050/3548 4912/4048/3549
f 4912/4048/3549 3235/4050/3548 971/1795/1680 3231/1794/1679
f 3234/4046/3545 4912/4048/3546 3231/1794/1678 970/1793/1677
f 290/4049/144 1404/4051/142 4913/4052/3550 3235/4050/3548
f 1404/4051/142 288/4029/141 3236/4053/3551 4913/4052/3550
f 4913/4052/3550 3236/4053/3551 972/1797/1683 3232/1796/1681
f 3235/4050/3548 4913/4052/3550 3232/1796/1681 971/1795/1680
f 288/4029/141 1964/4027/3552 4914/4054/3553 3236/4053/3551
f 1964/4027/1507 32/2620/578 3233/4045/3544 4914/4054/3554
f 4914/4054/3554 3233/4045/3544 969/1789/1675 3230/1792/1676
f 3236/4053/3551 4914/4054/3553 3230/1792/1682 972/1797/1683
f 35/2745/561 1837/2743/561 4915/4055/561 3241/4056/1624
f 1837/2743/561 33/2741/561 3242/4057/1636 4915/4055/561
f 4915/4055/561 3242/4057/1636 974/552/1636 3237/553/561
f 3241/4056/1624 4915/4055/561 3237/553/561 973/554/1624
f 33/2741/561 1965/4042/561 4916/4058/1660 3242/4057/1636
f 1965/4042/1648 289/1788/1183 3243/4059/3555 4916/4058/3556
f 4916/4058/3556 3243/4059/3555 975/1788/1684 3239/1786/1661
f 3242/4057/1636 4916/4058/1660 3239/1786/1660 974/552/1636
f 289/1788/1183 1406/1800/1273 4917/4060/1848 3243/4059/3555
f 1406/1800/1273 291/1801/1278 3244/4061/3557 4917/4060/1848
f 4917/4060/1848 3244/4061/3557 976/1801/1685 3240/1800/578
f 3243/4059/3555 4917/4060/1848 3240/1800/578 975/1788/1684
f 291/1801/1278 1967/4062/626 4918/4063/3558 3244/4061/3557
f 1967/4062/561 35/2745/561 3241/4056/1624 4918/4063/1659
f 4918/4063/1659 3241/4056/1624 973/554/1624 3238/1799/1659
f 3244/4061/3557 4918/4063/3558 3238/1799/1663 976/1801/1685
f 34/2616/578 1838/2614/578 4919/4064/578 3249/4065/3559
f 1838/2614/578 36/2612/578 3250/4066/3560 4919/4064/578
f 4919/4064/578 3250/4066/3560 978/1806/1688 3245/1803/578
f 3249/4065/3559 4919/4064/578 3245/1803/578 977/1802/1686
f 36/2612/578 1968/4067/1507 4920/4068/3561 3250/4066/3560
f 1968/4067/3562 292/4069/153 3251/4070/3563 4920/4068/3564
f 4920/4068/3564 3251/4070/3563 979/1808/1691 3247/1807/1690
f 3250/4066/3560 4920/4068/3561 3247/1807/1689 978/1806/1688
f 292/4069/153 1407/4071/151 4921/4072/3565 3251/4070/3563
f 1407/4071/151 290/4049/150 3252/4073/3566 4921/4072/3565
f 4921/4072/3565 3252/4073/3566 980/1810/1694 3248/1809/1692
f 3251/4070/3563 4921/4072/3565 3248/1809/1692 979/1808/1691
f 290/4049/150 1966/4047/3567 4922/4074/3568 3252/4073/3566
f 1966/4047/1507 34/2616/578 3249/4065/3559 4922/4074/3569
f 4922/4074/3569 3249/4065/3559 977/1802/1686 3246/1805/1687
f 3252/4073/3566 4922/4074/3568 3246/1805/1693 980/1810/1694
f 37/2749/561 1839/2747/561 4923/4075/561 3257/4076/561
f 1839/2747/561 35/2745/561 3258/4077/1636 4923/4075/561
f 4923/4075/561 3258/4077/1636 982/554/1636 3253/555/561
f 3257/4076/561 4923/4075/561 3253/555/561 981/556/1624
f 35/2745/561 1967/4078/561 4924/4079/1660 3258/4077/1636
f 1967/4078/626 291/1801/1278 3259/4080/3555 4924/4079/3230
f 4924/4079/3230 3259/4080/3555 983/1801/600 3255/1799/1647
f 3258/4077/1636 4924/4079/1660 3255/1799/1660 982/554/1636
f 291/1801/1278 1409/1813/3036 4925/4081/626 3259/4080/3555
f 1409/1813/3036 293/4082/1518 3260/4083/3570 4925/4081/626
f 4925/4081/626 3260/4083/3570 984/4082/1663 3256/1813/578
f 3259/4080/3555 4925/4081/626 3256/1813/578 983/1801/600
f 293/4082/1518 1969/4084/578 4926/4085/3571 3260/4083/3570
f 1969/4084/561 37/2749/561 3257/4076/561 4926/4085/1624
f 4926/4085/1624 3257/4076/561 981/556/1624 3254/1812/1659
f 3260/4083/3570 4926/4085/3571 3254/1812/1648 984/4082/1663
f 36/2612/578 1840/2610/578 4927/4086/578 3265/4087/3572
f 1840/2610/578 38/2608/578 3266/4088/3573 4927/4086/578
f 4927/4086/578 3266/4088/3573 986/1819/1697 3261/1816/578
f 3265/4087/3572 4927/4086/578 3261/1816/578 985/1815/1695
f 38/2608/578 1970/4089/1507 4928/4090/3574 3266/4088/3573
f 1970/4089/3575 294/4091/162 3267/4092/3576 4928/4090/3577
f 4928/4090/3577 3267/4092/3576 987/1821/1700 3263/1820/1699
f 3266/4088/3573 4928/4090/3574 3263/1820/1698 986/1819/1697
f 294/4091/162 1410/4093/160 4929/4094/3578 3267/4092/3576
f 1410/4093/160 292/4069/159 3268/4095/3579 4929/4094/3578
f 4929/4094/3578 3268/4095/3579 988/1823/1703 3264/1822/1701
f 3267/4092/3576 4929/4094/3578 3264/1822/1701 987/1821/1700
f 292/4069/159 1968/4067/3580 4930/4096/3581 3268/4095/3579
f 1968/4067/1507 36/2612/578 3265/4087/3572 4930/4096/3582
f 4930/4096/3582 3265/4087/3572 985/1815/1695 3262/1818/1696
f 3268/4095/3579 4930/4096/3581 3262/1818/1702 988/1823/1703
f 39/2753/561 1841/2751/561 4931/4097/561 3273/4098/561
f 1841/2751/561 37/2749/561 3274/4099/561 4931/4097/561
f 4931/4097/561 3274/4099/561 990/556/1636 3269/557/561
f 3273/4098/561 4931/4097/561 3269/557/561 989/558/1624
f 37/2749/561 1969/4084/561 4932/4100/1636 3274/4099/561
f 1969/4084/578 293/4082/1518 3275/4101/3583 4932/4100/3584
f 4932/4100/3584 3275/4101/3583 991/4082/1704 3271/1812/1647
f 3274/4099/561 4932/4100/1636 3271/1812/1660 990/556/1636
f 293/4082/1518 1412/1826/3004 4933/4102/1373 3275/4101/3583
f 1412/1826/3004 295/1827/1518 3276/4103/3585 4933/4102/1373
f 4933/4102/1373 3276/4103/3585 992/1827/1705 3272/1826/578
f 3275/4101/3583 4933/4102/1373 3272/1826/578 991/4082/1704
f 295/1827/1518 1971/4104/578 4934/4105/3571 3276/4103/3585
f 1971/4104/561 39/2753/561 3273/4098/561 4934/4105/1624
f 4934/4105/1624 3273/4098/561 989/558/1624 3270/1825/1659
f 3276/4103/3585 4934/4105/3571 3270/1825/1648 992/1827/1705
f 38/2608/578 1842/2606/578 4935/4106/578 3281/4107/3586
f 1842/2606/578 40/2604/578 3282/4108/3587 4935/4106/578
f 4935/4106/578 3282/4108/3587 994/1832/1708 3277/1829/578
f 3281/4107/3586 4935/4106/578 3277/1829/578 993/1828/1706
f 40/2604/578 1972/4109/1507 4936/4110/3588 3282/4108/3587
f 1972/4109/3589 296/4111/171 3283/4112/3590 4936/4110/3591
f 4936/4110/3591 3283/4112/3590 995/1834/1711 3279/1833/1710
f 3282/4108/3587 4936/4110/3588 3279/1833/1709 994/1832/1708
f 296/4111/171 1413/4113/169 4937/4114/3592 3283/4112/3590
f 1413/4113/169 294/4091/168 3284/4115/3593 4937/4114/3592
f 4937/4114/3592 3284/4115/3593 996/1836/1714 3280/1835/1712
f 3283/4112/3590 4937/4114/3592 3280/1835/1712 995/1834/1711
f 294/4091/168 1970/4089/3594 4938/4116/3595 3284/4115/3593
f 1970/4089/1507 38/2608/578 3281/4107/3586 4938/4116/3596
f 4938/4116/3596 3281/4107/3586 993/1828/1706 3278/1831/1707
f 3284/4115/3593 4938/4116/3595 3278/1831/1713 996/1836/1714
f 41/2757/561 1843/2755/561 4939/4117/561 3289/4118/1624
f 1843/2755/561 39/2753/561 3290/4119/561 4939/4117/561
f 4939/4117/561 3290/4119/561 998/558/1636 3285/559/561
f 3289/4118/1624 4939/4117/561 3285/559/561 997/560/1624
f 39/2753/561 1971/4104/561 4940/4120/1636 3290/4119/561
f 1971/4104/578 295/1827/1518 3291/4121/3597 4940/4120/3598
f 4940/4120/3598 3291/4121/3597 999/1827/1704 3287/1825/1647
f 3290/4119/561 4940/4120/1636 3287/1825/1636 998/558/1636
f 295/1827/1518 1415/1839/2971 4941/4122/1663 3291/4121/3597
f 1415/1839/2971 297/1840/1124 3292/4123/3599 4941/4122/1663
f 4941/4122/1663 3292/4123/3599 1000/1840/997 3288/1839/578
f 3291/4121/3597 4941/4122/1663 3288/1839/578 999/1827/1704
f 297/1840/1124 1973/4124/1648 4942/4125/3600 3292/4123/3599
f 1973/4124/561 41/2757/561 3289/4118/1624 4942/4125/1715
f 4942/4125/1715 3289/4118/1624 997/560/1624 3286/1838/1715
f 3292/4123/3599 4942/4125/3600 3286/1838/1648 1000/1840/997
f 40/2604/578 1844/2602/578 4943/4126/578 3297/4127/3601
f 1844/2602/578 42/2600/578 3298/4128/3602 4943/4126/578
f 4943/4126/578 3298/4128/3602 1002/1845/1718 3293/1842/578
f 3297/4127/3601 4943/4126/578 3293/1842/578 1001/1841/1716
f 42/2600/578 1974/4129/1550 4944/4130/3603 3298/4128/3602
f 1974/4129/3604 298/4131/180 3299/4132/3605 4944/4130/3606
f 4944/4130/3606 3299/4132/3605 1003/1847/1721 3295/1846/1720
f 3298/4128/3602 4944/4130/3603 3295/1846/1719 1002/1845/1718
f 298/4131/180 1416/4133/178 4945/4134/3607 3299/4132/3605
f 1416/4133/178 296/4111/177 3300/4135/3608 4945/4134/3607
f 4945/4134/3607 3300/4135/3608 1004/1849/1724 3296/1848/1722
f 3299/4132/3605 4945/4134/3607 3296/1848/1722 1003/1847/1721
f 296/4111/177 1972/4109/3609 4946/4136/3610 3300/4135/3608
f 1972/4109/1507 40/2604/578 3297/4127/3601 4946/4136/3611
f 4946/4136/3611 3297/4127/3601 1001/1841/1716 3294/1844/1717
f 3300/4135/3608 4946/4136/3610 3294/1844/1723 1004/1849/1724
f 43/2761/561 1845/2759/561 4947/4137/561 3305/4138/1715
f 1845/2759/561 41/2757/561 3306/4139/1636 4947/4137/561
f 4947/4137/561 3306/4139/1636 1006/560/1636 3301/561/561
f 3305/4138/1715 4947/4137/561 3301/561/561 1005/562/1715
f 41/2757/561 1973/4124/561 4948/4140/1725 3306/4139/1636
f 1973/4124/1648 297/1840/1124 3307/4141/3612 4948/4140/3613
f 4948/4140/3613 3307/4141/3612 1007/1840/1726 3303/1838/1704
f 3306/4139/1636 4948/4140/1725 3303/1838/1725 1006/560/1636
f 297/1840/1124 1418/1852/1224 4949/4142/1626 3307/4141/3612
f 1418/1852/1224 299/1853/1207 3308/4143/3614 4949/4142/1626
f 4949/4142/1626 3308/4143/3614 1008/1853/1727 3304/1852/578
f 3307/4141/3612 4949/4142/1626 3304/1852/578 1007/1840/1726
f 299/1853/1207 1975/4144/1373 4950/4145/3615 3308/4143/3614
f 1975/4144/561 43/2761/561 3305/4138/1715 4950/4145/3616
f 4950/4145/3616 3305/4138/1715 1005/562/1715 3302/1851/1715
f 3308/4143/3614 4950/4145/3615 3302/1851/1727 1008/1853/1727
f 42/2600/578 1846/2598/578 4951/4146/578 3313/4147/3617
f 1846/2598/578 44/2596/578 3314/4148/3618 4951/4146/578
f 4951/4146/578 3314/4148/3618 1010/1858/1730 3309/1855/578
f 3313/4147/3617 4951/4146/578 3309/1855/578 1009/1854/1728
f 44/2596/578 1976/4149/1550 4952/4150/3619 3314/4148/3618
f 1976/4149/3620 300/4151/189 3315/4152/3621 4952/4150/3622
f 4952/4150/3622 3315/4152/3621 1011/1860/1733 3311/4153/1732
f 3314/4148/3618 4952/4150/3619 3311/4153/1731 1010/1858/1730
f 300/4151/189 1419/4154/187 4953/4155/3623 3315/4152/3621
f 1419/4154/187 298/4131/186 3316/4156/3624 4953/4155/3623
f 4953/4155/3623 3316/4156/3624 1012/1862/1736 3312/1861/1734
f 3315/4152/3621 4953/4155/3623 3312/1861/1734 1011/1860/1733
f 298/4131/186 1974/4129/3625 4954/4157/3626 3316/4156/3624
f 1974/4129/1550 42/2600/578 3313/4147/3617 4954/4157/3627
f 4954/4157/3627 3313/4147/3617 1009/1854/1728 3310/1857/1729
f 3316/4156/3624 4954/4157/3626 3310/1857/1735 1012/1862/1736
f 45/2765/561 1847/2763/561 4955/4158/561 3321/4159/1715
f 1847/2763/561 43/2761/561 3322/4160/1725 4955/4158/561
f 4955/4158/561 3322/4160/1725 1014/562/1725 3317/563/561
f 3321/4159/1715 4955/4158/561 3317/563/561 1013/564/1715
f 43/2761/561 1975/4144/561 4956/4161/3628 3322/4160/1725
f 1975/4144/1373 299/1853/1207 3323/4162/3629 4956/4161/3630
f 4956/4161/3630 3323/4162/3629 1015/1853/1737 3319/1851/1737
f 3322/4160/1725 4956/4161/3628 3319/1851/1725 1014/562/1725
f 299/1853/1207 1421/1865/1210 4957/4163/1192 3323/4162/3629
f 1421/1865/1210 301/1866/1192 3324/4164/3631 4957/4163/1192
f 4957/4163/1192 3324/4164/3631 1016/1866/1738 3320/1865/578
f 3323/4162/3629 4957/4163/1192 3320/1865/578 1015/1853/1737
f 301/1866/1192 1977/4165/1373 4958/4166/3632 3324/4164/3631
f 1977/4165/561 45/2765/561 3321/4159/1715 4958/4166/3616
f 4958/4166/3616 3321/4159/1715 1013/564/1715 3318/1864/1715
f 3324/4164/3631 4958/4166/3632 3318/1864/1738 1016/1866/1738
f 44/2596/578 1848/2594/578 4959/4167/578 3329/4168/3633
f 1848/2594/578 46/2592/578 3330/4169/3634 4959/4167/578
f 4959/4167/578 3330/4169/3634 1018/1871/1741 3325/1868/578
f 3329/4168/3633 4959/4167/578 3325/1868/578 1017/1867/1739
f 46/2592/578 1978/4170/1550 4960/4171/3635 3330/4169/3634
f 1978/4170/3636 302/4172/198 3331/4173/3637 4960/4171/3638
f 4960/4171/3638 3331/4173/3637 1019/1873/1744 3327/1872/1743
f 3330/4169/3634 4960/4171/3635 3327/1872/1742 1018/1871/1741
f 302/4172/198 1422/4174/196 4961/4175/3639 3331/4173/3637
f 1422/4174/196 300/4151/195 3332/4176/3640 4961/4175/3639
f 4961/4175/3639 3332/4176/3640 1020/1875/1747 3328/1874/1745
f 3331/4173/3637 4961/4175/3639 3328/1874/1745 1019/1873/1744
f 300/4151/195 1976/4177/3641 4962/4178/3642 3332/4176/3640
f 1976/4177/1550 44/2596/578 3329/4168/3633 4962/4178/3643
f 4962/4178/3643 3329/4168/3633 1017/1867/1739 3326/1870/1740
f 3332/4176/3640 4962/4178/3642 3326/1870/1746 1020/1875/1747
f 47/2769/561 1849/2767/561 4963/4179/561 3337/4180/1715
f 1849/2767/561 45/2765/561 3338/4181/1725 4963/4179/561
f 4963/4179/561 3338/4181/1725 1022/564/1725 3333/565/561
f 3337/4180/1715 4963/4179/561 3333/565/561 1021/2771/1715
f 45/2765/561 1977/4165/561 4964/4182/3628 3338/4181/1725
f 1977/4165/1373 301/1866/1192 3339/4183/3644 4964/4182/3645
f 4964/4182/3645 3339/4183/3644 1023/1866/1748 3335/1864/1748
f 3338/4181/1725 4964/4182/3628 3335/1864/1725 1022/564/1725
f 301/1866/1192 1424/1878/1195 4965/4184/1192 3339/4183/3644
f 1424/1878/1195 303/4185/1124 3340/4186/3646 4965/4184/1192
f 4965/4184/1192 3340/4186/3646 1024/4185/1749 3336/1878/578
f 3339/4183/3644 4965/4184/1192 3336/1878/578 1023/1866/1748
f 303/4185/1124 1979/4187/1373 4966/4188/3647 3340/4186/3646
f 1979/4187/561 47/2769/561 3337/4180/1715 4966/4188/3616
f 4966/4188/3616 3337/4180/1715 1021/2771/1715 3334/1877/1715
f 3340/4186/3646 4966/4188/3647 3334/1877/1749 1024/4185/1749
f 46/2592/578 1850/2590/578 4967/4189/578 3345/4190/3648
f 1850/2590/578 48/2588/578 3346/4191/3649 4967/4189/578
f 4967/4189/578 3346/4191/3649 1026/1884/1752 3341/1881/578
f 3345/4190/3648 4967/4189/578 3341/1881/578 1025/1880/1750
f 48/2588/578 1980/4192/1550 4968/4193/3650 3346/4191/3649
f 1980/4192/3651 304/4194/207 3347/4195/3652 4968/4193/3653
f 4968/4193/3653 3347/4195/3652 1027/1886/1755 3343/1885/1754
f 3346/4191/3649 4968/4193/3650 3343/1885/1753 1026/1884/1752
f 304/4194/207 1425/4196/205 4969/4197/3654 3347/4195/3652
f 1425/4196/205 302/4172/204 3348/4198/3655 4969/4197/3654
f 4969/4197/3654 3348/4198/3655 1028/1888/1758 3344/1887/1756
f 3347/4195/3652 4969/4197/3654 3344/1887/1756 1027/1886/1755
f 302/4172/204 1978/4170/3656 4970/4199/3657 3348/4198/3655
f 1978/4170/1550 46/2592/578 3345/4190/3648 4970/4199/3658
f 4970/4199/3658 3345/4190/3648 1025/1880/1750 3342/1883/1751
f 3348/4198/3655 4970/4199/3657 3342/1883/1757 1028/1888/1758
f 49/2774/561 1851/2772/561 4971/4200/561 3353/4201/1715
f 1851/2772/561 47/2769/561 3354/4202/1725 4971/4200/561
f 4971/4200/561 3354/4202/1725 1030/2771/1725 3349/567/561
f 3353/4201/1715 4971/4200/561 3349/567/561 1029/568/1715
f 47/2769/561 1979/4187/561 4972/4203/3628 3354/4202/1725
f 1979/4187/1373 303/4185/1124 3355/4204/3659 4972/4203/3660
f 4972/4203/3660 3355/4204/3659 1031/4185/1759 3351/1877/1759
f 3354/4202/1725 4972/4203/3628 3351/1877/1725 1030/2771/1725
f 303/4185/1124 1427/1891/1178 4973/4205/1837 3355/4204/3659
f 1427/1891/1178 305/1892/1183 3356/4206/3661 4973/4205/1837
f 4973/4205/1837 3356/4206/3661 1032/1892/907 3352/1891/578
f 3355/4204/3659 4973/4205/1837 3352/1891/578 1031/4185/1759
f 305/1892/1183 1981/4207/1373 4974/4208/3662 3356/4206/3661
f 1981/4207/561 49/2774/561 3353/4201/1715 4974/4208/1715
f 4974/4208/1715 3353/4201/1715 1029/568/1715 3350/1890/1715
f 3356/4206/3661 4974/4208/3662 3350/1890/1760 1032/1892/907
f 48/2588/578 1852/2586/578 4975/4209/578 3361/4210/3663
f 1852/2586/578 50/2584/578 3362/4211/3664 4975/4209/578
f 4975/4209/578 3362/4211/3664 1034/1897/1763 3357/1894/578
f 3361/4210/3663 4975/4209/578 3357/1894/578 1033/1893/1761
f 50/2584/578 1982/4212/1550 4976/4213/3665 3362/4211/3664
f 1982/4212/3666 306/4214/216 3363/4215/3667 4976/4213/3668
f 4976/4213/3668 3363/4215/3667 1035/1899/1766 3359/1898/1765
f 3362/4211/3664 4976/4213/3665 3359/1898/1764 1034/1897/1763
f 306/4214/216 1428/4216/214 4977/4217/3669 3363/4215/3667
f 1428/4216/214 304/4194/213 3364/4218/3670 4977/4217/3669
f 4977/4217/3669 3364/4218/3670 1036/1901/1769 3360/1900/1767
f 3363/4215/3667 4977/4217/3669 3360/1900/1767 1035/1899/1766
f 304/4194/213 1980/4192/3671 4978/4219/3672 3364/4218/3670
f 1980/4192/1550 48/2588/578 3361/4210/3663 4978/4219/3673
f 4978/4219/3673 3361/4210/3663 1033/1893/1761 3358/1896/1762
f 3364/4218/3670 4978/4219/3672 3358/1896/1768 1036/1901/1769
f 51/2778/561 1853/2776/561 4979/4220/561 3369/4221/561
f 1853/2776/561 49/2774/561 3370/4222/1725 4979/4220/561
f 4979/4220/561 3370/4222/1725 1038/568/1725 3365/569/561
f 3369/4221/561 4979/4220/561 3365/569/561 1037/570/1715
f 49/2774/561 1981/4207/561 4980/4223/1725 3370/4222/1725
f 1981/4207/1373 305/1892/1183 3371/4224/3674 4980/4223/3675
f 4980/4223/3675 3371/4224/3674 1039/1892/1770 3367/1890/626
f 3370/4222/1725 4980/4223/1725 3367/1890/1725 1038/568/1725
f 305/1892/1183 1430/1904/2893 4981/4225/1507 3371/4224/3674
f 1430/1904/2893 307/4226/1195 3372/4227/3676 4981/4225/1507
f 4981/4225/1507 3372/4227/3676 1040/4226/910 3368/1904/578
f 3371/4224/3674 4981/4225/1507 3368/1904/578 1039/1892/1770
f 307/4226/1195 1983/4228/578 4982/4229/2079 3372/4227/3676
f 1983/4228/561 51/2778/561 3369/4221/561 4982/4229/1715
f 4982/4229/1715 3369/4221/561 1037/570/1715 3366/1903/1715
f 3372/4227/3676 4982/4229/2079 3366/1903/578 1040/4226/910
f 50/2584/578 1854/2582/578 4983/4230/578 3377/4231/3677
f 1854/2582/578 52/2580/578 3378/4232/3678 4983/4230/578
f 4983/4230/578 3378/4232/3678 1042/1910/1773 3373/1907/578
f 3377/4231/3677 4983/4230/578 3373/1907/578 1041/1906/1771
f 52/2580/578 1984/4233/1550 4984/4234/3679 3378/4232/3678
f 1984/4233/3680 308/4235/225 3379/4236/3681 4984/4234/3682
f 4984/4234/3682 3379/4236/3681 1043/1912/1776 3375/1911/1775
f 3378/4232/3678 4984/4234/3679 3375/1911/1774 1042/1910/1773
f 308/4235/225 1431/4237/223 4985/4238/3683 3379/4236/3681
f 1431/4237/223 306/4214/222 3380/4239/3684 4985/4238/3683
f 4985/4238/3683 3380/4239/3684 1044/1914/1779 3376/1913/1777
f 3379/4236/3681 4985/4238/3683 3376/1913/1777 1043/1912/1776
f 306/4214/222 1982/4212/3685 4986/4240/3686 3380/4239/3684
f 1982/4212/1550 50/2584/578 3377/4231/3677 4986/4240/3687
f 4986/4240/3687 3377/4231/3677 1041/1906/1771 3374/1909/1772
f 3380/4239/3684 4986/4240/3686 3374/1909/1778 1044/1914/1779
f 53/2782/561 1855/2780/561 4987/4241/561 3385/4242/1504
f 1855/2780/561 51/2778/561 3386/4243/561 4987/4241/561
f 4987/4241/561 3386/4243/561 1046/570/1725 3381/571/561
f 3385/4242/1504 4987/4241/561 3381/571/561 1045/572/1715
f 51/2778/561 1983/4228/561 4988/4244/1725 3386/4243/561
f 1983/4228/578 307/4226/1195 3387/4245/3688 4988/4244/2080
f 4988/4244/2080 3387/4245/3688 1047/4226/1348 3383/1903/578
f 3386/4243/561 4988/4244/1725 3383/1903/1725 1046/570/1725
f 307/4226/1195 1433/1917/2861 4989/4246/1760 3387/4245/3688
f 1433/1917/2861 309/1918/1063 3388/4247/3689 4989/4246/1760
f 4989/4246/1760 3388/4247/3689 1048/1918/855 3384/1917/578
f 3387/4245/3688 4989/4246/1760 3384/1917/578 1047/4226/1348
f 309/1918/1063 1985/4248/1648 4990/4249/3690 3388/4247/3689
f 1985/4248/561 53/2782/561 3385/4242/1504 4990/4249/1715
f 4990/4249/1715 3385/4242/1504 1045/572/1715 3382/1916/1715
f 3388/4247/3689 4990/4249/3690 3382/1916/1760 1048/1918/855
f 52/2580/578 1856/2578/578 4991/4250/578 3393/4251/3691
f 1856/2578/578 54/2576/578 3394/4252/3692 4991/4250/578
f 4991/4250/578 3394/4252/3692 1050/1923/1782 3389/1920/578
f 3393/4251/3691 4991/4250/578 3389/1920/578 1049/1919/1780
f 54/2576/578 1986/4253/1550 4992/4254/3693 3394/4252/3692
f 1986/4253/3694 310/4255/234 3395/4256/3695 4992/4254/3696
f 4992/4254/3696 3395/4256/3695 1051/1925/1785 3391/1924/1784
f 3394/4252/3692 4992/4254/3693 3391/1924/1783 1050/1923/1782
f 310/4255/234 1434/4257/232 4993/4258/3697 3395/4256/3695
f 1434/4257/232 308/4235/231 3396/4259/3698 4993/4258/3697
f 4993/4258/3697 3396/4259/3698 1052/1927/1788 3392/1926/1786
f 3395/4256/3695 4993/4258/3697 3392/1926/1786 1051/1925/1785
f 308/4235/231 1984/4233/3699 4994/4260/3700 3396/4259/3698
f 1984/4233/1550 52/2580/578 3393/4251/3691 4994/4260/3701
f 4994/4260/3701 3393/4251/3691 1049/1919/1780 3390/1922/1781
f 3396/4259/3698 4994/4260/3700 3390/1922/1787 1052/1927/1788
f 55/2786/561 1857/2784/561 4995/4261/561 3401/4262/1715
f 1857/2784/561 53/2782/561 3402/4263/1502 4995/4261/561
f 4995/4261/561 3402/4263/1502 1054/572/1725 3397/573/561
f 3401/4262/1715 4995/4261/561 3397/573/561 1053/574/1715
f 53/2782/561 1985/4248/561 4996/4264/1725 3402/4263/1502
f 1985/4248/1648 309/1918/1063 3403/4265/3702 4996/4264/3675
f 4996/4264/3675 3403/4265/3702 1055/1918/1330 3399/1916/626
f 3402/4263/1502 4996/4264/1725 3399/1916/1725 1054/572/1725
f 309/1918/1063 1436/1930/1136 4997/4266/3571 3403/4265/3702
f 1436/1930/1136 311/1931/1116 3404/4267/3703 4997/4266/3571
f 4997/4266/3571 3404/4267/3703 1056/1931/1789 3400/1930/578
f 3403/4265/3702 4997/4266/3571 3400/1930/578 1055/1918/1330
f 311/1931/1116 1987/4268/1648 4998/4269/3704 3404/4267/3703
f 1987/4268/561 55/2786/561 3401/4262/1715 4998/4269/3705
f 4998/4269/3705 3401/4262/1715 1053/574/1715 3398/1929/1715
f 3404/4267/3703 4998/4269/3704 3398/1929/1789 1056/1931/1789
f 54/2576/578 1858/2574/578 4999/4270/578 3409/4271/3706
f 1858/2574/578 56/2572/578 3410/4272/3707 4999/4270/578
f 4999/4270/578 3410/4272/3707 1058/1936/1792 3405/1933/578
f 3409/4271/3706 4999/4270/578 3405/1933/578 1057/1932/1790
f 56/2572/578 1988/4273/1550 5000/4274/3708 3410/4272/3707
f 1988/4273/3709 312/4275/243 3411/4276/3710 5000/4274/3711
f 5000/4274/3711 3411/4276/3710 1059/1938/1795 3407/1937/1794
f 3410/4272/3707 5000/4274/3708 3407/1937/1793 1058/1936/1792
f 312/4275/243 1437/4277/241 5001/4278/3712 3411/4276/3710
f 1437/4277/241 310/4255/240 3412/4279/3713 5001/4278/3712
f 5001/4278/3712 3412/4279/3713 1060/1940/1798 3408/1939/1796
f 3411/4276/3710 5001/4278/3712 3408/1939/1796 1059/1938/1795
f 310/4255/240 1986/4253/3714 5002/4280/3715 3412/4279/3713
f 1986/4253/1550 54/2576/578 3409/4271/3706 5002/4280/3716
f 5002/4280/3716 3409/4271/3706 1057/1932/1790 3406/1935/1791
f 3412/4279/3713 5002/4280/3715 3406/1935/1797 1060/1940/1798
f 57/2790/561 1859/2788/561 5003/4281/561 3417/4282/1504
f 1859/2788/561 55/2786/561 3418/4283/1725 5003/4281/561
f 5003/4281/561 3418/4283/1725 1062/574/1725 3413/575/561
f 3417/4282/1504 5003/4281/561 3413/575/561 1061/576/1504
f 55/2786/561 1987/4268/561 5004/4284/3717 3418/4283/1725
f 1987/4268/1648 311/1931/1116 3419/4285/3718 5004/4284/3719
f 5004/4284/3719 3419/4285/3718 1063/1931/1799 3415/1929/1799
f 3418/4283/1725 5004/4284/3717 3415/1929/1725 1062/574/1725
f 311/1931/1116 1439/1943/1119 5005/4286/1877 3419/4285/3718
f 1439/1943/1119 313/1944/1124 3420/4287/3720 5005/4286/1877
f 5005/4286/1877 3420/4287/3720 1064/1944/865 3416/1943/578
f 3419/4285/3718 5005/4286/1877 3416/1943/578 1063/1931/1799
f 313/1944/1124 1989/4288/1373 5006/4289/3721 3420/4287/3720
f 1989/4288/561 57/2790/561 3417/4282/1504 5006/4289/1715
f 5006/4289/1715 3417/4282/1504 1061/576/1504 3414/1942/1715
f 3420/4287/3720 5006/4289/3721 3414/1942/882 1064/1944/865
f 56/2572/578 1860/2570/578 5007/4290/578 3425/4291/3722
f 1860/2570/578 58/2568/578 3426/4292/3723 5007/4290/578
f 5007/4290/578 3426/4292/3723 1066/1949/1802 3421/1946/578
f 3425/4291/3722 5007/4290/578 3421/1946/578 1065/1945/1800
f 58/2568/578 1990/4293/1550 5008/4294/3724 3426/4292/3723
f 1990/4293/3725 314/4295/252 3427/4296/3726 5008/4294/3727
f 5008/4294/3727 3427/4296/3726 1067/1951/1805 3423/1950/1804
f 3426/4292/3723 5008/4294/3724 3423/1950/1803 1066/1949/1802
f 314/4295/252 1440/4297/250 5009/4298/3728 3427/4296/3726
f 1440/4297/250 312/4275/249 3428/4299/3729 5009/4298/3728
f 5009/4298/3728 3428/4299/3729 1068/1953/1808 3424/1952/1806
f 3427/4296/3726 5009/4298/3728 3424/1952/1806 1067/1951/1805
f 312/4275/249 1988/4273/3730 5010/4300/3731 3428/4299/3729
f 1988/4273/1550 56/2572/578 3425/4291/3722 5010/4300/3732
f 5010/4300/3732 3425/4291/3722 1065/1945/1800 3422/1948/1801
f 3428/4299/3729 5010/4300/3731 3422/1948/1807 1068/1953/1808
f 59/2794/561 1861/2792/561 5011/4301/561 3433/4302/1504
f 1861/2792/561 57/2790/561 3434/4303/1502 5011/4301/561
f 5011/4301/561 3434/4303/1502 1070/576/1502 3429/577/561
f 3433/4302/1504 5011/4301/561 3429/577/561 1069/578/1504
f 57/2790/561 1989/4288/561 5012/4304/1725 3434/4303/1502
f 1989/4288/1373 313/1944/1124 3435/4305/3733 5012/4304/3734
f 5012/4304/3734 3435/4305/3733 1071/1944/1809 3431/1942/1373
f 3434/4303/1502 5012/4304/1725 3431/1942/1725 1070/576/1502
f 313/1944/1124 1442/1956/2804 5013/4306/1648 3435/4305/3733
f 1442/1956/2804 315/1957/984 3436/4307/3735 5013/4306/1648
f 5013/4306/1648 3436/4307/3735 1072/1957/868 3432/1956/578
f 3435/4305/3733 5013/4306/1648 3432/1956/578 1071/1944/1809
f 315/1957/984 1991/4308/1648 5014/4309/3736 3436/4307/3735
f 1991/4308/561 59/2794/561 3433/4302/1504 5014/4309/1505
f 5014/4309/1505 3433/4302/1504 1069/578/1504 3430/1955/1504
f 3436/4307/3735 5014/4309/3736 3430/1955/641 1072/1957/868
f 58/2568/578 1862/2566/578 5015/4310/578 3441/4311/3737
f 1862/2566/578 60/2564/578 3442/4312/3738 5015/4310/578
f 5015/4310/578 3442/4312/3738 1074/1962/1812 3437/1959/578
f 3441/4311/3737 5015/4310/578 3437/1959/578 1073/1958/1810
f 60/2564/578 1992/4313/1663 5016/4314/3739 3442/4312/3738
f 1992/4313/3740 316/4315/261 3443/4316/3741 5016/4314/3742
f 5016/4314/3742 3443/4316/3741 1075/1964/1815 3439/1963/1814
f 3442/4312/3738 5016/4314/3739 3439/1963/1813 1074/1962/1812
f 316/4315/261 1443/4317/259 5017/4318/3743 3443/4316/3741
f 1443/4317/259 314/4295/258 3444/4319/3744 5017/4318/3743
f 5017/4318/3743 3444/4319/3744 1076/1966/1818 3440/1965/1816
f 3443/4316/3741 5017/4318/3743 3440/1965/1816 1075/1964/1815
f 314/4295/258 1990/4293/3745 5018/4320/3746 3444/4319/3744
f 1990/4293/1550 58/2568/578 3441/4311/3737 5018/4320/3747
f 5018/4320/3747 3441/4311/3737 1073/1958/1810 3438/1961/1811
f 3444/4319/3744 5018/4320/3746 3438/1961/1817 1076/1966/1818
f 61/2798/561 1863/2796/561 5019/4321/561 3449/4322/1504
f 1863/2796/561 59/2794/561 3450/4323/1502 5019/4321/561
f 5019/4321/561 3450/4323/1502 1078/578/1502 3445/579/561
f 3449/4322/1504 5019/4321/561 3445/579/561 1077/580/1504
f 59/2794/561 1991/4308/561 5020/4324/1503 3450/4323/1502
f 1991/4308/1648 315/1957/984 3451/4325/3748 5020/4324/3749
f 5020/4324/3749 3451/4325/3748 1079/1957/1278 3447/1955/1507
f 3450/4323/1502 5020/4324/1503 3447/1955/1502 1078/578/1502
f 315/1957/984 1445/1969/1088 5021/4326/1649 3451/4325/3748
f 1445/1969/1088 317/1970/1093 3452/4327/3750 5021/4326/1649
f 5021/4326/1649 3452/4327/3750 1080/1970/847 3448/1969/578
f 3451/4325/3748 5021/4326/1649 3448/1969/578 1079/1957/1278
f 317/1970/1093 1993/4328/1373 5022/4329/3751 3452/4327/3750
f 1993/4328/561 61/2798/561 3449/4322/1504 5022/4329/1505
f 5022/4329/1505 3449/4322/1504 1077/580/1504 3446/1968/1504
f 3452/4327/3750 5022/4329/3751 3446/1968/1517 1080/1970/847
f 60/2564/578 1864/2562/578 5023/4330/578 3457/4331/3752
f 1864/2562/578 62/2560/578 3458/4332/3753 5023/4330/578
f 5023/4330/578 3458/4332/3753 1082/1975/1821 3453/1972/578
f 3457/4331/3752 5023/4330/578 3453/1972/578 1081/1971/1819
f 62/2560/578 1994/4333/1663 5024/4334/3754 3458/4332/3753
f 1994/4333/3755 318/4335/270 3459/4336/3756 5024/4334/3757
f 5024/4334/3757 3459/4336/3756 1083/1977/1824 3455/1976/1823
f 3458/4332/3753 5024/4334/3754 3455/1976/1822 1082/1975/1821
f 318/4335/270 1446/4337/268 5025/4338/3758 3459/4336/3756
f 1446/4337/268 316/4315/267 3460/4339/3759 5025/4338/3758
f 5025/4338/3758 3460/4339/3759 1084/1979/1827 3456/1978/1825
f 3459/4336/3756 5025/4338/3758 3456/1978/1825 1083/1977/1824
f 316/4315/267 1992/4313/3760 5026/4340/3761 3460/4339/3759
f 1992/4313/1663 60/2564/578 3457/4331/3752 5026/4340/3762
f 5026/4340/3762 3457/4331/3752 1081/1971/1819 3454/1974/1820
f 3460/4339/3759 5026/4340/3761 3454/1974/1826 1084/1979/1827
f 63/2802/561 1865/2800/561 5027/4341/561 3465/4342/1504
f 1865/2800/561 61/2798/561 3466/4343/1502 5027/4341/561
f 5027/4341/561 3466/4343/1502 1086/580/1502 3461/581/561
f 3465/4342/1504 5027/4341/561 3461/581/561 1085/582/1504
f 61/2798/561 1993/4328/561 5028/4344/1503 3466/4343/1502
f 1993/4328/1373 317/1970/1093 3467/4345/3763 5028/4344/3764
f 5028/4344/3764 3467/4345/3763 1087/1970/1809 3463/1968/1373
f 3466/4343/1502 5028/4344/1503 3463/1968/1502 1086/580/1502
f 317/1970/1093 1448/1982/2761 5029/4346/1648 3467/4345/3763
f 1448/1982/2761 319/1983/994 3468/4347/3765 5029/4346/1648
f 5029/4346/1648 3468/4347/3765 1088/1983/1506 3464/1982/578
f 3467/4345/3763 5029/4346/1648 3464/1982/578 1087/1970/1809
f 319/1983/994 1995/4348/1760 5030/4349/3766 3468/4347/3765
f 1995/4348/561 63/2802/561 3465/4342/1504 5030/4349/1505
f 5030/4349/1505 3465/4342/1504 1085/582/1504 3462/1981/1504
f 3468/4347/3765 5030/4349/3766 3462/1981/641 1088/1983/1506
f 62/2560/578 1866/2558/578 5031/4350/578 3473/4351/3767
f 1866/2558/578 64/2556/578 3474/4352/3768 5031/4350/578
f 5031/4350/578 3474/4352/3768 1090/1988/1830 3469/1985/578
f 3473/4351/3767 5031/4350/578 3469/1985/578 1089/1984/1828
f 64/2556/578 1996/4353/1663 5032/4354/3769 3474/4352/3768
f 1996/4353/3770 320/4355/279 3475/4356/3771 5032/4354/3772
f 5032/4354/3772 3475/4356/3771 1091/1990/1833 3471/1989/1832
f 3474/4352/3768 5032/4354/3769 3471/1989/1831 1090/1988/1830
f 320/4355/279 1449/4357/277 5033/4358/3773 3475/4356/3771
f 1449/4357/277 318/4335/276 3476/4359/3774 5033/4358/3773
f 5033/4358/3773 3476/4359/3774 1092/1992/1836 3472/1991/1834
f 3475/4356/3771 5033/4358/3773 3472/1991/1834 1091/1990/1833
f 318/4335/276 1994/4333/3775 5034/4360/3776 3476/4359/3774
f 1994/4333/1663 62/2560/578 3473/4351/3767 5034/4360/3777
f 5034/4360/3777 3473/4351/3767 1089/1984/1828 3470/1987/1829
f 3476/4359/3774 5034/4360/3776 3470/1987/1835 1092/1992/1836
f 65/2806/561 1867/2804/561 5035/4361/561 3481/4362/1504
f 1867/2804/561 63/2802/561 3482/4363/1502 5035/4361/561
f 5035/4361/561 3482/4363/1502 1094/582/1502 3477/583/561
f 3481/4362/1504 5035/4361/561 3477/583/561 1093/584/1504
f 63/2802/561 1995/4348/561 5036/4364/1503 3482/4363/1502
f 1995/4348/1760 319/1983/994 3483/4365/3778 5036/4364/1303
f 5036/4364/1303 3483/4365/3778 1095/1983/1837 3479/1981/1507
f 3482/4363/1502 5036/4364/1503 3479/1981/1503 1094/582/1502
f 319/1983/994 1451/1995/1058 5037/4366/1674 3483/4365/3778
f 1451/1995/1058 321/1996/1063 3484/4367/3765 5037/4366/1674
f 5037/4366/1674 3484/4367/3765 1096/1996/1838 3480/1995/578
f 3483/4365/3778 5037/4366/1674 3480/1995/578 1095/1983/1837
f 321/1996/1063 1997/4368/1373 5038/4369/3779 3484/4367/3765
f 1997/4368/561 65/2806/561 3481/4362/1504 5038/4369/1505
f 5038/4369/1505 3481/4362/1504 1093/584/1504 3478/1994/1505
f 3484/4367/3765 5038/4369/3779 3478/1994/1517 1096/1996/1838
f 64/2556/578 1868/2554/578 5039/4370/578 3489/4371/3780
f 1868/2554/578 66/2552/578 3490/4372/3781 5039/4370/578
f 5039/4370/578 3490/4372/3781 1098/2001/1841 3485/1998/578
f 3489/4371/3780 5039/4370/578 3485/1998/578 1097/1997/1839
f 66/2552/578 1998/4373/1663 5040/4374/3782 3490/4372/3781
f 1998/4373/3783 322/4375/288 3491/4376/3784 5040/4374/3785
f 5040/4374/3785 3491/4376/3784 1099/2003/1844 3487/2002/1843
f 3490/4372/3781 5040/4374/3782 3487/2002/1842 1098/2001/1841
f 322/4375/288 1452/4377/286 5041/4378/3786 3491/4376/3784
f 1452/4377/286 320/4355/285 3492/4379/3787 5041/4378/3786
f 5041/4378/3786 3492/4379/3787 1100/2005/1847 3488/2004/1845
f 3491/4376/3784 5041/4378/3786 3488/2004/1845 1099/2003/1844
f 320/4355/285 1996/4353/3788 5042/4380/3789 3492/4379/3787
f 1996/4353/1663 64/2556/578 3489/4371/3780 5042/4380/3790
f 5042/4380/3790 3489/4371/3780 1097/1997/1839 3486/2000/1840
f 3492/4379/3787 5042/4380/3789 3486/2000/1846 1100/2005/1847
f 67/2810/561 1869/2808/561 5043/4381/561 3497/4382/561
f 1869/2808/561 65/2806/561 3498/4383/1502 5043/4381/561
f 5043/4381/561 3498/4383/1502 1102/584/1502 3493/585/561
f 3497/4382/561 5043/4381/561 3493/585/561 1101/586/1504
f 65/2806/561 1997/4368/561 5044/4384/1503 3498/4383/1502
f 1997/4368/1373 321/1996/1063 3499/4385/3791 5044/4384/3036
f 5044/4384/3036 3499/4385/3791 1103/1996/1848 3495/1994/1373
f 3498/4383/1502 5044/4384/1503 3495/1994/1503 1102/584/1502
f 321/1996/1063 1454/2008/2718 5045/4386/1550 3499/4385/3791
f 1454/2008/2718 323/2009/1674 3500/4387/3792 5045/4386/1550
f 5045/4386/1550 3500/4387/3792 1104/2009/1517 3496/2008/578
f 3499/4385/3791 5045/4386/1550 3496/2008/578 1103/1996/1848
f 323/2009/1674 1999/4388/578 5046/4389/1838 3500/4387/3792
f 1999/4388/561 67/2810/561 3497/4382/561 5046/4389/1504
f 5046/4389/1504 3497/4382/561 1101/586/1504 3494/2007/1505
f 3500/4387/3792 5046/4389/1838 3494/2007/641 1104/2009/1517
f 66/2552/578 1870/2550/578 5047/4390/578 3505/4391/3793
f 1870/2550/578 68/2548/578 3506/4392/3794 5047/4390/578
f 5047/4390/578 3506/4392/3794 1106/2014/1851 3501/2011/578
f 3505/4391/3793 5047/4390/578 3501/2011/578 1105/2010/1849
f 68/2548/578 2000/4393/1663 5048/4394/3795 3506/4392/3794
f 2000/4393/3796 324/4395/297 3507/4396/3797 5048/4394/3798
f 5048/4394/3798 3507/4396/3797 1107/2016/1854 3503/2015/1853
f 3506/4392/3794 5048/4394/3795 3503/2015/1852 1106/2014/1851
f 324/4395/297 1455/4397/295 5049/4398/3799 3507/4396/3797
f 1455/4397/295 322/4375/294 3508/4399/3800 5049/4398/3799
f 5049/4398/3799 3508/4399/3800 1108/2018/1857 3504/2017/1855
f 3507/4396/3797 5049/4398/3799 3504/2017/1855 1107/2016/1854
f 322/4375/294 1998/4373/3801 5050/4400/3802 3508/4399/3800
f 1998/4373/1663 66/2552/578 3505/4391/3793 5050/4400/3803
f 5050/4400/3803 3505/4391/3793 1105/2010/1849 3502/2013/1850
f 3508/4399/3800 5050/4400/3802 3502/2013/1856 1108/2018/1857
f 69/2814/561 1871/2812/561 5051/4401/561 3513/4402/1504
f 1871/2812/561 67/2810/561 3514/4403/561 5051/4401/561
f 5051/4401/561 3514/4403/561 1110/586/1502 3509/587/561
f 3513/4402/1504 5051/4401/561 3509/587/561 1109/588/1504
f 67/2810/561 1999/4388/561 5052/4404/1502 3514/4403/561
f 1999/4388/578 323/2009/1674 3515/4405/3804 5052/4404/3805
f 5052/4404/3805 3515/4405/3804 1111/2009/1507 3511/2007/1373
f 3514/4403/561 5052/4404/1502 3511/2007/1503 1110/586/1502
f 323/2009/1674 1457/2021/1119 5053/4406/1517 3515/4405/3804
f 1457/2021/1119 325/2022/1009 3516/4407/3806 5053/4406/1517
f 5053/4406/1517 3516/4407/3806 1112/2022/1538 3512/2021/578
f 3515/4405/3804 5053/4406/1517 3512/2021/578 1111/2009/1507
f 325/2022/1009 2001/4408/641 5054/4409/3807 3516/4407/3806
f 2001/4408/561 69/2814/561 3513/4402/1504 5054/4409/1505
f 5054/4409/1505 3513/4402/1504 1109/588/1504 3510/2020/1504
f 3516/4407/3806 5054/4409/3807 3510/2020/641 1112/2022/1538
f 68/2548/578 1872/2546/578 5055/4410/578 3521/4411/3808
f 1872/2546/578 70/2544/578 3522/4412/3809 5055/4410/578
f 5055/4410/578 3522/4412/3809 1114/2027/1860 3517/2024/578
f 3521/4411/3808 5055/4410/578 3517/2024/578 1113/2023/1858
f 70/2544/578 2002/4413/1663 5056/4414/3810 3522/4412/3809
f 2002/4413/3811 326/4415/306 3523/4416/3812 5056/4414/3813
f 5056/4414/3813 3523/4416/3812 1115/2029/1863 3519/2028/1862
f 3522/4412/3809 5056/4414/3810 3519/2028/1861 1114/2027/1860
f 326/4415/306 1458/4417/304 5057/4418/3814 3523/4416/3812
f 1458/4417/304 324/4395/303 3524/4419/3815 5057/4418/3814
f 5057/4418/3814 3524/4419/3815 1116/2031/1866 3520/2030/1864
f 3523/4416/3812 5057/4418/3814 3520/2030/1864 1115/2029/1863
f 324/4395/303 2000/4393/3816 5058/4420/3817 3524/4419/3815
f 2000/4393/1663 68/2548/578 3521/4411/3808 5058/4420/3818
f 5058/4420/3818 3521/4411/3808 1113/2023/1858 3518/2026/1859
f 3524/4419/3815 5058/4420/3817 3518/2026/1865 1116/2031/1866
f 71/2818/561 1873/2816/561 5059/4421/561 3529/4422/1504
f 1873/2816/561 69/2814/561 3530/4423/1502 5059/4421/561
f 5059/4421/561 3530/4423/1502 1118/588/1502 3525/589/561
f 3529/4422/1504 5059/4421/561 3525/589/561 1117/590/1504
f 69/2814/561 2001/4408/561 5060/4424/1503 3530/4423/1502
f 2001/4408/641 325/2022/1009 3531/4425/3346 5060/4424/3347
f 5060/4424/3347 3531/4425/3346 1119/2022/1183 3527/2020/1507
f 3530/4423/1502 5060/4424/1503 3527/2020/1502 1118/588/1502
f 325/2022/1009 1460/2034/1012 5061/4426/2079 3531/4425/3346
f 1460/2034/1012 327/2035/994 3532/4427/3819 5061/4426/2079
f 5061/4426/2079 3532/4427/3819 1120/2035/1867 3528/2034/578
f 3531/4425/3346 5061/4426/2079 3528/2034/578 1119/2022/1183
f 327/2035/994 2003/4428/1648 5062/4429/3820 3532/4427/3819
f 2003/4428/561 71/2818/561 3529/4422/1504 5062/4429/3402
f 5062/4429/3402 3529/4422/1504 1117/590/1504 3526/2033/1504
f 3532/4427/3819 5062/4429/3820 3526/2033/1867 1120/2035/1867
f 70/2544/578 1874/2542/578 5063/4430/578 3537/4431/3821
f 1874/2542/578 72/2540/578 3538/4432/3822 5063/4430/578
f 5063/4430/578 3538/4432/3822 1122/2040/1870 3533/2037/578
f 3537/4431/3821 5063/4430/578 3533/2037/578 1121/2036/1868
f 72/2540/578 2004/4433/1663 5064/4434/3823 3538/4432/3822
f 2004/4433/3824 328/4435/315 3539/4436/3825 5064/4434/3826
f 5064/4434/3826 3539/4436/3825 1123/2042/1873 3535/2041/1872
f 3538/4432/3822 5064/4434/3823 3535/2041/1871 1122/2040/1870
f 328/4435/315 1461/4437/313 5065/4438/3827 3539/4436/3825
f 1461/4437/313 326/4415/312 3540/4439/3828 5065/4438/3827
f 5065/4438/3827 3540/4439/3828 1124/2044/1876 3536/2043/1874
f 3539/4436/3825 5065/4438/3827 3536/2043/1874 1123/2042/1873
f 326/4415/312 2002/4413/3829 5066/4440/3830 3540/4439/3828
f 2002/4413/1663 70/2544/578 3537/4431/3821 5066/4440/3831
f 5066/4440/3831 3537/4431/3821 1121/2036/1868 3534/2039/1869
f 3540/4439/3828 5066/4440/3830 3534/2039/1875 1124/2044/1876
f 73/2822/561 1875/4441/561 5067/4442/561 3545/4443/1504
f 1875/4441/561 71/2818/561 3546/4444/1502 5067/4442/561
f 5067/4442/561 3546/4444/1502 1126/590/1502 3541/591/561
f 3545/4443/1504 5067/4442/561 3541/591/561 1125/592/1504
f 71/2818/561 2003/4428/561 5068/4445/3390 3546/4444/1502
f 2003/4428/1648 327/2035/994 3547/4446/3832 5068/4445/3833
f 5068/4445/3833 3547/4446/3832 1127/2035/1877 3543/2033/1877
f 3546/4444/1502 5068/4445/3390 3543/2033/1502 1126/590/1502
f 327/2035/994 1463/2047/997 5069/4447/997 3547/4446/3832
f 1463/2047/997 329/2048/976 3548/4448/3834 5069/4447/997
f 5069/4447/997 3548/4448/3834 1128/2048/1878 3544/2047/578
f 3547/4446/3832 5069/4447/997 3544/2047/578 1127/2035/1877
f 329/2048/976 2005/4449/1648 5070/4450/3835 3548/4448/3834
f 2005/4449/561 73/2822/561 3545/4443/1504 5070/4450/3402
f 5070/4450/3402 3545/4443/1504 1125/592/1504 3542/2046/1504
f 3548/4448/3834 5070/4450/3835 3542/2046/1878 1128/2048/1878
f 72/2540/578 1876/2538/578 5071/4451/578 3553/4452/3836
f 1876/2538/578 74/2536/578 3554/4453/3837 5071/4451/578
f 5071/4451/578 3554/4453/3837 1130/2053/1881 3549/2050/578
f 3553/4452/3836 5071/4451/578 3549/2050/578 1129/2049/1879
f 74/2536/578 2006/4454/1760 5072/4455/3838 3554/4453/3837
f 2006/4454/3839 330/4456/324 3555/4457/3840 5072/4455/3841
f 5072/4455/3841 3555/4457/3840 1131/2055/1884 3551/2054/1883
f 3554/4453/3837 5072/4455/3838 3551/2054/1882 1130/2053/1881
f 330/4456/324 1464/4458/322 5073/4459/3842 3555/4457/3840
f 1464/4458/322 328/4435/321 3556/4460/3843 5073/4459/3842
f 5073/4459/3842 3556/4460/3843 1132/2057/1887 3552/2056/1885
f 3555/4457/3840 5073/4459/3842 3552/2056/1885 1131/2055/1884
f 328/4435/321 2004/4433/3844 5074/4461/3845 3556/4460/3843
f 2004/4433/1663 72/2540/578 3553/4452/3836 5074/4461/3846
f 5074/4461/3846 3553/4452/3836 1129/2049/1879 3550/2052/1880
f 3556/4460/3843 5074/4461/3845 3550/2052/1886 1132/2057/1887
f 75/2826/561 1877/2824/561 5075/4462/561 3561/4463/1504
f 1877/2824/561 73/2822/561 3562/4464/1502 5075/4462/561
f 5075/4462/561 3562/4464/1502 1134/592/1502 3557/593/561
f 3561/4463/1504 5075/4462/561 3557/593/561 1133/2828/1548
f 73/2822/561 2005/4449/561 5076/4465/3390 3562/4464/1502
f 2005/4449/1648 329/2048/976 3563/4466/3847 5076/4465/3848
f 5076/4465/3848 3563/4466/3847 1135/2048/1877 3559/2046/1877
f 3562/4464/1502 5076/4465/3390 3559/2046/1502 1134/592/1502
f 329/2048/976 1466/2060/979 5077/4467/1626 3563/4466/3847
f 1466/2060/979 331/2061/984 3564/4468/3849 5077/4467/1626
f 5077/4467/1626 3564/4468/3849 1136/2061/713 3560/2060/578
f 3563/4466/3847 5077/4467/1626 3560/2060/578 1135/2048/1877
f 331/2061/984 2007/4469/1648 5078/4470/3850 3564/4468/3849
f 2007/4469/561 75/2826/561 3561/4463/1504 5078/4470/1548
f 5078/4470/1548 3561/4463/1504 1133/2828/1548 3558/2059/1548
f 3564/4468/3849 5078/4470/3850 3558/2059/1560 1136/2061/713
f 74/2536/578 1878/2534/578 5079/4471/578 3569/4472/3851
f 1878/2534/578 76/2532/578 3570/4473/3852 5079/4471/578
f 5079/4471/578 3570/4473/3852 1138/2066/1890 3565/2063/578
f 3569/4472/3851 5079/4471/578 3565/2063/578 1137/2062/1888
f 76/2532/578 2008/4474/1760 5080/4475/3853 3570/4473/3852
f 2008/4474/3854 332/4476/333 3571/4477/3855 5080/4475/3856
f 5080/4475/3856 3571/4477/3855 1139/2068/1893 3567/4478/1892
f 3570/4473/3852 5080/4475/3853 3567/4478/1891 1138/2066/1890
f 332/4476/333 1467/4479/331 5081/4480/3857 3571/4477/3855
f 1467/4479/331 330/4456/330 3572/4481/3858 5081/4480/3857
f 5081/4480/3857 3572/4481/3858 1140/2070/1896 3568/2069/1894
f 3571/4477/3855 5081/4480/3857 3568/2069/1894 1139/2068/1893
f 330/4456/330 2006/4454/3859 5082/4482/3860 3572/4481/3858
f 2006/4454/1760 74/2536/578 3569/4472/3851 5082/4482/3861
f 5082/4482/3861 3569/4472/3851 1137/2062/1888 3566/2065/1889
f 3572/4481/3858 5082/4482/3860 3566/2065/1895 1140/2070/1896
f 77/2831/561 1879/2829/561 5083/4483/561 3577/4484/1504
f 1879/2829/561 75/2826/561 3578/4485/1502 5083/4483/561
f 5083/4483/561 3578/4485/1502 1142/2828/1537 3573/595/561
f 3577/4484/1504 5083/4483/561 3573/595/561 1141/596/1548
f 75/2826/561 2007/4469/561 5084/4486/1537 3578/4485/1502
f 2007/4469/1648 331/2061/984 3579/4487/3862 5084/4486/2971
f 5084/4486/2971 3579/4487/3862 1143/2061/1192 3575/2059/1550
f 3578/4485/1502 5084/4486/1537 3575/2059/1537 1142/2828/1537
f 331/2061/984 1469/2073/1738 5085/4488/1648 3579/4487/3862
f 1469/2073/1738 333/2074/855 3580/4489/3863 5085/4488/1648
f 5085/4488/1648 3580/4489/3863 1144/2074/1897 3576/2073/578
f 3579/4487/3862 5085/4488/1648 3576/2073/578 1143/2061/1192
f 333/2074/855 2009/4490/641 5086/4491/2301 3580/4489/3863
f 2009/4490/561 77/2831/561 3577/4484/1504 5086/4491/1548
f 5086/4491/1548 3577/4484/1504 1141/596/1548 3574/2072/1548
f 3580/4489/3863 5086/4491/2301 3574/2072/1560 1144/2074/1897
f 76/2532/578 1880/2530/578 5087/4492/578 3585/4493/3864
f 1880/2530/578 78/2528/578 3586/4494/3865 5087/4492/578
f 5087/4492/578 3586/4494/3865 1146/2079/1900 3581/2076/578
f 3585/4493/3864 5087/4492/578 3581/2076/578 1145/2075/1898
f 78/2528/578 2010/4495/1760 5088/4496/3866 3586/4494/3865
f 2010/4495/3867 334/4497/342 3587/4498/3868 5088/4496/3869
f 5088/4496/3869 3587/4498/3868 1147/2081/1903 3583/2080/1902
f 3586/4494/3865 5088/4496/3866 3583/2080/1901 1146/2079/1900
f 334/4497/342 1470/4499/340 5089/4500/3870 3587/4498/3868
f 1470/4499/340 332/4476/339 3588/4501/3871 5089/4500/3870
f 5089/4500/3870 3588/4501/3871 1148/2083/1906 3584/2082/1904
f 3587/4498/3868 5089/4500/3870 3584/2082/1904 1147/2081/1903
f 332/4476/339 2008/4474/3872 5090/4502/3873 3588/4501/3871
f 2008/4474/1760 76/2532/578 3585/4493/3864 5090/4502/3874
f 5090/4502/3874 3585/4493/3864 1145/2075/1898 3582/2078/1899
f 3588/4501/3871 5090/4502/3873 3582/2078/1905 1148/2083/1906
f 79/2835/561 1881/2833/561 5091/4503/561 3593/4504/1548
f 1881/2833/561 77/2831/561 3594/4505/1502 5091/4503/561
f 5091/4503/561 3594/4505/1502 1150/596/1537 3589/597/561
f 3593/4504/1548 5091/4503/561 3589/597/561 1149/598/1548
f 77/2831/561 2009/4490/561 5092/4506/1537 3594/4505/1502
f 2009/4490/641 333/2074/855 3595/4507/3875 5092/4506/3876
f 5092/4506/3876 3595/4507/3875 1151/2074/1572 3591/2072/1550
f 3594/4505/1502 5092/4506/1537 3591/2072/1537 1150/596/1537
f 333/2074/855 1472/2086/950 5093/4508/2119 3595/4507/3875
f 1472/2086/950 335/2087/907 3596/4509/3403 5093/4508/2119
f 5093/4508/2119 3596/4509/3403 1152/2087/1571 3592/2086/578
f 3595/4507/3875 5093/4508/2119 3592/2086/578 1151/2074/1572
f 335/2087/907 2011/4510/1648 5094/4511/3404 3596/4509/3403
f 2011/4510/561 79/2835/561 3593/4504/1548 5094/4511/3402
f 5094/4511/3402 3593/4504/1548 1149/598/1548 3590/2085/1548
f 3596/4509/3403 5094/4511/3404 3590/2085/1571 1152/2087/1571
f 78/2528/578 1882/2526/578 5095/4512/578 3601/4513/3877
f 1882/2526/578 80/2524/578 3602/4514/3878 5095/4512/578
f 5095/4512/578 3602/4514/3878 1154/2092/1909 3597/2089/578
f 3601/4513/3877 5095/4512/578 3597/2089/578 1153/2088/1907
f 80/2524/578 2012/4515/1760 5096/4516/3879 3602/4514/3878
f 2012/4515/3880 336/4517/351 3603/4518/3881 5096/4516/3882
f 5096/4516/3882 3603/4518/3881 1155/2094/1912 3599/2093/1911
f 3602/4514/3878 5096/4516/3879 3599/2093/1910 1154/2092/1909
f 336/4517/351 1473/4519/349 5097/4520/3883 3603/4518/3881
f 1473/4519/349 334/4497/348 3604/4521/3884 5097/4520/3883
f 5097/4520/3883 3604/4521/3884 1156/2096/1915 3600/2095/1913
f 3603/4518/3881 5097/4520/3883 3600/2095/1913 1155/2094/1912
f 334/4497/348 2010/4495/3885 5098/4522/3886 3604/4521/3884
f 2010/4495/1760 78/2528/578 3601/4513/3877 5098/4522/3887
f 5098/4522/3887 3601/4513/3877 1153/2088/1907 3598/2091/1908
f 3604/4521/3884 5098/4522/3886 3598/2091/1914 1156/2096/1915
f 81/2839/561 1883/2837/561 5099/4523/561 3609/4524/1548
f 1883/2837/561 79/2835/561 3610/4525/1537 5099/4523/561
f 5099/4523/561 3610/4525/1537 1158/598/1537 3605/599/561
f 3609/4524/1548 5099/4523/561 3605/599/561 1157/2841/1548
f 79/2835/561 2011/4510/561 5100/4526/3390 3610/4525/1537
f 2011/4510/1648 335/2087/907 3611/4527/3420 5100/4526/3888
f 5100/4526/3888 3611/4527/3420 1159/2087/1583 3607/2085/1583
f 3610/4525/1537 5100/4526/3390 3607/2085/1537 1158/598/1537
f 335/2087/907 1475/2099/910 5101/4528/1009 3611/4527/3420
f 1475/2099/910 337/2100/907 3612/4529/3418 5101/4528/1009
f 5101/4528/1009 3612/4529/3418 1160/2100/1582 3608/2099/578
f 3611/4527/3420 5101/4528/1009 3608/2099/578 1159/2087/1583
f 337/2100/907 2013/4530/578 5102/4531/3889 3612/4529/3418
f 2013/4530/561 81/2839/561 3609/4524/1548 5102/4531/3434
f 5102/4531/3434 3609/4524/1548 1157/2841/1548 3606/2098/1548
f 3612/4529/3418 5102/4531/3889 3606/2098/1582 1160/2100/1582
f 80/2524/578 1884/2522/578 5103/4532/578 3617/4533/3890
f 1884/2522/578 82/2520/578 3618/4534/3891 5103/4532/578
f 5103/4532/578 3618/4534/3891 1162/2105/1918 3613/2102/578
f 3617/4533/3890 5103/4532/578 3613/2102/578 1161/2101/1916
f 82/2520/578 2014/4535/1760 5104/4536/3892 3618/4534/3891
f 2014/4535/3893 338/4537/360 3619/4538/3894 5104/4536/3895
f 5104/4536/3895 3619/4538/3894 1163/2107/1921 3615/2106/1920
f 3618/4534/3891 5104/4536/3892 3615/2106/1919 1162/2105/1918
f 338/4537/360 1476/4539/358 5105/4540/3896 3619/4538/3894
f 1476/4539/358 336/4517/357 3620/4541/3897 5105/4540/3896
f 5105/4540/3896 3620/4541/3897 1164/2109/1924 3616/2108/1922
f 3619/4538/3894 5105/4540/3896 3616/2108/1922 1163/2107/1921
f 336/4517/357 2012/4515/3898 5106/4542/3899 3620/4541/3897
f 2012/4515/1760 80/2524/578 3617/4533/3890 5106/4542/3900
f 5106/4542/3900 3617/4533/3890 1161/2101/1916 3614/2104/1917
f 3620/4541/3897 5106/4542/3899 3614/2104/1923 1164/2109/1924
f 83/2844/561 1885/2842/561 5107/4543/561 3625/4544/1548
f 1885/2842/561 81/2839/561 3626/4545/1537 5107/4543/561
f 5107/4543/561 3626/4545/1537 1166/2841/1537 3621/601/561
f 3625/4544/1548 5107/4543/561 3621/601/561 1165/2846/1548
f 81/2839/561 2013/4530/561 5108/4546/3422 3626/4545/1537
f 2013/4530/578 337/2100/907 3627/4547/3437 5108/4546/3901
f 5108/4546/3901 3627/4547/3437 1167/2100/1583 3623/2098/1583
f 3626/4545/1537 5108/4546/3422 3623/2098/1537 1166/2841/1537
f 337/2100/907 1478/2112/910 5109/4548/855 3627/4547/3437
f 1478/2112/910 339/2113/907 3628/4549/3435 5109/4548/855
f 5109/4548/855 3628/4549/3435 1168/2113/1582 3624/2112/578
f 3627/4547/3437 5109/4548/855 3624/2112/578 1167/2100/1583
f 339/2113/907 2015/4550/641 5110/4551/3902 3628/4549/3435
f 2015/4550/561 83/2844/561 3625/4544/1548 5110/4551/3451
f 5110/4551/3451 3625/4544/1548 1165/2846/1548 3622/2111/1548
f 3628/4549/3435 5110/4551/3902 3622/2111/1582 1168/2113/1582
f 82/2520/578 1886/2518/578 5111/4552/578 3633/4553/3903
f 1886/2518/578 84/2516/578 3634/4554/3904 5111/4552/578
f 5111/4552/578 3634/4554/3904 1170/2118/1927 3629/2115/578
f 3633/4553/3903 5111/4552/578 3629/2115/578 1169/2114/1925
f 84/2516/578 2016/4555/1760 5112/4556/3905 3634/4554/3904
f 2016/4555/3906 340/4557/369 3635/4558/3907 5112/4556/3908
f 5112/4556/3908 3635/4558/3907 1171/2120/1930 3631/2119/1929
f 3634/4554/3904 5112/4556/3905 3631/2119/1928 1170/2118/1927
f 340/4557/369 1479/4559/367 5113/4560/3909 3635/4558/3907
f 1479/4559/367 338/4537/366 3636/4561/3910 5113/4560/3909
f 5113/4560/3909 3636/4561/3910 1172/2122/1933 3632/2121/1931
f 3635/4558/3907 5113/4560/3909 3632/2121/1931 1171/2120/1930
f 338/4537/366 2014/4535/3911 5114/4562/3912 3636/4561/3910
f 2014/4535/1760 82/2520/578 3633/4553/3903 5114/4562/3913
f 5114/4562/3913 3633/4553/3903 1169/2114/1925 3630/2117/1926
f 3636/4561/3910 5114/4562/3912 3630/2117/1932 1172/2122/1933
f 85/2849/561 1887/2847/561 5115/4563/561 3641/4564/1548
f 1887/2847/561 83/2844/561 3642/4565/1537 5115/4563/561
f 5115/4563/561 3642/4565/1537 1174/2846/1537 3637/603/561
f 3641/4564/1548 5115/4563/561 3637/603/561 1173/604/1548
f 83/2844/561 2015/4550/561 5116/4566/3439 3642/4565/1537
f 2015/4550/641 339/2113/907 3643/4567/3454 5116/4566/3455
f 5116/4566/3455 3643/4567/3454 1175/2113/1603 3639/2111/1603
f 3642/4565/1537 5116/4566/3439 3639/2111/1537 1174/2846/1537
f 339/2113/907 1481/2125/910 5117/4568/855 3643/4567/3454
f 1481/2125/910 341/2126/855 3644/4569/3452 5117/4568/855
f 5117/4568/855 3644/4569/3452 1176/2126/1602 3640/2125/578
f 3643/4567/3454 5117/4568/855 3640/2125/578 1175/2113/1603
f 341/2126/855 2017/4570/641 5118/4571/3453 3644/4569/3452
f 2017/4570/561 85/2849/561 3641/4564/1548 5118/4571/3451
f 5118/4571/3451 3641/4564/1548 1173/604/1548 3638/2124/1548
f 3644/4569/3452 5118/4571/3453 3638/2124/1602 1176/2126/1602
f 84/2516/578 1888/2514/578 5119/4572/578 3649/4573/3914
f 1888/2514/578 86/2512/578 3650/4574/3915 5119/4572/578
f 5119/4572/578 3650/4574/3915 1178/2131/1936 3645/2128/578
f 3649/4573/3914 5119/4572/578 3645/2128/578 1177/2127/1934
f 86/2512/578 2018/4575/1760 5120/4576/3916 3650/4574/3915
f 2018/4575/3917 342/4577/378 3651/4578/3918 5120/4576/3919
f 5120/4576/3919 3651/4578/3918 1179/2133/1939 3647/2132/1938
f 3650/4574/3915 5120/4576/3916 3647/2132/1937 1178/2131/1936
f 342/4577/378 1482/4579/376 5121/4580/3920 3651/4578/3918
f 1482/4579/376 340/4557/375 3652/4581/3921 5121/4580/3920
f 5121/4580/3920 3652/4581/3921 1180/2135/1942 3648/2134/1940
f 3651/4578/3918 5121/4580/3920 3648/2134/1940 1179/2133/1939
f 340/4557/375 2016/4555/3922 5122/4582/3923 3652/4581/3921
f 2016/4555/1760 84/2516/578 3649/4573/3914 5122/4582/3924
f 5122/4582/3924 3649/4573/3914 1177/2127/1934 3646/2130/1935
f 3652/4581/3921 5122/4582/3923 3646/2130/1941 1180/2135/1942
f 87/2853/561 1889/2851/561 5123/4583/561 3657/4584/1548
f 1889/2851/561 85/2849/561 3658/4585/1537 5123/4583/561
f 5123/4583/561 3658/4585/1537 1182/604/1537 3653/605/561
f 3657/4584/1548 5123/4583/561 3653/605/561 1181/606/1548
f 85/2849/561 2017/4570/561 5124/4586/3439 3658/4585/1537
f 2017/4570/641 341/2126/855 3659/4587/3469 5124/4586/3925
f 5124/4586/3925 3659/4587/3469 1183/2126/1614 3655/2124/1614
f 3658/4585/1537 5124/4586/3439 3655/2124/1537 1182/604/1537
f 341/2126/855 1484/2138/882 5125/4588/855 3659/4587/3469
f 1484/2138/882 343/2139/865 3660/4589/3467 5125/4588/855
f 5125/4588/855 3660/4589/3467 1184/2139/1613 3656/2138/578
f 3659/4587/3469 5125/4588/855 3656/2138/578 1183/2126/1614
f 343/2139/865 2019/4590/641 5126/4591/3926 3660/4589/3467
f 2019/4590/561 87/2853/561 3657/4584/1548 5126/4591/3451
f 5126/4591/3451 3657/4584/1548 1181/606/1548 3654/2137/1548
f 3660/4589/3467 5126/4591/3926 3654/2137/1613 1184/2139/1613
f 86/2512/578 1890/2510/578 5127/4592/578 3665/4593/3927
f 1890/2510/578 88/2508/578 3666/4594/3928 5127/4592/578
f 5127/4592/578 3666/4594/3928 1186/2144/1945 3661/2141/578
f 3665/4593/3927 5127/4592/578 3661/2141/578 1185/2140/1943
f 88/2508/578 2020/4595/1760 5128/4596/3929 3666/4594/3928
f 2020/4595/3930 344/4597/387 3667/4598/3931 5128/4596/3932
f 5128/4596/3932 3667/4598/3931 1187/2146/1948 3663/2145/1947
f 3666/4594/3928 5128/4596/3929 3663/2145/1946 1186/2144/1945
f 344/4597/387 1485/4599/385 5129/4600/3933 3667/4598/3931
f 1485/4599/385 342/4577/384 3668/4601/3934 5129/4600/3933
f 5129/4600/3933 3668/4601/3934 1188/2148/1951 3664/2147/1949
f 3667/4598/3931 5129/4600/3933 3664/2147/1949 1187/2146/1948
f 342/4577/384 2018/4575/3935 5130/4602/3936 3668/4601/3934
f 2018/4575/1760 86/2512/578 3665/4593/3927 5130/4602/3937
f 5130/4602/3937 3665/4593/3927 1185/2140/1943 3662/2143/1944
f 3668/4601/3934 5130/4602/3936 3662/2143/1950 1188/2148/1951
f 89/2857/561 1891/2855/561 5131/4603/561 3673/4604/1636
f 1891/2855/561 87/2853/561 3674/4605/1537 5131/4603/561
f 5131/4603/561 3674/4605/1537 1190/606/1537 3669/607/561
f 3673/4604/1636 5131/4603/561 3669/607/561 1189/608/1636
f 87/2853/561 2019/4590/561 5132/4606/3439 3674/4605/1537
f 2019/4590/641 343/2139/865 3675/4607/3484 5132/4606/3485
f 5132/4606/3485 3675/4607/3484 1191/2139/1626 3671/2137/1626
f 3674/4605/1537 5132/4606/3439 3671/2137/1537 1190/606/1537
f 343/2139/865 1487/2151/882 5133/4608/855 3675/4607/3484
f 1487/2151/882 345/2152/865 3676/4609/3482 5133/4608/855
f 5133/4608/855 3676/4609/3482 1192/2152/1625 3672/2151/578
f 3675/4607/3484 5133/4608/855 3672/2151/578 1191/2139/1626
f 345/2152/865 2021/4610/641 5134/4611/3483 3676/4609/3482
f 2021/4610/561 89/2857/561 3673/4604/1636 5134/4611/3451
f 5134/4611/3451 3673/4604/1636 1189/608/1636 3670/2150/1636
f 3676/4609/3482 5134/4611/3483 3670/2150/1625 1192/2152/1625
f 88/2508/578 1892/2506/578 5135/4612/578 3681/4613/3938
f 1892/2506/578 90/2504/578 3682/4614/3939 5135/4612/578
f 5135/4612/578 3682/4614/3939 1194/2157/1954 3677/2154/578
f 3681/4613/3938 5135/4612/578 3677/2154/578 1193/2153/1952
f 90/2504/578 2022/4615/1760 5136/4616/3940 3682/4614/3939
f 2022/4615/3941 346/4617/396 3683/4618/3942 5136/4616/3943
f 5136/4616/3943 3683/4618/3942 1195/2159/1957 3679/2158/1956
f 3682/4614/3939 5136/4616/3940 3679/2158/1955 1194/2157/1954
f 346/4617/396 1488/4619/394 5137/4620/3944 3683/4618/3942
f 1488/4619/394 344/4597/393 3684/4621/3945 5137/4620/3944
f 5137/4620/3944 3684/4621/3945 1196/2161/1960 3680/2160/1958
f 3683/4618/3942 5137/4620/3944 3680/2160/1958 1195/2159/1957
f 344/4597/393 2020/4595/3946 5138/4622/3947 3684/4621/3945
f 2020/4595/1760 88/2508/578 3681/4613/3938 5138/4622/3948
f 5138/4622/3948 3681/4613/3938 1193/2153/1952 3678/2156/1953
f 3684/4621/3945 5138/4622/3947 3678/2156/1959 1196/2161/1960
f 91/2861/561 1893/2859/561 5139/4623/561 3689/4624/1636
f 1893/2859/561 89/2857/561 3690/4625/1624 5139/4623/561
f 5139/4623/561 3690/4625/1624 1198/608/1624 3685/609/561
f 3689/4624/1636 5139/4623/561 3685/609/561 1197/610/1636
f 89/2857/561 2021/4610/561 5140/4626/3439 3690/4625/1624
f 2021/4610/641 345/2152/865 3691/4627/3949 5140/4626/3950
f 5140/4626/3950 3691/4627/3949 1199/2152/1626 3687/2150/1626
f 3690/4625/1624 5140/4626/3439 3687/2150/1624 1198/608/1624
f 345/2152/865 1490/2164/868 5141/4628/868 3691/4627/3949
f 1490/2164/868 347/2165/847 3692/4629/3497 5141/4628/868
f 5141/4628/868 3692/4629/3497 1200/2165/1625 3688/2164/578
f 3691/4627/3949 5141/4628/868 3688/2164/578 1199/2152/1626
f 347/2165/847 2023/4630/641 5142/4631/3951 3692/4629/3497
f 2023/4630/561 91/2861/561 3689/4624/1636 5142/4631/3451
f 5142/4631/3451 3689/4624/1636 1197/610/1636 3686/2163/1636
f 3692/4629/3497 5142/4631/3951 3686/2163/1625 1200/2165/1625
f 90/2504/578 1894/2502/578 5143/4632/578 3697/4633/3952
f 1894/2502/578 92/2500/578 3698/4634/3953 5143/4632/578
f 5143/4632/578 3698/4634/3953 1202/2170/1963 3693/2167/578
f 3697/4633/3952 5143/4632/578 3693/2167/578 1201/2166/1961
f 92/2500/578 2024/4635/1517 5144/4636/3954 3698/4634/3953
f 2024/4635/3955 348/4637/405 3699/4638/3956 5144/4636/3957
f 5144/4636/3957 3699/4638/3956 1203/2172/1966 3695/2171/1965
f 3698/4634/3953 5144/4636/3954 3695/2171/1964 1202/2170/1963
f 348/4637/405 1491/4639/403 5145/4640/3958 3699/4638/3956
f 1491/4639/403 346/4617/402 3700/4641/3959 5145/4640/3958
f 5145/4640/3958 3700/4641/3959 1204/2174/1969 3696/2173/1967
f 3699/4638/3956 5145/4640/3958 3696/2173/1967 1203/2172/1966
f 346/4617/402 2022/4615/3960 5146/4642/3961 3700/4641/3959
f 2022/4615/1760 90/2504/578 3697/4633/3952 5146/4642/3962
f 5146/4642/3962 3697/4633/3952 1201/2166/1961 3694/2169/1962
f 3700/4641/3959 5146/4642/3961 3694/2169/1968 1204/2174/1969
f 93/2865/561 1895/2863/561 5147/4643/561 3705/4644/1636
f 1895/2863/561 91/2861/561 3706/4645/1624 5147/4643/561
f 5147/4643/561 3706/4645/1624 1206/610/1624 3701/611/561
f 3705/4644/1636 5147/4643/561 3701/611/561 1205/612/1636
f 91/2861/561 2023/4630/561 5148/4646/3439 3706/4645/1624
f 2023/4630/641 347/2165/847 3707/4647/3963 5148/4646/3964
f 5148/4646/3964 3707/4647/3963 1207/2165/1664 3703/2163/1664
f 3706/4645/1624 5148/4646/3439 3703/2163/1624 1206/610/1624
f 347/2165/847 1493/2177/850 5149/4648/1749 3707/4647/3963
f 1493/2177/850 349/2178/855 3708/4649/3512 5149/4648/1749
f 5149/4648/1749 3708/4649/3512 1208/2178/597 3704/2177/578
f 3707/4647/3963 5149/4648/1749 3704/2177/578 1207/2165/1664
f 349/2178/855 2025/4650/1648 5150/4651/3526 3708/4649/3512
f 2025/4650/561 93/2865/561 3705/4644/1636 5150/4651/1660
f 5150/4651/1660 3705/4644/1636 1205/612/1636 3702/2176/1636
f 3708/4649/3512 5150/4651/3526 3702/2176/1661 1208/2178/597
f 92/2500/578 1896/2498/578 5151/4652/578 3713/4653/3965
f 1896/2498/578 94/2496/578 3714/4654/3966 5151/4652/578
f 5151/4652/578 3714/4654/3966 1210/2183/1972 3709/2180/578
f 3713/4653/3965 5151/4652/578 3709/2180/578 1209/2179/1970
f 94/2496/578 2026/4655/1517 5152/4656/3967 3714/4654/3966
f 2026/4655/3968 350/4657/414 3715/4658/3969 5152/4656/3970
f 5152/4656/3970 3715/4658/3969 1211/2185/1975 3711/2184/1974
f 3714/4654/3966 5152/4656/3967 3711/2184/1973 1210/2183/1972
f 350/4657/414 1494/4659/412 5153/4660/3971 3715/4658/3969
f 1494/4659/412 348/4637/411 3716/4661/3972 5153/4660/3971
f 5153/4660/3971 3716/4661/3972 1212/2187/1978 3712/2186/1976
f 3715/4658/3969 5153/4660/3971 3712/2186/1976 1211/2185/1975
f 348/4637/411 2024/4635/3973 5154/4662/3974 3716/4661/3972
f 2024/4635/1517 92/2500/578 3713/4653/3965 5154/4662/3975
f 5154/4662/3975 3713/4653/3965 1209/2179/1970 3710/2182/1971
f 3716/4661/3972 5154/4662/3974 3710/2182/1977 1212/2187/1978
f 95/2869/561 1897/2867/561 5155/4663/561 3721/4664/561
f 1897/2867/561 93/2865/561 3722/4665/1624 5155/4663/561
f 5155/4663/561 3722/4665/1624 1214/612/1624 3717/613/561
f 3721/4664/561 5155/4663/561 3717/613/561 1213/614/1636
f 93/2865/561 2025/4650/561 5156/4666/1659 3722/4665/1624
f 2025/4650/1648 349/2178/855 3723/4667/3527 5156/4666/2718
f 5156/4666/2718 3723/4667/3527 1215/2178/1649 3719/2176/1648
f 3722/4665/1624 5156/4666/1659 3719/2176/1659 1214/612/1624
f 349/2178/855 1496/2190/2501 5157/4668/1663 3723/4667/3527
f 1496/2190/2501 351/2191/1506 3724/4669/3976 5157/4668/1663
f 5157/4668/1663 3724/4669/3976 1216/2191/1661 3720/2190/578
f 3723/4667/3527 5157/4668/1663 3720/2190/578 1215/2178/1649
f 351/2191/1506 2027/4670/578 5158/4671/1662 3724/4669/3976
f 2027/4670/561 95/2869/561 3721/4664/561 5158/4671/1636
f 5158/4671/1636 3721/4664/561 1213/614/1636 3718/2189/1660
f 3724/4669/3976 5158/4671/1662 3718/2189/1647 1216/2191/1661
f 94/2496/578 1898/2494/578 5159/4672/578 3729/4673/3977
f 1898/2494/578 96/2492/578 3730/4674/3978 5159/4672/578
f 5159/4672/578 3730/4674/3978 1218/2196/1981 3725/2193/578
f 3729/4673/3977 5159/4672/578 3725/2193/578 1217/2192/1979
f 96/2492/578 2028/4675/1517 5160/4676/3979 3730/4674/3978
f 2028/4675/3980 352/4677/423 3731/4678/3981 5160/4676/3982
f 5160/4676/3982 3731/4678/3981 1219/2198/1984 3727/2197/1983
f 3730/4674/3978 5160/4676/3979 3727/2197/1982 1218/2196/1981
f 352/4677/423 1497/4679/421 5161/4680/3983 3731/4678/3981
f 1497/4679/421 350/4657/420 3732/4681/3984 5161/4680/3983
f 5161/4680/3983 3732/4681/3984 1220/2200/1987 3728/2199/1985
f 3731/4678/3981 5161/4680/3983 3728/2199/1985 1219/2198/1984
f 350/4657/420 2026/4655/3985 5162/4682/3986 3732/4681/3984
f 2026/4655/1517 94/2496/578 3729/4673/3977 5162/4682/3987
f 5162/4682/3987 3729/4673/3977 1217/2192/1979 3726/2195/1980
f 3732/4681/3984 5162/4682/3986 3726/2195/1986 1220/2200/1987
f 97/2873/561 1899/2871/561 5163/4683/561 3737/4684/561
f 1899/2871/561 95/2869/561 3738/4685/561 5163/4683/561
f 5163/4683/561 3738/4685/561 1222/614/1624 3733/615/561
f 3737/4684/561 5163/4683/561 3733/615/561 1221/616/1636
f 95/2869/561 2027/4686/561 5164/4687/1624 3738/4685/561
f 2027/4686/578 351/2191/1506 3739/4688/3528 5164/4687/1685
f 5164/4687/1685 3739/4688/3528 1223/2191/1663 3735/2189/1648
f 3738/4685/561 5164/4687/1624 3735/2189/1659 1222/614/1624
f 351/2191/1506 1499/2203/2436 5165/4689/641 3739/4688/3528
f 1499/2203/2436 353/2204/1506 3740/4690/3988 5165/4689/641
f 5165/4689/641 3740/4690/3988 1224/2204/1661 3736/2203/578
f 3739/4688/3528 5165/4689/641 3736/2203/578 1223/2191/1663
f 353/2204/1506 2029/4691/578 5166/4692/1684 3740/4690/3988
f 2029/4691/561 97/2873/561 3737/4684/561 5166/4692/1636
f 5166/4692/1636 3737/4684/561 1221/616/1636 3734/2202/1660
f 3740/4690/3988 5166/4692/1684 3734/2202/1647 1224/2204/1661
f 96/2492/578 1900/2490/578 5167/4693/578 3745/4694/3989
f 1900/2490/578 98/2488/578 3746/4695/3990 5167/4693/578
f 5167/4693/578 3746/4695/3990 1226/2209/1990 3741/2206/578
f 3745/4694/3989 5167/4693/578 3741/2206/578 1225/2205/1988
f 98/2488/578 2030/4696/1517 5168/4697/3991 3746/4695/3990
f 2030/4696/3992 354/4698/432 3747/4699/3993 5168/4697/3994
f 5168/4697/3994 3747/4699/3993 1227/2211/1993 3743/2210/1992
f 3746/4695/3990 5168/4697/3991 3743/2210/1991 1226/2209/1990
f 354/4698/432 1500/4700/430 5169/4701/3995 3747/4699/3993
f 1500/4700/430 352/4677/429 3748/4702/3996 5169/4701/3995
f 5169/4701/3995 3748/4702/3996 1228/2213/1996 3744/2212/1994
f 3747/4699/3993 5169/4701/3995 3744/2212/1994 1227/2211/1993
f 352/4677/429 2028/4675/3997 5170/4703/3998 3748/4702/3996
f 2028/4675/1517 96/2492/578 3745/4694/3989 5170/4703/3999
f 5170/4703/3999 3745/4694/3989 1225/2205/1988 3742/2208/1989
f 3748/4702/3996 5170/4703/3998 3742/2208/1995 1228/2213/1996
f 99/2877/561 1901/2875/561 5171/4704/561 3753/4705/561
f 1901/2875/561 97/2873/561 3754/4706/561 5171/4704/561
f 5171/4704/561 3754/4706/561 1230/616/1624 3749/617/561
f 3753/4705/561 5171/4704/561 3749/617/561 1229/618/1636
f 97/2873/561 2029/4691/561 5172/4707/1624 3754/4706/561
f 2029/4691/578 353/2204/1506 3755/4708/1058 5172/4707/1685
f 5172/4707/1685 3755/4708/1058 1231/2204/1663 3751/2202/1648
f 3754/4706/561 5172/4707/1624 3751/2202/1659 1230/616/1624
f 353/2204/1506 1502/2216/2436 5173/4709/641 3755/4708/1058
f 1502/2216/2436 355/2217/1506 3756/4710/4000 5173/4709/641
f 5173/4709/641 3756/4710/4000 1232/2217/1661 3752/2216/578
f 3755/4708/1058 5173/4709/641 3752/2216/578 1231/2204/1663
f 355/2217/1506 2031/4711/578 5174/4712/1684 3756/4710/4000
f 2031/4711/561 99/2877/561 3753/4705/561 5174/4712/1636
f 5174/4712/1636 3753/4705/561 1229/618/1636 3750/2215/1660
f 3756/4710/4000 5174/4712/1684 3750/2215/1647 1232/2217/1661
f 98/2488/578 1902/2486/578 5175/4713/578 3761/4714/4001
f 1902/2486/578 100/2484/578 3762/4715/4002 5175/4713/578
f 5175/4713/578 3762/4715/4002 1234/2222/1999 3757/2219/578
f 3761/4714/4001 5175/4713/578 3757/2219/578 1233/2218/1997
f 100/2484/578 2032/4716/1517 5176/4717/4003 3762/4715/4002
f 2032/4716/4004 356/4718/441 3763/4719/4005 5176/4717/4006
f 5176/4717/4006 3763/4719/4005 1235/2224/2002 3759/2223/2001
f 3762/4715/4002 5176/4717/4003 3759/2223/2000 1234/2222/1999
f 356/4718/441 1503/4720/439 5177/4721/4007 3763/4719/4005
f 1503/4720/439 354/4698/438 3764/4722/4008 5177/4721/4007
f 5177/4721/4007 3764/4722/4008 1236/2226/2005 3760/2225/2003
f 3763/4719/4005 5177/4721/4007 3760/2225/2003 1235/2224/2002
f 354/4698/438 2030/4696/4009 5178/4723/4010 3764/4722/4008
f 2030/4696/1517 98/2488/578 3761/4714/4001 5178/4723/4011
f 5178/4723/4011 3761/4714/4001 1233/2218/1997 3758/2221/1998
f 3764/4722/4008 5178/4723/4010 3758/2221/2004 1236/2226/2005
f 101/2881/561 1903/2879/561 5179/4724/561 3769/4725/561
f 1903/2879/561 99/2877/561 3770/4726/561 5179/4724/561
f 5179/4724/561 3770/4726/561 1238/618/1624 3765/619/561
f 3769/4725/561 5179/4724/561 3765/619/561 1237/620/1636
f 99/2877/561 2031/4711/561 5180/4727/1624 3770/4726/561
f 2031/4711/578 355/2217/1506 3771/4728/3570 5180/4727/3571
f 5180/4727/3571 3771/4728/3570 1239/2217/1663 3767/2215/1648
f 3770/4726/561 5180/4727/1624 3767/2215/1659 1238/618/1624
f 355/2217/1506 1505/2229/685 5181/4729/641 3771/4728/3570
f 1505/2229/685 357/2230/1538 3772/4730/4012 5181/4729/641
f 5181/4729/641 3772/4730/4012 1240/2230/1661 3768/2229/578
f 3771/4728/3570 5181/4729/641 3768/2229/578 1239/2217/1663
f 357/2230/1538 2033/4731/578 5182/4732/3584 3772/4730/4012
f 2033/4731/561 101/2881/561 3769/4725/561 5182/4732/1636
f 5182/4732/1636 3769/4725/561 1237/620/1636 3766/2228/1660
f 3772/4730/4012 5182/4732/3584 3766/2228/1647 1240/2230/1661
f 100/2484/578 1904/2482/578 5183/4733/578 3777/4734/4013
f 1904/2482/578 102/2480/578 3778/4735/4014 5183/4733/578
f 5183/4733/578 3778/4735/4014 1242/2235/2008 3773/2232/578
f 3777/4734/4013 5183/4733/578 3773/2232/578 1241/2231/2006
f 102/2480/578 2034/4736/1517 5184/4737/4015 3778/4735/4014
f 2034/4736/4016 358/4738/450 3779/4739/4017 5184/4737/4018
f 5184/4737/4018 3779/4739/4017 1243/2237/2011 3775/2236/2010
f 3778/4735/4014 5184/4737/4015 3775/2236/2009 1242/2235/2008
f 358/4738/450 1506/4740/448 5185/4741/4019 3779/4739/4017
f 1506/4740/448 356/4718/447 3780/4742/4020 5185/4741/4019
f 5185/4741/4019 3780/4742/4020 1244/2239/2014 3776/2238/2012
f 3779/4739/4017 5185/4741/4019 3776/2238/2012 1243/2237/2011
f 356/4718/447 2032/4716/4021 5186/4743/4022 3780/4742/4020
f 2032/4716/1517 100/2484/578 3777/4734/4013 5186/4743/4023
f 5186/4743/4023 3777/4734/4013 1241/2231/2006 3774/2234/2007
f 3780/4742/4020 5186/4743/4022 3774/2234/2013 1244/2239/2014
f 103/2885/561 1905/2883/561 5187/4744/561 3785/4745/561
f 1905/2883/561 101/2881/561 3786/4746/561 5187/4744/561
f 5187/4744/561 3786/4746/561 1246/620/1624 3781/621/561
f 3785/4745/561 5187/4744/561 3781/621/561 1245/622/1636
f 101/2881/561 2033/4731/561 5188/4747/1624 3786/4746/561
f 2033/4731/578 357/2230/1538 3787/4748/3585 5188/4747/3571
f 5188/4747/3571 3787/4748/3585 1247/2230/1705 3783/2228/1648
f 3786/4746/561 5188/4747/1624 3783/2228/1659 1246/620/1624
f 357/2230/1538 1508/2242/2368 5189/4749/641 3787/4748/3585
f 1508/2242/2368 359/2243/1538 3788/4750/3583 5189/4749/641
f 5189/4749/641 3788/4750/3583 1248/2243/1704 3784/2242/578
f 3787/4748/3585 5189/4749/641 3784/2242/578 1247/2230/1705
f 359/2243/1538 2035/4751/578 5190/4752/3584 3788/4750/3583
f 2035/4751/561 103/2885/561 3785/4745/561 5190/4752/1636
f 5190/4752/1636 3785/4745/561 1245/622/1636 3782/2241/1660
f 3788/4750/3583 5190/4752/3584 3782/2241/1647 1248/2243/1704
f 102/2480/578 1906/2478/578 5191/4753/578 3793/4754/4024
f 1906/2478/578 104/2476/578 3794/4755/4025 5191/4753/578
f 5191/4753/578 3794/4755/4025 1250/2248/2017 3789/2245/578
f 3793/4754/4024 5191/4753/578 3789/2245/578 1249/2244/2015
f 104/2476/578 2036/4756/1517 5192/4757/4026 3794/4755/4025
f 2036/4756/4027 360/4758/459 3795/4759/4028 5192/4757/4029
f 5192/4757/4029 3795/4759/4028 1251/2250/2020 3791/2249/2019
f 3794/4755/4025 5192/4757/4026 3791/2249/2018 1250/2248/2017
f 360/4758/459 1509/4760/457 5193/4761/4030 3795/4759/4028
f 1509/4760/457 358/4738/456 3796/4762/4031 5193/4761/4030
f 5193/4761/4030 3796/4762/4031 1252/2252/2023 3792/2251/2021
f 3795/4759/4028 5193/4761/4030 3792/2251/2021 1251/2250/2020
f 358/4738/456 2034/4736/4032 5194/4763/4033 3796/4762/4031
f 2034/4736/1517 102/2480/578 3793/4754/4024 5194/4763/4034
f 5194/4763/4034 3793/4754/4024 1249/2244/2015 3790/2247/2016
f 3796/4762/4031 5194/4763/4033 3790/2247/2022 1252/2252/2023
f 105/2889/561 1907/2887/561 5195/4764/561 3801/4765/561
f 1907/2887/561 103/2885/561 3802/4766/561 5195/4764/561
f 5195/4764/561 3802/4766/561 1254/622/1624 3797/623/561
f 3801/4765/561 5195/4764/561 3797/623/561 1253/624/1636
f 103/2885/561 2035/4751/561 5196/4767/1624 3802/4766/561
f 2035/4751/578 359/2243/1538 3803/4768/4035 5196/4767/1727
f 5196/4767/1727 3803/4768/4035 1255/2243/1705 3799/2241/1648
f 3802/4766/561 5196/4767/1624 3799/2241/1624 1254/622/1624
f 359/2243/1538 1511/2255/850 5197/4769/641 3803/4768/4035
f 1511/2255/850 361/2256/1538 3804/4770/3597 5197/4769/641
f 5197/4769/641 3804/4770/3597 1256/2256/1704 3800/2255/578
f 3803/4768/4035 5197/4769/641 3800/2255/578 1255/2243/1705
f 361/2256/1538 2037/4771/578 5198/4772/3598 3804/4770/3597
f 2037/4771/561 105/2889/561 3801/4765/561 5198/4772/1636
f 5198/4772/1636 3801/4765/561 1253/624/1636 3798/2254/1725
f 3804/4770/3597 5198/4772/3598 3798/2254/1647 1256/2256/1704
f 104/2476/578 1908/4773/578 5199/4774/578 3809/4775/4036
f 1908/4773/578 106/2472/578 3810/4776/4037 5199/4774/578
f 5199/4774/578 3810/4776/4037 1258/2261/2026 3805/2258/578
f 3809/4775/4036 5199/4774/578 3805/2258/578 1257/2257/2024
f 106/2472/578 2038/4777/1560 5200/4778/4038 3810/4776/4037
f 2038/4777/4039 362/4779/468 3811/4780/4040 5200/4778/4041
f 5200/4778/4041 3811/4780/4040 1259/2263/2029 3807/2262/2028
f 3810/4776/4037 5200/4778/4038 3807/2262/2027 1258/2261/2026
f 362/4779/468 1512/4781/466 5201/4782/4042 3811/4780/4040
f 1512/4781/466 360/4758/465 3812/4783/4043 5201/4782/4042
f 5201/4782/4042 3812/4783/4043 1260/2265/2032 3808/2264/2030
f 3811/4780/4040 5201/4782/4042 3808/2264/2030 1259/2263/2029
f 360/4758/465 2036/4756/4044 5202/4784/4045 3812/4783/4043
f 2036/4756/1517 104/2476/578 3809/4775/4036 5202/4784/4046
f 5202/4784/4046 3809/4775/4036 1257/2257/2024 3806/2260/2025
f 3812/4783/4043 5202/4784/4045 3806/2260/2031 1260/2265/2032
f 107/2893/561 1909/2891/561 5203/4785/561 3817/4786/1636
f 1909/2891/561 105/2889/561 3818/4787/561 5203/4785/561
f 5203/4785/561 3818/4787/561 1262/624/1624 3813/625/561
f 3817/4786/1636 5203/4785/561 3813/625/561 1261/626/1725
f 105/2889/561 2037/4771/561 5204/4788/1624 3818/4787/561
f 2037/4771/578 361/2256/1538 3819/4789/4047 5204/4788/1727
f 5204/4788/1727 3819/4789/4047 1263/2256/1705 3815/2254/1648
f 3818/4787/561 5204/4788/1624 3815/2254/1715 1262/624/1624
f 361/2256/1538 1514/2268/2301 5205/4790/1661 3819/4789/4047
f 1514/2268/2301 363/2269/653 3820/4791/3612 5205/4790/1661
f 5205/4790/1661 3820/4791/3612 1264/2269/2033 3816/2268/578
f 3819/4789/4047 5205/4790/1661 3816/2268/578 1263/2256/1705
f 363/2269/653 2039/4792/1647 5206/4793/4048 3820/4791/3612
f 2039/4792/561 107/2893/561 3817/4786/1636 5206/4793/1725
f 5206/4793/1725 3817/4786/1636 1261/626/1725 3814/2267/1725
f 3820/4791/3612 5206/4793/4048 3814/2267/626 1264/2269/2033
f 106/2472/578 1910/2470/578 5207/4794/578 3825/4795/4049
f 1910/2470/578 108/2468/578 3826/4796/4050 5207/4794/578
f 5207/4794/578 3826/4796/4050 1266/2274/2036 3821/2271/578
f 3825/4795/4049 5207/4794/578 3821/2271/578 1265/2270/2034
f 108/2468/578 2040/4797/1560 5208/4798/4051 3826/4796/4050
f 2040/4797/4052 364/4799/477 3827/4800/4053 5208/4798/4054
f 5208/4798/4054 3827/4800/4053 1267/2276/2039 3823/2275/2038
f 3826/4796/4050 5208/4798/4051 3823/2275/2037 1266/2274/2036
f 364/4799/477 1515/4801/475 5209/4802/4055 3827/4800/4053
f 1515/4801/475 362/4779/474 3828/4803/4056 5209/4802/4055
f 5209/4802/4055 3828/4803/4056 1268/2278/2042 3824/2277/2040
f 3827/4800/4053 5209/4802/4055 3824/2277/2040 1267/2276/2039
f 362/4779/474 2038/4777/4057 5210/4804/4058 3828/4803/4056
f 2038/4777/1560 106/2472/578 3825/4795/4049 5210/4804/4059
f 5210/4804/4059 3825/4795/4049 1265/2270/2034 3822/2273/2035
f 3828/4803/4056 5210/4804/4058 3822/2273/2041 1268/2278/2042
f 109/2897/561 1911/2895/561 5211/4805/561 3833/4806/1725
f 1911/2895/561 107/2893/561 3834/4807/1624 5211/4805/561
f 5211/4805/561 3834/4807/1624 1270/626/1715 3829/627/561
f 3833/4806/1725 5211/4805/561 3829/627/561 1269/628/1725
f 107/2893/561 2039/4792/561 5212/4808/1715 3834/4807/1624
f 2039/4792/1647 363/2269/653 3835/4809/4060 5212/4808/1738
f 5212/4808/1738 3835/4809/4060 1271/2269/976 3831/2267/1760
f 3834/4807/1624 5212/4808/1715 3831/2267/1715 1270/626/1715
f 363/2269/653 1517/2281/733 5213/4810/1662 3835/4809/4060
f 1517/2281/733 365/2282/713 3836/4811/3629 5213/4810/1662
f 5213/4810/1662 3836/4811/3629 1272/2282/1737 3832/2281/578
f 3835/4809/4060 5213/4810/1662 3832/2281/578 1271/2269/976
f 365/2282/713 2041/4812/641 5214/4813/4061 3836/4811/3629
f 2041/4812/561 109/2897/561 3833/4806/1725 5214/4813/3628
f 5214/4813/3628 3833/4806/1725 1269/628/1725 3830/2280/1725
f 3836/4811/3629 5214/4813/4061 3830/2280/1737 1272/2282/1737
f 108/2468/578 1912/2466/578 5215/4814/578 3841/4815/4062
f 1912/2466/578 110/2464/578 3842/4816/4063 5215/4814/578
f 5215/4814/578 3842/4816/4063 1274/2287/2045 3837/2284/578
f 3841/4815/4062 5215/4814/578 3837/2284/578 1273/2283/2043
f 110/2464/578 2042/4817/1560 5216/4818/4064 3842/4816/4063
f 2042/4817/4065 366/4819/486 3843/4820/4066 5216/4818/4067
f 5216/4818/4067 3843/4820/4066 1275/2289/2048 3839/2288/2047
f 3842/4816/4063 5216/4818/4064 3839/2288/2046 1274/2287/2045
f 366/4819/486 1518/4821/484 5217/4822/4068 3843/4820/4066
f 1518/4821/484 364/4799/483 3844/4823/4069 5217/4822/4068
f 5217/4822/4068 3844/4823/4069 1276/2291/2051 3840/2290/2049
f 3843/4820/4066 5217/4822/4068 3840/2290/2049 1275/2289/2048
f 364/4799/483 2040/4797/4070 5218/4824/4071 3844/4823/4069
f 2040/4797/1560 108/2468/578 3841/4815/4062 5218/4824/4072
f 5218/4824/4072 3841/4815/4062 1273/2283/2043 3838/2286/2044
f 3844/4823/4069 5218/4824/4071 3838/2286/2050 1276/2291/2051
f 111/2901/561 1913/2899/561 5219/4825/561 3849/4826/1636
f 1913/2899/561 109/2897/561 3850/4827/1715 5219/4825/561
f 5219/4825/561 3850/4827/1715 1278/628/1715 3845/629/561
f 3849/4826/1636 5219/4825/561 3845/629/561 1277/2903/1725
f 109/2897/561 2041/4812/561 5220/4828/3616 3850/4827/1715
f 2041/4812/641 365/2282/713 3851/4829/3646 5220/4828/3647
f 5220/4828/3647 3851/4829/3646 1279/2282/1749 3847/2280/1749
f 3850/4827/1715 5220/4828/3616 3847/2280/1715 1278/628/1715
f 365/2282/713 1520/2294/716 5221/4830/2119 3851/4829/3646
f 1520/2294/716 367/2295/721 3852/4831/4073 5221/4830/2119
f 5221/4830/2119 3852/4831/4073 1280/2295/1748 3848/2294/578
f 3851/4829/3646 5221/4830/2119 3848/2294/578 1279/2282/1749
f 367/2295/721 2043/4832/641 5222/4833/4074 3852/4831/4073
f 2043/4832/561 111/2901/561 3849/4826/1636 5222/4833/1725
f 5222/4833/1725 3849/4826/1636 1277/2903/1725 3846/2293/1725
f 3852/4831/4073 5222/4833/4074 3846/2293/626 1280/2295/1748
f 110/2464/578 1914/2462/578 5223/4834/578 3857/4835/4075
f 1914/2462/578 112/2460/578 3858/4836/4076 5223/4834/578
f 5223/4834/578 3858/4836/4076 1282/2300/2054 3853/2297/578
f 3857/4835/4075 5223/4834/578 3853/2297/578 1281/2296/2052
f 112/2460/578 2044/4837/1560 5224/4838/4077 3858/4836/4076
f 2044/4837/4078 368/4839/495 3859/4840/4079 5224/4838/4080
f 5224/4838/4080 3859/4840/4079 1283/2302/2057 3855/2301/2056
f 3858/4836/4076 5224/4838/4077 3855/2301/2055 1282/2300/2054
f 368/4839/495 1521/4841/493 5225/4842/4081 3859/4840/4079
f 1521/4841/493 366/4819/492 3860/4843/4082 5225/4842/4081
f 5225/4842/4081 3860/4843/4082 1284/2304/2060 3856/2303/2058
f 3859/4840/4079 5225/4842/4081 3856/2303/2058 1283/2302/2057
f 366/4819/492 2042/4817/4083 5226/4844/4084 3860/4843/4082
f 2042/4817/1560 110/2464/578 3857/4835/4075 5226/4844/4085
f 5226/4844/4085 3857/4835/4075 1281/2296/2052 3854/2299/2053
f 3860/4843/4082 5226/4844/4084 3854/2299/2059 1284/2304/2060
f 113/2906/561 1915/2904/561 5227/4845/561 3865/4846/1725
f 1915/2904/561 111/2901/561 3866/4847/1624 5227/4845/561
f 5227/4845/561 3866/4847/1624 1286/2903/1715 3861/631/561
f 3865/4846/1725 5227/4845/561 3861/631/561 1285/632/1725
f 111/2901/561 2043/4832/561 5228/4848/1715 3866/4847/1624
f 2043/4832/641 367/2295/721 3867/4849/4086 5228/4848/4087
f 5228/4848/4087 3867/4849/4086 1287/2295/910 3863/2293/1760
f 3866/4847/1624 5228/4848/1715 3863/2293/1715 1286/2903/1715
f 367/2295/721 1523/2307/1582 5229/4850/1560 3867/4849/4086
f 1523/2307/1582 369/2308/597 3868/4851/3674 5229/4850/1560
f 5229/4850/1560 3868/4851/3674 1288/2308/1770 3864/2307/578
f 3867/4849/4086 5229/4850/1560 3864/2307/578 1287/2295/910
f 369/2308/597 2045/4852/1647 5230/4853/3675 3868/4851/3674
f 2045/4852/561 113/2906/561 3865/4846/1725 5230/4853/1725
f 5230/4853/1725 3865/4846/1725 1285/632/1725 3862/2306/1725
f 3868/4851/3674 5230/4853/3675 3862/2306/626 1288/2308/1770
f 112/2460/578 1916/2458/578 5231/4854/578 3873/4855/4088
f 1916/2458/578 114/2456/578 3874/4856/4089 5231/4854/578
f 5231/4854/578 3874/4856/4089 1290/2313/2063 3869/2310/578
f 3873/4855/4088 5231/4854/578 3869/2310/578 1289/2309/2061
f 114/2456/578 2046/4857/1560 5232/4858/4090 3874/4856/4089
f 2046/4857/4091 370/4859/504 3875/4860/4092 5232/4858/4093
f 5232/4858/4093 3875/4860/4092 1291/2315/2066 3871/2314/2065
f 3874/4856/4089 5232/4858/4090 3871/2314/2064 1290/2313/2063
f 370/4859/504 1524/4861/502 5233/4862/4094 3875/4860/4092
f 1524/4861/502 368/4839/501 3876/4863/4095 5233/4862/4094
f 5233/4862/4094 3876/4863/4095 1292/2317/2069 3872/2316/2067
f 3875/4860/4092 5233/4862/4094 3872/2316/2067 1291/2315/2066
f 368/4839/501 2044/4837/4096 5234/4864/4097 3876/4863/4095
f 2044/4837/1560 112/2460/578 3873/4855/4088 5234/4864/4098
f 5234/4864/4098 3873/4855/4088 1289/2309/2061 3870/2312/2062
f 3876/4863/4095 5234/4864/4097 3870/2312/2068 1292/2317/2069
f 115/2910/561 1917/2908/561 5235/4865/561 3881/4866/1725
f 1917/2908/561 113/2906/561 3882/4867/1715 5235/4865/561
f 5235/4865/561 3882/4867/1715 1294/632/1715 3877/633/561
f 3881/4866/1725 5235/4865/561 3877/633/561 1293/634/1725
f 113/2906/561 2045/4852/561 5236/4868/1715 3882/4867/1715
f 2045/4852/1647 369/2308/597 3883/4869/4099 5236/4868/3662
f 5236/4868/3662 3883/4869/4099 1295/2308/907 3879/2306/1760
f 3882/4867/1715 5236/4868/1715 3879/2306/1715 1294/632/1715
f 369/2308/597 1526/2320/685 5237/4870/1684 3883/4869/4099
f 1526/2320/685 371/4871/668 3884/4872/4100 5237/4870/1684
f 5237/4870/1684 3884/4872/4100 1296/4871/1759 3880/2320/578
f 3883/4869/4099 5237/4870/1684 3880/2320/578 1295/2308/907
f 371/4871/668 2047/4873/1647 5238/4874/4101 3884/4872/4100
f 2047/4873/561 115/2910/561 3881/4866/1725 5238/4874/3717
f 5238/4874/3717 3881/4866/1725 1293/634/1725 3878/2319/1725
f 3884/4872/4100 5238/4874/4101 3878/2319/1759 1296/4871/1759
f 114/2456/578 1918/2454/578 5239/4875/578 3889/4876/4102
f 1918/2454/578 116/2452/578 3890/4877/4103 5239/4875/578
f 5239/4875/578 3890/4877/4103 1298/2326/2072 3885/2323/578
f 3889/4876/4102 5239/4875/578 3885/2323/578 1297/2322/2070
f 116/2452/578 2048/4878/1560 5240/4879/4104 3890/4877/4103
f 2048/4878/4105 372/4880/513 3891/4881/4106 5240/4879/4107
f 5240/4879/4107 3891/4881/4106 1299/2328/2075 3887/2327/2074
f 3890/4877/4103 5240/4879/4104 3887/2327/2073 1298/2326/2072
f 372/4880/513 1527/4882/511 5241/4883/4108 3891/4881/4106
f 1527/4882/511 370/4859/510 3892/4884/4109 5241/4883/4108
f 5241/4883/4108 3892/4884/4109 1300/2330/2078 3888/2329/2076
f 3891/4881/4106 5241/4883/4108 3888/2329/2076 1299/2328/2075
f 370/4859/510 2046/4857/4110 5242/4885/4111 3892/4884/4109
f 2046/4857/1560 114/2456/578 3889/4876/4102 5242/4885/4112
f 5242/4885/4112 3889/4876/4102 1297/2322/2070 3886/2325/2071
f 3892/4884/4109 5242/4885/4111 3886/2325/2077 1300/2330/2078
f 117/2914/561 1919/2912/561 5243/4886/561 3897/4887/1725
f 1919/2912/561 115/2910/561 3898/4888/1715 5243/4886/561
f 5243/4886/561 3898/4888/1715 1302/634/1715 3893/635/561
f 3897/4887/1725 5243/4886/561 3893/635/561 1301/636/1725
f 115/2910/561 2047/4873/561 5244/4889/3705 3898/4888/1715
f 2047/4873/1647 371/4871/668 3899/4890/4113 5244/4889/4114
f 5244/4889/4114 3899/4890/4113 1303/4871/2079 3895/2319/2079
f 3898/4888/1715 5244/4889/3705 3895/2319/1715 1302/634/1715
f 371/4871/668 1529/2333/671 5245/4891/653 3899/4890/4113
f 1529/2333/671 373/2334/653 3900/4892/4115 5245/4891/653
f 5245/4891/653 3900/4892/4115 1304/2334/2080 3896/2333/578
f 3899/4890/4113 5245/4891/653 3896/2333/578 1303/4871/2079
f 373/2334/653 2049/4893/1647 5246/4894/4116 3900/4892/4115
f 2049/4893/561 117/2914/561 3897/4887/1725 5246/4894/3717
f 5246/4894/3717 3897/4887/1725 1301/636/1725 3894/2332/1725
f 3900/4892/4115 5246/4894/4116 3894/2332/2080 1304/2334/2080
f 116/2452/578 1920/2450/578 5247/4895/578 3905/4896/4117
f 1920/2450/578 118/2448/578 3906/4897/4118 5247/4895/578
f 5247/4895/578 3906/4897/4118 1306/2339/2083 3901/2336/578
f 3905/4896/4117 5247/4895/578 3901/2336/578 1305/2335/2081
f 118/2448/578 2050/4898/1560 5248/4899/4119 3906/4897/4118
f 2050/4898/4120 374/4900/522 3907/4901/4121 5248/4899/4122
f 5248/4899/4122 3907/4901/4121 1307/2341/2086 3903/2340/2085
f 3906/4897/4118 5248/4899/4119 3903/2340/2084 1306/2339/2083
f 374/4900/522 1530/4902/520 5249/4903/4123 3907/4901/4121
f 1530/4902/520 372/4880/519 3908/4904/4124 5249/4903/4123
f 5249/4903/4123 3908/4904/4124 1308/2343/2089 3904/2342/2087
f 3907/4901/4121 5249/4903/4123 3904/2342/2087 1307/2341/2086
f 372/4880/519 2048/4878/4125 5250/4905/4126 3908/4904/4124
f 2048/4878/1560 116/2452/578 3905/4896/4117 5250/4905/4127
f 5250/4905/4127 3905/4896/4117 1305/2335/2081 3902/2338/2082
f 3908/4904/4124 5250/4905/4126 3902/2338/2088 1308/2343/2089
f 119/2918/561 1921/2916/561 5251/4906/561 3913/4907/1725
f 1921/2916/561 117/2914/561 3914/4908/1715 5251/4906/561
f 5251/4906/561 3914/4908/1715 1310/636/1715 3909/637/561
f 3913/4907/1725 5251/4906/561 3909/637/561 1309/638/1725
f 117/2914/561 2049/4893/561 5252/4909/3705 3914/4908/1715
f 2049/4893/1647 373/2334/653 3915/4910/3703 5252/4909/4128
f 5252/4909/4128 3915/4910/3703 1311/2334/1789 3911/2332/1789
f 3914/4908/1715 5252/4909/3705 3911/2332/1715 1310/636/1715
f 373/2334/653 1532/2346/656 5253/4911/653 3915/4910/3703
f 1532/2346/656 375/2347/641 3916/4912/4129 5253/4911/653
f 5253/4911/653 3916/4912/4129 1312/2347/2090 3912/2346/578
f 3915/4910/3703 5253/4911/653 3912/2346/578 1311/2334/1789
f 375/2347/641 2051/4913/1647 5254/4914/4130 3916/4912/4129
f 2051/4913/561 119/2918/561 3913/4907/1725 5254/4914/3717
f 5254/4914/3717 3913/4907/1725 1309/638/1725 3910/2345/1725
f 3916/4912/4129 5254/4914/4130 3910/2345/2090 1312/2347/2090
f 118/2448/578 1922/2446/578 5255/4915/578 3921/4916/4131
f 1922/2446/578 120/2444/578 3922/4917/4132 5255/4915/578
f 5255/4915/578 3922/4917/4132 1314/2352/2093 3917/2349/578
f 3921/4916/4131 5255/4915/578 3917/2349/578 1313/2348/2091
f 120/2444/578 2052/4918/1560 5256/4919/4133 3922/4917/4132
f 2052/4918/4134 376/4920/531 3923/4921/4135 5256/4919/4136
f 5256/4919/4136 3923/4921/4135 1315/2354/2096 3919/2353/2095
f 3922/4917/4132 5256/4919/4133 3919/2353/2094 1314/2352/2093
f 376/4920/531 1533/4922/529 5257/4923/4137 3923/4921/4135
f 1533/4922/529 374/4900/528 3924/4924/4138 5257/4923/4137
f 5257/4923/4137 3924/4924/4138 1316/2356/2099 3920/2355/2097
f 3923/4921/4135 5257/4923/4137 3920/2355/2097 1315/2354/2096
f 374/4900/528 2050/4898/4139 5258/4925/4140 3924/4924/4138
f 2050/4898/1560 118/2448/578 3921/4916/4131 5258/4925/4141
f 5258/4925/4141 3921/4916/4131 1313/2348/2091 3918/2351/2092
f 3924/4924/4138 5258/4925/4140 3918/2351/2098 1316/2356/2099
f 121/2922/561 1923/2920/561 5259/4926/561 3929/4927/1502
f 1923/2920/561 119/2918/561 3930/4928/1715 5259/4926/561
f 5259/4926/561 3930/4928/1715 1318/638/1715 3925/639/561
f 3929/4927/1502 5259/4926/561 3925/639/561 1317/640/1502
f 119/2918/561 2051/4913/561 5260/4929/3705 3930/4928/1715
f 2051/4913/1647 375/2347/641 3931/4930/4142 5260/4929/4143
f 5260/4929/4143 3931/4930/4142 1319/2347/2100 3927/2345/2100
f 3930/4928/1715 5260/4929/3705 3927/2345/1715 1318/638/1715
f 375/2347/641 1535/2359/644 5261/4931/653 3931/4930/4142
f 1535/2359/644 377/2360/626 3932/4932/3718 5261/4931/653
f 5261/4931/653 3932/4932/3718 1320/2360/1799 3928/2359/578
f 3931/4930/4142 5261/4931/653 3928/2359/578 1319/2347/2100
f 377/2360/626 2053/4933/1647 5262/4934/3719 3932/4932/3718
f 2053/4933/561 121/2922/561 3929/4927/1502 5262/4934/3717
f 5262/4934/3717 3929/4927/1502 1317/640/1502 3926/2358/1502
f 3932/4932/3718 5262/4934/3719 3926/2358/1799 1320/2360/1799
f 120/2444/578 1924/2442/578 5263/4935/578 3937/4936/4144
f 1924/2442/578 122/2440/578 3938/4937/4145 5263/4935/578
f 5263/4935/578 3938/4937/4145 1322/2365/2103 3933/2362/578
f 3937/4936/4144 5263/4935/578 3933/2362/578 1321/2361/2101
f 122/2440/578 2054/4938/1560 5264/4939/4146 3938/4937/4145
f 2054/4938/4147 378/4940/540 3939/4941/4148 5264/4939/4149
f 5264/4939/4149 3939/4941/4148 1323/2367/2106 3935/2366/2105
f 3938/4937/4145 5264/4939/4146 3935/2366/2104 1322/2365/2103
f 378/4940/540 1536/4942/538 5265/4943/4150 3939/4941/4148
f 1536/4942/538 376/4920/537 3940/4944/4151 5265/4943/4150
f 5265/4943/4150 3940/4944/4151 1324/2369/2109 3936/2368/2107
f 3939/4941/4148 5265/4943/4150 3936/2368/2107 1323/2367/2106
f 376/4920/537 2052/4945/4152 5266/4946/4153 3940/4944/4151
f 2052/4945/1560 120/2444/578 3937/4936/4144 5266/4946/4154
f 5266/4946/4154 3937/4936/4144 1321/2361/2101 3934/2364/2102
f 3940/4944/4151 5266/4946/4153 3934/2364/2108 1324/2369/2109
f 123/2926/561 1925/2924/561 5267/4947/561 3945/4948/1502
f 1925/2924/561 121/2922/561 3946/4949/1504 5267/4947/561
f 5267/4947/561 3946/4949/1504 1326/640/1504 3941/641/561
f 3945/4948/1502 5267/4947/561 3941/641/561 1325/642/1502
f 121/2922/561 2053/4933/561 5268/4950/3705 3946/4949/1504
f 2053/4933/1647 377/2360/626 3947/4951/4155 5268/4950/4156
f 5268/4950/4156 3947/4951/4155 1327/2360/2100 3943/2358/2100
f 3946/4949/1504 5268/4950/3705 3943/2358/1504 1326/640/1504
f 377/2360/626 1538/2372/629 5269/4952/614 3947/4951/4155
f 1538/2372/629 379/2373/597 3948/4953/4157 5269/4952/614
f 5269/4952/614 3948/4953/4157 1328/2373/1799 3944/2372/578
f 3947/4951/4155 5269/4952/614 3944/2372/578 1327/2360/2100
f 379/2373/597 2055/4954/1647 5270/4955/4158 3948/4953/4157
f 2055/4954/561 123/2926/561 3945/4948/1502 5270/4955/3717
f 5270/4955/3717 3945/4948/1502 1325/642/1502 3942/2371/1502
f 3948/4953/4157 5270/4955/4158 3942/2371/1799 1328/2373/1799
f 122/2440/578 1926/2438/578 5271/4956/578 3953/4957/4159
f 1926/2438/578 124/2436/578 3954/4958/4160 5271/4956/578
f 5271/4956/578 3954/4958/4160 1330/2378/2112 3949/2375/578
f 3953/4957/4159 5271/4956/578 3949/2375/578 1329/2374/2110
f 124/2436/578 2056/4959/1661 5272/4960/4161 3954/4958/4160
f 2056/4959/4162 380/4961/549 3955/4962/4163 5272/4960/4164
f 5272/4960/4164 3955/4962/4163 1331/2380/2115 3951/2379/2114
f 3954/4958/4160 5272/4960/4161 3951/2379/2113 1330/2378/2112
f 380/4961/549 1539/4963/547 5273/4964/4165 3955/4962/4163
f 1539/4963/547 378/4940/546 3956/4965/4166 5273/4964/4165
f 5273/4964/4165 3956/4965/4166 1332/2382/2118 3952/2381/2116
f 3955/4962/4163 5273/4964/4165 3952/2381/2116 1331/2380/2115
f 378/4940/546 2054/4938/4167 5274/4966/4168 3956/4965/4166
f 2054/4938/1560 122/2440/578 3953/4957/4159 5274/4966/4169
f 5274/4966/4169 3953/4957/4159 1329/2374/2110 3950/2377/2111
f 3956/4965/4166 5274/4966/4168 3950/2377/2117 1332/2382/2118
f 125/2930/561 1927/2928/561 5275/4967/561 3961/4968/1502
f 1927/2928/561 123/2926/561 3962/4969/1504 5275/4967/561
f 5275/4967/561 3962/4969/1504 1334/642/1504 3957/643/561
f 3961/4968/1502 5275/4967/561 3957/643/561 1333/644/1502
f 123/2926/561 2055/4954/561 5276/4970/3705 3962/4969/1504
f 2055/4954/1647 379/2373/597 3963/4971/4170 5276/4970/4171
f 5276/4970/4171 3963/4971/4170 1335/2373/2119 3959/2371/2119
f 3962/4969/1504 5276/4970/3705 3959/2371/1504 1334/642/1504
f 379/2373/597 1541/2385/614 5277/4972/597 3963/4971/4170
f 1541/2385/614 381/4973/597 3964/4974/4172 5277/4972/597
f 5277/4972/597 3964/4974/4172 1336/4973/2120 3960/2385/578
f 3963/4971/4170 5277/4972/597 3960/2385/578 1335/2373/2119
f 381/4973/597 2057/4975/1647 5278/4976/4173 3964/4974/4172
f 2057/4975/561 125/2930/561 3961/4968/1502 5278/4976/1503
f 5278/4976/1503 3961/4968/1502 1333/644/1502 3958/2384/1502
f 3964/4974/4172 5278/4976/4173 3958/2384/2120 1336/4973/2120
f 124/2436/578 1928/2434/578 5279/4977/578 3969/4978/4174
f 1928/2434/578 126/2432/578 3970/4979/4175 5279/4977/578
f 5279/4977/578 3970/4979/4175 1338/2391/2123 3965/2388/578
f 3969/4978/4174 5279/4977/578 3965/2388/578 1337/2387/2121
f 126/2432/578 2058/4980/1661 5280/4981/4176 3970/4979/4175
f 2058/4980/4177 382/4982/558 3971/4983/4178 5280/4981/4179
f 5280/4981/4179 3971/4983/4178 1339/2393/2126 3967/2392/2125
f 3970/4979/4175 5280/4981/4176 3967/2392/2124 1338/2391/2123
f 382/4982/558 1542/4984/556 5281/4985/4180 3971/4983/4178
f 1542/4984/556 380/4961/555 3972/4986/4181 5281/4985/4180
f 5281/4985/4180 3972/4986/4181 1340/2395/2129 3968/2394/2127
f 3971/4983/4178 5281/4985/4180 3968/2394/2127 1339/2393/2126
f 380/4961/555 2056/4959/4182 5282/4987/4183 3972/4986/4181
f 2056/4959/1661 124/2436/578 3969/4978/4174 5282/4987/4184
f 5282/4987/4184 3969/4978/4174 1337/2387/2121 3966/2390/2122
f 3972/4986/4181 5282/4987/4183 3966/2390/2128 1340/2395/2129
f 127/2934/561 1929/2932/561 5283/4988/561 3977/4989/1502
f 1929/2932/561 125/2930/561 3978/4990/1504 5283/4988/561
f 5283/4988/561 3978/4990/1504 1342/644/1504 3973/645/561
f 3977/4989/1502 5283/4988/561 3973/645/561 1341/646/1502
f 125/2930/561 2057/4975/561 5284/4991/1505 3978/4990/1504
f 2057/4975/1647 381/4973/597 3979/4992/4185 5284/4991/4186
f 5284/4991/4186 3979/4992/4185 1343/4973/2119 3975/2384/2119
f 3978/4990/1504 5284/4991/1505 3975/2384/1504 1342/644/1504
f 381/4973/597 1544/2398/600 5285/4993/597 3979/4992/4185
f 1544/2398/600 383/2399/579 3980/4994/4187 5285/4993/597
f 5285/4993/597 3980/4994/4187 1344/2399/2120 3976/2398/578
f 3979/4992/4185 5285/4993/597 3976/2398/578 1343/4973/2119
f 383/2399/579 2059/4995/1647 5286/4996/4188 3980/4994/4187
f 2059/4995/561 127/2934/561 3977/4989/1502 5286/4996/1503
f 5286/4996/1503 3977/4989/1502 1341/646/1502 3974/4997/1502
f 3980/4994/4187 5286/4996/4188 3974/4997/2120 1344/2399/2120
f 126/2432/578 1930/2430/578 5287/4998/578 3985/4999/4189
f 1930/2430/578 128/2428/578 3986/5000/4190 5287/4998/578
f 5287/4998/578 3986/5000/4190 1346/2404/2132 3981/2401/578
f 3985/4999/4189 5287/4998/578 3981/2401/578 1345/2400/2130
f 128/2428/578 2060/5001/1661 5288/5002/4191 3986/5000/4190
f 2060/5001/4192 384/5003/568 3987/5004/4193 5288/5002/4194
f 5288/5002/4194 3987/5004/4193 1347/2406/2135 3983/2405/2134
f 3986/5000/4190 5288/5002/4191 3983/2405/2133 1346/2404/2132
f 384/5003/568 1545/5005/566 5289/5006/4195 3987/5004/4193
f 1545/5005/566 382/4982/565 3988/5007/4196 5289/5006/4195
f 5289/5006/4195 3988/5007/4196 1348/2408/2138 3984/2407/2136
f 3987/5004/4193 5289/5006/4195 3984/2407/2136 1347/2406/2135
f 382/4982/565 2058/4980/4197 5290/5008/4198 3988/5007/4196
f 2058/4980/1661 126/2432/578 3985/4999/4189 5290/5008/4199
f 5290/5008/4199 3985/4999/4189 1345/2400/2130 3982/2403/2131
f 3988/5007/4196 5290/5008/4198 3982/2403/2137 1348/2408/2138
f 1/2676/561 1931/2936/561 5291/5009/561 3993/5010/1502
f 1931/2936/561 127/2934/561 3994/5011/1504 5291/5009/561
f 5291/5009/561 3994/5011/1504 1350/646/1504 3989/521/561
f 3993/5010/1502 5291/5009/561 3989/521/561 1349/518/1502
f 127/2934/561 2059/4995/561 5292/5012/1505 3994/5011/1504
f 2059/4995/1647 383/2399/579 3995/5013/4200 5292/5012/4201
f 5292/5012/4201 3995/5013/4200 1351/2399/1838 3991/2397/1838
f 3994/5011/1504 5292/5012/1505 3991/2397/1504 1350/646/1504
f 383/2399/579 1547/2410/582 5293/5014/1571 3995/5013/4200
f 1547/2410/582 257/1591/587 3996/5015/3778 5293/5014/1571
f 5293/5014/1571 3996/5015/3778 1352/1591/1837 3992/2410/578
f 3995/5013/4200 5293/5014/1571 3992/2410/578 1351/2399/1838
f 257/1591/587 1934/3727/641 5294/5016/1273 3996/5015/3778
f 1934/3727/561 1/2676/561 3993/5010/1502 5294/5016/1503
f 5294/5016/1503 3993/5010/1502 1349/518/1502 3990/1590/1503
f 3996/5015/3778 5294/5016/1273 3990/1590/1507 1352/1591/1837
f 128/2428/578 1932/2426/578 5295/5017/578 4001/5018/4202
f 1932/2426/578 2/2424/578 4002/5019/4203 5295/5017/578
f 5295/5017/578 4002/5019/4203 1354/2415/2141 3997/2412/578
f 4001/5018/4202 5295/5017/578 3997/2412/578 1353/2411/2139
f 2/2424/578 1935/3746/1661 5296/5020/4204 4002/5019/4203
f 1935/3746/4205 260/3744/577 4003/5021/4206 5296/5020/4207
f 5296/5020/4207 4003/5021/4206 1355/2417/2144 3999/2416/2143
f 4002/5019/4203 5296/5020/4204 3999/2416/2142 1354/2415/2141
f 260/3744/577 1548/5022/575 5297/5023/4208 4003/5021/4206
f 1548/5022/575 384/5003/574 4004/5024/4209 5297/5023/4208
f 5297/5023/4208 4004/5024/4209 1356/2419/2147 4000/2418/2145
f 4003/5021/4206 5297/5023/4208 4000/2418/2145 1355/2417/2144
f 384/5003/574 2060/5001/4210 5298/5025/4211 4004/5024/4209
f 2060/5001/1661 128/2428/578 4001/5018/4202 5298/5025/4212
f 5298/5025/4212 4001/5018/4202 1353/2411/2139 3998/2414/2140
f 4004/5024/4209 5298/5025/4211 3998/2414/2146 1356/2419/2147
