# Blender 4.3.0
# www.blender.org
mtllib token.mtl
o Cylinder
v -0.000000 -0.065000 0.782745
v -0.000000 0.065000 0.782745
v -0.076723 -0.065000 0.778976
v -0.076723 0.065000 0.778976
v -0.152706 -0.065000 0.767705
v -0.152706 0.065000 0.767705
v -0.227219 -0.065000 0.749041
v -0.227219 0.065000 0.749041
v -0.299544 -0.065000 0.723162
v -0.299544 0.065000 0.723162
v -0.368984 -0.065000 0.690320
v -0.368984 0.065000 0.690320
v -0.434870 -0.065000 0.650829
v -0.434870 0.065000 0.650829
v -0.496568 -0.065000 0.605070
v -0.496568 0.065000 0.605070
v -0.553485 -0.065000 0.553485
v -0.553485 0.065000 0.553485
v -0.605070 -0.065000 0.496568
v -0.605070 0.065000 0.496568
v -0.650829 -0.065000 0.434870
v -0.650829 0.065000 0.434870
v -0.690320 -0.065000 0.368984
v -0.690320 0.065000 0.368984
v -0.723162 -0.065000 0.299544
v -0.723162 0.065000 0.299544
v -0.749040 -0.065000 0.227219
v -0.749040 0.065000 0.227219
v -0.767705 -0.065000 0.152706
v -0.767705 0.065000 0.152706
v -0.778976 -0.065000 0.076723
v -0.778976 0.065000 0.076723
v -0.782745 -0.065000 0.000000
v -0.782745 0.065000 -0.000000
v -0.778976 -0.065000 -0.076723
v -0.778976 0.065000 -0.076723
v -0.767705 -0.065000 -0.152706
v -0.767705 0.065000 -0.152706
v -0.749041 -0.065000 -0.227219
v -0.749041 0.065000 -0.227219
v -0.723162 -0.065000 -0.299544
v -0.723162 0.065000 -0.299544
v -0.690320 -0.065000 -0.368984
v -0.690320 0.065000 -0.368984
v -0.650829 -0.065000 -0.434870
v -0.650829 0.065000 -0.434870
v -0.605070 -0.065000 -0.496568
v -0.605070 0.065000 -0.496568
v -0.553485 -0.065000 -0.553485
v -0.553485 0.065000 -0.553485
v -0.496568 -0.065000 -0.605070
v -0.496568 0.065000 -0.605070
v -0.434870 -0.065000 -0.650829
v -0.434870 0.065000 -0.650829
v -0.368984 -0.065000 -0.690320
v -0.368984 0.065000 -0.690320
v -0.299544 -0.065000 -0.723162
v -0.299544 0.065000 -0.723162
v -0.227219 -0.065000 -0.749040
v -0.227219 0.065000 -0.749040
v -0.152706 -0.065000 -0.767705
v -0.152706 0.065000 -0.767705
v -0.076723 -0.065000 -0.778976
v -0.076723 0.065000 -0.778976
v -0.000000 -0.065000 -0.782745
v 0.000000 0.065000 -0.782745
v 0.076723 -0.065000 -0.778976
v 0.076723 0.065000 -0.778976
v 0.152706 -0.065000 -0.767705
v 0.152706 0.065000 -0.767705
v 0.227219 -0.065000 -0.749041
v 0.227219 0.065000 -0.749041
v 0.299544 -0.065000 -0.723162
v 0.299544 0.065000 -0.723162
v 0.368984 -0.065000 -0.690320
v 0.368984 0.065000 -0.690320
v 0.434870 -0.065000 -0.650829
v 0.434870 0.065000 -0.650829
v 0.496568 -0.065000 -0.605070
v 0.496568 0.065000 -0.605070
v 0.553485 -0.065000 -0.553485
v 0.553485 0.065000 -0.553485
v 0.605070 -0.065000 -0.496568
v 0.605070 0.065000 -0.496568
v 0.650829 -0.065000 -0.434870
v 0.650829 0.065000 -0.434870
v 0.690320 -0.065000 -0.368984
v 0.690320 0.065000 -0.368984
v 0.723162 -0.065000 -0.299544
v 0.723162 0.065000 -0.299544
v 0.749040 -0.065000 -0.227219
v 0.749040 0.065000 -0.227219
v 0.767705 -0.065000 -0.152706
v 0.767705 0.065000 -0.152706
v 0.778976 -0.065000 -0.076723
v 0.778976 0.065000 -0.076723
v 0.782745 -0.065000 -0.000000
v 0.782745 0.065000 0.000000
v 0.778976 -0.065000 0.076723
v 0.778976 0.065000 0.076723
v 0.767705 -0.065000 0.152706
v 0.767705 0.065000 0.152706
v 0.749041 -0.065000 0.227219
v 0.749041 0.065000 0.227219
v 0.723162 -0.065000 0.299544
v 0.723162 0.065000 0.299544
v 0.690320 -0.065000 0.368984
v 0.690320 0.065000 0.368984
v 0.650829 -0.065000 0.434870
v 0.650829 0.065000 0.434870
v 0.605070 -0.065000 0.496568
v 0.605070 0.065000 0.496568
v 0.553485 -0.065000 0.553485
v 0.553485 0.065000 0.553485
v 0.496568 -0.065000 0.605070
v 0.496568 0.065000 0.605070
v 0.434870 -0.065000 0.650829
v 0.434870 0.065000 0.650829
v 0.368984 -0.065000 0.690320
v 0.368984 0.065000 0.690320
v 0.299544 -0.065000 0.723162
v 0.299544 0.065000 0.723162
v 0.227219 -0.065000 0.749040
v 0.227219 0.065000 0.749040
v 0.152706 -0.065000 0.767705
v 0.152706 0.065000 0.767705
v 0.076723 -0.065000 0.778976
v 0.076723 0.065000 0.778976
v 0.000000 -0.062373 -0.999312
v -0.000000 -0.017294 -0.999125
v 0.097931 -0.017294 -0.994313
v 0.097963 -0.062993 -0.994632
v 0.194920 -0.017294 -0.979927
v 0.194956 -0.062373 -0.980111
v 0.290031 -0.017294 -0.956103
v 0.290085 -0.062373 -0.956282
v 0.382348 -0.017294 -0.923071
v 0.382471 -0.062993 -0.923366
v 0.470852 -0.016085 -0.880902
v 0.470984 -0.061494 -0.881149
v 0.554679 -0.014147 -0.830135
v 0.554679 -0.058076 -0.830135
v 0.633375 -0.014147 -0.771770
v 0.633375 -0.058076 -0.771770
v 0.705972 -0.014147 -0.705972
v 0.705972 -0.058076 -0.705972
v 0.772117 -0.016085 -0.633660
v 0.772117 -0.060181 -0.633660
v 0.830742 -0.017294 -0.555084
v 0.830742 -0.061494 -0.555084
v 0.881149 -0.017294 -0.470984
v 0.881149 -0.061494 -0.470984
v 0.923071 -0.017294 -0.382348
v 0.923071 -0.061494 -0.382348
v 0.956103 -0.017294 -0.290031
v 0.956282 -0.062373 -0.290085
v 0.979927 -0.017294 -0.194920
v 0.980111 -0.062373 -0.194956
v 0.994313 -0.017294 -0.097931
v 0.994500 -0.062373 -0.097950
v 0.999125 -0.017294 0.000000
v 0.999312 -0.062373 -0.000000
v 0.994313 -0.017294 0.097931
v 0.994500 -0.062373 0.097950
v 0.979927 -0.017294 0.194920
v 0.980241 -0.062993 0.194982
v 0.956103 -0.017294 0.290031
v 0.956409 -0.062993 0.290123
v 0.923071 -0.017294 0.382348
v 0.923244 -0.062373 0.382420
v 0.881149 -0.017294 0.470984
v 0.881149 -0.061494 0.470984
v 0.830742 -0.017294 0.555084
v 0.830742 -0.061494 0.555084
v 0.772334 -0.017294 0.633838
v 0.772334 -0.061494 0.633838
v 0.706488 -0.017294 0.706488
v 0.706620 -0.062373 0.706620
v 0.633838 -0.017294 0.772334
v 0.634041 -0.062993 0.772581
v 0.555084 -0.017294 0.830742
v 0.555188 -0.062373 0.830897
v 0.470984 -0.017294 0.881149
v 0.470984 -0.061494 0.881149
v 0.382348 -0.017294 0.923071
v 0.382420 -0.062373 0.923244
v 0.290031 -0.017294 0.956103
v 0.290085 -0.062373 0.956282
v 0.194920 -0.017294 0.979927
v 0.194956 -0.062373 0.980111
v 0.097931 -0.017294 0.994313
v 0.097950 -0.062373 0.994500
v -0.000000 -0.017294 0.999125
v -0.000000 -0.062373 0.999312
v -0.097931 -0.017294 0.994313
v -0.097963 -0.062993 0.994632
v -0.194920 -0.017294 0.979927
v -0.194956 -0.062373 0.980111
v -0.290031 -0.017294 0.956103
v -0.290031 -0.061494 0.956103
v -0.382348 -0.017294 0.923071
v -0.382348 -0.061494 0.923071
v -0.470984 -0.017294 0.881149
v -0.471073 -0.062373 0.881314
v -0.555084 -0.017294 0.830742
v -0.555188 -0.062373 0.830897
v -0.633838 -0.017294 0.772334
v -0.633838 -0.061494 0.772334
v -0.706488 -0.017294 0.706488
v -0.706488 -0.061494 0.706488
v -0.772334 -0.017294 0.633838
v -0.772334 -0.061494 0.633838
v -0.830742 -0.017294 0.555084
v -0.830742 -0.061494 0.555084
v -0.881149 -0.017294 0.470984
v -0.881149 -0.061494 0.470984
v -0.923071 -0.017294 0.382348
v -0.923071 -0.061494 0.382348
v -0.956103 -0.017294 0.290031
v -0.956103 -0.061494 0.290031
v -0.979927 -0.017294 0.194920
v -0.980111 -0.062373 0.194956
v -0.994313 -0.017294 0.097931
v -0.994632 -0.062993 0.097963
v -0.999125 -0.017294 -0.000000
v -0.999445 -0.062993 0.000000
v -0.994313 -0.017294 -0.097931
v -0.994632 -0.062993 -0.097963
v -0.979927 -0.017294 -0.194920
v -0.980241 -0.062993 -0.194982
v -0.956103 -0.017294 -0.290031
v -0.956409 -0.062993 -0.290123
v -0.923071 -0.017294 -0.382348
v -0.923366 -0.062993 -0.382471
v -0.881149 -0.017294 -0.470984
v -0.881314 -0.062373 -0.471073
v -0.830742 -0.017294 -0.555084
v -0.830742 -0.061494 -0.555084
v -0.772334 -0.017294 -0.633838
v -0.772479 -0.062373 -0.633957
v -0.706488 -0.017294 -0.706488
v -0.706620 -0.062373 -0.706620
v -0.633838 -0.017294 -0.772334
v -0.633838 -0.061494 -0.772334
v -0.555084 -0.017294 -0.830742
v -0.555084 -0.061494 -0.830742
v -0.470852 -0.016085 -0.880902
v -0.470852 -0.060181 -0.880902
v -0.382241 -0.016085 -0.922812
v -0.382241 -0.060181 -0.922812
v -0.290031 -0.017294 -0.956103
v -0.290031 -0.061494 -0.956103
v -0.194920 -0.017294 -0.979927
v -0.194920 -0.061494 -0.979927
v -0.097931 -0.017294 -0.994313
v -0.097931 -0.061494 -0.994314
v 0.000000 -0.065043 -0.859173
v 0.086868 -0.065034 -0.881988
v 0.080449 0.057175 -0.816814
v -0.000000 0.057175 -0.820766
v 0.167616 -0.065043 -0.842664
v 0.160123 0.057175 -0.804995
v 0.249405 -0.065043 -0.822177
v 0.238256 0.057175 -0.785424
v 0.339155 -0.065034 -0.818793
v 0.314093 0.057175 -0.758289
v 0.405011 -0.065043 -0.757723
v 0.386906 0.057175 -0.723851
v 0.455993 -0.065054 -0.682442
v 0.455993 0.057175 -0.682442
v 0.520688 -0.065054 -0.634461
v 0.520688 0.057175 -0.634461
v 0.580369 -0.065054 -0.580369
v 0.580369 0.057175 -0.580369
v 0.634461 -0.065054 -0.520688
v 0.634461 0.057175 -0.520688
v 0.682442 -0.065054 -0.455993
v 0.682442 0.057175 -0.455993
v 0.723851 -0.065054 -0.386906
v 0.723851 0.057175 -0.386906
v 0.758289 -0.065054 -0.314093
v 0.758289 0.057175 -0.314093
v 0.822177 -0.065043 -0.249405
v 0.785424 0.057175 -0.238256
v 0.842664 -0.065043 -0.167616
v 0.804995 0.057175 -0.160123
v 0.855036 -0.065043 -0.084214
v 0.816814 0.057175 -0.080449
v 0.859173 -0.065043 -0.000000
v 0.820766 0.057175 0.000000
v 0.855036 -0.065043 0.084214
v 0.816814 0.057175 0.080449
v 0.869226 -0.065034 0.172900
v 0.804995 0.057175 0.160123
v 0.848094 -0.065034 0.257266
v 0.785424 0.057175 0.238256
v 0.793772 -0.065043 0.328791
v 0.758289 0.057175 0.314093
v 0.723851 -0.065054 0.386906
v 0.723851 0.057175 0.386906
v 0.682442 -0.065054 0.455993
v 0.682442 0.057175 0.455993
v 0.634461 -0.065054 0.520688
v 0.634461 0.057175 0.520688
v 0.607527 -0.065043 0.607527
v 0.580369 0.057175 0.580369
v 0.562235 -0.065034 0.685085
v 0.520688 0.057175 0.634461
v 0.477331 -0.065043 0.714376
v 0.455993 0.057175 0.682442
v 0.386906 -0.065054 0.723851
v 0.386906 0.057175 0.723851
v 0.328791 -0.065043 0.793772
v 0.314093 0.057175 0.758289
v 0.249405 -0.065043 0.822177
v 0.238256 0.057175 0.785424
v 0.167616 -0.065043 0.842664
v 0.160123 0.057175 0.804995
v 0.084214 -0.065043 0.855036
v 0.080449 0.057175 0.816814
v -0.000000 -0.065043 0.859173
v -0.000000 0.057175 0.820766
v -0.086868 -0.065034 0.881988
v -0.080449 0.057175 0.816814
v -0.167616 -0.065043 0.842664
v -0.160123 0.057175 0.804995
v -0.238256 -0.065054 0.785424
v -0.238256 0.057175 0.785424
v -0.314093 -0.065054 0.758289
v -0.314093 0.057175 0.758289
v -0.405011 -0.065043 0.757723
v -0.386906 0.057175 0.723851
v -0.477331 -0.065043 0.714376
v -0.455993 0.057175 0.682442
v -0.520688 -0.065054 0.634461
v -0.520688 0.057175 0.634461
v -0.580369 -0.065054 0.580369
v -0.580369 0.057175 0.580369
v -0.634461 -0.065054 0.520688
v -0.634461 0.057175 0.520688
v -0.682442 -0.065054 0.455993
v -0.682442 0.057175 0.455993
v -0.723851 -0.065054 0.386906
v -0.723851 0.057175 0.386906
v -0.758289 -0.065054 0.314093
v -0.758289 0.057175 0.314093
v -0.785424 -0.065054 0.238256
v -0.785424 0.057175 0.238256
v -0.842664 -0.065043 0.167616
v -0.804995 0.057175 0.160123
v -0.881988 -0.065034 0.086868
v -0.816814 0.057175 0.080449
v -0.886255 -0.065034 0.000000
v -0.820766 0.057175 -0.000000
v -0.881988 -0.065034 -0.086868
v -0.816814 0.057175 -0.080449
v -0.869226 -0.065034 -0.172900
v -0.804995 0.057175 -0.160123
v -0.848094 -0.065034 -0.257266
v -0.785424 0.057175 -0.238256
v -0.818793 -0.065034 -0.339155
v -0.758289 0.057175 -0.314093
v -0.757723 -0.065043 -0.405011
v -0.723851 0.057175 -0.386906
v -0.682442 -0.065054 -0.455993
v -0.682442 0.057175 -0.455993
v -0.664150 -0.065043 -0.545054
v -0.634461 0.057175 -0.520688
v -0.607527 -0.065043 -0.607527
v -0.580369 0.057175 -0.580369
v -0.520688 -0.065054 -0.634461
v -0.520688 0.057175 -0.634461
v -0.455993 -0.065054 -0.682442
v -0.455993 0.057175 -0.682442
v -0.386906 -0.065054 -0.723851
v -0.386906 0.057175 -0.723851
v -0.314093 -0.065054 -0.758289
v -0.314093 0.057175 -0.758289
v -0.238256 -0.065054 -0.785424
v -0.238256 0.057175 -0.785424
v -0.160123 -0.065054 -0.804995
v -0.160123 0.057175 -0.804995
v -0.080449 -0.065054 -0.816814
v -0.080449 0.057175 -0.816814
v -0.078421 0.065000 0.796225
v -0.000000 0.065000 0.800078
v 0.078421 0.065000 0.796225
v 0.156087 0.065000 0.784705
v 0.232250 0.065000 0.765627
v 0.306177 0.065000 0.739175
v 0.377154 0.065000 0.705606
v 0.444499 0.065000 0.665240
v 0.507564 0.065000 0.618469
v 0.565741 0.065000 0.565741
v 0.618468 0.065000 0.507564
v 0.665240 0.065000 0.444499
v 0.705606 0.065000 0.377154
v 0.739175 0.065000 0.306177
v 0.765627 0.065000 0.232250
v 0.784705 0.065000 0.156087
v 0.796225 0.065000 0.078421
v 0.800078 0.065000 -0.000000
v 0.796225 0.065000 -0.078421
v 0.784705 0.065000 -0.156087
v 0.765627 0.065000 -0.232250
v 0.739175 0.065000 -0.306177
v 0.705606 0.065000 -0.377154
v 0.665240 0.065000 -0.444499
v 0.618469 0.065000 -0.507564
v 0.565740 0.065000 -0.565741
v 0.507564 0.065000 -0.618468
v 0.444499 0.065000 -0.665240
v 0.377154 0.065000 -0.705606
v 0.306177 0.065000 -0.739175
v 0.232250 0.065000 -0.765627
v 0.156087 0.065000 -0.784705
v 0.078421 0.065000 -0.796225
v 0.000000 0.065000 -0.800078
v -0.078421 0.065000 -0.796225
v -0.156087 0.065000 -0.784705
v -0.232250 0.065000 -0.765627
v -0.306177 0.065000 -0.739175
v -0.377154 0.065000 -0.705606
v -0.444499 0.065000 -0.665240
v -0.507564 0.065000 -0.618469
v -0.565741 0.065000 -0.565740
v -0.618468 0.065000 -0.507564
v -0.665240 0.065000 -0.444499
v -0.705606 0.065000 -0.377154
v -0.739175 0.065000 -0.306177
v -0.765627 0.065000 -0.232250
v -0.784705 0.065000 -0.156087
v -0.796225 0.065000 -0.078421
v -0.800078 0.065000 -0.000000
v -0.796225 0.065000 0.078421
v -0.784704 0.065000 0.156087
v -0.765626 0.065000 0.232250
v -0.739175 0.065000 0.306177
v -0.705606 0.065000 0.377154
v -0.665240 0.065000 0.444499
v -0.618469 0.065000 0.507564
v -0.565741 0.065000 0.565741
v -0.507564 0.065000 0.618468
v -0.444499 0.065000 0.665240
v -0.377154 0.065000 0.705606
v -0.306177 0.065000 0.739175
v -0.232250 0.065000 0.765627
v -0.156087 0.065000 0.784705
v -0.000000 -0.065000 0.800078
v -0.078421 -0.065000 0.796225
v -0.156087 -0.065000 0.784705
v -0.232250 -0.065000 0.765627
v -0.306177 -0.065000 0.739175
v -0.377154 -0.065000 0.705606
v -0.444499 -0.065000 0.665240
v -0.507564 -0.065000 0.618468
v -0.565740 -0.065000 0.565741
v -0.618469 -0.065000 0.507564
v -0.665240 -0.065000 0.444499
v -0.705606 -0.065000 0.377154
v -0.739176 -0.065000 0.306177
v -0.765627 -0.065000 0.232250
v -0.784705 -0.065000 0.156087
v -0.796225 -0.065000 0.078421
v -0.800078 -0.065000 0.000000
v -0.796225 -0.065000 -0.078421
v -0.784705 -0.065000 -0.156087
v -0.765627 -0.065000 -0.232250
v -0.739175 -0.065000 -0.306177
v -0.705606 -0.065000 -0.377154
v -0.665240 -0.065000 -0.444499
v -0.618468 -0.065000 -0.507564
v -0.565740 -0.065000 -0.565741
v -0.507564 -0.065000 -0.618469
v -0.444499 -0.065000 -0.665240
v -0.377154 -0.065000 -0.705606
v -0.306177 -0.065000 -0.739175
v -0.232250 -0.065000 -0.765627
v -0.156087 -0.065000 -0.784705
v -0.078421 -0.065000 -0.796225
v -0.000000 -0.065000 -0.800078
v 0.078421 -0.065000 -0.796225
v 0.156087 -0.065000 -0.784705
v 0.232250 -0.065000 -0.765627
v 0.306177 -0.065000 -0.739175
v 0.377154 -0.065000 -0.705606
v 0.444499 -0.065000 -0.665240
v 0.507564 -0.065000 -0.618468
v 0.565741 -0.065000 -0.565740
v 0.618469 -0.065000 -0.507564
v 0.665240 -0.065000 -0.444499
v 0.705606 -0.065000 -0.377154
v 0.739175 -0.065000 -0.306177
v 0.765626 -0.065000 -0.232250
v 0.784704 -0.065000 -0.156087
v 0.796225 -0.065000 -0.078421
v 0.800078 -0.065000 -0.000000
v 0.796225 -0.065000 0.078421
v 0.784704 -0.065000 0.156087
v 0.765627 -0.065000 0.232250
v 0.739175 -0.065000 0.306177
v 0.705606 -0.065000 0.377154
v 0.665240 -0.065000 0.444499
v 0.618468 -0.065000 0.507564
v 0.565741 -0.065000 0.565741
v 0.507564 -0.065000 0.618469
v 0.444499 -0.065000 0.665240
v 0.377154 -0.065000 0.705606
v 0.306177 -0.065000 0.739175
v 0.232250 -0.065000 0.765627
v 0.156087 -0.065000 0.784705
v 0.078421 -0.065000 0.796225
v -0.073513 -0.054464 -0.996389
v -0.073513 -0.032202 -0.996389
v -0.024504 -0.032202 -0.998796
v -0.024504 -0.054464 -0.998796
v -0.170822 -0.054464 -0.984385
v -0.170822 -0.032202 -0.984385
v -0.122285 -0.032202 -0.991585
v -0.122285 -0.054464 -0.991585
v -0.266486 -0.054464 -0.962902
v -0.266486 -0.032202 -0.962902
v -0.218889 -0.032202 -0.974824
v -0.218889 -0.054464 -0.974824
v -0.359584 -0.054464 -0.932145
v -0.359584 -0.032202 -0.932145
v -0.313384 -0.032202 -0.948675
v -0.313384 -0.054464 -0.948675
v -0.534527 -0.054464 -0.844083
v -0.534527 -0.032202 -0.844083
v -0.492440 -0.032202 -0.869308
v -0.492440 -0.054464 -0.869308
v -0.614688 -0.054464 -0.787625
v -0.614688 -0.032202 -0.787625
v -0.575276 -0.032202 -0.816855
v -0.575276 -0.054464 -0.816855
v -0.688928 -0.054464 -0.723583
v -0.688928 -0.032202 -0.723583
v -0.652572 -0.032202 -0.756535
v -0.652572 -0.054464 -0.756535
v -0.756535 -0.065149 -0.652572
v -0.756535 -0.065447 -0.652572
v -0.723583 -0.065447 -0.688928
v -0.723583 -0.065149 -0.688928
v -0.756535 -0.054464 -0.652572
v -0.756535 -0.032202 -0.652572
v -0.723583 -0.032202 -0.688928
v -0.723583 -0.054464 -0.688928
v -0.816855 -0.054464 -0.575276
v -0.816855 -0.032202 -0.575276
v -0.787625 -0.032202 -0.614688
v -0.787625 -0.054464 -0.614688
v -0.869308 -0.054464 -0.492440
v -0.869308 -0.032202 -0.492440
v -0.844083 -0.032202 -0.534527
v -0.844083 -0.054464 -0.534527
v -0.913390 -0.065149 -0.404862
v -0.913390 -0.065447 -0.404862
v -0.892411 -0.065447 -0.449218
v -0.892411 -0.065149 -0.449218
v -0.913390 -0.054464 -0.404862
v -0.913390 -0.032202 -0.404862
v -0.892411 -0.032202 -0.449218
v -0.892411 -0.054464 -0.449218
v -0.948675 -0.065149 -0.313384
v -0.948675 -0.065447 -0.313384
v -0.932145 -0.065447 -0.359584
v -0.932145 -0.065149 -0.359584
v -0.948675 -0.054464 -0.313384
v -0.948675 -0.032202 -0.313384
v -0.932145 -0.032202 -0.359584
v -0.932145 -0.054464 -0.359584
v -0.974824 -0.065149 -0.218889
v -0.974824 -0.065447 -0.218889
v -0.962902 -0.065447 -0.266486
v -0.962902 -0.065149 -0.266486
v -0.974824 -0.054464 -0.218889
v -0.974824 -0.032202 -0.218889
v -0.962902 -0.032202 -0.266486
v -0.962902 -0.054464 -0.266486
v -0.991585 -0.065149 -0.122285
v -0.991585 -0.065447 -0.122285
v -0.984385 -0.065447 -0.170822
v -0.984385 -0.065149 -0.170822
v -0.991585 -0.054464 -0.122285
v -0.991585 -0.032202 -0.122285
v -0.984385 -0.032202 -0.170822
v -0.984385 -0.054464 -0.170822
v -0.998796 -0.065149 -0.024504
v -0.998796 -0.065447 -0.024504
v -0.996389 -0.065447 -0.073513
v -0.996389 -0.065149 -0.073513
v -0.998796 -0.054464 -0.024504
v -0.998796 -0.032202 -0.024504
v -0.996389 -0.032202 -0.073513
v -0.996389 -0.054464 -0.073513
v -0.996389 -0.065149 0.073513
v -0.996389 -0.065447 0.073513
v -0.998796 -0.065447 0.024504
v -0.998796 -0.065149 0.024504
v -0.996389 -0.054464 0.073513
v -0.996389 -0.032202 0.073513
v -0.998796 -0.032202 0.024504
v -0.998796 -0.054464 0.024504
v -0.984385 -0.065149 0.170822
v -0.984385 -0.065447 0.170822
v -0.991585 -0.065447 0.122285
v -0.991585 -0.065149 0.122285
v -0.984385 -0.054464 0.170822
v -0.984385 -0.032202 0.170822
v -0.991585 -0.032202 0.122285
v -0.991585 -0.054464 0.122285
v -0.962902 -0.054464 0.266486
v -0.962902 -0.032202 0.266486
v -0.974824 -0.032202 0.218889
v -0.974824 -0.054464 0.218889
v -0.932145 -0.054464 0.359584
v -0.932145 -0.032202 0.359584
v -0.948675 -0.032202 0.313384
v -0.948675 -0.054464 0.313384
v -0.892411 -0.054464 0.449218
v -0.892411 -0.032202 0.449218
v -0.913390 -0.032202 0.404862
v -0.913390 -0.054464 0.404862
v -0.844083 -0.054464 0.534527
v -0.844083 -0.032202 0.534527
v -0.869308 -0.032202 0.492440
v -0.869308 -0.054464 0.492440
v -0.787625 -0.054464 0.614688
v -0.787625 -0.032202 0.614688
v -0.816855 -0.032202 0.575276
v -0.816855 -0.054464 0.575276
v -0.723583 -0.054464 0.688928
v -0.723583 -0.032202 0.688928
v -0.756535 -0.032202 0.652572
v -0.756535 -0.054464 0.652572
v -0.652572 -0.054464 0.756535
v -0.652572 -0.032202 0.756535
v -0.688928 -0.032202 0.723583
v -0.688928 -0.054464 0.723583
v -0.575276 -0.054464 0.816855
v -0.575276 -0.032202 0.816855
v -0.614688 -0.032202 0.787625
v -0.614688 -0.054464 0.787625
v -0.492440 -0.065149 0.869308
v -0.492440 -0.065447 0.869308
v -0.534527 -0.065447 0.844083
v -0.534527 -0.065149 0.844083
v -0.492440 -0.054464 0.869308
v -0.492440 -0.032202 0.869308
v -0.534527 -0.032202 0.844083
v -0.534527 -0.054464 0.844083
v -0.404862 -0.054464 0.913390
v -0.404862 -0.032202 0.913390
v -0.449218 -0.032202 0.892411
v -0.449218 -0.054464 0.892411
v -0.313384 -0.054464 0.948675
v -0.313384 -0.032202 0.948675
v -0.359584 -0.032202 0.932145
v -0.359584 -0.054464 0.932145
v -0.218889 -0.054464 0.974824
v -0.218889 -0.032202 0.974824
v -0.266486 -0.032202 0.962902
v -0.266486 -0.054464 0.962902
v -0.122285 -0.065149 0.991585
v -0.122285 -0.065447 0.991585
v -0.170822 -0.065447 0.984385
v -0.170822 -0.065149 0.984385
v -0.122285 -0.054464 0.991585
v -0.122285 -0.032202 0.991585
v -0.170822 -0.032202 0.984385
v -0.170822 -0.054464 0.984385
v -0.024504 -0.065149 0.998796
v -0.024504 -0.065447 0.998796
v -0.073513 -0.065447 0.996389
v -0.073513 -0.065149 0.996389
v -0.024504 -0.054464 0.998796
v -0.024504 -0.032202 0.998796
v -0.073513 -0.032202 0.996389
v -0.073513 -0.054464 0.996389
v 0.073513 -0.054464 0.996389
v 0.073513 -0.032202 0.996389
v 0.024504 -0.032202 0.998796
v 0.024504 -0.054464 0.998796
v 0.170822 -0.065149 0.984385
v 0.170822 -0.065447 0.984385
v 0.122285 -0.065447 0.991585
v 0.122285 -0.065149 0.991585
v 0.170822 -0.054464 0.984385
v 0.170822 -0.032202 0.984385
v 0.122285 -0.032202 0.991585
v 0.122285 -0.054464 0.991585
v 0.266486 -0.054464 0.962902
v 0.266486 -0.032202 0.962902
v 0.218889 -0.032202 0.974824
v 0.218889 -0.054464 0.974824
v 0.359584 -0.065149 0.932145
v 0.359584 -0.065447 0.932145
v 0.313384 -0.065447 0.948675
v 0.313384 -0.065149 0.948675
v 0.359584 -0.054464 0.932145
v 0.359584 -0.032202 0.932145
v 0.313384 -0.032202 0.948675
v 0.313384 -0.054464 0.948675
v 0.449218 -0.054464 0.892411
v 0.449218 -0.032202 0.892411
v 0.404862 -0.032202 0.913390
v 0.404862 -0.054464 0.913390
v 0.534527 -0.054464 0.844083
v 0.534527 -0.032202 0.844083
v 0.492440 -0.032202 0.869308
v 0.492440 -0.054464 0.869308
v 0.614688 -0.065149 0.787625
v 0.614688 -0.065447 0.787625
v 0.575276 -0.065447 0.816855
v 0.575276 -0.065149 0.816855
v 0.614688 -0.054464 0.787625
v 0.614688 -0.032202 0.787625
v 0.575276 -0.032202 0.816855
v 0.575276 -0.054464 0.816855
v 0.688928 -0.065149 0.723583
v 0.688928 -0.065447 0.723583
v 0.652572 -0.065447 0.756535
v 0.652572 -0.065149 0.756535
v 0.688928 -0.054464 0.723583
v 0.688928 -0.032202 0.723583
v 0.652572 -0.032202 0.756535
v 0.652572 -0.054464 0.756535
v 0.756535 -0.054464 0.652572
v 0.756535 -0.032202 0.652572
v 0.723583 -0.032202 0.688928
v 0.723583 -0.054464 0.688928
v 0.816855 -0.054464 0.575276
v 0.816855 -0.032202 0.575276
v 0.787625 -0.032202 0.614688
v 0.787625 -0.054464 0.614688
v 0.869308 -0.054464 0.492440
v 0.869308 -0.032202 0.492440
v 0.844083 -0.032202 0.534527
v 0.844083 -0.054464 0.534527
v 0.913390 -0.054464 0.404862
v 0.913390 -0.032202 0.404862
v 0.892411 -0.032202 0.449218
v 0.892411 -0.054464 0.449218
v 0.948675 -0.065149 0.313384
v 0.948675 -0.065447 0.313384
v 0.932145 -0.065447 0.359584
v 0.932145 -0.065149 0.359584
v 0.948675 -0.054464 0.313384
v 0.948675 -0.032202 0.313384
v 0.932145 -0.032202 0.359584
v 0.932145 -0.054464 0.359584
v 0.974824 -0.065149 0.218889
v 0.974824 -0.065447 0.218889
v 0.962902 -0.065447 0.266486
v 0.962902 -0.065149 0.266486
v 0.974824 -0.054464 0.218889
v 0.974824 -0.032202 0.218889
v 0.962902 -0.032202 0.266486
v 0.962902 -0.054464 0.266486
v 0.991585 -0.065149 0.122285
v 0.991585 -0.065447 0.122285
v 0.984385 -0.065447 0.170822
v 0.984385 -0.065149 0.170822
v 0.991585 -0.054464 0.122285
v 0.991585 -0.032202 0.122285
v 0.984385 -0.032202 0.170822
v 0.984385 -0.054464 0.170822
v 0.998796 -0.054464 0.024504
v 0.998796 -0.032202 0.024504
v 0.996389 -0.032202 0.073513
v 0.996389 -0.054464 0.073513
v 0.996389 -0.065149 -0.073513
v 0.996389 -0.065447 -0.073513
v 0.998796 -0.065447 -0.024504
v 0.998796 -0.065149 -0.024504
v 0.996389 -0.054464 -0.073513
v 0.996389 -0.032202 -0.073513
v 0.998796 -0.032202 -0.024504
v 0.998796 -0.054464 -0.024504
v 0.984385 -0.054464 -0.170822
v 0.984385 -0.032202 -0.170822
v 0.991585 -0.032202 -0.122285
v 0.991585 -0.054464 -0.122285
v 0.962902 -0.065149 -0.266486
v 0.962902 -0.065447 -0.266486
v 0.974824 -0.065447 -0.218889
v 0.974824 -0.065149 -0.218889
v 0.962902 -0.054464 -0.266486
v 0.962902 -0.032202 -0.266486
v 0.974824 -0.032202 -0.218889
v 0.974824 -0.054464 -0.218889
v 0.932145 -0.054464 -0.359584
v 0.932145 -0.032202 -0.359584
v 0.948675 -0.032202 -0.313384
v 0.948675 -0.054464 -0.313384
v 0.892411 -0.054464 -0.449218
v 0.892411 -0.032202 -0.449218
v 0.913390 -0.032202 -0.404862
v 0.913390 -0.054464 -0.404862
v 0.844083 -0.054464 -0.534527
v 0.844083 -0.032202 -0.534527
v 0.869308 -0.032202 -0.492440
v 0.869308 -0.054464 -0.492440
v 0.787625 -0.054464 -0.614688
v 0.787625 -0.032202 -0.614688
v 0.816855 -0.032202 -0.575276
v 0.816855 -0.054464 -0.575276
v 0.404862 -0.065149 -0.913390
v 0.404862 -0.065447 -0.913390
v 0.449218 -0.065447 -0.892411
v 0.449218 -0.065149 -0.892411
v 0.404862 -0.054464 -0.913390
v 0.404862 -0.032202 -0.913390
v 0.449218 -0.032202 -0.892411
v 0.449218 -0.054464 -0.892411
v 0.313384 -0.065149 -0.948675
v 0.313384 -0.065447 -0.948675
v 0.359584 -0.065447 -0.932145
v 0.359584 -0.065149 -0.932145
v 0.313384 -0.054464 -0.948675
v 0.313384 -0.032202 -0.948675
v 0.359584 -0.032202 -0.932145
v 0.359584 -0.054464 -0.932145
v 0.218889 -0.054464 -0.974824
v 0.218889 -0.032202 -0.974824
v 0.266486 -0.032202 -0.962902
v 0.266486 -0.054464 -0.962902
v 0.122285 -0.065149 -0.991585
v 0.122285 -0.065447 -0.991585
v 0.170822 -0.065447 -0.984385
v 0.170822 -0.065149 -0.984385
v 0.122285 -0.054464 -0.991585
v 0.122285 -0.032202 -0.991585
v 0.170822 -0.032202 -0.984385
v 0.170822 -0.054464 -0.984385
v 0.024504 -0.065149 -0.998796
v 0.024504 -0.065447 -0.998796
v 0.073513 -0.065447 -0.996389
v 0.073513 -0.065149 -0.996389
v 0.024504 -0.054464 -0.998796
v 0.024504 -0.032202 -0.998796
v 0.073513 -0.032202 -0.996389
v 0.073513 -0.054464 -0.996389
v -0.030652 -0.065000 0.469954
v -0.015559 -0.065000 0.470695
v 0.016492 -0.065000 -0.508703
v 0.033449 -0.065000 -0.507870
v -0.015559 0.065000 0.470695
v -0.030652 0.065000 0.469954
v 0.033449 0.065000 -0.507870
v 0.016492 0.065000 -0.508703
v -0.076568 -0.065000 0.464686
v -0.061621 -0.065000 0.466904
v 0.066274 -0.065000 -0.504637
v 0.083068 -0.065000 -0.502146
v -0.061621 0.065000 0.466904
v -0.076568 0.065000 0.464686
v 0.083068 0.065000 -0.502146
v 0.066274 0.065000 -0.504637
v -0.121746 -0.065000 0.454944
v -0.107088 -0.065000 0.458616
v 0.115418 -0.065000 -0.495711
v 0.131887 -0.065000 -0.491586
v -0.107088 0.065000 0.458616
v -0.121746 0.065000 0.454944
v 0.131887 0.065000 -0.491586
v 0.115418 0.065000 -0.495711
v -0.165753 -0.065000 0.440820
v -0.151525 -0.065000 0.445911
v 0.163450 -0.065000 -0.482011
v 0.179436 -0.065000 -0.476292
v -0.151525 0.065000 0.445911
v -0.165753 0.065000 0.440820
v 0.179436 0.065000 -0.476292
v 0.163450 0.065000 -0.482011
v -0.208162 -0.065000 0.422451
v -0.194502 -0.065000 0.428911
v 0.209909 -0.065000 -0.463670
v 0.225257 -0.065000 -0.456410
v -0.194502 0.065000 0.428911
v -0.208162 0.065000 0.422451
v 0.225257 0.065000 -0.456410
v 0.209909 0.065000 -0.463670
v -0.248567 -0.065000 0.400013
v -0.235606 -0.065000 0.407782
v 0.254345 -0.065000 -0.440862
v 0.268908 -0.065000 -0.432134
v -0.235606 0.065000 0.407782
v -0.248567 0.065000 0.400013
v 0.268908 0.065000 -0.432134
v 0.254345 0.065000 -0.440862
v -0.286578 -0.065000 0.373723
v -0.274441 -0.065000 0.382725
v 0.296333 -0.065000 -0.413809
v 0.309970 -0.065000 -0.403695
v -0.274441 0.065000 0.382725
v -0.286578 0.065000 0.373723
v 0.309970 0.065000 -0.403695
v 0.296333 0.065000 -0.413809
v -0.321830 -0.065000 0.343834
v -0.310633 -0.065000 0.353982
v 0.335466 -0.065000 -0.382771
v 0.348046 -0.065000 -0.371369
v -0.310633 0.065000 0.353982
v -0.321830 0.065000 0.343834
v 0.348046 0.065000 -0.371369
v 0.335466 0.065000 -0.382771
v -0.353982 -0.065000 0.310633
v -0.343834 -0.065000 0.321830
v 0.371369 -0.065000 -0.348046
v 0.382771 -0.065000 -0.335466
v -0.343834 0.065000 0.321830
v -0.353982 0.065000 0.310633
v 0.382771 0.065000 -0.335466
v 0.371369 0.065000 -0.348046
v -0.382725 -0.065000 0.274441
v -0.373723 -0.065000 0.286579
v 0.403695 -0.065000 -0.309970
v 0.413809 -0.065000 -0.296333
v -0.373723 0.065000 0.286579
v -0.382725 0.065000 0.274441
v 0.413809 0.065000 -0.296333
v 0.403695 0.065000 -0.309970
v -0.407782 -0.065000 0.235606
v -0.400013 -0.065000 0.248567
v 0.432134 -0.065000 -0.268908
v 0.440862 -0.065000 -0.254345
v -0.400013 0.065000 0.248567
v -0.407782 0.065000 0.235606
v 0.440862 0.065000 -0.254345
v 0.432134 0.065000 -0.268908
v -0.428911 -0.065000 0.194502
v -0.422451 -0.065000 0.208162
v 0.456410 -0.065000 -0.225257
v 0.463670 -0.065000 -0.209909
v -0.422451 0.065000 0.208162
v -0.428911 0.065000 0.194502
v 0.463670 0.065000 -0.209909
v 0.456410 0.065000 -0.225257
v -0.445911 -0.065000 0.151525
v -0.440820 -0.065000 0.165753
v 0.476292 -0.065000 -0.179436
v 0.482012 -0.065000 -0.163450
v -0.440820 0.065000 0.165753
v -0.445911 0.065000 0.151525
v 0.482012 0.065000 -0.163450
v 0.476292 0.065000 -0.179436
v -0.458616 -0.065000 0.107088
v -0.454944 -0.065000 0.121746
v 0.491586 -0.065000 -0.131887
v 0.495711 -0.065000 -0.115418
v -0.454944 0.065000 0.121746
v -0.458616 0.065000 0.107088
v 0.495711 0.065000 -0.115418
v 0.491586 0.065000 -0.131887
v -0.466904 -0.065000 0.061621
v -0.464686 -0.065000 0.076568
v 0.502146 -0.065000 -0.083068
v 0.504637 -0.065000 -0.066274
v -0.464686 0.065000 0.076568
v -0.466904 0.065000 0.061621
v 0.504637 0.065000 -0.066274
v 0.502146 0.065000 -0.083068
v -0.470695 -0.065000 0.015559
v -0.469954 -0.065000 0.030652
v 0.507870 -0.065000 -0.033449
v 0.508703 -0.065000 -0.016492
v -0.469954 0.065000 0.030652
v -0.470695 0.065000 0.015559
v 0.508703 0.065000 -0.016492
v 0.507870 0.065000 -0.033449
v -0.469954 -0.065000 -0.030652
v -0.470695 -0.065000 -0.015559
v 0.508703 -0.065000 0.016492
v 0.507870 -0.065000 0.033449
v -0.470695 0.065000 -0.015559
v -0.469954 0.065000 -0.030652
v 0.507870 0.065000 0.033449
v 0.508703 0.065000 0.016492
v -0.464686 -0.065000 -0.076568
v -0.466904 -0.065000 -0.061621
v 0.504637 -0.065000 0.066274
v 0.502146 -0.065000 0.083068
v -0.466904 0.065000 -0.061621
v -0.464686 0.065000 -0.076568
v 0.502146 0.065000 0.083068
v 0.504637 0.065000 0.066274
v -0.454944 -0.065000 -0.121746
v -0.458616 -0.065000 -0.107088
v 0.495711 -0.065000 0.115418
v 0.491586 -0.065000 0.131887
v -0.458616 0.065000 -0.107088
v -0.454944 0.065000 -0.121746
v 0.491586 0.065000 0.131887
v 0.495711 0.065000 0.115418
v -0.440820 -0.065000 -0.165753
v -0.445911 -0.065000 -0.151525
v 0.482011 -0.065000 0.163450
v 0.476292 -0.065000 0.179436
v -0.445911 0.065000 -0.151525
v -0.440820 0.065000 -0.165753
v 0.476292 0.065000 0.179436
v 0.482011 0.065000 0.163450
v -0.422451 -0.065000 -0.208162
v -0.428911 -0.065000 -0.194502
v 0.463670 -0.065000 0.209909
v 0.456410 -0.065000 0.225257
v -0.428911 0.065000 -0.194502
v -0.422451 0.065000 -0.208162
v 0.456410 0.065000 0.225257
v 0.463670 0.065000 0.209909
v -0.400013 -0.065000 -0.248567
v -0.407782 -0.065000 -0.235606
v 0.440862 -0.065000 0.254345
v 0.432134 -0.065000 0.268908
v -0.407782 0.065000 -0.235606
v -0.400013 0.065000 -0.248567
v 0.432134 0.065000 0.268908
v 0.440862 0.065000 0.254345
v -0.373723 -0.065000 -0.286578
v -0.382725 -0.065000 -0.274441
v 0.413809 -0.065000 0.296333
v 0.403695 -0.065000 0.309970
v -0.382725 0.065000 -0.274441
v -0.373723 0.065000 -0.286578
v 0.403695 0.065000 0.309970
v 0.413809 0.065000 0.296333
v -0.343834 -0.065000 -0.321830
v -0.353982 -0.065000 -0.310633
v 0.382771 -0.065000 0.335466
v 0.371369 -0.065000 0.348046
v -0.353982 0.065000 -0.310633
v -0.343834 0.065000 -0.321830
v 0.371369 0.065000 0.348046
v 0.382771 0.065000 0.335466
v -0.310633 -0.065000 -0.353982
v -0.321830 -0.065000 -0.343834
v 0.348046 -0.065000 0.371369
v 0.335466 -0.065000 0.382771
v -0.321830 0.065000 -0.343834
v -0.310633 0.065000 -0.353982
v 0.335466 0.065000 0.382771
v 0.348046 0.065000 0.371369
v -0.274441 -0.065000 -0.382725
v -0.286579 -0.065000 -0.373723
v 0.309970 -0.065000 0.403695
v 0.296333 -0.065000 0.413809
v -0.286579 0.065000 -0.373723
v -0.274441 0.065000 -0.382725
v 0.296333 0.065000 0.413809
v 0.309970 0.065000 0.403695
v -0.235606 -0.065000 -0.407782
v -0.248567 -0.065000 -0.400013
v 0.268908 -0.065000 0.432134
v 0.254345 -0.065000 0.440862
v -0.248567 0.065000 -0.400013
v -0.235606 0.065000 -0.407782
v 0.254345 0.065000 0.440862
v 0.268908 0.065000 0.432134
v -0.194502 -0.065000 -0.428911
v -0.208162 -0.065000 -0.422451
v 0.225257 -0.065000 0.456410
v 0.209909 -0.065000 0.463670
v -0.208162 0.065000 -0.422451
v -0.194502 0.065000 -0.428911
v 0.209909 0.065000 0.463670
v 0.225257 0.065000 0.456410
v -0.151525 -0.065000 -0.445911
v -0.165753 -0.065000 -0.440820
v 0.179436 -0.065000 0.476292
v 0.163450 -0.065000 0.482012
v -0.165753 0.065000 -0.440820
v -0.151525 0.065000 -0.445911
v 0.163450 0.065000 0.482012
v 0.179436 0.065000 0.476292
v -0.107088 -0.065000 -0.458616
v -0.121746 -0.065000 -0.454944
v 0.131887 -0.065000 0.491586
v 0.115418 -0.065000 0.495711
v -0.121746 0.065000 -0.454944
v -0.107088 0.065000 -0.458616
v 0.115418 0.065000 0.495711
v 0.131887 0.065000 0.491586
v -0.061621 -0.065000 -0.466904
v -0.076568 -0.065000 -0.464686
v 0.083068 -0.065000 0.502146
v 0.066274 -0.065000 0.504637
v -0.076568 0.065000 -0.464686
v -0.061621 0.065000 -0.466904
v 0.066274 0.065000 0.504637
v 0.083068 0.065000 0.502146
v -0.015559 -0.065000 -0.470695
v -0.030652 -0.065000 -0.469954
v 0.033449 -0.065000 0.507870
v 0.016492 -0.065000 0.508703
v -0.030652 0.065000 -0.469954
v -0.015559 0.065000 -0.470695
v 0.016492 0.065000 0.508703
v 0.033449 0.065000 0.507870
v 0.030652 -0.065000 -0.469954
v 0.015559 -0.065000 -0.470695
v -0.016492 -0.065000 0.508703
v -0.033449 -0.065000 0.507870
v 0.015559 0.065000 -0.470695
v 0.030652 0.065000 -0.469954
v -0.033449 0.065000 0.507870
v -0.016492 0.065000 0.508703
v 0.076568 -0.065000 -0.464686
v 0.061621 -0.065000 -0.466904
v -0.066274 -0.065000 0.504637
v -0.083068 -0.065000 0.502146
v 0.061621 0.065000 -0.466904
v 0.076568 0.065000 -0.464686
v -0.083068 0.065000 0.502146
v -0.066274 0.065000 0.504637
v 0.121746 -0.065000 -0.454944
v 0.107088 -0.065000 -0.458616
v -0.115418 -0.065000 0.495711
v -0.131887 -0.065000 0.491586
v 0.107088 0.065000 -0.458616
v 0.121746 0.065000 -0.454944
v -0.131887 0.065000 0.491586
v -0.115418 0.065000 0.495711
v 0.165753 -0.065000 -0.440820
v 0.151525 -0.065000 -0.445911
v -0.163450 -0.065000 0.482011
v -0.179436 -0.065000 0.476292
v 0.151525 0.065000 -0.445911
v 0.165753 0.065000 -0.440820
v -0.179436 0.065000 0.476292
v -0.163450 0.065000 0.482011
v 0.208162 -0.065000 -0.422451
v 0.194502 -0.065000 -0.428911
v -0.209909 -0.065000 0.463670
v -0.225257 -0.065000 0.456410
v 0.194502 0.065000 -0.428911
v 0.208162 0.065000 -0.422451
v -0.225257 0.065000 0.456410
v -0.209909 0.065000 0.463670
v 0.248567 -0.065000 -0.400013
v 0.235606 -0.065000 -0.407782
v -0.254345 -0.065000 0.440862
v -0.268908 -0.065000 0.432134
v 0.235606 0.065000 -0.407782
v 0.248567 0.065000 -0.400013
v -0.268908 0.065000 0.432134
v -0.254345 0.065000 0.440862
v 0.286578 -0.065000 -0.373723
v 0.274441 -0.065000 -0.382725
v -0.296333 -0.065000 0.413809
v -0.309970 -0.065000 0.403695
v 0.274441 0.065000 -0.382725
v 0.286578 0.065000 -0.373723
v -0.309970 0.065000 0.403695
v -0.296333 0.065000 0.413809
v 0.321830 -0.065000 -0.343834
v 0.310633 -0.065000 -0.353982
v -0.335466 -0.065000 0.382771
v -0.348046 -0.065000 0.371369
v 0.310633 0.065000 -0.353982
v 0.321830 0.065000 -0.343834
v -0.348046 0.065000 0.371369
v -0.335466 0.065000 0.382771
v 0.353982 -0.065000 -0.310633
v 0.343834 -0.065000 -0.321830
v -0.371369 -0.065000 0.348046
v -0.382771 -0.065000 0.335466
v 0.343834 0.065000 -0.321830
v 0.353982 0.065000 -0.310633
v -0.382771 0.065000 0.335466
v -0.371369 0.065000 0.348046
v 0.382725 -0.065000 -0.274441
v 0.373723 -0.065000 -0.286579
v -0.403695 -0.065000 0.309970
v -0.413809 -0.065000 0.296333
v 0.373723 0.065000 -0.286579
v 0.382725 0.065000 -0.274441
v -0.413809 0.065000 0.296333
v -0.403695 0.065000 0.309970
v 0.407782 -0.065000 -0.235606
v 0.400013 -0.065000 -0.248567
v -0.432134 -0.065000 0.268908
v -0.440862 -0.065000 0.254345
v 0.400013 0.065000 -0.248567
v 0.407782 0.065000 -0.235606
v -0.440862 0.065000 0.254345
v -0.432134 0.065000 0.268908
v 0.428911 -0.065000 -0.194502
v 0.422451 -0.065000 -0.208162
v -0.456410 -0.065000 0.225257
v -0.463670 -0.065000 0.209909
v 0.422451 0.065000 -0.208162
v 0.428911 0.065000 -0.194502
v -0.463670 0.065000 0.209909
v -0.456410 0.065000 0.225257
v 0.445911 -0.065000 -0.151525
v 0.440820 -0.065000 -0.165753
v -0.476292 -0.065000 0.179436
v -0.482012 -0.065000 0.163450
v 0.440820 0.065000 -0.165753
v 0.445911 0.065000 -0.151525
v -0.482012 0.065000 0.163450
v -0.476292 0.065000 0.179436
v 0.458616 -0.065000 -0.107088
v 0.454944 -0.065000 -0.121746
v -0.491586 -0.065000 0.131887
v -0.495711 -0.065000 0.115418
v 0.454944 0.065000 -0.121746
v 0.458616 0.065000 -0.107088
v -0.495711 0.065000 0.115418
v -0.491586 0.065000 0.131887
v 0.466904 -0.065000 -0.061621
v 0.464686 -0.065000 -0.076568
v -0.502146 -0.065000 0.083068
v -0.504637 -0.065000 0.066274
v 0.464686 0.065000 -0.076568
v 0.466904 0.065000 -0.061621
v -0.504637 0.065000 0.066274
v -0.502146 0.065000 0.083068
v 0.470695 -0.065000 -0.015559
v 0.469954 -0.065000 -0.030652
v -0.507870 -0.065000 0.033449
v -0.508703 -0.065000 0.016492
v 0.469954 0.065000 -0.030652
v 0.470695 0.065000 -0.015559
v -0.508703 0.065000 0.016492
v -0.507870 0.065000 0.033449
v 0.469954 -0.065000 0.030652
v 0.470695 -0.065000 0.015559
v -0.508703 -0.065000 -0.016492
v -0.507870 -0.065000 -0.033449
v 0.470695 0.065000 0.015559
v 0.469954 0.065000 0.030652
v -0.507870 0.065000 -0.033449
v -0.508703 0.065000 -0.016492
v 0.464686 -0.065000 0.076568
v 0.466904 -0.065000 0.061621
v -0.504637 -0.065000 -0.066274
v -0.502146 -0.065000 -0.083068
v 0.466904 0.065000 0.061621
v 0.464686 0.065000 0.076568
v -0.502146 0.065000 -0.083068
v -0.504637 0.065000 -0.066274
v 0.454944 -0.065000 0.121746
v 0.458616 -0.065000 0.107088
v -0.495711 -0.065000 -0.115418
v -0.491586 -0.065000 -0.131887
v 0.458616 0.065000 0.107088
v 0.454944 0.065000 0.121746
v -0.491586 0.065000 -0.131887
v -0.495711 0.065000 -0.115418
v 0.440820 -0.065000 0.165753
v 0.445911 -0.065000 0.151525
v -0.482011 -0.065000 -0.163450
v -0.476292 -0.065000 -0.179436
v 0.445911 0.065000 0.151525
v 0.440820 0.065000 0.165753
v -0.476292 0.065000 -0.179436
v -0.482011 0.065000 -0.163450
v 0.422451 -0.065000 0.208162
v 0.428911 -0.065000 0.194502
v -0.463670 -0.065000 -0.209909
v -0.456410 -0.065000 -0.225257
v 0.428911 0.065000 0.194502
v 0.422451 0.065000 0.208162
v -0.456410 0.065000 -0.225257
v -0.463670 0.065000 -0.209909
v 0.400013 -0.065000 0.248567
v 0.407782 -0.065000 0.235606
v -0.440862 -0.065000 -0.254345
v -0.432134 -0.065000 -0.268908
v 0.407782 0.065000 0.235606
v 0.400013 0.065000 0.248567
v -0.432134 0.065000 -0.268908
v -0.440862 0.065000 -0.254345
v 0.373723 -0.065000 0.286578
v 0.382725 -0.065000 0.274441
v -0.413809 -0.065000 -0.296333
v -0.403695 -0.065000 -0.309970
v 0.382725 0.065000 0.274441
v 0.373723 0.065000 0.286578
v -0.403695 0.065000 -0.309970
v -0.413809 0.065000 -0.296333
v 0.343834 -0.065000 0.321830
v 0.353982 -0.065000 0.310633
v -0.382771 -0.065000 -0.335466
v -0.371369 -0.065000 -0.348046
v 0.353982 0.065000 0.310633
v 0.343834 0.065000 0.321830
v -0.371369 0.065000 -0.348046
v -0.382771 0.065000 -0.335466
v 0.310633 -0.065000 0.353982
v 0.321830 -0.065000 0.343834
v -0.348046 -0.065000 -0.371369
v -0.335466 -0.065000 -0.382771
v 0.321830 0.065000 0.343834
v 0.310633 0.065000 0.353982
v -0.335466 0.065000 -0.382771
v -0.348046 0.065000 -0.371369
v 0.274441 -0.065000 0.382725
v 0.286579 -0.065000 0.373723
v -0.309970 -0.065000 -0.403695
v -0.296333 -0.065000 -0.413809
v 0.286579 0.065000 0.373723
v 0.274441 0.065000 0.382725
v -0.296333 0.065000 -0.413809
v -0.309970 0.065000 -0.403695
v 0.235606 -0.065000 0.407782
v 0.248567 -0.065000 0.400013
v -0.268908 -0.065000 -0.432134
v -0.254345 -0.065000 -0.440862
v 0.248567 0.065000 0.400013
v 0.235606 0.065000 0.407782
v -0.254345 0.065000 -0.440862
v -0.268908 0.065000 -0.432134
v 0.194502 -0.065000 0.428911
v 0.208162 -0.065000 0.422451
v -0.225257 -0.065000 -0.456410
v -0.209909 -0.065000 -0.463670
v 0.208162 0.065000 0.422451
v 0.194502 0.065000 0.428911
v -0.209909 0.065000 -0.463670
v -0.225257 0.065000 -0.456410
v 0.151525 -0.065000 0.445911
v 0.165753 -0.065000 0.440820
v -0.179436 -0.065000 -0.476292
v -0.163450 -0.065000 -0.482012
v 0.165753 0.065000 0.440820
v 0.151525 0.065000 0.445911
v -0.163450 0.065000 -0.482012
v -0.179436 0.065000 -0.476292
v 0.107088 -0.065000 0.458616
v 0.121746 -0.065000 0.454944
v -0.131887 -0.065000 -0.491586
v -0.115418 -0.065000 -0.495711
v 0.121746 0.065000 0.454944
v 0.107088 0.065000 0.458616
v -0.115418 0.065000 -0.495711
v -0.131887 0.065000 -0.491586
v 0.061621 -0.065000 0.466904
v 0.076568 -0.065000 0.464686
v -0.083068 -0.065000 -0.502146
v -0.066274 -0.065000 -0.504637
v 0.076568 0.065000 0.464686
v 0.061621 0.065000 0.466904
v -0.066274 0.065000 -0.504637
v -0.083068 0.065000 -0.502146
v 0.015559 -0.065000 0.470695
v 0.030652 -0.065000 0.469954
v -0.033449 -0.065000 -0.507870
v -0.016492 -0.065000 -0.508703
v 0.030652 0.065000 0.469954
v 0.015559 0.065000 0.470695
v -0.016492 0.065000 -0.508703
v -0.033449 0.065000 -0.507870
v 0.047670 -0.065009 -0.968247
v 0.047145 0.051983 -0.959652
v 0.000000 0.021690 -0.986433
v 0.097336 -0.065143 -0.988272
v 0.142142 -0.065009 -0.958942
v 0.140980 0.051983 -0.950410
v 0.205885 -0.065096 -0.968761
v 0.235041 -0.065088 -0.938337
v 0.233458 0.051983 -0.932015
v 0.275097 -0.065096 -0.951425
v 0.326684 -0.065009 -0.912716
v 0.323687 0.051983 -0.904644
v 0.380025 -0.065143 -0.917462
v 0.414387 -0.065009 -0.876389
v 0.410799 0.051983 -0.868561
v 0.478229 -0.064867 -0.867267
v 0.495785 -0.065089 -0.826816
v 0.493955 0.051983 -0.824114
v 0.547992 -0.064366 -0.820127
v 0.572353 -0.065090 -0.771729
v 0.572354 0.051983 -0.771729
v 0.625739 -0.064366 -0.762465
v 0.645240 -0.065090 -0.711913
v 0.645240 0.051983 -0.711913
v 0.697461 -0.064366 -0.697461
v 0.711913 -0.065090 -0.645240
v 0.711913 0.051983 -0.645240
v 0.762503 -0.064746 -0.625770
v 0.771729 -0.065090 -0.572354
v 0.771729 0.051983 -0.572354
v 0.820189 -0.065023 -0.548033
v 0.824114 -0.065090 -0.493955
v 0.824114 0.051983 -0.493955
v 0.869956 -0.065023 -0.465001
v 0.868561 -0.065090 -0.410799
v 0.868561 0.051983 -0.410799
v 0.911345 -0.065023 -0.377492
v 0.907651 -0.065089 -0.324955
v 0.904644 0.051983 -0.323687
v 0.943916 -0.065096 -0.299849
v 0.938337 -0.065010 -0.235041
v 0.932015 0.051983 -0.233458
v 0.973807 -0.065096 -0.180516
v 0.956856 -0.065088 -0.141936
v 0.950410 0.051983 -0.140980
v 0.984277 -0.065096 -0.109938
v 0.966161 -0.065010 -0.047464
v 0.959652 0.051983 -0.047145
v 0.990313 -0.065096 0.012933
v 0.966161 -0.065088 0.047464
v 0.959652 0.051983 0.047145
v 0.986812 -0.065096 0.084197
v 0.958912 -0.065009 0.142345
v 0.950410 0.051983 0.140980
v 0.973973 -0.065143 0.193735
v 0.942397 -0.065008 0.236058
v 0.932015 0.051983 0.233458
v 0.950294 -0.065143 0.288268
v 0.912785 -0.065009 0.326491
v 0.904644 0.051983 0.323687
v 0.909981 -0.065096 0.390925
v 0.871430 -0.065089 0.412355
v 0.868561 0.051983 0.410799
v 0.869956 -0.065023 0.465001
v 0.824114 -0.065090 0.493955
v 0.824114 0.051983 0.493955
v 0.820189 -0.065023 0.548033
v 0.771729 -0.065090 0.572353
v 0.771729 0.051983 0.572354
v 0.762523 -0.065023 0.625786
v 0.714448 -0.065089 0.647295
v 0.711913 0.051983 0.645240
v 0.709402 -0.065096 0.691112
v 0.650946 -0.065009 0.718361
v 0.645240 0.051983 0.711913
v 0.629987 -0.065143 0.767641
v 0.577565 -0.065009 0.778583
v 0.572354 0.051983 0.771729
v 0.539435 -0.065096 0.830600
v 0.495475 -0.065089 0.827001
v 0.493955 0.051983 0.824114
v 0.465001 -0.065023 0.869956
v 0.412355 -0.065089 0.871430
v 0.410799 0.051983 0.868561
v 0.390925 -0.065096 0.909981
v 0.325882 -0.065010 0.910780
v 0.323687 0.051983 0.904644
v 0.275097 -0.065096 0.951425
v 0.235041 -0.065088 0.938337
v 0.233458 0.051983 0.932015
v 0.205885 -0.065096 0.968761
v 0.141936 -0.065010 0.956856
v 0.140980 0.051983 0.950410
v 0.084197 -0.065096 0.986812
v 0.047464 -0.065088 0.966161
v 0.047145 0.051983 0.959652
v 0.012933 -0.065096 0.990313
v -0.047670 -0.065009 0.968247
v -0.047145 0.051983 0.959652
v -0.097336 -0.065143 0.988272
v -0.142142 -0.065009 0.958942
v -0.140980 0.051983 0.950410
v -0.205885 -0.065096 0.968761
v -0.234425 -0.065089 0.935132
v -0.233458 0.051983 0.932015
v -0.286346 -0.065023 0.943957
v -0.323687 -0.065090 0.904644
v -0.323687 0.051983 0.904644
v -0.377492 -0.065023 0.911345
v -0.412029 -0.065089 0.871584
v -0.410799 0.051983 0.868561
v -0.455424 -0.065096 0.879474
v -0.497305 -0.065010 0.829703
v -0.493955 0.051983 0.824114
v -0.560942 -0.065096 0.816230
v -0.574440 -0.065089 0.774239
v -0.572354 0.051983 0.771729
v -0.625786 -0.065023 0.762523
v -0.645240 -0.065090 0.711913
v -0.645240 0.051983 0.711913
v -0.697513 -0.065023 0.697513
v -0.711913 -0.065090 0.645240
v -0.711913 0.051983 0.645240
v -0.762523 -0.065023 0.625786
v -0.771729 -0.065090 0.572354
v -0.771729 0.051983 0.572354
v -0.820189 -0.065023 0.548033
v -0.824114 -0.065090 0.493955
v -0.824114 0.051983 0.493955
v -0.869956 -0.065023 0.465001
v -0.868561 -0.065090 0.410799
v -0.868561 0.051983 0.410799
v -0.911345 -0.065023 0.377492
v -0.904644 -0.065090 0.323687
v -0.904644 0.051983 0.323687
v -0.943957 -0.065023 0.286346
v -0.935132 -0.065089 0.234425
v -0.932015 0.051983 0.233458
v -0.968761 -0.065096 0.205885
v -0.958942 -0.065009 0.142142
v -0.950410 0.051983 0.140980
v -0.988272 -0.065143 0.097336
v -0.970342 -0.065008 0.047670
v -0.959652 0.051983 0.047145
v -0.993054 -0.065143 -0.000000
v -0.970342 -0.065008 -0.047670
v -0.959652 0.051983 -0.047145
v -0.988272 -0.065143 -0.097336
v -0.960997 -0.065008 -0.142550
v -0.950410 0.051983 -0.140980
v -0.973973 -0.065143 -0.193735
v -0.942397 -0.065008 -0.236058
v -0.932015 0.051983 -0.233458
v -0.950294 -0.065143 -0.288268
v -0.914722 -0.065008 -0.327293
v -0.904644 0.051983 -0.323687
v -0.917462 -0.065143 -0.380025
v -0.876389 -0.065009 -0.414387
v -0.868561 0.051983 -0.410799
v -0.867281 -0.065096 -0.478236
v -0.826816 -0.065089 -0.495785
v -0.824114 0.051983 -0.493955
v -0.820189 -0.065023 -0.548033
v -0.774454 -0.065089 -0.574149
v -0.771729 0.051983 -0.572354
v -0.773727 -0.065096 -0.618251
v -0.716741 -0.065010 -0.649617
v -0.711913 0.051983 -0.645240
v -0.691112 -0.065096 -0.709402
v -0.647295 -0.065089 -0.714448
v -0.645240 0.051983 -0.711913
v -0.625786 -0.065023 -0.762523
v -0.572354 -0.065090 -0.771729
v -0.572354 0.051983 -0.771729
v -0.548033 -0.065023 -0.820189
v -0.493955 -0.065090 -0.824114
v -0.493955 0.051983 -0.824114
v -0.464989 -0.064746 -0.869933
v -0.410799 -0.065090 -0.868561
v -0.410799 0.051983 -0.868561
v -0.377482 -0.064746 -0.911321
v -0.323687 -0.065090 -0.904644
v -0.323687 0.051983 -0.904644
v -0.286346 -0.065023 -0.943957
v -0.233458 -0.065090 -0.932015
v -0.233458 0.051983 -0.932015
v -0.192444 -0.065023 -0.967479
v -0.140980 -0.065090 -0.950410
v -0.140980 0.051983 -0.950410
v -0.096687 -0.065023 -0.981683
v -0.047485 -0.065089 -0.962898
v -0.047145 0.051983 -0.959652
v -0.012933 -0.065096 -0.990313
v -0.000000 -0.042872 -0.999830
v 0.096687 0.021690 -0.981683
v 0.098001 -0.042920 -0.995026
v 0.192444 0.021690 -0.967479
v 0.195057 -0.042872 -0.980619
v 0.286346 0.021690 -0.943957
v 0.290235 -0.042872 -0.956778
v 0.377492 0.021690 -0.911345
v 0.382622 -0.042920 -0.923732
v 0.464989 0.021648 -0.869933
v 0.482403 -0.042385 -0.875078
v 0.547991 0.021701 -0.820127
v 0.554679 -0.041528 -0.830135
v 0.625739 0.021701 -0.762466
v 0.633375 -0.041528 -0.771770
v 0.697461 0.021701 -0.697461
v 0.705972 -0.041528 -0.705972
v 0.762503 0.021648 -0.625770
v 0.764131 -0.042262 -0.643836
v 0.820189 0.021690 -0.548033
v 0.831315 -0.042798 -0.555467
v 0.869956 0.021690 -0.465001
v 0.881757 -0.042798 -0.471309
v 0.911345 0.021690 -0.377491
v 0.923708 -0.042798 -0.382612
v 0.943957 0.021690 -0.286346
v 0.956778 -0.042872 -0.290235
v 0.967479 0.021690 -0.192444
v 0.980619 -0.042872 -0.195057
v 0.981683 0.021690 -0.096687
v 0.995016 -0.042872 -0.098000
v 0.986433 0.021690 0.000000
v 0.999830 -0.042872 -0.000000
v 0.981683 0.021690 0.096687
v 0.995016 -0.042872 0.098000
v 0.967479 0.021690 0.192444
v 0.980629 -0.042920 0.195059
v 0.943957 0.021690 0.286346
v 0.956788 -0.042920 0.290238
v 0.911345 0.021690 0.377492
v 0.923723 -0.042872 0.382618
v 0.869956 0.021690 0.465001
v 0.881757 -0.042798 0.471309
v 0.820189 0.021690 0.548033
v 0.831315 -0.042798 0.555467
v 0.762523 0.021690 0.625786
v 0.772867 -0.042798 0.634275
v 0.697513 0.021690 0.697513
v 0.706987 -0.042872 0.706987
v 0.625786 0.021690 0.762523
v 0.634292 -0.042920 0.772887
v 0.548033 0.021690 0.820189
v 0.555476 -0.042872 0.831328
v 0.465001 0.021690 0.869956
v 0.471309 -0.042798 0.881757
v 0.377491 0.021690 0.911345
v 0.382618 -0.042872 0.923723
v 0.286346 0.021690 0.943957
v 0.290235 -0.042872 0.956778
v 0.192444 0.021690 0.967479
v 0.195057 -0.042872 0.980619
v 0.096687 0.021690 0.981683
v 0.098000 -0.042872 0.995016
v -0.000000 0.021690 0.986433
v 0.000000 -0.042872 0.999830
v -0.096687 0.021690 0.981683
v -0.098001 -0.042920 0.995026
v -0.192444 0.021690 0.967479
v -0.195057 -0.042872 0.980619
v -0.286346 0.021690 0.943957
v -0.290231 -0.042798 0.956763
v -0.377492 0.021690 0.911345
v -0.382612 -0.042798 0.923708
v -0.465001 0.021690 0.869956
v -0.471317 -0.042872 0.881771
v -0.548033 0.021690 0.820189
v -0.555476 -0.042872 0.831328
v -0.625786 0.021690 0.762523
v -0.634275 -0.042798 0.772867
v -0.697513 0.021690 0.697513
v -0.706975 -0.042798 0.706975
v -0.762523 0.021690 0.625786
v -0.772867 -0.042798 0.634275
v -0.820189 0.021690 0.548033
v -0.831315 -0.042798 0.555467
v -0.869956 0.021690 0.465001
v -0.881757 -0.042798 0.471309
v -0.911345 0.021690 0.377491
v -0.923708 -0.042798 0.382612
v -0.943957 0.021690 0.286346
v -0.956763 -0.042798 0.290231
v -0.967479 0.021690 0.192444
v -0.980619 -0.042872 0.195057
v -0.981683 0.021690 0.096687
v -0.995026 -0.042920 0.098001
v -0.986433 0.021690 -0.000000
v -0.999840 -0.042920 0.000000
v -0.981683 0.021690 -0.096687
v -0.995026 -0.042920 -0.098001
v -0.967479 0.021690 -0.192444
v -0.980629 -0.042920 -0.195059
v -0.943957 0.021690 -0.286346
v -0.956788 -0.042920 -0.290238
v -0.911345 0.021690 -0.377492
v -0.923732 -0.042920 -0.382622
v -0.869956 0.021690 -0.465001
v -0.881771 -0.042872 -0.471317
v -0.820189 0.021690 -0.548033
v -0.831315 -0.042798 -0.555467
v -0.762523 0.021690 -0.625786
v -0.772879 -0.042872 -0.634286
v -0.697513 0.021690 -0.697513
v -0.706987 -0.042872 -0.706987
v -0.625786 0.021690 -0.762523
v -0.634275 -0.042798 -0.772867
v -0.548033 0.021690 -0.820189
v -0.555467 -0.042798 -0.831315
v -0.464989 0.021648 -0.869933
v -0.459579 -0.042262 -0.887248
v -0.377481 0.021648 -0.911321
v -0.394298 -0.042262 -0.918123
v -0.286346 0.021690 -0.943957
v -0.290231 -0.042798 -0.956763
v -0.192444 0.021690 -0.967479
v -0.195054 -0.042798 -0.980603
v -0.096687 0.021690 -0.981683
v -0.097999 -0.042798 -0.995000
v -0.049340 -0.064721 -0.997440
v -0.048999 -0.008913 -0.997407
v -0.146527 -0.064647 -0.987801
v -0.146527 -0.008913 -0.987802
v -0.242642 -0.064647 -0.968683
v -0.242642 -0.008913 -0.968683
v -0.336412 -0.064524 -0.940211
v -0.336412 -0.008800 -0.940211
v -0.426939 -0.058527 -0.902685
v -0.426939 -0.014562 -0.902685
v -0.513376 -0.064524 -0.856513
v -0.513376 -0.008800 -0.856513
v -0.594871 -0.064647 -0.802091
v -0.594871 -0.008913 -0.802091
v -0.670408 -0.064721 -0.740185
v -0.670625 -0.008913 -0.739921
v -0.739994 -0.064873 -0.670692
v -0.739921 -0.008913 -0.670626
v -0.802332 -0.064721 -0.594629
v -0.802091 -0.008913 -0.594871
v -0.856405 -0.064721 -0.513704
v -0.856536 -0.008913 -0.513388
v -0.902831 -0.064921 -0.427007
v -0.902733 -0.008913 -0.426961
v -0.940347 -0.064969 -0.336462
v -0.940235 -0.008913 -0.336422
v -0.968798 -0.064969 -0.242671
v -0.968683 -0.008913 -0.242642
v -0.987919 -0.064969 -0.146544
v -0.987801 -0.008913 -0.146527
v -0.997526 -0.064969 -0.049005
v -0.997407 -0.008913 -0.048999
v -0.997526 -0.064969 0.049005
v -0.997407 -0.008913 0.048999
v -0.987909 -0.064921 0.146542
v -0.987802 -0.008913 0.146527
v -0.968648 -0.064721 0.242983
v -0.968683 -0.008913 0.242642
v -0.940235 -0.064647 0.336422
v -0.940235 -0.008913 0.336422
v -0.902733 -0.064647 0.426961
v -0.902733 -0.008913 0.426961
v -0.856536 -0.064647 0.513388
v -0.856536 -0.008913 0.513388
v -0.802091 -0.064647 0.594871
v -0.802091 -0.008913 0.594871
v -0.739921 -0.064647 0.670625
v -0.739921 -0.008913 0.670625
v -0.670625 -0.064647 0.739921
v -0.670626 -0.008913 0.739921
v -0.595172 -0.064721 0.801929
v -0.594871 -0.008913 0.802091
v -0.513439 -0.064873 0.856621
v -0.513388 -0.008913 0.856536
v -0.426676 -0.064721 0.902922
v -0.426961 -0.008913 0.902733
v -0.336422 -0.064647 0.940235
v -0.336422 -0.008913 0.940235
v -0.242983 -0.064721 0.968648
v -0.242642 -0.008913 0.968683
v -0.146542 -0.064921 0.987909
v -0.146527 -0.008913 0.987801
v -0.049005 -0.064921 0.997515
v -0.048999 -0.008913 0.997407
v 0.049004 -0.064794 0.997505
v 0.048999 -0.008913 0.997407
v 0.146541 -0.064873 0.987899
v 0.146527 -0.008913 0.987802
v 0.242666 -0.064794 0.968778
v 0.242642 -0.008913 0.968683
v 0.336455 -0.064873 0.940328
v 0.336422 -0.008913 0.940235
v 0.427288 -0.064721 0.902632
v 0.426961 -0.008913 0.902733
v 0.513123 -0.064721 0.856752
v 0.513388 -0.008913 0.856536
v 0.594936 -0.064921 0.802178
v 0.594871 -0.008913 0.802091
v 0.670698 -0.064921 0.740002
v 0.670625 -0.008913 0.739921
v 0.740185 -0.064721 0.670408
v 0.739921 -0.008913 0.670626
v 0.802091 -0.064647 0.594871
v 0.802091 -0.008913 0.594871
v 0.856536 -0.064647 0.513388
v 0.856536 -0.008913 0.513388
v 0.902633 -0.064721 0.427288
v 0.902733 -0.008913 0.426961
v 0.940338 -0.064921 0.336458
v 0.940235 -0.008913 0.336422
v 0.968798 -0.064969 0.242671
v 0.968683 -0.008913 0.242642
v 0.987909 -0.064921 0.146543
v 0.987801 -0.008913 0.146527
v 0.997505 -0.064794 0.049004
v 0.997407 -0.008913 0.048999
v 0.997505 -0.064873 -0.049004
v 0.997407 -0.008913 -0.048999
v 0.987899 -0.064794 -0.146541
v 0.987802 -0.008913 -0.146527
v 0.968778 -0.064873 -0.242666
v 0.968683 -0.008913 -0.242642
v 0.940168 -0.064721 -0.336757
v 0.940235 -0.008913 -0.336422
v 0.902733 -0.064647 -0.426961
v 0.902733 -0.008913 -0.426961
v 0.856536 -0.064647 -0.513388
v 0.856536 -0.008913 -0.513388
v 0.802071 -0.064524 -0.594855
v 0.802071 -0.008800 -0.594855
v 0.739596 -0.058301 -0.670785
v 0.739596 -0.014354 -0.670785
v 0.670481 -0.058076 -0.739762
v 0.670481 -0.014147 -0.739762
v 0.594743 -0.058076 -0.801918
v 0.594743 -0.014147 -0.801918
v 0.513929 -0.058424 -0.856126
v 0.513608 -0.014354 -0.856248
v 0.426999 -0.064847 -0.902817
v 0.426948 -0.008800 -0.902710
v 0.336459 -0.064921 -0.940337
v 0.336422 -0.008913 -0.940235
v 0.242666 -0.064794 -0.968778
v 0.242642 -0.008913 -0.968683
v 0.146542 -0.064921 -0.987909
v 0.146527 -0.008913 -0.987801
v 0.049005 -0.064921 -0.997515
v 0.048999 -0.008913 -0.997407
v -0.045280 -0.065000 0.921697
v -0.045280 0.065000 0.921697
v -0.135404 -0.065000 0.912820
v -0.135404 0.065000 0.912820
v -0.224224 -0.065000 0.895153
v -0.224224 0.065000 0.895153
v -0.310885 -0.065000 0.868865
v -0.310885 0.065000 0.868865
v -0.394552 -0.065000 0.834209
v -0.394552 0.065000 0.834209
v -0.474418 -0.065000 0.791519
v -0.474418 0.065000 0.791519
v -0.549716 -0.065000 0.741207
v -0.549716 0.065000 0.741207
v -0.619720 -0.065000 0.683756
v -0.619720 0.065000 0.683756
v -0.683756 -0.065000 0.619720
v -0.683756 0.065000 0.619720
v -0.741207 -0.065000 0.549716
v -0.741207 0.065000 0.549716
v -0.791519 -0.065000 0.474418
v -0.791519 0.065000 0.474418
v -0.834209 -0.065000 0.394552
v -0.834209 0.065000 0.394552
v -0.868865 -0.065000 0.310885
v -0.868865 0.065000 0.310885
v -0.895153 -0.065000 0.224224
v -0.895153 0.065000 0.224224
v -0.912820 -0.065000 0.135404
v -0.912820 0.065000 0.135404
v -0.921697 -0.065000 0.045280
v -0.921697 0.065000 0.045280
v -0.921697 -0.065000 -0.045280
v -0.921697 0.065000 -0.045280
v -0.912820 -0.065000 -0.135404
v -0.912820 0.065000 -0.135404
v -0.895153 -0.065000 -0.224224
v -0.895153 0.065000 -0.224224
v -0.868865 -0.065000 -0.310885
v -0.868865 0.065000 -0.310885
v -0.834209 -0.065000 -0.394552
v -0.834209 0.065000 -0.394552
v -0.791519 -0.065000 -0.474418
v -0.791519 0.065000 -0.474418
v -0.741207 -0.065000 -0.549716
v -0.741207 0.065000 -0.549716
v -0.683756 -0.065000 -0.619720
v -0.683756 0.065000 -0.619720
v -0.619720 -0.065000 -0.683756
v -0.619720 0.065000 -0.683756
v -0.549716 -0.065000 -0.741207
v -0.549716 0.065000 -0.741207
v -0.474418 -0.065000 -0.791519
v -0.474418 0.065000 -0.791519
v -0.394552 -0.065000 -0.834209
v -0.394552 0.065000 -0.834209
v -0.310885 -0.065000 -0.868865
v -0.310885 0.065000 -0.868865
v -0.224224 -0.065000 -0.895153
v -0.224224 0.065000 -0.895153
v -0.135404 -0.065000 -0.912820
v -0.135404 0.065000 -0.912820
v -0.045280 -0.065000 -0.921697
v -0.045280 0.065000 -0.921697
v 0.045280 -0.065000 -0.921697
v 0.045280 0.065000 -0.921697
v 0.135404 -0.065000 -0.912820
v 0.135404 0.065000 -0.912820
v 0.224224 -0.065000 -0.895153
v 0.224224 0.065000 -0.895153
v 0.310885 -0.065000 -0.868865
v 0.310885 0.065000 -0.868865
v 0.394552 -0.065000 -0.834209
v 0.394552 0.065000 -0.834209
v 0.474418 -0.065000 -0.791519
v 0.474418 0.065000 -0.791519
v 0.549716 -0.065000 -0.741207
v 0.549716 0.065000 -0.741207
v 0.619720 -0.065000 -0.683756
v 0.619720 0.065000 -0.683756
v 0.683756 -0.065000 -0.619720
v 0.683756 0.065000 -0.619720
v 0.741207 -0.065000 -0.549716
v 0.741207 0.065000 -0.549716
v 0.791519 -0.065000 -0.474418
v 0.791519 0.065000 -0.474418
v 0.834209 -0.065000 -0.394552
v 0.834209 0.065000 -0.394552
v 0.868865 -0.065000 -0.310885
v 0.868865 0.065000 -0.310885
v 0.895153 -0.065000 -0.224224
v 0.895153 0.065000 -0.224224
v 0.912820 -0.065000 -0.135404
v 0.912820 0.065000 -0.135404
v 0.921697 -0.065000 -0.045280
v 0.921697 0.065000 -0.045280
v 0.921697 -0.065000 0.045280
v 0.921697 0.065000 0.045280
v 0.912820 -0.065000 0.135404
v 0.912820 0.065000 0.135404
v 0.895153 -0.065000 0.224224
v 0.895153 0.065000 0.224224
v 0.868865 -0.065000 0.310885
v 0.868865 0.065000 0.310885
v 0.834209 -0.065000 0.394552
v 0.834209 0.065000 0.394552
v 0.791519 -0.065000 0.474418
v 0.791519 0.065000 0.474418
v 0.741207 -0.065000 0.549716
v 0.741207 0.065000 0.549716
v 0.683756 -0.065000 0.619720
v 0.683756 0.065000 0.619720
v 0.619720 -0.065000 0.683756
v 0.619720 0.065000 0.683756
v 0.549716 -0.065000 0.741207
v 0.549716 0.065000 0.741207
v 0.474418 -0.065000 0.791519
v 0.474418 0.065000 0.791519
v 0.394552 -0.065000 0.834209
v 0.394552 0.065000 0.834209
v 0.310885 -0.065000 0.868865
v 0.310885 0.065000 0.868865
v 0.224224 -0.065000 0.895153
v 0.224224 0.065000 0.895153
v 0.135404 -0.065000 0.912820
v 0.135404 0.065000 0.912820
v 0.045280 -0.065000 0.921697
v 0.045280 0.065000 0.921697
v 0.002386 -0.065002 -0.024231
v -0.000000 -0.065003 -0.022252
v 0.000000 0.064469 -0.019023
v 0.001864 0.064469 -0.018932
v 0.004341 -0.065003 -0.021825
v 0.003711 0.064469 -0.018658
v 0.006460 -0.065003 -0.021294
v 0.005522 0.064469 -0.018204
v 0.009317 -0.065002 -0.022495
v 0.007280 0.064469 -0.017576
v 0.010490 -0.065003 -0.019625
v 0.008968 0.064469 -0.016777
v 0.010569 -0.065004 -0.015817
v 0.010569 0.064469 -0.015817
v 0.012068 -0.065004 -0.014705
v 0.012068 0.064469 -0.014705
v 0.013451 -0.065004 -0.013451
v 0.013451 0.064469 -0.013451
v 0.014705 -0.065004 -0.012068
v 0.014705 0.064469 -0.012068
v 0.015817 -0.065004 -0.010569
v 0.015817 0.064469 -0.010569
v 0.016777 -0.065004 -0.008968
v 0.016777 0.064469 -0.008968
v 0.017575 -0.065004 -0.007280
v 0.017575 0.064469 -0.007280
v 0.021294 -0.065003 -0.006460
v 0.018204 0.064469 -0.005522
v 0.021825 -0.065003 -0.004341
v 0.018658 0.064469 -0.003711
v 0.022145 -0.065003 -0.002181
v 0.018932 0.064469 -0.001864
v 0.022252 -0.065003 0.000000
v 0.019023 0.064469 0.000000
v 0.022145 -0.065003 0.002181
v 0.018932 0.064469 0.001864
v 0.023880 -0.065002 0.004750
v 0.018658 0.064469 0.003711
v 0.023299 -0.065002 0.007068
v 0.018204 0.064469 0.005522
v 0.020559 -0.065003 0.008515
v 0.017576 0.064469 0.007280
v 0.016777 -0.065004 0.008968
v 0.016777 0.064469 0.008968
v 0.015817 -0.065004 0.010569
v 0.015817 0.064469 0.010569
v 0.014705 -0.065004 0.012068
v 0.014705 0.064469 0.012068
v 0.015735 -0.065003 0.015735
v 0.013451 0.064469 0.013451
v 0.015446 -0.065002 0.018821
v 0.012068 0.064469 0.014705
v 0.012363 -0.065003 0.018502
v 0.010569 0.064469 0.015817
v 0.008968 -0.065004 0.016777
v 0.008968 0.064469 0.016777
v 0.008515 -0.065003 0.020558
v 0.007280 0.064469 0.017575
v 0.006460 -0.065003 0.021294
v 0.005522 0.064469 0.018204
v 0.004341 -0.065003 0.021825
v 0.003711 0.064469 0.018658
v 0.002181 -0.065003 0.022145
v 0.001864 0.064469 0.018932
v -0.000000 -0.065003 0.022252
v 0.000000 0.064469 0.019023
v -0.002386 -0.065002 0.024231
v -0.001864 0.064469 0.018932
v -0.004341 -0.065003 0.021825
v -0.003711 0.064469 0.018658
v -0.005522 -0.065004 0.018204
v -0.005522 0.064469 0.018204
v -0.007280 -0.065004 0.017576
v -0.007280 0.064469 0.017576
v -0.010490 -0.065003 0.019625
v -0.008968 0.064469 0.016777
v -0.012363 -0.065003 0.018502
v -0.010569 0.064469 0.015817
v -0.012068 -0.065004 0.014705
v -0.012068 0.064469 0.014705
v -0.013451 -0.065004 0.013451
v -0.013451 0.064469 0.013451
v -0.014705 -0.065004 0.012068
v -0.014705 0.064469 0.012068
v -0.015817 -0.065004 0.010569
v -0.015817 0.064469 0.010569
v -0.016777 -0.065004 0.008968
v -0.016777 0.064469 0.008968
v -0.017575 -0.065004 0.007280
v -0.017575 0.064469 0.007280
v -0.018204 -0.065004 0.005522
v -0.018204 0.064469 0.005522
v -0.021825 -0.065003 0.004341
v -0.018658 0.064469 0.003711
v -0.024231 -0.065002 0.002386
v -0.018932 0.064469 0.001864
v -0.024348 -0.065002 -0.000000
v -0.019023 0.064469 0.000000
v -0.024231 -0.065002 -0.002386
v -0.018932 0.064469 -0.001864
v -0.023880 -0.065002 -0.004750
v -0.018658 0.064469 -0.003711
v -0.023299 -0.065002 -0.007068
v -0.018204 0.064469 -0.005522
v -0.022495 -0.065002 -0.009317
v -0.017576 0.064469 -0.007280
v -0.019625 -0.065003 -0.010490
v -0.016777 0.064469 -0.008968
v -0.015817 -0.065004 -0.010569
v -0.015817 0.064469 -0.010569
v -0.017201 -0.065003 -0.014117
v -0.014705 0.064469 -0.012068
v -0.015735 -0.065003 -0.015735
v -0.013451 0.064469 -0.013451
v -0.012068 -0.065004 -0.014705
v -0.012068 0.064469 -0.014705
v -0.010569 -0.065004 -0.015817
v -0.010569 0.064469 -0.015817
v -0.008968 -0.065004 -0.016777
v -0.008968 0.064469 -0.016777
v -0.007280 -0.065004 -0.017575
v -0.007280 0.064469 -0.017575
v -0.005522 -0.065004 -0.018204
v -0.005522 0.064469 -0.018204
v -0.003711 -0.065004 -0.018658
v -0.003711 0.064469 -0.018658
v -0.001864 -0.065004 -0.018932
v -0.001864 0.064469 -0.018932
v -0.034819 0.065000 0.708757
v -0.104122 0.065000 0.701932
v 0.034819 0.065000 0.708757
v 0.104122 0.065000 0.701931
v 0.172422 0.065000 0.688346
v 0.239061 0.065000 0.668131
v 0.303398 0.065000 0.641482
v 0.364813 0.065000 0.608655
v 0.422715 0.065000 0.569966
v 0.476546 0.065000 0.525788
v 0.525788 0.065000 0.476546
v 0.569966 0.065000 0.422715
v 0.608654 0.065000 0.364813
v 0.641482 0.065000 0.303398
v 0.668131 0.065000 0.239061
v 0.688346 0.065000 0.172422
v 0.701932 0.065000 0.104122
v 0.708757 0.065000 0.034819
v 0.708757 0.065000 -0.034819
v 0.701932 0.065000 -0.104122
v 0.688346 0.065000 -0.172422
v 0.668131 0.065000 -0.239061
v 0.641482 0.065000 -0.303398
v 0.608655 0.065000 -0.364813
v 0.569966 0.065000 -0.422715
v 0.525788 0.065000 -0.476546
v 0.476546 0.065000 -0.525788
v 0.422715 0.065000 -0.569966
v 0.364813 0.065000 -0.608654
v 0.303398 0.065000 -0.641482
v 0.239061 0.065000 -0.668131
v 0.172422 0.065000 -0.688346
v 0.104122 0.065000 -0.701932
v 0.034819 0.065000 -0.708757
v -0.034819 0.065000 -0.708757
v -0.104122 0.065000 -0.701932
v -0.172422 0.065000 -0.688346
v -0.239061 0.065000 -0.668131
v -0.303398 0.065000 -0.641482
v -0.364813 0.065000 -0.608655
v -0.422715 0.065000 -0.569966
v -0.476546 0.065000 -0.525788
v -0.525788 0.065000 -0.476546
v -0.569966 0.065000 -0.422715
v -0.608655 0.065000 -0.364813
v -0.641481 0.065000 -0.303398
v -0.668131 0.065000 -0.239061
v -0.688346 0.065000 -0.172422
v -0.701932 0.065000 -0.104122
v -0.708757 0.065000 -0.034819
v -0.708757 0.065000 0.034819
v -0.701932 0.065000 0.104122
v -0.688346 0.065000 0.172422
v -0.668131 0.065000 0.239061
v -0.641482 0.065000 0.303398
v -0.608655 0.065000 0.364813
v -0.569966 0.065000 0.422715
v -0.525788 0.065000 0.476546
v -0.476546 0.065000 0.525788
v -0.422715 0.065000 0.569966
v -0.364813 0.065000 0.608655
v -0.303398 0.065000 0.641482
v -0.239061 0.065000 0.668131
v -0.172422 0.065000 0.688346
v -0.090481 0.065000 0.918671
v 0.000000 0.065000 0.923116
v 0.090481 0.065000 0.918671
v 0.180091 0.065000 0.905378
v 0.267966 0.065000 0.883367
v 0.353261 0.065000 0.852848
v 0.435154 0.065000 0.814116
v 0.512855 0.065000 0.767543
v 0.585619 0.065000 0.713578
v 0.652742 0.065000 0.652742
v 0.713578 0.065000 0.585619
v 0.767543 0.065000 0.512856
v 0.814116 0.065000 0.435154
v 0.852848 0.065000 0.353261
v 0.883367 0.065000 0.267966
v 0.905379 0.065000 0.180091
v 0.918671 0.065000 0.090481
v 0.923116 0.065000 -0.000000
v 0.918671 0.065000 -0.090481
v 0.905378 0.065000 -0.180091
v 0.883367 0.065000 -0.267966
v 0.852848 0.065000 -0.353261
v 0.814116 0.065000 -0.435154
v 0.767543 0.065000 -0.512856
v 0.713578 0.065000 -0.585619
v 0.652742 0.065000 -0.652742
v 0.585619 0.065000 -0.713578
v 0.512855 0.065000 -0.767543
v 0.435154 0.065000 -0.814116
v 0.353261 0.065000 -0.852848
v 0.267966 0.065000 -0.883367
v 0.180091 0.065000 -0.905379
v 0.090481 0.065000 -0.918671
v -0.000000 0.065000 -0.923116
v -0.090481 0.065000 -0.918671
v -0.180091 0.065000 -0.905378
v -0.267966 0.065000 -0.883367
v -0.353261 0.065000 -0.852848
v -0.435154 0.065000 -0.814116
v -0.512855 0.065000 -0.767543
v -0.585619 0.065000 -0.713578
v -0.652742 0.065000 -0.652742
v -0.713578 0.065000 -0.585619
v -0.767543 0.065000 -0.512856
v -0.814116 0.065000 -0.435154
v -0.852848 0.065000 -0.353261
v -0.883367 0.065000 -0.267966
v -0.905379 0.065000 -0.180091
v -0.918671 0.065000 -0.090481
v -0.923116 0.065000 -0.000000
v -0.918671 0.065000 0.090481
v -0.905378 0.065000 0.180091
v -0.883367 0.065000 0.267966
v -0.852848 0.065000 0.353261
v -0.814116 0.065000 0.435154
v -0.767543 0.065000 0.512855
v -0.713578 0.065000 0.585619
v -0.652742 0.065000 0.652742
v -0.585619 0.065000 0.713578
v -0.512855 0.065000 0.767543
v -0.435154 0.065000 0.814116
v -0.353261 0.065000 0.852848
v -0.267966 0.065000 0.883367
v -0.180091 0.065000 0.905379
v -0.034819 -0.065000 0.708757
v 0.034819 -0.065000 0.708757
v -0.104122 -0.065000 0.701932
v -0.172422 -0.065000 0.688346
v -0.239061 -0.065000 0.668131
v -0.303398 -0.065000 0.641482
v -0.364813 -0.065000 0.608655
v -0.422715 -0.065000 0.569966
v -0.476546 -0.065000 0.525788
v -0.525788 -0.065000 0.476546
v -0.569966 -0.065000 0.422715
v -0.608655 -0.065000 0.364813
v -0.641482 -0.065000 0.303398
v -0.668131 -0.065000 0.239061
v -0.688346 -0.065000 0.172422
v -0.701931 -0.065000 0.104122
v -0.708757 -0.065000 0.034819
v -0.708757 -0.065000 -0.034819
v -0.701932 -0.065000 -0.104122
v -0.688346 -0.065000 -0.172422
v -0.668131 -0.065000 -0.239061
v -0.641482 -0.065000 -0.303398
v -0.608655 -0.065000 -0.364813
v -0.569966 -0.065000 -0.422715
v -0.525788 -0.065000 -0.476546
v -0.476546 -0.065000 -0.525788
v -0.422715 -0.065000 -0.569966
v -0.364813 -0.065000 -0.608655
v -0.303398 -0.065000 -0.641482
v -0.239061 -0.065000 -0.668131
v -0.172422 -0.065000 -0.688346
v -0.104122 -0.065000 -0.701932
v -0.034819 -0.065000 -0.708757
v 0.034819 -0.065000 -0.708757
v 0.104122 -0.065000 -0.701932
v 0.172422 -0.065000 -0.688346
v 0.239061 -0.065000 -0.668131
v 0.303398 -0.065000 -0.641482
v 0.364813 -0.065000 -0.608655
v 0.422715 -0.065000 -0.569966
v 0.476546 -0.065000 -0.525788
v 0.525788 -0.065000 -0.476546
v 0.569966 -0.065000 -0.422715
v 0.608655 -0.065000 -0.364813
v 0.641482 -0.065000 -0.303398
v 0.668131 -0.065000 -0.239061
v 0.688346 -0.065000 -0.172422
v 0.701932 -0.065000 -0.104122
v 0.708757 -0.065000 -0.034819
v 0.708757 -0.065000 0.034819
v 0.701932 -0.065000 0.104122
v 0.688346 -0.065000 0.172422
v 0.668131 -0.065000 0.239061
v 0.641481 -0.065000 0.303398
v 0.608655 -0.065000 0.364813
v 0.569966 -0.065000 0.422715
v 0.525788 -0.065000 0.476546
v 0.476546 -0.065000 0.525788
v 0.422715 -0.065000 0.569966
v 0.364813 -0.065000 0.608655
v 0.303398 -0.065000 0.641482
v 0.239061 -0.065000 0.668131
v 0.172422 -0.065000 0.688346
v 0.104122 -0.065000 0.701932
v 0.000000 -0.065000 0.923116
v -0.090481 -0.065000 0.918671
v -0.180091 -0.065000 0.905379
v -0.267966 -0.065000 0.883367
v -0.353261 -0.065000 0.852848
v -0.435154 -0.065000 0.814116
v -0.512855 -0.065000 0.767543
v -0.585618 -0.065000 0.713578
v -0.652742 -0.065000 0.652742
v -0.713578 -0.065000 0.585619
v -0.767543 -0.065000 0.512856
v -0.814116 -0.065000 0.435154
v -0.852848 -0.065000 0.353261
v -0.883367 -0.065000 0.267966
v -0.905378 -0.065000 0.180091
v -0.918671 -0.065000 0.090481
v -0.923116 -0.065000 -0.000000
v -0.918671 -0.065000 -0.090481
v -0.905379 -0.065000 -0.180091
v -0.883367 -0.065000 -0.267966
v -0.852848 -0.065000 -0.353261
v -0.814116 -0.065000 -0.435154
v -0.767543 -0.065000 -0.512855
v -0.713578 -0.065000 -0.585618
v -0.652742 -0.065000 -0.652742
v -0.585619 -0.065000 -0.713578
v -0.512856 -0.065000 -0.767543
v -0.435154 -0.065000 -0.814116
v -0.353261 -0.065000 -0.852848
v -0.267966 -0.065000 -0.883367
v -0.180091 -0.065000 -0.905378
v -0.090481 -0.065000 -0.918671
v 0.000000 -0.065000 -0.923116
v 0.090481 -0.065000 -0.918671
v 0.180091 -0.065000 -0.905379
v 0.267966 -0.065000 -0.883367
v 0.353261 -0.065000 -0.852848
v 0.435154 -0.065000 -0.814116
v 0.512855 -0.065000 -0.767543
v 0.585618 -0.065000 -0.713578
v 0.652742 -0.065000 -0.652742
v 0.713578 -0.065000 -0.585619
v 0.767543 -0.065000 -0.512856
v 0.814116 -0.065000 -0.435154
v 0.852848 -0.065000 -0.353261
v 0.883367 -0.065000 -0.267966
v 0.905378 -0.065000 -0.180091
v 0.918671 -0.065000 -0.090481
v 0.923116 -0.065000 0.000000
v 0.918671 -0.065000 0.090481
v 0.905379 -0.065000 0.180091
v 0.883367 -0.065000 0.267966
v 0.852848 -0.065000 0.353261
v 0.814116 -0.065000 0.435154
v 0.767543 -0.065000 0.512855
v 0.713578 -0.065000 0.585618
v 0.652742 -0.065000 0.652742
v 0.585619 -0.065000 0.713578
v 0.512856 -0.065000 0.767543
v 0.435154 -0.065000 0.814116
v 0.353261 -0.065000 0.852848
v 0.267966 -0.065000 0.883367
v 0.180091 -0.065000 0.905378
v 0.090481 -0.065000 0.918671
v -0.078883 -0.043333 -0.996125
v -0.049009 -0.056904 -0.997592
v -0.049009 -0.029763 -0.997592
v -0.019135 -0.043333 -0.999060
v -0.081637 -0.057877 -0.995930
v -0.081637 -0.027954 -0.995930
v -0.016374 -0.027954 -0.999136
v -0.016374 -0.057951 -0.999152
v -0.176140 -0.043333 -0.983596
v -0.146554 -0.056904 -0.987985
v -0.146554 -0.029763 -0.987985
v -0.116967 -0.043333 -0.992374
v -0.178862 -0.057877 -0.983132
v -0.178862 -0.027954 -0.983132
v -0.114228 -0.027954 -0.992720
v -0.114228 -0.057877 -0.992720
v -0.271701 -0.043333 -0.961595
v -0.242688 -0.056904 -0.968863
v -0.242688 -0.029763 -0.968863
v -0.213674 -0.043333 -0.976130
v -0.274365 -0.057877 -0.960867
v -0.274365 -0.027954 -0.960867
v -0.210981 -0.027954 -0.976744
v -0.210981 -0.057877 -0.976744
v -0.364646 -0.043333 -0.930334
v -0.336484 -0.056904 -0.940410
v -0.336484 -0.029763 -0.940410
v -0.308322 -0.043333 -0.950486
v -0.367523 -0.057755 -0.929178
v -0.367523 -0.027841 -0.929178
v -0.305703 -0.027954 -0.951361
v -0.305703 -0.057877 -0.951361
v -0.539138 -0.043333 -0.841319
v -0.513484 -0.056904 -0.856695
v -0.513484 -0.029763 -0.856696
v -0.487829 -0.043333 -0.872072
v -0.541476 -0.057877 -0.839848
v -0.541476 -0.027954 -0.839848
v -0.485110 -0.027841 -0.873563
v -0.485110 -0.057755 -0.873563
v -0.619006 -0.043333 -0.784423
v -0.594982 -0.056904 -0.802240
v -0.594982 -0.029763 -0.802240
v -0.570958 -0.043333 -0.820058
v -0.621188 -0.057877 -0.782730
v -0.621188 -0.027954 -0.782730
v -0.568705 -0.027954 -0.821654
v -0.568705 -0.057877 -0.821655
v -0.692912 -0.043333 -0.719972
v -0.670750 -0.056904 -0.740059
v -0.670750 -0.029763 -0.740059
v -0.648588 -0.043333 -0.760145
v -0.694929 -0.057951 -0.718085
v -0.694918 -0.027954 -0.718074
v -0.646503 -0.027954 -0.761955
v -0.646503 -0.057877 -0.761955
v -0.760145 -0.065298 -0.648588
v -0.740059 -0.065116 -0.670750
v -0.740059 -0.065479 -0.670750
v -0.719972 -0.065298 -0.692912
v -0.755292 -0.065102 -0.640594
v -0.762170 -0.065292 -0.646239
v -0.717833 -0.065292 -0.695158
v -0.711541 -0.065102 -0.688866
v -0.760145 -0.043333 -0.648588
v -0.740059 -0.056904 -0.670750
v -0.740059 -0.029763 -0.670750
v -0.719972 -0.043333 -0.692912
v -0.761967 -0.057953 -0.646513
v -0.761955 -0.027954 -0.646503
v -0.718074 -0.027954 -0.694918
v -0.718085 -0.057953 -0.694929
v -0.820057 -0.043333 -0.570958
v -0.802240 -0.056904 -0.594982
v -0.802240 -0.029763 -0.594982
v -0.784423 -0.043333 -0.619006
v -0.821654 -0.057877 -0.568705
v -0.821655 -0.027954 -0.568705
v -0.782730 -0.027954 -0.621188
v -0.782743 -0.057951 -0.621198
v -0.872072 -0.043333 -0.487829
v -0.856695 -0.056904 -0.513484
v -0.856695 -0.029763 -0.513484
v -0.841319 -0.043333 -0.539138
v -0.873455 -0.057951 -0.485438
v -0.873441 -0.027954 -0.485430
v -0.839848 -0.027954 -0.541476
v -0.839848 -0.057877 -0.541476
v -0.915689 -0.065298 -0.400002
v -0.902901 -0.065116 -0.427040
v -0.902901 -0.065479 -0.427040
v -0.890112 -0.065298 -0.454079
v -0.910546 -0.065102 -0.394883
v -0.916839 -0.065339 -0.397490
v -0.888717 -0.065292 -0.456849
v -0.880870 -0.065102 -0.452654
v -0.915689 -0.043333 -0.400002
v -0.902901 -0.056904 -0.427040
v -0.902901 -0.029763 -0.427040
v -0.890112 -0.043333 -0.454079
v -0.916839 -0.058001 -0.397490
v -0.916815 -0.027954 -0.397481
v -0.888878 -0.027954 -0.456549
v -0.888892 -0.057953 -0.456556
v -0.950486 -0.065298 -0.308322
v -0.940410 -0.065116 -0.336484
v -0.940410 -0.065479 -0.336484
v -0.930334 -0.065298 -0.364646
v -0.944867 -0.065102 -0.303733
v -0.951386 -0.065339 -0.305710
v -0.929371 -0.065339 -0.367235
v -0.923078 -0.065102 -0.364628
v -0.950486 -0.043333 -0.308322
v -0.940410 -0.056904 -0.336484
v -0.940410 -0.029763 -0.336484
v -0.930334 -0.043333 -0.364646
v -0.951386 -0.058001 -0.305710
v -0.951361 -0.027954 -0.305703
v -0.929348 -0.027954 -0.367225
v -0.929371 -0.058001 -0.367235
v -0.976130 -0.065298 -0.213674
v -0.968863 -0.065116 -0.242688
v -0.968863 -0.065479 -0.242688
v -0.961595 -0.065298 -0.271701
v -0.970088 -0.065102 -0.209657
v -0.976769 -0.065339 -0.210986
v -0.960892 -0.065339 -0.274373
v -0.954373 -0.065102 -0.272395
v -0.976130 -0.043333 -0.213674
v -0.968863 -0.056904 -0.242688
v -0.968863 -0.029763 -0.242688
v -0.961595 -0.043333 -0.271701
v -0.976769 -0.058001 -0.210986
v -0.976744 -0.027954 -0.210981
v -0.960867 -0.027954 -0.274365
v -0.960892 -0.058001 -0.274373
v -0.992374 -0.065298 -0.116967
v -0.987985 -0.065116 -0.146554
v -0.987985 -0.065479 -0.146554
v -0.983596 -0.065298 -0.176140
v -0.985967 -0.065102 -0.113562
v -0.992746 -0.065339 -0.114230
v -0.983158 -0.065339 -0.178868
v -0.976477 -0.065102 -0.177538
v -0.992374 -0.043333 -0.116967
v -0.987985 -0.056904 -0.146554
v -0.987985 -0.029763 -0.146554
v -0.983596 -0.043333 -0.176140
v -0.992746 -0.058001 -0.114230
v -0.992720 -0.027954 -0.114228
v -0.983132 -0.027954 -0.178862
v -0.983158 -0.058001 -0.178868
v -0.999060 -0.065298 -0.019135
v -0.997592 -0.065116 -0.049009
v -0.997592 -0.065479 -0.049009
v -0.996125 -0.065298 -0.078883
v -0.992350 -0.065102 -0.016374
v -0.999162 -0.065339 -0.016374
v -0.995956 -0.065339 -0.081640
v -0.989177 -0.065102 -0.080972
v -0.999060 -0.043333 -0.019135
v -0.997592 -0.056904 -0.049009
v -0.997592 -0.029763 -0.049009
v -0.996125 -0.043333 -0.078883
v -0.999162 -0.058001 -0.016374
v -0.999136 -0.027954 -0.016374
v -0.995930 -0.027954 -0.081637
v -0.995956 -0.058001 -0.081640
v -0.996125 -0.065298 0.078883
v -0.997592 -0.065116 0.049009
v -0.997592 -0.065479 0.049009
v -0.999060 -0.065298 0.019135
v -0.989177 -0.065102 0.080972
v -0.995956 -0.065339 0.081640
v -0.999162 -0.065339 0.016374
v -0.992350 -0.065102 0.016374
v -0.996125 -0.043333 0.078883
v -0.997592 -0.056904 0.049009
v -0.997592 -0.029763 0.049009
v -0.999060 -0.043333 0.019135
v -0.995956 -0.058001 0.081640
v -0.995930 -0.027954 0.081637
v -0.999136 -0.027954 0.016374
v -0.999162 -0.058001 0.016374
v -0.983596 -0.065298 0.176140
v -0.987985 -0.065116 0.146554
v -0.987985 -0.065479 0.146554
v -0.992374 -0.065298 0.116967
v -0.974338 -0.065102 0.177460
v -0.983065 -0.065292 0.179196
v -0.992746 -0.065339 0.114230
v -0.985967 -0.065102 0.113562
v -0.983596 -0.043333 0.176140
v -0.987985 -0.056904 0.146554
v -0.987985 -0.029763 0.146554
v -0.992374 -0.043333 0.116967
v -0.983148 -0.057953 0.178866
v -0.983132 -0.027954 0.178862
v -0.992720 -0.027954 0.114228
v -0.992746 -0.058001 0.114230
v -0.961595 -0.043333 0.271701
v -0.968863 -0.056904 0.242688
v -0.968863 -0.029763 0.242688
v -0.976130 -0.043333 0.213674
v -0.960867 -0.057877 0.274365
v -0.960867 -0.027954 0.274365
v -0.976744 -0.027954 0.210981
v -0.976759 -0.057951 0.210984
v -0.930334 -0.043333 0.364646
v -0.940410 -0.056904 0.336484
v -0.940410 -0.029763 0.336484
v -0.950486 -0.043333 0.308322
v -0.929348 -0.057877 0.367225
v -0.929348 -0.027954 0.367225
v -0.951361 -0.027954 0.305703
v -0.951361 -0.057877 0.305703
v -0.890112 -0.043333 0.454079
v -0.902900 -0.056904 0.427040
v -0.902900 -0.029763 0.427040
v -0.915689 -0.043333 0.400002
v -0.888878 -0.057877 0.456549
v -0.888878 -0.027954 0.456549
v -0.916815 -0.027954 0.397480
v -0.916815 -0.057877 0.397481
v -0.841319 -0.043333 0.539138
v -0.856695 -0.056904 0.513484
v -0.856696 -0.029763 0.513484
v -0.872072 -0.043333 0.487829
v -0.839848 -0.057877 0.541476
v -0.839848 -0.027954 0.541476
v -0.873441 -0.027954 0.485430
v -0.873441 -0.057877 0.485430
v -0.784423 -0.043333 0.619006
v -0.802240 -0.056904 0.594982
v -0.802240 -0.029763 0.594982
v -0.820058 -0.043333 0.570958
v -0.782730 -0.057877 0.621188
v -0.782730 -0.027954 0.621188
v -0.821654 -0.027954 0.568705
v -0.821655 -0.057877 0.568705
v -0.719972 -0.043333 0.692912
v -0.740059 -0.056904 0.670750
v -0.740059 -0.029763 0.670750
v -0.760145 -0.043333 0.648588
v -0.718074 -0.057877 0.694918
v -0.718074 -0.027954 0.694918
v -0.761955 -0.027954 0.646503
v -0.761955 -0.057877 0.646503
v -0.648588 -0.043333 0.760145
v -0.670750 -0.056904 0.740059
v -0.670750 -0.029763 0.740059
v -0.692912 -0.043333 0.719972
v -0.646503 -0.057877 0.761955
v -0.646503 -0.027954 0.761955
v -0.694918 -0.027954 0.718074
v -0.694918 -0.057877 0.718074
v -0.570958 -0.043333 0.820057
v -0.594982 -0.056904 0.802240
v -0.594982 -0.029763 0.802240
v -0.619006 -0.043333 0.784423
v -0.568714 -0.057951 0.821668
v -0.568705 -0.027954 0.821655
v -0.621188 -0.027954 0.782730
v -0.621188 -0.057877 0.782730
v -0.487829 -0.065298 0.872072
v -0.513484 -0.065116 0.856695
v -0.513484 -0.065479 0.856695
v -0.539138 -0.065298 0.841319
v -0.480935 -0.065102 0.865753
v -0.485130 -0.065292 0.873600
v -0.541758 -0.065292 0.839658
v -0.536815 -0.065102 0.832260
v -0.487829 -0.043333 0.872072
v -0.513484 -0.056904 0.856695
v -0.513484 -0.029763 0.856695
v -0.539138 -0.043333 0.841319
v -0.485438 -0.057953 0.873455
v -0.485430 -0.027954 0.873441
v -0.541476 -0.027954 0.839848
v -0.541485 -0.057953 0.839861
v -0.400002 -0.043333 0.915689
v -0.427040 -0.056904 0.902901
v -0.427040 -0.029763 0.902901
v -0.454079 -0.043333 0.890112
v -0.397480 -0.057877 0.916815
v -0.397481 -0.027954 0.916815
v -0.456549 -0.027954 0.888878
v -0.456556 -0.057951 0.888892
v -0.308322 -0.043333 0.950486
v -0.336484 -0.056904 0.940410
v -0.336484 -0.029763 0.940410
v -0.364646 -0.043333 0.930334
v -0.305703 -0.057877 0.951361
v -0.305703 -0.027954 0.951361
v -0.367225 -0.027954 0.929348
v -0.367225 -0.057877 0.929348
v -0.213674 -0.043333 0.976130
v -0.242688 -0.056904 0.968863
v -0.242688 -0.029763 0.968863
v -0.271701 -0.043333 0.961595
v -0.210984 -0.057951 0.976759
v -0.210981 -0.027954 0.976744
v -0.274365 -0.027954 0.960867
v -0.274365 -0.057877 0.960867
v -0.116967 -0.065298 0.992374
v -0.146554 -0.065116 0.987985
v -0.146554 -0.065479 0.987985
v -0.176140 -0.065298 0.983596
v -0.113562 -0.065102 0.985967
v -0.114230 -0.065339 0.992746
v -0.179196 -0.065292 0.983065
v -0.177460 -0.065102 0.974338
v -0.116967 -0.043333 0.992374
v -0.146554 -0.056904 0.987985
v -0.146554 -0.029763 0.987985
v -0.176140 -0.043333 0.983596
v -0.114230 -0.058001 0.992746
v -0.114228 -0.027954 0.992720
v -0.178862 -0.027954 0.983132
v -0.178866 -0.057953 0.983148
v -0.019135 -0.065298 0.999060
v -0.049009 -0.065116 0.997592
v -0.049009 -0.065479 0.997592
v -0.078883 -0.065298 0.996125
v -0.016034 -0.065102 0.990238
v -0.016034 -0.065292 0.999135
v -0.081640 -0.065339 0.995956
v -0.080972 -0.065102 0.989177
v -0.019135 -0.043333 0.999060
v -0.049009 -0.056904 0.997592
v -0.049009 -0.029763 0.997592
v -0.078883 -0.043333 0.996125
v -0.016374 -0.057953 0.999152
v -0.016374 -0.027954 0.999136
v -0.081637 -0.027954 0.995930
v -0.081640 -0.058001 0.995956
v 0.078883 -0.043333 0.996125
v 0.049009 -0.056904 0.997592
v 0.049009 -0.029763 0.997592
v 0.019135 -0.043333 0.999060
v 0.081639 -0.057951 0.995946
v 0.081637 -0.027954 0.995930
v 0.016374 -0.027954 0.999136
v 0.016374 -0.057951 0.999152
v 0.176140 -0.065298 0.983596
v 0.146554 -0.065116 0.987985
v 0.146554 -0.065479 0.987985
v 0.116967 -0.065298 0.992374
v 0.177460 -0.065102 0.974338
v 0.179196 -0.065292 0.983065
v 0.113889 -0.065292 0.992753
v 0.113017 -0.065102 0.983898
v 0.176140 -0.043333 0.983596
v 0.146554 -0.056904 0.987985
v 0.146554 -0.029763 0.987985
v 0.116967 -0.043333 0.992374
v 0.178866 -0.057953 0.983148
v 0.178862 -0.027954 0.983132
v 0.114228 -0.027954 0.992720
v 0.114229 -0.057953 0.992736
v 0.271701 -0.043333 0.961595
v 0.242688 -0.056904 0.968863
v 0.242688 -0.029763 0.968863
v 0.213674 -0.043333 0.976130
v 0.274370 -0.057951 0.960882
v 0.274365 -0.027954 0.960867
v 0.210981 -0.027954 0.976744
v 0.210984 -0.057951 0.976759
v 0.364646 -0.065298 0.930334
v 0.336484 -0.065116 0.940410
v 0.336484 -0.065479 0.940410
v 0.308322 -0.065298 0.950486
v 0.364134 -0.065102 0.920996
v 0.367539 -0.065292 0.929216
v 0.305377 -0.065292 0.951459
v 0.302794 -0.065102 0.942944
v 0.364646 -0.043333 0.930334
v 0.336484 -0.056904 0.940410
v 0.336484 -0.029763 0.940410
v 0.308322 -0.043333 0.950486
v 0.367231 -0.057953 0.929362
v 0.367225 -0.027954 0.929348
v 0.305703 -0.027954 0.951361
v 0.305707 -0.057953 0.951376
v 0.454079 -0.043333 0.890112
v 0.427040 -0.056904 0.902900
v 0.427040 -0.029763 0.902900
v 0.400002 -0.043333 0.915689
v 0.456549 -0.057877 0.888878
v 0.456549 -0.027954 0.888878
v 0.397480 -0.027954 0.916815
v 0.397487 -0.057951 0.916830
v 0.539138 -0.043333 0.841319
v 0.513484 -0.056904 0.856695
v 0.513484 -0.029763 0.856696
v 0.487829 -0.043333 0.872072
v 0.541485 -0.057951 0.839861
v 0.541476 -0.027954 0.839848
v 0.485430 -0.027954 0.873441
v 0.485430 -0.057877 0.873441
v 0.619006 -0.065298 0.784423
v 0.594982 -0.065116 0.802240
v 0.594982 -0.065479 0.802240
v 0.570958 -0.065298 0.820058
v 0.616883 -0.065102 0.777484
v 0.621204 -0.065339 0.782750
v 0.568421 -0.065292 0.821843
v 0.563478 -0.065102 0.814445
v 0.619006 -0.043333 0.784423
v 0.594982 -0.056904 0.802240
v 0.594982 -0.029763 0.802240
v 0.570958 -0.043333 0.820058
v 0.621205 -0.058001 0.782750
v 0.621188 -0.027954 0.782730
v 0.568705 -0.027954 0.821654
v 0.568714 -0.057953 0.821668
v 0.692912 -0.065298 0.719972
v 0.670750 -0.065116 0.740059
v 0.670750 -0.065479 0.740059
v 0.648588 -0.065298 0.760145
v 0.688866 -0.065102 0.711541
v 0.695158 -0.065292 0.717833
v 0.646519 -0.065339 0.761975
v 0.642197 -0.065102 0.756709
v 0.692912 -0.043333 0.719972
v 0.670750 -0.056904 0.740059
v 0.670750 -0.029763 0.740059
v 0.648588 -0.043333 0.760145
v 0.694929 -0.057953 0.718085
v 0.694918 -0.027954 0.718074
v 0.646503 -0.027954 0.761955
v 0.646519 -0.058001 0.761975
v 0.760145 -0.043333 0.648588
v 0.740059 -0.056904 0.670750
v 0.740059 -0.029763 0.670750
v 0.719972 -0.043333 0.692912
v 0.761955 -0.057877 0.646503
v 0.761955 -0.027954 0.646503
v 0.718074 -0.027954 0.694918
v 0.718085 -0.057951 0.694929
v 0.820057 -0.043333 0.570958
v 0.802240 -0.056904 0.594982
v 0.802240 -0.029763 0.594982
v 0.784423 -0.043333 0.619006
v 0.821654 -0.057877 0.568705
v 0.821655 -0.027954 0.568705
v 0.782730 -0.027954 0.621188
v 0.782730 -0.057877 0.621188
v 0.872072 -0.043333 0.487829
v 0.856695 -0.056904 0.513484
v 0.856695 -0.029763 0.513484
v 0.841319 -0.043333 0.539138
v 0.873441 -0.057877 0.485430
v 0.873441 -0.027954 0.485430
v 0.839848 -0.027954 0.541476
v 0.839848 -0.057877 0.541476
v 0.915689 -0.043333 0.400002
v 0.902901 -0.056904 0.427040
v 0.902901 -0.029763 0.427040
v 0.890112 -0.043333 0.454079
v 0.916830 -0.057951 0.397487
v 0.916815 -0.027954 0.397481
v 0.888878 -0.027954 0.456549
v 0.888878 -0.057877 0.456549
v 0.950486 -0.065298 0.308322
v 0.940410 -0.065116 0.336484
v 0.940410 -0.065479 0.336484
v 0.930334 -0.065298 0.364646
v 0.944867 -0.065102 0.303733
v 0.951386 -0.065339 0.305710
v 0.929216 -0.065292 0.367539
v 0.920996 -0.065102 0.364134
v 0.950486 -0.043333 0.308322
v 0.940410 -0.056904 0.336484
v 0.940410 -0.029763 0.336484
v 0.930334 -0.043333 0.364646
v 0.951386 -0.058001 0.305710
v 0.951361 -0.027954 0.305703
v 0.929348 -0.027954 0.367225
v 0.929362 -0.057953 0.367231
v 0.976130 -0.065298 0.213674
v 0.968863 -0.065116 0.242688
v 0.968863 -0.065479 0.242688
v 0.961595 -0.065298 0.271701
v 0.970088 -0.065102 0.209657
v 0.976769 -0.065339 0.210986
v 0.960892 -0.065339 0.274373
v 0.954373 -0.065102 0.272395
v 0.976130 -0.043333 0.213674
v 0.968863 -0.056904 0.242688
v 0.968863 -0.029763 0.242688
v 0.961595 -0.043333 0.271701
v 0.976769 -0.058001 0.210986
v 0.976744 -0.027954 0.210981
v 0.960867 -0.027954 0.274365
v 0.960892 -0.058001 0.274373
v 0.992374 -0.065298 0.116967
v 0.987985 -0.065116 0.146554
v 0.987985 -0.065479 0.146554
v 0.983596 -0.065298 0.176140
v 0.983898 -0.065102 0.113017
v 0.992753 -0.065292 0.113889
v 0.983158 -0.065339 0.178868
v 0.976477 -0.065102 0.177538
v 0.992374 -0.043333 0.116967
v 0.987985 -0.056904 0.146554
v 0.987985 -0.029763 0.146554
v 0.983596 -0.043333 0.176140
v 0.992736 -0.057953 0.114229
v 0.992720 -0.027954 0.114228
v 0.983132 -0.027954 0.178862
v 0.983158 -0.058001 0.178868
v 0.999060 -0.043333 0.019135
v 0.997592 -0.056904 0.049009
v 0.997592 -0.029763 0.049009
v 0.996125 -0.043333 0.078883
v 0.999152 -0.057951 0.016374
v 0.999136 -0.027954 0.016374
v 0.995930 -0.027954 0.081637
v 0.995946 -0.057951 0.081639
v 0.996125 -0.065298 -0.078883
v 0.997592 -0.065116 -0.049009
v 0.997592 -0.065479 -0.049009
v 0.999060 -0.065298 -0.019135
v 0.987041 -0.065102 -0.081104
v 0.995896 -0.065292 -0.081976
v 0.999135 -0.065292 -0.016034
v 0.990237 -0.065102 -0.016034
v 0.996125 -0.043333 -0.078883
v 0.997592 -0.056904 -0.049009
v 0.997592 -0.029763 -0.049009
v 0.999060 -0.043333 -0.019135
v 0.995946 -0.057953 -0.081639
v 0.995930 -0.027954 -0.081637
v 0.999136 -0.027954 -0.016374
v 0.999152 -0.057953 -0.016374
v 0.983596 -0.043333 -0.176140
v 0.987985 -0.056904 -0.146554
v 0.987985 -0.029763 -0.146554
v 0.992374 -0.043333 -0.116967
v 0.983148 -0.057951 -0.178866
v 0.983132 -0.027954 -0.178862
v 0.992720 -0.027954 -0.114228
v 0.992736 -0.057951 -0.114229
v 0.961595 -0.065298 -0.271701
v 0.968863 -0.065116 -0.242688
v 0.968863 -0.065479 -0.242688
v 0.976130 -0.065298 -0.213674
v 0.952253 -0.065102 -0.272108
v 0.960767 -0.065292 -0.274690
v 0.976809 -0.065292 -0.210647
v 0.968082 -0.065102 -0.208911
v 0.961595 -0.043333 -0.271701
v 0.968863 -0.056904 -0.242688
v 0.968863 -0.029763 -0.242688
v 0.976130 -0.043333 -0.213674
v 0.960882 -0.057953 -0.274370
v 0.960867 -0.027954 -0.274365
v 0.976744 -0.027954 -0.210981
v 0.976759 -0.057953 -0.210984
v 0.930334 -0.043333 -0.364646
v 0.940410 -0.056904 -0.336484
v 0.940410 -0.029763 -0.336484
v 0.950486 -0.043333 -0.308322
v 0.929348 -0.057877 -0.367225
v 0.929348 -0.027954 -0.367225
v 0.951361 -0.027954 -0.305703
v 0.951376 -0.057951 -0.305707
v 0.890112 -0.043333 -0.454079
v 0.902900 -0.056904 -0.427040
v 0.902900 -0.029763 -0.427040
v 0.915689 -0.043333 -0.400002
v 0.888878 -0.057877 -0.456549
v 0.888878 -0.027954 -0.456549
v 0.916815 -0.027954 -0.397480
v 0.916815 -0.057877 -0.397481
v 0.841319 -0.043333 -0.539138
v 0.856695 -0.056904 -0.513484
v 0.856696 -0.029763 -0.513484
v 0.872072 -0.043333 -0.487829
v 0.839848 -0.057877 -0.541476
v 0.839848 -0.027954 -0.541476
v 0.873441 -0.027954 -0.485430
v 0.873441 -0.057877 -0.485430
v 0.784423 -0.043333 -0.619006
v 0.802240 -0.056904 -0.594982
v 0.802240 -0.029763 -0.594982
v 0.820058 -0.043333 -0.570958
v 0.782481 -0.057755 -0.621424
v 0.782481 -0.027841 -0.621424
v 0.821654 -0.027954 -0.568705
v 0.821655 -0.057877 -0.568705
v 0.400002 -0.065298 -0.915689
v 0.427040 -0.065116 -0.902901
v 0.427040 -0.065479 -0.902901
v 0.454079 -0.065298 -0.890112
v 0.394883 -0.065102 -0.910546
v 0.397490 -0.065339 -0.916839
v 0.456841 -0.065218 -0.888703
v 0.452654 -0.065102 -0.880870
v 0.400002 -0.043333 -0.915689
v 0.427040 -0.056904 -0.902901
v 0.427040 -0.029763 -0.902901
v 0.454079 -0.043333 -0.890112
v 0.397490 -0.058001 -0.916839
v 0.397481 -0.027954 -0.916815
v 0.456829 -0.027841 -0.888680
v 0.456841 -0.057879 -0.888703
v 0.308322 -0.065298 -0.950486
v 0.336484 -0.065116 -0.940410
v 0.336484 -0.065479 -0.940410
v 0.364646 -0.065298 -0.930334
v 0.302794 -0.065102 -0.942944
v 0.305377 -0.065292 -0.951459
v 0.367235 -0.065339 -0.929371
v 0.364628 -0.065102 -0.923078
v 0.308322 -0.043333 -0.950486
v 0.336484 -0.056904 -0.940410
v 0.336484 -0.029763 -0.940410
v 0.364646 -0.043333 -0.930334
v 0.305707 -0.057953 -0.951376
v 0.305703 -0.027954 -0.951361
v 0.367225 -0.027954 -0.929348
v 0.367235 -0.058001 -0.929371
v 0.213674 -0.043333 -0.976130
v 0.242688 -0.056904 -0.968863
v 0.242688 -0.029763 -0.968863
v 0.271701 -0.043333 -0.961595
v 0.210984 -0.057951 -0.976759
v 0.210981 -0.027954 -0.976744
v 0.274365 -0.027954 -0.960867
v 0.274370 -0.057951 -0.960882
v 0.116967 -0.065298 -0.992374
v 0.146554 -0.065116 -0.987985
v 0.146554 -0.065479 -0.987985
v 0.176140 -0.065298 -0.983596
v 0.113562 -0.065102 -0.985967
v 0.114230 -0.065339 -0.992746
v 0.179196 -0.065292 -0.983065
v 0.177460 -0.065102 -0.974338
v 0.116967 -0.043333 -0.992374
v 0.146554 -0.056904 -0.987985
v 0.146554 -0.029763 -0.987985
v 0.176140 -0.043333 -0.983596
v 0.114230 -0.058001 -0.992746
v 0.114228 -0.027954 -0.992720
v 0.178862 -0.027954 -0.983132
v 0.178866 -0.057953 -0.983148
v 0.019135 -0.065298 -0.999060
v 0.049009 -0.065116 -0.997592
v 0.049009 -0.065479 -0.997592
v 0.078883 -0.065298 -0.996125
v 0.016034 -0.065102 -0.990238
v 0.016034 -0.065292 -0.999135
v 0.081640 -0.065339 -0.995956
v 0.080972 -0.065102 -0.989177
v 0.019135 -0.043333 -0.999060
v 0.049009 -0.056904 -0.997592
v 0.049009 -0.029763 -0.997592
v 0.078883 -0.043333 -0.996125
v 0.016374 -0.057953 -0.999152
v 0.016374 -0.027954 -0.999136
v 0.081637 -0.027954 -0.995930
v 0.081640 -0.058001 -0.995956
v -0.028373 -0.065000 0.577549
v 0.001501 -0.065000 -0.018953
v 0.000364 -0.065000 -0.019009
v 0.030238 -0.065000 -0.615511
v -0.046480 -0.065000 0.619747
v -0.014490 -0.065000 0.621318
v 0.015113 -0.065003 -0.662568
v 0.050108 -0.065002 -0.662945
v -0.028373 0.065000 0.577549
v 0.000364 0.065000 -0.019009
v 0.001501 0.065000 -0.018953
v 0.030238 0.065000 -0.615511
v -0.014490 0.065000 0.621318
v -0.046480 0.065000 0.619747
v 0.049587 0.064170 -0.657646
v 0.015113 0.064170 -0.659339
v -0.084846 -0.065000 0.571987
v 0.003351 -0.065000 -0.018715
v 0.002225 -0.065000 -0.018882
v 0.090423 -0.065000 -0.609583
v -0.107002 -0.065000 0.612207
v -0.075320 -0.065000 0.616906
v 0.080188 -0.065002 -0.659982
v 0.114438 -0.065003 -0.652786
v -0.084846 0.065000 0.571987
v 0.002225 0.065000 -0.018882
v 0.003351 0.065000 -0.018715
v 0.090423 0.065000 -0.609583
v -0.075320 0.065000 0.616906
v -0.107002 0.065000 0.612207
v 0.113808 0.064170 -0.649619
v 0.079666 0.064170 -0.654683
v -0.140502 -0.065000 0.560916
v 0.005170 -0.065000 -0.018296
v 0.004066 -0.065000 -0.018573
v 0.149737 -0.065000 -0.597785
v -0.166493 -0.065000 0.598771
v -0.135424 -0.065000 0.606553
v 0.144083 -0.065005 -0.646889
v 0.177871 -0.065005 -0.638425
v -0.140502 0.065000 0.560916
v 0.004066 0.065000 -0.018573
v 0.005170 0.065000 -0.018296
v 0.149737 0.065000 -0.597785
v -0.135424 0.065000 0.606553
v -0.166493 0.065000 0.598771
v 0.176934 0.064170 -0.635336
v 0.143453 0.064170 -0.643722
v -0.194805 -0.065000 0.544443
v 0.006938 -0.065000 -0.017702
v 0.005866 -0.065000 -0.018085
v 0.207610 -0.065000 -0.580230
v -0.224382 -0.065000 0.579568
v -0.194225 -0.065000 0.590359
v 0.206795 -0.065003 -0.629651
v 0.240393 -0.065002 -0.619853
v -0.194805 0.065000 0.544443
v 0.005866 0.065000 -0.018085
v 0.006938 0.065000 -0.017702
v 0.207610 0.065000 -0.580230
v -0.194225 0.065000 0.590359
v -0.224382 0.065000 0.579568
v 0.238356 0.064170 -0.614934
v 0.205858 0.064170 -0.626562
v -0.247232 -0.065000 0.522727
v 0.008640 -0.065000 -0.016936
v 0.007611 -0.065000 -0.017423
v 0.263482 -0.065000 -0.557087
v -0.280109 -0.065000 0.554784
v -0.251155 -0.065000 0.568478
v 0.268318 -0.065002 -0.608286
v 0.299004 -0.065003 -0.591457
v -0.247232 0.065000 0.522728
v 0.007611 0.065000 -0.017423
v 0.008640 0.065000 -0.016936
v 0.263482 0.065000 -0.557087
v -0.251155 0.065000 0.568478
v -0.280109 0.065000 0.554784
v 0.297482 0.064170 -0.588610
v 0.266281 0.064170 -0.603367
v -0.297277 -0.065000 0.495978
v 0.010258 -0.065000 -0.016008
v 0.009282 -0.065000 -0.016593
v 0.316818 -0.065000 -0.528578
v -0.333138 -0.065000 0.524657
v -0.305666 -0.065000 0.541124
v 0.325661 -0.065005 -0.577209
v 0.353744 -0.065006 -0.556617
v -0.297277 0.065000 0.495978
v 0.009282 0.065000 -0.016593
v 0.010258 0.065000 -0.016008
v 0.316818 0.065000 -0.528578
v -0.305666 0.065000 0.541124
v -0.333138 0.065000 0.524657
v 0.353744 0.064170 -0.556617
v 0.324139 0.064170 -0.574361
v -0.344460 -0.065000 0.464451
v 0.011778 -0.065000 -0.014925
v 0.010864 -0.065000 -0.015603
v 0.367102 -0.065000 -0.494979
v -0.382960 -0.065000 0.489478
v -0.357233 -0.065000 0.508557
v 0.378875 -0.065006 -0.539825
v 0.406598 -0.065006 -0.519264
v -0.344460 0.065000 0.464451
v 0.010864 0.065000 -0.015603
v 0.011778 0.065000 -0.014925
v 0.367102 0.065000 -0.494979
v -0.357233 0.065000 0.508557
v -0.382960 0.065000 0.489478
v 0.406598 0.064170 -0.519264
v 0.378875 0.064170 -0.539824
v -0.388326 -0.065000 0.428452
v 0.013184 -0.065000 -0.013699
v 0.012341 -0.065000 -0.014463
v 0.413851 -0.065000 -0.456614
v -0.429093 -0.065000 0.449584
v -0.405361 -0.065000 0.471093
v 0.429963 -0.065006 -0.500089
v 0.455537 -0.065006 -0.476910
v -0.388326 0.065000 0.428452
v 0.012341 0.065000 -0.014463
v 0.013184 0.065000 -0.013699
v 0.413851 0.065000 -0.456614
v -0.405361 0.065000 0.471093
v -0.429093 0.065000 0.449584
v 0.455537 0.064170 -0.476910
v 0.429963 0.064170 -0.500089
v -0.428452 -0.065000 0.388326
v 0.014463 -0.065000 -0.012341
v 0.013699 -0.065000 -0.013184
v 0.456614 -0.065000 -0.413851
v -0.471094 -0.065000 0.405361
v -0.449584 -0.065000 0.429093
v 0.476910 -0.065006 -0.455537
v 0.500089 -0.065006 -0.429963
v -0.428452 0.065000 0.388326
v 0.013699 0.065000 -0.013184
v 0.014463 0.065000 -0.012341
v 0.456614 0.065000 -0.413851
v -0.449584 0.065000 0.429093
v -0.471094 0.065000 0.405361
v 0.500089 0.064170 -0.429963
v 0.476910 0.064170 -0.455537
v -0.464451 -0.065000 0.344460
v 0.015603 -0.065000 -0.010864
v 0.014925 -0.065000 -0.011778
v 0.494979 -0.065000 -0.367102
v -0.508557 -0.065000 0.357234
v -0.489478 -0.065000 0.382960
v 0.519264 -0.065006 -0.406598
v 0.539824 -0.065006 -0.378875
v -0.464451 0.065000 0.344460
v 0.014925 0.065000 -0.011778
v 0.015603 0.065000 -0.010864
v 0.494979 0.065000 -0.367102
v -0.489478 0.065000 0.382960
v -0.508557 0.065000 0.357234
v 0.539825 0.064170 -0.378875
v 0.519264 0.064170 -0.406598
v -0.495978 -0.065000 0.297277
v 0.016593 -0.065000 -0.009282
v 0.016008 -0.065000 -0.010258
v 0.528578 -0.065000 -0.316818
v -0.541124 -0.065000 0.305666
v -0.524657 -0.065000 0.333138
v 0.556617 -0.065006 -0.353744
v 0.574361 -0.065006 -0.324139
v -0.495978 0.065000 0.297277
v 0.016008 0.065000 -0.010258
v 0.016593 0.065000 -0.009282
v 0.528578 0.065000 -0.316818
v -0.524657 0.065000 0.333138
v -0.541124 0.065000 0.305666
v 0.574361 0.064170 -0.324139
v 0.556617 0.064170 -0.353744
v -0.522728 -0.065000 0.247232
v 0.017423 -0.065000 -0.007611
v 0.016936 -0.065000 -0.008640
v 0.557087 -0.065000 -0.263482
v -0.568478 -0.065000 0.251155
v -0.554784 -0.065000 0.280109
v 0.588610 -0.065006 -0.297482
v 0.603367 -0.065006 -0.266281
v -0.522727 0.065000 0.247232
v 0.016936 0.065000 -0.008640
v 0.017423 0.065000 -0.007611
v 0.557087 0.065000 -0.263482
v -0.554784 0.065000 0.280109
v -0.568478 0.065000 0.251155
v 0.603367 0.064170 -0.266281
v 0.588610 0.064170 -0.297482
v -0.544443 -0.065000 0.194805
v 0.018085 -0.065000 -0.005866
v 0.017701 -0.065000 -0.006938
v 0.580230 -0.065000 -0.207610
v -0.590358 -0.065000 0.194225
v -0.579568 -0.065000 0.224382
v 0.614934 -0.065006 -0.238356
v 0.629651 -0.065005 -0.206795
v -0.544443 0.065000 0.194805
v 0.017701 0.065000 -0.006938
v 0.018085 0.065000 -0.005866
v 0.580230 0.065000 -0.207610
v -0.579568 0.065000 0.224382
v -0.590358 0.065000 0.194225
v 0.626562 0.064170 -0.205858
v 0.614934 0.064170 -0.238356
v -0.560916 -0.065000 0.140502
v 0.018573 -0.065000 -0.004066
v 0.018296 -0.065000 -0.005170
v 0.597785 -0.065000 -0.149737
v -0.606553 -0.065000 0.135424
v -0.598771 -0.065000 0.166493
v 0.638425 -0.065003 -0.177871
v 0.646889 -0.065003 -0.144083
v -0.560916 0.065000 0.140502
v 0.018296 0.065000 -0.005170
v 0.018573 0.065000 -0.004066
v 0.597785 0.065000 -0.149737
v -0.598771 0.065000 0.166493
v -0.606553 0.065000 0.135424
v 0.643722 0.064170 -0.143453
v 0.635336 0.064170 -0.176934
v -0.571987 -0.065000 0.084846
v 0.018882 -0.065000 -0.002225
v 0.018715 -0.065000 -0.003351
v 0.609583 -0.065000 -0.090423
v -0.616906 -0.065000 0.075320
v -0.612207 -0.065000 0.107002
v 0.652786 -0.065005 -0.114438
v 0.657896 -0.065005 -0.079983
v -0.571987 0.065000 0.084846
v 0.018715 0.065000 -0.003351
v 0.018882 0.065000 -0.002225
v 0.609583 0.065000 -0.090423
v -0.612207 0.065000 0.107002
v -0.616906 0.065000 0.075320
v 0.654683 0.064170 -0.079667
v 0.649619 0.064170 -0.113808
v -0.577549 -0.065000 0.028373
v 0.019009 -0.065000 -0.000364
v 0.018953 -0.065000 -0.001501
v 0.615511 -0.065000 -0.030238
v -0.621318 -0.065000 0.014490
v -0.619747 -0.065000 0.046480
v 0.660859 -0.065003 -0.049903
v 0.662568 -0.065003 -0.015113
v -0.577549 0.065000 0.028373
v 0.018953 0.065000 -0.001501
v 0.019009 0.065000 -0.000364
v 0.615511 0.065000 -0.030238
v -0.619747 0.065000 0.046480
v -0.621318 0.065000 0.014490
v 0.659339 0.064170 -0.015113
v 0.657646 0.064170 -0.049587
v -0.577549 -0.065000 -0.028373
v 0.018953 -0.065000 0.001501
v 0.019009 -0.065000 0.000364
v 0.615511 -0.065000 0.030238
v -0.619747 -0.065000 -0.046480
v -0.621318 -0.065000 -0.014490
v 0.662568 -0.065005 0.015113
v 0.660859 -0.065005 0.049903
v -0.577549 0.065000 -0.028373
v 0.019009 0.065000 0.000364
v 0.018953 0.065000 0.001501
v 0.615511 0.065000 0.030238
v -0.621318 0.065000 -0.014490
v -0.619747 0.065000 -0.046480
v 0.657646 0.064170 0.049587
v 0.659339 0.064170 0.015113
v -0.571987 -0.065000 -0.084846
v 0.018715 -0.065000 0.003351
v 0.018882 -0.065000 0.002225
v 0.609583 -0.065000 0.090423
v -0.612207 -0.065000 -0.107002
v -0.616906 -0.065000 -0.075320
v 0.657896 -0.065003 0.079983
v 0.654841 -0.065002 0.114847
v -0.571987 0.065000 -0.084846
v 0.018882 0.065000 0.002225
v 0.018715 0.065000 0.003351
v 0.609583 0.065000 0.090423
v -0.616906 0.065000 -0.075320
v -0.612207 0.065000 -0.107002
v 0.649619 0.064170 0.113808
v 0.654683 0.064170 0.079666
v -0.560916 -0.065000 -0.140502
v 0.018296 -0.065000 0.005170
v 0.018573 -0.065000 0.004066
v 0.597785 -0.065000 0.149737
v -0.598771 -0.065000 -0.166493
v -0.606553 -0.065000 -0.135424
v 0.648944 -0.065002 0.144492
v 0.640431 -0.065002 0.178480
v -0.560916 0.065000 -0.140502
v 0.018573 0.065000 0.004066
v 0.018296 0.065000 0.005170
v 0.597785 0.065000 0.149737
v -0.606553 0.065000 -0.135424
v -0.598771 0.065000 -0.166493
v 0.635336 0.064170 0.176934
v 0.643722 0.064170 0.143453
v -0.544443 -0.065000 -0.194805
v 0.017702 -0.065000 0.006938
v 0.018085 -0.065000 0.005866
v 0.580230 -0.065000 0.207610
v -0.579568 -0.065000 -0.224382
v -0.590359 -0.065000 -0.194225
v 0.631657 -0.065002 0.207404
v 0.617917 -0.065003 0.239591
v -0.544443 0.065000 -0.194805
v 0.018085 0.065000 0.005866
v 0.017702 0.065000 0.006938
v 0.580230 0.065000 0.207610
v -0.590359 0.065000 -0.194225
v -0.579568 0.065000 -0.224382
v 0.614934 0.064170 0.238356
v 0.626562 0.064170 0.205858
v -0.522727 -0.065000 -0.247232
v 0.016936 -0.065000 0.008640
v 0.017423 -0.065000 0.007611
v 0.557087 -0.065000 0.263482
v -0.554784 -0.065000 -0.280109
v -0.568478 -0.065000 -0.251155
v 0.606350 -0.065005 0.267516
v 0.588610 -0.065006 0.297482
v -0.522728 0.065000 -0.247232
v 0.017423 0.065000 0.007611
v 0.016936 0.065000 0.008640
v 0.557087 0.065000 0.263482
v -0.568478 0.065000 -0.251155
v -0.554784 0.065000 -0.280109
v 0.588610 0.064170 0.297482
v 0.603367 0.064170 0.266281
v -0.495978 -0.065000 -0.297277
v 0.016008 -0.065000 0.010258
v 0.016593 -0.065000 0.009282
v 0.528578 -0.065000 0.316818
v -0.524657 -0.065000 -0.333138
v -0.541124 -0.065000 -0.305666
v 0.574361 -0.065006 0.324139
v 0.556617 -0.065006 0.353744
v -0.495978 0.065000 -0.297277
v 0.016593 0.065000 0.009282
v 0.016008 0.065000 0.010258
v 0.528578 0.065000 0.316818
v -0.541124 0.065000 -0.305666
v -0.524657 0.065000 -0.333138
v 0.556617 0.064170 0.353744
v 0.574361 0.064170 0.324139
v -0.464451 -0.065000 -0.344460
v 0.014925 -0.065000 0.011778
v 0.015603 -0.065000 0.010864
v 0.494979 -0.065000 0.367102
v -0.489478 -0.065000 -0.382960
v -0.508557 -0.065000 -0.357233
v 0.539825 -0.065006 0.378875
v 0.519264 -0.065006 0.406598
v -0.464451 0.065000 -0.344460
v 0.015603 0.065000 0.010864
v 0.014925 0.065000 0.011778
v 0.494979 0.065000 0.367102
v -0.508557 0.065000 -0.357233
v -0.489478 0.065000 -0.382960
v 0.519264 0.064170 0.406598
v 0.539824 0.064170 0.378875
v -0.428452 -0.065000 -0.388326
v 0.013699 -0.065000 0.013184
v 0.014463 -0.065000 0.012341
v 0.456614 -0.065000 0.413851
v -0.449584 -0.065000 -0.429093
v -0.471093 -0.065000 -0.405361
v 0.500089 -0.065006 0.429963
v 0.479193 -0.065005 0.457820
v -0.428452 0.065000 -0.388326
v 0.014463 0.065000 0.012341
v 0.013699 0.065000 0.013184
v 0.456614 0.065000 0.413851
v -0.471093 0.065000 -0.405361
v -0.449584 0.065000 -0.429093
v 0.476910 0.064170 0.455537
v 0.500089 0.064170 0.429963
v -0.388326 -0.065000 -0.428452
v 0.012341 -0.065000 0.014463
v 0.013184 -0.065000 0.013699
v 0.413851 -0.065000 0.456614
v -0.405361 -0.065000 -0.471094
v -0.429093 -0.065000 -0.449584
v 0.457820 -0.065003 0.479193
v 0.433341 -0.065002 0.504205
v -0.388326 0.065000 -0.428452
v 0.013184 0.065000 0.013699
v 0.012341 0.065000 0.014463
v 0.413851 0.065000 0.456614
v -0.429093 0.065000 -0.449584
v -0.405361 0.065000 -0.471094
v 0.429963 0.064170 0.500089
v 0.455537 0.064170 0.476910
v -0.344460 -0.065000 -0.464451
v 0.010864 -0.065000 0.015603
v 0.011778 -0.065000 0.014925
v 0.367102 -0.065000 0.494979
v -0.357234 -0.065000 -0.508557
v -0.382960 -0.065000 -0.489478
v 0.409976 -0.065002 0.523380
v 0.380669 -0.065003 0.542509
v -0.344460 0.065000 -0.464451
v 0.011778 0.065000 0.014925
v 0.010864 0.065000 0.015603
v 0.367102 0.065000 0.494979
v -0.382960 0.065000 -0.489478
v -0.357234 0.065000 -0.508557
v 0.378875 0.064170 0.539825
v 0.406598 0.064170 0.519264
v -0.297277 -0.065000 -0.495978
v 0.009282 -0.065000 0.016593
v 0.010258 -0.065000 0.016008
v 0.316818 -0.065000 0.528578
v -0.305666 -0.065000 -0.541124
v -0.333138 -0.065000 -0.524657
v 0.355537 -0.065005 0.559301
v 0.324139 -0.065006 0.574361
v -0.297277 0.065000 -0.495978
v 0.010258 0.065000 0.016008
v 0.009282 0.065000 0.016593
v 0.316818 0.065000 0.528578
v -0.333138 0.065000 -0.524657
v -0.305666 0.065000 -0.541124
v 0.324139 0.064170 0.574361
v 0.353744 0.064170 0.556617
v -0.247232 -0.065000 -0.522728
v 0.007611 -0.065000 0.017423
v 0.008640 -0.065000 0.016936
v 0.263482 -0.065000 0.557087
v -0.251155 -0.065000 -0.568478
v -0.280109 -0.065000 -0.554784
v 0.297482 -0.065006 0.588610
v 0.267516 -0.065005 0.606350
v -0.247232 0.065000 -0.522727
v 0.008640 0.065000 0.016936
v 0.007611 0.065000 0.017423
v 0.263482 0.065000 0.557087
v -0.280109 0.065000 -0.554784
v -0.251155 0.065000 -0.568478
v 0.266281 0.064170 0.603367
v 0.297482 0.064170 0.588610
v -0.194805 -0.065000 -0.544443
v 0.005866 -0.065000 0.018085
v 0.006938 -0.065000 0.017701
v 0.207610 -0.065000 0.580230
v -0.194225 -0.065000 -0.590358
v -0.224382 -0.065000 -0.579568
v 0.239591 -0.065003 0.617917
v 0.206795 -0.065003 0.629651
v -0.194805 0.065000 -0.544443
v 0.006938 0.065000 0.017701
v 0.005866 0.065000 0.018085
v 0.207610 0.065000 0.580230
v -0.224382 0.065000 -0.579568
v -0.194225 0.065000 -0.590358
v 0.205858 0.064170 0.626562
v 0.238356 0.064170 0.614934
v -0.140502 -0.065000 -0.560916
v 0.004066 -0.065000 0.018573
v 0.005170 -0.065000 0.018296
v 0.149737 -0.065000 0.597785
v -0.135424 -0.065000 -0.606553
v -0.166493 -0.065000 -0.598771
v 0.177871 -0.065005 0.638425
v 0.144083 -0.065005 0.646889
v -0.140502 0.065000 -0.560916
v 0.005170 0.065000 0.018296
v 0.004066 0.065000 0.018573
v 0.149737 0.065000 0.597785
v -0.166493 0.065000 -0.598771
v -0.135424 0.065000 -0.606553
v 0.143453 0.064170 0.643722
v 0.176934 0.064170 0.635336
v -0.084846 -0.065000 -0.571987
v 0.002225 -0.065000 0.018882
v 0.003351 -0.065000 0.018715
v 0.090423 -0.065000 0.609583
v -0.075320 -0.065000 -0.616906
v -0.107002 -0.065000 -0.612207
v 0.114438 -0.065003 0.652786
v 0.079983 -0.065003 0.657896
v -0.084846 0.065000 -0.571987
v 0.003351 0.065000 0.018715
v 0.002225 0.065000 0.018882
v 0.090423 0.065000 0.609583
v -0.107002 0.065000 -0.612207
v -0.075320 0.065000 -0.616906
v 0.079667 0.064170 0.654683
v 0.113808 0.064170 0.649619
v -0.028373 -0.065000 -0.577549
v 0.000364 -0.065000 0.019009
v 0.001501 -0.065000 0.018953
v 0.030238 -0.065000 0.615511
v -0.014490 -0.065000 -0.621318
v -0.046480 -0.065000 -0.619747
v 0.049903 -0.065005 0.660859
v 0.015113 -0.065005 0.662568
v -0.028373 0.065000 -0.577549
v 0.001501 0.065000 0.018953
v 0.000364 0.065000 0.019009
v 0.030238 0.065000 0.615511
v -0.046480 0.065000 -0.619747
v -0.014490 0.065000 -0.621318
v 0.015113 0.064170 0.659339
v 0.049587 0.064170 0.657646
v 0.028373 -0.065000 -0.577549
v -0.001501 -0.065000 0.018953
v -0.000364 -0.065000 0.019009
v -0.030238 -0.065000 0.615511
v 0.046480 -0.065000 -0.619747
v 0.014490 -0.065000 -0.621318
v -0.015113 -0.065003 0.662568
v -0.050108 -0.065002 0.662945
v 0.028373 0.065000 -0.577549
v -0.000364 0.065000 0.019009
v -0.001501 0.065000 0.018953
v -0.030238 0.065000 0.615511
v 0.014490 0.065000 -0.621318
v 0.046480 0.065000 -0.619747
v -0.049587 0.064170 0.657646
v -0.015113 0.064170 0.659339
v 0.084846 -0.065000 -0.571987
v -0.003351 -0.065000 0.018715
v -0.002225 -0.065000 0.018882
v -0.090423 -0.065000 0.609583
v 0.107002 -0.065000 -0.612207
v 0.075320 -0.065000 -0.616906
v -0.080188 -0.065002 0.659982
v -0.114438 -0.065003 0.652786
v 0.084846 0.065000 -0.571987
v -0.002225 0.065000 0.018882
v -0.003351 0.065000 0.018715
v -0.090423 0.065000 0.609583
v 0.075320 0.065000 -0.616906
v 0.107002 0.065000 -0.612207
v -0.113808 0.064170 0.649619
v -0.079666 0.064170 0.654683
v 0.140502 -0.065000 -0.560916
v -0.005170 -0.065000 0.018296
v -0.004066 -0.065000 0.018573
v -0.149737 -0.065000 0.597785
v 0.166493 -0.065000 -0.598771
v 0.135424 -0.065000 -0.606553
v -0.144083 -0.065005 0.646889
v -0.176934 -0.065006 0.635336
v 0.140502 0.065000 -0.560916
v -0.004066 0.065000 0.018573
v -0.005170 0.065000 0.018296
v -0.149737 0.065000 0.597785
v 0.135424 0.065000 -0.606553
v 0.166493 0.065000 -0.598771
v -0.176934 0.064170 0.635336
v -0.143453 0.064170 0.643722
v 0.194805 -0.065000 -0.544443
v -0.006938 -0.065000 0.017702
v -0.005866 -0.065000 0.018085
v -0.207610 -0.065000 0.580230
v 0.224382 -0.065000 -0.579568
v 0.194225 -0.065000 -0.590359
v -0.205858 -0.065006 0.626562
v -0.238356 -0.065006 0.614934
v 0.194805 0.065000 -0.544443
v -0.005866 0.065000 0.018085
v -0.006938 0.065000 0.017702
v -0.207610 0.065000 0.580230
v 0.194225 0.065000 -0.590359
v 0.224382 0.065000 -0.579568
v -0.238356 0.064170 0.614934
v -0.205858 0.064170 0.626562
v 0.247232 -0.065000 -0.522727
v -0.008640 -0.065000 0.016936
v -0.007611 -0.065000 0.017423
v -0.263482 -0.065000 0.557087
v 0.280109 -0.065000 -0.554784
v 0.251155 -0.065000 -0.568478
v -0.266281 -0.065006 0.603367
v -0.299004 -0.065005 0.591457
v 0.247232 0.065000 -0.522728
v -0.007611 0.065000 0.017423
v -0.008640 0.065000 0.016936
v -0.263482 0.065000 0.557087
v 0.251155 0.065000 -0.568478
v 0.280109 0.065000 -0.554784
v -0.297482 0.064170 0.588610
v -0.266281 0.064170 0.603367
v 0.297277 -0.065000 -0.495978
v -0.010258 -0.065000 0.016008
v -0.009282 -0.065000 0.016593
v -0.316818 -0.065000 0.528578
v 0.333138 -0.065000 -0.524657
v 0.305666 -0.065000 -0.541124
v -0.325661 -0.065003 0.577209
v -0.355538 -0.065003 0.559302
v 0.297277 0.065000 -0.495978
v -0.009282 0.065000 0.016593
v -0.010258 0.065000 0.016008
v -0.316818 0.065000 0.528578
v 0.305666 0.065000 -0.541124
v 0.333138 0.065000 -0.524657
v -0.353744 0.064170 0.556617
v -0.324139 0.064170 0.574361
v 0.344460 -0.065000 -0.464451
v -0.011778 -0.065000 0.014925
v -0.010864 -0.065000 0.015603
v -0.367102 -0.065000 0.494979
v 0.382960 -0.065000 -0.489478
v 0.357233 -0.065000 -0.508557
v -0.380669 -0.065005 0.542509
v -0.406598 -0.065006 0.519264
v 0.344460 0.065000 -0.464451
v -0.010864 0.065000 0.015603
v -0.011778 0.065000 0.014925
v -0.367102 0.065000 0.494979
v 0.357233 0.065000 -0.508557
v 0.382960 0.065000 -0.489478
v -0.406598 0.064170 0.519264
v -0.378875 0.064170 0.539824
v 0.388326 -0.065000 -0.428452
v -0.013184 -0.065000 0.013699
v -0.012341 -0.065000 0.014463
v -0.413851 -0.065000 0.456614
v 0.429093 -0.065000 -0.449584
v 0.405361 -0.065000 -0.471093
v -0.429963 -0.065006 0.500089
v -0.455537 -0.065006 0.476910
v 0.388326 0.065000 -0.428452
v -0.012341 0.065000 0.014463
v -0.013184 0.065000 0.013699
v -0.413851 0.065000 0.456614
v 0.405361 0.065000 -0.471093
v 0.429093 0.065000 -0.449584
v -0.455537 0.064170 0.476910
v -0.429963 0.064170 0.500089
v 0.428452 -0.065000 -0.388326
v -0.014463 -0.065000 0.012341
v -0.013699 -0.065000 0.013184
v -0.456614 -0.065000 0.413851
v 0.471094 -0.065000 -0.405361
v 0.449584 -0.065000 -0.429093
v -0.476910 -0.065006 0.455537
v -0.500089 -0.065006 0.429963
v 0.428452 0.065000 -0.388326
v -0.013699 0.065000 0.013184
v -0.014463 0.065000 0.012341
v -0.456614 0.065000 0.413851
v 0.449584 0.065000 -0.429093
v 0.471094 0.065000 -0.405361
v -0.500089 0.064170 0.429963
v -0.476910 0.064170 0.455537
v 0.464451 -0.065000 -0.344460
v -0.015603 -0.065000 0.010864
v -0.014925 -0.065000 0.011778
v -0.494979 -0.065000 0.367102
v 0.508557 -0.065000 -0.357234
v 0.489478 -0.065000 -0.382960
v -0.519264 -0.065006 0.406598
v -0.539824 -0.065006 0.378875
v 0.464451 0.065000 -0.344460
v -0.014925 0.065000 0.011778
v -0.015603 0.065000 0.010864
v -0.494979 0.065000 0.367102
v 0.489478 0.065000 -0.382960
v 0.508557 0.065000 -0.357234
v -0.539825 0.064170 0.378875
v -0.519264 0.064170 0.406598
v 0.495978 -0.065000 -0.297277
v -0.016593 -0.065000 0.009282
v -0.016008 -0.065000 0.010258
v -0.528578 -0.065000 0.316818
v 0.541124 -0.065000 -0.305666
v 0.524657 -0.065000 -0.333138
v -0.556617 -0.065006 0.353744
v -0.574361 -0.065006 0.324139
v 0.495978 0.065000 -0.297277
v -0.016008 0.065000 0.010258
v -0.016593 0.065000 0.009282
v -0.528578 0.065000 0.316818
v 0.524657 0.065000 -0.333138
v 0.541124 0.065000 -0.305666
v -0.574361 0.064170 0.324139
v -0.556617 0.064170 0.353744
v 0.522728 -0.065000 -0.247232
v -0.017423 -0.065000 0.007611
v -0.016936 -0.065000 0.008640
v -0.557087 -0.065000 0.263482
v 0.568478 -0.065000 -0.251155
v 0.554784 -0.065000 -0.280109
v -0.588610 -0.065006 0.297482
v -0.603367 -0.065006 0.266281
v 0.522727 0.065000 -0.247232
v -0.016936 0.065000 0.008640
v -0.017423 0.065000 0.007611
v -0.557087 0.065000 0.263482
v 0.554784 0.065000 -0.280109
v 0.568478 0.065000 -0.251155
v -0.603367 0.064170 0.266281
v -0.588610 0.064170 0.297482
v 0.544443 -0.065000 -0.194805
v -0.018085 -0.065000 0.005866
v -0.017701 -0.065000 0.006938
v -0.580230 -0.065000 0.207610
v 0.590358 -0.065000 -0.194225
v 0.579568 -0.065000 -0.224382
v -0.614934 -0.065006 0.238356
v -0.626562 -0.065006 0.205858
v 0.544443 0.065000 -0.194805
v -0.017701 0.065000 0.006938
v -0.018085 0.065000 0.005866
v -0.580230 0.065000 0.207610
v 0.579568 0.065000 -0.224382
v 0.590358 0.065000 -0.194225
v -0.626562 0.064170 0.205858
v -0.614934 0.064170 0.238356
v 0.560916 -0.065000 -0.140502
v -0.018573 -0.065000 0.004066
v -0.018296 -0.065000 0.005170
v -0.597785 -0.065000 0.149737
v 0.606553 -0.065000 -0.135424
v 0.598771 -0.065000 -0.166493
v -0.635336 -0.065006 0.176934
v -0.646889 -0.065005 0.144083
v 0.560916 0.065000 -0.140502
v -0.018296 0.065000 0.005170
v -0.018573 0.065000 0.004066
v -0.597785 0.065000 0.149737
v 0.598771 0.065000 -0.166493
v 0.606553 0.065000 -0.135424
v -0.643722 0.064170 0.143453
v -0.635336 0.064170 0.176934
v 0.571987 -0.065000 -0.084846
v -0.018882 -0.065000 0.002225
v -0.018715 -0.065000 0.003351
v -0.609583 -0.065000 0.090423
v 0.616906 -0.065000 -0.075320
v 0.612207 -0.065000 -0.107002
v -0.652786 -0.065003 0.114438
v -0.659982 -0.065002 0.080188
v 0.571987 0.065000 -0.084846
v -0.018715 0.065000 0.003351
v -0.018882 0.065000 0.002225
v -0.609583 0.065000 0.090423
v 0.612207 0.065000 -0.107002
v 0.616906 0.065000 -0.075320
v -0.654683 0.064170 0.079667
v -0.649619 0.064170 0.113808
v 0.577549 -0.065000 -0.028373
v -0.019009 -0.065000 0.000364
v -0.018953 -0.065000 0.001501
v -0.615511 -0.065000 0.030238
v 0.621318 -0.065000 -0.014490
v 0.619747 -0.065000 -0.046480
v -0.662945 -0.065002 0.050108
v -0.664664 -0.065002 0.015113
v 0.577549 0.065000 -0.028373
v -0.018953 0.065000 0.001501
v -0.019009 0.065000 0.000364
v -0.615511 0.065000 0.030238
v 0.619747 0.065000 -0.046480
v 0.621318 0.065000 -0.014490
v -0.659339 0.064170 0.015113
v -0.657646 0.064170 0.049587
v 0.577549 -0.065000 0.028373
v -0.018953 -0.065000 -0.001501
v -0.019009 -0.065000 -0.000364
v -0.615511 -0.065000 -0.030238
v 0.619747 -0.065000 0.046480
v 0.621318 -0.065000 0.014490
v -0.664664 -0.065002 -0.015113
v -0.662945 -0.065002 -0.050108
v 0.577549 0.065000 0.028373
v -0.019009 0.065000 -0.000364
v -0.018953 0.065000 -0.001501
v -0.615511 0.065000 -0.030238
v 0.621318 0.065000 0.014490
v 0.619747 0.065000 0.046480
v -0.657646 0.064170 -0.049587
v -0.659339 0.064170 -0.015113
v 0.571987 -0.065000 0.084846
v -0.018715 -0.065000 -0.003351
v -0.018882 -0.065000 -0.002225
v -0.609583 -0.065000 -0.090423
v 0.612207 -0.065000 0.107002
v 0.616906 -0.065000 0.075320
v -0.659982 -0.065002 -0.080188
v -0.654841 -0.065002 -0.114847
v 0.571987 0.065000 0.084846
v -0.018882 0.065000 -0.002225
v -0.018715 0.065000 -0.003351
v -0.609583 0.065000 -0.090423
v 0.616906 0.065000 0.075320
v 0.612207 0.065000 0.107002
v -0.649619 0.064170 -0.113808
v -0.654683 0.064170 -0.079666
v 0.560916 -0.065000 0.140502
v -0.018296 -0.065000 -0.005170
v -0.018573 -0.065000 -0.004066
v -0.597785 -0.065000 -0.149737
v 0.598771 -0.065000 0.166493
v 0.606553 -0.065000 0.135424
v -0.648944 -0.065002 -0.144492
v -0.640431 -0.065002 -0.178480
v 0.560916 0.065000 0.140502
v -0.018573 0.065000 -0.004066
v -0.018296 0.065000 -0.005170
v -0.597785 0.065000 -0.149737
v 0.606553 0.065000 0.135424
v 0.598771 0.065000 0.166493
v -0.635336 0.064170 -0.176934
v -0.643722 0.064170 -0.143453
v 0.544443 -0.065000 0.194805
v -0.017702 -0.065000 -0.006938
v -0.018085 -0.065000 -0.005866
v -0.580230 -0.065000 -0.207610
v 0.579568 -0.065000 0.224382
v 0.590359 -0.065000 0.194225
v -0.631657 -0.065002 -0.207404
v -0.619853 -0.065002 -0.240393
v 0.544443 0.065000 0.194805
v -0.018085 0.065000 -0.005866
v -0.017702 0.065000 -0.006938
v -0.580230 0.065000 -0.207610
v 0.590359 0.065000 0.194225
v 0.579568 0.065000 0.224382
v -0.614934 0.064170 -0.238356
v -0.626562 0.064170 -0.205858
v 0.522727 -0.065000 0.247232
v -0.016936 -0.065000 -0.008640
v -0.017423 -0.065000 -0.007611
v -0.557087 -0.065000 -0.263482
v 0.554784 -0.065000 0.280109
v 0.568478 -0.065000 0.251155
v -0.608286 -0.065002 -0.268318
v -0.591457 -0.065003 -0.299004
v 0.522728 0.065000 0.247232
v -0.017423 0.065000 -0.007611
v -0.016936 0.065000 -0.008640
v -0.557087 0.065000 -0.263482
v 0.568478 0.065000 0.251155
v 0.554784 0.065000 0.280109
v -0.588610 0.064170 -0.297482
v -0.603367 0.064170 -0.266281
v 0.495978 -0.065000 0.297277
v -0.016008 -0.065000 -0.010258
v -0.016593 -0.065000 -0.009282
v -0.528578 -0.065000 -0.316818
v 0.524657 -0.065000 0.333138
v 0.541124 -0.065000 0.305666
v -0.577209 -0.065005 -0.325661
v -0.556617 -0.065006 -0.353744
v 0.495978 0.065000 0.297277
v -0.016593 0.065000 -0.009282
v -0.016008 0.065000 -0.010258
v -0.528578 0.065000 -0.316818
v 0.541124 0.065000 0.305666
v 0.524657 0.065000 0.333138
v -0.556617 0.064170 -0.353744
v -0.574361 0.064170 -0.324139
v 0.464451 -0.065000 0.344460
v -0.014925 -0.065000 -0.011778
v -0.015603 -0.065000 -0.010864
v -0.494979 -0.065000 -0.367102
v 0.489478 -0.065000 0.382960
v 0.508557 -0.065000 0.357233
v -0.539825 -0.065006 -0.378875
v -0.521760 -0.065005 -0.408647
v 0.464451 0.065000 0.344460
v -0.015603 0.065000 -0.010864
v -0.014925 0.065000 -0.011778
v -0.494979 0.065000 -0.367102
v 0.508557 0.065000 0.357233
v 0.489478 0.065000 0.382960
v -0.519264 0.064170 -0.406598
v -0.539824 0.064170 -0.378875
v 0.428452 -0.065000 0.388326
v -0.013699 -0.065000 -0.013184
v -0.014463 -0.065000 -0.012341
v -0.456614 -0.065000 -0.413851
v 0.449584 -0.065000 0.429093
v 0.471093 -0.065000 0.405361
v -0.502585 -0.065003 -0.432011
v -0.479193 -0.065003 -0.457820
v 0.428452 0.065000 0.388326
v -0.014463 0.065000 -0.012341
v -0.013699 0.065000 -0.013184
v -0.456614 0.065000 -0.413851
v 0.471093 0.065000 0.405361
v 0.449584 0.065000 0.429093
v -0.476910 0.064170 -0.455537
v -0.500089 0.064170 -0.429963
v 0.388326 -0.065000 0.428452
v -0.012341 -0.065000 -0.014463
v -0.013184 -0.065000 -0.013699
v -0.413851 -0.065000 -0.456614
v 0.405361 -0.065000 0.471094
v 0.429093 -0.065000 0.449584
v -0.457820 -0.065005 -0.479193
v -0.429963 -0.065006 -0.500089
v 0.388326 0.065000 0.428452
v -0.013184 0.065000 -0.013699
v -0.012341 0.065000 -0.014463
v -0.413851 0.065000 -0.456614
v 0.429093 0.065000 0.449584
v 0.405361 0.065000 0.471094
v -0.429963 0.064170 -0.500089
v -0.455537 0.064170 -0.476910
v 0.344460 -0.065000 0.464451
v -0.010864 -0.065000 -0.015603
v -0.011778 -0.065000 -0.014925
v -0.367102 -0.065000 -0.494979
v 0.357234 -0.065000 0.508557
v 0.382960 -0.065000 0.489478
v -0.406598 -0.065006 -0.519264
v -0.378875 -0.065006 -0.539824
v 0.344460 0.065000 0.464451
v -0.011778 0.065000 -0.014925
v -0.010864 0.065000 -0.015603
v -0.367102 0.065000 -0.494979
v 0.382960 0.065000 0.489478
v 0.357234 0.065000 0.508557
v -0.378875 0.064170 -0.539825
v -0.406598 0.064170 -0.519264
v 0.297277 -0.065000 0.495978
v -0.009282 -0.065000 -0.016593
v -0.010258 -0.065000 -0.016008
v -0.316818 -0.065000 -0.528578
v 0.305666 -0.065000 0.541124
v 0.333138 -0.065000 0.524657
v -0.353744 -0.065006 -0.556617
v -0.324139 -0.065006 -0.574361
v 0.297277 0.065000 0.495978
v -0.010258 0.065000 -0.016008
v -0.009282 0.065000 -0.016593
v -0.316818 0.065000 -0.528578
v 0.333138 0.065000 0.524657
v 0.305666 0.065000 0.541124
v -0.324139 0.064170 -0.574361
v -0.353744 0.064170 -0.556617
v 0.247232 -0.065000 0.522728
v -0.007611 -0.065000 -0.017423
v -0.008640 -0.065000 -0.016936
v -0.263482 -0.065000 -0.557087
v 0.251155 -0.065000 0.568478
v 0.280109 -0.065000 0.554784
v -0.297482 -0.065006 -0.588610
v -0.266281 -0.065006 -0.603367
v 0.247232 0.065000 0.522727
v -0.008640 0.065000 -0.016936
v -0.007611 0.065000 -0.017423
v -0.263482 0.065000 -0.557087
v 0.280109 0.065000 0.554784
v 0.251155 0.065000 0.568478
v -0.266281 0.064170 -0.603367
v -0.297482 0.064170 -0.588610
v 0.194805 -0.065000 0.544443
v -0.005866 -0.065000 -0.018085
v -0.006938 -0.065000 -0.017701
v -0.207610 -0.065000 -0.580230
v 0.194225 -0.065000 0.590358
v 0.224382 -0.065000 0.579568
v -0.238356 -0.065006 -0.614934
v -0.205858 -0.065006 -0.626562
v 0.194805 0.065000 0.544443
v -0.006938 0.065000 -0.017701
v -0.005866 0.065000 -0.018085
v -0.207610 0.065000 -0.580230
v 0.224382 0.065000 0.579568
v 0.194225 0.065000 0.590358
v -0.205858 0.064170 -0.626562
v -0.238356 0.064170 -0.614934
v 0.140502 -0.065000 0.560916
v -0.004066 -0.065000 -0.018573
v -0.005170 -0.065000 -0.018296
v -0.149737 -0.065000 -0.597785
v 0.135424 -0.065000 0.606553
v 0.166493 -0.065000 0.598771
v -0.176934 -0.065006 -0.635336
v -0.143453 -0.065006 -0.643722
v 0.140502 0.065000 0.560916
v -0.005170 0.065000 -0.018296
v -0.004066 0.065000 -0.018573
v -0.149737 0.065000 -0.597785
v 0.166493 0.065000 0.598771
v 0.135424 0.065000 0.606553
v -0.143453 0.064170 -0.643722
v -0.176934 0.064170 -0.635336
v 0.084846 -0.065000 0.571987
v -0.002225 -0.065000 -0.018882
v -0.003351 -0.065000 -0.018715
v -0.090423 -0.065000 -0.609583
v 0.075320 -0.065000 0.616906
v 0.107002 -0.065000 0.612207
v -0.113808 -0.065006 -0.649619
v -0.079666 -0.065006 -0.654683
v 0.084846 0.065000 0.571987
v -0.003351 0.065000 -0.018715
v -0.002225 0.065000 -0.018882
v -0.090423 0.065000 -0.609583
v 0.107002 0.065000 0.612207
v 0.075320 0.065000 0.616906
v -0.079667 0.064170 -0.654683
v -0.113808 0.064170 -0.649619
v 0.028373 -0.065000 0.577549
v -0.000364 -0.065000 -0.019009
v -0.001501 -0.065000 -0.018953
v -0.030238 -0.065000 -0.615511
v 0.014490 -0.065000 0.621318
v 0.046480 -0.065000 0.619747
v -0.049587 -0.065006 -0.657646
v -0.015113 -0.065005 -0.662568
v 0.028373 0.065000 0.577549
v -0.001501 0.065000 -0.018953
v -0.000364 0.065000 -0.019009
v -0.030238 0.065000 -0.615511
v 0.046480 0.065000 0.619747
v 0.014490 0.065000 0.621318
v -0.015113 0.064170 -0.659339
v -0.049587 0.064170 -0.657646
v 0.048696 0.021827 -0.991225
v 0.145618 0.021827 -0.981679
v 0.241139 0.021827 -0.962679
v 0.334336 0.021827 -0.934408
v 0.424312 0.021855 -0.897132
v 0.510193 0.021317 -0.851207
v 0.591162 0.021369 -0.797090
v 0.666444 0.021369 -0.735308
v 0.735317 0.021317 -0.666452
v 0.797115 0.021855 -0.591180
v 0.851228 0.021827 -0.510206
v 0.897138 0.021827 -0.424315
v 0.934408 0.021827 -0.334336
v 0.962679 0.021827 -0.241139
v 0.981679 0.021827 -0.145618
v 0.991225 0.021827 -0.048696
v 0.991225 0.021827 0.048696
v 0.981679 0.021827 0.145618
v 0.962679 0.021827 0.241139
v 0.934408 0.021827 0.334336
v 0.897138 0.021827 0.424315
v 0.851228 0.021827 0.510206
v 0.797120 0.021827 0.591184
v 0.735335 0.021827 0.666469
v 0.666469 0.021827 0.735335
v 0.591184 0.021827 0.797120
v 0.510206 0.021827 0.851228
v 0.424315 0.021827 0.897138
v 0.334336 0.021827 0.934408
v 0.241139 0.021827 0.962679
v 0.145618 0.021827 0.981679
v 0.048696 0.021827 0.991225
v -0.048696 0.021827 0.991225
v -0.145618 0.021827 0.981679
v -0.241139 0.021827 0.962679
v -0.334336 0.021827 0.934408
v -0.424315 0.021827 0.897138
v -0.510206 0.021827 0.851228
v -0.591184 0.021827 0.797120
v -0.666469 0.021827 0.735335
v -0.735335 0.021827 0.666469
v -0.797120 0.021827 0.591184
v -0.851228 0.021827 0.510206
v -0.897138 0.021827 0.424315
v -0.934408 0.021827 0.334336
v -0.962679 0.021827 0.241139
v -0.981679 0.021827 0.145618
v -0.991225 0.021827 0.048696
v -0.991225 0.021827 -0.048696
v -0.981679 0.021827 -0.145618
v -0.962679 0.021827 -0.241139
v -0.934408 0.021827 -0.334336
v -0.897138 0.021827 -0.424315
v -0.851228 0.021827 -0.510206
v -0.797120 0.021827 -0.591184
v -0.735335 0.021827 -0.666469
v -0.666469 0.021827 -0.735335
v -0.591184 0.021827 -0.797120
v -0.510203 0.021855 -0.851222
v -0.424309 0.021265 -0.897126
v -0.334334 0.021855 -0.934402
v -0.241139 0.021827 -0.962679
v 0.000000 0.065000 -0.000000
v -0.145618 0.021827 -0.981679
v -0.048696 0.021827 -0.991225
v -0.000000 -0.065000 -0.000000
v -0.050057 -0.065179 -0.992104
v -0.049009 -0.043333 -0.997592
v -0.145618 -0.065160 -0.981679
v -0.146554 -0.043333 -0.987985
v -0.241139 -0.065160 -0.962679
v -0.242688 -0.043333 -0.968863
v -0.334334 -0.065130 -0.934402
v -0.336484 -0.043333 -0.940410
v -0.424309 -0.064481 -0.897126
v -0.427004 -0.041744 -0.902823
v -0.510203 -0.065130 -0.851222
v -0.513484 -0.043333 -0.856695
v -0.591184 -0.065160 -0.797120
v -0.594982 -0.043333 -0.802240
v -0.666127 -0.065179 -0.736919
v -0.670750 -0.043333 -0.740059
v -0.740059 -0.065298 -0.670750
v -0.740059 -0.043333 -0.670750
v -0.798662 -0.065179 -0.590689
v -0.802240 -0.043333 -0.594982
v -0.851361 -0.065179 -0.511821
v -0.856695 -0.043333 -0.513484
v -0.902900 -0.065298 -0.427040
v -0.902900 -0.043333 -0.427040
v -0.940410 -0.065298 -0.336484
v -0.940410 -0.043333 -0.336484
v -0.968863 -0.065298 -0.242688
v -0.968863 -0.043333 -0.242688
v -0.987985 -0.065298 -0.146554
v -0.987985 -0.043333 -0.146554
v -0.997592 -0.065298 -0.049009
v -0.997592 -0.043333 -0.049009
v -0.997592 -0.065298 0.049009
v -0.997592 -0.043333 0.049009
v -0.987985 -0.065298 0.146554
v -0.987985 -0.043333 0.146554
v -0.963275 -0.065179 0.242645
v -0.968863 -0.043333 0.242688
v -0.934408 -0.065160 0.334336
v -0.940410 -0.043333 0.336484
v -0.897138 -0.065160 0.424315
v -0.902900 -0.043333 0.427040
v -0.851228 -0.065160 0.510206
v -0.856695 -0.043333 0.513484
v -0.797120 -0.065160 0.591184
v -0.802240 -0.043333 0.594982
v -0.735335 -0.065160 0.666469
v -0.740059 -0.043333 0.670750
v -0.666469 -0.065160 0.735335
v -0.670750 -0.043333 0.740059
v -0.592804 -0.065179 0.797094
v -0.594982 -0.043333 0.802240
v -0.513484 -0.065298 0.856695
v -0.513484 -0.043333 0.856695
v -0.423528 -0.065179 0.898554
v -0.427040 -0.043333 0.902900
v -0.334336 -0.065160 0.934408
v -0.336484 -0.043333 0.940410
v -0.242645 -0.065179 0.963275
v -0.242688 -0.043333 0.968863
v -0.146554 -0.065298 0.987985
v -0.146554 -0.043333 0.987985
v -0.049009 -0.065298 0.997592
v -0.049009 -0.043333 0.997592
v 0.048788 -0.065197 0.993111
v 0.049009 -0.043333 0.997592
v 0.146554 -0.065298 0.987985
v 0.146554 -0.043333 0.987985
v 0.241597 -0.065197 0.964510
v 0.242688 -0.043333 0.968863
v 0.336484 -0.065298 0.940410
v 0.336484 -0.043333 0.940410
v 0.425908 -0.065179 0.897428
v 0.427040 -0.043333 0.902900
v 0.509562 -0.065179 0.852714
v 0.513484 -0.043333 0.856695
v 0.594982 -0.065298 0.802240
v 0.594982 -0.043333 0.802240
v 0.670750 -0.065298 0.740059
v 0.670750 -0.043333 0.740059
v 0.736919 -0.065179 0.666127
v 0.740059 -0.043333 0.670750
v 0.797120 -0.065160 0.591184
v 0.802240 -0.043333 0.594982
v 0.851228 -0.065160 0.510206
v 0.856695 -0.043333 0.513484
v 0.897428 -0.065179 0.425908
v 0.902900 -0.043333 0.427040
v 0.940410 -0.065298 0.336484
v 0.940410 -0.043333 0.336484
v 0.968863 -0.065298 0.242688
v 0.968863 -0.043333 0.242688
v 0.987985 -0.065298 0.146554
v 0.987985 -0.043333 0.146554
v 0.993111 -0.065197 0.048788
v 0.997592 -0.043333 0.049009
v 0.997592 -0.065298 -0.049009
v 0.997592 -0.043333 -0.049009
v 0.983546 -0.065197 -0.145895
v 0.987985 -0.043333 -0.146554
v 0.968863 -0.065298 -0.242688
v 0.968863 -0.043333 -0.242688
v 0.934853 -0.065179 -0.335894
v 0.940410 -0.043333 -0.336484
v 0.897138 -0.065160 -0.424315
v 0.902900 -0.043333 -0.427040
v 0.851228 -0.065160 -0.510206
v 0.856695 -0.043333 -0.513484
v 0.797115 -0.065130 -0.591180
v 0.802240 -0.043333 -0.594982
v 0.735317 -0.064424 -0.666452
v 0.738968 -0.041636 -0.671591
v 0.666444 -0.064368 -0.735308
v 0.670481 -0.041528 -0.739762
v 0.591162 -0.064368 -0.797090
v 0.594743 -0.041528 -0.801918
v 0.511809 -0.064455 -0.851341
v 0.514524 -0.041667 -0.855796
v 0.427040 -0.065298 -0.902900
v 0.427040 -0.043333 -0.902900
v 0.336484 -0.065298 -0.940410
v 0.336484 -0.043333 -0.940410
v 0.241597 -0.065197 -0.964510
v 0.242688 -0.043333 -0.968863
v 0.146554 -0.065298 -0.987985
v 0.146554 -0.043333 -0.987985
v 0.049009 -0.065298 -0.997592
v 0.049009 -0.043333 -0.997592
v 0.000932 -0.065000 -0.018981
v 0.000932 0.065000 -0.018981
v 0.002788 -0.065000 -0.018798
v 0.002788 0.065000 -0.018798
v 0.004618 -0.065000 -0.018434
v 0.004618 0.065000 -0.018434
v 0.006402 -0.065000 -0.017893
v 0.006402 0.065000 -0.017893
v 0.008125 -0.065000 -0.017180
v 0.008125 0.065000 -0.017180
v 0.009770 -0.065000 -0.016300
v 0.009770 0.065000 -0.016300
v 0.011321 -0.065000 -0.015264
v 0.011321 0.065000 -0.015264
v 0.012762 -0.065000 -0.014081
v 0.012762 0.065000 -0.014081
v 0.014081 -0.065000 -0.012762
v 0.014081 0.065000 -0.012762
v 0.015264 -0.065000 -0.011321
v 0.015264 0.065000 -0.011321
v 0.016300 -0.065000 -0.009770
v 0.016300 0.065000 -0.009770
v 0.017179 -0.065000 -0.008125
v 0.017179 0.065000 -0.008125
v 0.017893 -0.065000 -0.006402
v 0.017893 0.065000 -0.006402
v 0.018435 -0.065000 -0.004618
v 0.018435 0.065000 -0.004618
v 0.018798 -0.065000 -0.002788
v 0.018798 0.065000 -0.002788
v 0.018981 -0.065000 -0.000932
v 0.018981 0.065000 -0.000932
v 0.018981 -0.065000 0.000932
v 0.018981 0.065000 0.000932
v 0.018798 -0.065000 0.002788
v 0.018798 0.065000 0.002788
v 0.018434 -0.065000 0.004618
v 0.018434 0.065000 0.004618
v 0.017893 -0.065000 0.006402
v 0.017893 0.065000 0.006402
v 0.017180 -0.065000 0.008125
v 0.017180 0.065000 0.008125
v 0.016300 -0.065000 0.009770
v 0.016300 0.065000 0.009770
v 0.015264 -0.065000 0.011321
v 0.015264 0.065000 0.011321
v 0.014081 -0.065000 0.012762
v 0.014081 0.065000 0.012762
v 0.012762 -0.065000 0.014081
v 0.012762 0.065000 0.014081
v 0.011321 -0.065000 0.015264
v 0.011321 0.065000 0.015264
v 0.009770 -0.065000 0.016300
v 0.009770 0.065000 0.016300
v 0.008125 -0.065000 0.017179
v 0.008125 0.065000 0.017179
v 0.006402 -0.065000 0.017893
v 0.006402 0.065000 0.017893
v 0.004618 -0.065000 0.018435
v 0.004618 0.065000 0.018435
v 0.002788 -0.065000 0.018798
v 0.002788 0.065000 0.018798
v 0.000932 -0.065000 0.018981
v 0.000932 0.065000 0.018981
v -0.000932 -0.065000 0.018981
v -0.000932 0.065000 0.018981
v -0.002788 -0.065000 0.018798
v -0.002788 0.065000 0.018798
v -0.004618 -0.065000 0.018434
v -0.004618 0.065000 0.018434
v -0.006402 -0.065000 0.017893
v -0.006402 0.065000 0.017893
v -0.008125 -0.065000 0.017180
v -0.008125 0.065000 0.017180
v -0.009770 -0.065000 0.016300
v -0.009770 0.065000 0.016300
v -0.011321 -0.065000 0.015264
v -0.011321 0.065000 0.015264
v -0.012762 -0.065000 0.014081
v -0.012762 0.065000 0.014081
v -0.014081 -0.065000 0.012762
v -0.014081 0.065000 0.012762
v -0.015264 -0.065000 0.011321
v -0.015264 0.065000 0.011321
v -0.016300 -0.065000 0.009770
v -0.016300 0.065000 0.009770
v -0.017179 -0.065000 0.008125
v -0.017179 0.065000 0.008125
v -0.017893 -0.065000 0.006402
v -0.017893 0.065000 0.006402
v -0.018435 -0.065000 0.004618
v -0.018435 0.065000 0.004618
v -0.018798 -0.065000 0.002788
v -0.018798 0.065000 0.002788
v -0.018981 -0.065000 0.000932
v -0.018981 0.065000 0.000932
v -0.018981 -0.065000 -0.000932
v -0.018981 0.065000 -0.000932
v -0.018798 -0.065000 -0.002788
v -0.018798 0.065000 -0.002788
v -0.018434 -0.065000 -0.004618
v -0.018434 0.065000 -0.004618
v -0.017893 -0.065000 -0.006402
v -0.017893 0.065000 -0.006402
v -0.017180 -0.065000 -0.008125
v -0.017180 0.065000 -0.008125
v -0.016300 -0.065000 -0.009770
v -0.016300 0.065000 -0.009770
v -0.015264 -0.065000 -0.011321
v -0.015264 0.065000 -0.011321
v -0.014081 -0.065000 -0.012762
v -0.014081 0.065000 -0.012762
v -0.012762 -0.065000 -0.014081
v -0.012762 0.065000 -0.014081
v -0.011321 -0.065000 -0.015264
v -0.011321 0.065000 -0.015264
v -0.009770 -0.065000 -0.016300
v -0.009770 0.065000 -0.016300
v -0.008125 -0.065000 -0.017179
v -0.008125 0.065000 -0.017179
v -0.006402 -0.065000 -0.017893
v -0.006402 0.065000 -0.017893
v -0.004618 -0.065000 -0.018435
v -0.004618 0.065000 -0.018435
v -0.002788 -0.065000 -0.018798
v -0.002788 0.065000 -0.018798
v -0.000932 -0.065000 -0.018981
v -0.000932 0.065000 -0.018981
v -0.045228 0.065000 0.920639
v 0.045228 0.065000 0.920639
v 0.135249 0.065000 0.911772
v 0.223967 0.065000 0.894125
v 0.310528 0.065000 0.867867
v 0.394099 0.065000 0.833251
v 0.473873 0.065000 0.790610
v 0.549085 0.065000 0.740356
v 0.619009 0.065000 0.682971
v 0.682971 0.065000 0.619009
v 0.740356 0.065000 0.549085
v 0.790610 0.065000 0.473873
v 0.833251 0.065000 0.394099
v 0.867867 0.065000 0.310528
v 0.894125 0.065000 0.223967
v 0.911772 0.065000 0.135249
v 0.920639 0.065000 0.045228
v 0.920639 0.065000 -0.045228
v 0.911772 0.065000 -0.135249
v 0.894125 0.065000 -0.223967
v 0.867867 0.065000 -0.310528
v 0.833251 0.065000 -0.394099
v 0.790610 0.065000 -0.473873
v 0.740356 0.065000 -0.549085
v 0.682971 0.065000 -0.619009
v 0.619009 0.065000 -0.682971
v 0.549085 0.065000 -0.740356
v 0.473873 0.065000 -0.790610
v 0.394099 0.065000 -0.833251
v 0.310528 0.065000 -0.867867
v 0.223967 0.065000 -0.894125
v 0.135249 0.065000 -0.911772
v 0.045228 0.065000 -0.920639
v -0.045228 0.065000 -0.920639
v -0.135249 0.065000 -0.911772
v -0.223967 0.065000 -0.894125
v -0.310528 0.065000 -0.867867
v -0.394099 0.065000 -0.833251
v -0.473873 0.065000 -0.790610
v -0.549085 0.065000 -0.740356
v -0.619009 0.065000 -0.682971
v -0.682971 0.065000 -0.619009
v -0.740356 0.065000 -0.549085
v -0.790610 0.065000 -0.473873
v -0.833251 0.065000 -0.394099
v -0.867867 0.065000 -0.310528
v -0.894125 0.065000 -0.223967
v -0.911772 0.065000 -0.135249
v -0.920639 0.065000 -0.045228
v -0.920639 0.065000 0.045228
v -0.911772 0.065000 0.135249
v -0.894125 0.065000 0.223967
v -0.867867 0.065000 0.310528
v -0.833251 0.065000 0.394099
v -0.790610 0.065000 0.473873
v -0.740356 0.065000 0.549085
v -0.682971 0.065000 0.619009
v -0.619009 0.065000 0.682971
v -0.549085 0.065000 0.740356
v -0.473873 0.065000 0.790610
v -0.394099 0.065000 0.833251
v -0.310528 0.065000 0.867867
v -0.223967 0.065000 0.894125
v -0.135249 0.065000 0.911772
v -0.045228 -0.065000 0.920638
v -0.135249 -0.065000 0.911772
v -0.223967 -0.065000 0.894125
v -0.310528 -0.065000 0.867867
v -0.394098 -0.065000 0.833251
v -0.473873 -0.065000 0.790610
v -0.549085 -0.065000 0.740356
v -0.619009 -0.065000 0.682971
v -0.682971 -0.065000 0.619009
v -0.740356 -0.065000 0.549085
v -0.790610 -0.065000 0.473873
v -0.833251 -0.065000 0.394099
v -0.867867 -0.065000 0.310528
v -0.894125 -0.065000 0.223967
v -0.911772 -0.065000 0.135249
v -0.920639 -0.065000 0.045228
v -0.920639 -0.065000 -0.045228
v -0.911772 -0.065000 -0.135249
v -0.894125 -0.065000 -0.223967
v -0.867867 -0.065000 -0.310528
v -0.833251 -0.065000 -0.394098
v -0.790610 -0.065000 -0.473873
v -0.740356 -0.065000 -0.549085
v -0.682971 -0.065000 -0.619009
v -0.619009 -0.065000 -0.682971
v -0.549085 -0.065000 -0.740356
v -0.473873 -0.065000 -0.790610
v -0.394099 -0.065000 -0.833251
v -0.310528 -0.065000 -0.867867
v -0.223967 -0.065000 -0.894125
v -0.135249 -0.065000 -0.911772
v -0.045228 -0.065000 -0.920639
v 0.045228 -0.065000 -0.920639
v 0.135249 -0.065000 -0.911772
v 0.223967 -0.065000 -0.894125
v 0.310528 -0.065000 -0.867867
v 0.394098 -0.065000 -0.833251
v 0.473873 -0.065000 -0.790610
v 0.549085 -0.065000 -0.740356
v 0.619009 -0.065000 -0.682971
v 0.682971 -0.065000 -0.619009
v 0.740356 -0.065000 -0.549085
v 0.790610 -0.065000 -0.473873
v 0.833251 -0.065000 -0.394099
v 0.867867 -0.065000 -0.310528
v 0.894125 -0.065000 -0.223967
v 0.911772 -0.065000 -0.135249
v 0.920639 -0.065000 -0.045228
v 0.920639 -0.065000 0.045228
v 0.911772 -0.065000 0.135249
v 0.894125 -0.065000 0.223967
v 0.867867 -0.065000 0.310528
v 0.833251 -0.065000 0.394098
v 0.790610 -0.065000 0.473873
v 0.740356 -0.065000 0.549085
v 0.682971 -0.065000 0.619009
v 0.619009 -0.065000 0.682971
v 0.549085 -0.065000 0.740356
v 0.473873 -0.065000 0.790610
v 0.394099 -0.065000 0.833251
v 0.310528 -0.065000 0.867867
v 0.223967 -0.065000 0.894125
v 0.135249 -0.065000 0.911772
v 0.045228 -0.065000 0.920639
v -0.092720 -0.043200 -0.995415
v -0.049007 -0.022152 -0.997563
v -0.005294 -0.043218 -0.999714
v -0.049007 -0.063062 -0.997567
v -0.189841 -0.043200 -0.981534
v -0.146549 -0.022152 -0.987956
v -0.103257 -0.043200 -0.994377
v -0.146549 -0.063043 -0.987956
v -0.285134 -0.043200 -0.958200
v -0.242680 -0.022152 -0.968834
v -0.200226 -0.043200 -0.979468
v -0.242680 -0.063043 -0.968834
v -0.378909 -0.043141 -0.925043
v -0.336472 -0.022124 -0.940376
v -0.295267 -0.043200 -0.955126
v -0.336472 -0.063013 -0.940376
v -0.551007 -0.043200 -0.834170
v -0.513465 -0.022124 -0.856664
v -0.474691 -0.043141 -0.879741
v -0.513465 -0.063013 -0.856664
v -0.630117 -0.043200 -0.776145
v -0.594964 -0.022152 -0.802216
v -0.559811 -0.043200 -0.828287
v -0.594964 -0.063043 -0.802216
v -0.703161 -0.043218 -0.710648
v -0.670730 -0.022152 -0.740037
v -0.638302 -0.043200 -0.769428
v -0.670733 -0.063062 -0.740039
v -0.768526 -0.065247 -0.635801
v -0.740043 -0.065461 -0.670735
v -0.708068 -0.065247 -0.702506
v -0.736750 -0.065034 -0.667751
v -0.769431 -0.043218 -0.638304
v -0.740037 -0.022152 -0.670730
v -0.710648 -0.043218 -0.703161
v -0.740043 -0.063088 -0.670735
v -0.828287 -0.043200 -0.559811
v -0.802216 -0.022152 -0.594964
v -0.776148 -0.043218 -0.630120
v -0.802219 -0.063062 -0.594967
v -0.879174 -0.043218 -0.475931
v -0.856670 -0.022152 -0.513468
v -0.834170 -0.043200 -0.551007
v -0.856674 -0.063062 -0.513470
v -0.920024 -0.065259 -0.386817
v -0.902883 -0.065473 -0.427032
v -0.881506 -0.065247 -0.466715
v -0.899348 -0.065033 -0.425331
v -0.921592 -0.043230 -0.387466
v -0.902874 -0.022152 -0.427027
v -0.884165 -0.043218 -0.466593
v -0.902883 -0.063100 -0.427032
v -0.953509 -0.065259 -0.294776
v -0.940394 -0.065485 -0.336478
v -0.924076 -0.065259 -0.377035
v -0.937191 -0.065033 -0.335332
v -0.955133 -0.043230 -0.295269
v -0.940382 -0.022152 -0.336474
v -0.925644 -0.043230 -0.377684
v -0.940394 -0.063112 -0.336479
v -0.977811 -0.065259 -0.199896
v -0.968847 -0.065485 -0.242683
v -0.956583 -0.065259 -0.284644
v -0.965547 -0.065033 -0.241857
v -0.979475 -0.043230 -0.200227
v -0.968834 -0.022152 -0.242680
v -0.958206 -0.043230 -0.285136
v -0.968847 -0.063112 -0.242683
v -0.992696 -0.065259 -0.103092
v -0.987969 -0.065485 -0.146551
v -0.979876 -0.065259 -0.189512
v -0.984603 -0.065033 -0.146052
v -0.994384 -0.043230 -0.103258
v -0.987956 -0.022152 -0.146549
v -0.981540 -0.043230 -0.189843
v -0.987969 -0.063112 -0.146551
v -0.998020 -0.065259 -0.005294
v -0.997576 -0.065485 -0.049008
v -0.993733 -0.065259 -0.092554
v -0.994178 -0.065033 -0.048841
v -0.999717 -0.043230 -0.005294
v -0.997563 -0.022152 -0.049007
v -0.995422 -0.043230 -0.092721
v -0.997576 -0.063112 -0.049008
v -0.993733 -0.065259 0.092554
v -0.997576 -0.065485 0.049008
v -0.998020 -0.065259 0.005294
v -0.994178 -0.065033 0.048841
v -0.995422 -0.043230 0.092721
v -0.997563 -0.022152 0.049007
v -0.999717 -0.043230 0.005294
v -0.997576 -0.063112 0.049008
v -0.979029 -0.065247 0.190731
v -0.987966 -0.065473 0.146551
v -0.992696 -0.065259 0.103092
v -0.984090 -0.065033 0.145950
v -0.981538 -0.043218 0.189842
v -0.987956 -0.022152 0.146549
v -0.994384 -0.043230 0.103258
v -0.987966 -0.063100 0.146551
v -0.958200 -0.043200 0.285134
v -0.968834 -0.022152 0.242680
v -0.979472 -0.043218 0.200227
v -0.968838 -0.063062 0.242681
v -0.925638 -0.043200 0.377681
v -0.940382 -0.022152 0.336474
v -0.955126 -0.043200 0.295267
v -0.940382 -0.063043 0.336474
v -0.884161 -0.043200 0.466591
v -0.902874 -0.022152 0.427027
v -0.921586 -0.043200 0.387464
v -0.902874 -0.063043 0.427027
v -0.834170 -0.043200 0.551007
v -0.856670 -0.022152 0.513468
v -0.879170 -0.043200 0.475929
v -0.856670 -0.063043 0.513468
v -0.776145 -0.043200 0.630117
v -0.802216 -0.022152 0.594964
v -0.828287 -0.043200 0.559811
v -0.802216 -0.063043 0.594964
v -0.710645 -0.043200 0.703158
v -0.740037 -0.022152 0.670730
v -0.769428 -0.043200 0.638302
v -0.740037 -0.063043 0.670730
v -0.638302 -0.043200 0.769428
v -0.670730 -0.022152 0.740037
v -0.703158 -0.043200 0.710645
v -0.670730 -0.063043 0.740037
v -0.559813 -0.043218 0.828291
v -0.594964 -0.022152 0.802216
v -0.630117 -0.043200 0.776145
v -0.594966 -0.063062 0.802220
v -0.473652 -0.065247 0.877798
v -0.513472 -0.065461 0.856677
v -0.550871 -0.065247 0.831515
v -0.511188 -0.065034 0.852865
v -0.475931 -0.043218 0.879174
v -0.513468 -0.022152 0.856670
v -0.551010 -0.043218 0.834173
v -0.513472 -0.063088 0.856677
v -0.387464 -0.043200 0.921586
v -0.427027 -0.022152 0.902874
v -0.466593 -0.043218 0.884165
v -0.427029 -0.063062 0.902877
v -0.295267 -0.043200 0.955126
v -0.336474 -0.022152 0.940382
v -0.377681 -0.043200 0.925638
v -0.336474 -0.063043 0.940382
v -0.200227 -0.043218 0.979472
v -0.242680 -0.022152 0.968834
v -0.285134 -0.043200 0.958200
v -0.242681 -0.063062 0.968838
v -0.103092 -0.065259 0.992696
v -0.146551 -0.065473 0.987966
v -0.190731 -0.065247 0.979029
v -0.145950 -0.065033 0.984090
v -0.103258 -0.043230 0.994384
v -0.146549 -0.022152 0.987956
v -0.189842 -0.043218 0.981538
v -0.146551 -0.063100 0.987966
v -0.003933 -0.065247 0.997427
v -0.049008 -0.065473 0.997573
v -0.092554 -0.065259 0.993733
v -0.048841 -0.065033 0.993654
v -0.005294 -0.043218 0.999714
v -0.049007 -0.022152 0.997563
v -0.092721 -0.043230 0.995422
v -0.049008 -0.063100 0.997573
v 0.092720 -0.043218 0.995419
v 0.049007 -0.022152 0.997563
v 0.005294 -0.043218 0.999714
v 0.049008 -0.063080 0.997571
v 0.190731 -0.065247 0.979029
v 0.146551 -0.065461 0.987963
v 0.101679 -0.065247 0.992239
v 0.145899 -0.065034 0.983568
v 0.189842 -0.043218 0.981538
v 0.146549 -0.022152 0.987956
v 0.103258 -0.043218 0.994381
v 0.146551 -0.063088 0.987964
v 0.285136 -0.043218 0.958204
v 0.242680 -0.022152 0.968834
v 0.200227 -0.043218 0.979472
v 0.242682 -0.063080 0.968842
v 0.378065 -0.065247 0.923007
v 0.336477 -0.065461 0.940389
v 0.293301 -0.065247 0.953336
v 0.334980 -0.065034 0.936206
v 0.377683 -0.043218 0.925641
v 0.336474 -0.022152 0.940382
v 0.295268 -0.043218 0.955130
v 0.336477 -0.063088 0.940389
v 0.466591 -0.043200 0.884161
v 0.427027 -0.022152 0.902874
v 0.387465 -0.043218 0.921590
v 0.427029 -0.063062 0.902877
v 0.551009 -0.043218 0.834173
v 0.513468 -0.022152 0.856670
v 0.475929 -0.043200 0.879170
v 0.513470 -0.063062 0.856673
v 0.629045 -0.065259 0.774838
v 0.594970 -0.065473 0.802225
v 0.557411 -0.065247 0.827145
v 0.592654 -0.065033 0.799058
v 0.630121 -0.043230 0.776150
v 0.594964 -0.022152 0.802216
v 0.559813 -0.043218 0.828291
v 0.594970 -0.063100 0.802225
v 0.702506 -0.065247 0.708068
v 0.670737 -0.065473 0.740045
v 0.637230 -0.065259 0.768121
v 0.668084 -0.065033 0.737155
v 0.703161 -0.043218 0.710648
v 0.670730 -0.022152 0.740037
v 0.638306 -0.043230 0.769433
v 0.670737 -0.063100 0.740045
v 0.769428 -0.043200 0.638302
v 0.740037 -0.022152 0.670730
v 0.710648 -0.043218 0.703161
v 0.740039 -0.063062 0.670733
v 0.828287 -0.043200 0.559811
v 0.802216 -0.022152 0.594964
v 0.776145 -0.043200 0.630117
v 0.802216 -0.063043 0.594964
v 0.879170 -0.043200 0.475929
v 0.856670 -0.022152 0.513468
v 0.834170 -0.043200 0.551007
v 0.856670 -0.063043 0.513468
v 0.921589 -0.043218 0.387465
v 0.902874 -0.022152 0.427027
v 0.884161 -0.043200 0.466591
v 0.902877 -0.063062 0.427029
v 0.953509 -0.065259 0.294776
v 0.940392 -0.065473 0.336478
v 0.923007 -0.065247 0.378065
v 0.936707 -0.065033 0.335132
v 0.955133 -0.043230 0.295269
v 0.940382 -0.022152 0.336474
v 0.925641 -0.043218 0.377683
v 0.940392 -0.063100 0.336478
v 0.977811 -0.065259 0.199896
v 0.968847 -0.065485 0.242683
v 0.956583 -0.065259 0.284644
v 0.965547 -0.065033 0.241857
v 0.979475 -0.043230 0.200227
v 0.968834 -0.022152 0.242680
v 0.958206 -0.043230 0.285136
v 0.968847 -0.063112 0.242683
v 0.992239 -0.065247 0.101679
v 0.987966 -0.065473 0.146551
v 0.979876 -0.065259 0.189512
v 0.984082 -0.065033 0.146001
v 0.994381 -0.043218 0.103258
v 0.987956 -0.022152 0.146549
v 0.981540 -0.043230 0.189843
v 0.987966 -0.063100 0.146551
v 0.999714 -0.043218 0.005294
v 0.997563 -0.022152 0.049007
v 0.995419 -0.043218 0.092720
v 0.997571 -0.063080 0.049008
v 0.993009 -0.065247 -0.093851
v 0.997571 -0.065461 -0.049008
v 0.997427 -0.065247 -0.003933
v 0.993133 -0.065034 -0.048789
v 0.995419 -0.043218 -0.092720
v 0.997563 -0.022152 -0.049007
v 0.999714 -0.043218 -0.005294
v 0.997571 -0.063088 -0.049008
v 0.981538 -0.043218 -0.189842
v 0.987956 -0.022152 -0.146549
v 0.994381 -0.043218 -0.103258
v 0.987963 -0.063080 -0.146551
v 0.955620 -0.065247 -0.285774
v 0.968842 -0.065461 -0.242682
v 0.977494 -0.065247 -0.198446
v 0.964531 -0.065034 -0.241603
v 0.958204 -0.043218 -0.285136
v 0.968834 -0.022152 -0.242680
v 0.979472 -0.043218 -0.200227
v 0.968842 -0.063088 -0.242682
v 0.925638 -0.043200 -0.377681
v 0.940382 -0.022152 -0.336474
v 0.955130 -0.043218 -0.295268
v 0.940386 -0.063062 -0.336475
v 0.884161 -0.043200 -0.466591
v 0.902874 -0.022152 -0.427027
v 0.921586 -0.043200 -0.387464
v 0.902874 -0.063043 -0.427027
v 0.834170 -0.043200 -0.551007
v 0.856670 -0.022152 -0.513468
v 0.879170 -0.043200 -0.475929
v 0.856670 -0.063043 -0.513468
v 0.775220 -0.043141 -0.631119
v 0.802211 -0.022124 -0.594960
v 0.828287 -0.043200 -0.559811
v 0.802211 -0.063013 -0.594960
v 0.386817 -0.065259 -0.920024
v 0.427030 -0.065455 -0.902880
v 0.466714 -0.065229 -0.881502
v 0.425331 -0.065033 -0.899348
v 0.387466 -0.043230 -0.921592
v 0.427024 -0.022124 -0.902868
v 0.467757 -0.043171 -0.883455
v 0.427030 -0.063082 -0.902880
v 0.293301 -0.065247 -0.953336
v 0.336478 -0.065473 -0.940392
v 0.377035 -0.065259 -0.924076
v 0.335180 -0.065033 -0.936690
v 0.295268 -0.043218 -0.955130
v 0.336474 -0.022152 -0.940382
v 0.377684 -0.043230 -0.925644
v 0.336478 -0.063100 -0.940392
v 0.200227 -0.043218 -0.979472
v 0.242680 -0.022152 -0.968834
v 0.285136 -0.043218 -0.958204
v 0.242682 -0.063080 -0.968842
v 0.103092 -0.065259 -0.992696
v 0.146551 -0.065473 -0.987966
v 0.190731 -0.065247 -0.979029
v 0.145950 -0.065033 -0.984090
v 0.103258 -0.043230 -0.994384
v 0.146549 -0.022152 -0.987956
v 0.189842 -0.043218 -0.981538
v 0.146551 -0.063100 -0.987966
v 0.003933 -0.065247 -0.997427
v 0.049008 -0.065473 -0.997573
v 0.092554 -0.065259 -0.993733
v 0.048841 -0.065033 -0.993654
v 0.005294 -0.043218 -0.999714
v 0.049007 -0.022152 -0.997563
v 0.092721 -0.043230 -0.995422
v 0.049008 -0.063100 -0.997573
v -0.041652 -0.065000 0.847847
v 0.000101 -0.065001 -0.019829
v 0.043647 -0.065001 -0.887940
v 0.001895 -0.065001 -0.020264
v -0.041652 0.065000 0.847847
v 0.001764 0.064867 -0.018940
v 0.043517 0.063539 -0.885808
v 0.000101 0.064867 -0.019021
v -0.124555 -0.065000 0.839681
v 0.002095 -0.065001 -0.020245
v 0.130420 -0.065001 -0.879393
v 0.003770 -0.065001 -0.019467
v -0.124555 0.065000 0.839681
v 0.003612 0.064867 -0.018676
v 0.130132 0.063539 -0.877277
v 0.001965 0.064867 -0.018920
v -0.206258 -0.065000 0.823430
v 0.003967 -0.065001 -0.019428
v 0.215885 -0.065010 -0.861862
v 0.005660 -0.065001 -0.019004
v -0.206258 0.065000 0.823430
v 0.005425 0.064867 -0.018232
v 0.215493 0.063539 -0.860297
v 0.003810 0.064867 -0.018636
v -0.285976 -0.065000 0.799248
v 0.005852 -0.065001 -0.018946
v 0.299523 -0.065001 -0.837035
v 0.007695 -0.065001 -0.018842
v -0.285975 0.065000 0.799248
v 0.007186 0.064867 -0.017612
v 0.298780 0.063539 -0.835033
v 0.005618 0.064867 -0.018173
v -0.362939 -0.065000 0.767369
v 0.007882 -0.065001 -0.018765
v 0.380078 -0.065001 -0.803668
v 0.009258 -0.065001 -0.017535
v -0.362939 0.065000 0.767368
v 0.008878 0.064867 -0.016823
v 0.379188 0.063539 -0.801727
v 0.007372 0.064867 -0.017535
v -0.436406 -0.065000 0.728099
v 0.009436 -0.065001 -0.017440
v 0.456326 -0.065010 -0.761411
v 0.010484 -0.065001 -0.015872
v -0.436406 0.065000 0.728099
v 0.010484 0.064867 -0.015872
v 0.455945 0.063539 -0.760699
v 0.009056 0.064867 -0.016728
v -0.505671 -0.065000 0.681818
v 0.010652 -0.065001 -0.015760
v 0.528311 -0.065010 -0.712345
v 0.011989 -0.065001 -0.014768
v -0.505671 0.065000 0.681818
v 0.011989 0.064867 -0.014768
v 0.528311 0.063539 -0.712346
v 0.010652 0.064867 -0.015760
v -0.570066 -0.065000 0.628971
v 0.012145 -0.065001 -0.014640
v 0.595590 -0.065010 -0.657132
v 0.013379 -0.065001 -0.013521
v -0.570066 0.065000 0.628971
v 0.013379 0.064867 -0.013521
v 0.595590 0.063539 -0.657132
v 0.012145 0.064867 -0.014640
v -0.628971 -0.065000 0.570066
v 0.013521 -0.065001 -0.013379
v 0.657132 -0.065010 -0.595590
v 0.014640 -0.065001 -0.012145
v -0.628971 0.065000 0.570066
v 0.014640 0.064867 -0.012145
v 0.657132 0.063539 -0.595590
v 0.013521 0.064867 -0.013379
v -0.681818 -0.065000 0.505671
v 0.014768 -0.065001 -0.011989
v 0.712345 -0.065010 -0.528311
v 0.015760 -0.065001 -0.010652
v -0.681818 0.065000 0.505671
v 0.015760 0.064867 -0.010652
v 0.712346 0.063539 -0.528311
v 0.014768 0.064867 -0.011989
v -0.728099 -0.065000 0.436406
v 0.015872 -0.065001 -0.010484
v 0.760699 -0.065010 -0.455945
v 0.016728 -0.065001 -0.009055
v -0.728099 0.065000 0.436406
v 0.016728 0.064867 -0.009056
v 0.760699 0.063539 -0.455945
v 0.015872 0.064867 -0.010484
v -0.767369 -0.065000 0.362939
v 0.016823 -0.065001 -0.008878
v 0.801727 -0.065010 -0.379188
v 0.017535 -0.065001 -0.007372
v -0.767369 0.065000 0.362939
v 0.017535 0.064867 -0.007372
v 0.801727 0.063539 -0.379188
v 0.016823 0.064867 -0.008878
v -0.799248 -0.065000 0.285976
v 0.017612 -0.065001 -0.007186
v 0.835805 -0.065010 -0.299014
v 0.018946 -0.065001 -0.005852
v -0.799248 0.065000 0.285976
v 0.018173 0.064867 -0.005618
v 0.835033 0.063539 -0.298780
v 0.017612 0.064867 -0.007186
v -0.823430 -0.065000 0.206258
v 0.019004 -0.065001 -0.005660
v 0.861862 -0.065001 -0.215885
v 0.019428 -0.065001 -0.003967
v -0.823430 0.065000 0.206258
v 0.018636 0.064867 -0.003810
v 0.860298 0.063539 -0.215493
v 0.018232 0.064867 -0.005425
v -0.839681 -0.065000 0.124555
v 0.019467 -0.065001 -0.003770
v 0.878872 -0.065010 -0.130368
v 0.019723 -0.065001 -0.002044
v -0.839681 0.065000 0.124555
v 0.018920 0.064867 -0.001965
v 0.877277 0.063539 -0.130132
v 0.018676 0.064867 -0.003612
v -0.847847 -0.065000 0.041652
v 0.019743 -0.065001 -0.001843
v 0.887418 -0.065001 -0.043596
v 0.019829 -0.065001 -0.000101
v -0.847847 0.065000 0.041652
v 0.019021 0.064867 -0.000101
v 0.885808 0.063539 -0.043517
v 0.018940 0.064867 -0.001764
v -0.847847 -0.065000 -0.041652
v 0.019829 -0.065001 0.000101
v 0.887418 -0.065010 0.043596
v 0.019743 -0.065001 0.001843
v -0.847847 0.065000 -0.041652
v 0.018940 0.064867 0.001764
v 0.885808 0.063539 0.043517
v 0.019021 0.064867 0.000101
v -0.839681 -0.065000 -0.124555
v 0.019723 -0.065001 0.002044
v 0.879386 -0.065001 0.130471
v 0.019981 -0.065001 0.003872
v -0.839681 0.065000 -0.124555
v 0.018676 0.064867 0.003612
v 0.877277 0.063539 0.130132
v 0.018920 0.064867 0.001965
v -0.823430 -0.065000 -0.206258
v 0.019942 -0.065001 0.004069
v 0.862877 -0.065001 0.216139
v 0.019505 -0.065001 0.005812
v -0.823430 0.065000 -0.206258
v 0.018232 0.064867 0.005425
v 0.860297 0.063539 0.215493
v 0.018636 0.064867 0.003810
v -0.799248 -0.065000 -0.285976
v 0.019447 -0.065001 0.006004
v 0.837052 -0.065001 0.299475
v 0.018358 -0.065001 0.007495
v -0.799248 0.065000 -0.285975
v 0.017612 0.064867 0.007186
v 0.835033 0.063539 0.298780
v 0.018173 0.064867 0.005618
v -0.767369 -0.065000 -0.362939
v 0.018281 -0.065001 0.007681
v 0.802472 -0.065010 0.379497
v 0.016823 -0.065001 0.008878
v -0.767368 0.065000 -0.362939
v 0.016823 0.064867 0.008878
v 0.801727 0.063539 0.379188
v 0.017535 0.064867 0.007372
v -0.728099 -0.065000 -0.436406
v 0.016728 -0.065001 0.009056
v 0.760699 -0.065010 0.455945
v 0.015872 -0.065001 0.010484
v -0.728099 0.065000 -0.436406
v 0.015872 0.064867 0.010484
v 0.760699 0.063539 0.455945
v 0.016728 0.064867 0.009056
v -0.681818 -0.065000 -0.505671
v 0.015760 -0.065001 0.010652
v 0.712345 -0.065010 0.528311
v 0.014768 -0.065001 0.011989
v -0.681818 0.065000 -0.505671
v 0.014768 0.064867 0.011989
v 0.712346 0.063539 0.528311
v 0.015760 0.064867 0.010652
v -0.628971 -0.065000 -0.570066
v 0.014640 -0.065001 0.012145
v 0.657703 -0.065010 0.596160
v 0.014092 -0.065001 0.013950
v -0.628971 0.065000 -0.570066
v 0.013521 0.064867 0.013379
v 0.657132 0.063539 0.595590
v 0.014640 0.064867 0.012145
v -0.570066 -0.065000 -0.628971
v 0.013950 -0.065001 0.014092
v 0.597005 -0.065001 0.658732
v 0.012989 -0.065001 0.015669
v -0.570066 0.065000 -0.628971
v 0.012145 0.064867 0.014640
v 0.595590 0.063539 0.657132
v 0.013379 0.064867 0.013521
v -0.505671 -0.065000 -0.681818
v 0.012834 -0.065001 0.015797
v 0.529604 -0.065001 0.714046
v 0.011100 -0.065001 0.016431
v -0.505671 0.065000 -0.681818
v 0.010652 0.064867 0.015760
v 0.528311 0.063539 0.712346
v 0.011989 0.064867 0.014768
v -0.436406 -0.065000 -0.728099
v 0.010933 -0.065001 0.016543
v 0.456394 -0.065010 0.761370
v 0.009055 -0.065001 0.016728
v -0.436406 0.065000 -0.728099
v 0.009056 0.064867 0.016728
v 0.455945 0.063539 0.760699
v 0.010484 0.064867 0.015872
v -0.362939 -0.065000 -0.767369
v 0.008878 -0.065001 0.016823
v 0.379497 -0.065010 0.802472
v 0.007681 -0.065001 0.018281
v -0.362939 0.065000 -0.767369
v 0.007372 0.064867 0.017535
v 0.379188 0.063539 0.801727
v 0.008878 0.064867 0.016823
v -0.285976 -0.065000 -0.799248
v 0.007495 -0.065001 0.018358
v 0.299323 -0.065001 0.836551
v 0.005852 -0.065001 0.018946
v -0.285976 0.065000 -0.799248
v 0.005618 0.064867 0.018173
v 0.298780 0.063539 0.835033
v 0.007186 0.064867 0.017612
v -0.206258 -0.065000 -0.823430
v 0.005660 -0.065001 0.019004
v 0.215885 -0.065010 0.861862
v 0.003967 -0.065001 0.019428
v -0.206258 0.065000 -0.823430
v 0.003810 0.064867 0.018636
v 0.215493 0.063539 0.860298
v 0.005425 0.064867 0.018232
v -0.124555 -0.065000 -0.839681
v 0.003770 -0.065001 0.019467
v 0.130368 -0.065001 0.878872
v 0.002044 -0.065001 0.019723
v -0.124555 0.065000 -0.839681
v 0.001965 0.064867 0.018920
v 0.130132 0.063539 0.877277
v 0.003612 0.064867 0.018676
v -0.041652 -0.065000 -0.847847
v 0.001843 -0.065001 0.019743
v 0.043596 -0.065010 0.887418
v 0.000101 -0.065001 0.019829
v -0.041652 0.065000 -0.847847
v 0.000101 0.064867 0.019021
v 0.043517 0.063539 0.885808
v 0.001764 0.064867 0.018940
v 0.041652 -0.065000 -0.847847
v -0.000101 -0.065001 0.019829
v -0.043647 -0.065001 0.887940
v -0.001895 -0.065001 0.020264
v 0.041652 0.065000 -0.847847
v -0.001764 0.064867 0.018940
v -0.043517 0.063539 0.885808
v -0.000101 0.064867 0.019021
v 0.124555 -0.065000 -0.839681
v -0.002095 -0.065001 0.020245
v -0.130420 -0.065001 0.879393
v -0.003770 -0.065001 0.019467
v 0.124555 0.065000 -0.839681
v -0.003612 0.064867 0.018676
v -0.130132 0.063539 0.877277
v -0.001965 0.064867 0.018920
v 0.206258 -0.065000 -0.823430
v -0.003967 -0.065001 0.019428
v -0.215651 -0.065010 0.861089
v -0.005425 -0.065001 0.018232
v 0.206258 0.065000 -0.823430
v -0.005425 0.064867 0.018232
v -0.215493 0.063539 0.860297
v -0.003810 0.064867 0.018636
v 0.285976 -0.065000 -0.799248
v -0.005618 -0.065001 0.018173
v -0.298780 -0.065010 0.835033
v -0.007186 -0.065001 0.017612
v 0.285975 0.065000 -0.799248
v -0.007186 0.064867 0.017612
v -0.298780 0.063539 0.835033
v -0.005618 0.064867 0.018173
v 0.362939 -0.065000 -0.767369
v -0.007372 -0.065001 0.017535
v -0.379569 -0.065010 0.802438
v -0.009258 -0.065001 0.017535
v 0.362939 0.065000 -0.767368
v -0.008878 0.064867 0.016823
v -0.379188 0.063539 0.801727
v -0.007372 0.064867 0.017535
v 0.436406 -0.065000 -0.728099
v -0.009436 -0.065001 0.017440
v -0.456774 -0.065001 0.762082
v -0.010933 -0.065001 0.016543
v 0.436406 0.065000 -0.728099
v -0.010484 0.064867 0.015872
v -0.455945 0.063539 0.760699
v -0.009056 0.064867 0.016728
v 0.505671 -0.065000 -0.681818
v -0.011100 -0.065001 0.016431
v -0.528760 -0.065010 0.713017
v -0.011989 -0.065001 0.014768
v 0.505671 0.065000 -0.681818
v -0.011989 0.064867 0.014768
v -0.528311 0.063539 0.712346
v -0.010652 0.064867 0.015760
v 0.570066 -0.065000 -0.628971
v -0.012145 -0.065001 0.014640
v -0.595590 -0.065010 0.657132
v -0.013379 -0.065001 0.013521
v 0.570066 0.065000 -0.628971
v -0.013379 0.064867 0.013521
v -0.595590 0.063539 0.657132
v -0.012145 0.064867 0.014640
v 0.628971 -0.065000 -0.570066
v -0.013521 -0.065001 0.013379
v -0.657132 -0.065010 0.595590
v -0.014640 -0.065001 0.012145
v 0.628971 0.065000 -0.570066
v -0.014640 0.064867 0.012145
v -0.657132 0.063539 0.595590
v -0.013521 0.064867 0.013379
v 0.681818 -0.065000 -0.505671
v -0.014768 -0.065001 0.011989
v -0.712345 -0.065010 0.528311
v -0.015760 -0.065001 0.010652
v 0.681818 0.065000 -0.505671
v -0.015760 0.064867 0.010652
v -0.712346 0.063539 0.528311
v -0.014768 0.064867 0.011989
v 0.728099 -0.065000 -0.436406
v -0.015872 -0.065001 0.010484
v -0.760699 -0.065010 0.455945
v -0.016728 -0.065001 0.009055
v 0.728099 0.065000 -0.436406
v -0.016728 0.064867 0.009056
v -0.760699 0.063539 0.455945
v -0.015872 0.064867 0.010484
v 0.767369 -0.065000 -0.362939
v -0.016823 -0.065001 0.008878
v -0.801727 -0.065010 0.379188
v -0.017535 -0.065001 0.007372
v 0.767369 0.065000 -0.362939
v -0.017535 0.064867 0.007372
v -0.801727 0.063539 0.379188
v -0.016823 0.064867 0.008878
v 0.799248 -0.065000 -0.285976
v -0.017612 -0.065001 0.007186
v -0.835033 -0.065010 0.298780
v -0.018173 -0.065001 0.005618
v 0.799248 0.065000 -0.285976
v -0.018173 0.064867 0.005618
v -0.835033 0.063539 0.298780
v -0.017612 0.064867 0.007186
v 0.823430 -0.065000 -0.206258
v -0.018232 -0.065001 0.005425
v -0.861089 -0.065010 0.215651
v -0.019428 -0.065001 0.003967
v 0.823430 0.065000 -0.206258
v -0.018636 0.064867 0.003810
v -0.860298 0.063539 0.215493
v -0.018232 0.064867 0.005425
v 0.839681 -0.065000 -0.124555
v -0.019467 -0.065001 0.003770
v -0.879393 -0.065001 0.130420
v -0.020245 -0.065001 0.002095
v 0.839681 0.065000 -0.124555
v -0.018920 0.064867 0.001965
v -0.877277 0.063539 0.130132
v -0.018676 0.064867 0.003612
v 0.847847 -0.065000 -0.041652
v -0.020264 -0.065001 0.001895
v -0.888464 -0.065001 0.043647
v -0.020353 -0.065001 0.000101
v 0.847847 0.065000 -0.041652
v -0.019021 0.064867 0.000101
v -0.885808 0.063539 0.043517
v -0.018940 0.064867 0.001764
v 0.847847 -0.065000 0.041652
v -0.020353 -0.065001 -0.000101
v -0.888464 -0.065001 -0.043647
v -0.020264 -0.065001 -0.001895
v 0.847847 0.065000 0.041652
v -0.018940 0.064867 -0.001764
v -0.885808 0.063539 -0.043517
v -0.019021 0.064867 -0.000101
v 0.839681 -0.065000 0.124555
v -0.020245 -0.065001 -0.002095
v -0.879907 -0.065001 -0.130522
v -0.019981 -0.065001 -0.003872
v 0.839681 0.065000 0.124555
v -0.018676 0.064867 -0.003612
v -0.877277 0.063539 -0.130132
v -0.018920 0.064867 -0.001965
v 0.823430 -0.065000 0.206258
v -0.019942 -0.065001 -0.004069
v -0.862877 -0.065001 -0.216139
v -0.019505 -0.065001 -0.005812
v 0.823430 0.065000 0.206258
v -0.018232 0.064867 -0.005425
v -0.860297 0.063539 -0.215493
v -0.018636 0.064867 -0.003810
v 0.799248 -0.065000 0.285976
v -0.019447 -0.065001 -0.006004
v -0.837536 -0.065001 -0.299675
v -0.018842 -0.065001 -0.007695
v 0.799248 0.065000 0.285975
v -0.017612 0.064867 -0.007186
v -0.835033 0.063539 -0.298780
v -0.018173 0.064867 -0.005618
v 0.767369 -0.065000 0.362939
v -0.018765 -0.065001 -0.007882
v -0.803668 -0.065001 -0.380078
v -0.017535 -0.065001 -0.009258
v 0.767368 0.065000 0.362939
v -0.016823 0.064867 -0.008878
v -0.801727 0.063539 -0.379188
v -0.017535 0.064867 -0.007372
v 0.728099 -0.065000 0.436406
v -0.017440 -0.065001 -0.009436
v -0.761411 -0.065010 -0.456326
v -0.015872 -0.065001 -0.010484
v 0.728099 0.065000 0.436406
v -0.015872 0.064867 -0.010484
v -0.760699 0.063539 -0.455945
v -0.016728 0.064867 -0.009056
v 0.681818 -0.065000 0.505671
v -0.015760 -0.065001 -0.010652
v -0.712970 -0.065010 -0.528824
v -0.015392 -0.065001 -0.012501
v 0.681818 0.065000 0.505671
v -0.014768 0.064867 -0.011989
v -0.712346 0.063539 -0.528311
v -0.015760 0.064867 -0.010652
v 0.628971 -0.065000 0.570066
v -0.015264 -0.065001 -0.012657
v -0.658327 -0.065001 -0.596672
v -0.014092 -0.065001 -0.013950
v 0.628971 0.065000 0.570066
v -0.013521 0.064867 -0.013379
v -0.657132 0.063539 -0.595590
v -0.014640 0.064867 -0.012145
v 0.570066 -0.065000 0.628971
v -0.013950 -0.065001 -0.014092
v -0.596160 -0.065010 -0.657703
v -0.012145 -0.065001 -0.014640
v 0.570066 0.065000 0.628971
v -0.012145 0.064867 -0.014640
v -0.595590 0.063539 -0.657132
v -0.013379 0.064867 -0.013521
v 0.505671 -0.065000 0.681818
v -0.011989 -0.065001 -0.014768
v -0.528311 -0.065010 -0.712345
v -0.010652 -0.065001 -0.015760
v 0.505671 0.065000 0.681818
v -0.010652 0.064867 -0.015760
v -0.528311 0.063539 -0.712346
v -0.011989 0.064867 -0.014768
v 0.436406 -0.065000 0.728099
v -0.010484 -0.065001 -0.015872
v -0.455945 -0.065010 -0.760699
v -0.009055 -0.065001 -0.016728
v 0.436406 0.065000 0.728099
v -0.009056 0.064867 -0.016728
v -0.455945 0.063539 -0.760699
v -0.010484 0.064867 -0.015872
v 0.362939 -0.065000 0.767369
v -0.008878 -0.065001 -0.016823
v -0.379188 -0.065010 -0.801727
v -0.007372 -0.065001 -0.017535
v 0.362939 0.065000 0.767369
v -0.007372 0.064867 -0.017535
v -0.379188 0.063539 -0.801727
v -0.008878 0.064867 -0.016823
v 0.285976 -0.065000 0.799248
v -0.007186 -0.065001 -0.017612
v -0.298780 -0.065010 -0.835033
v -0.005618 -0.065001 -0.018173
v 0.285976 0.065000 0.799248
v -0.005618 0.064867 -0.018173
v -0.298780 0.063539 -0.835033
v -0.007186 0.064867 -0.017612
v 0.206258 -0.065000 0.823430
v -0.005425 -0.065001 -0.018232
v -0.215493 -0.065010 -0.860297
v -0.003810 -0.065001 -0.018636
v 0.206258 0.065000 0.823430
v -0.003810 0.064867 -0.018636
v -0.215493 0.063539 -0.860298
v -0.005425 0.064867 -0.018232
v 0.124555 -0.065000 0.839681
v -0.003612 -0.065001 -0.018676
v -0.130132 -0.065010 -0.877277
v -0.001965 -0.065001 -0.018920
v 0.124555 0.065000 0.839681
v -0.001965 0.064867 -0.018920
v -0.130132 0.063539 -0.877277
v -0.003612 0.064867 -0.018676
v 0.041652 -0.065000 0.847847
v -0.001764 -0.065001 -0.018940
v -0.043517 -0.065010 -0.886615
v -0.000101 -0.065001 -0.019829
v 0.041652 0.065000 0.847847
v -0.000101 0.064867 -0.019021
v -0.043517 0.063539 -0.885808
v -0.001764 0.064867 -0.018940
vn -0.0000 0.1329 -0.9911
vn -0.0000 0.2611 -0.9653
vn 0.0474 0.2620 -0.9639
vn 0.0484 0.1595 -0.9860
vn -0.3934 0.8714 -0.2931
vn -0.2614 0.9610 -0.0898
vn 0.0133 0.9625 -0.2709
vn 0.4203 0.8714 -0.2531
vn 0.2689 0.9610 -0.0638
vn 0.0946 0.2611 -0.9607
vn 0.0971 0.1330 -0.9863
vn 0.1416 0.2620 -0.9546
vn 0.1449 0.1595 -0.9765
vn -0.3628 0.8714 -0.3302
vn -0.2513 0.9610 -0.1150
vn 0.0398 0.9625 -0.2682
vn 0.4430 0.8714 -0.2107
vn 0.2739 0.9610 -0.0371
vn 0.1883 0.2611 -0.9468
vn 0.1934 0.1329 -0.9721
vn 0.2345 0.2620 -0.9361
vn 0.2399 0.1595 -0.9576
vn -0.3287 0.8714 -0.3642
vn -0.2388 0.9610 -0.1391
vn 0.0659 0.9625 -0.2631
vn 0.4616 0.8714 -0.1663
vn 0.2762 0.9610 -0.0101
vn 0.2802 0.2611 -0.9238
vn 0.2877 0.1329 -0.9485
vn 0.3251 0.2620 -0.9086
vn 0.3326 0.1595 -0.9295
vn -0.2914 0.8714 -0.3947
vn -0.2240 0.9610 -0.1618
vn 0.0914 0.9625 -0.2553
vn 0.4756 0.8714 -0.1202
vn 0.2759 0.9610 0.0170
vn 0.3694 0.2611 -0.8918
vn 0.3793 0.1330 -0.9157
vn 0.4125 0.2626 -0.8723
vn 0.4226 0.1606 -0.8920
vn -0.2514 0.8714 -0.4213
vn -0.2071 0.9610 -0.1830
vn 0.1162 0.9625 -0.2450
vn 0.4858 0.8711 -0.0727
vn 0.2729 0.9610 0.0440
vn 0.4641 0.2532 -0.8489
vn 0.4756 0.1334 -0.8695
vn 0.4982 0.2455 -0.8316
vn 0.5134 0.1292 -0.8484
vn -0.2071 0.8709 -0.4457
vn -0.1880 0.9610 -0.2027
vn 0.1403 0.9619 -0.2345
vn 0.4902 0.8712 -0.0277
vn 0.2673 0.9611 0.0702
vn 0.5388 0.2453 -0.8059
vn 0.5521 0.1240 -0.8245
vn 0.5774 0.2456 -0.7786
vn 0.5911 0.1234 -0.7971
vn -0.1623 0.8712 -0.4634
vn -0.1672 0.9611 -0.2200
vn 0.1626 0.9620 -0.2193
vn 0.4905 0.8712 0.0208
vn 0.2591 0.9611 0.0961
vn 0.6151 0.2449 -0.7495
vn 0.6296 0.1231 -0.7671
vn 0.6510 0.2456 -0.7183
vn 0.6664 0.1234 -0.7353
vn -0.1161 0.8712 -0.4771
vn -0.1448 0.9611 -0.2354
vn 0.1834 0.9620 -0.2023
vn 0.4862 0.8712 0.0688
vn 0.2484 0.9611 0.1210
vn 0.6853 0.2453 -0.6857
vn 0.7010 0.1239 -0.7023
vn 0.7184 0.2456 -0.6508
vn 0.7320 0.1290 -0.6690
vn -0.0685 0.8712 -0.4862
vn -0.1210 0.9611 -0.2484
vn 0.2026 0.9619 -0.1834
vn 0.4775 0.8709 0.1162
vn 0.2354 0.9610 0.1448
vn 0.7420 0.2532 -0.6208
vn 0.7600 0.1332 -0.6361
vn 0.7750 0.2626 -0.5748
vn 0.7924 0.1606 -0.5885
vn -0.0235 0.8711 -0.4906
vn -0.0964 0.9610 -0.2591
vn 0.2176 0.9625 -0.1618
vn 0.4622 0.8714 0.1644
vn 0.2199 0.9610 0.1674
vn 0.8027 0.2611 -0.5363
vn 0.8241 0.1328 -0.5507
vn 0.8278 0.2620 -0.4961
vn 0.8467 0.1595 -0.5075
vn 0.0251 0.8714 -0.4900
vn -0.0705 0.9610 -0.2672
vn 0.2326 0.9625 -0.1394
vn 0.4439 0.8714 0.2088
vn 0.2024 0.9610 0.1882
vn 0.8513 0.2611 -0.4550
vn 0.8741 0.1328 -0.4672
vn 0.8724 0.2620 -0.4126
vn 0.8924 0.1595 -0.4221
vn 0.0730 0.8714 -0.4851
vn -0.0440 0.9610 -0.2729
vn 0.2451 0.9625 -0.1159
vn 0.4213 0.8714 0.2513
vn 0.1830 0.9610 0.2071
vn 0.8918 0.2611 -0.3694
vn 0.9157 0.1328 -0.3793
vn 0.9086 0.2620 -0.3251
vn 0.9295 0.1595 -0.3326
vn 0.1202 0.8714 -0.4756
vn -0.0170 0.9610 -0.2759
vn 0.2553 0.9625 -0.0914
vn 0.3947 0.8714 0.2914
vn 0.1618 0.9610 0.2240
vn 0.9238 0.2611 -0.2802
vn 0.9485 0.1329 -0.2877
vn 0.9361 0.2620 -0.2345
vn 0.9576 0.1595 -0.2399
vn 0.1663 0.8714 -0.4616
vn 0.0101 0.9610 -0.2762
vn 0.2631 0.9625 -0.0659
vn 0.3642 0.8714 0.3287
vn 0.1391 0.9610 0.2388
vn 0.9468 0.2611 -0.1883
vn 0.9721 0.1329 -0.1934
vn 0.9546 0.2620 -0.1416
vn 0.9765 0.1595 -0.1449
vn 0.2107 0.8714 -0.4430
vn 0.0371 0.9610 -0.2739
vn 0.2682 0.9625 -0.0398
vn 0.3302 0.8714 0.3628
vn 0.1150 0.9610 0.2513
vn 0.9607 0.2611 -0.0946
vn 0.9864 0.1329 -0.0971
vn 0.9639 0.2620 -0.0474
vn 0.9860 0.1595 -0.0484
vn 0.2531 0.8714 -0.4203
vn 0.0638 0.9610 -0.2689
vn 0.2709 0.9625 -0.0133
vn 0.2931 0.8714 0.3934
vn 0.0898 0.9610 0.2614
vn 0.9653 0.2611 -0.0000
vn 0.9911 0.1329 -0.0000
vn 0.9639 0.2620 0.0474
vn 0.9860 0.1595 0.0484
vn 0.2931 0.8714 -0.3934
vn 0.0898 0.9610 -0.2614
vn 0.2709 0.9625 0.0133
vn 0.2531 0.8714 0.4203
vn 0.0638 0.9610 0.2689
vn 0.9607 0.2611 0.0946
vn 0.9864 0.1329 0.0971
vn 0.9546 0.2620 0.1416
vn 0.9765 0.1595 0.1449
vn 0.3302 0.8714 -0.3628
vn 0.1150 0.9610 -0.2513
vn 0.2682 0.9625 0.0398
vn 0.2107 0.8714 0.4430
vn 0.0371 0.9610 0.2739
vn 0.9468 0.2611 0.1883
vn 0.9721 0.1330 0.1934
vn 0.9361 0.2620 0.2345
vn 0.9576 0.1595 0.2399
vn 0.3642 0.8714 -0.3287
vn 0.1391 0.9610 -0.2388
vn 0.2631 0.9625 0.0659
vn 0.1663 0.8714 0.4616
vn 0.0101 0.9610 0.2762
vn 0.9238 0.2611 0.2802
vn 0.9484 0.1330 0.2877
vn 0.9086 0.2620 0.3251
vn 0.9295 0.1595 0.3326
vn 0.3947 0.8714 -0.2914
vn 0.1618 0.9610 -0.2240
vn 0.2553 0.9625 0.0914
vn 0.1202 0.8714 0.4756
vn -0.0170 0.9610 0.2759
vn 0.8918 0.2611 0.3694
vn 0.9157 0.1329 0.3793
vn 0.8724 0.2620 0.4126
vn 0.8924 0.1595 0.4221
vn 0.4213 0.8714 -0.2513
vn 0.1830 0.9610 -0.2071
vn 0.2451 0.9625 0.1159
vn 0.0730 0.8714 0.4851
vn -0.0440 0.9610 0.2729
vn 0.8513 0.2611 0.4551
vn 0.8741 0.1328 0.4672
vn 0.8278 0.2620 0.4961
vn 0.8467 0.1595 0.5075
vn 0.4439 0.8714 -0.2088
vn 0.2024 0.9610 -0.1882
vn 0.2326 0.9625 0.1394
vn 0.0251 0.8714 0.4900
vn -0.0705 0.9610 0.2672
vn 0.8026 0.2611 0.5363
vn 0.8241 0.1328 0.5506
vn 0.7751 0.2620 0.5749
vn 0.7929 0.1595 0.5881
vn 0.4623 0.8714 -0.1643
vn 0.2199 0.9610 -0.1674
vn 0.2178 0.9625 0.1615
vn -0.0230 0.8714 0.4901
vn -0.0964 0.9610 0.2590
vn 0.7462 0.2611 0.6124
vn 0.7662 0.1328 0.6288
vn 0.7151 0.2620 0.6481
vn 0.7315 0.1595 0.6630
vn 0.4762 0.8714 -0.1182
vn 0.2353 0.9610 -0.1450
vn 0.2009 0.9625 0.1821
vn -0.0709 0.8714 0.4854
vn -0.1213 0.9610 0.2483
vn 0.6826 0.2611 0.6826
vn 0.7008 0.1329 0.7008
vn 0.6481 0.2620 0.7151
vn 0.6630 0.1595 0.7315
vn 0.4854 0.8714 -0.0709
vn 0.2483 0.9610 -0.1213
vn 0.1821 0.9625 0.2009
vn -0.1182 0.8714 0.4762
vn -0.1450 0.9610 0.2353
vn 0.6124 0.2611 0.7462
vn 0.6288 0.1330 0.7661
vn 0.5749 0.2620 0.7751
vn 0.5881 0.1595 0.7929
vn 0.4901 0.8714 -0.0230
vn 0.2590 0.9610 -0.0964
vn 0.1615 0.9625 0.2178
vn -0.1643 0.8714 0.4623
vn -0.1674 0.9610 0.2199
vn 0.5363 0.2611 0.8026
vn 0.5506 0.1329 0.8241
vn 0.4961 0.2620 0.8278
vn 0.5075 0.1595 0.8467
vn 0.4900 0.8714 0.0251
vn 0.2672 0.9610 -0.0705
vn 0.1394 0.9625 0.2326
vn -0.2088 0.8714 0.4439
vn -0.1882 0.9610 0.2024
vn 0.4550 0.2611 0.8513
vn 0.4672 0.1328 0.8741
vn 0.4126 0.2620 0.8724
vn 0.4221 0.1595 0.8924
vn 0.4851 0.8714 0.0730
vn 0.2729 0.9610 -0.0440
vn 0.1159 0.9625 0.2451
vn -0.2513 0.8714 0.4213
vn -0.2071 0.9610 0.1830
vn 0.3694 0.2611 0.8918
vn 0.3793 0.1329 0.9157
vn 0.3251 0.2620 0.9086
vn 0.3326 0.1595 0.9295
vn 0.4756 0.8714 0.1202
vn 0.2759 0.9610 -0.0170
vn 0.0914 0.9625 0.2553
vn -0.2914 0.8714 0.3947
vn -0.2240 0.9610 0.1618
vn 0.2802 0.2611 0.9238
vn 0.2877 0.1329 0.9485
vn 0.2345 0.2620 0.9361
vn 0.2399 0.1595 0.9576
vn 0.4616 0.8714 0.1663
vn 0.2762 0.9610 0.0101
vn 0.0659 0.9625 0.2631
vn -0.3287 0.8714 0.3642
vn -0.2388 0.9610 0.1391
vn 0.1883 0.2611 0.9468
vn 0.1934 0.1329 0.9721
vn 0.1416 0.2620 0.9546
vn 0.1449 0.1595 0.9765
vn 0.4430 0.8714 0.2107
vn 0.2739 0.9610 0.0371
vn 0.0398 0.9625 0.2682
vn -0.3628 0.8714 0.3302
vn -0.2513 0.9610 0.1150
vn 0.0946 0.2611 0.9607
vn 0.0971 0.1329 0.9864
vn 0.0474 0.2620 0.9639
vn 0.0484 0.1595 0.9860
vn 0.4203 0.8714 0.2531
vn 0.2689 0.9610 0.0638
vn 0.0133 0.9625 0.2709
vn -0.3934 0.8714 0.2931
vn -0.2614 0.9610 0.0898
vn -0.0000 0.2611 0.9653
vn -0.0000 0.1329 0.9911
vn -0.0474 0.2620 0.9639
vn -0.0484 0.1595 0.9860
vn 0.3934 0.8714 0.2931
vn 0.2614 0.9610 0.0898
vn -0.0133 0.9625 0.2709
vn -0.4203 0.8714 0.2531
vn -0.2689 0.9610 0.0638
vn -0.0946 0.2611 0.9607
vn -0.0971 0.1330 0.9863
vn -0.1416 0.2620 0.9546
vn -0.1449 0.1595 0.9765
vn 0.3628 0.8714 0.3302
vn 0.2513 0.9610 0.1150
vn -0.0398 0.9625 0.2682
vn -0.4430 0.8714 0.2107
vn -0.2739 0.9610 0.0371
vn -0.1883 0.2611 0.9468
vn -0.1934 0.1329 0.9721
vn -0.2345 0.2620 0.9361
vn -0.2399 0.1595 0.9576
vn 0.3287 0.8714 0.3642
vn 0.2388 0.9610 0.1391
vn -0.0659 0.9625 0.2631
vn -0.4616 0.8714 0.1663
vn -0.2762 0.9610 0.0101
vn -0.2802 0.2611 0.9238
vn -0.2877 0.1328 0.9485
vn -0.3251 0.2620 0.9086
vn -0.3326 0.1595 0.9295
vn 0.2914 0.8714 0.3947
vn 0.2240 0.9610 0.1618
vn -0.0914 0.9625 0.2553
vn -0.4756 0.8714 0.1202
vn -0.2759 0.9610 -0.0170
vn -0.3694 0.2611 0.8918
vn -0.3793 0.1328 0.9157
vn -0.4126 0.2620 0.8724
vn -0.4221 0.1595 0.8924
vn 0.2513 0.8714 0.4213
vn 0.2071 0.9610 0.1830
vn -0.1159 0.9625 0.2451
vn -0.4851 0.8714 0.0730
vn -0.2729 0.9610 -0.0440
vn -0.4550 0.2611 0.8513
vn -0.4672 0.1329 0.8741
vn -0.4961 0.2620 0.8278
vn -0.5075 0.1595 0.8467
vn 0.2088 0.8714 0.4439
vn 0.1882 0.9610 0.2024
vn -0.1394 0.9625 0.2326
vn -0.4900 0.8714 0.0251
vn -0.2672 0.9610 -0.0705
vn -0.5363 0.2611 0.8026
vn -0.5506 0.1329 0.8241
vn -0.5749 0.2620 0.7751
vn -0.5881 0.1595 0.7929
vn 0.1643 0.8714 0.4623
vn 0.1674 0.9610 0.2199
vn -0.1615 0.9625 0.2178
vn -0.4901 0.8714 -0.0230
vn -0.2590 0.9610 -0.0964
vn -0.6124 0.2611 0.7462
vn -0.6288 0.1328 0.7662
vn -0.6481 0.2620 0.7151
vn -0.6630 0.1595 0.7315
vn 0.1182 0.8714 0.4762
vn 0.1450 0.9610 0.2353
vn -0.1821 0.9625 0.2009
vn -0.4854 0.8714 -0.0709
vn -0.2483 0.9610 -0.1213
vn -0.6826 0.2611 0.6826
vn -0.7008 0.1328 0.7008
vn -0.7151 0.2620 0.6481
vn -0.7315 0.1595 0.6630
vn 0.0709 0.8714 0.4854
vn 0.1213 0.9610 0.2483
vn -0.2009 0.9625 0.1821
vn -0.4762 0.8714 -0.1182
vn -0.2353 0.9610 -0.1450
vn -0.7462 0.2611 0.6124
vn -0.7662 0.1328 0.6288
vn -0.7751 0.2620 0.5749
vn -0.7929 0.1595 0.5881
vn 0.0230 0.8714 0.4901
vn 0.0964 0.9610 0.2590
vn -0.2178 0.9625 0.1615
vn -0.4623 0.8714 -0.1643
vn -0.2199 0.9610 -0.1674
vn -0.8026 0.2611 0.5363
vn -0.8241 0.1328 0.5506
vn -0.8278 0.2620 0.4961
vn -0.8467 0.1595 0.5075
vn -0.0251 0.8714 0.4900
vn 0.0705 0.9610 0.2672
vn -0.2326 0.9625 0.1394
vn -0.4439 0.8714 -0.2088
vn -0.2024 0.9610 -0.1882
vn -0.8513 0.2611 0.4550
vn -0.8741 0.1328 0.4672
vn -0.8724 0.2620 0.4126
vn -0.8924 0.1595 0.4221
vn -0.0730 0.8714 0.4851
vn 0.0440 0.9610 0.2729
vn -0.2451 0.9625 0.1159
vn -0.4213 0.8714 -0.2513
vn -0.1830 0.9610 -0.2071
vn -0.8918 0.2611 0.3694
vn -0.9157 0.1328 0.3793
vn -0.9086 0.2620 0.3251
vn -0.9295 0.1595 0.3326
vn -0.1202 0.8714 0.4756
vn 0.0170 0.9610 0.2759
vn -0.2553 0.9625 0.0914
vn -0.3947 0.8714 -0.2914
vn -0.1618 0.9610 -0.2240
vn -0.9238 0.2611 0.2802
vn -0.9485 0.1328 0.2877
vn -0.9361 0.2620 0.2345
vn -0.9576 0.1595 0.2399
vn -0.1663 0.8714 0.4616
vn -0.0101 0.9610 0.2762
vn -0.2631 0.9625 0.0659
vn -0.3642 0.8714 -0.3287
vn -0.1391 0.9610 -0.2388
vn -0.9468 0.2611 0.1883
vn -0.9721 0.1329 0.1934
vn -0.9546 0.2620 0.1416
vn -0.9765 0.1595 0.1449
vn -0.2107 0.8714 0.4430
vn -0.0371 0.9610 0.2739
vn -0.2682 0.9625 0.0398
vn -0.3302 0.8714 -0.3628
vn -0.1150 0.9610 -0.2513
vn -0.9607 0.2611 0.0946
vn -0.9863 0.1330 0.0971
vn -0.9639 0.2620 0.0474
vn -0.9860 0.1595 0.0484
vn -0.2531 0.8714 0.4203
vn -0.0638 0.9610 0.2689
vn -0.2709 0.9625 0.0133
vn -0.2931 0.8714 -0.3934
vn -0.0898 0.9610 -0.2614
vn -0.9653 0.2611 -0.0000
vn -0.9911 0.1330 -0.0000
vn -0.9639 0.2620 -0.0474
vn -0.9860 0.1595 -0.0484
vn -0.2931 0.8714 0.3934
vn -0.0898 0.9610 0.2614
vn -0.2709 0.9625 -0.0133
vn -0.2531 0.8714 -0.4203
vn -0.0638 0.9610 -0.2689
vn -0.9607 0.2611 -0.0946
vn -0.9863 0.1330 -0.0971
vn -0.9546 0.2620 -0.1416
vn -0.9765 0.1595 -0.1449
vn -0.3302 0.8714 0.3628
vn -0.1150 0.9610 0.2513
vn -0.2682 0.9625 -0.0398
vn -0.2107 0.8714 -0.4430
vn -0.0371 0.9610 -0.2739
vn -0.9468 0.2611 -0.1883
vn -0.9721 0.1330 -0.1934
vn -0.9361 0.2620 -0.2345
vn -0.9576 0.1595 -0.2399
vn -0.3642 0.8714 0.3287
vn -0.1391 0.9610 0.2388
vn -0.2631 0.9625 -0.0659
vn -0.1663 0.8714 -0.4616
vn -0.0101 0.9610 -0.2762
vn -0.9238 0.2611 -0.2802
vn -0.9484 0.1330 -0.2877
vn -0.9086 0.2620 -0.3251
vn -0.9295 0.1595 -0.3326
vn -0.3947 0.8714 0.2914
vn -0.1618 0.9610 0.2240
vn -0.2553 0.9625 -0.0914
vn -0.1202 0.8714 -0.4756
vn 0.0170 0.9610 -0.2759
vn -0.8918 0.2611 -0.3694
vn -0.9157 0.1330 -0.3793
vn -0.8724 0.2620 -0.4126
vn -0.8924 0.1595 -0.4221
vn -0.4213 0.8714 0.2513
vn -0.1830 0.9610 0.2071
vn -0.2451 0.9625 -0.1159
vn -0.0730 0.8714 -0.4851
vn 0.0440 0.9610 -0.2729
vn -0.8513 0.2611 -0.4551
vn -0.8741 0.1329 -0.4672
vn -0.8278 0.2620 -0.4961
vn -0.8467 0.1595 -0.5075
vn -0.4439 0.8714 0.2088
vn -0.2024 0.9610 0.1882
vn -0.2326 0.9625 -0.1394
vn -0.0251 0.8714 -0.4900
vn 0.0705 0.9610 -0.2672
vn -0.8026 0.2611 -0.5363
vn -0.8241 0.1328 -0.5506
vn -0.7751 0.2620 -0.5749
vn -0.7929 0.1595 -0.5881
vn -0.4623 0.8714 0.1643
vn -0.2199 0.9610 0.1674
vn -0.2178 0.9625 -0.1615
vn 0.0230 0.8714 -0.4901
vn 0.0964 0.9610 -0.2590
vn -0.7462 0.2611 -0.6124
vn -0.7662 0.1329 -0.6288
vn -0.7151 0.2620 -0.6481
vn -0.7315 0.1595 -0.6630
vn -0.4762 0.8714 0.1182
vn -0.2353 0.9610 0.1450
vn -0.2009 0.9625 -0.1821
vn 0.0709 0.8714 -0.4854
vn 0.1213 0.9610 -0.2483
vn -0.6826 0.2611 -0.6826
vn -0.7008 0.1329 -0.7008
vn -0.6481 0.2620 -0.7151
vn -0.6630 0.1595 -0.7315
vn -0.4854 0.8714 0.0709
vn -0.2483 0.9610 0.1213
vn -0.1821 0.9625 -0.2009
vn 0.1182 0.8714 -0.4762
vn 0.1450 0.9610 -0.2353
vn -0.6124 0.2611 -0.7462
vn -0.6288 0.1328 -0.7662
vn -0.5749 0.2620 -0.7751
vn -0.5881 0.1595 -0.7929
vn -0.4901 0.8714 0.0230
vn -0.2590 0.9610 0.0964
vn -0.1615 0.9625 -0.2178
vn 0.1643 0.8714 -0.4623
vn 0.1674 0.9610 -0.2199
vn -0.5363 0.2611 -0.8026
vn -0.5506 0.1328 -0.8241
vn -0.4961 0.2626 -0.8276
vn -0.5069 0.1606 -0.8469
vn -0.4900 0.8714 -0.0250
vn -0.2672 0.9610 0.0705
vn -0.1391 0.9625 -0.2327
vn 0.2094 0.8711 -0.4443
vn 0.1882 0.9610 -0.2025
vn -0.4482 0.2535 -0.8572
vn -0.4593 0.1337 -0.8782
vn -0.4145 0.2455 -0.8763
vn -0.4237 0.1340 -0.8958
vn -0.4856 0.8709 -0.0757
vn -0.2729 0.9610 0.0437
vn -0.1169 0.9619 -0.2473
vn 0.2496 0.8709 -0.4234
vn 0.2069 0.9610 -0.1833
vn -0.3783 0.2535 -0.8903
vn -0.3874 0.1337 -0.9122
vn -0.3250 0.2626 -0.9085
vn -0.3331 0.1606 -0.9291
vn -0.4763 0.8711 -0.1200
vn -0.2759 0.9610 0.0170
vn -0.0916 0.9625 -0.2552
vn 0.2915 0.8714 -0.3946
vn 0.2240 0.9610 -0.1618
vn -0.2802 0.2611 -0.9238
vn -0.2878 0.1328 -0.9484
vn -0.2345 0.2620 -0.9361
vn -0.2399 0.1595 -0.9576
vn -0.4616 0.8714 -0.1663
vn -0.2762 0.9610 -0.0101
vn -0.0659 0.9625 -0.2631
vn 0.3287 0.8714 -0.3642
vn 0.2388 0.9610 -0.1391
vn -0.1883 0.2611 -0.9468
vn -0.1934 0.1328 -0.9721
vn -0.0000 1.0000 -0.0000
vn -0.1416 0.2620 -0.9546
vn -0.1449 0.1595 -0.9765
vn -0.4430 0.8714 -0.2107
vn -0.2739 0.9610 -0.0371
vn -0.0398 0.9625 -0.2682
vn 0.3628 0.8714 -0.3302
vn 0.2513 0.9610 -0.1150
vn -0.0946 0.2611 -0.9607
vn -0.0971 0.1328 -0.9864
vn -0.0474 0.2620 -0.9639
vn -0.0484 0.1595 -0.9860
vn -0.4203 0.8714 -0.2531
vn -0.2689 0.9610 -0.0638
vn -0.0133 0.9625 -0.2709
vn 0.3934 0.8714 -0.2931
vn 0.2614 0.9610 -0.0898
vn -0.0000 -1.0000 -0.0000
vn -0.0000 -1.0000 0.0004
vn -0.0107 -0.9949 -0.1000
vn -0.0138 -0.9937 -0.1113
vn -0.0005 -1.0000 0.0006
vn -0.0232 -0.9766 -0.2138
vn -0.0135 -0.9793 -0.2019
vn 0.0274 -0.9811 -0.1916
vn 0.0113 -0.9969 -0.0777
vn 0.0001 -1.0000 0.0004
vn -0.0506 -0.0040 -0.9987
vn -0.0513 -0.0001 -0.9987
vn -0.0491 -0.0000 -0.9988
vn -0.0492 -0.0037 -0.9988
vn -0.0505 0.0035 -0.9987
vn -0.0491 0.0035 -0.9988
vn -0.0477 0.0035 -0.9989
vn -0.0471 0.0003 -0.9989
vn -0.0479 -0.0032 -0.9988
vn -0.0193 -0.9951 -0.0971
vn -0.0167 -0.9935 -0.1129
vn -0.0000 -1.0000 0.0003
vn -0.0410 -0.9777 -0.2060
vn -0.0305 -0.9781 -0.2057
vn -0.1482 -0.0042 -0.9889
vn -0.1489 -0.0001 -0.9888
vn -0.1467 -0.0000 -0.9892
vn -0.1467 -0.0042 -0.9892
vn -0.1482 0.0035 -0.9890
vn -0.1467 0.0035 -0.9892
vn -0.1453 0.0035 -0.9894
vn -0.1445 -0.0001 -0.9895
vn -0.1452 -0.0042 -0.9894
vn -0.0294 -0.9950 -0.0958
vn -0.0277 -0.9935 -0.1107
vn 0.0001 -1.0000 0.0003
vn -0.0624 -0.9772 -0.2031
vn -0.0505 -0.9781 -0.2017
vn -0.2445 -0.0042 -0.9697
vn -0.2451 -0.0001 -0.9695
vn -0.2430 -0.0000 -0.9700
vn -0.2430 -0.0042 -0.9700
vn -0.2444 0.0035 -0.9697
vn -0.2430 0.0035 -0.9700
vn -0.2416 0.0035 -0.9704
vn -0.2408 -0.0001 -0.9706
vn -0.2415 -0.0042 -0.9704
vn -0.0001 -1.0000 0.0001
vn -0.0835 -0.9827 -0.1650
vn -0.0508 -0.9912 -0.1219
vn -0.0023 -1.0000 0.0004
vn -0.1731 -0.9225 -0.3450
vn -0.0901 -0.9709 -0.2219
vn -0.3408 -0.0071 -0.9401
vn -0.3439 -0.0001 -0.9390
vn -0.3369 -0.0000 -0.9415
vn -0.3373 -0.0059 -0.9414
vn -0.3408 0.0058 -0.9401
vn -0.3373 0.0048 -0.9414
vn -0.3355 0.0037 -0.9420
vn -0.3348 -0.0001 -0.9423
vn -0.3355 -0.0045 -0.9420
vn 0.0001 -1.0000 -0.0000
vn -0.0746 -0.9827 -0.1693
vn -0.1186 -0.9608 -0.2508
vn -0.0017 -1.0000 -0.0036
vn -0.1569 -0.9225 -0.3526
vn -0.2104 -0.8705 -0.4450
vn -0.4507 -0.0469 -0.8915
vn -0.4448 -0.0047 -0.8956
vn -0.4276 -0.0045 -0.9040
vn -0.4274 -0.0264 -0.9037
vn -0.4102 -0.0047 -0.9120
vn -0.4032 -0.0469 -0.9139
vn 0.0002 -1.0000 0.0003
vn -0.0554 -0.9950 -0.0835
vn -0.0620 -0.9912 -0.1166
vn 0.0018 -1.0000 -0.0016
vn -0.1174 -0.9772 -0.1770
vn -0.1144 -0.9709 -0.2105
vn -0.5154 -0.0045 -0.8569
vn -0.5160 -0.0001 -0.8566
vn -0.5141 -0.0000 -0.8577
vn -0.5137 -0.0059 -0.8579
vn -0.5153 0.0037 -0.8570
vn -0.5137 0.0048 -0.8579
vn -0.5106 0.0058 -0.8598
vn -0.5077 -0.0001 -0.8615
vn -0.5105 -0.0071 -0.8598
vn 0.0003 -1.0000 0.0003
vn -0.0631 -0.9949 -0.0783
vn -0.0680 -0.9935 -0.0917
vn 0.0002 -1.0000 0.0002
vn -0.1347 -0.9766 -0.1676
vn -0.1239 -0.9781 -0.1670
vn -0.5969 -0.0042 -0.8023
vn -0.5975 -0.0001 -0.8019
vn -0.5957 -0.0000 -0.8032
vn -0.5957 -0.0042 -0.8032
vn -0.5969 0.0035 -0.8023
vn -0.5957 0.0035 -0.8032
vn -0.5945 0.0035 -0.8041
vn -0.5939 -0.0001 -0.8045
vn -0.5945 -0.0042 -0.8041
vn -0.0629 -0.9969 -0.0470
vn -0.0690 -0.9937 -0.0884
vn 0.0008 -1.0000 0.0001
vn -0.1549 -0.9811 -0.1161
vn -0.1332 -0.9793 -0.1523
vn -0.6724 -0.0032 -0.7402
vn -0.6730 0.0003 -0.7397
vn -0.6716 -0.0000 -0.7410
vn -0.6715 -0.0037 -0.7410
vn -0.6726 0.0035 -0.7400
vn -0.6716 0.0035 -0.7409
vn -0.6705 0.0035 -0.7419
vn -0.6699 -0.0001 -0.7424
vn -0.6704 -0.0040 -0.7420
vn 0.7410 -0.0002 0.6716
vn 0.7410 -0.0000 0.6716
vn 0.7410 -0.0003 0.6716
vn 0.7410 0.0002 0.6716
vn 0.7410 -0.0001 0.6716
vn 0.7409 -0.0004 0.6716
vn -0.7417 -0.0030 -0.6707
vn -0.7422 0.0003 -0.6701
vn -0.7410 -0.0000 -0.6716
vn -0.7409 -0.0031 -0.6716
vn -0.7419 0.0035 -0.6705
vn -0.7409 0.0035 -0.6716
vn -0.7400 0.0035 -0.6726
vn -0.7397 0.0003 -0.6730
vn -0.7402 -0.0030 -0.6724
vn 0.0004 -1.0000 0.0002
vn -0.0849 -0.9948 -0.0567
vn -0.0948 -0.9937 -0.0600
vn 0.0002 -1.0000 0.0007
vn -0.1829 -0.9755 -0.1222
vn -0.1646 -0.9793 -0.1177
vn -0.1308 -0.9811 -0.1427
vn -0.0529 -0.9969 -0.0580
vn 0.0004 -1.0000 0.0001
vn -0.8041 -0.0040 -0.5945
vn -0.8045 -0.0001 -0.5939
vn -0.8032 -0.0000 -0.5957
vn -0.8033 -0.0037 -0.5956
vn -0.8041 0.0035 -0.5945
vn -0.8032 0.0035 -0.5957
vn -0.8024 0.0035 -0.5968
vn -0.8021 0.0003 -0.5972
vn -0.8025 -0.0032 -0.5966
vn -0.0739 -0.9969 -0.0267
vn -0.0917 -0.9937 -0.0646
vn 0.0008 -1.0000 -0.0001
vn -0.1819 -0.9811 -0.0662
vn -0.1717 -0.9793 -0.1070
vn -0.8583 -0.0032 -0.5131
vn -0.8587 0.0003 -0.5124
vn -0.8577 -0.0000 -0.5141
vn -0.8577 -0.0037 -0.5142
vn -0.8584 0.0035 -0.5129
vn -0.8577 0.0035 -0.5141
vn -0.8570 0.0035 -0.5154
vn -0.8566 -0.0001 -0.5160
vn -0.8569 -0.0040 -0.5154
vn 0.9040 0.0003 0.4276
vn 0.9040 -0.0001 0.4276
vn 0.9040 -0.0000 0.4276
vn 0.9040 0.0002 0.4276
vn 0.9040 -0.0005 0.4276
vn 0.9040 -0.0002 0.4276
vn 0.9040 0.0001 0.4276
vn -0.9044 -0.0024 -0.4267
vn -0.9047 0.0005 -0.4260
vn -0.9040 -0.0000 -0.4276
vn -0.9040 -0.0027 -0.4276
vn -0.9046 0.0035 -0.4263
vn -0.9040 0.0035 -0.4276
vn -0.9034 0.0035 -0.4288
vn -0.9032 0.0003 -0.4293
vn -0.9035 -0.0029 -0.4286
vn 0.9415 0.0002 0.3369
vn 0.9415 0.0001 0.3369
vn 0.9415 -0.0000 0.3369
vn -0.9419 -0.0023 -0.3360
vn -0.9421 0.0005 -0.3353
vn -0.9415 -0.0000 -0.3369
vn -0.9415 -0.0024 -0.3369
vn -0.9420 0.0035 -0.3356
vn -0.9415 0.0035 -0.3369
vn -0.9411 0.0035 -0.3382
vn -0.9410 0.0005 -0.3385
vn -0.9412 -0.0023 -0.3378
vn 0.9700 0.0001 0.2430
vn 0.9700 -0.0001 0.2430
vn 0.9700 0.0003 0.2430
vn 0.9700 0.0004 0.2430
vn 0.9700 -0.0002 0.2430
vn -0.9703 -0.0023 -0.2421
vn -0.9704 0.0005 -0.2413
vn -0.9700 -0.0000 -0.2430
vn -0.9700 -0.0023 -0.2430
vn -0.9704 0.0035 -0.2416
vn -0.9700 0.0035 -0.2430
vn -0.9697 0.0035 -0.2443
vn -0.9696 0.0005 -0.2447
vn -0.9698 -0.0023 -0.2439
vn 0.9892 0.0002 0.1467
vn 0.9892 0.0001 0.1467
vn 0.9892 -0.0000 0.1467
vn 0.9892 0.0003 0.1467
vn 0.9892 -0.0003 0.1467
vn 0.9892 -0.0006 0.1467
vn 0.9892 -0.0001 0.1467
vn 0.9892 0.0004 0.1467
vn -0.9893 -0.0023 -0.1458
vn -0.9894 0.0005 -0.1450
vn -0.9892 -0.0000 -0.1467
vn -0.9892 -0.0023 -0.1467
vn -0.9894 0.0035 -0.1454
vn -0.9892 0.0035 -0.1467
vn -0.9890 0.0035 -0.1481
vn -0.9889 0.0005 -0.1484
vn -0.9890 -0.0023 -0.1476
vn 0.9988 0.0003 0.0491
vn 0.9988 -0.0000 0.0491
vn 0.9988 0.0002 0.0491
vn 0.9988 -0.0003 0.0491
vn 0.9988 -0.0002 0.0491
vn 0.9988 -0.0001 0.0491
vn 0.9988 0.0001 0.0491
vn -0.9988 -0.0023 -0.0481
vn -0.9989 0.0005 -0.0473
vn -0.9988 -0.0000 -0.0491
vn -0.9988 -0.0023 -0.0491
vn -0.9989 0.0035 -0.0477
vn -0.9988 0.0035 -0.0491
vn -0.9987 0.0035 -0.0504
vn -0.9987 0.0005 -0.0508
vn -0.9987 -0.0023 -0.0500
vn 0.9988 -0.0001 -0.0491
vn 0.9988 -0.0000 -0.0491
vn 0.9988 0.0001 -0.0491
vn 0.9988 -0.0003 -0.0491
vn 0.9988 0.0003 -0.0491
vn -0.9987 -0.0023 0.0500
vn -0.9987 0.0005 0.0508
vn -0.9988 -0.0000 0.0491
vn -0.9988 -0.0023 0.0491
vn -0.9987 0.0035 0.0504
vn -0.9988 0.0035 0.0491
vn -0.9989 0.0035 0.0477
vn -0.9989 0.0005 0.0473
vn -0.9988 -0.0023 0.0481
vn 0.9892 -0.0000 -0.1467
vn 0.9892 -0.0002 -0.1467
vn 0.9892 0.0002 -0.1467
vn 0.9892 0.0004 -0.1467
vn 0.9892 -0.0004 -0.1467
vn -0.9890 -0.0029 0.1479
vn -0.9889 0.0003 0.1486
vn -0.9892 -0.0000 0.1467
vn -0.9892 -0.0027 0.1468
vn -0.9890 0.0035 0.1481
vn -0.9892 0.0035 0.1467
vn -0.9894 0.0035 0.1454
vn -0.9894 0.0005 0.1450
vn -0.9893 -0.0024 0.1458
vn 0.0004 -1.0000 -0.0001
vn -0.0960 -0.9949 0.0300
vn -0.1065 -0.9937 0.0352
vn 0.0007 -1.0000 0.0003
vn -0.2051 -0.9766 0.0645
vn -0.1954 -0.9793 0.0526
vn -0.1933 -0.9811 0.0105
vn -0.0784 -0.9969 0.0041
vn 0.0003 -1.0000 -0.0002
vn -0.9697 -0.0040 0.2445
vn -0.9695 -0.0001 0.2451
vn -0.9700 -0.0000 0.2430
vn -0.9700 -0.0037 0.2431
vn -0.9697 0.0035 0.2444
vn -0.9700 0.0035 0.2430
vn -0.9704 0.0035 0.2416
vn -0.9705 0.0003 0.2411
vn -0.9703 -0.0032 0.2419
vn 0.0004 -1.0000 -0.0002
vn -0.0915 -0.9951 0.0379
vn -0.1075 -0.9935 0.0385
vn 0.0003 -1.0000 -0.0001
vn -0.1941 -0.9777 0.0804
vn -0.1958 -0.9781 0.0701
vn -0.9410 -0.0042 0.3383
vn -0.9408 -0.0001 0.3390
vn -0.9415 -0.0000 0.3369
vn -0.9415 -0.0042 0.3369
vn -0.9410 0.0035 0.3383
vn -0.9415 0.0035 0.3369
vn -0.9420 0.0035 0.3355
vn -0.9423 -0.0001 0.3348
vn -0.9420 -0.0042 0.3355
vn -0.0874 -0.9951 0.0467
vn -0.1032 -0.9935 0.0488
vn 0.0002 -1.0000 -0.0001
vn -0.1853 -0.9777 0.0990
vn -0.1880 -0.9781 0.0889
vn -0.9033 -0.0042 0.4289
vn -0.9030 -0.0001 0.4296
vn -0.9040 -0.0000 0.4276
vn -0.9040 -0.0042 0.4276
vn -0.9034 0.0035 0.4289
vn -0.9040 0.0035 0.4276
vn -0.9046 0.0035 0.4262
vn -0.9049 -0.0001 0.4255
vn -0.9046 -0.0042 0.4262
vn -0.0824 -0.9951 0.0550
vn -0.0979 -0.9935 0.0587
vn -0.1747 -0.9777 0.1167
vn -0.1784 -0.9781 0.1069
vn -0.8569 -0.0042 0.5154
vn -0.8566 -0.0001 0.5160
vn -0.8577 -0.0000 0.5141
vn -0.8577 -0.0042 0.5141
vn -0.8570 0.0035 0.5154
vn -0.8577 0.0035 0.5141
vn -0.8585 0.0035 0.5128
vn -0.8589 -0.0001 0.5122
vn -0.8585 -0.0042 0.5128
vn 0.0003 -1.0000 -0.0003
vn -0.0766 -0.9951 0.0628
vn -0.0917 -0.9935 0.0680
vn 0.0002 -1.0000 -0.0002
vn -0.1624 -0.9777 0.1333
vn -0.1670 -0.9781 0.1239
vn -0.8023 -0.0042 0.5969
vn -0.8019 -0.0001 0.5975
vn -0.8032 -0.0000 0.5957
vn -0.8032 -0.0042 0.5957
vn -0.8023 0.0035 0.5969
vn -0.8032 0.0035 0.5957
vn -0.8041 0.0035 0.5945
vn -0.8045 -0.0001 0.5939
vn -0.8041 -0.0042 0.5945
vn -0.0700 -0.9951 0.0700
vn -0.0846 -0.9935 0.0767
vn -0.1485 -0.9777 0.1485
vn -0.1541 -0.9781 0.1397
vn -0.7399 -0.0042 0.6727
vn -0.7394 -0.0001 0.6732
vn -0.7410 -0.0000 0.6716
vn -0.7409 -0.0042 0.6716
vn -0.7400 0.0035 0.6726
vn -0.7409 0.0035 0.6716
vn -0.7419 0.0035 0.6705
vn -0.7424 -0.0001 0.6699
vn -0.7420 -0.0042 0.6704
vn -0.0645 -0.9949 0.0772
vn -0.0767 -0.9935 0.0846
vn -0.1381 -0.9766 0.1648
vn -0.1397 -0.9781 0.1541
vn -0.6704 -0.0042 0.7420
vn -0.6699 -0.0001 0.7424
vn -0.6716 -0.0000 0.7410
vn -0.6716 -0.0042 0.7409
vn -0.6705 0.0035 0.7419
vn -0.6716 0.0035 0.7409
vn -0.6726 0.0035 0.7400
vn -0.6732 -0.0001 0.7394
vn -0.6727 -0.0042 0.7399
vn -0.0338 -0.9969 0.0709
vn -0.0733 -0.9937 0.0849
vn -0.0000 -1.0000 -0.0008
vn -0.0837 -0.9811 0.1746
vn -0.1234 -0.9793 0.1604
vn -0.5948 -0.0032 0.8039
vn -0.5941 0.0003 0.8044
vn -0.5957 -0.0000 0.8032
vn -0.5958 -0.0037 0.8031
vn -0.5946 0.0035 0.8040
vn -0.5957 0.0035 0.8032
vn -0.5969 0.0035 0.8023
vn -0.5975 -0.0001 0.8019
vn -0.5969 -0.0040 0.8023
vn 0.5141 -0.0000 -0.8577
vn 0.5141 0.0002 -0.8577
vn 0.5141 0.0001 -0.8577
vn 0.5141 0.0004 -0.8577
vn 0.5141 -0.0004 -0.8577
vn -0.5131 -0.0030 0.8583
vn -0.5124 0.0003 0.8587
vn -0.5141 -0.0000 0.8577
vn -0.5141 -0.0031 0.8577
vn -0.5129 0.0035 0.8585
vn -0.5141 0.0035 0.8577
vn -0.5153 0.0035 0.8570
vn -0.5158 0.0003 0.8567
vn -0.5151 -0.0030 0.8571
vn 0.0002 -1.0000 -0.0004
vn -0.0377 -0.9949 0.0932
vn -0.0403 -0.9937 0.1047
vn 0.0007 -1.0000 -0.0003
vn -0.0803 -0.9766 0.1995
vn -0.0833 -0.9793 0.1844
vn -0.1145 -0.9811 0.1561
vn -0.0466 -0.9969 0.0632
vn -0.0000 -1.0000 -0.0004
vn -0.4262 -0.0040 0.9046
vn -0.4255 -0.0001 0.9049
vn -0.4276 -0.0000 0.9040
vn -0.4274 -0.0037 0.9040
vn -0.4262 0.0035 0.9046
vn -0.4276 0.0035 0.9040
vn -0.4288 0.0035 0.9034
vn -0.4293 0.0003 0.9032
vn -0.4286 -0.0032 0.9035
vn 0.0001 -1.0000 -0.0004
vn -0.0300 -0.9949 0.0960
vn -0.0385 -0.9935 0.1075
vn 0.0001 -1.0000 -0.0003
vn -0.0645 -0.9766 0.2051
vn -0.0701 -0.9781 0.1958
vn -0.3355 -0.0042 0.9420
vn -0.3348 -0.0001 0.9423
vn -0.3369 -0.0000 0.9415
vn -0.3369 -0.0042 0.9415
vn -0.3355 0.0035 0.9420
vn -0.3369 0.0035 0.9415
vn -0.3383 0.0035 0.9410
vn -0.3390 -0.0001 0.9408
vn -0.3383 -0.0042 0.9410
vn 0.0002 -1.0000 -0.0003
vn -0.0041 -0.9969 0.0784
vn -0.0352 -0.9937 0.1065
vn -0.0003 -1.0000 -0.0007
vn -0.0105 -0.9811 0.1933
vn -0.0526 -0.9793 0.1954
vn -0.2419 -0.0032 0.9703
vn -0.2411 0.0003 0.9705
vn -0.2430 -0.0000 0.9700
vn -0.2431 -0.0037 0.9700
vn -0.2416 0.0035 0.9704
vn -0.2430 0.0035 0.9700
vn -0.2444 0.0035 0.9697
vn -0.2451 -0.0001 0.9695
vn -0.2445 -0.0040 0.9697
vn 0.1467 0.0004 -0.9892
vn 0.1467 -0.0000 -0.9892
vn 0.1467 0.0006 -0.9892
vn 0.1467 -0.0004 -0.9892
vn 0.1467 -0.0006 -0.9892
vn 0.1467 -0.0008 -0.9892
vn 0.1467 0.0008 -0.9892
vn -0.1458 -0.0024 0.9893
vn -0.1450 0.0005 0.9894
vn -0.1467 -0.0000 0.9892
vn -0.1468 -0.0027 0.9892
vn -0.1454 0.0035 0.9894
vn -0.1467 0.0035 0.9892
vn -0.1481 0.0035 0.9890
vn -0.1486 0.0003 0.9889
vn -0.1479 -0.0029 0.9890
vn 0.0491 0.0004 -0.9988
vn 0.0491 -0.0000 -0.9988
vn 0.0491 0.0002 -0.9988
vn 0.0491 -0.0004 -0.9988
vn 0.0491 -0.0002 -0.9988
vn 0.0491 0.0001 -0.9988
vn 0.0491 -0.0001 -0.9988
vn -0.0479 -0.0029 0.9988
vn -0.0471 0.0003 0.9989
vn -0.0491 -0.0000 0.9988
vn -0.0490 -0.0027 0.9988
vn -0.0477 0.0035 0.9989
vn -0.0491 0.0035 0.9988
vn -0.0504 0.0035 0.9987
vn -0.0508 0.0005 0.9987
vn -0.0500 -0.0024 0.9987
vn 0.0205 -0.9967 0.0780
vn 0.0052 -0.9943 0.1064
vn -0.0000 -1.0000 -0.0009
vn 0.0508 -0.9795 0.1947
vn 0.0097 -0.9804 0.1969
vn -0.0314 -0.9795 0.1987
vn -0.0128 -0.9967 0.0797
vn -0.0001 -1.0000 -0.0004
vn 0.0502 -0.0030 0.9987
vn 0.0510 0.0003 0.9987
vn 0.0491 -0.0000 0.9988
vn 0.0491 -0.0031 0.9988
vn 0.0505 0.0035 0.9987
vn 0.0491 0.0035 0.9988
vn 0.0477 0.0035 0.9989
vn 0.0471 0.0003 0.9989
vn 0.0479 -0.0030 0.9988
vn -0.1467 0.0004 -0.9892
vn -0.1467 0.0001 -0.9892
vn -0.1467 -0.0004 -0.9892
vn -0.1467 -0.0001 -0.9892
vn -0.1467 0.0002 -0.9892
vn -0.1467 -0.0002 -0.9892
vn 0.1479 -0.0030 0.9890
vn 0.1486 0.0003 0.9889
vn 0.1467 -0.0000 0.9892
vn 0.1467 -0.0031 0.9892
vn 0.1481 0.0035 0.9890
vn 0.1467 0.0035 0.9892
vn 0.1453 0.0035 0.9894
vn 0.1448 0.0003 0.9895
vn 0.1456 -0.0030 0.9893
vn 0.0354 -0.9967 0.0725
vn 0.0259 -0.9943 0.1033
vn -0.0002 -1.0000 -0.0009
vn 0.0878 -0.9795 0.1811
vn 0.0479 -0.9804 0.1912
vn 0.0079 -0.9795 0.2011
vn 0.0030 -0.9967 0.0806
vn -0.0002 -1.0000 -0.0003
vn 0.2441 -0.0030 0.9697
vn 0.2448 0.0003 0.9696
vn 0.2430 -0.0000 0.9700
vn 0.2430 -0.0031 0.9700
vn 0.2443 0.0035 0.9697
vn 0.2430 0.0035 0.9700
vn 0.2416 0.0035 0.9704
vn 0.2411 0.0003 0.9705
vn 0.2419 -0.0030 0.9703
vn -0.3369 -0.0000 -0.9416
vn -0.3369 0.0001 -0.9415
vn -0.3369 0.0002 -0.9415
vn -0.3369 -0.0001 -0.9415
vn -0.3369 0.0004 -0.9415
vn 0.3380 -0.0030 0.9411
vn 0.3387 0.0003 0.9409
vn 0.3369 -0.0000 0.9415
vn 0.3369 -0.0031 0.9415
vn 0.3382 0.0035 0.9411
vn 0.3369 0.0035 0.9415
vn 0.3356 0.0035 0.9420
vn 0.3351 0.0003 0.9422
vn 0.3358 -0.0030 0.9419
vn -0.0002 -1.0000 -0.0004
vn 0.0481 -0.9948 0.0900
vn 0.0553 -0.9937 0.0976
vn 0.0002 -1.0000 -0.0007
vn 0.1037 -0.9755 0.1940
vn 0.0897 -0.9793 0.1814
vn 0.0480 -0.9811 0.1875
vn 0.0193 -0.9969 0.0761
vn -0.0003 -1.0000 -0.0003
vn 0.4289 -0.0040 0.9033
vn 0.4296 -0.0001 0.9030
vn 0.4276 -0.0000 0.9040
vn 0.4277 -0.0037 0.9039
vn 0.4289 0.0035 0.9034
vn 0.4276 0.0035 0.9040
vn 0.4263 0.0035 0.9046
vn 0.4258 0.0003 0.9048
vn 0.4265 -0.0032 0.9045
vn 0.0526 -0.9969 0.0584
vn 0.0504 -0.9937 0.1002
vn -0.0007 -1.0000 -0.0003
vn 0.1292 -0.9811 0.1441
vn 0.1010 -0.9793 0.1754
vn 0.5151 -0.0032 0.8571
vn 0.5158 0.0003 0.8567
vn 0.5141 -0.0000 0.8577
vn 0.5140 -0.0037 0.8578
vn 0.5153 0.0035 0.8570
vn 0.5141 0.0035 0.8577
vn 0.5128 0.0035 0.8585
vn 0.5122 -0.0001 0.8589
vn 0.5128 -0.0040 0.8585
vn -0.5957 -0.0001 -0.8032
vn -0.5957 0.0003 -0.8032
vn -0.5957 -0.0004 -0.8032
vn -0.5957 -0.0006 -0.8032
vn -0.5957 0.0006 -0.8032
vn 0.5964 -0.0024 0.8027
vn 0.5971 0.0005 0.8022
vn 0.5957 -0.0000 0.8032
vn 0.5956 -0.0027 0.8033
vn 0.5968 0.0035 0.8024
vn 0.5957 0.0035 0.8032
vn 0.5946 0.0035 0.8040
vn 0.5941 0.0003 0.8044
vn 0.5948 -0.0029 0.8039
vn -0.6715 -0.0003 -0.7410
vn -0.6716 -0.0001 -0.7410
vn -0.6716 0.0001 -0.7410
vn 0.6724 -0.0029 0.7402
vn 0.6730 0.0003 0.7397
vn 0.6716 -0.0000 0.7410
vn 0.6716 -0.0027 0.7409
vn 0.6726 0.0035 0.7400
vn 0.6716 0.0035 0.7409
vn 0.6705 0.0035 0.7419
vn 0.6703 0.0005 0.7421
vn 0.6709 -0.0024 0.7416
vn 0.0783 -0.9949 0.0631
vn 0.0884 -0.9937 0.0690
vn -0.0001 -1.0000 -0.0008
vn 0.1676 -0.9766 0.1347
vn 0.1523 -0.9793 0.1332
vn 0.1161 -0.9811 0.1549
vn 0.0470 -0.9969 0.0629
vn -0.0004 -1.0000 -0.0001
vn 0.7420 -0.0040 0.6704
vn 0.7424 -0.0001 0.6699
vn 0.7410 -0.0037 0.6715
vn 0.7419 0.0035 0.6705
vn 0.7409 0.0035 0.6716
vn 0.7400 0.0035 0.6726
vn 0.7397 0.0003 0.6730
vn 0.7402 -0.0032 0.6724
vn -0.0004 -1.0000 -0.0002
vn 0.0824 -0.9951 0.0550
vn 0.0917 -0.9935 0.0680
vn -0.0002 -1.0000 -0.0002
vn 0.1747 -0.9777 0.1167
vn 0.1670 -0.9781 0.1239
vn 0.8041 -0.0042 0.5945
vn 0.8045 -0.0001 0.5939
vn 0.8032 -0.0000 0.5957
vn 0.8032 -0.0042 0.5957
vn 0.8041 0.0035 0.5945
vn 0.8032 0.0035 0.5957
vn 0.8023 0.0035 0.5969
vn 0.8019 -0.0001 0.5975
vn 0.8023 -0.0042 0.5969
vn 0.0883 -0.9949 0.0482
vn 0.0979 -0.9935 0.0587
vn -0.0002 -1.0000 -0.0001
vn 0.1886 -0.9766 0.1032
vn 0.1784 -0.9781 0.1069
vn 0.8585 -0.0042 0.5128
vn 0.8589 -0.0001 0.5122
vn 0.8577 -0.0000 0.5141
vn 0.8577 -0.0042 0.5141
vn 0.8585 0.0035 0.5128
vn 0.8577 0.0035 0.5141
vn 0.8570 0.0035 0.5154
vn 0.8566 -0.0001 0.5160
vn 0.8569 -0.0042 0.5154
vn 0.0761 -0.9969 0.0193
vn 0.0976 -0.9937 0.0553
vn -0.0007 -1.0000 0.0002
vn 0.1875 -0.9811 0.0480
vn 0.1814 -0.9793 0.0897
vn 0.9045 -0.0032 0.4265
vn 0.9048 0.0003 0.4258
vn 0.9039 -0.0037 0.4277
vn 0.9046 0.0035 0.4263
vn 0.9040 0.0035 0.4276
vn 0.9034 0.0035 0.4289
vn 0.9030 -0.0001 0.4296
vn 0.9033 -0.0040 0.4289
vn -0.9415 0.0002 -0.3369
vn -0.9415 0.0001 -0.3369
vn 0.9419 -0.0024 0.3360
vn 0.9421 0.0005 0.3353
vn 0.9415 -0.0027 0.3370
vn 0.9420 0.0035 0.3356
vn 0.9415 0.0035 0.3369
vn 0.9411 0.0035 0.3382
vn 0.9409 0.0003 0.3387
vn 0.9411 -0.0029 0.3380
vn -0.9700 0.0001 -0.2430
vn -0.9700 -0.0001 -0.2430
vn -0.9700 0.0003 -0.2430
vn -0.9700 0.0004 -0.2430
vn -0.9700 -0.0002 -0.2430
vn 0.9703 -0.0023 0.2421
vn 0.9704 0.0005 0.2413
vn 0.9700 -0.0000 0.2430
vn 0.9700 -0.0023 0.2430
vn 0.9704 0.0035 0.2416
vn 0.9700 0.0035 0.2430
vn 0.9697 0.0035 0.2443
vn 0.9696 0.0005 0.2447
vn 0.9698 -0.0023 0.2439
vn -0.9892 0.0002 -0.1467
vn -0.9892 0.0001 -0.1467
vn -0.9892 0.0003 -0.1467
vn -0.9892 -0.0003 -0.1467
vn -0.9892 -0.0006 -0.1467
vn -0.9892 -0.0001 -0.1467
vn -0.9892 0.0004 -0.1467
vn 0.9893 -0.0029 0.1456
vn 0.9895 0.0003 0.1448
vn 0.9892 -0.0027 0.1467
vn 0.9894 0.0035 0.1453
vn 0.9892 0.0035 0.1467
vn 0.9890 0.0035 0.1481
vn 0.9889 0.0005 0.1484
vn 0.9890 -0.0024 0.1476
vn 0.0797 -0.9967 -0.0128
vn 0.1064 -0.9943 0.0052
vn -0.0009 -1.0000 -0.0000
vn 0.1987 -0.9795 -0.0314
vn 0.1969 -0.9804 0.0097
vn 0.1947 -0.9795 0.0508
vn 0.0780 -0.9967 0.0205
vn -0.0004 -1.0000 0.0001
vn 0.9988 -0.0030 0.0479
vn 0.9989 0.0003 0.0471
vn 0.9988 -0.0031 0.0491
vn 0.9989 0.0035 0.0477
vn 0.9988 0.0035 0.0491
vn 0.9987 0.0035 0.0505
vn 0.9987 0.0003 0.0510
vn 0.9987 -0.0030 0.0502
vn -0.9988 -0.0001 0.0491
vn -0.9988 0.0001 0.0491
vn -0.9988 -0.0003 0.0491
vn -0.9988 0.0003 0.0491
vn 0.9987 -0.0030 -0.0502
vn 0.9987 0.0003 -0.0510
vn 0.9988 -0.0031 -0.0491
vn 0.9987 0.0035 -0.0505
vn 0.9988 0.0035 -0.0491
vn 0.9989 0.0035 -0.0477
vn 0.9989 0.0003 -0.0471
vn 0.9988 -0.0030 -0.0479
vn 0.0756 -0.9967 -0.0281
vn 0.1054 -0.9943 -0.0156
vn -0.0009 -1.0000 0.0001
vn 0.1888 -0.9795 -0.0696
vn 0.1950 -0.9804 -0.0289
vn 0.2009 -0.9795 0.0118
vn 0.0805 -0.9967 0.0049
vn -0.0003 -1.0000 0.0002
vn 0.9890 -0.0030 -0.1479
vn 0.9889 0.0003 -0.1486
vn 0.9892 -0.0031 -0.1467
vn 0.9890 0.0035 -0.1481
vn 0.9892 0.0035 -0.1467
vn 0.9894 0.0035 -0.1453
vn 0.9895 0.0003 -0.1448
vn 0.9893 -0.0030 -0.1456
vn -0.9700 0.0003 0.2430
vn -0.9700 0.0001 0.2430
vn -0.9700 -0.0001 0.2430
vn -0.9700 -0.0002 0.2430
vn -0.9700 -0.0003 0.2430
vn 0.9697 -0.0030 -0.2441
vn 0.9696 0.0003 -0.2448
vn 0.9700 -0.0000 -0.2430
vn 0.9700 -0.0031 -0.2430
vn 0.9697 0.0035 -0.2443
vn 0.9700 0.0035 -0.2430
vn 0.9704 0.0035 -0.2416
vn 0.9705 0.0003 -0.2411
vn 0.9703 -0.0030 -0.2419
vn -0.0004 -1.0000 0.0002
vn 0.0926 -0.9949 -0.0393
vn 0.1025 -0.9937 -0.0455
vn 0.1978 -0.9766 -0.0843
vn 0.1893 -0.9793 -0.0715
vn 0.1913 -0.9811 -0.0294
vn 0.0777 -0.9969 -0.0118
vn 0.9410 -0.0040 -0.3383
vn 0.9408 -0.0001 -0.3390
vn 0.9415 -0.0000 -0.3369
vn 0.9415 -0.0037 -0.3370
vn 0.9410 0.0035 -0.3383
vn 0.9415 0.0035 -0.3369
vn 0.9420 0.0035 -0.3356
vn 0.9422 0.0003 -0.3351
vn 0.9419 -0.0032 -0.3358
vn 0.0874 -0.9951 -0.0467
vn 0.1032 -0.9935 -0.0488
vn -0.0002 -1.0000 0.0001
vn 0.1853 -0.9777 -0.0990
vn 0.1880 -0.9781 -0.0889
vn 0.9033 -0.0042 -0.4289
vn 0.9030 -0.0001 -0.4296
vn 0.9040 -0.0000 -0.4276
vn 0.9040 -0.0042 -0.4276
vn 0.9034 0.0035 -0.4289
vn 0.9040 0.0035 -0.4276
vn 0.9046 0.0035 -0.4262
vn 0.9049 -0.0001 -0.4255
vn 0.9046 -0.0042 -0.4262
vn 0.0831 -0.9950 -0.0560
vn 0.0979 -0.9935 -0.0587
vn 0.1762 -0.9772 -0.1186
vn 0.1784 -0.9781 -0.1069
vn 0.8569 -0.0042 -0.5154
vn 0.8566 -0.0001 -0.5160
vn 0.8577 -0.0000 -0.5141
vn 0.8577 -0.0042 -0.5141
vn 0.8570 0.0035 -0.5154
vn 0.8577 0.0035 -0.5141
vn 0.8585 0.0035 -0.5128
vn 0.8589 -0.0001 -0.5122
vn 0.8585 -0.0042 -0.5128
vn -0.0001 -1.0000 -0.0000
vn 0.1348 -0.9824 -0.1297
vn 0.1019 -0.9912 -0.0840
vn -0.0011 -1.0000 -0.0021
vn 0.2821 -0.9208 -0.2694
vn 0.1862 -0.9709 -0.1507
vn 0.8007 -0.0071 -0.5990
vn 0.7988 -0.0001 -0.6017
vn 0.8032 -0.0000 -0.5957
vn 0.8029 -0.0059 -0.5961
vn 0.8007 0.0058 -0.5990
vn 0.8030 0.0048 -0.5960
vn 0.8041 0.0037 -0.5945
vn 0.8045 -0.0001 -0.5939
vn 0.8041 -0.0045 -0.5945
vn 0.0050 -1.0000 -0.0051
vn 0.2167 -0.9535 -0.2095
vn 0.0016 -1.0000 -0.0058
vn 0.4011 -0.8226 -0.4031
vn 0.3840 -0.8459 -0.3702
vn 0.7061 -0.0016 -0.7081
vn 0.7061 -0.0003 -0.7081
vn 0.7345 -0.0024 -0.6786
vn 0.7352 -0.0147 -0.6777
vn 0.7523 -0.0046 -0.6588
vn 0.7570 -0.0466 -0.6518
vn 0.0046 -1.0000 -0.0056
vn 0.0045 -1.0000 -0.0050
vn 0.0041 -1.0000 -0.0045
vn 0.3631 -0.8200 -0.4424
vn 0.3835 -0.8209 -0.4232
vn 0.6344 -0.0000 -0.7730
vn 0.6716 -0.0000 -0.7410
vn 0.0043 -1.0000 -0.0056
vn 0.0040 -1.0000 -0.0054
vn 0.0036 -1.0000 -0.0049
vn 0.3258 -0.8161 -0.4774
vn 0.3260 -0.8160 -0.4773
vn 0.3402 -0.8209 -0.4587
vn 0.5571 -0.0006 -0.8305
vn 0.5570 0.0002 -0.8305
vn 0.5957 -0.0000 -0.8032
vn 0.0037 -1.0000 -0.0002
vn 0.0071 -1.0000 -0.0024
vn 0.0064 -1.0000 -0.0021
vn 0.3331 -0.7968 -0.5041
vn 0.5209 -0.6511 -0.5520
vn 0.3256 -0.8141 -0.4809
vn 0.3281 -0.8139 -0.4796
vn 0.4840 -0.0189 -0.8749
vn 0.4990 0.0008 -0.8666
vn 0.5230 0.0002 -0.8523
vn 0.5229 -0.0094 -0.8523
vn -0.4275 0.0006 0.9040
vn -0.4275 -0.0000 0.9040
vn -0.4276 0.0001 0.9040
vn -0.4275 -0.0006 0.9040
vn -0.4275 0.0001 0.9040
vn -0.4276 -0.0005 0.9040
vn 0.4267 -0.0026 -0.9044
vn 0.4260 0.0005 -0.9047
vn 0.4276 -0.0000 -0.9040
vn 0.4280 -0.0040 -0.9038
vn 0.4263 0.0037 -0.9046
vn 0.4279 0.0048 -0.9038
vn 0.4312 0.0058 -0.9022
vn 0.4338 0.0004 -0.9010
vn 0.4308 -0.0052 -0.9024
vn -0.3369 0.0004 0.9415
vn -0.3369 0.0001 0.9415
vn -0.3369 -0.0004 0.9415
vn -0.3369 -0.0001 0.9415
vn -0.3369 0.0002 0.9415
vn -0.3369 -0.0002 0.9415
vn 0.3358 -0.0029 -0.9419
vn 0.3351 0.0003 -0.9422
vn 0.3369 -0.0000 -0.9415
vn 0.3368 -0.0027 -0.9416
vn 0.3356 0.0035 -0.9420
vn 0.3369 0.0035 -0.9415
vn 0.3382 0.0035 -0.9411
vn 0.3385 0.0005 -0.9410
vn 0.3378 -0.0024 -0.9412
vn -0.0002 -1.0000 0.0003
vn 0.0030 -0.9967 -0.0806
vn 0.0259 -0.9943 -0.1033
vn -0.0002 -1.0000 0.0009
vn 0.0079 -0.9795 -0.2010
vn 0.0479 -0.9804 -0.1912
vn 0.0878 -0.9795 -0.1811
vn 0.0354 -0.9967 -0.0725
vn 0.2419 -0.0030 -0.9703
vn 0.2411 0.0003 -0.9705
vn 0.2430 -0.0000 -0.9700
vn 0.2430 -0.0031 -0.9700
vn 0.2416 0.0035 -0.9704
vn 0.2430 0.0035 -0.9700
vn 0.2443 0.0035 -0.9697
vn 0.2448 0.0003 -0.9696
vn 0.2441 -0.0030 -0.9697
vn -0.1467 0.0004 0.9892
vn -0.1467 0.0006 0.9892
vn -0.1467 -0.0004 0.9892
vn -0.1467 -0.0006 0.9892
vn -0.1467 -0.0008 0.9892
vn -0.1467 0.0008 0.9892
vn 0.1458 -0.0024 -0.9893
vn 0.1450 0.0005 -0.9894
vn 0.1468 -0.0027 -0.9892
vn 0.1454 0.0035 -0.9894
vn 0.1467 0.0035 -0.9892
vn 0.1481 0.0035 -0.9890
vn 0.1486 0.0003 -0.9889
vn 0.1479 -0.0029 -0.9890
vn -0.0491 0.0004 0.9988
vn -0.0491 0.0002 0.9988
vn -0.0491 -0.0004 0.9988
vn -0.0491 -0.0002 0.9988
vn -0.0491 0.0001 0.9988
vn -0.0491 -0.0001 0.9988
vn 0.0479 -0.0029 -0.9988
vn 0.0471 0.0003 -0.9989
vn 0.0490 -0.0027 -0.9988
vn 0.0477 0.0035 -0.9989
vn 0.0491 0.0035 -0.9988
vn 0.0504 0.0035 -0.9987
vn 0.0508 0.0005 -0.9987
vn 0.0500 -0.0024 -0.9987
vn -0.0001 1.0000 -0.0000
vn 0.0001 1.0000 -0.0000
vn 0.0003 -1.0000 -0.0000
vn -0.0002 -1.0000 -0.0000
vn -0.0152 -0.9999 -0.0004
vn -0.0156 -0.9999 -0.0004
vn 0.0152 -0.9999 0.0011
vn 0.0155 -0.9999 0.0012
vn 0.0737 0.9973 0.0049
vn 0.0741 0.9972 0.0048
vn 0.0002 1.0000 -0.0046
vn -0.0738 0.9973 -0.0023
vn -0.0742 0.9972 -0.0025
vn 0.0002 -1.0000 -0.0000
vn -0.0003 -1.0000 -0.0000
vn -0.0151 -0.9999 -0.0018
vn -0.0155 -0.9999 -0.0019
vn 0.0150 -0.9999 0.0026
vn 0.0154 -0.9999 0.0027
vn 0.0728 0.9973 0.0121
vn 0.0733 0.9972 0.0121
vn 0.0007 1.0000 -0.0045
vn -0.0732 0.9973 -0.0096
vn -0.0736 0.9972 -0.0097
vn -0.0149 -0.9999 -0.0033
vn -0.0152 -0.9999 -0.0034
vn 0.0147 -0.9999 0.0041
vn 0.0150 -0.9999 0.0042
vn 0.0713 0.9973 0.0192
vn 0.0718 0.9972 0.0192
vn 0.0011 1.0000 -0.0044
vn -0.0719 0.9973 -0.0167
vn -0.0723 0.9972 -0.0169
vn 0.0002 -1.0000 0.0001
vn -0.0145 -0.9999 -0.0048
vn -0.0148 -0.9999 -0.0049
vn 0.0142 -0.9999 0.0055
vn 0.0145 -0.9999 0.0056
vn 0.0691 0.9973 0.0261
vn 0.0695 0.9972 0.0261
vn 0.0015 1.0000 -0.0043
vn -0.0699 0.9973 -0.0237
vn -0.0703 0.9972 -0.0239
vn -0.0139 -0.9999 -0.0062
vn -0.0143 -0.9999 -0.0063
vn 0.0136 -0.9999 0.0069
vn 0.0139 -0.9999 0.0070
vn 0.0662 0.9973 0.0327
vn 0.0666 0.9972 0.0328
vn 0.0020 1.0000 -0.0041
vn -0.0673 0.9973 -0.0304
vn -0.0676 0.9972 -0.0307
vn -0.0001 1.0000 -0.0001
vn 0.0001 -1.0000 0.0001
vn -0.0004 -1.0000 -0.0003
vn -0.0133 -0.9999 -0.0075
vn -0.0136 -0.9999 -0.0077
vn 0.0129 -0.9999 0.0082
vn 0.0132 -0.9999 0.0084
vn 0.0626 0.9973 0.0390
vn 0.0631 0.9972 0.0392
vn 0.0023 1.0000 -0.0039
vn -0.0640 0.9973 -0.0368
vn -0.0643 0.9972 -0.0372
vn 0.0001 1.0000 0.0001
vn 0.0004 -1.0000 0.0003
vn -0.0125 -0.9999 -0.0088
vn -0.0128 -0.9999 -0.0090
vn 0.0120 -0.9999 0.0094
vn 0.0123 -0.9999 0.0096
vn 0.0585 0.9973 0.0450
vn 0.0590 0.9972 0.0452
vn 0.0027 1.0000 -0.0037
vn -0.0601 0.9973 -0.0429
vn -0.0604 0.9972 -0.0433
vn -0.0004 -1.0000 -0.0004
vn -0.0116 -0.9999 -0.0099
vn -0.0118 -0.9999 -0.0102
vn 0.0110 -0.9999 0.0105
vn 0.0113 -0.9999 0.0108
vn 0.0538 0.9973 0.0505
vn 0.0542 0.9972 0.0508
vn 0.0031 1.0000 -0.0034
vn -0.0555 0.9973 -0.0486
vn -0.0558 0.9972 -0.0490
vn 0.0004 -1.0000 0.0004
vn -0.0003 -1.0000 -0.0004
vn -0.0105 -0.9999 -0.0110
vn -0.0108 -0.9999 -0.0113
vn 0.0099 -0.9999 0.0116
vn 0.0102 -0.9999 0.0118
vn 0.0486 0.9973 0.0555
vn 0.0490 0.9972 0.0558
vn 0.0034 1.0000 -0.0031
vn -0.0505 0.9973 -0.0538
vn -0.0508 0.9972 -0.0542
vn 0.0003 -1.0000 0.0004
vn -0.0094 -0.9999 -0.0120
vn -0.0096 -0.9999 -0.0123
vn 0.0088 -0.9999 0.0125
vn 0.0090 -0.9999 0.0128
vn 0.0429 0.9973 0.0600
vn 0.0433 0.9972 0.0604
vn 0.0037 1.0000 -0.0027
vn -0.0450 0.9973 -0.0585
vn -0.0452 0.9972 -0.0590
vn -0.0082 -0.9999 -0.0129
vn -0.0084 -0.9999 -0.0132
vn 0.0075 -0.9999 0.0133
vn 0.0077 -0.9999 0.0136
vn 0.0368 0.9973 0.0640
vn 0.0372 0.9972 0.0643
vn 0.0039 1.0000 -0.0023
vn -0.0390 0.9973 -0.0626
vn -0.0392 0.9972 -0.0631
vn -0.0000 1.0000 -0.0001
vn -0.0000 1.0000 0.0001
vn 0.0002 -1.0000 0.0005
vn -0.0002 -1.0000 -0.0005
vn -0.0069 -0.9999 -0.0136
vn -0.0070 -0.9999 -0.0139
vn 0.0062 -0.9999 0.0139
vn 0.0063 -0.9999 0.0143
vn 0.0304 0.9973 0.0673
vn 0.0307 0.9972 0.0676
vn 0.0041 1.0000 -0.0020
vn -0.0327 0.9973 -0.0662
vn -0.0328 0.9972 -0.0666
vn -0.0000 -1.0000 -0.0001
vn -0.0055 -0.9999 -0.0142
vn -0.0056 -0.9999 -0.0145
vn 0.0048 -0.9999 0.0145
vn 0.0049 -0.9999 0.0148
vn 0.0237 0.9973 0.0699
vn 0.0239 0.9972 0.0703
vn 0.0043 1.0000 -0.0015
vn -0.0261 0.9973 -0.0691
vn -0.0261 0.9972 -0.0695
vn -0.0000 -1.0000 0.0001
vn -0.0001 -1.0000 -0.0003
vn -0.0041 -0.9999 -0.0147
vn -0.0042 -0.9999 -0.0150
vn 0.0033 -0.9999 0.0149
vn 0.0034 -0.9999 0.0152
vn 0.0167 0.9973 0.0719
vn 0.0169 0.9972 0.0723
vn 0.0044 1.0000 -0.0011
vn -0.0192 0.9973 -0.0713
vn -0.0192 0.9972 -0.0718
vn -0.0026 -0.9999 -0.0150
vn -0.0027 -0.9999 -0.0154
vn 0.0018 -0.9999 0.0151
vn 0.0019 -0.9999 0.0155
vn 0.0096 0.9973 0.0732
vn 0.0097 0.9972 0.0736
vn 0.0045 1.0000 -0.0007
vn -0.0121 0.9973 -0.0728
vn -0.0121 0.9972 -0.0733
vn -0.0000 -1.0000 -0.0003
vn -0.0011 -0.9999 -0.0152
vn -0.0012 -0.9999 -0.0155
vn 0.0004 -0.9999 0.0152
vn 0.0004 -0.9999 0.0156
vn 0.0023 0.9973 0.0738
vn 0.0025 0.9972 0.0742
vn 0.0046 1.0000 -0.0002
vn -0.0049 0.9973 -0.0737
vn -0.0048 0.9972 -0.0741
vn 0.0004 -0.9999 -0.0152
vn 0.0004 -0.9999 -0.0156
vn -0.0011 -0.9999 0.0152
vn -0.0012 -0.9999 0.0155
vn -0.0049 0.9973 0.0737
vn -0.0048 0.9972 0.0741
vn 0.0046 1.0000 0.0002
vn 0.0023 0.9973 -0.0738
vn 0.0025 0.9972 -0.0742
vn -0.0000 -1.0000 -0.0002
vn 0.0018 -0.9999 -0.0151
vn 0.0019 -0.9999 -0.0155
vn -0.0026 -0.9999 0.0150
vn -0.0027 -0.9999 0.0154
vn -0.0121 0.9973 0.0728
vn -0.0121 0.9972 0.0733
vn 0.0045 1.0000 0.0007
vn 0.0096 0.9973 -0.0732
vn 0.0097 0.9972 -0.0736
vn -0.0000 -1.0000 0.0002
vn 0.0001 -1.0000 -0.0002
vn 0.0033 -0.9999 -0.0149
vn 0.0034 -0.9999 -0.0152
vn -0.0041 -0.9999 0.0147
vn -0.0042 -0.9999 0.0150
vn -0.0192 0.9973 0.0713
vn -0.0192 0.9972 0.0718
vn 0.0044 1.0000 0.0011
vn 0.0167 0.9973 -0.0719
vn 0.0169 0.9972 -0.0723
vn -0.0001 -1.0000 0.0002
vn 0.0048 -0.9999 -0.0145
vn 0.0049 -0.9999 -0.0148
vn -0.0055 -0.9999 0.0142
vn -0.0056 -0.9999 0.0145
vn -0.0261 0.9973 0.0691
vn -0.0261 0.9972 0.0695
vn 0.0043 1.0000 0.0015
vn 0.0237 0.9973 -0.0699
vn 0.0239 0.9972 -0.0703
vn -0.0002 -1.0000 0.0004
vn 0.0002 -1.0000 -0.0005
vn 0.0062 -0.9999 -0.0139
vn 0.0063 -0.9999 -0.0143
vn -0.0069 -0.9999 0.0136
vn -0.0070 -0.9999 0.0139
vn -0.0327 0.9973 0.0662
vn -0.0328 0.9972 0.0666
vn 0.0041 1.0000 0.0020
vn 0.0304 0.9973 -0.0673
vn 0.0307 0.9972 -0.0676
vn 0.0001 1.0000 -0.0001
vn -0.0001 1.0000 0.0001
vn -0.0003 -1.0000 0.0004
vn 0.0003 -1.0000 -0.0004
vn 0.0075 -0.9999 -0.0133
vn 0.0077 -0.9999 -0.0136
vn -0.0082 -0.9999 0.0129
vn -0.0084 -0.9999 0.0132
vn -0.0390 0.9973 0.0626
vn -0.0392 0.9972 0.0631
vn 0.0039 1.0000 0.0023
vn 0.0368 0.9973 -0.0640
vn 0.0372 0.9972 -0.0643
vn 0.0088 -0.9999 -0.0125
vn 0.0090 -0.9999 -0.0128
vn -0.0094 -0.9999 0.0120
vn -0.0096 -0.9999 0.0123
vn -0.0450 0.9973 0.0585
vn -0.0452 0.9972 0.0590
vn 0.0037 1.0000 0.0027
vn 0.0429 0.9973 -0.0600
vn 0.0433 0.9972 -0.0604
vn 0.0001 -1.0000 -0.0001
vn 0.0099 -0.9999 -0.0116
vn 0.0102 -0.9999 -0.0118
vn -0.0105 -0.9999 0.0110
vn -0.0108 -0.9999 0.0113
vn -0.0505 0.9973 0.0538
vn -0.0508 0.9972 0.0542
vn 0.0034 1.0000 0.0031
vn 0.0486 0.9973 -0.0555
vn 0.0490 0.9972 -0.0558
vn -0.0002 -1.0000 0.0002
vn 0.0110 -0.9999 -0.0105
vn 0.0113 -0.9999 -0.0108
vn -0.0116 -0.9999 0.0099
vn -0.0118 -0.9999 0.0102
vn -0.0555 0.9973 0.0486
vn -0.0558 0.9972 0.0490
vn 0.0031 1.0000 0.0034
vn 0.0538 0.9973 -0.0505
vn 0.0542 0.9972 -0.0508
vn 0.0120 -0.9999 -0.0094
vn 0.0123 -0.9999 -0.0096
vn -0.0125 -0.9999 0.0088
vn -0.0128 -0.9999 0.0090
vn -0.0600 0.9973 0.0429
vn -0.0604 0.9972 0.0433
vn 0.0027 1.0000 0.0037
vn 0.0585 0.9973 -0.0450
vn 0.0590 0.9972 -0.0452
vn 0.0004 -1.0000 -0.0003
vn 0.0129 -0.9999 -0.0082
vn 0.0132 -0.9999 -0.0084
vn -0.0133 -0.9999 0.0075
vn -0.0136 -0.9999 0.0077
vn -0.0640 0.9973 0.0368
vn -0.0643 0.9972 0.0372
vn 0.0023 1.0000 0.0039
vn 0.0626 0.9973 -0.0390
vn 0.0631 0.9972 -0.0392
vn -0.0005 -1.0000 0.0002
vn 0.0136 -0.9999 -0.0069
vn 0.0139 -0.9999 -0.0070
vn -0.0140 -0.9999 0.0062
vn -0.0143 -0.9999 0.0063
vn -0.0673 0.9973 0.0304
vn -0.0676 0.9972 0.0307
vn 0.0020 1.0000 0.0041
vn 0.0662 0.9973 -0.0327
vn 0.0666 0.9972 -0.0328
vn 0.0142 -0.9999 -0.0055
vn 0.0145 -0.9999 -0.0056
vn -0.0145 -0.9999 0.0048
vn -0.0148 -0.9999 0.0049
vn -0.0699 0.9973 0.0237
vn -0.0703 0.9972 0.0239
vn 0.0015 1.0000 0.0043
vn 0.0691 0.9973 -0.0261
vn 0.0695 0.9972 -0.0261
vn 0.0147 -0.9999 -0.0041
vn 0.0150 -0.9999 -0.0042
vn -0.0149 -0.9999 0.0033
vn -0.0152 -0.9999 0.0034
vn -0.0719 0.9973 0.0167
vn -0.0723 0.9972 0.0169
vn 0.0011 1.0000 0.0044
vn 0.0713 0.9973 -0.0192
vn 0.0718 0.9972 -0.0192
vn 0.0150 -0.9999 -0.0026
vn 0.0154 -0.9999 -0.0027
vn -0.0151 -0.9999 0.0018
vn -0.0155 -0.9999 0.0019
vn -0.0732 0.9973 0.0096
vn -0.0736 0.9972 0.0097
vn 0.0007 1.0000 0.0045
vn 0.0728 0.9973 -0.0121
vn 0.0733 0.9972 -0.0121
vn -0.0004 -1.0000 -0.0000
vn 0.0004 -1.0000 -0.0000
vn 0.0152 -0.9999 -0.0011
vn 0.0155 -0.9999 -0.0012
vn -0.0152 -0.9999 0.0004
vn -0.0156 -0.9999 0.0004
vn -0.0738 0.9973 0.0023
vn -0.0742 0.9972 0.0025
vn 0.0002 1.0000 0.0046
vn 0.0737 0.9973 -0.0049
vn 0.0741 0.9972 -0.0048
vn 0.0152 -0.9999 0.0004
vn 0.0156 -0.9999 0.0004
vn -0.0152 -0.9999 -0.0011
vn -0.0155 -0.9999 -0.0012
vn -0.0737 0.9973 -0.0049
vn -0.0741 0.9972 -0.0048
vn -0.0002 1.0000 0.0046
vn 0.0738 0.9973 0.0023
vn 0.0742 0.9972 0.0025
vn 0.0151 -0.9999 0.0018
vn 0.0155 -0.9999 0.0019
vn -0.0150 -0.9999 -0.0026
vn -0.0154 -0.9999 -0.0027
vn -0.0728 0.9973 -0.0121
vn -0.0733 0.9972 -0.0121
vn -0.0007 1.0000 0.0045
vn 0.0732 0.9973 0.0096
vn 0.0736 0.9972 0.0097
vn 0.0005 -1.0000 0.0001
vn 0.0149 -0.9999 0.0033
vn 0.0152 -0.9999 0.0034
vn -0.0147 -0.9999 -0.0041
vn -0.0150 -0.9999 -0.0042
vn -0.0713 0.9973 -0.0192
vn -0.0718 0.9972 -0.0192
vn -0.0011 1.0000 0.0044
vn 0.0719 0.9973 0.0167
vn 0.0723 0.9972 0.0169
vn -0.0005 -1.0000 -0.0002
vn 0.0005 -1.0000 0.0002
vn 0.0145 -0.9999 0.0048
vn 0.0148 -0.9999 0.0049
vn -0.0142 -0.9999 -0.0055
vn -0.0145 -0.9999 -0.0056
vn -0.0691 0.9973 -0.0261
vn -0.0695 0.9972 -0.0261
vn -0.0015 1.0000 0.0043
vn 0.0699 0.9973 0.0237
vn 0.0703 0.9972 0.0239
vn 0.0139 -0.9999 0.0062
vn 0.0143 -0.9999 0.0063
vn -0.0136 -0.9999 -0.0069
vn -0.0139 -0.9999 -0.0070
vn -0.0662 0.9973 -0.0327
vn -0.0666 0.9972 -0.0328
vn -0.0020 1.0000 0.0041
vn 0.0673 0.9973 0.0304
vn 0.0676 0.9972 0.0307
vn 0.0133 -0.9999 0.0075
vn 0.0136 -0.9999 0.0077
vn -0.0129 -0.9999 -0.0082
vn -0.0132 -0.9999 -0.0084
vn -0.0626 0.9973 -0.0390
vn -0.0631 0.9972 -0.0392
vn -0.0023 1.0000 0.0039
vn 0.0640 0.9973 0.0368
vn 0.0643 0.9972 0.0372
vn -0.0001 -1.0000 -0.0001
vn -0.0003 -1.0000 -0.0002
vn 0.0125 -0.9999 0.0088
vn 0.0128 -0.9999 0.0090
vn -0.0120 -0.9999 -0.0094
vn -0.0123 -0.9999 -0.0096
vn -0.0585 0.9973 -0.0450
vn -0.0590 0.9972 -0.0452
vn -0.0027 1.0000 0.0037
vn 0.0601 0.9973 0.0429
vn 0.0604 0.9972 0.0433
vn 0.0116 -0.9999 0.0099
vn 0.0118 -0.9999 0.0102
vn -0.0110 -0.9999 -0.0105
vn -0.0113 -0.9999 -0.0108
vn -0.0538 0.9973 -0.0505
vn -0.0542 0.9972 -0.0508
vn -0.0031 1.0000 0.0034
vn 0.0555 0.9973 0.0486
vn 0.0558 0.9972 0.0490
vn 0.0105 -0.9999 0.0110
vn 0.0108 -0.9999 0.0113
vn -0.0099 -0.9999 -0.0116
vn -0.0102 -0.9999 -0.0118
vn -0.0486 0.9973 -0.0555
vn -0.0490 0.9972 -0.0558
vn -0.0034 1.0000 0.0031
vn 0.0505 0.9973 0.0538
vn 0.0508 0.9972 0.0542
vn 0.0094 -0.9999 0.0120
vn 0.0096 -0.9999 0.0123
vn -0.0088 -0.9999 -0.0125
vn -0.0090 -0.9999 -0.0128
vn -0.0429 0.9973 -0.0600
vn -0.0433 0.9972 -0.0604
vn -0.0037 1.0000 0.0027
vn 0.0450 0.9973 0.0585
vn 0.0452 0.9972 0.0590
vn 0.0082 -0.9999 0.0129
vn 0.0084 -0.9999 0.0132
vn -0.0075 -0.9999 -0.0133
vn -0.0077 -0.9999 -0.0136
vn -0.0368 0.9973 -0.0640
vn -0.0372 0.9972 -0.0643
vn -0.0039 1.0000 0.0023
vn 0.0390 0.9973 0.0626
vn 0.0392 0.9972 0.0631
vn 0.0069 -0.9999 0.0136
vn 0.0070 -0.9999 0.0139
vn -0.0062 -0.9999 -0.0139
vn -0.0063 -0.9999 -0.0143
vn -0.0304 0.9973 -0.0673
vn -0.0307 0.9972 -0.0676
vn -0.0041 1.0000 0.0020
vn 0.0327 0.9973 0.0662
vn 0.0328 0.9972 0.0666
vn 0.0055 -0.9999 0.0142
vn 0.0056 -0.9999 0.0145
vn -0.0048 -0.9999 -0.0145
vn -0.0049 -0.9999 -0.0148
vn -0.0237 0.9973 -0.0699
vn -0.0239 0.9972 -0.0703
vn -0.0043 1.0000 0.0015
vn 0.0261 0.9973 0.0691
vn 0.0261 0.9972 0.0695
vn -0.0001 -1.0000 -0.0005
vn 0.0041 -0.9999 0.0147
vn 0.0042 -0.9999 0.0150
vn -0.0033 -0.9999 -0.0149
vn -0.0034 -0.9999 -0.0152
vn -0.0167 0.9973 -0.0719
vn -0.0169 0.9972 -0.0723
vn -0.0044 1.0000 0.0011
vn 0.0192 0.9973 0.0713
vn 0.0192 0.9972 0.0718
vn 0.0026 -0.9999 0.0150
vn 0.0027 -0.9999 0.0154
vn -0.0018 -0.9999 -0.0151
vn -0.0019 -0.9999 -0.0155
vn -0.0096 0.9973 -0.0732
vn -0.0097 0.9972 -0.0736
vn -0.0045 1.0000 0.0007
vn 0.0121 0.9973 0.0728
vn 0.0121 0.9972 0.0733
vn 0.0011 -0.9999 0.0152
vn 0.0012 -0.9999 0.0155
vn -0.0004 -0.9999 -0.0152
vn -0.0004 -0.9999 -0.0156
vn -0.0023 0.9973 -0.0738
vn -0.0025 0.9972 -0.0742
vn -0.0046 1.0000 0.0002
vn 0.0049 0.9973 0.0737
vn 0.0048 0.9972 0.0741
vn -0.0004 -0.9999 0.0152
vn -0.0004 -0.9999 0.0156
vn 0.0011 -0.9999 -0.0152
vn 0.0012 -0.9999 -0.0155
vn 0.0049 0.9973 -0.0737
vn 0.0048 0.9972 -0.0741
vn -0.0046 1.0000 -0.0002
vn -0.0023 0.9973 0.0738
vn -0.0025 0.9972 0.0742
vn -0.0018 -0.9999 0.0151
vn -0.0019 -0.9999 0.0155
vn 0.0026 -0.9999 -0.0150
vn 0.0027 -0.9999 -0.0154
vn 0.0121 0.9973 -0.0728
vn 0.0121 0.9972 -0.0733
vn -0.0045 1.0000 -0.0007
vn -0.0096 0.9973 0.0732
vn -0.0097 0.9972 0.0736
vn -0.0033 -0.9999 0.0149
vn -0.0034 -0.9999 0.0152
vn 0.0041 -0.9999 -0.0147
vn 0.0042 -0.9999 -0.0150
vn 0.0192 0.9973 -0.0713
vn 0.0192 0.9972 -0.0718
vn -0.0044 1.0000 -0.0011
vn -0.0167 0.9973 0.0719
vn -0.0169 0.9972 0.0723
vn -0.0048 -0.9999 0.0145
vn -0.0049 -0.9999 0.0148
vn 0.0055 -0.9999 -0.0142
vn 0.0056 -0.9999 -0.0145
vn 0.0261 0.9973 -0.0691
vn 0.0261 0.9972 -0.0695
vn -0.0043 1.0000 -0.0015
vn -0.0237 0.9973 0.0699
vn -0.0239 0.9972 0.0703
vn -0.0062 -0.9999 0.0139
vn -0.0063 -0.9999 0.0143
vn 0.0069 -0.9999 -0.0136
vn 0.0070 -0.9999 -0.0139
vn 0.0327 0.9973 -0.0662
vn 0.0328 0.9972 -0.0666
vn -0.0041 1.0000 -0.0020
vn -0.0304 0.9973 0.0673
vn -0.0307 0.9972 0.0676
vn -0.0075 -0.9999 0.0133
vn -0.0077 -0.9999 0.0136
vn 0.0082 -0.9999 -0.0129
vn 0.0084 -0.9999 -0.0132
vn 0.0390 0.9973 -0.0626
vn 0.0392 0.9972 -0.0631
vn -0.0039 1.0000 -0.0023
vn -0.0368 0.9973 0.0640
vn -0.0372 0.9972 0.0643
vn -0.0003 -1.0000 0.0003
vn -0.0088 -0.9999 0.0125
vn -0.0090 -0.9999 0.0128
vn 0.0094 -0.9999 -0.0120
vn 0.0096 -0.9999 -0.0123
vn 0.0450 0.9973 -0.0585
vn 0.0452 0.9972 -0.0590
vn -0.0037 1.0000 -0.0027
vn -0.0429 0.9973 0.0600
vn -0.0433 0.9972 0.0604
vn -0.0099 -0.9999 0.0116
vn -0.0102 -0.9999 0.0118
vn 0.0105 -0.9999 -0.0110
vn 0.0108 -0.9999 -0.0113
vn 0.0505 0.9973 -0.0538
vn 0.0508 0.9972 -0.0542
vn -0.0034 1.0000 -0.0031
vn -0.0486 0.9973 0.0555
vn -0.0490 0.9972 0.0558
vn -0.0004 -1.0000 0.0003
vn -0.0110 -0.9999 0.0105
vn -0.0113 -0.9999 0.0108
vn 0.0116 -0.9999 -0.0099
vn 0.0118 -0.9999 -0.0102
vn 0.0555 0.9973 -0.0486
vn 0.0558 0.9972 -0.0490
vn -0.0031 1.0000 -0.0034
vn -0.0538 0.9973 0.0505
vn -0.0542 0.9972 0.0508
vn -0.0120 -0.9999 0.0094
vn -0.0123 -0.9999 0.0096
vn 0.0125 -0.9999 -0.0088
vn 0.0128 -0.9999 -0.0090
vn 0.0600 0.9973 -0.0429
vn 0.0604 0.9972 -0.0433
vn -0.0027 1.0000 -0.0037
vn -0.0585 0.9973 0.0450
vn -0.0590 0.9972 0.0452
vn -0.0129 -0.9999 0.0082
vn -0.0132 -0.9999 0.0084
vn 0.0133 -0.9999 -0.0075
vn 0.0136 -0.9999 -0.0077
vn 0.0640 0.9973 -0.0368
vn 0.0643 0.9972 -0.0372
vn -0.0023 1.0000 -0.0039
vn -0.0626 0.9973 0.0390
vn -0.0631 0.9972 0.0392
vn 0.0005 -1.0000 -0.0002
vn -0.0136 -0.9999 0.0069
vn -0.0139 -0.9999 0.0070
vn 0.0140 -0.9999 -0.0062
vn 0.0143 -0.9999 -0.0063
vn 0.0673 0.9973 -0.0304
vn 0.0676 0.9972 -0.0307
vn -0.0020 1.0000 -0.0041
vn -0.0662 0.9973 0.0327
vn -0.0666 0.9972 0.0328
vn -0.0142 -0.9999 0.0055
vn -0.0145 -0.9999 0.0056
vn 0.0145 -0.9999 -0.0048
vn 0.0148 -0.9999 -0.0049
vn 0.0699 0.9973 -0.0237
vn 0.0703 0.9972 -0.0239
vn -0.0015 1.0000 -0.0043
vn -0.0691 0.9973 0.0261
vn -0.0695 0.9972 0.0261
vn 0.0005 -1.0000 -0.0001
vn -0.0005 -1.0000 0.0001
vn -0.0147 -0.9999 0.0041
vn -0.0150 -0.9999 0.0042
vn 0.0149 -0.9999 -0.0033
vn 0.0152 -0.9999 -0.0034
vn 0.0719 0.9973 -0.0167
vn 0.0723 0.9972 -0.0169
vn -0.0011 1.0000 -0.0044
vn -0.0713 0.9973 0.0192
vn -0.0718 0.9972 0.0192
vn -0.0150 -0.9999 0.0026
vn -0.0154 -0.9999 0.0027
vn 0.0151 -0.9999 -0.0018
vn 0.0155 -0.9999 -0.0019
vn 0.0732 0.9973 -0.0096
vn 0.0736 0.9972 -0.0097
vn -0.0007 1.0000 -0.0045
vn -0.0728 0.9973 0.0121
vn -0.0733 0.9972 0.0121
vn 0.0005 -1.0000 -0.0000
vn -0.0152 -0.9999 0.0011
vn -0.0155 -0.9999 0.0012
vn 0.0152 -0.9999 -0.0004
vn 0.0156 -0.9999 -0.0004
vn 0.0738 0.9973 -0.0023
vn 0.0742 0.9972 -0.0025
vn -0.0002 1.0000 -0.0046
vn -0.0737 0.9973 0.0049
vn -0.0741 0.9972 0.0048
vn -0.0979 -0.0485 -0.9940
vn -0.0980 -0.0028 -0.9952
vn -0.0752 -0.0038 -0.9972
vn -0.0665 -0.0560 -0.9962
vn -0.0631 0.0197 -0.9978
vn -0.0491 0.0201 -0.9986
vn -0.0352 0.0197 -0.9992
vn -0.0000 0.0014 -1.0000
vn -0.0263 -0.0003 -0.9997
vn 0.0018 -0.0279 -0.9996
vn -0.0358 -0.0430 -0.9984
vn -0.0541 -0.0985 -0.9937
vn -0.0496 -0.0557 -0.9972
vn -0.1949 -0.0494 -0.9796
vn -0.1951 -0.0028 -0.9808
vn -0.1725 -0.0038 -0.9850
vn -0.1638 -0.0606 -0.9846
vn -0.1606 0.0197 -0.9868
vn -0.1467 0.0201 -0.9890
vn -0.1328 0.0197 -0.9910
vn -0.1208 -0.0038 -0.9927
vn -0.1290 -0.0606 -0.9898
vn -0.1457 -0.1193 -0.9821
vn -0.1464 -0.0693 -0.9868
vn -0.2899 -0.0499 -0.9558
vn -0.2903 -0.0028 -0.9569
vn -0.2682 -0.0038 -0.9633
vn -0.2596 -0.0606 -0.9638
vn -0.2566 0.0197 -0.9663
vn -0.2429 0.0201 -0.9698
vn -0.2293 0.0197 -0.9732
vn -0.2175 -0.0038 -0.9760
vn -0.2254 -0.0606 -0.9724
vn -0.2412 -0.1193 -0.9631
vn -0.2424 -0.0693 -0.9677
vn -0.3840 -0.0057 -0.9233
vn -0.3636 -0.0870 -0.9275
vn -0.3605 0.0229 -0.9325
vn -0.3382 0.0230 -0.9408
vn -0.3236 0.0200 -0.9460
vn -0.3122 -0.0038 -0.9500
vn -0.3196 -0.0632 -0.9454
vn -0.3384 -0.1481 -0.9293
vn -0.3390 -0.0867 -0.9368
vn -0.5549 -0.0499 -0.8304
vn -0.5556 -0.0028 -0.8315
vn -0.5363 -0.0038 -0.8440
vn -0.5281 -0.0633 -0.8468
vn -0.5259 0.0200 -0.8503
vn -0.5127 0.0230 -0.8583
vn -0.4921 0.0229 -0.8703
vn -0.4702 -0.0057 -0.8826
vn -0.4862 -0.0870 -0.8695
vn -0.5037 -0.1481 -0.8511
vn -0.5091 -0.0867 -0.8563
vn -0.6337 -0.0485 -0.7721
vn -0.6344 -0.0028 -0.7730
vn -0.6165 -0.0038 -0.7874
vn -0.6086 -0.0606 -0.7911
vn -0.6068 0.0197 -0.7946
vn -0.5956 0.0201 -0.8030
vn -0.5842 0.0197 -0.8114
vn -0.5745 -0.0038 -0.8185
vn -0.5804 -0.0606 -0.8121
vn -0.5914 -0.1193 -0.7975
vn -0.5943 -0.0693 -0.8013
vn -0.7081 -0.0279 -0.7055
vn -0.7071 0.0014 -0.7071
vn -0.6883 -0.0003 -0.7255
vn -0.6807 -0.0430 -0.7313
vn -0.6816 0.0197 -0.7314
vn -0.6714 0.0201 -0.7408
vn -0.6609 0.0197 -0.7502
vn -0.6520 -0.0038 -0.7582
vn -0.6574 -0.0560 -0.7514
vn -0.6644 -0.0985 -0.7409
vn -0.6700 -0.0557 -0.7402
vn 0.0066 -1.0000 0.0038
vn 0.0087 -1.0000 0.0036
vn -0.6445 -0.7186 -0.2611
vn 0.0624 -0.9965 0.0565
vn 0.0427 -0.9985 0.0335
vn 0.0135 -0.9999 0.0069
vn -0.7715 -0.0279 -0.6356
vn -0.7397 0.0571 -0.6705
vn -0.6901 0.3642 -0.6254
vn -0.7299 0.1822 -0.6589
vn -0.7272 0.1822 -0.6618
vn -0.6271 0.5341 -0.5669
vn -0.6266 0.5338 -0.5679
vn -0.6260 0.5334 -0.5688
vn -0.3230 -0.7186 -0.6158
vn 0.0045 -1.0000 0.0083
vn 0.0045 -1.0000 0.0062
vn 0.0082 -0.9999 0.0128
vn 0.0375 -0.9985 0.0392
vn 0.0623 -0.9965 0.0566
vn 0.0048 -1.0000 0.0043
vn 0.0083 -0.9999 0.0075
vn -0.7730 0.0014 -0.6344
vn -0.7561 -0.0003 -0.6545
vn -0.7492 -0.0388 -0.6612
vn -0.7501 0.0197 -0.6611
vn -0.7408 0.0201 -0.6714
vn -0.7314 0.0197 -0.6816
vn -0.7255 -0.0003 -0.6883
vn -0.7315 -0.0388 -0.6808
vn -0.7402 -0.0440 -0.6709
vn -0.8305 -0.0477 -0.5549
vn -0.8315 -0.0028 -0.5556
vn -0.8185 -0.0038 -0.5745
vn -0.8122 -0.0560 -0.5806
vn -0.8114 0.0197 -0.5842
vn -0.8030 0.0201 -0.5956
vn -0.7947 0.0197 -0.6067
vn -0.7894 -0.0003 -0.6139
vn -0.7945 -0.0430 -0.6057
vn -0.8024 -0.0985 -0.5886
vn -0.8023 -0.0557 -0.5943
vn -0.8824 -0.0279 -0.4696
vn -0.8819 0.0014 -0.4714
vn -0.8692 -0.0003 -0.4944
vn -0.8637 -0.0430 -0.5022
vn -0.8646 0.0197 -0.5021
vn -0.8576 0.0201 -0.5140
vn -0.8502 0.0197 -0.5260
vn -0.8440 -0.0038 -0.5363
vn -0.8473 -0.0560 -0.5282
vn -0.8508 -0.0985 -0.5161
vn -0.8561 -0.0557 -0.5139
vn 0.0003 -1.0000 0.0001
vn 0.0020 -1.0000 0.0008
vn 0.0126 -0.9999 0.0014
vn 0.0130 -0.9999 0.0013
vn -0.5025 -0.8392 -0.2081
vn -0.5712 -0.8208 -0.0112
vn 0.2834 -0.9522 0.1141
vn 0.1595 -0.9853 0.0605
vn 0.0179 -0.9998 0.0042
vn -0.9238 -0.0145 -0.3827
vn -0.9017 0.0636 -0.4277
vn -0.8426 0.3619 -0.3988
vn -0.8879 0.1908 -0.4187
vn -0.8880 0.1820 -0.4222
vn -0.7494 0.5601 -0.3530
vn -0.7688 0.5261 -0.3636
vn -0.7870 0.4911 -0.3735
vn -0.4879 -0.7186 -0.4955
vn 0.0067 -1.0000 0.0067
vn 0.0061 -1.0000 0.0046
vn 0.0119 -0.9999 0.0101
vn 0.0473 -0.9985 0.0266
vn 0.0760 -0.9965 0.0360
vn 0.0006 -1.0000 0.0004
vn 0.0065 -1.0000 0.0032
vn 0.0115 -0.9999 0.0056
vn -0.9239 0.0042 -0.3827
vn -0.9126 0.0021 -0.4089
vn -0.9080 -0.0298 -0.4178
vn -0.9096 0.0198 -0.4150
vn -0.9038 0.0201 -0.4275
vn -0.8978 0.0197 -0.4400
vn -0.8940 -0.0003 -0.4481
vn -0.8976 -0.0380 -0.4392
vn -0.9029 -0.0386 -0.4282
vn 0.0020 -1.0000 0.0006
vn 0.0126 -0.9999 0.0002
vn 0.0132 -0.9999 -0.0000
vn -0.5205 -0.8392 -0.1579
vn -0.5695 -0.8208 0.0449
vn 0.2934 -0.9521 0.0858
vn 0.1647 -0.9853 0.0446
vn 0.0189 -0.9998 0.0025
vn -0.9568 -0.0145 -0.2903
vn -0.9392 0.0700 -0.3361
vn -0.8759 0.3670 -0.3134
vn -0.9247 0.1906 -0.3296
vn -0.9239 0.1905 -0.3318
vn -0.7977 0.5321 -0.2838
vn -0.7975 0.5317 -0.2853
vn -0.7973 0.5312 -0.2867
vn -0.4118 -0.8208 -0.3960
vn 0.0102 -0.9999 0.0083
vn 0.0099 -0.9999 0.0079
vn 0.0162 -0.9998 0.0101
vn 0.1557 -0.9853 0.0700
vn 0.2814 -0.9521 0.1199
vn 0.0078 -1.0000 0.0028
vn 0.0139 -0.9999 0.0050
vn -0.9569 0.0042 -0.2903
vn -0.9483 0.0021 -0.3174
vn -0.9446 -0.0291 -0.3268
vn -0.9459 0.0198 -0.3239
vn -0.9414 0.0201 -0.3368
vn -0.9366 0.0198 -0.3497
vn -0.9344 0.0021 -0.3562
vn -0.9375 -0.0291 -0.3467
vn -0.9410 -0.0332 -0.3367
vn 0.0021 -1.0000 0.0004
vn 0.0126 -0.9999 -0.0010
vn 0.0131 -0.9999 -0.0013
vn -0.5334 -0.8392 -0.1061
vn -0.5623 -0.8208 0.1005
vn 0.3004 -0.9521 0.0566
vn 0.1683 -0.9853 0.0283
vn 0.0191 -0.9998 0.0006
vn -0.9807 -0.0145 -0.1951
vn -0.9676 0.0700 -0.2424
vn -0.9025 0.3666 -0.2260
vn -0.9525 0.1905 -0.2374
vn -0.9520 0.1906 -0.2396
vn -0.8223 0.5310 -0.2045
vn -0.8221 0.5308 -0.2059
vn -0.8218 0.5307 -0.2072
vn -0.4486 -0.8208 -0.3537
vn 0.0109 -0.9999 0.0073
vn 0.0106 -0.9999 0.0068
vn 0.0171 -0.9998 0.0084
vn 0.1618 -0.9853 0.0544
vn 0.2918 -0.9521 0.0917
vn 0.0008 -1.0000 0.0002
vn 0.0080 -1.0000 0.0020
vn 0.0143 -0.9999 0.0036
vn -0.9808 0.0042 -0.1951
vn -0.9748 0.0021 -0.2230
vn -0.9721 -0.0291 -0.2326
vn -0.9731 0.0198 -0.2296
vn -0.9698 0.0201 -0.2429
vn -0.9664 0.0198 -0.2562
vn -0.9648 0.0021 -0.2629
vn -0.9670 -0.0291 -0.2531
vn -0.9695 -0.0332 -0.2428
vn 0.0021 -1.0000 0.0002
vn 0.0124 -0.9999 -0.0023
vn 0.0129 -0.9999 -0.0026
vn -0.5413 -0.8392 -0.0533
vn -0.5498 -0.8208 0.1551
vn 0.3044 -0.9522 0.0269
vn 0.1702 -0.9853 0.0117
vn 0.0190 -0.9998 -0.0012
vn -0.9951 -0.0145 -0.0980
vn -0.9867 0.0701 -0.1464
vn -0.9203 0.3666 -0.1365
vn -0.9712 0.1907 -0.1429
vn -0.9709 0.1906 -0.1452
vn -0.8380 0.5316 -0.1229
vn -0.8383 0.5308 -0.1244
vn -0.8386 0.5300 -0.1258
vn -0.4811 -0.8208 -0.3081
vn 0.0116 -0.9999 0.0062
vn 0.0112 -0.9999 0.0058
vn 0.0178 -0.9998 0.0067
vn 0.1662 -0.9853 0.0383
vn 0.2991 -0.9522 0.0626
vn 0.0082 -1.0000 0.0012
vn 0.0146 -0.9999 0.0022
vn -0.9952 0.0042 -0.0980
vn -0.9920 0.0021 -0.1263
vn -0.9903 -0.0291 -0.1362
vn -0.9909 0.0198 -0.1331
vn -0.9890 0.0201 -0.1467
vn -0.9869 0.0198 -0.1603
vn -0.9859 0.0021 -0.1671
vn -0.9872 -0.0291 -0.1571
vn -0.9886 -0.0332 -0.1466
vn 0.0021 -1.0000 -0.0000
vn 0.0122 -0.9999 -0.0035
vn 0.0126 -0.9999 -0.0038
vn -0.5439 -0.8392 -0.0000
vn -0.5319 -0.8208 0.2083
vn 0.3056 -0.9521 -0.0031
vn 0.1706 -0.9853 -0.0051
vn 0.0188 -0.9998 -0.0031
vn -0.9999 -0.0145 -0.0000
vn -0.9963 0.0700 -0.0489
vn -0.9291 0.3669 -0.0456
vn -0.9806 0.1905 -0.0470
vn -0.9804 0.1906 -0.0493
vn -0.8465 0.5308 -0.0402
vn -0.8460 0.5315 -0.0416
vn -0.8455 0.5322 -0.0429
vn -0.5090 -0.8208 -0.2594
vn 0.0122 -0.9999 0.0050
vn 0.0118 -0.9999 0.0046
vn 0.0184 -0.9998 0.0049
vn 0.1692 -0.9853 0.0218
vn 0.3037 -0.9522 0.0330
vn 0.0008 -1.0000 -0.0000
vn 0.0083 -1.0000 0.0004
vn 0.0147 -0.9999 0.0007
vn -1.0000 0.0042 -0.0000
vn -0.9996 0.0021 -0.0285
vn -0.9988 -0.0291 -0.0385
vn -0.9992 0.0198 -0.0353
vn -0.9986 0.0201 -0.0491
vn -0.9978 0.0198 -0.0628
vn -0.9976 0.0021 -0.0696
vn -0.9978 -0.0291 -0.0596
vn -0.9982 -0.0332 -0.0490
vn 0.0021 -1.0000 -0.0002
vn 0.0118 -0.9999 -0.0046
vn 0.0122 -0.9999 -0.0050
vn -0.5413 -0.8392 0.0533
vn -0.5090 -0.8208 0.2594
vn 0.3038 -0.9522 -0.0330
vn 0.1692 -0.9853 -0.0218
vn 0.0184 -0.9998 -0.0049
vn -0.9951 -0.0145 0.0980
vn -0.9963 0.0701 0.0489
vn -0.9292 0.3666 0.0456
vn -0.9804 0.1907 0.0493
vn -0.9805 0.1906 0.0470
vn -0.8459 0.5316 0.0430
vn -0.8464 0.5309 0.0416
vn -0.8469 0.5303 0.0402
vn -0.5320 -0.8208 -0.2083
vn 0.0126 -0.9999 0.0038
vn 0.0122 -0.9999 0.0035
vn 0.0188 -0.9998 0.0031
vn 0.1706 -0.9853 0.0051
vn 0.3057 -0.9521 0.0031
vn 0.0083 -1.0000 -0.0004
vn 0.0147 -0.9999 -0.0007
vn -0.9952 0.0042 0.0980
vn -0.9976 0.0021 0.0696
vn -0.9978 -0.0291 0.0596
vn -0.9978 0.0198 0.0628
vn -0.9986 0.0201 0.0491
vn -0.9992 0.0198 0.0353
vn -0.9996 0.0021 0.0285
vn -0.9988 -0.0291 0.0385
vn -0.9982 -0.0332 0.0490
vn 0.0072 -1.0000 -0.0027
vn 0.0083 -1.0000 -0.0044
vn -0.6107 -0.7186 0.3326
vn 0.0832 -0.9965 -0.0124
vn 0.0530 -0.9985 -0.0117
vn -0.9808 -0.0279 0.1932
vn -0.9870 0.0636 0.1475
vn -0.9220 0.3621 0.1370
vn -0.9724 0.1818 0.1463
vn -0.9712 0.1909 0.1429
vn -0.8614 0.4913 0.1290
vn -0.8409 0.5266 0.1247
vn -0.8192 0.5608 0.1203
vn -0.5498 -0.8208 -0.1551
vn 0.0128 -0.9999 0.0025
vn 0.0124 -0.9999 0.0023
vn 0.0184 -0.9998 0.0012
vn 0.1703 -0.9853 -0.0117
vn 0.3046 -0.9521 -0.0269
vn 0.0007 -1.0000 -0.0002
vn 0.0072 -1.0000 -0.0012
vn 0.0127 -0.9999 -0.0021
vn -0.9808 0.0014 0.1951
vn -0.9856 -0.0003 0.1692
vn -0.9864 -0.0380 0.1597
vn -0.9869 0.0197 0.1604
vn -0.9890 0.0201 0.1467
vn -0.9909 0.0198 0.1331
vn -0.9920 0.0021 0.1263
vn -0.9902 -0.0298 0.1362
vn -0.9883 -0.0386 0.1477
vn -0.9558 -0.0485 0.2899
vn -0.9569 -0.0028 0.2903
vn -0.9633 -0.0038 0.2683
vn -0.9641 -0.0560 0.2595
vn -0.9663 0.0197 0.2566
vn -0.9698 0.0201 0.2429
vn -0.9731 0.0197 0.2295
vn -0.9753 -0.0003 0.2208
vn -0.9723 -0.0430 0.2299
vn -0.9640 -0.0985 0.2469
vn -0.9684 -0.0557 0.2432
vn -0.9228 -0.0494 0.3822
vn -0.9239 -0.0028 0.3827
vn -0.9324 -0.0038 0.3614
vn -0.9337 -0.0606 0.3528
vn -0.9365 0.0197 0.3500
vn -0.9414 0.0201 0.3368
vn -0.9460 0.0197 0.3235
vn -0.9500 -0.0038 0.3122
vn -0.9456 -0.0606 0.3197
vn -0.9348 -0.1192 0.3345
vn -0.9393 -0.0693 0.3361
vn -0.8808 -0.0494 0.4708
vn -0.8819 -0.0028 0.4714
vn -0.8925 -0.0038 0.4510
vn -0.8947 -0.0606 0.4426
vn -0.8977 0.0197 0.4401
vn -0.9038 0.0201 0.4275
vn -0.9097 0.0197 0.4147
vn -0.9148 -0.0038 0.4038
vn -0.9097 -0.0606 0.4108
vn -0.8975 -0.1193 0.4245
vn -0.9018 -0.0693 0.4265
vn -0.8305 -0.0494 0.5549
vn -0.8315 -0.0028 0.5556
vn -0.8440 -0.0038 0.5363
vn -0.8470 -0.0606 0.5282
vn -0.8502 0.0197 0.5260
vn -0.8576 0.0201 0.5140
vn -0.8647 0.0197 0.5019
vn -0.8709 -0.0038 0.4915
vn -0.8651 -0.0606 0.4980
vn -0.8516 -0.1193 0.5104
vn -0.8557 -0.0693 0.5129
vn -0.7721 -0.0494 0.6336
vn -0.7730 -0.0028 0.6344
vn -0.7874 -0.0038 0.6165
vn -0.7911 -0.0606 0.6086
vn -0.7946 0.0197 0.6068
vn -0.8030 0.0201 0.5956
vn -0.8114 0.0197 0.5842
vn -0.8185 -0.0038 0.5745
vn -0.8121 -0.0606 0.5804
vn -0.7975 -0.1193 0.5914
vn -0.8013 -0.0693 0.5943
vn -0.7062 -0.0494 0.7062
vn -0.7071 -0.0028 0.7071
vn -0.7231 -0.0038 0.6907
vn -0.7277 -0.0606 0.6833
vn -0.7313 0.0197 0.6818
vn -0.7408 0.0201 0.6714
vn -0.7502 0.0197 0.6609
vn -0.7582 -0.0038 0.6520
vn -0.7513 -0.0606 0.6572
vn -0.7357 -0.1192 0.6668
vn -0.7392 -0.0693 0.6699
vn -0.6336 -0.0485 0.7721
vn -0.6344 -0.0028 0.7730
vn -0.6520 -0.0038 0.7582
vn -0.6572 -0.0606 0.7513
vn -0.6609 0.0197 0.7502
vn -0.6714 0.0201 0.7408
vn -0.6818 0.0197 0.7313
vn -0.6907 -0.0038 0.7231
vn -0.6833 -0.0606 0.7277
vn -0.6668 -0.1193 0.7357
vn -0.6699 -0.0693 0.7392
vn -0.5538 -0.0280 0.8322
vn -0.5556 0.0014 0.8315
vn -0.5772 -0.0003 0.8166
vn -0.5845 -0.0430 0.8103
vn -0.5844 0.0197 0.8112
vn -0.5956 0.0201 0.8030
vn -0.6068 0.0197 0.7946
vn -0.6165 -0.0038 0.7874
vn -0.6087 -0.0560 0.7914
vn -0.5970 -0.0985 0.7962
vn -0.5953 -0.0557 0.8016
vn 0.0025 -1.0000 -0.0072
vn 0.0019 -1.0000 -0.0092
vn -0.1303 -0.7186 0.6831
vn 0.0432 -0.9965 -0.0722
vn 0.0245 -0.9985 -0.0484
vn 0.0041 -0.9999 -0.0146
vn -0.4728 -0.0280 0.8807
vn -0.5133 0.0572 0.8563
vn -0.4787 0.3647 0.7987
vn -0.5038 0.1823 0.8444
vn -0.5072 0.1823 0.8423
vn -0.4336 0.5347 0.7253
vn -0.4345 0.5345 0.7249
vn -0.4355 0.5342 0.7245
vn -0.5410 -0.7186 0.4369
vn 0.0072 -1.0000 -0.0060
vn 0.0052 -1.0000 -0.0056
vn 0.0311 -0.9985 -0.0445
vn 0.0433 -0.9965 -0.0721
vn 0.0003 -1.0000 -0.0005
vn 0.0033 -1.0000 -0.0055
vn 0.0058 -0.9999 -0.0096
vn -0.4714 0.0014 0.8819
vn -0.4944 -0.0003 0.8692
vn -0.5023 -0.0388 0.8638
vn -0.5021 0.0197 0.8646
vn -0.5140 0.0201 0.8576
vn -0.5259 0.0197 0.8503
vn -0.5335 -0.0003 0.8458
vn -0.5250 -0.0388 0.8502
vn -0.5136 -0.0441 0.8569
vn -0.3823 -0.0485 0.9228
vn -0.3827 -0.0028 0.9239
vn -0.4038 -0.0038 0.9148
vn -0.4110 -0.0560 0.9099
vn -0.4147 0.0197 0.9097
vn -0.4275 0.0201 0.9038
vn -0.4400 0.0197 0.8978
vn -0.4481 -0.0003 0.8940
vn -0.4391 -0.0430 0.8974
vn -0.4207 -0.0985 0.9018
vn -0.4263 -0.0557 0.9029
vn -0.2899 -0.0485 0.9558
vn -0.2903 -0.0028 0.9569
vn -0.3122 -0.0038 0.9500
vn -0.3197 -0.0606 0.9456
vn -0.3235 0.0197 0.9460
vn -0.3368 0.0201 0.9414
vn -0.3500 0.0197 0.9365
vn -0.3614 -0.0038 0.9324
vn -0.3528 -0.0606 0.9337
vn -0.3345 -0.1193 0.9348
vn -0.3361 -0.0693 0.9393
vn -0.1932 -0.0279 0.9808
vn -0.1951 0.0014 0.9808
vn -0.2208 -0.0003 0.9753
vn -0.2299 -0.0430 0.9723
vn -0.2295 0.0197 0.9731
vn -0.2429 0.0201 0.9698
vn -0.2566 0.0197 0.9663
vn -0.2682 -0.0038 0.9633
vn -0.2595 -0.0560 0.9641
vn -0.2469 -0.0985 0.9640
vn -0.2432 -0.0557 0.9684
vn 0.0002 -1.0000 -0.0021
vn -0.0023 -0.9999 -0.0124
vn -0.0025 -0.9999 -0.0128
vn -0.0533 -0.8392 0.5413
vn 0.1551 -0.8208 0.5498
vn 0.0269 -0.9522 -0.3043
vn 0.0116 -0.9854 -0.1701
vn -0.0012 -0.9998 -0.0184
vn -0.0980 -0.0146 0.9951
vn -0.1475 0.0636 0.9870
vn -0.1370 0.3621 0.9220
vn -0.1429 0.1909 0.9712
vn -0.1463 0.1818 0.9724
vn -0.1203 0.5600 0.8197
vn -0.1247 0.5267 0.8409
vn -0.1289 0.4923 0.8608
vn -0.3326 -0.7186 0.6107
vn 0.0044 -1.0000 -0.0083
vn 0.0027 -1.0000 -0.0072
vn 0.0117 -0.9985 -0.0530
vn 0.0124 -0.9965 -0.0831
vn 0.0012 -1.0000 -0.0072
vn 0.0021 -0.9999 -0.0127
vn -0.0980 0.0042 0.9952
vn -0.1263 0.0021 0.9920
vn -0.1362 -0.0298 0.9902
vn -0.1331 0.0198 0.9909
vn -0.1467 0.0201 0.9890
vn -0.1604 0.0197 0.9869
vn -0.1692 -0.0003 0.9856
vn -0.1597 -0.0380 0.9864
vn -0.1477 -0.0386 0.9883
vn -0.0012 -1.0000 -0.0075
vn -0.0027 -1.0000 -0.0091
vn 0.2070 -0.7186 0.6638
vn 0.0041 -0.9965 -0.0840
vn -0.0012 -0.9985 -0.0542
vn -0.0033 -0.9999 -0.0153
vn -0.0018 -0.0271 0.9996
vn -0.0479 0.0636 0.9968
vn -0.0455 0.3615 0.9313
vn -0.0462 0.1819 0.9822
vn -0.0493 0.1909 0.9804
vn -0.0416 0.4894 0.8711
vn -0.0418 0.5256 0.8497
vn -0.0419 0.5606 0.8270
vn -0.2594 -0.8208 0.5090
vn 0.0050 -0.9999 -0.0121
vn 0.0046 -0.9999 -0.0118
vn 0.0048 -0.9998 -0.0178
vn 0.0218 -0.9853 -0.1693
vn 0.0330 -0.9521 -0.3040
vn -0.0001 -1.0000 -0.0007
vn 0.0002 -1.0000 -0.0073
vn 0.0005 -0.9999 -0.0128
vn -0.0000 0.0014 1.0000
vn -0.0263 -0.0003 0.9997
vn -0.0358 -0.0380 0.9986
vn -0.0352 0.0197 0.9992
vn -0.0491 0.0201 0.9986
vn -0.0628 0.0198 0.9978
vn -0.0696 0.0021 0.9976
vn -0.0596 -0.0298 0.9978
vn -0.0480 -0.0386 0.9981
vn 0.0998 -0.0272 0.9946
vn 0.0980 0.0014 0.9952
vn 0.0718 -0.0003 0.9974
vn 0.0622 -0.0391 0.9973
vn 0.0629 0.0197 0.9978
vn 0.0491 0.0201 0.9986
vn 0.0352 0.0197 0.9992
vn 0.0263 -0.0003 0.9997
vn 0.0358 -0.0391 0.9986
vn 0.0489 -0.0762 0.9959
vn 0.0490 -0.0445 0.9978
vn -0.0027 -1.0000 -0.0072
vn -0.0044 -1.0000 -0.0083
vn 0.3326 -0.7186 0.6107
vn -0.0124 -0.9965 -0.0832
vn -0.0117 -0.9985 -0.0530
vn -0.0061 -0.9999 -0.0139
vn 0.1932 -0.0272 0.9808
vn 0.1465 0.0572 0.9876
vn 0.1367 0.3643 0.9212
vn 0.1462 0.1822 0.9723
vn 0.1423 0.1823 0.9729
vn 0.1252 0.5336 0.8364
vn 0.1241 0.5339 0.8364
vn 0.1230 0.5342 0.8364
vn -0.1410 -0.7187 0.6809
vn 0.0018 -1.0000 -0.0092
vn 0.0005 -1.0000 -0.0076
vn -0.0042 -0.9985 -0.0541
vn -0.0123 -0.9965 -0.0832
vn -0.0001 -1.0000 -0.0006
vn -0.0009 -1.0000 -0.0063
vn -0.0016 -0.9999 -0.0111
vn 0.1951 0.0014 0.9808
vn 0.1692 -0.0003 0.9856
vn 0.1597 -0.0388 0.9864
vn 0.1604 0.0197 0.9869
vn 0.1467 0.0201 0.9890
vn 0.1330 0.0197 0.9909
vn 0.1241 -0.0003 0.9923
vn 0.1335 -0.0388 0.9903
vn 0.1466 -0.0440 0.9882
vn 0.2919 -0.0272 0.9561
vn 0.2903 0.0014 0.9569
vn 0.2650 -0.0003 0.9642
vn 0.2556 -0.0391 0.9660
vn 0.2564 0.0197 0.9664
vn 0.2429 0.0201 0.9698
vn 0.2295 0.0197 0.9731
vn 0.2208 -0.0003 0.9753
vn 0.2300 -0.0391 0.9724
vn 0.2423 -0.0762 0.9672
vn 0.2427 -0.0445 0.9691
vn -0.0040 -1.0000 -0.0065
vn -0.0059 -1.0000 -0.0073
vn 0.4453 -0.7186 0.5341
vn -0.0284 -0.9965 -0.0792
vn -0.0219 -0.9985 -0.0497
vn -0.0087 -0.9999 -0.0125
vn 0.3808 -0.0280 0.9242
vn 0.3363 0.0572 0.9400
vn 0.3137 0.3643 0.8768
vn 0.3331 0.1822 0.9251
vn 0.3294 0.1823 0.9264
vn 0.2859 0.5336 0.7959
vn 0.2849 0.5339 0.7961
vn 0.2838 0.5342 0.7963
vn -0.0054 -0.7186 0.6954
vn -0.0001 -1.0000 -0.0094
vn -0.0010 -1.0000 -0.0076
vn -0.0012 -0.9999 -0.0151
vn -0.0146 -0.9985 -0.0522
vn -0.0283 -0.9965 -0.0792
vn -0.0002 -1.0000 -0.0006
vn -0.0022 -1.0000 -0.0060
vn -0.0038 -0.9999 -0.0106
vn 0.3827 0.0014 0.9239
vn 0.3583 -0.0003 0.9336
vn 0.3490 -0.0388 0.9363
vn 0.3499 0.0197 0.9366
vn 0.3368 0.0201 0.9414
vn 0.3237 0.0197 0.9459
vn 0.3153 -0.0003 0.9490
vn 0.3242 -0.0388 0.9452
vn 0.3366 -0.0440 0.9406
vn 0.4709 -0.0477 0.8809
vn 0.4714 -0.0028 0.8819
vn 0.4510 -0.0038 0.8925
vn 0.4426 -0.0560 0.8950
vn 0.4401 0.0197 0.8977
vn 0.4275 0.0201 0.9038
vn 0.4149 0.0197 0.9097
vn 0.4068 -0.0003 0.9135
vn 0.4152 -0.0430 0.9087
vn 0.4302 -0.0985 0.8973
vn 0.4275 -0.0557 0.9023
vn 0.5569 -0.0279 0.8301
vn 0.5556 0.0014 0.8315
vn 0.5335 -0.0003 0.8458
vn 0.5249 -0.0430 0.8501
vn 0.5259 0.0197 0.8503
vn 0.5140 0.0201 0.8576
vn 0.5019 0.0197 0.8647
vn 0.4915 -0.0038 0.8709
vn 0.4982 -0.0560 0.8652
vn 0.5071 -0.0985 0.8562
vn 0.5128 -0.0557 0.8567
vn -0.0013 -1.0000 -0.0016
vn -0.0104 -0.9999 -0.0072
vn -0.0109 -0.9999 -0.0073
vn 0.3450 -0.8392 0.4204
vn 0.4985 -0.8208 0.2791
vn -0.1963 -0.9521 -0.2344
vn -0.1122 -0.9853 -0.1287
vn -0.0138 -0.9998 -0.0121
vn 0.6343 -0.0146 0.7729
vn 0.5936 0.0636 0.8022
vn 0.5549 0.3629 0.7486
vn 0.5856 0.1908 0.7878
vn 0.5841 0.1821 0.7910
vn 0.4944 0.5605 0.6644
vn 0.5060 0.5278 0.6822
vn 0.5169 0.4942 0.6990
vn 0.1967 -0.7186 0.6670
vn -0.0028 -1.0000 -0.0090
vn -0.0032 -1.0000 -0.0069
vn -0.0057 -0.9999 -0.0145
vn -0.0292 -0.9985 -0.0458
vn -0.0501 -0.9965 -0.0676
vn -0.0003 -1.0000 -0.0006
vn -0.0042 -1.0000 -0.0059
vn -0.0075 -0.9999 -0.0104
vn 0.6344 0.0042 0.7730
vn 0.6121 0.0021 0.7908
vn 0.6039 -0.0298 0.7965
vn 0.6066 0.0198 0.7948
vn 0.5956 0.0201 0.8030
vn 0.5844 0.0197 0.8112
vn 0.5772 -0.0003 0.8166
vn 0.5846 -0.0380 0.8104
vn 0.5944 -0.0386 0.8032
vn -0.0062 -1.0000 -0.0045
vn -0.0083 -1.0000 -0.0045
vn 0.6158 -0.7186 0.3230
vn -0.0566 -0.9965 -0.0623
vn -0.0392 -0.9985 -0.0375
vn 0.7055 -0.0279 0.7081
vn 0.6710 0.0636 0.7387
vn 0.6263 0.3617 0.6906
vn 0.6618 0.1819 0.7272
vn 0.6584 0.1908 0.7281
vn 0.5858 0.4913 0.6445
vn 0.5713 0.5257 0.6303
vn 0.5558 0.5592 0.6151
vn 0.1765 -0.8208 0.5433
vn -0.0050 -0.9999 -0.0121
vn -0.0050 -0.9999 -0.0116
vn -0.0092 -0.9998 -0.0159
vn -0.1043 -0.9853 -0.1351
vn -0.1915 -0.9521 -0.2382
vn -0.0005 -1.0000 -0.0004
vn -0.0050 -1.0000 -0.0053
vn -0.0087 -0.9999 -0.0094
vn 0.7071 0.0014 0.7071
vn 0.6883 -0.0003 0.7255
vn 0.6808 -0.0380 0.7315
vn 0.6816 0.0197 0.7314
vn 0.6714 0.0201 0.7408
vn 0.6612 0.0198 0.7500
vn 0.6562 0.0021 0.7546
vn 0.6634 -0.0298 0.7477
vn 0.6719 -0.0386 0.7397
vn 0.7721 -0.0485 0.6337
vn 0.7730 -0.0028 0.6344
vn 0.7582 -0.0038 0.6520
vn 0.7514 -0.0560 0.6574
vn 0.7502 0.0197 0.6609
vn 0.7408 0.0201 0.6714
vn 0.7314 0.0197 0.6816
vn 0.7255 -0.0003 0.6883
vn 0.7313 -0.0430 0.6807
vn 0.7409 -0.0985 0.6644
vn 0.7402 -0.0557 0.6700
vn 0.8305 -0.0494 0.5549
vn 0.8315 -0.0028 0.5556
vn 0.8185 -0.0038 0.5745
vn 0.8121 -0.0606 0.5804
vn 0.8114 0.0197 0.5842
vn 0.8030 0.0201 0.5956
vn 0.7946 0.0197 0.6068
vn 0.7874 -0.0038 0.6165
vn 0.7911 -0.0606 0.6086
vn 0.7975 -0.1193 0.5914
vn 0.8013 -0.0693 0.5943
vn 0.8809 -0.0485 0.4708
vn 0.8819 -0.0028 0.4714
vn 0.8709 -0.0038 0.4915
vn 0.8651 -0.0606 0.4980
vn 0.8647 0.0197 0.5019
vn 0.8576 0.0201 0.5140
vn 0.8502 0.0197 0.5260
vn 0.8440 -0.0038 0.5363
vn 0.8470 -0.0606 0.5282
vn 0.8516 -0.1193 0.5104
vn 0.8557 -0.0693 0.5129
vn 0.9242 -0.0279 0.3808
vn 0.9239 0.0014 0.3827
vn 0.9135 -0.0003 0.4068
vn 0.9087 -0.0430 0.4152
vn 0.9097 0.0197 0.4149
vn 0.9038 0.0201 0.4275
vn 0.8977 0.0197 0.4401
vn 0.8925 -0.0038 0.4510
vn 0.8950 -0.0560 0.4426
vn 0.8973 -0.0985 0.4302
vn 0.9023 -0.0557 0.4275
vn -0.0003 -1.0000 -0.0001
vn -0.0020 -1.0000 -0.0006
vn -0.0126 -0.9999 -0.0002
vn -0.0131 -0.9999 -0.0000
vn 0.5205 -0.8392 0.1579
vn 0.5695 -0.8208 -0.0449
vn -0.2934 -0.9521 -0.0858
vn -0.1647 -0.9853 -0.0446
vn -0.0182 -0.9998 -0.0024
vn 0.9568 -0.0145 0.2903
vn 0.9393 0.0636 0.3372
vn 0.8777 0.3618 0.3143
vn 0.9246 0.1908 0.3296
vn 0.9252 0.1819 0.3332
vn 0.7804 0.5601 0.2779
vn 0.8007 0.5261 0.2865
vn 0.8198 0.4911 0.2946
vn 0.5341 -0.7186 0.4453
vn -0.0073 -1.0000 -0.0060
vn -0.0065 -1.0000 -0.0040
vn -0.0128 -0.9999 -0.0089
vn -0.0497 -0.9985 -0.0218
vn -0.0792 -0.9965 -0.0284
vn -0.0006 -1.0000 -0.0003
vn -0.0068 -1.0000 -0.0026
vn -0.0120 -0.9999 -0.0045
vn 0.9569 0.0042 0.2903
vn 0.9483 0.0021 0.3174
vn 0.9446 -0.0298 0.3268
vn 0.9459 0.0198 0.3239
vn 0.9414 0.0201 0.3368
vn 0.9366 0.0197 0.3499
vn 0.9336 -0.0003 0.3583
vn 0.9363 -0.0380 0.3491
vn 0.9405 -0.0386 0.3376
vn -0.0021 -1.0000 -0.0004
vn -0.0126 -0.9999 0.0010
vn -0.0131 -0.9999 0.0013
vn 0.5334 -0.8392 0.1061
vn 0.5623 -0.8208 -0.1005
vn -0.3004 -0.9521 -0.0566
vn -0.1683 -0.9853 -0.0283
vn -0.0191 -0.9998 -0.0006
vn 0.9807 -0.0145 0.1951
vn 0.9676 0.0700 0.2424
vn 0.9025 0.3666 0.2260
vn 0.9525 0.1905 0.2374
vn 0.9520 0.1906 0.2396
vn 0.8223 0.5310 0.2045
vn 0.8221 0.5308 0.2059
vn 0.8218 0.5307 0.2072
vn 0.4486 -0.8208 0.3537
vn -0.0106 -0.9999 -0.0068
vn -0.0171 -0.9998 -0.0084
vn -0.1618 -0.9853 -0.0544
vn -0.2918 -0.9521 -0.0917
vn -0.0008 -1.0000 -0.0002
vn -0.0080 -1.0000 -0.0020
vn -0.0143 -0.9999 -0.0036
vn 0.9808 0.0042 0.1951
vn 0.9748 0.0021 0.2230
vn 0.9721 -0.0291 0.2326
vn 0.9731 0.0198 0.2296
vn 0.9698 0.0201 0.2429
vn 0.9664 0.0198 0.2562
vn 0.9648 0.0021 0.2629
vn 0.9670 -0.0291 0.2531
vn 0.9695 -0.0332 0.2428
vn -0.0076 -1.0000 0.0005
vn -0.0093 -1.0000 0.0018
vn 0.6809 -0.7186 -0.1410
vn -0.0832 -0.9965 -0.0123
vn -0.0541 -0.9985 -0.0042
vn -0.0155 -0.9999 0.0018
vn 0.9946 -0.0271 0.0998
vn 0.9873 0.0636 0.1453
vn 0.9221 0.3620 0.1366
vn 0.9730 0.1820 0.1423
vn 0.9708 0.1908 0.1451
vn 0.8612 0.4922 0.1265
vn 0.8410 0.5264 0.1248
vn 0.8196 0.5596 0.1229
vn 0.4811 -0.8208 0.3081
vn -0.0116 -0.9999 -0.0061
vn -0.0112 -0.9999 -0.0058
vn -0.0172 -0.9998 -0.0065
vn -0.1662 -0.9853 -0.0383
vn -0.2991 -0.9522 -0.0626
vn -0.0007 -1.0000 -0.0000
vn -0.0072 -1.0000 -0.0009
vn -0.0127 -0.9999 -0.0017
vn 0.9952 0.0014 0.0980
vn 0.9923 -0.0003 0.1241
vn 0.9903 -0.0380 0.1335
vn 0.9909 0.0197 0.1330
vn 0.9890 0.0201 0.1467
vn 0.9869 0.0198 0.1603
vn 0.9859 0.0021 0.1671
vn 0.9871 -0.0298 0.1571
vn 0.9886 -0.0386 0.1456
vn 0.9996 -0.0272 -0.0018
vn 1.0000 0.0014 -0.0000
vn 0.9997 -0.0003 0.0263
vn 0.9986 -0.0391 0.0358
vn 0.9992 0.0197 0.0352
vn 0.9986 0.0201 0.0491
vn 0.9978 0.0197 0.0629
vn 0.9974 -0.0003 0.0718
vn 0.9973 -0.0391 0.0622
vn 0.9959 -0.0762 0.0489
vn 0.9978 -0.0445 0.0490
vn -0.0074 -1.0000 0.0019
vn -0.0087 -1.0000 0.0036
vn 0.6404 -0.7186 -0.2711
vn -0.0840 -0.9965 0.0042
vn -0.0539 -0.9985 0.0065
vn -0.0145 -0.9999 0.0047
vn 0.9950 -0.0272 -0.0962
vn 0.9972 0.0572 -0.0490
vn 0.9300 0.3647 -0.0457
vn 0.9820 0.1823 -0.0502
vn 0.9822 0.1823 -0.0463
vn 0.8439 0.5348 -0.0425
vn 0.8441 0.5346 -0.0415
vn 0.8443 0.5344 -0.0404
vn 0.6638 -0.7186 0.2070
vn -0.0090 -1.0000 -0.0027
vn -0.0075 -1.0000 -0.0012
vn -0.0148 -0.9999 -0.0033
vn -0.0542 -0.9985 -0.0012
vn -0.0840 -0.9965 0.0041
vn -0.0006 -1.0000 -0.0000
vn -0.0064 -1.0000 0.0003
vn -0.0112 -0.9999 0.0006
vn 0.9952 0.0014 -0.0980
vn 0.9974 -0.0003 -0.0718
vn 0.9973 -0.0388 -0.0622
vn 0.9978 0.0197 -0.0629
vn 0.9986 0.0201 -0.0491
vn 0.9992 0.0197 -0.0352
vn 0.9997 -0.0003 -0.0263
vn 0.9986 -0.0388 -0.0358
vn 0.9978 -0.0441 -0.0490
vn 0.9801 -0.0272 -0.1968
vn 0.9808 0.0014 -0.1951
vn 0.9856 -0.0003 -0.1692
vn 0.9864 -0.0391 -0.1597
vn 0.9869 0.0197 -0.1604
vn 0.9890 0.0201 -0.1467
vn 0.9909 0.0197 -0.1330
vn 0.9923 -0.0003 -0.1241
vn 0.9903 -0.0391 -0.1335
vn 0.9863 -0.0762 -0.1463
vn 0.9882 -0.0445 -0.1466
vn -0.0069 -1.0000 0.0034
vn -0.0078 -1.0000 0.0052
vn 0.5752 -0.7186 -0.3908
vn -0.0816 -0.9965 0.0205
vn -0.0516 -0.9985 0.0169
vn -0.0133 -0.9999 0.0074
vn 0.9571 -0.0280 -0.2884
vn 0.9684 0.0572 -0.2426
vn 0.9034 0.3643 -0.2263
vn 0.9533 0.1823 -0.2408
vn 0.9543 0.1822 -0.2370
vn 0.8198 0.5341 -0.2065
vn 0.8202 0.5339 -0.2054
vn 0.8206 0.5337 -0.2044
vn 0.6915 -0.7186 0.0736
vn -0.0094 -1.0000 -0.0009
vn -0.0076 -1.0000 0.0003
vn -0.0152 -0.9999 -0.0003
vn -0.0534 -0.9985 0.0094
vn -0.0816 -0.9965 0.0204
vn -0.0006 -1.0000 0.0001
vn -0.0062 -1.0000 0.0016
vn -0.0109 -0.9999 0.0027
vn 0.9569 0.0014 -0.2903
vn 0.9642 -0.0003 -0.2650
vn 0.9660 -0.0388 -0.2556
vn 0.9664 0.0197 -0.2564
vn 0.9698 0.0201 -0.2429
vn 0.9731 0.0197 -0.2295
vn 0.9753 -0.0003 -0.2208
vn 0.9724 -0.0388 -0.2300
vn 0.9691 -0.0440 -0.2427
vn 0.9228 -0.0485 -0.3822
vn 0.9239 -0.0028 -0.3827
vn 0.9324 -0.0038 -0.3614
vn 0.9340 -0.0560 -0.3528
vn 0.9365 0.0197 -0.3500
vn 0.9414 0.0201 -0.3368
vn 0.9459 0.0197 -0.3237
vn 0.9490 -0.0003 -0.3153
vn 0.9450 -0.0430 -0.3241
vn 0.9352 -0.0985 -0.3402
vn 0.9399 -0.0557 -0.3370
vn 0.8808 -0.0494 -0.4708
vn 0.8819 -0.0028 -0.4714
vn 0.8925 -0.0038 -0.4510
vn 0.8947 -0.0606 -0.4426
vn 0.8977 0.0197 -0.4401
vn 0.9038 0.0201 -0.4275
vn 0.9097 0.0197 -0.4147
vn 0.9148 -0.0038 -0.4038
vn 0.9097 -0.0606 -0.4108
vn 0.8975 -0.1193 -0.4245
vn 0.9018 -0.0693 -0.4265
vn 0.8304 -0.0499 -0.5549
vn 0.8315 -0.0028 -0.5556
vn 0.8440 -0.0038 -0.5363
vn 0.8470 -0.0606 -0.5282
vn 0.8502 0.0197 -0.5260
vn 0.8576 0.0201 -0.5140
vn 0.8647 0.0197 -0.5019
vn 0.8709 -0.0038 -0.4915
vn 0.8651 -0.0606 -0.4980
vn 0.8516 -0.1193 -0.5104
vn 0.8557 -0.0693 -0.5129
vn 0.7721 -0.0057 -0.6355
vn 0.7820 -0.0870 -0.6172
vn 0.7876 0.0229 -0.6157
vn 0.8021 0.0230 -0.5968
vn 0.8113 0.0200 -0.5843
vn 0.8185 -0.0038 -0.5745
vn 0.8119 -0.0633 -0.5803
vn 0.7911 -0.1481 -0.5936
vn 0.7980 -0.0867 -0.5963
vn -0.0001 -1.0000 0.0003
vn -0.0008 -1.0000 0.0020
vn -0.0014 -0.9999 0.0126
vn -0.0013 -0.9999 0.0130
vn 0.2081 -0.8392 -0.5025
vn 0.0111 -0.8208 -0.5712
vn -0.1141 -0.9522 0.2834
vn -0.0605 -0.9854 0.1594
vn -0.0042 -0.9998 0.0179
vn 0.3827 -0.0147 -0.9238
vn 0.4291 0.0597 -0.9013
vn 0.4054 0.3193 -0.8566
vn 0.4187 0.1913 -0.8878
vn 0.4218 0.1874 -0.8871
vn 0.3824 0.4430 -0.8109
vn 0.3831 0.4439 -0.8100
vn 0.3838 0.4449 -0.8092
vn 0.5712 -0.6001 -0.5601
vn -0.0041 -1.0000 0.0078
vn 0.0026 -1.0000 0.0062
vn -0.0099 -0.9999 0.0119
vn 0.0431 -0.9971 -0.0630
vn 0.1020 -0.9843 -0.1439
vn -0.0004 -1.0000 0.0006
vn -0.0032 -1.0000 0.0065
vn -0.0056 -0.9999 0.0115
vn 0.3827 0.0042 -0.9239
vn 0.4088 0.0021 -0.9126
vn 0.4179 -0.0309 -0.9080
vn 0.4151 0.0202 -0.9096
vn 0.4288 0.0230 -0.9031
vn 0.4500 0.0230 -0.8927
vn 0.4694 0.0005 -0.8830
vn 0.4479 -0.0491 -0.8928
vn 0.4298 -0.0467 -0.9017
vn -0.0010 -1.0000 0.0076
vn -0.0000 -1.0000 0.0094
vn -0.0054 -0.7186 -0.6954
vn -0.0283 -0.9965 0.0792
vn -0.0146 -0.9985 0.0522
vn -0.0012 -0.9999 0.0156
vn 0.2919 -0.0271 -0.9561
vn 0.3352 0.0636 -0.9400
vn 0.3138 0.3625 -0.8776
vn 0.3294 0.1819 -0.9265
vn 0.3318 0.1907 -0.9239
vn 0.2919 0.4932 -0.8195
vn 0.2862 0.5274 -0.7999
vn 0.2802 0.5606 -0.7793
vn 0.3960 -0.8208 -0.4118
vn -0.0083 -0.9999 0.0101
vn -0.0079 -0.9999 0.0099
vn -0.0097 -0.9998 0.0156
vn -0.0700 -0.9853 0.1557
vn -0.1198 -0.9521 0.2814
vn -0.0001 -1.0000 0.0007
vn -0.0023 -1.0000 0.0069
vn -0.0042 -0.9999 0.0121
vn 0.2903 0.0014 -0.9569
vn 0.3153 -0.0003 -0.9490
vn 0.3242 -0.0380 -0.9452
vn 0.3237 0.0197 -0.9459
vn 0.3368 0.0201 -0.9414
vn 0.3497 0.0198 -0.9366
vn 0.3562 0.0021 -0.9344
vn 0.3466 -0.0298 -0.9375
vn 0.3356 -0.0386 -0.9412
vn 0.1932 -0.0271 -0.9808
vn 0.1951 0.0014 -0.9808
vn 0.2208 -0.0003 -0.9753
vn 0.2300 -0.0391 -0.9724
vn 0.2295 0.0197 -0.9731
vn 0.2429 0.0201 -0.9698
vn 0.2564 0.0197 -0.9664
vn 0.2650 -0.0003 -0.9642
vn 0.2556 -0.0391 -0.9660
vn 0.2423 -0.0762 -0.9672
vn 0.2427 -0.0445 -0.9691
vn -0.0002 -1.0000 0.0021
vn 0.0023 -0.9999 0.0124
vn 0.0025 -0.9999 0.0128
vn 0.0533 -0.8392 -0.5413
vn -0.1551 -0.8208 -0.5498
vn -0.0269 -0.9522 0.3043
vn -0.0116 -0.9854 0.1701
vn 0.0012 -0.9998 0.0184
vn 0.0980 -0.0146 -0.9951
vn 0.1475 0.0636 -0.9870
vn 0.1370 0.3621 -0.9220
vn 0.1429 0.1909 -0.9712
vn 0.1463 0.1818 -0.9724
vn 0.1203 0.5600 -0.8197
vn 0.1247 0.5267 -0.8409
vn 0.1289 0.4923 -0.8608
vn 0.3326 -0.7186 -0.6107
vn -0.0044 -1.0000 0.0083
vn -0.0027 -1.0000 0.0072
vn -0.0117 -0.9985 0.0530
vn -0.0124 -0.9965 0.0831
vn -0.0002 -1.0000 0.0007
vn -0.0012 -1.0000 0.0072
vn -0.0021 -0.9999 0.0127
vn 0.0980 0.0042 -0.9952
vn 0.1263 0.0021 -0.9920
vn 0.1362 -0.0298 -0.9902
vn 0.1331 0.0198 -0.9909
vn 0.1467 0.0201 -0.9890
vn 0.1604 0.0197 -0.9869
vn 0.1692 -0.0003 -0.9856
vn 0.1597 -0.0380 -0.9864
vn 0.1477 -0.0386 -0.9883
vn 0.0012 -1.0000 0.0075
vn 0.0027 -1.0000 0.0091
vn -0.2070 -0.7186 -0.6638
vn -0.0041 -0.9965 0.0840
vn 0.0012 -0.9985 0.0542
vn 0.0033 -0.9999 0.0153
vn 0.0479 0.0636 -0.9968
vn 0.0455 0.3615 -0.9313
vn 0.0462 0.1819 -0.9822
vn 0.0493 0.1909 -0.9804
vn 0.0416 0.4894 -0.8711
vn 0.0418 0.5256 -0.8497
vn 0.0419 0.5606 -0.8270
vn 0.2594 -0.8208 -0.5090
vn -0.0050 -0.9999 0.0121
vn -0.0046 -0.9999 0.0118
vn -0.0048 -0.9998 0.0178
vn -0.0218 -0.9853 0.1693
vn -0.0330 -0.9521 0.3040
vn 0.0001 -1.0000 0.0007
vn -0.0002 -1.0000 0.0073
vn -0.0005 -0.9999 0.0128
vn 0.0263 -0.0003 -0.9997
vn 0.0358 -0.0380 -0.9986
vn 0.0352 0.0197 -0.9992
vn 0.0491 0.0201 -0.9986
vn 0.0628 0.0198 -0.9978
vn 0.0696 0.0021 -0.9976
vn 0.0596 -0.0298 -0.9978
vn 0.0480 -0.0386 -0.9981
vn 0.0011 -1.0000 -0.0000
vn 0.0006 -1.0000 -0.0000
vn -0.0009 -1.0000 -0.0001
vn -0.0144 -0.9999 0.0001
vn 0.0143 -0.9999 0.0015
vn 0.0301 -0.9995 0.0027
vn 0.3581 0.9333 0.0263
vn 0.2017 0.9794 0.0100
vn 0.2540 0.9670 0.0182
vn 0.0026 0.9986 -0.0533
vn -0.2017 0.9794 -0.0098
vn -0.3590 0.9333 -0.0089
vn -0.2545 0.9670 -0.0068
vn -0.0302 -0.9995 -0.0003
vn 0.0009 -1.0000 0.0001
vn -0.0011 -1.0000 -0.0002
vn -0.0006 -1.0000 -0.0001
vn -0.0143 -0.9999 -0.0013
vn 0.0141 -0.9999 0.0029
vn 0.0297 -0.9995 0.0056
vn 0.3538 0.9333 0.0613
vn 0.1997 0.9794 0.0297
vn 0.2510 0.9670 0.0430
vn 0.0078 0.9986 -0.0527
vn -0.1997 0.9794 -0.0295
vn -0.3564 0.9333 -0.0441
vn -0.2527 0.9670 -0.0317
vn -0.0300 -0.9995 -0.0032
vn 0.0010 -1.0000 0.0003
vn -0.0010 -1.0000 -0.0003
vn -0.0141 -0.9999 -0.0027
vn 0.0137 -0.9999 0.0042
vn 0.0290 -0.9995 0.0085
vn 0.3461 0.9333 0.0957
vn 0.1958 0.9794 0.0491
vn 0.2456 0.9670 0.0674
vn 0.0130 0.9986 -0.0517
vn -0.1959 0.9794 -0.0490
vn -0.3504 0.9333 -0.0788
vn -0.2483 0.9670 -0.0564
vn -0.0295 -0.9995 -0.0062
vn 0.0011 -1.0000 0.0004
vn -0.0008 -1.0000 -0.0003
vn -0.0138 -0.9999 -0.0041
vn 0.0132 -0.9999 0.0056
vn 0.0280 -0.9995 0.0113
vn 0.3351 0.9333 0.1292
vn 0.1901 0.9794 0.0681
vn 0.2378 0.9670 0.0911
vn 0.0180 0.9986 -0.0502
vn -0.1901 0.9794 -0.0679
vn -0.3410 0.9333 -0.1127
vn -0.2416 0.9670 -0.0804
vn -0.0288 -0.9995 -0.0090
vn 0.0008 -1.0000 0.0004
vn -0.0010 -1.0000 -0.0005
vn -0.0133 -0.9999 -0.0054
vn 0.0126 -0.9999 0.0068
vn 0.0267 -0.9995 0.0140
vn 0.3208 0.9333 0.1614
vn 0.1825 0.9794 0.0864
vn 0.2277 0.9670 0.1140
vn 0.0228 0.9986 -0.0482
vn -0.1826 0.9794 -0.0862
vn -0.3283 0.9333 -0.1456
vn -0.2326 0.9670 -0.1037
vn -0.0278 -0.9995 -0.0118
vn 0.0009 -1.0000 0.0006
vn 0.0007 -1.0000 0.0004
vn -0.0013 -1.0000 -0.0008
vn -0.0016 -1.0000 -0.0010
vn -0.0002 1.0000 -0.0001
vn -0.0127 -0.9999 -0.0067
vn 0.0119 -0.9999 0.0080
vn 0.0252 -0.9995 0.0165
vn 0.3034 0.9333 0.1920
vn 0.1731 0.9794 0.1039
vn 0.2154 0.9670 0.1357
vn 0.0274 0.9986 -0.0457
vn -0.1732 0.9794 -0.1037
vn -0.3124 0.9333 -0.1771
vn -0.2213 0.9670 -0.1260
vn -0.0265 -0.9995 -0.0145
vn 0.0002 1.0000 0.0001
vn 0.0012 -1.0000 0.0009
vn 0.0015 -1.0000 0.0011
vn -0.0012 -1.0000 -0.0009
vn -0.0015 -1.0000 -0.0011
vn -0.0120 -0.9999 -0.0079
vn 0.0111 -0.9999 0.0092
vn 0.0235 -0.9995 0.0189
vn 0.2832 0.9333 0.2209
vn 0.1621 0.9794 0.1203
vn 0.2011 0.9670 0.1562
vn 0.0318 0.9986 -0.0428
vn -0.1622 0.9794 -0.1202
vn -0.2936 0.9333 -0.2069
vn -0.2079 0.9670 -0.1471
vn -0.0249 -0.9995 -0.0170
vn 0.0011 -1.0000 0.0010
vn 0.0014 -1.0000 0.0012
vn -0.0011 -1.0000 -0.0010
vn -0.0013 -1.0000 -0.0013
vn -0.0112 -0.9999 -0.0091
vn 0.0101 -0.9999 0.0102
vn 0.0215 -0.9995 0.0211
vn 0.2602 0.9333 0.2476
vn 0.1495 0.9794 0.1357
vn 0.1848 0.9670 0.1752
vn 0.0358 0.9986 -0.0395
vn -0.1497 0.9794 -0.1355
vn -0.2719 0.9333 -0.2346
vn -0.1924 0.9670 -0.1668
vn -0.0232 -0.9995 -0.0194
vn 0.0010 -1.0000 0.0011
vn 0.0013 -1.0000 0.0013
vn -0.0010 -1.0000 -0.0011
vn -0.0012 -1.0000 -0.0014
vn -0.0001 1.0000 -0.0002
vn -0.0102 -0.9999 -0.0101
vn 0.0091 -0.9999 0.0112
vn 0.0194 -0.9995 0.0232
vn 0.2346 0.9333 0.2719
vn 0.1355 0.9794 0.1497
vn 0.1668 0.9670 0.1924
vn 0.0395 0.9986 -0.0358
vn -0.1357 0.9794 -0.1495
vn -0.2476 0.9333 -0.2602
vn -0.1752 0.9670 -0.1848
vn -0.0211 -0.9995 -0.0215
vn 0.0001 1.0000 0.0002
vn 0.0009 -1.0000 0.0012
vn 0.0011 -1.0000 0.0015
vn -0.0009 -1.0000 -0.0012
vn -0.0011 -1.0000 -0.0015
vn -0.0092 -0.9999 -0.0111
vn 0.0079 -0.9999 0.0120
vn 0.0170 -0.9995 0.0249
vn 0.2069 0.9333 0.2936
vn 0.1202 0.9794 0.1622
vn 0.1471 0.9670 0.2079
vn 0.0428 0.9986 -0.0318
vn -0.1204 0.9794 -0.1621
vn -0.2209 0.9333 -0.2832
vn -0.1562 0.9670 -0.2011
vn -0.0189 -0.9995 -0.0235
vn 0.0008 -1.0000 0.0013
vn 0.0010 -1.0000 0.0016
vn -0.0008 -1.0000 -0.0013
vn -0.0009 -1.0000 -0.0016
vn -0.0080 -0.9999 -0.0119
vn 0.0067 -0.9999 0.0127
vn 0.0145 -0.9995 0.0265
vn 0.1771 0.9333 0.3124
vn 0.1037 0.9794 0.1732
vn 0.1260 0.9670 0.2213
vn 0.0457 0.9986 -0.0274
vn -0.1039 0.9794 -0.1731
vn -0.1920 0.9333 -0.3035
vn -0.1357 0.9670 -0.2154
vn -0.0165 -0.9995 -0.0252
vn 0.0006 -1.0000 0.0013
vn 0.0008 -1.0000 0.0016
vn -0.0006 -1.0000 -0.0013
vn -0.0008 -1.0000 -0.0017
vn -0.0068 -0.9999 -0.0126
vn 0.0054 -0.9999 0.0133
vn 0.0118 -0.9995 0.0278
vn 0.1456 0.9333 0.3283
vn 0.0862 0.9794 0.1826
vn 0.1037 0.9670 0.2326
vn 0.0482 0.9986 -0.0228
vn -0.0864 0.9794 -0.1825
vn -0.1614 0.9333 -0.3208
vn -0.1140 0.9670 -0.2277
vn -0.0140 -0.9995 -0.0267
vn 0.0005 -1.0000 0.0014
vn 0.0007 -1.0000 0.0017
vn -0.0004 -1.0000 -0.0010
vn -0.0003 -1.0000 -0.0008
vn -0.0056 -0.9999 -0.0132
vn 0.0041 -0.9999 0.0138
vn 0.0090 -0.9995 0.0288
vn 0.1127 0.9333 0.3410
vn 0.0679 0.9794 0.1901
vn 0.0804 0.9670 0.2416
vn 0.0502 0.9986 -0.0180
vn -0.0681 0.9794 -0.1901
vn -0.1292 0.9333 -0.3351
vn -0.0911 0.9670 -0.2378
vn -0.0113 -0.9995 -0.0280
vn 0.0003 -1.0000 0.0011
vn 0.0001 -1.0000 0.0005
vn -0.0003 -1.0000 -0.0011
vn -0.0042 -0.9999 -0.0137
vn 0.0027 -0.9999 0.0141
vn 0.0062 -0.9995 0.0295
vn 0.0788 0.9333 0.3504
vn 0.0490 0.9794 0.1959
vn 0.0564 0.9670 0.2483
vn 0.0517 0.9986 -0.0130
vn -0.0491 0.9794 -0.1958
vn -0.0957 0.9333 -0.3461
vn -0.0674 0.9670 -0.2456
vn -0.0085 -0.9995 -0.0290
vn 0.0002 -1.0000 0.0011
vn 0.0001 -1.0000 0.0008
vn -0.0002 -1.0000 -0.0011
vn -0.0029 -0.9999 -0.0141
vn 0.0013 -0.9999 0.0143
vn 0.0032 -0.9995 0.0300
vn 0.0441 0.9333 0.3564
vn 0.0295 0.9794 0.1997
vn 0.0317 0.9670 0.2527
vn 0.0527 0.9986 -0.0078
vn -0.0297 0.9794 -0.1997
vn -0.0613 0.9333 -0.3538
vn -0.0430 0.9670 -0.2510
vn -0.0056 -0.9995 -0.0297
vn 0.0001 -1.0000 0.0011
vn -0.0000 -1.0000 0.0006
vn -0.0000 -1.0000 -0.0011
vn -0.0000 -1.0000 -0.0006
vn -0.0000 1.0000 -0.0002
vn -0.0015 -0.9999 -0.0143
vn -0.0001 -0.9999 0.0144
vn 0.0003 -0.9995 0.0302
vn 0.0089 0.9333 0.3590
vn 0.0098 0.9794 0.2017
vn 0.0068 0.9670 0.2545
vn 0.0533 0.9986 -0.0026
vn -0.0100 0.9794 -0.2017
vn -0.0263 0.9333 -0.3581
vn -0.0182 0.9670 -0.2540
vn -0.0027 -0.9995 -0.0301
vn -0.0000 1.0000 0.0002
vn -0.0001 -1.0000 0.0011
vn -0.0000 -1.0000 0.0009
vn 0.0001 -1.0000 -0.0011
vn 0.0001 -1.0000 -0.0009
vn -0.0001 -0.9999 -0.0144
vn -0.0015 -0.9999 0.0143
vn -0.0027 -0.9995 0.0301
vn -0.0263 0.9333 0.3581
vn -0.0100 0.9794 0.2017
vn -0.0182 0.9670 0.2540
vn 0.0533 0.9986 0.0026
vn 0.0098 0.9794 -0.2017
vn 0.0089 0.9333 -0.3590
vn 0.0068 0.9670 -0.2545
vn 0.0003 -0.9995 -0.0302
vn -0.0001 -1.0000 0.0006
vn 0.0013 -0.9999 -0.0143
vn -0.0029 -0.9999 0.0141
vn -0.0056 -0.9995 0.0297
vn -0.0613 0.9333 0.3538
vn -0.0297 0.9794 0.1997
vn -0.0430 0.9670 0.2510
vn 0.0527 0.9986 0.0078
vn 0.0295 0.9794 -0.1997
vn 0.0441 0.9333 -0.3564
vn 0.0317 0.9670 -0.2527
vn 0.0032 -0.9995 -0.0300
vn -0.0001 -1.0000 0.0004
vn 0.0002 -1.0000 -0.0008
vn 0.0027 -0.9999 -0.0141
vn -0.0042 -0.9999 0.0137
vn -0.0085 -0.9995 0.0290
vn -0.0957 0.9333 0.3461
vn -0.0491 0.9794 0.1958
vn -0.0674 0.9670 0.2456
vn 0.0517 0.9986 0.0130
vn 0.0490 0.9794 -0.1959
vn 0.0788 0.9333 -0.3504
vn 0.0564 0.9670 -0.2483
vn 0.0062 -0.9995 -0.0295
vn -0.0003 -1.0000 0.0008
vn 0.0004 -1.0000 -0.0010
vn 0.0041 -0.9999 -0.0138
vn -0.0056 -0.9999 0.0132
vn -0.0113 -0.9995 0.0280
vn -0.1292 0.9333 0.3351
vn -0.0681 0.9794 0.1901
vn -0.0911 0.9670 0.2378
vn 0.0502 0.9986 0.0180
vn 0.0679 0.9794 -0.1901
vn 0.1127 0.9333 -0.3410
vn 0.0804 0.9670 -0.2416
vn 0.0090 -0.9995 -0.0288
vn -0.0005 -1.0000 0.0010
vn -0.0004 -1.0000 0.0008
vn 0.0006 -1.0000 -0.0013
vn 0.0008 -1.0000 -0.0017
vn 0.0001 1.0000 -0.0002
vn 0.0054 -0.9999 -0.0133
vn -0.0068 -0.9999 0.0126
vn -0.0140 -0.9995 0.0267
vn -0.1614 0.9333 0.3208
vn -0.0864 0.9794 0.1825
vn -0.1140 0.9670 0.2277
vn 0.0482 0.9986 0.0228
vn 0.0862 0.9794 -0.1826
vn 0.1456 0.9333 -0.3283
vn 0.1037 0.9670 -0.2326
vn 0.0118 -0.9995 -0.0278
vn -0.0001 1.0000 0.0002
vn -0.0008 -1.0000 0.0013
vn -0.0009 -1.0000 0.0016
vn 0.0008 -1.0000 -0.0013
vn 0.0010 -1.0000 -0.0016
vn 0.0067 -0.9999 -0.0127
vn -0.0080 -0.9999 0.0119
vn -0.0165 -0.9995 0.0252
vn -0.1920 0.9333 0.3034
vn -0.1039 0.9794 0.1731
vn -0.1357 0.9670 0.2154
vn 0.0457 0.9986 0.0274
vn 0.1037 0.9794 -0.1732
vn 0.1771 0.9333 -0.3124
vn 0.1260 0.9670 -0.2213
vn 0.0145 -0.9995 -0.0265
vn -0.0009 -1.0000 0.0012
vn -0.0011 -1.0000 0.0015
vn 0.0009 -1.0000 -0.0012
vn 0.0011 -1.0000 -0.0015
vn 0.0079 -0.9999 -0.0120
vn -0.0092 -0.9999 0.0111
vn -0.0189 -0.9995 0.0235
vn -0.2209 0.9333 0.2832
vn -0.1204 0.9794 0.1621
vn -0.1562 0.9670 0.2011
vn 0.0428 0.9986 0.0318
vn 0.1202 0.9794 -0.1622
vn 0.2069 0.9333 -0.2935
vn 0.1471 0.9670 -0.2079
vn 0.0170 -0.9995 -0.0249
vn -0.0010 -1.0000 0.0011
vn -0.0012 -1.0000 0.0014
vn -0.0005 -1.0000 -0.0000
vn 0.0007 -1.0000 -0.0008
vn 0.0006 -1.0000 -0.0006
vn 0.0091 -0.9999 -0.0112
vn -0.0102 -0.9999 0.0101
vn -0.0211 -0.9995 0.0215
vn -0.2476 0.9333 0.2602
vn -0.1357 0.9794 0.1495
vn -0.1752 0.9670 0.1848
vn 0.0395 0.9986 0.0358
vn 0.1355 0.9794 -0.1497
vn 0.2346 0.9333 -0.2719
vn 0.1668 0.9670 -0.1924
vn 0.0194 -0.9995 -0.0232
vn -0.0008 -1.0000 0.0008
vn -0.0004 -1.0000 0.0004
vn 0.0007 -1.0000 -0.0006
vn 0.0101 -0.9999 -0.0102
vn -0.0112 -0.9999 0.0091
vn -0.0232 -0.9995 0.0194
vn -0.2719 0.9333 0.2346
vn -0.1497 0.9794 0.1355
vn -0.1924 0.9670 0.1668
vn 0.0358 0.9986 0.0395
vn 0.1495 0.9794 -0.1357
vn 0.2602 0.9333 -0.2476
vn 0.1848 0.9670 -0.1752
vn 0.0215 -0.9995 -0.0211
vn -0.0007 -1.0000 0.0005
vn 0.0009 -1.0000 -0.0007
vn 0.0005 -1.0000 -0.0003
vn 0.0111 -0.9999 -0.0092
vn -0.0120 -0.9999 0.0079
vn -0.0249 -0.9995 0.0170
vn -0.2936 0.9333 0.2069
vn -0.1622 0.9794 0.1202
vn -0.2079 0.9670 0.1471
vn 0.0318 0.9986 0.0428
vn 0.1621 0.9794 -0.1204
vn 0.2832 0.9333 -0.2209
vn 0.2011 0.9670 -0.1562
vn 0.0235 -0.9995 -0.0189
vn -0.0009 -1.0000 0.0006
vn 0.0001 -1.0000 -0.0005
vn 0.0013 -1.0000 -0.0008
vn 0.0016 -1.0000 -0.0009
vn 0.0002 1.0000 -0.0001
vn 0.0119 -0.9999 -0.0080
vn -0.0127 -0.9999 0.0067
vn -0.0265 -0.9995 0.0145
vn -0.3124 0.9333 0.1771
vn -0.1732 0.9794 0.1037
vn -0.2213 0.9670 0.1260
vn 0.0274 0.9986 0.0457
vn 0.1731 0.9794 -0.1039
vn 0.3034 0.9333 -0.1920
vn 0.2154 0.9670 -0.1357
vn 0.0252 -0.9995 -0.0165
vn -0.0002 1.0000 0.0001
vn -0.0013 -1.0000 0.0006
vn -0.0017 -1.0000 0.0008
vn 0.0010 -1.0000 -0.0005
vn 0.0008 -1.0000 -0.0004
vn 0.0126 -0.9999 -0.0068
vn -0.0133 -0.9999 0.0054
vn -0.0278 -0.9995 0.0118
vn -0.3283 0.9333 0.1456
vn -0.1826 0.9794 0.0862
vn -0.2326 0.9670 0.1037
vn 0.0228 0.9986 0.0482
vn 0.1825 0.9794 -0.0864
vn 0.3208 0.9333 -0.1614
vn 0.2277 0.9670 -0.1140
vn 0.0267 -0.9995 -0.0140
vn -0.0010 -1.0000 0.0004
vn 0.0011 -1.0000 -0.0004
vn 0.0132 -0.9999 -0.0056
vn -0.0138 -0.9999 0.0041
vn -0.0288 -0.9995 0.0090
vn -0.3410 0.9333 0.1127
vn -0.1901 0.9794 0.0679
vn -0.2416 0.9670 0.0804
vn 0.0180 0.9986 0.0502
vn 0.1901 0.9794 -0.0681
vn 0.3351 0.9333 -0.1292
vn 0.2378 0.9670 -0.0911
vn 0.0280 -0.9995 -0.0113
vn -0.0010 -1.0000 0.0003
vn -0.0008 -1.0000 0.0002
vn 0.0010 -1.0000 -0.0003
vn 0.0008 -1.0000 -0.0002
vn 0.0137 -0.9999 -0.0042
vn -0.0141 -0.9999 0.0027
vn -0.0295 -0.9995 0.0062
vn -0.3504 0.9333 0.0788
vn -0.1959 0.9794 0.0490
vn -0.2483 0.9670 0.0564
vn 0.0130 0.9986 0.0517
vn 0.1958 0.9794 -0.0491
vn 0.3461 0.9333 -0.0957
vn 0.2456 0.9670 -0.0674
vn 0.0290 -0.9995 -0.0085
vn -0.0011 -1.0000 0.0002
vn 0.0011 -1.0000 -0.0001
vn 0.0006 -1.0000 -0.0001
vn 0.0141 -0.9999 -0.0029
vn -0.0143 -0.9999 0.0013
vn -0.0300 -0.9995 0.0032
vn -0.3564 0.9333 0.0441
vn -0.1997 0.9794 0.0295
vn -0.2527 0.9670 0.0317
vn 0.0078 0.9986 0.0527
vn 0.1997 0.9794 -0.0297
vn 0.3538 0.9333 -0.0613
vn 0.2510 0.9670 -0.0430
vn 0.0297 -0.9995 -0.0056
vn -0.0011 -1.0000 0.0001
vn 0.0002 1.0000 -0.0000
vn 0.0143 -0.9999 -0.0015
vn -0.0144 -0.9999 -0.0001
vn -0.0302 -0.9995 0.0003
vn -0.3590 0.9333 0.0089
vn -0.2017 0.9794 0.0098
vn -0.2545 0.9670 0.0068
vn 0.0026 0.9986 0.0533
vn 0.2017 0.9794 -0.0100
vn 0.3581 0.9333 -0.0263
vn 0.2540 0.9670 -0.0182
vn 0.0301 -0.9995 -0.0027
vn -0.0002 1.0000 -0.0000
vn -0.0011 -1.0000 -0.0000
vn 0.0144 -0.9999 -0.0001
vn -0.0143 -0.9999 -0.0015
vn -0.0301 -0.9995 -0.0027
vn -0.3581 0.9333 -0.0263
vn -0.2017 0.9794 -0.0100
vn -0.2540 0.9670 -0.0182
vn -0.0026 0.9986 0.0533
vn 0.2017 0.9794 0.0098
vn 0.3590 0.9333 0.0089
vn 0.2545 0.9670 0.0068
vn 0.0302 -0.9995 0.0003
vn 0.0011 -1.0000 0.0002
vn 0.0006 -1.0000 0.0001
vn 0.0143 -0.9999 0.0013
vn -0.0141 -0.9999 -0.0029
vn -0.0297 -0.9995 -0.0056
vn -0.3538 0.9333 -0.0613
vn -0.1997 0.9794 -0.0297
vn -0.2510 0.9670 -0.0430
vn -0.0078 0.9986 0.0527
vn 0.1997 0.9794 0.0295
vn 0.3564 0.9333 0.0441
vn 0.2527 0.9670 0.0317
vn 0.0300 -0.9995 0.0032
vn 0.0014 -1.0000 0.0004
vn 0.0018 -1.0000 0.0005
vn 0.0141 -0.9999 0.0027
vn -0.0137 -0.9999 -0.0042
vn -0.0290 -0.9995 -0.0085
vn -0.3461 0.9333 -0.0957
vn -0.1958 0.9794 -0.0491
vn -0.2456 0.9670 -0.0674
vn -0.0130 0.9986 0.0517
vn 0.1959 0.9794 0.0490
vn 0.3504 0.9333 0.0788
vn 0.2483 0.9670 0.0564
vn 0.0295 -0.9995 0.0062
vn -0.0014 -1.0000 -0.0005
vn -0.0018 -1.0000 -0.0006
vn 0.0014 -1.0000 0.0005
vn 0.0017 -1.0000 0.0007
vn 0.0138 -0.9999 0.0041
vn -0.0132 -0.9999 -0.0056
vn -0.0280 -0.9995 -0.0113
vn -0.3351 0.9333 -0.1292
vn -0.1901 0.9794 -0.0681
vn -0.2378 0.9670 -0.0911
vn -0.0180 0.9986 0.0502
vn 0.1901 0.9794 0.0679
vn 0.3410 0.9333 0.1127
vn 0.2416 0.9670 0.0804
vn 0.0288 -0.9995 0.0090
vn -0.0013 -1.0000 -0.0006
vn -0.0017 -1.0000 -0.0008
vn 0.0010 -1.0000 0.0005
vn 0.0133 -0.9999 0.0054
vn -0.0126 -0.9999 -0.0068
vn -0.0267 -0.9995 -0.0140
vn -0.3208 0.9333 -0.1614
vn -0.1825 0.9794 -0.0864
vn -0.2277 0.9670 -0.1140
vn -0.0228 0.9986 0.0482
vn 0.1826 0.9794 0.0862
vn 0.3283 0.9333 0.1456
vn 0.2326 0.9670 0.1037
vn 0.0278 -0.9995 0.0118
vn -0.0010 -1.0000 -0.0006
vn -0.0005 -1.0000 -0.0003
vn 0.0005 -1.0000 0.0003
vn 0.0127 -0.9999 0.0067
vn -0.0119 -0.9999 -0.0080
vn -0.0252 -0.9995 -0.0165
vn -0.3034 0.9333 -0.1920
vn -0.1731 0.9794 -0.1039
vn -0.2154 0.9670 -0.1357
vn -0.0274 0.9986 0.0457
vn 0.1732 0.9794 0.1037
vn 0.3124 0.9333 0.1771
vn 0.2213 0.9670 0.1260
vn 0.0265 -0.9995 0.0145
vn -0.0009 -1.0000 -0.0006
vn -0.0007 -1.0000 -0.0005
vn 0.0120 -0.9999 0.0079
vn -0.0111 -0.9999 -0.0092
vn -0.0235 -0.9995 -0.0189
vn -0.2832 0.9333 -0.2209
vn -0.1621 0.9794 -0.1203
vn -0.2011 0.9670 -0.1562
vn -0.0318 0.9986 0.0428
vn 0.1622 0.9794 0.1202
vn 0.2936 0.9333 0.2069
vn 0.2079 0.9670 0.1471
vn 0.0249 -0.9995 0.0170
vn -0.0014 -1.0000 -0.0012
vn 0.0112 -0.9999 0.0091
vn -0.0101 -0.9999 -0.0102
vn -0.0215 -0.9995 -0.0211
vn -0.2602 0.9333 -0.2476
vn -0.1495 0.9794 -0.1357
vn -0.1848 0.9670 -0.1752
vn -0.0358 0.9986 0.0395
vn 0.1497 0.9794 0.1355
vn 0.2719 0.9333 0.2346
vn 0.1924 0.9670 0.1668
vn 0.0232 -0.9995 0.0194
vn 0.0012 -1.0000 0.0014
vn 0.0102 -0.9999 0.0101
vn -0.0091 -0.9999 -0.0112
vn -0.0194 -0.9995 -0.0232
vn -0.2346 0.9333 -0.2719
vn -0.1355 0.9794 -0.1497
vn -0.1668 0.9670 -0.1924
vn -0.0395 0.9986 0.0358
vn 0.1357 0.9794 0.1495
vn 0.2476 0.9333 0.2602
vn 0.1752 0.9670 0.1848
vn 0.0211 -0.9995 0.0215
vn 0.0092 -0.9999 0.0111
vn -0.0079 -0.9999 -0.0120
vn -0.0170 -0.9995 -0.0249
vn -0.2069 0.9333 -0.2936
vn -0.1202 0.9794 -0.1622
vn -0.1471 0.9670 -0.2079
vn -0.0428 0.9986 0.0318
vn 0.1204 0.9794 0.1621
vn 0.2209 0.9333 0.2832
vn 0.1562 0.9670 0.2011
vn 0.0189 -0.9995 0.0235
vn -0.0010 -1.0000 -0.0016
vn 0.0009 -1.0000 0.0016
vn 0.0080 -0.9999 0.0119
vn -0.0067 -0.9999 -0.0127
vn -0.0145 -0.9995 -0.0265
vn -0.1771 0.9333 -0.3124
vn -0.1037 0.9794 -0.1732
vn -0.1260 0.9670 -0.2213
vn -0.0457 0.9986 0.0274
vn 0.1039 0.9794 0.1731
vn 0.1920 0.9333 0.3035
vn 0.1357 0.9670 0.2154
vn 0.0165 -0.9995 0.0252
vn 0.0008 -1.0000 0.0017
vn 0.0068 -0.9999 0.0126
vn -0.0054 -0.9999 -0.0133
vn -0.0118 -0.9995 -0.0278
vn -0.1456 0.9333 -0.3283
vn -0.0862 0.9794 -0.1826
vn -0.1037 0.9670 -0.2326
vn -0.0482 0.9986 0.0228
vn 0.0864 0.9794 0.1825
vn 0.1614 0.9333 0.3208
vn 0.1140 0.9670 0.2277
vn 0.0140 -0.9995 0.0267
vn -0.0005 -1.0000 -0.0014
vn -0.0007 -1.0000 -0.0017
vn 0.0006 -1.0000 0.0018
vn 0.0056 -0.9999 0.0132
vn -0.0041 -0.9999 -0.0138
vn -0.0090 -0.9995 -0.0288
vn -0.1127 0.9333 -0.3410
vn -0.0679 0.9794 -0.1901
vn -0.0804 0.9670 -0.2416
vn -0.0502 0.9986 0.0180
vn 0.0681 0.9794 0.1901
vn 0.1292 0.9333 0.3351
vn 0.0911 0.9670 0.2378
vn 0.0113 -0.9995 0.0280
vn -0.0004 -1.0000 -0.0014
vn -0.0005 -1.0000 -0.0018
vn 0.0003 -1.0000 0.0010
vn 0.0002 -1.0000 0.0008
vn 0.0042 -0.9999 0.0137
vn -0.0027 -0.9999 -0.0141
vn -0.0062 -0.9995 -0.0295
vn -0.0788 0.9333 -0.3504
vn -0.0490 0.9794 -0.1959
vn -0.0564 0.9670 -0.2483
vn -0.0517 0.9986 0.0130
vn 0.0491 0.9794 0.1958
vn 0.0957 0.9333 0.3461
vn 0.0674 0.9670 0.2456
vn 0.0085 -0.9995 0.0290
vn 0.0001 -1.0000 0.0009
vn 0.0029 -0.9999 0.0141
vn -0.0013 -0.9999 -0.0143
vn -0.0032 -0.9995 -0.0300
vn -0.0441 0.9333 -0.3564
vn -0.0295 0.9794 -0.1997
vn -0.0317 0.9670 -0.2527
vn -0.0527 0.9986 0.0078
vn 0.0297 0.9794 0.1997
vn 0.0613 0.9333 0.3538
vn 0.0430 0.9670 0.2510
vn 0.0056 -0.9995 0.0297
vn -0.0001 -1.0000 -0.0009
vn 0.0015 -0.9999 0.0143
vn 0.0001 -0.9999 -0.0144
vn -0.0003 -0.9995 -0.0302
vn -0.0089 0.9333 -0.3590
vn -0.0098 0.9794 -0.2017
vn -0.0068 0.9670 -0.2545
vn -0.0533 0.9986 0.0026
vn 0.0100 0.9794 0.2017
vn 0.0263 0.9333 0.3581
vn 0.0182 0.9670 0.2540
vn 0.0027 -0.9995 0.0301
vn -0.0001 -1.0000 0.0009
vn 0.0001 -0.9999 0.0144
vn 0.0015 -0.9999 -0.0143
vn 0.0027 -0.9995 -0.0301
vn 0.0263 0.9333 -0.3581
vn 0.0100 0.9794 -0.2017
vn 0.0182 0.9670 -0.2540
vn -0.0533 0.9986 -0.0026
vn -0.0098 0.9794 0.2017
vn -0.0089 0.9333 0.3590
vn -0.0068 0.9670 0.2545
vn -0.0003 -0.9995 0.0302
vn -0.0013 -0.9999 0.0143
vn 0.0029 -0.9999 -0.0141
vn 0.0056 -0.9995 -0.0297
vn 0.0613 0.9333 -0.3538
vn 0.0297 0.9794 -0.1997
vn 0.0430 0.9670 -0.2510
vn -0.0527 0.9986 -0.0078
vn -0.0295 0.9794 0.1997
vn -0.0441 0.9333 0.3564
vn -0.0317 0.9670 0.2527
vn -0.0032 -0.9995 0.0300
vn 0.0002 -1.0000 -0.0009
vn -0.0002 -1.0000 0.0008
vn -0.0027 -0.9999 0.0141
vn 0.0042 -0.9999 -0.0137
vn 0.0085 -0.9995 -0.0290
vn 0.0957 0.9333 -0.3461
vn 0.0491 0.9794 -0.1958
vn 0.0674 0.9670 -0.2456
vn -0.0517 0.9986 -0.0130
vn -0.0490 0.9794 0.1959
vn -0.0788 0.9333 0.3504
vn -0.0564 0.9670 0.2483
vn -0.0062 -0.9995 0.0295
vn 0.0003 -1.0000 -0.0008
vn -0.0041 -0.9999 0.0138
vn 0.0056 -0.9999 -0.0132
vn 0.0113 -0.9995 -0.0280
vn 0.1292 0.9333 -0.3351
vn 0.0681 0.9794 -0.1901
vn 0.0911 0.9670 -0.2378
vn -0.0502 0.9986 -0.0180
vn -0.0679 0.9794 0.1901
vn -0.1127 0.9333 0.3410
vn -0.0804 0.9670 0.2416
vn -0.0090 -0.9995 0.0288
vn 0.0004 -1.0000 -0.0008
vn -0.0002 -1.0000 0.0005
vn -0.0054 -0.9999 0.0133
vn 0.0068 -0.9999 -0.0126
vn 0.0140 -0.9995 -0.0267
vn 0.1614 0.9333 -0.3208
vn 0.0864 0.9794 -0.1825
vn 0.1140 0.9670 -0.2277
vn -0.0482 0.9986 -0.0228
vn -0.0862 0.9794 0.1826
vn -0.1456 0.9333 0.3283
vn -0.1037 0.9670 0.2326
vn -0.0118 -0.9995 0.0278
vn 0.0006 -1.0000 -0.0009
vn 0.0004 -1.0000 -0.0007
vn -0.0010 -1.0000 0.0016
vn -0.0067 -0.9999 0.0127
vn 0.0080 -0.9999 -0.0119
vn 0.0165 -0.9995 -0.0252
vn 0.1920 0.9333 -0.3034
vn 0.1039 0.9794 -0.1731
vn 0.1357 0.9670 -0.2154
vn -0.0457 0.9986 -0.0274
vn -0.1037 0.9794 0.1732
vn -0.1771 0.9333 0.3124
vn -0.1260 0.9670 0.2213
vn -0.0145 -0.9995 0.0265
vn -0.0006 -1.0000 0.0009
vn -0.0005 -1.0000 0.0007
vn -0.0079 -0.9999 0.0120
vn 0.0092 -0.9999 -0.0111
vn 0.0189 -0.9995 -0.0235
vn 0.2209 0.9333 -0.2832
vn 0.1204 0.9794 -0.1621
vn 0.1562 0.9670 -0.2011
vn -0.0428 0.9986 -0.0318
vn -0.1202 0.9794 0.1622
vn -0.2069 0.9333 0.2935
vn -0.1471 0.9670 0.2079
vn -0.0170 -0.9995 0.0249
vn 0.0004 -1.0000 -0.0004
vn -0.0091 -0.9999 0.0112
vn 0.0102 -0.9999 -0.0101
vn 0.0211 -0.9995 -0.0215
vn 0.2476 0.9333 -0.2602
vn 0.1357 0.9794 -0.1495
vn 0.1752 0.9670 -0.1848
vn -0.0395 0.9986 -0.0358
vn -0.1355 0.9794 0.1497
vn -0.2346 0.9333 0.2719
vn -0.1668 0.9670 0.1924
vn -0.0194 -0.9995 0.0232
vn 0.0008 -1.0000 -0.0007
vn -0.0000 -1.0000 0.0005
vn -0.0011 -1.0000 0.0010
vn -0.0014 -1.0000 0.0012
vn -0.0101 -0.9999 0.0102
vn 0.0112 -0.9999 -0.0091
vn 0.0232 -0.9995 -0.0194
vn 0.2719 0.9333 -0.2346
vn 0.1497 0.9794 -0.1355
vn 0.1924 0.9670 -0.1668
vn -0.0358 0.9986 -0.0395
vn -0.1495 0.9794 0.1357
vn -0.2602 0.9333 0.2476
vn -0.1848 0.9670 0.1752
vn -0.0215 -0.9995 0.0211
vn 0.0012 -1.0000 -0.0009
vn 0.0015 -1.0000 -0.0011
vn -0.0012 -1.0000 0.0009
vn -0.0015 -1.0000 0.0011
vn -0.0111 -0.9999 0.0092
vn 0.0120 -0.9999 -0.0079
vn 0.0249 -0.9995 -0.0170
vn 0.2936 0.9333 -0.2069
vn 0.1622 0.9794 -0.1202
vn 0.2079 0.9670 -0.1471
vn -0.0318 0.9986 -0.0428
vn -0.1621 0.9794 0.1204
vn -0.2832 0.9333 0.2209
vn -0.2011 0.9670 0.1562
vn -0.0235 -0.9995 0.0189
vn 0.0016 -1.0000 -0.0010
vn -0.0013 -1.0000 0.0008
vn -0.0016 -1.0000 0.0009
vn -0.0119 -0.9999 0.0080
vn 0.0127 -0.9999 -0.0067
vn 0.0265 -0.9995 -0.0145
vn 0.3124 0.9333 -0.1771
vn 0.1732 0.9794 -0.1037
vn 0.2213 0.9670 -0.1260
vn -0.0274 0.9986 -0.0457
vn -0.1731 0.9794 0.1039
vn -0.3034 0.9333 0.1920
vn -0.2154 0.9670 0.1357
vn -0.0252 -0.9995 0.0165
vn 0.0013 -1.0000 -0.0006
vn 0.0017 -1.0000 -0.0008
vn -0.0126 -0.9999 0.0068
vn 0.0133 -0.9999 -0.0054
vn 0.0278 -0.9995 -0.0118
vn 0.3283 0.9333 -0.1456
vn 0.1826 0.9794 -0.0862
vn 0.2326 0.9670 -0.1037
vn -0.0228 0.9986 -0.0482
vn -0.1825 0.9794 0.0864
vn -0.3208 0.9333 0.1614
vn -0.2277 0.9670 0.1140
vn -0.0267 -0.9995 0.0140
vn 0.0014 -1.0000 -0.0005
vn 0.0017 -1.0000 -0.0007
vn -0.0014 -1.0000 0.0005
vn -0.0017 -1.0000 0.0006
vn -0.0132 -0.9999 0.0056
vn 0.0138 -0.9999 -0.0041
vn 0.0288 -0.9995 -0.0090
vn 0.3410 0.9333 -0.1127
vn 0.1901 0.9794 -0.0679
vn 0.2416 0.9670 -0.0804
vn -0.0180 0.9986 -0.0502
vn -0.1901 0.9794 0.0681
vn -0.3351 0.9333 0.1292
vn -0.2378 0.9670 0.0911
vn -0.0280 -0.9995 0.0113
vn 0.0014 -1.0000 -0.0004
vn 0.0018 -1.0000 -0.0005
vn -0.0014 -1.0000 0.0004
vn -0.0018 -1.0000 0.0004
vn -0.0137 -0.9999 0.0042
vn 0.0141 -0.9999 -0.0027
vn 0.0295 -0.9995 -0.0062
vn 0.3504 0.9333 -0.0788
vn 0.1959 0.9794 -0.0490
vn 0.2483 0.9670 -0.0564
vn -0.0130 0.9986 -0.0517
vn -0.1958 0.9794 0.0491
vn -0.3461 0.9333 0.0957
vn -0.2456 0.9670 0.0674
vn -0.0290 -0.9995 0.0085
vn 0.0015 -1.0000 -0.0002
vn 0.0018 -1.0000 -0.0003
vn -0.0015 -1.0000 0.0002
vn -0.0018 -1.0000 0.0002
vn -0.0141 -0.9999 0.0029
vn 0.0143 -0.9999 -0.0013
vn 0.0300 -0.9995 -0.0032
vn 0.3564 0.9333 -0.0441
vn 0.1997 0.9794 -0.0295
vn 0.2527 0.9670 -0.0317
vn -0.0078 0.9986 -0.0527
vn -0.1997 0.9794 0.0297
vn -0.3538 0.9333 0.0613
vn -0.2510 0.9670 0.0430
vn -0.0297 -0.9995 0.0056
vn 0.0015 -1.0000 -0.0001
vn 0.0018 -1.0000 -0.0001
vn -0.0008 -1.0000 -0.0000
vn -0.0143 -0.9999 0.0015
vn 0.0144 -0.9999 0.0001
vn 0.0302 -0.9995 -0.0003
vn 0.3590 0.9333 -0.0089
vn 0.2017 0.9794 -0.0098
vn 0.2545 0.9670 -0.0068
vn -0.0026 0.9986 -0.0533
vn -0.2017 0.9794 0.0100
vn -0.3581 0.9333 0.0263
vn -0.2540 0.9670 0.0182
vn -0.0301 -0.9995 0.0027
vt 1.000000 0.666667
vt 1.000000 0.833333
vt 0.992188 0.838220
vt 0.992188 0.712834
vt 1.000000 1.000000
vt 0.992188 1.000000
vt 0.984375 1.000000
vt 0.984375 0.836677
vt 0.984375 0.681818
vt 0.976563 0.838477
vt 0.976563 0.713863
vt 0.976563 1.000000
vt 0.968750 1.000000
vt 0.968750 0.836677
vt 0.968750 0.681818
vt 0.960938 0.838477
vt 0.960938 0.713863
vt 0.960938 1.000000
vt 0.953125 1.000000
vt 0.953125 0.836677
vt 0.953125 0.681818
vt 0.945313 0.838477
vt 0.945313 0.713863
vt 0.945313 1.000000
vt 0.937500 1.000000
vt 0.937500 0.836677
vt 0.937500 0.681818
vt 0.929688 0.838591
vt 0.929688 0.714316
vt 0.929688 1.000000
vt 0.921875 1.000000
vt 0.921875 0.836551
vt 0.921875 0.686667
vt 0.914063 0.836597
vt 0.914008 0.693611
vt 0.914063 1.000000
vt 0.906250 1.000000
vt 0.906250 0.836806
vt 0.906250 0.694444
vt 0.898438 0.836806
vt 0.898438 0.694445
vt 0.898438 1.000000
vt 0.890625 1.000000
vt 0.890625 0.836806
vt 0.890625 0.694444
vt 0.882813 0.836806
vt 0.882813 0.694445
vt 0.882813 1.000000
vt 0.875000 1.000000
vt 0.875000 0.836806
vt 0.875000 0.694444
vt 0.867188 0.836597
vt 0.867242 0.693611
vt 0.867188 1.000000
vt 0.859375 1.000000
vt 0.859375 0.836551
vt 0.859375 0.686667
vt 0.851562 0.838591
vt 0.851563 0.714316
vt 0.851563 1.000000
vt 0.843750 1.000000
vt 0.843750 0.836677
vt 0.843750 0.681818
vt 0.835938 0.838477
vt 0.835938 0.713863
vt 0.835938 1.000000
vt 0.828125 1.000000
vt 0.828125 0.836677
vt 0.828125 0.681818
vt 0.820313 0.838477
vt 0.820313 0.713863
vt 0.820313 1.000000
vt 0.812500 1.000000
vt 0.812500 0.836677
vt 0.812500 0.681818
vt 0.804688 0.838477
vt 0.804688 0.713863
vt 0.804688 1.000000
vt 0.796875 1.000000
vt 0.796875 0.836677
vt 0.796875 0.681818
vt 0.789063 0.838477
vt 0.789063 0.713863
vt 0.789063 1.000000
vt 0.781250 1.000000
vt 0.781250 0.836677
vt 0.781250 0.681818
vt 0.773438 0.838477
vt 0.773438 0.713863
vt 0.773438 1.000000
vt 0.765625 1.000000
vt 0.765625 0.836677
vt 0.765625 0.681818
vt 0.757813 0.838477
vt 0.757813 0.713863
vt 0.757813 1.000000
vt 0.750000 1.000000
vt 0.750000 0.836677
vt 0.750000 0.681818
vt 0.742188 0.838477
vt 0.742188 0.713863
vt 0.742188 1.000000
vt 0.734375 1.000000
vt 0.734375 0.836677
vt 0.734375 0.681818
vt 0.726562 0.838477
vt 0.726563 0.713863
vt 0.726563 1.000000
vt 0.718750 1.000000
vt 0.718750 0.836677
vt 0.718750 0.681818
vt 0.710938 0.838477
vt 0.710938 0.713863
vt 0.710938 1.000000
vt 0.703125 1.000000
vt 0.703125 0.836677
vt 0.703125 0.681818
vt 0.695313 0.838477
vt 0.695313 0.713863
vt 0.695313 1.000000
vt 0.687500 1.000000
vt 0.687500 0.836677
vt 0.687500 0.681818
vt 0.679688 0.838477
vt 0.679688 0.713863
vt 0.679688 1.000000
vt 0.671875 1.000000
vt 0.671875 0.836677
vt 0.671875 0.681818
vt 0.664063 0.838477
vt 0.664063 0.713863
vt 0.664063 1.000000
vt 0.656250 1.000000
vt 0.656250 0.836677
vt 0.656250 0.681818
vt 0.648438 0.838477
vt 0.648438 0.713863
vt 0.648438 1.000000
vt 0.640625 1.000000
vt 0.640625 0.836677
vt 0.640625 0.681818
vt 0.632813 0.838477
vt 0.632813 0.713863
vt 0.632813 1.000000
vt 0.625000 1.000000
vt 0.625000 0.836677
vt 0.625000 0.681818
vt 0.617188 0.838477
vt 0.617188 0.713863
vt 0.617188 1.000000
vt 0.609375 1.000000
vt 0.609375 0.836677
vt 0.609375 0.681818
vt 0.601562 0.838477
vt 0.601563 0.713863
vt 0.601563 1.000000
vt 0.593750 1.000000
vt 0.593750 0.836677
vt 0.593750 0.681818
vt 0.585937 0.838477
vt 0.585938 0.713863
vt 0.585938 1.000000
vt 0.578125 1.000000
vt 0.578125 0.836677
vt 0.578125 0.681818
vt 0.570312 0.838477
vt 0.570312 0.713863
vt 0.570313 1.000000
vt 0.562500 1.000000
vt 0.562500 0.836677
vt 0.562500 0.681818
vt 0.554688 0.838477
vt 0.554688 0.713863
vt 0.554688 1.000000
vt 0.546875 1.000000
vt 0.546875 0.836677
vt 0.546875 0.681818
vt 0.539063 0.838477
vt 0.539063 0.713863
vt 0.539063 1.000000
vt 0.531250 1.000000
vt 0.531250 0.836677
vt 0.531250 0.681818
vt 0.523438 0.838477
vt 0.523438 0.713863
vt 0.523438 1.000000
vt 0.515625 1.000000
vt 0.515625 0.836677
vt 0.515625 0.681818
vt 0.507812 0.838477
vt 0.507812 0.713863
vt 0.507813 1.000000
vt 0.500000 1.000000
vt 0.500000 0.836677
vt 0.500000 0.681818
vt 0.492188 0.838477
vt 0.492188 0.713863
vt 0.492188 1.000000
vt 0.484375 1.000000
vt 0.484375 0.836677
vt 0.484375 0.681818
vt 0.476563 0.838477
vt 0.476563 0.713863
vt 0.476563 1.000000
vt 0.468750 1.000000
vt 0.468750 0.836677
vt 0.468750 0.681818
vt 0.460938 0.838477
vt 0.460938 0.713863
vt 0.460938 1.000000
vt 0.453125 1.000000
vt 0.453125 0.836677
vt 0.453125 0.681818
vt 0.445313 0.838477
vt 0.445313 0.713863
vt 0.445313 1.000000
vt 0.437500 1.000000
vt 0.437500 0.836677
vt 0.437500 0.681818
vt 0.429688 0.838477
vt 0.429688 0.713863
vt 0.429688 1.000000
vt 0.421875 1.000000
vt 0.421875 0.836677
vt 0.421875 0.681818
vt 0.414063 0.838477
vt 0.414063 0.713863
vt 0.414063 1.000000
vt 0.406250 1.000000
vt 0.406250 0.836677
vt 0.406250 0.681818
vt 0.398438 0.838477
vt 0.398438 0.713863
vt 0.398438 1.000000
vt 0.390625 1.000000
vt 0.390625 0.836677
vt 0.390625 0.681818
vt 0.382812 0.838477
vt 0.382812 0.713863
vt 0.382813 1.000000
vt 0.375000 1.000000
vt 0.375000 0.836677
vt 0.375000 0.681818
vt 0.367188 0.838477
vt 0.367188 0.713863
vt 0.367188 1.000000
vt 0.359375 1.000000
vt 0.359375 0.836677
vt 0.359375 0.681818
vt 0.351563 0.838477
vt 0.351563 0.713863
vt 0.351563 1.000000
vt 0.343750 1.000000
vt 0.343750 0.836677
vt 0.343750 0.681818
vt 0.335938 0.838477
vt 0.335938 0.713863
vt 0.335938 1.000000
vt 0.328125 1.000000
vt 0.328125 0.836677
vt 0.328125 0.681818
vt 0.320313 0.838477
vt 0.320313 0.713863
vt 0.320313 1.000000
vt 0.312500 1.000000
vt 0.312500 0.836677
vt 0.312500 0.681818
vt 0.304688 0.838477
vt 0.304688 0.713863
vt 0.304688 1.000000
vt 0.296875 1.000000
vt 0.296875 0.836677
vt 0.296875 0.681818
vt 0.289063 0.838477
vt 0.289063 0.713863
vt 0.289063 1.000000
vt 0.281250 1.000000
vt 0.281250 0.836677
vt 0.281250 0.681818
vt 0.273438 0.838477
vt 0.273438 0.713863
vt 0.273438 1.000000
vt 0.265625 1.000000
vt 0.265625 0.836677
vt 0.265625 0.681818
vt 0.257813 0.838477
vt 0.257813 0.713863
vt 0.257813 1.000000
vt 0.250000 1.000000
vt 0.250000 0.836677
vt 0.250000 0.681818
vt 0.242188 0.838477
vt 0.242188 0.713863
vt 0.242188 1.000000
vt 0.234375 1.000000
vt 0.234375 0.836677
vt 0.234375 0.681818
vt 0.226563 0.838477
vt 0.226563 0.713863
vt 0.226563 1.000000
vt 0.218750 1.000000
vt 0.218750 0.836677
vt 0.218750 0.681818
vt 0.210938 0.838477
vt 0.210938 0.713863
vt 0.210938 1.000000
vt 0.203125 1.000000
vt 0.203125 0.836677
vt 0.203125 0.681818
vt 0.195312 0.838477
vt 0.195313 0.713863
vt 0.195313 1.000000
vt 0.187500 1.000000
vt 0.187500 0.836677
vt 0.187500 0.681818
vt 0.179688 0.838477
vt 0.179688 0.713863
vt 0.179688 1.000000
vt 0.171875 1.000000
vt 0.171875 0.836677
vt 0.171875 0.681818
vt 0.164063 0.838477
vt 0.164063 0.713863
vt 0.164063 1.000000
vt 0.156250 1.000000
vt 0.156250 0.836677
vt 0.156250 0.681818
vt 0.148438 0.838477
vt 0.148438 0.713863
vt 0.148438 1.000000
vt 0.140625 1.000000
vt 0.140625 0.836677
vt 0.140625 0.681818
vt 0.132812 0.838477
vt 0.132813 0.713863
vt 0.132813 1.000000
vt 0.125000 1.000000
vt 0.125000 0.836677
vt 0.125000 0.681818
vt 0.117188 0.838477
vt 0.117188 0.713863
vt 0.117188 1.000000
vt 0.109375 1.000000
vt 0.109375 0.836677
vt 0.109375 0.681818
vt 0.101562 0.838477
vt 0.101562 0.713863
vt 0.101563 1.000000
vt 0.093750 1.000000
vt 0.093750 0.836677
vt 0.093750 0.681818
vt 0.085938 0.838591
vt 0.085938 0.714316
vt 0.085938 1.000000
vt 0.078125 1.000000
vt 0.078125 0.836551
vt 0.078125 0.686667
vt 0.070312 0.836389
vt 0.070312 0.692778
vt 0.070313 1.000000
vt 0.062500 1.000000
vt 0.062500 0.836551
vt 0.062500 0.686667
vt 0.054688 0.838591
vt 0.054688 0.714316
vt 0.054688 1.000000
vt 0.046875 1.000000
vt 0.046875 0.836677
vt 0.046875 0.681818
vt 0.039062 0.838477
vt 0.039062 0.713863
vt 0.039063 1.000000
vt 0.031250 1.000000
vt 0.031250 0.836677
vt 0.031250 0.681818
vt 0.231179 0.058906
vt 0.241643 0.079898
vt 0.250000 0.250000
vt 0.225011 0.081536
vt 0.250000 0.057981
vt 0.258357 0.079898
vt 0.241643 0.079898
vt 0.268821 0.058906
vt 0.274989 0.081536
vt 0.258357 0.079898
vt 0.287461 0.061671
vt 0.291381 0.084797
vt 0.305740 0.066250
vt 0.307375 0.089649
vt 0.291381 0.084797
vt 0.323482 0.072598
vt 0.322816 0.096044
vt 0.340517 0.080655
vt 0.337555 0.103923
vt 0.322816 0.096044
vt 0.356680 0.090342
vt 0.351452 0.113208
vt 0.337555 0.103923
vt 0.371815 0.101568
vt 0.364371 0.123811
vt 0.351452 0.113208
vt 0.385778 0.114222
vt 0.376189 0.135629
vt 0.364371 0.123811
vt 0.398432 0.128185
vt 0.386792 0.148548
vt 0.376189 0.135629
vt 0.409658 0.143320
vt 0.396077 0.162445
vt 0.386792 0.148548
vt 0.419345 0.159483
vt 0.403956 0.177184
vt 0.396077 0.162445
vt 0.427402 0.176518
vt 0.410351 0.192625
vt 0.403956 0.177184
vt 0.433750 0.194260
vt 0.415203 0.208619
vt 0.410351 0.192625
vt 0.438329 0.212539
vt 0.418464 0.225011
vt 0.415203 0.208619
vt 0.441094 0.231179
vt 0.420102 0.241643
vt 0.418464 0.225011
vt 0.442019 0.250000
vt 0.420102 0.258357
vt 0.441094 0.268821
vt 0.418464 0.274989
vt 0.420102 0.258357
vt 0.438329 0.287461
vt 0.415203 0.291381
vt 0.433750 0.305740
vt 0.410351 0.307375
vt 0.415203 0.291381
vt 0.427402 0.323482
vt 0.403956 0.322816
vt 0.410351 0.307375
vt 0.419345 0.340517
vt 0.396077 0.337555
vt 0.403956 0.322816
vt 0.409658 0.356680
vt 0.386792 0.351452
vt 0.398432 0.371815
vt 0.376189 0.364371
vt 0.386792 0.351452
vt 0.385778 0.385778
vt 0.364371 0.376189
vt 0.376189 0.364371
vt 0.371815 0.398432
vt 0.351452 0.386792
vt 0.364371 0.376189
vt 0.356680 0.409658
vt 0.337555 0.396077
vt 0.351452 0.386792
vt 0.340517 0.419345
vt 0.322816 0.403956
vt 0.337555 0.396077
vt 0.323482 0.427402
vt 0.307375 0.410351
vt 0.322816 0.403956
vt 0.305740 0.433750
vt 0.291381 0.415203
vt 0.307375 0.410352
vt 0.287461 0.438329
vt 0.274989 0.418464
vt 0.268821 0.441094
vt 0.258357 0.420102
vt 0.274989 0.418464
vt 0.250000 0.442019
vt 0.241643 0.420102
vt 0.258357 0.420102
vt 0.231179 0.441094
vt 0.225011 0.418464
vt 0.212539 0.438329
vt 0.208619 0.415203
vt 0.225011 0.418464
vt 0.194260 0.433750
vt 0.192625 0.410351
vt 0.208619 0.415203
vt 0.176518 0.427402
vt 0.177184 0.403956
vt 0.192625 0.410351
vt 0.159483 0.419345
vt 0.162445 0.396077
vt 0.177184 0.403956
vt 0.143320 0.409658
vt 0.148548 0.386792
vt 0.128185 0.398432
vt 0.135629 0.376189
vt 0.148548 0.386792
vt 0.114222 0.385778
vt 0.123811 0.364371
vt 0.135629 0.376189
vt 0.101568 0.371815
vt 0.113208 0.351452
vt 0.123811 0.364371
vt 0.090342 0.356680
vt 0.103923 0.337555
vt 0.113208 0.351452
vt 0.080655 0.340517
vt 0.096044 0.322816
vt 0.072598 0.323482
vt 0.089649 0.307375
vt 0.096044 0.322816
vt 0.066250 0.305740
vt 0.084797 0.291381
vt 0.061671 0.287461
vt 0.081536 0.274989
vt 0.084797 0.291381
vt 0.058906 0.268821
vt 0.079898 0.258357
vt 0.057981 0.250000
vt 0.079898 0.241643
vt 0.079898 0.258357
vt 0.058906 0.231179
vt 0.081536 0.225011
vt 0.061671 0.212539
vt 0.084797 0.208619
vt 0.081536 0.225011
vt 0.066250 0.194260
vt 0.089649 0.192625
vt 0.084797 0.208619
vt 0.072598 0.176518
vt 0.096044 0.177184
vt 0.089649 0.192625
vt 0.080655 0.159483
vt 0.103923 0.162445
vt 0.096044 0.177184
vt 0.090342 0.143320
vt 0.113208 0.148548
vt 0.103923 0.162445
vt 0.101568 0.128185
vt 0.123811 0.135629
vt 0.113208 0.148548
vt 0.114222 0.114222
vt 0.135629 0.123811
vt 0.123811 0.135629
vt 0.128185 0.101568
vt 0.148548 0.113208
vt 0.135629 0.123811
vt 0.143320 0.090342
vt 0.162445 0.103923
vt 0.148548 0.113208
vt 0.159483 0.080655
vt 0.177184 0.096044
vt 0.162445 0.103923
vt 0.176518 0.072598
vt 0.192625 0.089649
vt 0.177184 0.096044
vt 0.194260 0.066250
vt 0.208619 0.084797
vt 0.192625 0.089649
vt 0.212539 0.061671
vt 0.225011 0.081536
vt 0.023438 0.838477
vt 0.023438 0.713863
vt 0.023438 1.000000
vt 0.015625 1.000000
vt 0.015625 0.836677
vt 0.015625 0.681818
vt 0.007813 0.838220
vt 0.007812 0.712834
vt 0.007813 1.000000
vt 0.000000 1.000000
vt 0.000000 0.833333
vt 0.000000 0.666667
vt 0.750000 0.019133
vt 0.738686 0.019689
vt 0.750001 0.250000
vt 0.761315 0.019689
vt 0.727371 0.020245
vt 0.716166 0.021907
vt 0.738686 0.019689
vt 0.704960 0.023569
vt 0.693971 0.026321
vt 0.716166 0.021907
vt 0.682983 0.029074
vt 0.672317 0.032890
vt 0.661651 0.036707
vt 0.651411 0.041550
vt 0.641170 0.046393
vt 0.631454 0.052217
vt 0.651411 0.041550
vt 0.621737 0.058041
vt 0.612638 0.064789
vt 0.603539 0.071537
vt 0.595146 0.079145
vt 0.586752 0.086752
vt 0.579145 0.095146
vt 0.595146 0.079145
vt 0.571537 0.103539
vt 0.564789 0.112638
vt 0.579145 0.095146
vt 0.558041 0.121737
vt 0.552217 0.131454
vt 0.546394 0.141170
vt 0.541550 0.151410
vt 0.536707 0.161651
vt 0.532890 0.172317
vt 0.529074 0.182983
vt 0.526322 0.193971
vt 0.523569 0.204960
vt 0.521907 0.216166
vt 0.526322 0.193971
vt 0.520245 0.227371
vt 0.519689 0.238685
vt 0.519133 0.250000
vt 0.519689 0.261315
vt 0.520245 0.272629
vt 0.521907 0.283834
vt 0.523569 0.295040
vt 0.526321 0.306028
vt 0.529074 0.317017
vt 0.532890 0.327683
vt 0.536707 0.338349
vt 0.541550 0.348590
vt 0.532890 0.327683
vt 0.546393 0.358830
vt 0.552217 0.368546
vt 0.541550 0.348590
vt 0.558041 0.378263
vt 0.564789 0.387362
vt 0.552217 0.368546
vt 0.571538 0.396461
vt 0.579145 0.404854
vt 0.586752 0.413248
vt 0.595146 0.420855
vt 0.603539 0.428463
vt 0.612638 0.435211
vt 0.621737 0.441959
vt 0.631454 0.447783
vt 0.612638 0.435211
vt 0.641170 0.453607
vt 0.651411 0.458450
vt 0.661651 0.463293
vt 0.672317 0.467110
vt 0.682983 0.470926
vt 0.693972 0.473679
vt 0.704960 0.476431
vt 0.716166 0.478093
vt 0.693972 0.473679
vt 0.727371 0.479755
vt 0.738685 0.480311
vt 0.716166 0.478093
vt 0.750000 0.480867
vt 0.761315 0.480311
vt 0.738685 0.480311
vt 0.772629 0.479755
vt 0.783834 0.478093
vt 0.761315 0.480311
vt 0.795040 0.476431
vt 0.806028 0.473678
vt 0.817017 0.470926
vt 0.827683 0.467110
vt 0.838349 0.463293
vt 0.848589 0.458450
vt 0.858830 0.453607
vt 0.868546 0.447783
vt 0.878263 0.441959
vt 0.887362 0.435211
vt 0.896461 0.428463
vt 0.904854 0.420855
vt 0.913248 0.413248
vt 0.920855 0.404854
vt 0.904854 0.420855
vt 0.928462 0.396461
vt 0.935211 0.387362
vt 0.941959 0.378263
vt 0.947783 0.368546
vt 0.935211 0.387362
vt 0.953607 0.358830
vt 0.958450 0.348590
vt 0.947783 0.368546
vt 0.963293 0.338349
vt 0.967110 0.327683
vt 0.958450 0.348590
vt 0.970926 0.317017
vt 0.973679 0.306028
vt 0.976431 0.295040
vt 0.978093 0.283834
vt 0.979755 0.272629
vt 0.980311 0.261315
vt 0.980867 0.250000
vt 0.980311 0.238685
vt 0.979755 0.227371
vt 0.978093 0.216166
vt 0.976431 0.204960
vt 0.973679 0.193971
vt 0.970926 0.182983
vt 0.967110 0.172317
vt 0.973679 0.193971
vt 0.963293 0.161651
vt 0.958450 0.151410
vt 0.967110 0.172317
vt 0.953607 0.141170
vt 0.947783 0.131454
vt 0.941959 0.121737
vt 0.935211 0.112638
vt 0.928463 0.103539
vt 0.920855 0.095146
vt 0.913248 0.086752
vt 0.904854 0.079145
vt 0.896461 0.071537
vt 0.887362 0.064789
vt 0.878263 0.058041
vt 0.868546 0.052217
vt 0.858830 0.046393
vt 0.848589 0.041550
vt 0.838349 0.036707
vt 0.827683 0.032890
vt 0.817017 0.029074
vt 0.806029 0.026322
vt 0.795040 0.023569
vt 0.783834 0.021907
vt 0.772629 0.020245
vt 0.761315 0.019689
vt 0.783834 0.021907
vt 0.015625 0.500000
vt 0.015625 0.501029
vt 0.007813 0.500257
vt 0.007813 0.500000
vt 0.015625 0.515152
vt 0.007813 0.502186
vt 0.000000 0.500000
vt 0.000000 0.500000
vt 0.011719 0.541667
vt 0.012575 0.583333
vt 0.007813 0.583333
vt 0.007813 0.532536
vt 0.011719 0.625000
vt 0.007813 0.634131
vt 0.003906 0.625000
vt 0.003050 0.583333
vt 0.003906 0.541667
vt 0.031250 0.500000
vt 0.031250 0.501029
vt 0.023438 0.500514
vt 0.023438 0.500000
vt 0.031250 0.515152
vt 0.023438 0.503215
vt 0.027344 0.541667
vt 0.028200 0.583333
vt 0.023438 0.583333
vt 0.023438 0.532536
vt 0.027344 0.625000
vt 0.023438 0.634131
vt 0.019531 0.625000
vt 0.018675 0.583333
vt 0.019531 0.541667
vt 0.046875 0.500000
vt 0.046875 0.501029
vt 0.039062 0.500514
vt 0.039063 0.500000
vt 0.046875 0.515152
vt 0.039062 0.503215
vt 0.042969 0.541667
vt 0.043825 0.583333
vt 0.039063 0.583333
vt 0.039063 0.532536
vt 0.042969 0.625000
vt 0.039062 0.634131
vt 0.035156 0.625000
vt 0.034300 0.583333
vt 0.035156 0.541667
vt 0.062500 0.500000
vt 0.062500 0.502060
vt 0.054688 0.500628
vt 0.054688 0.500000
vt 0.062500 0.520000
vt 0.054688 0.503668
vt 0.058594 0.541667
vt 0.059450 0.583333
vt 0.054688 0.583333
vt 0.054688 0.532536
vt 0.058594 0.625000
vt 0.054688 0.634131
vt 0.050781 0.625000
vt 0.049925 0.583333
vt 0.050781 0.541667
vt 0.078125 0.500000
vt 0.078125 0.502060
vt 0.070312 0.503056
vt 0.070313 0.500000
vt 0.078125 0.520000
vt 0.070312 0.526111
vt 0.076063 0.587454
vt 0.070312 0.589445
vt 0.064562 0.587454
vt 0.093750 0.500000
vt 0.093750 0.501029
vt 0.085938 0.500628
vt 0.085938 0.500000
vt 0.093750 0.515152
vt 0.085938 0.503668
vt 0.089844 0.541667
vt 0.090700 0.583333
vt 0.085938 0.583333
vt 0.085938 0.532536
vt 0.089844 0.625000
vt 0.085938 0.634131
vt 0.082031 0.625000
vt 0.081175 0.583333
vt 0.082031 0.541667
vt 0.109375 0.500000
vt 0.109375 0.501029
vt 0.101562 0.500514
vt 0.101563 0.500000
vt 0.109375 0.515152
vt 0.101563 0.503215
vt 0.105469 0.541667
vt 0.106325 0.583333
vt 0.101563 0.583333
vt 0.101563 0.532536
vt 0.105469 0.625000
vt 0.101563 0.634131
vt 0.097656 0.625000
vt 0.096800 0.583333
vt 0.097656 0.541667
vt 0.125000 0.500000
vt 0.122938 0.500756
vt 0.116970 0.500446
vt 0.117188 0.500000
vt 0.125000 0.511905
vt 0.117133 0.502942
vt 0.121094 0.541667
vt 0.121950 0.583333
vt 0.117188 0.583333
vt 0.117188 0.532536
vt 0.121094 0.625000
vt 0.117188 0.634131
vt 0.113281 0.625000
vt 0.112425 0.583333
vt 0.113281 0.541667
vt 0.136719 0.500000
vt 0.137575 0.500000
vt 0.132813 0.500000
vt 0.128906 0.500000
vt 0.128050 0.500000
vt 0.136719 0.541667
vt 0.137575 0.583333
vt 0.132813 0.583333
vt 0.132813 0.532536
vt 0.136719 0.625000
vt 0.132813 0.634131
vt 0.128906 0.625000
vt 0.128050 0.583333
vt 0.128906 0.541667
vt 0.156250 0.500000
vt 0.156250 0.501029
vt 0.148655 0.500446
vt 0.148438 0.500000
vt 0.156250 0.515152
vt 0.148492 0.502942
vt 0.140625 0.511905
vt 0.142687 0.500756
vt 0.140625 0.500000
vt 0.152344 0.541667
vt 0.153200 0.583333
vt 0.148438 0.583333
vt 0.148438 0.532536
vt 0.152344 0.625000
vt 0.148438 0.634131
vt 0.144531 0.625000
vt 0.143675 0.583333
vt 0.144531 0.541667
vt 0.171875 0.500000
vt 0.169813 0.500756
vt 0.163846 0.500446
vt 0.164063 0.500000
vt 0.171875 0.511905
vt 0.164008 0.502942
vt 0.167969 0.541667
vt 0.168825 0.583333
vt 0.164062 0.583333
vt 0.164062 0.532536
vt 0.167969 0.625000
vt 0.164062 0.634131
vt 0.160156 0.625000
vt 0.159300 0.583333
vt 0.160156 0.541667
vt 0.183594 0.500000
vt 0.184450 0.500000
vt 0.179688 0.500000
vt 0.179688 0.500000
vt 0.183594 0.500000
vt 0.175781 0.500000
vt 0.174925 0.500000
vt 0.183594 0.541667
vt 0.184450 0.583333
vt 0.179688 0.583333
vt 0.179688 0.532536
vt 0.183594 0.625000
vt 0.179688 0.634131
vt 0.175781 0.625000
vt 0.174925 0.583333
vt 0.175781 0.541667
vt 0.199219 0.500000
vt 0.200075 0.500000
vt 0.195313 0.500000
vt 0.191406 0.500000
vt 0.190550 0.500000
vt 0.199219 0.541667
vt 0.200075 0.583333
vt 0.195313 0.583333
vt 0.195313 0.532536
vt 0.199219 0.625000
vt 0.195313 0.634131
vt 0.191406 0.625000
vt 0.190550 0.583333
vt 0.191406 0.541667
vt 0.214844 0.500000
vt 0.215700 0.500000
vt 0.210938 0.500000
vt 0.210938 0.500000
vt 0.207031 0.500000
vt 0.206175 0.500000
vt 0.214844 0.541667
vt 0.215700 0.583333
vt 0.210938 0.583333
vt 0.210938 0.532536
vt 0.214844 0.625000
vt 0.210938 0.634131
vt 0.207031 0.625000
vt 0.206175 0.583333
vt 0.207031 0.541667
vt 0.230469 0.500000
vt 0.231325 0.500000
vt 0.226563 0.500000
vt 0.230469 0.500000
vt 0.222656 0.500000
vt 0.221800 0.500000
vt 0.230469 0.541667
vt 0.231325 0.583333
vt 0.226563 0.583333
vt 0.226563 0.532536
vt 0.230469 0.625000
vt 0.226563 0.634131
vt 0.222656 0.625000
vt 0.221800 0.583333
vt 0.222656 0.541667
vt 0.246094 0.500000
vt 0.246950 0.500000
vt 0.242188 0.500000
vt 0.238281 0.500000
vt 0.237425 0.500000
vt 0.238281 0.500000
vt 0.246094 0.541667
vt 0.246950 0.583333
vt 0.242188 0.583333
vt 0.242188 0.532536
vt 0.246094 0.625000
vt 0.242188 0.634131
vt 0.238281 0.625000
vt 0.237425 0.583333
vt 0.238281 0.541667
vt 0.261719 0.500000
vt 0.262575 0.500000
vt 0.257813 0.500000
vt 0.261719 0.500000
vt 0.253906 0.500000
vt 0.253050 0.500000
vt 0.253906 0.500000
vt 0.261719 0.541667
vt 0.262575 0.583333
vt 0.257813 0.583333
vt 0.257813 0.532536
vt 0.261719 0.625000
vt 0.257813 0.634131
vt 0.253906 0.625000
vt 0.253050 0.583333
vt 0.253906 0.541667
vt 0.277344 0.500000
vt 0.278200 0.500000
vt 0.273438 0.500000
vt 0.273438 0.500000
vt 0.277344 0.500000
vt 0.269531 0.500000
vt 0.268675 0.500000
vt 0.277344 0.541667
vt 0.278200 0.583333
vt 0.273438 0.583333
vt 0.273438 0.532536
vt 0.277344 0.625000
vt 0.273438 0.634131
vt 0.269531 0.625000
vt 0.268675 0.583333
vt 0.269531 0.541667
vt 0.296875 0.500000
vt 0.296875 0.501029
vt 0.289280 0.500446
vt 0.289063 0.500000
vt 0.296875 0.515152
vt 0.289117 0.502942
vt 0.281250 0.511905
vt 0.283312 0.500756
vt 0.281250 0.500000
vt 0.292969 0.541667
vt 0.293825 0.583333
vt 0.289062 0.583333
vt 0.289062 0.532536
vt 0.292969 0.625000
vt 0.289062 0.634131
vt 0.285156 0.625000
vt 0.284300 0.583333
vt 0.285156 0.541667
vt 0.312500 0.500000
vt 0.312500 0.501029
vt 0.304688 0.500514
vt 0.304688 0.500000
vt 0.312500 0.515152
vt 0.304688 0.503215
vt 0.308594 0.541667
vt 0.309450 0.583333
vt 0.304688 0.583333
vt 0.304688 0.532536
vt 0.308594 0.625000
vt 0.304688 0.634131
vt 0.300781 0.625000
vt 0.299925 0.583333
vt 0.300781 0.541667
vt 0.328125 0.500000
vt 0.328125 0.501029
vt 0.320313 0.500514
vt 0.320313 0.500000
vt 0.328125 0.515152
vt 0.320313 0.503215
vt 0.324219 0.541667
vt 0.325075 0.583333
vt 0.320313 0.583333
vt 0.320313 0.532536
vt 0.324219 0.625000
vt 0.320313 0.634131
vt 0.316406 0.625000
vt 0.315550 0.583333
vt 0.316406 0.541667
vt 0.343750 0.500000
vt 0.343750 0.501029
vt 0.335938 0.500514
vt 0.335938 0.500000
vt 0.343750 0.515152
vt 0.335938 0.503215
vt 0.339844 0.541667
vt 0.340700 0.583333
vt 0.335938 0.583333
vt 0.335938 0.532536
vt 0.339844 0.625000
vt 0.335938 0.634131
vt 0.332031 0.625000
vt 0.331175 0.583333
vt 0.332031 0.541667
vt 0.359375 0.500000
vt 0.359375 0.501029
vt 0.351562 0.500514
vt 0.351563 0.500000
vt 0.359375 0.515152
vt 0.351563 0.503215
vt 0.355469 0.541667
vt 0.356325 0.583333
vt 0.351562 0.583333
vt 0.351562 0.532536
vt 0.355469 0.625000
vt 0.351562 0.634131
vt 0.347656 0.625000
vt 0.346800 0.583333
vt 0.347656 0.541667
vt 0.375000 0.500000
vt 0.375000 0.501029
vt 0.367188 0.500514
vt 0.367188 0.500000
vt 0.375000 0.515152
vt 0.367188 0.503215
vt 0.371094 0.541667
vt 0.371950 0.583333
vt 0.367188 0.583333
vt 0.367188 0.532536
vt 0.371094 0.625000
vt 0.367188 0.634131
vt 0.363281 0.625000
vt 0.362425 0.583333
vt 0.363281 0.541667
vt 0.390625 0.500000
vt 0.390625 0.501029
vt 0.382812 0.500514
vt 0.382813 0.500000
vt 0.390625 0.515152
vt 0.382812 0.503215
vt 0.386719 0.541667
vt 0.387575 0.583333
vt 0.382812 0.583333
vt 0.382812 0.532536
vt 0.386719 0.625000
vt 0.382812 0.634131
vt 0.378906 0.625000
vt 0.378050 0.583333
vt 0.378906 0.541667
vt 0.406250 0.500000
vt 0.404188 0.500756
vt 0.398221 0.500446
vt 0.398438 0.500000
vt 0.406250 0.511905
vt 0.398383 0.502942
vt 0.402344 0.541667
vt 0.403200 0.583333
vt 0.398438 0.583333
vt 0.398438 0.532536
vt 0.402344 0.625000
vt 0.398438 0.634131
vt 0.394531 0.625000
vt 0.393675 0.583333
vt 0.394531 0.541667
vt 0.417969 0.500000
vt 0.418825 0.500000
vt 0.414063 0.500000
vt 0.414063 0.500000
vt 0.417969 0.500000
vt 0.410156 0.500000
vt 0.409300 0.500000
vt 0.417969 0.541667
vt 0.418825 0.583333
vt 0.414063 0.583333
vt 0.414063 0.532536
vt 0.417969 0.625000
vt 0.414063 0.634131
vt 0.410156 0.625000
vt 0.409300 0.583333
vt 0.410156 0.541667
vt 0.437500 0.500000
vt 0.437500 0.501029
vt 0.429905 0.500446
vt 0.429688 0.500000
vt 0.437500 0.515152
vt 0.429742 0.502942
vt 0.421875 0.511905
vt 0.423937 0.500756
vt 0.421875 0.500000
vt 0.433594 0.541667
vt 0.434450 0.583333
vt 0.429688 0.583333
vt 0.429688 0.532536
vt 0.433594 0.625000
vt 0.429688 0.634131
vt 0.425781 0.625000
vt 0.424925 0.583333
vt 0.425781 0.541667
vt 0.453125 0.500000
vt 0.453125 0.501029
vt 0.445313 0.500514
vt 0.445313 0.500000
vt 0.453125 0.515152
vt 0.445313 0.503215
vt 0.449219 0.541667
vt 0.450075 0.583333
vt 0.445313 0.583333
vt 0.445313 0.532536
vt 0.449219 0.625000
vt 0.445313 0.634131
vt 0.441406 0.625000
vt 0.440550 0.583333
vt 0.441406 0.541667
vt 0.468750 0.500000
vt 0.466688 0.500756
vt 0.460721 0.500446
vt 0.460938 0.500000
vt 0.468750 0.511905
vt 0.460883 0.502942
vt 0.464844 0.541667
vt 0.465700 0.583333
vt 0.460938 0.583333
vt 0.460938 0.532536
vt 0.464844 0.625000
vt 0.460938 0.634131
vt 0.457031 0.625000
vt 0.456175 0.583333
vt 0.457031 0.541667
vt 0.480469 0.500000
vt 0.481325 0.500000
vt 0.476563 0.500000
vt 0.476563 0.500000
vt 0.480469 0.500000
vt 0.472656 0.500000
vt 0.471800 0.500000
vt 0.472656 0.500000
vt 0.480469 0.541667
vt 0.481325 0.583333
vt 0.476563 0.583333
vt 0.476563 0.532536
vt 0.480469 0.625000
vt 0.476563 0.634131
vt 0.472656 0.625000
vt 0.471800 0.583333
vt 0.472656 0.541667
vt 0.496094 0.500000
vt 0.496950 0.500000
vt 0.492188 0.500000
vt 0.496094 0.500000
vt 0.492188 0.500000
vt 0.488281 0.500000
vt 0.487425 0.500000
vt 0.488281 0.500000
vt 0.496094 0.541667
vt 0.496950 0.583333
vt 0.492188 0.583333
vt 0.492188 0.532536
vt 0.496094 0.625000
vt 0.492188 0.634131
vt 0.488281 0.625000
vt 0.487425 0.583333
vt 0.488281 0.541667
vt 0.515625 0.500000
vt 0.513563 0.500756
vt 0.507813 0.500378
vt 0.507813 0.500000
vt 0.515625 0.511905
vt 0.507812 0.502669
vt 0.500000 0.511905
vt 0.502062 0.500756
vt 0.500000 0.500000
vt 0.511719 0.541667
vt 0.512575 0.583333
vt 0.507813 0.583333
vt 0.507813 0.532536
vt 0.511719 0.625000
vt 0.507812 0.634131
vt 0.503906 0.625000
vt 0.503050 0.583333
vt 0.503906 0.541667
vt 0.527344 0.500000
vt 0.528200 0.500000
vt 0.523438 0.500000
vt 0.523438 0.500000
vt 0.527344 0.500000
vt 0.519531 0.500000
vt 0.518675 0.500000
vt 0.527344 0.541667
vt 0.528200 0.583333
vt 0.523438 0.583333
vt 0.523438 0.532536
vt 0.527344 0.625000
vt 0.523438 0.634131
vt 0.519531 0.625000
vt 0.518675 0.583333
vt 0.519531 0.541667
vt 0.546875 0.500000
vt 0.544813 0.500756
vt 0.539063 0.500378
vt 0.539063 0.500000
vt 0.546875 0.511905
vt 0.539063 0.502669
vt 0.531250 0.511905
vt 0.533312 0.500756
vt 0.531250 0.500000
vt 0.542969 0.541667
vt 0.543825 0.583333
vt 0.539063 0.583333
vt 0.539063 0.532536
vt 0.542969 0.625000
vt 0.539063 0.634131
vt 0.535156 0.625000
vt 0.534300 0.583333
vt 0.535156 0.541667
vt 0.558594 0.500000
vt 0.559450 0.500000
vt 0.554688 0.500000
vt 0.550781 0.500000
vt 0.549925 0.500000
vt 0.558594 0.541667
vt 0.559450 0.583333
vt 0.554688 0.583333
vt 0.554688 0.532536
vt 0.558594 0.625000
vt 0.554688 0.634131
vt 0.550781 0.625000
vt 0.549925 0.583333
vt 0.550781 0.541667
vt 0.578125 0.500000
vt 0.578125 0.501029
vt 0.570530 0.500446
vt 0.570313 0.500000
vt 0.578125 0.515152
vt 0.570367 0.502942
vt 0.562500 0.511905
vt 0.564562 0.500756
vt 0.562500 0.500000
vt 0.574219 0.541667
vt 0.575075 0.583333
vt 0.570313 0.583333
vt 0.570313 0.532536
vt 0.574219 0.625000
vt 0.570313 0.634131
vt 0.566406 0.625000
vt 0.565550 0.583333
vt 0.566406 0.541667
vt 0.593750 0.500000
vt 0.591688 0.500756
vt 0.585720 0.500446
vt 0.585938 0.500000
vt 0.593750 0.511905
vt 0.585883 0.502942
vt 0.589844 0.541667
vt 0.590700 0.583333
vt 0.585938 0.583333
vt 0.585938 0.532536
vt 0.589844 0.625000
vt 0.585938 0.634131
vt 0.582031 0.625000
vt 0.581175 0.583333
vt 0.582031 0.541667
vt 0.605469 0.500000
vt 0.606325 0.500000
vt 0.601563 0.500000
vt 0.601562 0.500000
vt 0.597656 0.500000
vt 0.596800 0.500000
vt 0.605469 0.541667
vt 0.606325 0.583333
vt 0.601563 0.583333
vt 0.601562 0.532536
vt 0.605469 0.625000
vt 0.601562 0.634131
vt 0.597656 0.625000
vt 0.596800 0.583333
vt 0.597656 0.541667
vt 0.621094 0.500000
vt 0.621950 0.500000
vt 0.617188 0.500000
vt 0.617188 0.500000
vt 0.621094 0.500000
vt 0.613281 0.500000
vt 0.612425 0.500000
vt 0.613281 0.500000
vt 0.621094 0.541667
vt 0.621950 0.583333
vt 0.617188 0.583333
vt 0.617188 0.532536
vt 0.621094 0.625000
vt 0.617188 0.634131
vt 0.613281 0.625000
vt 0.612425 0.583333
vt 0.613281 0.541667
vt 0.640625 0.500000
vt 0.640625 0.501029
vt 0.633030 0.500446
vt 0.632813 0.500000
vt 0.640625 0.515152
vt 0.632867 0.502942
vt 0.625000 0.511905
vt 0.627062 0.500756
vt 0.625000 0.500000
vt 0.636719 0.541667
vt 0.637575 0.583333
vt 0.632813 0.583333
vt 0.632813 0.532536
vt 0.636719 0.625000
vt 0.632813 0.634131
vt 0.628906 0.625000
vt 0.628050 0.583333
vt 0.628906 0.541667
vt 0.656250 0.500000
vt 0.656250 0.501029
vt 0.648438 0.500514
vt 0.648438 0.500000
vt 0.656250 0.515152
vt 0.648438 0.503215
vt 0.652344 0.541667
vt 0.653200 0.583333
vt 0.648438 0.583333
vt 0.648438 0.532536
vt 0.652344 0.625000
vt 0.648438 0.634131
vt 0.644531 0.625000
vt 0.643675 0.583333
vt 0.644531 0.541667
vt 0.671875 0.500000
vt 0.671875 0.501029
vt 0.664063 0.500514
vt 0.664063 0.500000
vt 0.671875 0.515152
vt 0.664063 0.503215
vt 0.667969 0.541667
vt 0.668825 0.583333
vt 0.664063 0.583333
vt 0.664063 0.532536
vt 0.667969 0.625000
vt 0.664063 0.634131
vt 0.660156 0.625000
vt 0.659300 0.583333
vt 0.660156 0.541667
vt 0.687500 0.500000
vt 0.685438 0.500756
vt 0.679471 0.500446
vt 0.679688 0.500000
vt 0.687500 0.511905
vt 0.679633 0.502942
vt 0.683594 0.541667
vt 0.684450 0.583333
vt 0.679688 0.583333
vt 0.679688 0.532536
vt 0.683594 0.625000
vt 0.679688 0.634131
vt 0.675781 0.625000
vt 0.674925 0.583333
vt 0.675781 0.541667
vt 0.699219 0.500000
vt 0.700075 0.500000
vt 0.695313 0.500000
vt 0.691406 0.500000
vt 0.690550 0.500000
vt 0.699219 0.541667
vt 0.700075 0.583333
vt 0.695313 0.583333
vt 0.695313 0.532536
vt 0.699219 0.625000
vt 0.695313 0.634131
vt 0.691406 0.625000
vt 0.690550 0.583333
vt 0.691406 0.541667
vt 0.714844 0.500000
vt 0.715700 0.500000
vt 0.710938 0.500000
vt 0.707031 0.500000
vt 0.706175 0.500000
vt 0.714844 0.541667
vt 0.715700 0.583333
vt 0.710938 0.583333
vt 0.710938 0.532536
vt 0.714844 0.625000
vt 0.710938 0.634131
vt 0.707031 0.625000
vt 0.706175 0.583333
vt 0.707031 0.541667
vt 0.730469 0.500000
vt 0.731325 0.500000
vt 0.726562 0.500000
vt 0.730469 0.500000
vt 0.722656 0.500000
vt 0.721800 0.500000
vt 0.730469 0.541667
vt 0.731325 0.583333
vt 0.726562 0.583333
vt 0.726562 0.532536
vt 0.730469 0.625000
vt 0.726562 0.634131
vt 0.722656 0.625000
vt 0.721800 0.583333
vt 0.722656 0.541667
vt 0.750000 0.500000
vt 0.747938 0.500756
vt 0.742188 0.500378
vt 0.742188 0.500000
vt 0.750000 0.511905
vt 0.742188 0.502669
vt 0.734375 0.511905
vt 0.736437 0.500756
vt 0.734375 0.500000
vt 0.746094 0.541667
vt 0.746950 0.583333
vt 0.742188 0.583333
vt 0.742188 0.532536
vt 0.746094 0.625000
vt 0.742188 0.634131
vt 0.738281 0.625000
vt 0.737425 0.583333
vt 0.738281 0.541667
vt 0.761719 0.500000
vt 0.762575 0.500000
vt 0.757812 0.500000
vt 0.757813 0.500000
vt 0.753906 0.500000
vt 0.753050 0.500000
vt 0.761719 0.541667
vt 0.762575 0.583333
vt 0.757812 0.583333
vt 0.757813 0.532536
vt 0.761719 0.625000
vt 0.757813 0.634131
vt 0.753906 0.625000
vt 0.753050 0.583333
vt 0.753906 0.541667
vt 0.781250 0.500000
vt 0.779188 0.500756
vt 0.773437 0.500378
vt 0.773438 0.500000
vt 0.781250 0.511905
vt 0.773438 0.502669
vt 0.765625 0.511905
vt 0.767687 0.500756
vt 0.765625 0.500000
vt 0.777344 0.541667
vt 0.778200 0.583333
vt 0.773438 0.583333
vt 0.773438 0.532536
vt 0.777344 0.625000
vt 0.773438 0.634131
vt 0.769531 0.625000
vt 0.768675 0.583333
vt 0.769531 0.541667
vt 0.792969 0.500000
vt 0.793825 0.500000
vt 0.789062 0.500000
vt 0.792969 0.500000
vt 0.785156 0.500000
vt 0.784300 0.500000
vt 0.792969 0.541667
vt 0.793825 0.583333
vt 0.789062 0.583333
vt 0.789062 0.532536
vt 0.792969 0.625000
vt 0.789062 0.634131
vt 0.785156 0.625000
vt 0.784300 0.583333
vt 0.785156 0.541667
vt 0.812500 0.500000
vt 0.812500 0.501029
vt 0.804905 0.500446
vt 0.804688 0.500000
vt 0.812500 0.515152
vt 0.804742 0.502942
vt 0.796875 0.511905
vt 0.798937 0.500756
vt 0.796875 0.500000
vt 0.808594 0.541667
vt 0.809450 0.583333
vt 0.804688 0.583333
vt 0.804688 0.532536
vt 0.808594 0.625000
vt 0.804688 0.634131
vt 0.800781 0.625000
vt 0.799925 0.583333
vt 0.800781 0.541667
vt 0.828125 0.500000
vt 0.828125 0.501029
vt 0.820313 0.500514
vt 0.820313 0.500000
vt 0.828125 0.515152
vt 0.820313 0.503215
vt 0.824219 0.541667
vt 0.825075 0.583333
vt 0.820313 0.583333
vt 0.820313 0.532536
vt 0.824219 0.625000
vt 0.820313 0.634131
vt 0.816406 0.625000
vt 0.815550 0.583333
vt 0.816406 0.541667
vt 0.843750 0.500000
vt 0.843750 0.501029
vt 0.835938 0.500514
vt 0.835938 0.500000
vt 0.843750 0.515152
vt 0.835938 0.503215
vt 0.839844 0.541667
vt 0.840700 0.583333
vt 0.835938 0.583333
vt 0.835938 0.532536
vt 0.839844 0.625000
vt 0.835938 0.634131
vt 0.832031 0.625000
vt 0.831175 0.583333
vt 0.832031 0.541667
vt 0.859375 0.500000
vt 0.859375 0.502060
vt 0.851562 0.500628
vt 0.851563 0.500000
vt 0.859375 0.520000
vt 0.851562 0.503668
vt 0.855469 0.541667
vt 0.856325 0.583333
vt 0.851563 0.583333
vt 0.851563 0.532536
vt 0.855469 0.625000
vt 0.851563 0.634131
vt 0.847656 0.625000
vt 0.846800 0.583333
vt 0.847656 0.541667
vt 0.875000 0.500000
vt 0.875000 0.503472
vt 0.867188 0.503264
vt 0.867188 0.500000
vt 0.875000 0.527778
vt 0.867242 0.526944
vt 0.875000 0.590278
vt 0.867405 0.589861
vt 0.861437 0.587454
vt 0.890625 0.500000
vt 0.890625 0.503472
vt 0.882813 0.503472
vt 0.882813 0.500000
vt 0.890625 0.527778
vt 0.882813 0.527778
vt 0.890625 0.527778
vt 0.890625 0.590278
vt 0.882813 0.590278
vt 0.882813 0.527778
vt 0.890625 0.694444
vt 0.882813 0.694444
vt 0.906250 0.500000
vt 0.906250 0.503472
vt 0.898438 0.503472
vt 0.898438 0.500000
vt 0.906250 0.527778
vt 0.898438 0.527778
vt 0.906250 0.527778
vt 0.906250 0.590278
vt 0.898438 0.590278
vt 0.898438 0.527778
vt 0.906250 0.694444
vt 0.898438 0.694444
vt 0.921875 0.500000
vt 0.919813 0.501608
vt 0.913846 0.503151
vt 0.914063 0.500000
vt 0.921875 0.515152
vt 0.913954 0.526492
vt 0.919813 0.587001
vt 0.913846 0.589748
vt 0.906250 0.590278
vt 0.933594 0.500000
vt 0.934450 0.500000
vt 0.929688 0.500000
vt 0.933594 0.500000
vt 0.929688 0.500000
vt 0.925781 0.500000
vt 0.924925 0.500000
vt 0.933594 0.541667
vt 0.934450 0.583333
vt 0.929688 0.583333
vt 0.929688 0.532536
vt 0.933594 0.625000
vt 0.929688 0.634131
vt 0.925781 0.625000
vt 0.924925 0.583333
vt 0.925781 0.541667
vt 0.949219 0.500000
vt 0.950075 0.500000
vt 0.945313 0.500000
vt 0.945313 0.500000
vt 0.941406 0.500000
vt 0.940550 0.500000
vt 0.949219 0.541667
vt 0.950075 0.583333
vt 0.945313 0.583333
vt 0.945313 0.532536
vt 0.949219 0.625000
vt 0.945313 0.634131
vt 0.941406 0.625000
vt 0.940550 0.583333
vt 0.941406 0.541667
vt 0.968750 0.500000
vt 0.966688 0.500756
vt 0.960938 0.500378
vt 0.960938 0.500000
vt 0.968750 0.511905
vt 0.960938 0.502669
vt 0.953125 0.511905
vt 0.955187 0.500756
vt 0.953125 0.500000
vt 0.964844 0.541667
vt 0.965700 0.583333
vt 0.960938 0.583333
vt 0.960938 0.532536
vt 0.964844 0.625000
vt 0.960938 0.634131
vt 0.957031 0.625000
vt 0.956175 0.583333
vt 0.957031 0.541667
vt 0.980469 0.500000
vt 0.981325 0.500000
vt 0.976563 0.500000
vt 0.980469 0.500000
vt 0.972656 0.500000
vt 0.971800 0.500000
vt 0.980469 0.541667
vt 0.981325 0.583333
vt 0.976563 0.583333
vt 0.976563 0.532536
vt 0.980469 0.625000
vt 0.976563 0.634131
vt 0.972656 0.625000
vt 0.971800 0.583333
vt 0.972656 0.541667
vt 0.996094 0.500000
vt 0.996950 0.500000
vt 0.992188 0.500000
vt 0.988281 0.500000
vt 0.987425 0.500000
vt 0.988281 0.500000
vt 0.996094 0.541667
vt 0.996950 0.583333
vt 0.992188 0.583333
vt 0.992188 0.532536
vt 0.996094 0.625000
vt 0.992188 0.634131
vt 0.988281 0.625000
vt 0.987425 0.583333
vt 0.988281 0.541667
vt 0.750224 0.254555
vt 0.750448 0.254544
vt 0.750000 0.254566
vt 0.750000 0.490000
vt 0.761762 0.489422
vt 0.773524 0.488844
vt 0.246266 0.137033
vt 0.243190 0.111388
vt 0.250224 0.254555
vt 0.250087 0.254562
vt 0.242643 0.137211
vt 0.250360 0.254549
vt 0.258028 0.371889
vt 0.257257 0.397723
vt 0.253958 0.372089
vt 0.750669 0.254512
vt 0.750891 0.254479
vt 0.785173 0.487116
vt 0.796822 0.485389
vt 0.235211 0.137943
vt 0.229637 0.112723
vt 0.250669 0.254512
vt 0.250534 0.254532
vt 0.231624 0.138475
vt 0.250804 0.254492
vt 0.269936 0.370515
vt 0.271702 0.396300
vt 0.265906 0.371113
vt 0.751108 0.254424
vt 0.751326 0.254370
vt 0.808245 0.482527
vt 0.819668 0.479666
vt 0.224299 0.139932
vt 0.216280 0.115380
vt 0.251108 0.254424
vt 0.250976 0.254457
vt 0.220781 0.140813
vt 0.251241 0.254391
vt 0.281653 0.367981
vt 0.285937 0.393468
vt 0.277700 0.368971
vt 0.751537 0.254294
vt 0.751747 0.254219
vt 0.830756 0.475698
vt 0.841844 0.471731
vt 0.213634 0.142981
vt 0.203247 0.119334
vt 0.251537 0.254294
vt 0.251408 0.254340
vt 0.210219 0.144203
vt 0.251665 0.254248
vt 0.293065 0.364310
vt 0.299826 0.389255
vt 0.289228 0.365683
vt 0.751950 0.254123
vt 0.752153 0.254027
vt 0.852490 0.466696
vt 0.863135 0.461661
vt 0.203319 0.147061
vt 0.190664 0.124545
vt 0.251950 0.254123
vt 0.251827 0.254182
vt 0.200041 0.148612
vt 0.252074 0.254065
vt 0.304062 0.359539
vt 0.313236 0.383701
vt 0.300378 0.361281
vt 0.752345 0.253912
vt 0.752537 0.253797
vt 0.873236 0.455607
vt 0.883337 0.449553
vt 0.193455 0.152132
vt 0.178653 0.130965
vt 0.252345 0.253912
vt 0.252228 0.253982
vt 0.190344 0.153997
vt 0.252462 0.253842
vt 0.314538 0.353712
vt 0.326036 0.376859
vt 0.311043 0.355807
vt 0.752717 0.253663
vt 0.752897 0.253530
vt 0.892796 0.442538
vt 0.902255 0.435523
vt 0.184134 0.158146
vt 0.167330 0.138532
vt 0.252717 0.253663
vt 0.252607 0.253745
vt 0.181221 0.160306
vt 0.252827 0.253582
vt 0.324393 0.346887
vt 0.338104 0.368795
vt 0.321120 0.349314
vt 0.753063 0.253379
vt 0.753229 0.253229
vt 0.910980 0.427614
vt 0.919706 0.419706
vt 0.175448 0.165044
vt 0.156802 0.147172
vt 0.253063 0.253379
vt 0.252962 0.253471
vt 0.172761 0.167480
vt 0.253164 0.253288
vt 0.333531 0.339129
vt 0.349324 0.359587
vt 0.330512 0.341865
vt 0.753380 0.253063
vt 0.753530 0.252897
vt 0.927614 0.410980
vt 0.935523 0.402254
vt 0.167480 0.172761
vt 0.147172 0.156802
vt 0.253379 0.253063
vt 0.253288 0.253164
vt 0.165044 0.175448
vt 0.253471 0.252962
vt 0.341865 0.330512
vt 0.359587 0.349324
vt 0.339129 0.333531
vt 0.753663 0.252717
vt 0.753797 0.252537
vt 0.942538 0.392796
vt 0.949553 0.383337
vt 0.160306 0.181221
vt 0.138532 0.167330
vt 0.253663 0.252717
vt 0.253582 0.252827
vt 0.158146 0.184134
vt 0.253745 0.252607
vt 0.349314 0.321120
vt 0.368795 0.338104
vt 0.346887 0.324393
vt 0.753912 0.252345
vt 0.754027 0.252153
vt 0.955607 0.373236
vt 0.961661 0.363135
vt 0.153997 0.190344
vt 0.130965 0.178653
vt 0.253912 0.252345
vt 0.253842 0.252462
vt 0.152132 0.193455
vt 0.253982 0.252228
vt 0.355807 0.311043
vt 0.376859 0.326036
vt 0.353712 0.314538
vt 0.754123 0.251950
vt 0.754219 0.251747
vt 0.966696 0.352490
vt 0.971731 0.341844
vt 0.148612 0.200041
vt 0.124545 0.190664
vt 0.254123 0.251950
vt 0.254065 0.252074
vt 0.147061 0.203319
vt 0.254181 0.251827
vt 0.361281 0.300378
vt 0.383701 0.313236
vt 0.359539 0.304062
vt 0.754294 0.251537
vt 0.754370 0.251326
vt 0.975698 0.330756
vt 0.979666 0.319668
vt 0.144203 0.210219
vt 0.119334 0.203247
vt 0.254294 0.251537
vt 0.254248 0.251665
vt 0.142981 0.213634
vt 0.254340 0.251408
vt 0.365683 0.289228
vt 0.389255 0.299826
vt 0.364310 0.293065
vt 0.754424 0.251108
vt 0.754479 0.250891
vt 0.982527 0.308245
vt 0.985389 0.296822
vt 0.140814 0.220781
vt 0.115380 0.216280
vt 0.254424 0.251108
vt 0.254391 0.251241
vt 0.139932 0.224299
vt 0.254457 0.250976
vt 0.368971 0.277700
vt 0.393468 0.285937
vt 0.367981 0.281653
vt 0.754512 0.250669
vt 0.754545 0.250448
vt 0.987117 0.285173
vt 0.988844 0.273524
vt 0.138475 0.231624
vt 0.112723 0.229637
vt 0.254512 0.250669
vt 0.254492 0.250804
vt 0.137943 0.235211
vt 0.254532 0.250534
vt 0.371113 0.265906
vt 0.396300 0.271702
vt 0.370515 0.269936
vt 0.754556 0.250224
vt 0.754567 0.250000
vt 0.989422 0.261762
vt 0.990000 0.250000
vt 0.137211 0.242643
vt 0.111388 0.243190
vt 0.254555 0.250224
vt 0.254549 0.250360
vt 0.137033 0.246266
vt 0.254562 0.250087
vt 0.372089 0.253958
vt 0.397723 0.257257
vt 0.371889 0.258028
vt 0.754556 0.249776
vt 0.754545 0.249552
vt 0.989422 0.238238
vt 0.988844 0.226476
vt 0.137033 0.253734
vt 0.111388 0.256810
vt 0.254555 0.249776
vt 0.254562 0.249913
vt 0.137211 0.257357
vt 0.254549 0.249640
vt 0.371889 0.241972
vt 0.397723 0.242743
vt 0.372089 0.246042
vt 0.754512 0.249331
vt 0.754479 0.249109
vt 0.987117 0.214827
vt 0.985389 0.203178
vt 0.137943 0.264789
vt 0.112723 0.270363
vt 0.254512 0.249331
vt 0.254532 0.249466
vt 0.138475 0.268376
vt 0.254492 0.249196
vt 0.370515 0.230064
vt 0.396300 0.228298
vt 0.371113 0.234094
vt 0.754424 0.248892
vt 0.754370 0.248674
vt 0.982527 0.191755
vt 0.979666 0.180332
vt 0.139932 0.275701
vt 0.115380 0.283720
vt 0.254424 0.248892
vt 0.254457 0.249024
vt 0.140813 0.279219
vt 0.254391 0.248759
vt 0.367981 0.218347
vt 0.393468 0.214063
vt 0.368971 0.222300
vt 0.754294 0.248463
vt 0.754219 0.248253
vt 0.975698 0.169244
vt 0.971731 0.158156
vt 0.142981 0.286366
vt 0.119334 0.296753
vt 0.254294 0.248463
vt 0.254340 0.248592
vt 0.144203 0.289781
vt 0.254248 0.248335
vt 0.364310 0.206935
vt 0.389255 0.200174
vt 0.365683 0.210772
vt 0.754123 0.248050
vt 0.754027 0.247847
vt 0.966696 0.147510
vt 0.961661 0.136865
vt 0.147061 0.296680
vt 0.124545 0.309336
vt 0.254123 0.248050
vt 0.254182 0.248173
vt 0.148612 0.299959
vt 0.254065 0.247927
vt 0.359539 0.195938
vt 0.383701 0.186764
vt 0.361281 0.199622
vt 0.753912 0.247655
vt 0.753797 0.247463
vt 0.955607 0.126764
vt 0.949553 0.116663
vt 0.152132 0.306545
vt 0.130965 0.321347
vt 0.253912 0.247655
vt 0.253982 0.247772
vt 0.153997 0.309656
vt 0.253842 0.247538
vt 0.353712 0.185462
vt 0.376859 0.173964
vt 0.355807 0.188957
vt 0.753663 0.247283
vt 0.753530 0.247103
vt 0.942538 0.107204
vt 0.935523 0.097746
vt 0.158146 0.315866
vt 0.138532 0.332670
vt 0.253663 0.247283
vt 0.253745 0.247393
vt 0.160306 0.318779
vt 0.253582 0.247173
vt 0.346887 0.175607
vt 0.368795 0.161896
vt 0.349314 0.178880
vt 0.753380 0.246937
vt 0.753229 0.246771
vt 0.927614 0.089020
vt 0.919706 0.080294
vt 0.165044 0.324552
vt 0.147172 0.343198
vt 0.253379 0.246937
vt 0.253471 0.247038
vt 0.167480 0.327239
vt 0.253288 0.246836
vt 0.339129 0.166469
vt 0.359587 0.150676
vt 0.341865 0.169488
vt 0.753063 0.246621
vt 0.752897 0.246470
vt 0.910980 0.072386
vt 0.902255 0.064478
vt 0.172761 0.332520
vt 0.156802 0.352828
vt 0.253063 0.246621
vt 0.253164 0.246712
vt 0.175448 0.334956
vt 0.252962 0.246529
vt 0.330512 0.158135
vt 0.349324 0.140413
vt 0.333531 0.160871
vt 0.752717 0.246337
vt 0.752537 0.246203
vt 0.892796 0.057462
vt 0.883337 0.050447
vt 0.181221 0.339694
vt 0.167330 0.361468
vt 0.252717 0.246337
vt 0.252827 0.246418
vt 0.184134 0.341854
vt 0.252607 0.246255
vt 0.321120 0.150686
vt 0.338104 0.131205
vt 0.324393 0.153113
vt 0.752345 0.246088
vt 0.752153 0.245973
vt 0.873236 0.044393
vt 0.863135 0.038339
vt 0.190344 0.346003
vt 0.178653 0.369035
vt 0.252345 0.246088
vt 0.252462 0.246158
vt 0.193455 0.347868
vt 0.252228 0.246018
vt 0.311043 0.144193
vt 0.326036 0.123141
vt 0.314538 0.146288
vt 0.751950 0.245877
vt 0.751747 0.245781
vt 0.852490 0.033304
vt 0.841844 0.028269
vt 0.200041 0.351388
vt 0.190664 0.375455
vt 0.251950 0.245877
vt 0.252074 0.245935
vt 0.203319 0.352939
vt 0.251827 0.245819
vt 0.300378 0.138719
vt 0.313236 0.116299
vt 0.304062 0.140462
vt 0.751537 0.245706
vt 0.751326 0.245630
vt 0.830756 0.024302
vt 0.819668 0.020334
vt 0.210219 0.355797
vt 0.203247 0.380666
vt 0.251537 0.245706
vt 0.251665 0.245752
vt 0.213634 0.357019
vt 0.251408 0.245660
vt 0.289228 0.134317
vt 0.299826 0.110745
vt 0.293065 0.135690
vt 0.751108 0.245576
vt 0.750891 0.245521
vt 0.808245 0.017473
vt 0.796822 0.014612
vt 0.220781 0.359187
vt 0.216280 0.384620
vt 0.251108 0.245576
vt 0.251241 0.245609
vt 0.224299 0.360068
vt 0.250976 0.245543
vt 0.277700 0.131029
vt 0.285937 0.106532
vt 0.281653 0.132019
vt 0.750669 0.245488
vt 0.750448 0.245456
vt 0.785173 0.012884
vt 0.773524 0.011156
vt 0.231624 0.361525
vt 0.229637 0.387277
vt 0.250669 0.245488
vt 0.250804 0.245508
vt 0.235211 0.362057
vt 0.250534 0.245468
vt 0.265906 0.128887
vt 0.271702 0.103700
vt 0.269936 0.129485
vt 0.750224 0.245444
vt 0.750000 0.245434
vt 0.761762 0.010578
vt 0.750000 0.010000
vt 0.242643 0.362789
vt 0.243190 0.388612
vt 0.250224 0.245445
vt 0.250360 0.245451
vt 0.246266 0.362967
vt 0.250087 0.245438
vt 0.253958 0.127911
vt 0.257257 0.102277
vt 0.258028 0.128111
vt 0.749776 0.245445
vt 0.749552 0.245456
vt 0.738238 0.010578
vt 0.726476 0.011156
vt 0.253734 0.362967
vt 0.256810 0.388612
vt 0.249776 0.245445
vt 0.249913 0.245438
vt 0.257356 0.362789
vt 0.249640 0.245451
vt 0.241972 0.128111
vt 0.242743 0.102277
vt 0.246042 0.127911
vt 0.749331 0.245488
vt 0.749109 0.245521
vt 0.714827 0.012884
vt 0.703178 0.014612
vt 0.264789 0.362057
vt 0.270363 0.387277
vt 0.249331 0.245488
vt 0.249466 0.245468
vt 0.268376 0.361525
vt 0.249196 0.245508
vt 0.230064 0.129485
vt 0.228298 0.103700
vt 0.234094 0.128887
vt 0.748892 0.245576
vt 0.748675 0.245630
vt 0.691755 0.017473
vt 0.680332 0.020334
vt 0.275701 0.360068
vt 0.283721 0.384620
vt 0.248892 0.245576
vt 0.249024 0.245543
vt 0.279219 0.359187
vt 0.248759 0.245609
vt 0.218347 0.132019
vt 0.214063 0.106532
vt 0.222300 0.131029
vt 0.748463 0.245706
vt 0.748252 0.245781
vt 0.669244 0.024302
vt 0.658156 0.028269
vt 0.286366 0.357019
vt 0.296753 0.380666
vt 0.248464 0.245706
vt 0.248592 0.245660
vt 0.289781 0.355797
vt 0.248335 0.245752
vt 0.206935 0.135690
vt 0.200174 0.110745
vt 0.210772 0.134317
vt 0.748050 0.245877
vt 0.747847 0.245973
vt 0.647510 0.033304
vt 0.636865 0.038339
vt 0.296681 0.352939
vt 0.309336 0.375455
vt 0.248050 0.245877
vt 0.248173 0.245819
vt 0.299959 0.351388
vt 0.247927 0.245935
vt 0.195938 0.140462
vt 0.186764 0.116299
vt 0.199622 0.138719
vt 0.747655 0.246088
vt 0.747463 0.246203
vt 0.626764 0.044393
vt 0.616663 0.050447
vt 0.306545 0.347868
vt 0.321347 0.369035
vt 0.247655 0.246088
vt 0.247772 0.246018
vt 0.309656 0.346003
vt 0.247538 0.246158
vt 0.185462 0.146288
vt 0.173964 0.123141
vt 0.188957 0.144193
vt 0.747283 0.246337
vt 0.747103 0.246470
vt 0.607204 0.057462
vt 0.597746 0.064478
vt 0.315866 0.341854
vt 0.332670 0.361468
vt 0.247283 0.246337
vt 0.247393 0.246255
vt 0.318779 0.339694
vt 0.247173 0.246418
vt 0.175607 0.153113
vt 0.161896 0.131205
vt 0.178880 0.150686
vt 0.746937 0.246621
vt 0.746771 0.246771
vt 0.589020 0.072386
vt 0.580294 0.080294
vt 0.324552 0.334956
vt 0.343198 0.352828
vt 0.246937 0.246621
vt 0.247038 0.246529
vt 0.327239 0.332520
vt 0.246836 0.246712
vt 0.166469 0.160872
vt 0.150676 0.140413
vt 0.169488 0.158135
vt 0.746620 0.246937
vt 0.746470 0.247103
vt 0.572386 0.089020
vt 0.564478 0.097746
vt 0.332520 0.327239
vt 0.352828 0.343198
vt 0.246621 0.246937
vt 0.246712 0.246836
vt 0.334956 0.324552
vt 0.246529 0.247038
vt 0.158135 0.169488
vt 0.140413 0.150676
vt 0.160871 0.166469
vt 0.746337 0.247283
vt 0.746203 0.247463
vt 0.557462 0.107204
vt 0.550447 0.116663
vt 0.339694 0.318779
vt 0.361468 0.332671
vt 0.246337 0.247283
vt 0.246418 0.247173
vt 0.341854 0.315866
vt 0.246255 0.247393
vt 0.150686 0.178880
vt 0.131205 0.161896
vt 0.153113 0.175607
vt 0.746088 0.247655
vt 0.745973 0.247847
vt 0.544393 0.126764
vt 0.538339 0.136865
vt 0.346003 0.309656
vt 0.369035 0.321347
vt 0.246088 0.247655
vt 0.246158 0.247538
vt 0.347868 0.306545
vt 0.246018 0.247772
vt 0.144193 0.188957
vt 0.123141 0.173964
vt 0.146288 0.185462
vt 0.745877 0.248050
vt 0.745781 0.248252
vt 0.533304 0.147510
vt 0.528269 0.158156
vt 0.351388 0.299959
vt 0.375455 0.309336
vt 0.245877 0.248050
vt 0.245935 0.247926
vt 0.352939 0.296681
vt 0.245819 0.248173
vt 0.138719 0.199622
vt 0.116299 0.186764
vt 0.140462 0.195938
vt 0.745705 0.248463
vt 0.745630 0.248674
vt 0.524302 0.169244
vt 0.520334 0.180332
vt 0.355797 0.289781
vt 0.380666 0.296753
vt 0.245706 0.248463
vt 0.245752 0.248335
vt 0.357019 0.286366
vt 0.245660 0.248592
vt 0.134317 0.210772
vt 0.110745 0.200174
vt 0.135690 0.206935
vt 0.745576 0.248892
vt 0.745521 0.249109
vt 0.517473 0.191755
vt 0.514612 0.203178
vt 0.359187 0.279219
vt 0.384620 0.283720
vt 0.245576 0.248892
vt 0.245609 0.248759
vt 0.360068 0.275701
vt 0.245543 0.249024
vt 0.131029 0.222300
vt 0.106532 0.214063
vt 0.132019 0.218347
vt 0.745488 0.249331
vt 0.745456 0.249553
vt 0.512884 0.214827
vt 0.511156 0.226476
vt 0.361525 0.268376
vt 0.387277 0.270363
vt 0.245488 0.249331
vt 0.245508 0.249196
vt 0.362057 0.264789
vt 0.245468 0.249466
vt 0.128887 0.234094
vt 0.103700 0.228298
vt 0.129485 0.230064
vt 0.745445 0.249776
vt 0.745434 0.250000
vt 0.510578 0.238238
vt 0.510000 0.250000
vt 0.362789 0.257357
vt 0.388612 0.256810
vt 0.245445 0.249776
vt 0.245451 0.249640
vt 0.362967 0.253734
vt 0.245438 0.249913
vt 0.127911 0.246042
vt 0.102277 0.242743
vt 0.128111 0.241972
vt 0.745445 0.250224
vt 0.745456 0.250448
vt 0.510578 0.261762
vt 0.511156 0.273524
vt 0.362967 0.246266
vt 0.388612 0.243190
vt 0.245445 0.250224
vt 0.245438 0.250087
vt 0.362789 0.242643
vt 0.245451 0.250360
vt 0.128111 0.258028
vt 0.102277 0.257257
vt 0.127911 0.253958
vt 0.745488 0.250669
vt 0.745521 0.250891
vt 0.512884 0.285173
vt 0.514612 0.296822
vt 0.362057 0.235211
vt 0.387277 0.229637
vt 0.245488 0.250669
vt 0.245468 0.250534
vt 0.361525 0.231624
vt 0.245508 0.250804
vt 0.129485 0.269936
vt 0.103700 0.271702
vt 0.128887 0.265906
vt 0.745576 0.251108
vt 0.745630 0.251326
vt 0.517473 0.308245
vt 0.520334 0.319668
vt 0.360068 0.224299
vt 0.384620 0.216280
vt 0.245576 0.251108
vt 0.245543 0.250976
vt 0.359187 0.220781
vt 0.245609 0.251241
vt 0.132019 0.281653
vt 0.106532 0.285937
vt 0.131029 0.277700
vt 0.745706 0.251537
vt 0.745781 0.251747
vt 0.524302 0.330756
vt 0.528269 0.341844
vt 0.357019 0.213634
vt 0.380666 0.203247
vt 0.245706 0.251537
vt 0.245660 0.251408
vt 0.355797 0.210219
vt 0.245752 0.251665
vt 0.135690 0.293065
vt 0.110745 0.299826
vt 0.134317 0.289228
vt 0.745877 0.251950
vt 0.745973 0.252153
vt 0.533304 0.352490
vt 0.538339 0.363135
vt 0.352939 0.203319
vt 0.375455 0.190664
vt 0.245877 0.251950
vt 0.245819 0.251827
vt 0.351388 0.200041
vt 0.245935 0.252074
vt 0.140462 0.304062
vt 0.116299 0.313236
vt 0.138719 0.300378
vt 0.746088 0.252345
vt 0.746203 0.252537
vt 0.544393 0.373236
vt 0.550447 0.383337
vt 0.347868 0.193455
vt 0.369035 0.178653
vt 0.246088 0.252345
vt 0.246018 0.252228
vt 0.346003 0.190344
vt 0.246158 0.252462
vt 0.146288 0.314538
vt 0.123141 0.326036
vt 0.144193 0.311043
vt 0.746337 0.252717
vt 0.746470 0.252897
vt 0.557462 0.392796
vt 0.564478 0.402254
vt 0.341854 0.184134
vt 0.361468 0.167330
vt 0.246337 0.252717
vt 0.246255 0.252607
vt 0.339693 0.181221
vt 0.246418 0.252827
vt 0.153113 0.324393
vt 0.131205 0.338104
vt 0.150686 0.321120
vt 0.746621 0.253063
vt 0.746771 0.253229
vt 0.572386 0.410980
vt 0.580294 0.419706
vt 0.334956 0.175448
vt 0.352828 0.156802
vt 0.246621 0.253063
vt 0.246529 0.252962
vt 0.332520 0.172761
vt 0.246712 0.253164
vt 0.160872 0.333531
vt 0.140413 0.349324
vt 0.158135 0.330512
vt 0.746937 0.253379
vt 0.747103 0.253530
vt 0.589020 0.427614
vt 0.597746 0.435523
vt 0.327239 0.167480
vt 0.343198 0.147172
vt 0.246937 0.253379
vt 0.246836 0.253288
vt 0.324552 0.165044
vt 0.247038 0.253471
vt 0.169488 0.341865
vt 0.150676 0.359587
vt 0.166469 0.339129
vt 0.747283 0.253663
vt 0.747463 0.253797
vt 0.607204 0.442538
vt 0.616663 0.449553
vt 0.318779 0.160306
vt 0.332670 0.138532
vt 0.247283 0.253663
vt 0.247173 0.253582
vt 0.315866 0.158146
vt 0.247393 0.253745
vt 0.178880 0.349314
vt 0.161896 0.368795
vt 0.175607 0.346887
vt 0.747655 0.253912
vt 0.747847 0.254027
vt 0.626764 0.455607
vt 0.636865 0.461661
vt 0.309656 0.153997
vt 0.321347 0.130965
vt 0.247655 0.253912
vt 0.247538 0.253842
vt 0.306545 0.152132
vt 0.247772 0.253982
vt 0.188957 0.355807
vt 0.173964 0.376859
vt 0.185462 0.353712
vt 0.748050 0.254123
vt 0.748253 0.254219
vt 0.647510 0.466696
vt 0.658156 0.471731
vt 0.299959 0.148612
vt 0.309336 0.124545
vt 0.248050 0.254123
vt 0.247927 0.254065
vt 0.296681 0.147061
vt 0.248173 0.254181
vt 0.199622 0.361281
vt 0.186764 0.383701
vt 0.195938 0.359539
vt 0.748463 0.254294
vt 0.748675 0.254370
vt 0.669244 0.475698
vt 0.680332 0.479666
vt 0.289781 0.144203
vt 0.296753 0.119334
vt 0.248463 0.254294
vt 0.248335 0.254248
vt 0.286366 0.142981
vt 0.248592 0.254340
vt 0.210772 0.365683
vt 0.200174 0.389255
vt 0.206935 0.364310
vt 0.748892 0.254424
vt 0.749109 0.254479
vt 0.691755 0.482527
vt 0.703178 0.485389
vt 0.279219 0.140814
vt 0.283720 0.115380
vt 0.248892 0.254424
vt 0.248759 0.254391
vt 0.275701 0.139932
vt 0.249024 0.254457
vt 0.222300 0.368971
vt 0.214063 0.393468
vt 0.218347 0.367981
vt 0.749331 0.254512
vt 0.749553 0.254544
vt 0.714827 0.487116
vt 0.726476 0.488844
vt 0.268376 0.138475
vt 0.270363 0.112723
vt 0.249331 0.254512
vt 0.249196 0.254492
vt 0.264789 0.137943
vt 0.249466 0.254532
vt 0.234094 0.371113
vt 0.228298 0.396300
vt 0.230064 0.370515
vt 0.749776 0.254555
vt 0.738238 0.489422
vt 0.257357 0.137211
vt 0.256810 0.111388
vt 0.249776 0.254555
vt 0.249640 0.254549
vt 0.253734 0.137033
vt 0.249913 0.254562
vt 0.246042 0.372089
vt 0.242743 0.397723
vt 0.241972 0.371889
vt 0.231587 0.063046
vt 0.239133 0.028793
vt 0.239145 0.029047
vt 0.228284 0.029519
vt 0.250000 0.062141
vt 0.250000 0.028452
vt 0.260867 0.028793
vt 0.260855 0.029047
vt 0.268413 0.063046
vt 0.271715 0.029519
vt 0.282497 0.030923
vt 0.282460 0.031175
vt 0.286649 0.065751
vt 0.293222 0.032709
vt 0.303814 0.035163
vt 0.303752 0.035410
vt 0.304533 0.070230
vt 0.314312 0.037992
vt 0.324612 0.041473
vt 0.324527 0.041712
vt 0.321891 0.076441
vt 0.334783 0.045317
vt 0.344692 0.049790
vt 0.344584 0.050020
vt 0.338556 0.084323
vt 0.354437 0.054612
vt 0.363860 0.060035
vt 0.363730 0.060254
vt 0.354369 0.093801
vt 0.373085 0.065790
vt 0.381932 0.072110
vt 0.381781 0.072315
vt 0.369176 0.104783
vt 0.390548 0.078741
vt 0.398733 0.085899
vt 0.398562 0.086087
vt 0.382836 0.117164
vt 0.406658 0.093342
vt 0.414101 0.101267
vt 0.413913 0.101438
vt 0.395217 0.130824
vt 0.421259 0.109452
vt 0.427890 0.118068
vt 0.427685 0.118220
vt 0.406199 0.145631
vt 0.434210 0.126915
vt 0.439965 0.136140
vt 0.439747 0.136270
vt 0.415677 0.161444
vt 0.445388 0.145563
vt 0.450210 0.155308
vt 0.449980 0.155416
vt 0.423559 0.178109
vt 0.454683 0.165217
vt 0.458528 0.175388
vt 0.458288 0.175473
vt 0.429770 0.195467
vt 0.462008 0.185688
vt 0.464837 0.196186
vt 0.464590 0.196248
vt 0.434249 0.213351
vt 0.467291 0.206778
vt 0.469077 0.217503
vt 0.468825 0.217540
vt 0.436954 0.231587
vt 0.470481 0.228284
vt 0.471207 0.239133
vt 0.470953 0.239145
vt 0.437859 0.250000
vt 0.471548 0.250000
vt 0.471207 0.260867
vt 0.470953 0.260855
vt 0.436954 0.268413
vt 0.470481 0.271715
vt 0.469077 0.282497
vt 0.468825 0.282460
vt 0.434249 0.286649
vt 0.467291 0.293222
vt 0.464837 0.303814
vt 0.464590 0.303752
vt 0.429770 0.304533
vt 0.462008 0.314312
vt 0.458528 0.324612
vt 0.458288 0.324527
vt 0.423559 0.321891
vt 0.454684 0.334783
vt 0.450210 0.344692
vt 0.449980 0.344584
vt 0.415677 0.338556
vt 0.445388 0.354437
vt 0.439965 0.363860
vt 0.439747 0.363730
vt 0.406199 0.354369
vt 0.434210 0.373085
vt 0.427890 0.381932
vt 0.427685 0.381781
vt 0.395217 0.369176
vt 0.421259 0.390548
vt 0.414101 0.398733
vt 0.413913 0.398562
vt 0.382836 0.382836
vt 0.406658 0.406658
vt 0.398733 0.414101
vt 0.398562 0.413913
vt 0.369176 0.395217
vt 0.390548 0.421259
vt 0.381932 0.427890
vt 0.381780 0.427686
vt 0.354369 0.406199
vt 0.373085 0.434210
vt 0.363860 0.439965
vt 0.363730 0.439747
vt 0.338556 0.415677
vt 0.354437 0.445388
vt 0.344692 0.450210
vt 0.344584 0.449980
vt 0.321891 0.423559
vt 0.334783 0.454684
vt 0.324612 0.458528
vt 0.324527 0.458288
vt 0.304533 0.429770
vt 0.314312 0.462008
vt 0.303814 0.464837
vt 0.303752 0.464590
vt 0.286649 0.434249
vt 0.293222 0.467291
vt 0.282497 0.469077
vt 0.282460 0.468825
vt 0.268413 0.436954
vt 0.271715 0.470481
vt 0.260867 0.471207
vt 0.260855 0.470953
vt 0.250000 0.437859
vt 0.250000 0.471548
vt 0.239133 0.471207
vt 0.239145 0.470953
vt 0.231587 0.436954
vt 0.228284 0.470481
vt 0.217503 0.469077
vt 0.217540 0.468825
vt 0.213351 0.434249
vt 0.206778 0.467291
vt 0.196186 0.464837
vt 0.196248 0.464590
vt 0.195467 0.429770
vt 0.185688 0.462008
vt 0.175388 0.458528
vt 0.175473 0.458288
vt 0.178109 0.423559
vt 0.165217 0.454683
vt 0.155308 0.450210
vt 0.155416 0.449980
vt 0.161444 0.415677
vt 0.145563 0.445388
vt 0.136140 0.439965
vt 0.136270 0.439747
vt 0.145631 0.406199
vt 0.126915 0.434210
vt 0.118068 0.427890
vt 0.118220 0.427685
vt 0.130824 0.395217
vt 0.109452 0.421259
vt 0.101267 0.414101
vt 0.101438 0.413913
vt 0.117164 0.382836
vt 0.093342 0.406658
vt 0.085899 0.398733
vt 0.086087 0.398562
vt 0.104783 0.369176
vt 0.078741 0.390548
vt 0.072110 0.381932
vt 0.072315 0.381780
vt 0.093801 0.354369
vt 0.065790 0.373085
vt 0.060035 0.363860
vt 0.060254 0.363730
vt 0.084323 0.338556
vt 0.054612 0.354437
vt 0.049790 0.344692
vt 0.050020 0.344584
vt 0.076441 0.321891
vt 0.045317 0.334783
vt 0.041473 0.324612
vt 0.041712 0.324527
vt 0.070230 0.304532
vt 0.037992 0.314312
vt 0.035163 0.303814
vt 0.035410 0.303752
vt 0.065751 0.286649
vt 0.032709 0.293222
vt 0.030923 0.282497
vt 0.031175 0.282460
vt 0.063046 0.268413
vt 0.029519 0.271715
vt 0.028793 0.260867
vt 0.029047 0.260855
vt 0.062141 0.250000
vt 0.028452 0.250000
vt 0.028793 0.239133
vt 0.029047 0.239145
vt 0.063046 0.231587
vt 0.029519 0.228284
vt 0.030923 0.217503
vt 0.031175 0.217540
vt 0.065751 0.213351
vt 0.032709 0.206778
vt 0.035163 0.196186
vt 0.035410 0.196248
vt 0.070230 0.195467
vt 0.037992 0.185688
vt 0.041473 0.175388
vt 0.041712 0.175473
vt 0.076441 0.178109
vt 0.045317 0.165217
vt 0.049790 0.155308
vt 0.050020 0.155416
vt 0.084323 0.161444
vt 0.054612 0.145563
vt 0.060035 0.136140
vt 0.060254 0.136270
vt 0.093801 0.145631
vt 0.065790 0.126915
vt 0.072110 0.118068
vt 0.072315 0.118220
vt 0.104783 0.130824
vt 0.078741 0.109452
vt 0.085899 0.101267
vt 0.086087 0.101438
vt 0.117164 0.117164
vt 0.093342 0.093342
vt 0.101267 0.085899
vt 0.101438 0.086087
vt 0.130824 0.104783
vt 0.109452 0.078741
vt 0.118068 0.072110
vt 0.118220 0.072315
vt 0.145631 0.093801
vt 0.126915 0.065790
vt 0.136140 0.060035
vt 0.136270 0.060254
vt 0.161444 0.084323
vt 0.145563 0.054612
vt 0.155308 0.049790
vt 0.155416 0.050020
vt 0.178109 0.076441
vt 0.165217 0.045317
vt 0.175388 0.041473
vt 0.175473 0.041712
vt 0.195467 0.070230
vt 0.185688 0.037992
vt 0.196186 0.035163
vt 0.196248 0.035410
vt 0.213351 0.065751
vt 0.206778 0.032709
vt 0.217503 0.030923
vt 0.217540 0.031175
vt 0.750000 0.062141
vt 0.739133 0.028793
vt 0.738760 0.021207
vt 0.750000 0.022362
vt 0.731587 0.063046
vt 0.727688 0.023458
vt 0.727371 0.020245
vt 0.750000 0.019133
vt 0.717503 0.030923
vt 0.716389 0.023410
vt 0.713350 0.065751
vt 0.705590 0.026736
vt 0.704960 0.023569
vt 0.696186 0.035163
vt 0.694341 0.027796
vt 0.695468 0.070230
vt 0.683920 0.032164
vt 0.682983 0.029074
vt 0.675388 0.041473
vt 0.672829 0.034322
vt 0.678110 0.076441
vt 0.662887 0.039690
vt 0.661651 0.036707
vt 0.655308 0.049790
vt 0.652060 0.042924
vt 0.661444 0.084323
vt 0.642692 0.049241
vt 0.641170 0.046393
vt 0.636140 0.060035
vt 0.632235 0.053521
vt 0.645631 0.093801
vt 0.623531 0.060726
vt 0.621737 0.058041
vt 0.618068 0.072110
vt 0.613544 0.066010
vt 0.630824 0.104783
vt 0.605588 0.074033
vt 0.603539 0.071537
vt 0.601267 0.085899
vt 0.596167 0.080271
vt 0.617164 0.117164
vt 0.589036 0.089036
vt 0.586752 0.086752
vt 0.585899 0.101267
vt 0.580271 0.096167
vt 0.604783 0.130824
vt 0.574033 0.105588
vt 0.571537 0.103539
vt 0.572110 0.118068
vt 0.566010 0.113544
vt 0.593801 0.145631
vt 0.560726 0.123531
vt 0.558041 0.121737
vt 0.560035 0.136140
vt 0.553521 0.132235
vt 0.584323 0.161444
vt 0.549241 0.142692
vt 0.546393 0.141170
vt 0.549790 0.155308
vt 0.542924 0.152060
vt 0.576441 0.178109
vt 0.539690 0.162887
vt 0.536707 0.161651
vt 0.541473 0.175388
vt 0.534322 0.172829
vt 0.570230 0.195467
vt 0.532164 0.183920
vt 0.529074 0.182983
vt 0.535163 0.196186
vt 0.527796 0.194341
vt 0.565751 0.213351
vt 0.526736 0.205590
vt 0.523569 0.204960
vt 0.530923 0.217503
vt 0.523410 0.216389
vt 0.563046 0.231587
vt 0.523458 0.227688
vt 0.520245 0.227371
vt 0.528793 0.239133
vt 0.521207 0.238760
vt 0.562141 0.250000
vt 0.522362 0.250000
vt 0.519133 0.250000
vt 0.528793 0.260867
vt 0.521207 0.261240
vt 0.563046 0.268413
vt 0.523458 0.272312
vt 0.520245 0.272629
vt 0.530923 0.282497
vt 0.523410 0.283611
vt 0.565751 0.286649
vt 0.526736 0.294410
vt 0.523569 0.295040
vt 0.535163 0.303814
vt 0.527796 0.305659
vt 0.570230 0.304533
vt 0.532164 0.316080
vt 0.529074 0.317017
vt 0.541473 0.324612
vt 0.534322 0.327171
vt 0.576441 0.321891
vt 0.539690 0.337113
vt 0.536707 0.338349
vt 0.549790 0.344692
vt 0.542924 0.347940
vt 0.584323 0.338556
vt 0.549241 0.357308
vt 0.546393 0.358830
vt 0.560035 0.363860
vt 0.553521 0.367765
vt 0.593801 0.354369
vt 0.560726 0.376469
vt 0.558041 0.378263
vt 0.572110 0.381932
vt 0.566010 0.386456
vt 0.604783 0.369176
vt 0.574034 0.394412
vt 0.571537 0.396461
vt 0.585899 0.398733
vt 0.580271 0.403833
vt 0.617164 0.382836
vt 0.589036 0.410964
vt 0.586752 0.413248
vt 0.601267 0.414101
vt 0.596167 0.419729
vt 0.630824 0.395217
vt 0.605588 0.425967
vt 0.603539 0.428463
vt 0.618068 0.427890
vt 0.613544 0.433990
vt 0.645631 0.406199
vt 0.623531 0.439274
vt 0.621737 0.441959
vt 0.636140 0.439965
vt 0.632235 0.446479
vt 0.661444 0.415677
vt 0.642692 0.450759
vt 0.641170 0.453607
vt 0.655308 0.450210
vt 0.652060 0.457076
vt 0.678110 0.423559
vt 0.662887 0.460310
vt 0.661651 0.463293
vt 0.675388 0.458528
vt 0.672829 0.465678
vt 0.695468 0.429770
vt 0.683920 0.467836
vt 0.682983 0.470926
vt 0.696186 0.464837
vt 0.694341 0.472204
vt 0.713351 0.434249
vt 0.705590 0.473264
vt 0.704960 0.476431
vt 0.717503 0.469077
vt 0.716389 0.476590
vt 0.731586 0.436954
vt 0.727687 0.476542
vt 0.727371 0.479755
vt 0.739133 0.471207
vt 0.738760 0.478793
vt 0.750000 0.437859
vt 0.750000 0.477638
vt 0.750000 0.480867
vt 0.760867 0.471207
vt 0.761240 0.478793
vt 0.768413 0.436954
vt 0.772312 0.476542
vt 0.772629 0.479755
vt 0.782497 0.469077
vt 0.783611 0.476589
vt 0.786649 0.434249
vt 0.794410 0.473264
vt 0.795040 0.476431
vt 0.803814 0.464837
vt 0.805659 0.472204
vt 0.804533 0.429770
vt 0.816080 0.467836
vt 0.817017 0.470926
vt 0.824612 0.458527
vt 0.827171 0.465678
vt 0.821890 0.423559
vt 0.837113 0.460310
vt 0.838349 0.463293
vt 0.844692 0.450210
vt 0.847939 0.457076
vt 0.838556 0.415677
vt 0.857308 0.450759
vt 0.858830 0.453606
vt 0.863860 0.439965
vt 0.867765 0.446479
vt 0.854369 0.406199
vt 0.876469 0.439274
vt 0.878263 0.441959
vt 0.881932 0.427890
vt 0.886456 0.433990
vt 0.869177 0.395217
vt 0.894412 0.425967
vt 0.896461 0.428463
vt 0.898733 0.414101
vt 0.903833 0.419729
vt 0.882836 0.382836
vt 0.910964 0.410964
vt 0.913247 0.413248
vt 0.914101 0.398733
vt 0.919729 0.403833
vt 0.895217 0.369176
vt 0.925966 0.394412
vt 0.928462 0.396460
vt 0.927889 0.381932
vt 0.933990 0.386456
vt 0.906199 0.354369
vt 0.939274 0.376469
vt 0.941959 0.378263
vt 0.939965 0.363860
vt 0.946479 0.367765
vt 0.915677 0.338556
vt 0.950759 0.357308
vt 0.953607 0.358830
vt 0.950210 0.344692
vt 0.957076 0.347940
vt 0.923559 0.321891
vt 0.960310 0.337113
vt 0.963293 0.338349
vt 0.958527 0.324612
vt 0.965678 0.327171
vt 0.929769 0.304533
vt 0.967836 0.316080
vt 0.970926 0.317017
vt 0.964837 0.303814
vt 0.972204 0.305659
vt 0.934249 0.286649
vt 0.973264 0.294410
vt 0.976431 0.295040
vt 0.969077 0.282497
vt 0.976590 0.283611
vt 0.936954 0.268413
vt 0.976542 0.272312
vt 0.979755 0.272629
vt 0.971207 0.260867
vt 0.978793 0.261240
vt 0.937859 0.250000
vt 0.977638 0.250000
vt 0.980867 0.250000
vt 0.971207 0.239133
vt 0.978793 0.238760
vt 0.936954 0.231587
vt 0.976542 0.227688
vt 0.979755 0.227371
vt 0.969077 0.217503
vt 0.976590 0.216389
vt 0.934249 0.213351
vt 0.973264 0.205590
vt 0.976431 0.204960
vt 0.964837 0.196186
vt 0.972204 0.194341
vt 0.929770 0.195467
vt 0.967836 0.183920
vt 0.970926 0.182983
vt 0.958527 0.175388
vt 0.965678 0.172829
vt 0.923559 0.178109
vt 0.960310 0.162887
vt 0.963293 0.161651
vt 0.950210 0.155308
vt 0.957076 0.152060
vt 0.915677 0.161444
vt 0.950759 0.142692
vt 0.953607 0.141170
vt 0.939965 0.136140
vt 0.946479 0.132235
vt 0.906199 0.145631
vt 0.939274 0.123531
vt 0.941959 0.121737
vt 0.927889 0.118068
vt 0.933990 0.113544
vt 0.895217 0.130824
vt 0.925966 0.105588
vt 0.928462 0.103539
vt 0.914101 0.101267
vt 0.919729 0.096167
vt 0.882836 0.117164
vt 0.910964 0.089036
vt 0.913248 0.086752
vt 0.898733 0.085899
vt 0.903833 0.080271
vt 0.869177 0.104783
vt 0.894412 0.074033
vt 0.896461 0.071537
vt 0.881932 0.072110
vt 0.886456 0.066010
vt 0.854369 0.093801
vt 0.876469 0.060726
vt 0.878263 0.058041
vt 0.863860 0.060035
vt 0.867765 0.053521
vt 0.838556 0.084323
vt 0.857308 0.049241
vt 0.858830 0.046393
vt 0.844692 0.049790
vt 0.847940 0.042924
vt 0.821890 0.076441
vt 0.837113 0.039690
vt 0.838349 0.036707
vt 0.824612 0.041473
vt 0.827171 0.034322
vt 0.804532 0.070230
vt 0.816080 0.032164
vt 0.817017 0.029074
vt 0.803814 0.035163
vt 0.805659 0.027796
vt 0.786649 0.065751
vt 0.794410 0.026736
vt 0.795040 0.023569
vt 0.782497 0.030923
vt 0.783611 0.023410
vt 0.768413 0.063046
vt 0.772313 0.023458
vt 0.772629 0.020245
vt 0.760867 0.028793
vt 0.761240 0.021207
vt 0.015625 0.585391
vt 0.014781 0.583848
vt 0.013015 0.528871
vt 0.013015 0.641011
vt 0.007813 0.712834
vt 0.007813 0.662552
vt 0.002610 0.639982
vt 0.000000 0.583333
vt 0.000844 0.583333
vt 0.002610 0.527842
vt 0.003050 0.583333
vt 0.007813 0.502186
vt 0.007813 0.509259
vt 0.007813 0.532536
vt 0.031250 0.585391
vt 0.030406 0.583848
vt 0.028640 0.528871
vt 0.028640 0.641011
vt 0.023438 0.713863
vt 0.023438 0.662809
vt 0.018235 0.641011
vt 0.015625 0.585391
vt 0.016469 0.583848
vt 0.018235 0.528871
vt 0.018675 0.583333
vt 0.023438 0.509517
vt 0.046875 0.585391
vt 0.046031 0.583848
vt 0.044265 0.528871
vt 0.044265 0.641011
vt 0.039062 0.713863
vt 0.039062 0.662809
vt 0.033860 0.641011
vt 0.032094 0.583848
vt 0.033860 0.528871
vt 0.039062 0.509517
vt 0.039063 0.532536
vt 0.061873 0.584074
vt 0.059944 0.529324
vt 0.059944 0.641464
vt 0.054688 0.714316
vt 0.054688 0.662922
vt 0.049485 0.641011
vt 0.054688 0.634131
vt 0.046875 0.585391
vt 0.047719 0.583848
vt 0.049485 0.528871
vt 0.049925 0.583333
vt 0.054688 0.503668
vt 0.054688 0.509630
vt 0.054688 0.532536
vt 0.093750 0.585391
vt 0.092906 0.583848
vt 0.091140 0.528871
vt 0.091140 0.641011
vt 0.085938 0.714316
vt 0.085938 0.662922
vt 0.080681 0.641464
vt 0.076063 0.587454
vt 0.078752 0.584074
vt 0.080681 0.529324
vt 0.081175 0.583333
vt 0.085938 0.509630
vt 0.109375 0.585391
vt 0.108531 0.583848
vt 0.106765 0.528871
vt 0.106765 0.641011
vt 0.101563 0.713863
vt 0.101563 0.662809
vt 0.096360 0.641011
vt 0.101563 0.634131
vt 0.093750 0.585391
vt 0.094594 0.583848
vt 0.096360 0.528871
vt 0.096800 0.583333
vt 0.101563 0.503215
vt 0.101563 0.509517
vt 0.101563 0.532536
vt 0.125000 0.585118
vt 0.124156 0.583780
vt 0.122390 0.528598
vt 0.122390 0.641011
vt 0.117188 0.713863
vt 0.117188 0.662809
vt 0.111985 0.641011
vt 0.117188 0.634131
vt 0.110219 0.583848
vt 0.111985 0.528871
vt 0.112425 0.583333
vt 0.117133 0.502942
vt 0.117188 0.509448
vt 0.117188 0.532536
vt 0.139998 0.500189
vt 0.138069 0.500000
vt 0.138069 0.500756
vt 0.132813 0.502669
vt 0.132813 0.500378
vt 0.127556 0.500756
vt 0.122938 0.500756
vt 0.125627 0.500189
vt 0.127556 0.500000
vt 0.140625 0.585118
vt 0.139781 0.583780
vt 0.138015 0.528598
vt 0.138015 0.641011
vt 0.132813 0.713863
vt 0.132812 0.662809
vt 0.127610 0.641011
vt 0.125000 0.585118
vt 0.125844 0.583780
vt 0.127610 0.528598
vt 0.132813 0.502669
vt 0.132813 0.509380
vt 0.156250 0.585391
vt 0.155406 0.583848
vt 0.153640 0.528871
vt 0.153640 0.641011
vt 0.148438 0.713863
vt 0.148438 0.662809
vt 0.143235 0.641011
vt 0.148438 0.634131
vt 0.140625 0.585118
vt 0.141469 0.583780
vt 0.143235 0.528598
vt 0.143675 0.583333
vt 0.148492 0.502942
vt 0.148438 0.509448
vt 0.171875 0.585118
vt 0.171031 0.583780
vt 0.169265 0.528598
vt 0.169265 0.641011
vt 0.164062 0.713863
vt 0.164063 0.662809
vt 0.158860 0.641011
vt 0.164063 0.634131
vt 0.156250 0.585391
vt 0.157094 0.583848
vt 0.158860 0.528871
vt 0.159300 0.583333
vt 0.164008 0.502942
vt 0.164063 0.509448
vt 0.164063 0.532536
vt 0.187500 0.500000
vt 0.187500 0.500579
vt 0.186656 0.500145
vt 0.184890 0.500000
vt 0.187500 0.509616
vt 0.184890 0.500579
vt 0.179688 0.502492
vt 0.179688 0.500334
vt 0.174431 0.500756
vt 0.172502 0.500189
vt 0.174431 0.500000
vt 0.179688 0.500000
vt 0.187500 0.584941
vt 0.186656 0.583735
vt 0.184890 0.528421
vt 0.184890 0.641011
vt 0.179688 0.662809
vt 0.174485 0.641011
vt 0.171875 0.585118
vt 0.172719 0.583780
vt 0.174485 0.528598
vt 0.179688 0.502492
vt 0.179687 0.509336
vt 0.203125 0.500000
vt 0.203125 0.500579
vt 0.202281 0.500145
vt 0.200515 0.500000
vt 0.203125 0.509616
vt 0.200515 0.500579
vt 0.195312 0.502315
vt 0.195313 0.500289
vt 0.190110 0.500579
vt 0.187500 0.500579
vt 0.188344 0.500145
vt 0.190110 0.500000
vt 0.190550 0.500000
vt 0.195313 0.500000
vt 0.203125 0.584941
vt 0.202281 0.583735
vt 0.200515 0.528421
vt 0.200515 0.641011
vt 0.195313 0.713863
vt 0.195313 0.662809
vt 0.190110 0.641011
vt 0.187500 0.584941
vt 0.188344 0.583735
vt 0.190110 0.528421
vt 0.190550 0.583333
vt 0.195312 0.502315
vt 0.195313 0.509291
vt 0.195313 0.532536
vt 0.218750 0.500000
vt 0.218750 0.500579
vt 0.217906 0.500145
vt 0.216140 0.500000
vt 0.218750 0.509616
vt 0.216140 0.500579
vt 0.210938 0.502315
vt 0.210938 0.500289
vt 0.205735 0.500579
vt 0.210938 0.500000
vt 0.203125 0.500579
vt 0.203969 0.500145
vt 0.205735 0.500000
vt 0.206175 0.500000
vt 0.218750 0.584941
vt 0.217906 0.583735
vt 0.216140 0.528421
vt 0.216140 0.641011
vt 0.210938 0.713863
vt 0.210938 0.662809
vt 0.205735 0.641011
vt 0.210938 0.634131
vt 0.203125 0.584941
vt 0.203969 0.583735
vt 0.205735 0.528421
vt 0.206175 0.583333
vt 0.210938 0.502315
vt 0.210938 0.509291
vt 0.234375 0.500000
vt 0.234375 0.500579
vt 0.233531 0.500145
vt 0.231765 0.500000
vt 0.234375 0.509616
vt 0.231765 0.500579
vt 0.226563 0.502315
vt 0.226563 0.500289
vt 0.221360 0.500579
vt 0.218750 0.500579
vt 0.219594 0.500145
vt 0.221360 0.500000
vt 0.226563 0.500000
vt 0.234375 0.584941
vt 0.233531 0.583735
vt 0.231765 0.528421
vt 0.231765 0.641011
vt 0.226563 0.713863
vt 0.226563 0.662809
vt 0.221360 0.641011
vt 0.218750 0.584941
vt 0.219594 0.583735
vt 0.221360 0.528421
vt 0.226563 0.502315
vt 0.226563 0.509291
vt 0.250000 0.500000
vt 0.250000 0.500579
vt 0.249156 0.500145
vt 0.247390 0.500000
vt 0.250000 0.509616
vt 0.247390 0.500579
vt 0.242188 0.502315
vt 0.242188 0.500289
vt 0.236985 0.500579
vt 0.242188 0.500000
vt 0.234375 0.500579
vt 0.235219 0.500145
vt 0.236985 0.500000
vt 0.237425 0.500000
vt 0.250000 0.584941
vt 0.249156 0.583735
vt 0.247390 0.528421
vt 0.247390 0.641011
vt 0.242188 0.713863
vt 0.242188 0.662809
vt 0.236985 0.641011
vt 0.242188 0.634131
vt 0.235219 0.583735
vt 0.236985 0.528421
vt 0.237425 0.583333
vt 0.242188 0.502315
vt 0.242188 0.509291
vt 0.265625 0.500000
vt 0.265625 0.500579
vt 0.264781 0.500145
vt 0.263015 0.500000
vt 0.265625 0.509616
vt 0.263015 0.500579
vt 0.257813 0.502315
vt 0.257813 0.500289
vt 0.252610 0.500579
vt 0.250000 0.500579
vt 0.250844 0.500145
vt 0.252610 0.500000
vt 0.257812 0.500000
vt 0.265625 0.584941
vt 0.264781 0.583735
vt 0.263015 0.528421
vt 0.263015 0.641011
vt 0.257812 0.662809
vt 0.252610 0.641011
vt 0.250844 0.583735
vt 0.252610 0.528421
vt 0.257812 0.502315
vt 0.257812 0.509291
vt 0.257812 0.532536
vt 0.280623 0.500189
vt 0.278694 0.500000
vt 0.278694 0.500756
vt 0.273438 0.502492
vt 0.273438 0.500334
vt 0.268235 0.500579
vt 0.265625 0.500579
vt 0.266469 0.500145
vt 0.268235 0.500000
vt 0.273438 0.500000
vt 0.281250 0.585118
vt 0.280406 0.583780
vt 0.278640 0.528598
vt 0.278640 0.641011
vt 0.273438 0.713863
vt 0.273438 0.662809
vt 0.268235 0.641011
vt 0.265625 0.584941
vt 0.266469 0.583735
vt 0.268235 0.528421
vt 0.273438 0.502492
vt 0.273438 0.509336
vt 0.273438 0.532536
vt 0.296875 0.585391
vt 0.296031 0.583848
vt 0.294265 0.528871
vt 0.294265 0.641011
vt 0.289063 0.713863
vt 0.289063 0.662809
vt 0.283860 0.641011
vt 0.289063 0.634131
vt 0.281250 0.585118
vt 0.282094 0.583780
vt 0.283860 0.528598
vt 0.284300 0.583333
vt 0.289062 0.509448
vt 0.312500 0.585391
vt 0.311656 0.583848
vt 0.309890 0.528871
vt 0.309890 0.641011
vt 0.304688 0.713863
vt 0.304688 0.662809
vt 0.299485 0.641011
vt 0.296875 0.585391
vt 0.297719 0.583848
vt 0.299485 0.528871
vt 0.299925 0.583333
vt 0.304688 0.503215
vt 0.304688 0.509517
vt 0.304688 0.532536
vt 0.328125 0.585391
vt 0.327281 0.583848
vt 0.325515 0.528871
vt 0.325515 0.641011
vt 0.320313 0.713863
vt 0.320313 0.662809
vt 0.315110 0.641011
vt 0.320313 0.634131
vt 0.313344 0.583848
vt 0.315110 0.528871
vt 0.320313 0.503215
vt 0.320313 0.509517
vt 0.320313 0.532536
vt 0.343750 0.585391
vt 0.342906 0.583848
vt 0.341140 0.528871
vt 0.341140 0.641011
vt 0.335938 0.713863
vt 0.335938 0.662809
vt 0.330735 0.641011
vt 0.328125 0.585391
vt 0.328969 0.583848
vt 0.330735 0.528871
vt 0.335938 0.503215
vt 0.335938 0.509517
vt 0.359375 0.585391
vt 0.358531 0.583848
vt 0.356765 0.528871
vt 0.356765 0.641011
vt 0.351563 0.662809
vt 0.346360 0.641011
vt 0.351563 0.634131
vt 0.343750 0.585391
vt 0.344594 0.583848
vt 0.346360 0.528871
vt 0.346800 0.583333
vt 0.351562 0.503215
vt 0.351563 0.509517
vt 0.351563 0.532536
vt 0.375000 0.585391
vt 0.374156 0.583848
vt 0.372390 0.528871
vt 0.372390 0.641011
vt 0.367188 0.662809
vt 0.361985 0.641011
vt 0.359375 0.585391
vt 0.360219 0.583848
vt 0.361985 0.528871
vt 0.362425 0.583333
vt 0.367187 0.509517
vt 0.367188 0.532536
vt 0.390625 0.585391
vt 0.389781 0.583848
vt 0.388015 0.528871
vt 0.388015 0.641011
vt 0.382812 0.713863
vt 0.382812 0.662809
vt 0.377610 0.641011
vt 0.375000 0.585391
vt 0.375844 0.583848
vt 0.377610 0.528871
vt 0.378050 0.583333
vt 0.382813 0.503215
vt 0.382812 0.509517
vt 0.406250 0.585118
vt 0.405406 0.583780
vt 0.403640 0.528598
vt 0.403640 0.641011
vt 0.398437 0.662809
vt 0.393235 0.641011
vt 0.390625 0.585391
vt 0.391469 0.583848
vt 0.393235 0.528871
vt 0.398383 0.502942
vt 0.398438 0.509448
vt 0.398438 0.532536
vt 0.421248 0.500189
vt 0.419319 0.500000
vt 0.419319 0.500756
vt 0.414063 0.502669
vt 0.414063 0.500378
vt 0.408806 0.500756
vt 0.406877 0.500189
vt 0.408806 0.500000
vt 0.421875 0.585118
vt 0.421031 0.583780
vt 0.419265 0.528598
vt 0.419265 0.641011
vt 0.414063 0.713863
vt 0.414063 0.662809
vt 0.408860 0.641011
vt 0.406250 0.585118
vt 0.407094 0.583780
vt 0.408860 0.528598
vt 0.414063 0.502669
vt 0.414063 0.509380
vt 0.437500 0.585391
vt 0.436656 0.583848
vt 0.434890 0.528871
vt 0.434890 0.641011
vt 0.429688 0.713863
vt 0.429688 0.662809
vt 0.424485 0.641011
vt 0.429688 0.634131
vt 0.421875 0.585118
vt 0.422719 0.583780
vt 0.424485 0.528598
vt 0.429688 0.509448
vt 0.429688 0.532536
vt 0.453125 0.585391
vt 0.452281 0.583848
vt 0.450515 0.528871
vt 0.450515 0.641011
vt 0.445313 0.713863
vt 0.445313 0.662809
vt 0.440110 0.641011
vt 0.445313 0.634131
vt 0.437500 0.585391
vt 0.438344 0.583848
vt 0.440110 0.528871
vt 0.440550 0.583333
vt 0.445313 0.503215
vt 0.445313 0.509517
vt 0.468750 0.585118
vt 0.467906 0.583780
vt 0.466140 0.528598
vt 0.466140 0.641011
vt 0.460938 0.713863
vt 0.460938 0.662809
vt 0.455735 0.641011
vt 0.460938 0.634131
vt 0.453125 0.585391
vt 0.453969 0.583848
vt 0.455735 0.528871
vt 0.460883 0.502942
vt 0.460938 0.509448
vt 0.484375 0.500000
vt 0.484375 0.500579
vt 0.483531 0.500145
vt 0.481765 0.500000
vt 0.484375 0.509616
vt 0.481765 0.500579
vt 0.476563 0.502492
vt 0.476563 0.500334
vt 0.471306 0.500756
vt 0.466688 0.500756
vt 0.469377 0.500189
vt 0.471306 0.500000
vt 0.484375 0.584941
vt 0.483531 0.583735
vt 0.481765 0.528421
vt 0.481765 0.641011
vt 0.476563 0.713863
vt 0.476563 0.662809
vt 0.471360 0.641011
vt 0.468750 0.585118
vt 0.469594 0.583780
vt 0.471360 0.528598
vt 0.476563 0.502492
vt 0.476563 0.509336
vt 0.476563 0.532536
vt 0.499373 0.500189
vt 0.497444 0.500000
vt 0.497444 0.500756
vt 0.492188 0.502492
vt 0.492188 0.500334
vt 0.486985 0.500579
vt 0.484375 0.500579
vt 0.485219 0.500145
vt 0.486985 0.500000
vt 0.487425 0.500000
vt 0.492188 0.500000
vt 0.500000 0.585118
vt 0.499156 0.583780
vt 0.497390 0.528598
vt 0.497390 0.641011
vt 0.492188 0.713863
vt 0.492188 0.662809
vt 0.486985 0.641011
vt 0.492188 0.634131
vt 0.484375 0.584941
vt 0.485219 0.583735
vt 0.486985 0.528421
vt 0.487425 0.583333
vt 0.492188 0.502492
vt 0.492188 0.509336
vt 0.515625 0.585118
vt 0.514781 0.583780
vt 0.513015 0.528598
vt 0.513015 0.641011
vt 0.507812 0.662809
vt 0.502610 0.641011
vt 0.507813 0.634131
vt 0.500000 0.585118
vt 0.500844 0.583780
vt 0.502610 0.528598
vt 0.507813 0.502669
vt 0.507813 0.509380
vt 0.530623 0.500189
vt 0.528694 0.500000
vt 0.528694 0.500756
vt 0.523438 0.502669
vt 0.523438 0.500378
vt 0.518181 0.500756
vt 0.516252 0.500189
vt 0.518181 0.500000
vt 0.531250 0.585118
vt 0.530406 0.583780
vt 0.528640 0.528598
vt 0.528640 0.641011
vt 0.523438 0.662809
vt 0.518235 0.641011
vt 0.515625 0.585118
vt 0.516469 0.583780
vt 0.518235 0.528598
vt 0.523438 0.502669
vt 0.523438 0.509380
vt 0.546875 0.585118
vt 0.546031 0.583780
vt 0.544265 0.528598
vt 0.544265 0.641011
vt 0.539063 0.713863
vt 0.539062 0.662809
vt 0.533860 0.641011
vt 0.531250 0.585118
vt 0.532094 0.583780
vt 0.533860 0.528598
vt 0.534300 0.583333
vt 0.539063 0.509380
vt 0.561873 0.500189
vt 0.559944 0.500000
vt 0.559944 0.500756
vt 0.554688 0.502669
vt 0.554688 0.500378
vt 0.549431 0.500756
vt 0.547502 0.500189
vt 0.549431 0.500000
vt 0.554688 0.500000
vt 0.562500 0.585118
vt 0.561656 0.583780
vt 0.559890 0.528598
vt 0.559890 0.641011
vt 0.554688 0.713863
vt 0.554688 0.662809
vt 0.549485 0.641011
vt 0.547719 0.583780
vt 0.549485 0.528598
vt 0.554688 0.509380
vt 0.578125 0.585391
vt 0.577281 0.583848
vt 0.575515 0.528871
vt 0.575515 0.641011
vt 0.570313 0.713863
vt 0.570313 0.662809
vt 0.565110 0.641011
vt 0.562500 0.585118
vt 0.563344 0.583780
vt 0.565110 0.528598
vt 0.570312 0.509448
vt 0.570313 0.532536
vt 0.593750 0.585118
vt 0.592906 0.583780
vt 0.591140 0.528598
vt 0.591140 0.641011
vt 0.585938 0.662809
vt 0.580735 0.641011
vt 0.585938 0.634131
vt 0.578125 0.585391
vt 0.578969 0.583848
vt 0.580735 0.528871
vt 0.581175 0.583333
vt 0.585883 0.502942
vt 0.585938 0.509448
vt 0.585938 0.532536
vt 0.609375 0.500000
vt 0.609375 0.500579
vt 0.608531 0.500145
vt 0.606765 0.500000
vt 0.609375 0.509616
vt 0.606765 0.500579
vt 0.601562 0.502492
vt 0.601563 0.500334
vt 0.596306 0.500756
vt 0.594377 0.500189
vt 0.596306 0.500000
vt 0.596800 0.500000
vt 0.601563 0.500000
vt 0.609375 0.584941
vt 0.608531 0.583735
vt 0.606765 0.528421
vt 0.606765 0.641011
vt 0.601563 0.713863
vt 0.601563 0.662809
vt 0.596360 0.641011
vt 0.601563 0.634131
vt 0.593750 0.585118
vt 0.594594 0.583780
vt 0.596360 0.528598
vt 0.596800 0.583333
vt 0.601563 0.502492
vt 0.601562 0.509336
vt 0.601563 0.532536
vt 0.624373 0.500189
vt 0.622444 0.500000
vt 0.622444 0.500756
vt 0.617188 0.502492
vt 0.617188 0.500334
vt 0.611985 0.500579
vt 0.609375 0.500579
vt 0.610219 0.500145
vt 0.611985 0.500000
vt 0.617188 0.500000
vt 0.625000 0.585118
vt 0.624156 0.583780
vt 0.622390 0.528598
vt 0.622390 0.641011
vt 0.617188 0.662809
vt 0.611985 0.641011
vt 0.609375 0.584941
vt 0.610219 0.583735
vt 0.611985 0.528421
vt 0.617188 0.509336
vt 0.640625 0.585391
vt 0.639781 0.583848
vt 0.638015 0.528871
vt 0.638015 0.641011
vt 0.632813 0.713863
vt 0.632813 0.662809
vt 0.627610 0.641011
vt 0.632813 0.634131
vt 0.625000 0.585118
vt 0.625844 0.583780
vt 0.627610 0.528598
vt 0.628050 0.583333
vt 0.632813 0.509448
vt 0.632813 0.532536
vt 0.656250 0.585391
vt 0.655406 0.583848
vt 0.653640 0.528871
vt 0.653640 0.641011
vt 0.648438 0.662809
vt 0.643235 0.641011
vt 0.641469 0.583848
vt 0.643235 0.528871
vt 0.643675 0.583333
vt 0.648438 0.509517
vt 0.671875 0.585391
vt 0.671031 0.583848
vt 0.669265 0.528871
vt 0.669265 0.641011
vt 0.664063 0.713863
vt 0.664063 0.662809
vt 0.658860 0.641011
vt 0.656250 0.585391
vt 0.657094 0.583848
vt 0.658860 0.528871
vt 0.659300 0.583333
vt 0.664063 0.503215
vt 0.664063 0.509517
vt 0.687500 0.585118
vt 0.686656 0.583780
vt 0.684890 0.528598
vt 0.684890 0.641011
vt 0.679688 0.662809
vt 0.674485 0.641011
vt 0.672719 0.583848
vt 0.674485 0.528871
vt 0.679633 0.502942
vt 0.679688 0.509448
vt 0.679688 0.532536
vt 0.703125 0.500000
vt 0.703125 0.500579
vt 0.702281 0.500145
vt 0.700515 0.500000
vt 0.703125 0.509616
vt 0.700515 0.500579
vt 0.695312 0.502492
vt 0.695313 0.500334
vt 0.690056 0.500756
vt 0.688127 0.500189
vt 0.690056 0.500000
vt 0.690550 0.500000
vt 0.695313 0.500000
vt 0.703125 0.584941
vt 0.702281 0.583735
vt 0.700515 0.528421
vt 0.700515 0.641011
vt 0.695312 0.713863
vt 0.695313 0.662809
vt 0.690110 0.641011
vt 0.687500 0.585118
vt 0.688344 0.583780
vt 0.690110 0.528598
vt 0.690550 0.583333
vt 0.695312 0.502492
vt 0.695313 0.509336
vt 0.718750 0.500000
vt 0.718750 0.500579
vt 0.717906 0.500145
vt 0.716140 0.500000
vt 0.718750 0.509616
vt 0.716140 0.500579
vt 0.710938 0.502315
vt 0.710938 0.500289
vt 0.705735 0.500579
vt 0.703125 0.500579
vt 0.703969 0.500145
vt 0.705735 0.500000
vt 0.706175 0.500000
vt 0.710938 0.500000
vt 0.718750 0.584941
vt 0.717906 0.583735
vt 0.716140 0.528421
vt 0.716140 0.641011
vt 0.710938 0.713863
vt 0.710938 0.662809
vt 0.705735 0.641011
vt 0.703125 0.584941
vt 0.703969 0.583735
vt 0.705735 0.528421
vt 0.706175 0.583333
vt 0.710938 0.502315
vt 0.710938 0.509291
vt 0.733748 0.500189
vt 0.731819 0.500000
vt 0.731819 0.500756
vt 0.726563 0.502492
vt 0.726563 0.500334
vt 0.721360 0.500579
vt 0.726563 0.500000
vt 0.718750 0.500579
vt 0.719594 0.500145
vt 0.721360 0.500000
vt 0.721800 0.500000
vt 0.726563 0.500000
vt 0.734375 0.585118
vt 0.733531 0.583780
vt 0.731765 0.528598
vt 0.731765 0.641011
vt 0.726562 0.662809
vt 0.721360 0.641011
vt 0.726563 0.634131
vt 0.719594 0.583735
vt 0.721360 0.528421
vt 0.721800 0.583333
vt 0.726562 0.502492
vt 0.726562 0.509336
vt 0.750000 0.585118
vt 0.749156 0.583780
vt 0.747390 0.528598
vt 0.747390 0.641011
vt 0.742188 0.713863
vt 0.742188 0.662809
vt 0.736985 0.641011
vt 0.734375 0.585118
vt 0.735219 0.583780
vt 0.736985 0.528598
vt 0.737425 0.583333
vt 0.742188 0.502669
vt 0.742188 0.509380
vt 0.764998 0.500189
vt 0.763069 0.500000
vt 0.763069 0.500756
vt 0.757812 0.502669
vt 0.757813 0.500378
vt 0.752556 0.500756
vt 0.750627 0.500189
vt 0.752556 0.500000
vt 0.753050 0.500000
vt 0.757813 0.500000
vt 0.765625 0.585118
vt 0.764781 0.583780
vt 0.763015 0.528598
vt 0.763015 0.641011
vt 0.757813 0.662809
vt 0.752610 0.641011
vt 0.750000 0.585118
vt 0.750844 0.583780
vt 0.752610 0.528598
vt 0.753050 0.583333
vt 0.757813 0.502669
vt 0.757813 0.509380
vt 0.781250 0.585118
vt 0.780406 0.583780
vt 0.778640 0.528598
vt 0.778640 0.641011
vt 0.773438 0.662809
vt 0.768235 0.641011
vt 0.773438 0.634131
vt 0.765625 0.585118
vt 0.766469 0.583780
vt 0.768235 0.528598
vt 0.773438 0.509380
vt 0.773438 0.532536
vt 0.796248 0.500189
vt 0.794319 0.500000
vt 0.794319 0.500756
vt 0.789063 0.502669
vt 0.789062 0.500378
vt 0.783806 0.500756
vt 0.789063 0.500000
vt 0.779188 0.500756
vt 0.781877 0.500189
vt 0.783806 0.500000
vt 0.784300 0.500000
vt 0.789063 0.500000
vt 0.796875 0.585118
vt 0.796031 0.583780
vt 0.794265 0.528598
vt 0.794265 0.641011
vt 0.789063 0.713863
vt 0.789062 0.662809
vt 0.783860 0.641011
vt 0.789063 0.634131
vt 0.781250 0.585118
vt 0.782094 0.583780
vt 0.783860 0.528598
vt 0.784300 0.583333
vt 0.789063 0.509380
vt 0.812500 0.585391
vt 0.811656 0.583848
vt 0.809890 0.528871
vt 0.809890 0.641011
vt 0.804688 0.713863
vt 0.804688 0.662809
vt 0.799485 0.641011
vt 0.804688 0.634131
vt 0.797719 0.583780
vt 0.799485 0.528598
vt 0.799925 0.583333
vt 0.804688 0.509448
vt 0.804688 0.532536
vt 0.828125 0.585391
vt 0.827281 0.583848
vt 0.825515 0.528871
vt 0.825515 0.641011
vt 0.820313 0.662809
vt 0.815110 0.641011
vt 0.820313 0.634131
vt 0.813344 0.583848
vt 0.815110 0.528871
vt 0.820313 0.503215
vt 0.820313 0.509517
vt 0.843750 0.585391
vt 0.842906 0.583848
vt 0.841140 0.528871
vt 0.841140 0.641011
vt 0.835938 0.713863
vt 0.835938 0.662809
vt 0.830735 0.641011
vt 0.828125 0.585391
vt 0.828969 0.583848
vt 0.830735 0.528871
vt 0.831175 0.583333
vt 0.835938 0.503215
vt 0.835938 0.509517
vt 0.835938 0.532536
vt 0.858748 0.584074
vt 0.856819 0.529324
vt 0.856819 0.641464
vt 0.851563 0.714316
vt 0.851563 0.662922
vt 0.846360 0.641011
vt 0.843750 0.585391
vt 0.844594 0.583848
vt 0.846360 0.528871
vt 0.846800 0.583333
vt 0.851563 0.503668
vt 0.851563 0.509630
vt 0.937500 0.500000
vt 0.937500 0.500579
vt 0.936656 0.500145
vt 0.934890 0.500000
vt 0.937500 0.509616
vt 0.934890 0.500579
vt 0.929688 0.502765
vt 0.929688 0.500402
vt 0.924431 0.501029
vt 0.929688 0.500000
vt 0.922502 0.500257
vt 0.924431 0.500000
vt 0.924925 0.500000
vt 0.937500 0.584941
vt 0.936656 0.583735
vt 0.934890 0.528421
vt 0.934890 0.641011
vt 0.929688 0.714316
vt 0.929688 0.662922
vt 0.924431 0.641464
vt 0.929688 0.634131
vt 0.922502 0.583961
vt 0.924431 0.528871
vt 0.924925 0.583333
vt 0.929688 0.502765
vt 0.929688 0.509404
vt 0.952498 0.500189
vt 0.950569 0.500000
vt 0.950569 0.500756
vt 0.945313 0.502492
vt 0.945313 0.500334
vt 0.940110 0.500579
vt 0.945313 0.500000
vt 0.937500 0.500579
vt 0.938344 0.500145
vt 0.940110 0.500000
vt 0.940550 0.500000
vt 0.953125 0.585118
vt 0.952281 0.583780
vt 0.950515 0.528598
vt 0.950515 0.641011
vt 0.945313 0.713863
vt 0.945313 0.662809
vt 0.940110 0.641011
vt 0.938344 0.583735
vt 0.940110 0.528421
vt 0.940550 0.583333
vt 0.945313 0.509336
vt 0.945313 0.532536
vt 0.968750 0.585118
vt 0.967906 0.583780
vt 0.966140 0.528598
vt 0.966140 0.641011
vt 0.960938 0.713863
vt 0.960938 0.662809
vt 0.955735 0.641011
vt 0.960938 0.634131
vt 0.953125 0.585118
vt 0.953969 0.583780
vt 0.955735 0.528598
vt 0.960938 0.502669
vt 0.960938 0.509380
vt 0.960938 0.532536
vt 0.984375 0.500000
vt 0.984375 0.500579
vt 0.983531 0.500145
vt 0.981765 0.500000
vt 0.984375 0.509616
vt 0.981765 0.500579
vt 0.976563 0.502492
vt 0.976563 0.500334
vt 0.971306 0.500756
vt 0.969377 0.500189
vt 0.971306 0.500000
vt 0.976563 0.500000
vt 0.984375 0.584941
vt 0.983531 0.583735
vt 0.981765 0.528421
vt 0.981765 0.641011
vt 0.976563 0.713863
vt 0.976563 0.662809
vt 0.971360 0.641011
vt 0.968750 0.585118
vt 0.969594 0.583780
vt 0.971360 0.528598
vt 0.976562 0.502492
vt 0.976563 0.509336
vt 1.000000 0.500000
vt 1.000000 0.500000
vt 0.999156 0.500000
vt 0.997390 0.500000
vt 0.992188 0.501736
vt 0.992188 0.500145
vt 0.986985 0.500579
vt 0.984375 0.500579
vt 0.985219 0.500145
vt 0.986985 0.500000
vt 1.000000 0.583333
vt 0.999156 0.583333
vt 0.997390 0.527842
vt 0.997390 0.639982
vt 0.992188 0.712834
vt 0.992188 0.662552
vt 0.986985 0.641011
vt 0.984375 0.584941
vt 0.985219 0.583735
vt 0.986985 0.528421
vt 0.992188 0.509147
vt 0.739133 0.028793
vt 0.739398 0.034194
vt 0.737210 0.088080
vt 0.746857 0.087606
vt 0.750000 0.257486
vt 0.750013 0.255296
vt 0.750000 0.490000
vt 0.753267 0.424441
vt 0.761121 0.476374
vt 0.773524 0.488844
vt 0.763847 0.423922
vt 0.750734 0.257450
vt 0.750507 0.255272
vt 0.750448 0.254545
vt 0.239133 0.028793
vt 0.240003 0.046517
vt 0.246522 0.100884
vt 0.238845 0.101261
vt 0.250734 0.257450
vt 0.250495 0.255272
vt 0.273524 0.488844
vt 0.262187 0.410742
vt 0.250360 0.254549
vt 0.261762 0.489422
vt 0.260516 0.464051
vt 0.250000 0.490000
vt 0.253627 0.411162
vt 0.257257 0.397723
vt 0.250000 0.257486
vt 0.250024 0.255295
vt 0.250087 0.254562
vt 0.718296 0.036272
vt 0.721401 0.090113
vt 0.730955 0.088696
vt 0.750734 0.257450
vt 0.750532 0.255269
vt 0.770350 0.423281
vt 0.785173 0.487116
vt 0.783256 0.474194
vt 0.796822 0.485388
vt 0.780827 0.421727
vt 0.751460 0.257343
vt 0.751021 0.255197
vt 0.217503 0.030923
vt 0.220107 0.048476
vt 0.231923 0.101942
vt 0.224320 0.103070
vt 0.251461 0.257343
vt 0.251009 0.255198
vt 0.296822 0.485388
vt 0.277884 0.408773
vt 0.250804 0.254492
vt 0.285173 0.487116
vt 0.281446 0.461989
vt 0.269406 0.410031
vt 0.271702 0.396300
vt 0.250543 0.255268
vt 0.250534 0.254532
vt 0.696186 0.035163
vt 0.697500 0.040409
vt 0.705867 0.093686
vt 0.715236 0.091339
vt 0.751460 0.257343
vt 0.751045 0.255192
vt 0.787236 0.420452
vt 0.805071 0.469855
vt 0.819668 0.479666
vt 0.797511 0.417878
vt 0.752173 0.257164
vt 0.751526 0.255072
vt 0.196186 0.035163
vt 0.200498 0.052377
vt 0.217498 0.104427
vt 0.210042 0.106295
vt 0.252173 0.257164
vt 0.251514 0.255074
vt 0.319668 0.479666
vt 0.293312 0.405276
vt 0.308245 0.482527
vt 0.302073 0.457886
vt 0.284999 0.407358
vt 0.285937 0.393468
vt 0.251057 0.255189
vt 0.250976 0.254457
vt 0.675388 0.041473
vt 0.677209 0.046564
vt 0.690758 0.098765
vt 0.699852 0.095511
vt 0.752173 0.257164
vt 0.751549 0.255064
vt 0.803764 0.415982
vt 0.826355 0.463398
vt 0.841844 0.471731
vt 0.813737 0.412413
vt 0.752865 0.256917
vt 0.752015 0.254898
vt 0.175388 0.041473
vt 0.181366 0.058181
vt 0.203386 0.108314
vt 0.196148 0.110904
vt 0.252865 0.256917
vt 0.252004 0.254902
vt 0.341844 0.471731
vt 0.308323 0.400283
vt 0.251665 0.254248
vt 0.330756 0.475698
vt 0.322199 0.451781
vt 0.300254 0.403170
vt 0.299826 0.389255
vt 0.251560 0.255060
vt 0.251408 0.254340
vt 0.657620 0.054678
vt 0.676220 0.105300
vt 0.684951 0.101170
vt 0.752038 0.254888
vt 0.819774 0.409912
vt 0.846904 0.454887
vt 0.863135 0.461661
vt 0.829350 0.405384
vt 0.753529 0.256603
vt 0.752486 0.254676
vt 0.752153 0.254027
vt 0.155308 0.049790
vt 0.162895 0.065832
vt 0.189723 0.113565
vt 0.182774 0.116852
vt 0.253529 0.256603
vt 0.252475 0.254682
vt 0.363135 0.461661
vt 0.322773 0.393842
vt 0.352490 0.466696
vt 0.341629 0.443733
vt 0.315025 0.397507
vt 0.313236 0.383701
vt 0.252049 0.254883
vt 0.636140 0.060035
vt 0.638920 0.064673
vt 0.662392 0.113228
vt 0.670676 0.108263
vt 0.753529 0.256603
vt 0.752508 0.254665
vt 0.835113 0.402303
vt 0.866520 0.444402
vt 0.883337 0.449553
vt 0.844198 0.396858
vt 0.754159 0.256225
vt 0.752932 0.254410
vt 0.752537 0.253797
vt 0.136140 0.060035
vt 0.145263 0.075256
vt 0.176640 0.120130
vt 0.170047 0.124082
vt 0.254159 0.256225
vt 0.252922 0.254416
vt 0.383337 0.449553
vt 0.336521 0.386017
vt 0.252462 0.253842
vt 0.373236 0.455607
vt 0.360177 0.433819
vt 0.329170 0.390423
vt 0.326036 0.376859
vt 0.253529 0.256602
vt 0.252518 0.254659
vt 0.252228 0.253982
vt 0.618068 0.072110
vt 0.621289 0.076454
vt 0.649408 0.122474
vt 0.657165 0.116720
vt 0.754159 0.256225
vt 0.752953 0.254396
vt 0.849631 0.393227
vt 0.885014 0.432045
vt 0.902254 0.435522
vt 0.858139 0.386918
vt 0.754749 0.255787
vt 0.753350 0.254102
vt 0.118068 0.072110
vt 0.128639 0.086364
vt 0.164264 0.127946
vt 0.158090 0.132525
vt 0.254749 0.255787
vt 0.253341 0.254109
vt 0.402254 0.435522
vt 0.349437 0.376881
vt 0.392796 0.442538
vt 0.377664 0.422135
vt 0.342553 0.381986
vt 0.252962 0.254390
vt 0.601267 0.085899
vt 0.604898 0.089905
vt 0.637392 0.132948
vt 0.644549 0.126461
vt 0.753369 0.254086
vt 0.863190 0.382772
vt 0.902207 0.417934
vt 0.919706 0.419706
vt 0.871038 0.375659
vt 0.755294 0.255294
vt 0.753736 0.253754
vt 0.101267 0.085899
vt 0.113184 0.099047
vt 0.152713 0.136938
vt 0.147018 0.142100
vt 0.255294 0.255294
vt 0.253727 0.253761
vt 0.419706 0.419706
vt 0.361394 0.366524
vt 0.253164 0.253288
vt 0.410980 0.427614
vt 0.393921 0.408792
vt 0.355044 0.372279
vt 0.349324 0.359587
vt 0.253378 0.254078
vt 0.252962 0.253471
vt 0.589905 0.104898
vt 0.626461 0.144549
vt 0.632948 0.137392
vt 0.753754 0.253736
vt 0.875659 0.371038
vt 0.917934 0.402207
vt 0.935522 0.402254
vt 0.882772 0.363190
vt 0.755787 0.254749
vt 0.754086 0.253369
vt 0.085899 0.101267
vt 0.099047 0.113184
vt 0.142100 0.147018
vt 0.136938 0.152713
vt 0.255787 0.254749
vt 0.254078 0.253378
vt 0.435522 0.402254
vt 0.372279 0.355044
vt 0.253471 0.252962
vt 0.427614 0.410980
vt 0.408792 0.393921
vt 0.366524 0.361394
vt 0.253761 0.253727
vt 0.253288 0.253164
vt 0.572110 0.118068
vt 0.576454 0.121289
vt 0.616720 0.157165
vt 0.622474 0.149408
vt 0.755787 0.254749
vt 0.754102 0.253350
vt 0.886918 0.358139
vt 0.932045 0.385013
vt 0.949553 0.383337
vt 0.893228 0.349631
vt 0.756225 0.254159
vt 0.754396 0.252953
vt 0.072110 0.118068
vt 0.086364 0.128639
vt 0.132525 0.158090
vt 0.127946 0.164264
vt 0.256225 0.254159
vt 0.254389 0.252962
vt 0.449553 0.383337
vt 0.381986 0.342553
vt 0.253745 0.252607
vt 0.442538 0.392796
vt 0.422135 0.377664
vt 0.376881 0.349437
vt 0.368795 0.338104
vt 0.255787 0.254749
vt 0.254109 0.253341
vt 0.560035 0.136140
vt 0.564673 0.138920
vt 0.608263 0.170676
vt 0.613228 0.162392
vt 0.756225 0.254159
vt 0.754410 0.252932
vt 0.896858 0.344198
vt 0.955607 0.373236
vt 0.944402 0.366520
vt 0.961661 0.363135
vt 0.902303 0.335113
vt 0.756603 0.253529
vt 0.754665 0.252507
vt 0.075256 0.145263
vt 0.124082 0.170047
vt 0.120130 0.176640
vt 0.256602 0.253529
vt 0.254659 0.252518
vt 0.461661 0.363135
vt 0.390423 0.329170
vt 0.253982 0.252228
vt 0.455607 0.373236
vt 0.433819 0.360177
vt 0.386017 0.336521
vt 0.376859 0.326036
vt 0.256225 0.254159
vt 0.254416 0.252922
vt 0.253842 0.252462
vt 0.549790 0.155308
vt 0.554678 0.157620
vt 0.601170 0.184951
vt 0.605300 0.176220
vt 0.756602 0.253529
vt 0.754677 0.252486
vt 0.905384 0.329350
vt 0.966696 0.352490
vt 0.954887 0.346904
vt 0.971731 0.341844
vt 0.909912 0.319774
vt 0.756917 0.252865
vt 0.754888 0.252038
vt 0.754219 0.251747
vt 0.049790 0.155308
vt 0.065832 0.162895
vt 0.116852 0.182774
vt 0.113565 0.189723
vt 0.256917 0.252865
vt 0.254883 0.252049
vt 0.471731 0.341844
vt 0.397507 0.315025
vt 0.466696 0.352490
vt 0.443733 0.341629
vt 0.393842 0.322773
vt 0.383701 0.313236
vt 0.256603 0.253529
vt 0.254681 0.252475
vt 0.254065 0.252074
vt 0.541473 0.175388
vt 0.546564 0.177209
vt 0.595511 0.199852
vt 0.598765 0.190758
vt 0.756917 0.252865
vt 0.754898 0.252015
vt 0.912413 0.313737
vt 0.975698 0.330756
vt 0.963398 0.326355
vt 0.979666 0.319668
vt 0.915982 0.303764
vt 0.757164 0.252173
vt 0.755064 0.251549
vt 0.754370 0.251326
vt 0.041473 0.175388
vt 0.058181 0.181366
vt 0.110904 0.196148
vt 0.108314 0.203386
vt 0.257164 0.252173
vt 0.255060 0.251560
vt 0.479666 0.319668
vt 0.403170 0.300254
vt 0.475698 0.330756
vt 0.451781 0.322199
vt 0.400283 0.308323
vt 0.254902 0.252004
vt 0.535163 0.196186
vt 0.540409 0.197500
vt 0.591339 0.215236
vt 0.593686 0.205867
vt 0.755072 0.251525
vt 0.917878 0.297511
vt 0.969855 0.305071
vt 0.985388 0.296822
vt 0.920452 0.287236
vt 0.757343 0.251461
vt 0.755192 0.251045
vt 0.052377 0.200498
vt 0.106295 0.210042
vt 0.104427 0.217498
vt 0.257343 0.251461
vt 0.255189 0.251057
vt 0.485388 0.296822
vt 0.407358 0.284999
vt 0.482527 0.308245
vt 0.457886 0.302073
vt 0.405276 0.293312
vt 0.393468 0.285937
vt 0.257164 0.252173
vt 0.255074 0.251514
vt 0.530923 0.217503
vt 0.536272 0.218296
vt 0.588696 0.230955
vt 0.590113 0.221401
vt 0.755197 0.251021
vt 0.921727 0.280827
vt 0.974194 0.283256
vt 0.988844 0.273524
vt 0.923281 0.270350
vt 0.757451 0.250734
vt 0.755269 0.250531
vt 0.754545 0.250448
vt 0.030923 0.217503
vt 0.048476 0.220107
vt 0.103070 0.224320
vt 0.101943 0.231923
vt 0.257450 0.250734
vt 0.255268 0.250543
vt 0.488844 0.273524
vt 0.410031 0.269406
vt 0.254532 0.250534
vt 0.487116 0.285173
vt 0.461989 0.281446
vt 0.408773 0.277884
vt 0.396300 0.271702
vt 0.257343 0.251461
vt 0.255198 0.251009
vt 0.528793 0.239133
vt 0.534194 0.239398
vt 0.587606 0.246857
vt 0.588080 0.237210
vt 0.757451 0.250734
vt 0.755272 0.250507
vt 0.923922 0.263847
vt 0.976374 0.261121
vt 0.990000 0.250000
vt 0.924441 0.253267
vt 0.757486 0.250000
vt 0.755296 0.250012
vt 0.028793 0.239133
vt 0.046517 0.240003
vt 0.101261 0.238845
vt 0.100884 0.246522
vt 0.257486 0.250000
vt 0.255295 0.250024
vt 0.490000 0.250000
vt 0.411162 0.253627
vt 0.254562 0.250087
vt 0.489422 0.261762
vt 0.464051 0.260516
vt 0.410742 0.262187
vt 0.397723 0.257257
vt 0.257450 0.250734
vt 0.255272 0.250495
vt 0.528793 0.260867
vt 0.534194 0.260602
vt 0.588080 0.262790
vt 0.587606 0.253143
vt 0.755296 0.249988
vt 0.924441 0.246733
vt 0.989422 0.238238
vt 0.976374 0.238879
vt 0.988844 0.226476
vt 0.923922 0.236153
vt 0.757450 0.249266
vt 0.755272 0.249493
vt 0.754545 0.249552
vt 0.046517 0.259997
vt 0.100884 0.253477
vt 0.101261 0.261155
vt 0.257450 0.249266
vt 0.255272 0.249505
vt 0.488844 0.226476
vt 0.410742 0.237813
vt 0.254549 0.249640
vt 0.489422 0.238238
vt 0.464051 0.239484
vt 0.411162 0.246373
vt 0.397723 0.242743
vt 0.257486 0.250000
vt 0.255295 0.249976
vt 0.254562 0.249913
vt 0.530923 0.282497
vt 0.536272 0.281704
vt 0.590113 0.278599
vt 0.588696 0.269045
vt 0.757451 0.249266
vt 0.755269 0.249469
vt 0.923281 0.229650
vt 0.974194 0.216744
vt 0.985388 0.203178
vt 0.921727 0.219173
vt 0.757343 0.248539
vt 0.755197 0.248979
vt 0.048476 0.279893
vt 0.101942 0.268077
vt 0.103070 0.275680
vt 0.257343 0.248539
vt 0.255198 0.248991
vt 0.485388 0.203178
vt 0.408773 0.222116
vt 0.254492 0.249196
vt 0.487116 0.214827
vt 0.461989 0.218554
vt 0.410031 0.230594
vt 0.396300 0.228298
vt 0.255268 0.249457
vt 0.254532 0.249466
vt 0.535163 0.303814
vt 0.540408 0.302500
vt 0.593686 0.294133
vt 0.591339 0.284764
vt 0.755192 0.248955
vt 0.920452 0.212764
vt 0.969855 0.194929
vt 0.979666 0.180332
vt 0.917878 0.202489
vt 0.757164 0.247827
vt 0.755072 0.248475
vt 0.754370 0.248674
vt 0.035163 0.303814
vt 0.052377 0.299502
vt 0.104427 0.282502
vt 0.106295 0.289958
vt 0.257164 0.247827
vt 0.255074 0.248486
vt 0.479666 0.180332
vt 0.405276 0.206688
vt 0.482527 0.191755
vt 0.457886 0.197927
vt 0.407358 0.215001
vt 0.393468 0.214063
vt 0.257343 0.248539
vt 0.255189 0.248943
vt 0.254457 0.249024
vt 0.546564 0.322791
vt 0.598765 0.309242
vt 0.595511 0.300148
vt 0.757164 0.247827
vt 0.755064 0.248451
vt 0.915982 0.196236
vt 0.963398 0.173645
vt 0.971731 0.158156
vt 0.912413 0.186263
vt 0.756917 0.247135
vt 0.754898 0.247985
vt 0.041473 0.324612
vt 0.058181 0.318634
vt 0.108314 0.296614
vt 0.110904 0.303852
vt 0.256917 0.247135
vt 0.254902 0.247996
vt 0.471731 0.158156
vt 0.400283 0.191677
vt 0.254248 0.248335
vt 0.475698 0.169244
vt 0.451781 0.177802
vt 0.403170 0.199746
vt 0.389255 0.200174
vt 0.255060 0.248440
vt 0.254340 0.248592
vt 0.554678 0.342380
vt 0.605300 0.323780
vt 0.601170 0.315049
vt 0.756917 0.247135
vt 0.754888 0.247962
vt 0.909912 0.180226
vt 0.954887 0.153096
vt 0.961661 0.136865
vt 0.905384 0.170650
vt 0.756602 0.246471
vt 0.754677 0.247514
vt 0.049790 0.344692
vt 0.065832 0.337105
vt 0.113565 0.310277
vt 0.116852 0.317226
vt 0.256603 0.246471
vt 0.254682 0.247525
vt 0.461661 0.136865
vt 0.393842 0.177227
vt 0.254065 0.247926
vt 0.466696 0.147510
vt 0.443733 0.158371
vt 0.397507 0.184975
vt 0.383701 0.186764
vt 0.254883 0.247951
vt 0.254182 0.248173
vt 0.560035 0.363860
vt 0.564673 0.361080
vt 0.613228 0.337608
vt 0.608263 0.329324
vt 0.756602 0.246471
vt 0.754665 0.247493
vt 0.902303 0.164887
vt 0.955607 0.126764
vt 0.944402 0.133480
vt 0.949553 0.116663
vt 0.896858 0.155802
vt 0.756225 0.245841
vt 0.754410 0.247068
vt 0.753797 0.247463
vt 0.075256 0.354737
vt 0.120130 0.323360
vt 0.124082 0.329953
vt 0.256225 0.245841
vt 0.254416 0.247078
vt 0.449553 0.116663
vt 0.386017 0.163479
vt 0.253842 0.247538
vt 0.455607 0.126764
vt 0.433819 0.139823
vt 0.390423 0.170830
vt 0.376859 0.173964
vt 0.256602 0.246471
vt 0.254659 0.247483
vt 0.253982 0.247772
vt 0.572110 0.381932
vt 0.576454 0.378711
vt 0.622474 0.350592
vt 0.616720 0.342835
vt 0.756225 0.245841
vt 0.754396 0.247047
vt 0.893228 0.150369
vt 0.932045 0.114987
vt 0.935522 0.097746
vt 0.886918 0.141861
vt 0.755787 0.245251
vt 0.754102 0.246650
vt 0.072110 0.381932
vt 0.086364 0.371361
vt 0.127946 0.335736
vt 0.132525 0.341910
vt 0.255787 0.245251
vt 0.254109 0.246659
vt 0.435522 0.097746
vt 0.376881 0.150563
vt 0.442538 0.107204
vt 0.422135 0.122336
vt 0.381986 0.157447
vt 0.256225 0.245841
vt 0.254390 0.247038
vt 0.253745 0.247393
vt 0.585899 0.398733
vt 0.589905 0.395102
vt 0.632948 0.362608
vt 0.626462 0.355451
vt 0.755787 0.245251
vt 0.754086 0.246631
vt 0.882772 0.136810
vt 0.917934 0.097793
vt 0.919706 0.080294
vt 0.875659 0.128962
vt 0.755294 0.244706
vt 0.753754 0.246264
vt 0.085899 0.398733
vt 0.099047 0.386816
vt 0.136938 0.347287
vt 0.142100 0.352982
vt 0.255294 0.244706
vt 0.253761 0.246273
vt 0.419706 0.080294
vt 0.366524 0.138606
vt 0.253288 0.246836
vt 0.427614 0.089020
vt 0.408792 0.106079
vt 0.372279 0.144956
vt 0.359587 0.150676
vt 0.254078 0.246622
vt 0.253471 0.247038
vt 0.601267 0.414101
vt 0.604898 0.410095
vt 0.644549 0.373539
vt 0.637392 0.367052
vt 0.755294 0.244706
vt 0.753736 0.246246
vt 0.871038 0.124341
vt 0.902207 0.082066
vt 0.902254 0.064478
vt 0.863190 0.117228
vt 0.754749 0.244213
vt 0.753369 0.245914
vt 0.101267 0.414101
vt 0.113184 0.400953
vt 0.147018 0.357900
vt 0.152713 0.363062
vt 0.254749 0.244213
vt 0.253378 0.245922
vt 0.402254 0.064478
vt 0.355044 0.127721
vt 0.252962 0.246529
vt 0.410980 0.072386
vt 0.393921 0.091208
vt 0.361394 0.133476
vt 0.349324 0.140413
vt 0.253727 0.246239
vt 0.253164 0.246712
vt 0.621289 0.423546
vt 0.657165 0.383280
vt 0.649408 0.377526
vt 0.753350 0.245898
vt 0.858139 0.113082
vt 0.885014 0.067955
vt 0.883337 0.050447
vt 0.849631 0.106773
vt 0.754159 0.243775
vt 0.752953 0.245604
vt 0.128639 0.413636
vt 0.158090 0.367475
vt 0.164264 0.372054
vt 0.254159 0.243775
vt 0.252962 0.245610
vt 0.383337 0.050447
vt 0.342553 0.118014
vt 0.252607 0.246255
vt 0.392796 0.057462
vt 0.377664 0.077865
vt 0.349437 0.123119
vt 0.338104 0.131205
vt 0.254749 0.244213
vt 0.253341 0.245891
vt 0.638919 0.435327
vt 0.670676 0.391737
vt 0.662392 0.386772
vt 0.754159 0.243775
vt 0.752932 0.245590
vt 0.844198 0.103142
vt 0.866520 0.055598
vt 0.863135 0.038339
vt 0.835113 0.097697
vt 0.753529 0.243398
vt 0.752507 0.245335
vt 0.136140 0.439965
vt 0.145263 0.424744
vt 0.170047 0.375918
vt 0.176640 0.379870
vt 0.253529 0.243398
vt 0.252518 0.245341
vt 0.363135 0.038339
vt 0.329170 0.109577
vt 0.373236 0.044393
vt 0.360177 0.066181
vt 0.336521 0.113983
vt 0.326036 0.123141
vt 0.254159 0.243775
vt 0.252922 0.245584
vt 0.252462 0.246158
vt 0.655308 0.450210
vt 0.657620 0.445322
vt 0.684951 0.398830
vt 0.676220 0.394700
vt 0.752486 0.245324
vt 0.829350 0.094616
vt 0.846904 0.045114
vt 0.841844 0.028269
vt 0.819774 0.090088
vt 0.752865 0.243083
vt 0.752038 0.245112
vt 0.155308 0.450210
vt 0.162895 0.434168
vt 0.182774 0.383148
vt 0.189723 0.386435
vt 0.252865 0.243083
vt 0.252049 0.245117
vt 0.341844 0.028269
vt 0.315025 0.102493
vt 0.352490 0.033304
vt 0.341629 0.056267
vt 0.322773 0.106158
vt 0.313236 0.116299
vt 0.253529 0.243398
vt 0.252475 0.245318
vt 0.675388 0.458528
vt 0.677209 0.453436
vt 0.699852 0.404489
vt 0.690758 0.401235
vt 0.752865 0.243083
vt 0.752015 0.245102
vt 0.813737 0.087587
vt 0.826355 0.036602
vt 0.819668 0.020334
vt 0.803764 0.084019
vt 0.752173 0.242836
vt 0.751549 0.244936
vt 0.175388 0.458528
vt 0.181366 0.441819
vt 0.196148 0.389096
vt 0.203386 0.391686
vt 0.252173 0.242836
vt 0.251560 0.244940
vt 0.319668 0.020334
vt 0.300254 0.096830
vt 0.251408 0.245660
vt 0.330756 0.024302
vt 0.322199 0.048219
vt 0.308323 0.099717
vt 0.299826 0.110745
vt 0.252865 0.243083
vt 0.252004 0.245098
vt 0.251665 0.245752
vt 0.696186 0.464837
vt 0.697500 0.459591
vt 0.715236 0.408661
vt 0.705867 0.406314
vt 0.752173 0.242836
vt 0.751526 0.244929
vt 0.797511 0.082122
vt 0.805071 0.030145
vt 0.796822 0.014612
vt 0.787236 0.079548
vt 0.751461 0.242657
vt 0.751046 0.244808
vt 0.196186 0.464837
vt 0.200498 0.447623
vt 0.210042 0.393705
vt 0.217498 0.395573
vt 0.251461 0.242657
vt 0.251057 0.244811
vt 0.296822 0.014612
vt 0.284999 0.092642
vt 0.308245 0.017473
vt 0.302073 0.042114
vt 0.293312 0.094724
vt 0.252173 0.242836
vt 0.251514 0.244926
vt 0.251241 0.245609
vt 0.718296 0.463728
vt 0.730955 0.411304
vt 0.721401 0.409887
vt 0.751461 0.242657
vt 0.751021 0.244803
vt 0.780827 0.078273
vt 0.785173 0.012884
vt 0.783256 0.025806
vt 0.773524 0.011156
vt 0.770350 0.076719
vt 0.750734 0.242550
vt 0.750531 0.244731
vt 0.217503 0.469077
vt 0.220107 0.451523
vt 0.224320 0.396930
vt 0.231923 0.398057
vt 0.250734 0.242550
vt 0.250543 0.244732
vt 0.273524 0.011156
vt 0.269406 0.089969
vt 0.250534 0.245468
vt 0.285173 0.012884
vt 0.281446 0.038011
vt 0.277884 0.091227
vt 0.271702 0.103700
vt 0.251461 0.242657
vt 0.251009 0.244802
vt 0.739133 0.471207
vt 0.739398 0.465806
vt 0.746857 0.412394
vt 0.737210 0.411920
vt 0.750734 0.242550
vt 0.750507 0.244728
vt 0.763847 0.076078
vt 0.761121 0.023626
vt 0.750000 0.010000
vt 0.753267 0.075559
vt 0.750000 0.242514
vt 0.750013 0.244704
vt 0.239133 0.471207
vt 0.240003 0.453483
vt 0.238845 0.398739
vt 0.246522 0.399116
vt 0.250000 0.242514
vt 0.250024 0.244705
vt 0.250000 0.010000
vt 0.253627 0.088838
vt 0.250087 0.245438
vt 0.261762 0.010578
vt 0.260516 0.035949
vt 0.262187 0.089258
vt 0.257257 0.102277
vt 0.250734 0.242550
vt 0.250495 0.244728
vt 0.250360 0.245451
vt 0.760867 0.471207
vt 0.760602 0.465806
vt 0.762790 0.411920
vt 0.753143 0.412394
vt 0.750000 0.242514
vt 0.749988 0.244704
vt 0.746733 0.075559
vt 0.738879 0.023626
vt 0.726476 0.011156
vt 0.736153 0.076078
vt 0.749266 0.242550
vt 0.749493 0.244728
vt 0.260867 0.471207
vt 0.259996 0.453483
vt 0.253477 0.399116
vt 0.261155 0.398739
vt 0.249266 0.242550
vt 0.249505 0.244728
vt 0.226476 0.011156
vt 0.237813 0.089258
vt 0.249640 0.245451
vt 0.238238 0.010578
vt 0.239484 0.035949
vt 0.246373 0.088838
vt 0.242743 0.102277
vt 0.250000 0.242514
vt 0.249976 0.244705
vt 0.249913 0.245438
vt 0.782497 0.469077
vt 0.781703 0.463728
vt 0.778599 0.409887
vt 0.769045 0.411304
vt 0.749469 0.244731
vt 0.729650 0.076719
vt 0.714827 0.012884
vt 0.716744 0.025806
vt 0.703178 0.014612
vt 0.719173 0.078273
vt 0.748539 0.242657
vt 0.748979 0.244803
vt 0.749109 0.245521
vt 0.279893 0.451523
vt 0.268077 0.398057
vt 0.275680 0.396930
vt 0.248539 0.242657
vt 0.248991 0.244802
vt 0.203178 0.014612
vt 0.222116 0.091227
vt 0.249196 0.245508
vt 0.214827 0.012884
vt 0.218554 0.038011
vt 0.230594 0.089969
vt 0.228298 0.103700
vt 0.249266 0.242550
vt 0.249457 0.244732
vt 0.249466 0.245468
vt 0.803814 0.464837
vt 0.802500 0.459591
vt 0.794133 0.406314
vt 0.784764 0.408661
vt 0.748539 0.242657
vt 0.748955 0.244808
vt 0.712764 0.079548
vt 0.691755 0.017473
vt 0.694929 0.030145
vt 0.680332 0.020334
vt 0.702489 0.082122
vt 0.747827 0.242836
vt 0.748475 0.244928
vt 0.748675 0.245630
vt 0.303814 0.464837
vt 0.299502 0.447623
vt 0.282502 0.395573
vt 0.289958 0.393705
vt 0.247827 0.242836
vt 0.248486 0.244926
vt 0.180332 0.020334
vt 0.206688 0.094724
vt 0.248759 0.245609
vt 0.191755 0.017473
vt 0.197927 0.042114
vt 0.215001 0.092642
vt 0.214063 0.106532
vt 0.248539 0.242657
vt 0.248943 0.244811
vt 0.249024 0.245543
vt 0.824612 0.458528
vt 0.822791 0.453436
vt 0.809242 0.401235
vt 0.800148 0.404489
vt 0.747827 0.242836
vt 0.748451 0.244936
vt 0.696236 0.084019
vt 0.673645 0.036602
vt 0.658156 0.028269
vt 0.686263 0.087587
vt 0.747135 0.243083
vt 0.747985 0.245102
vt 0.748252 0.245781
vt 0.318634 0.441820
vt 0.296614 0.391686
vt 0.303852 0.389096
vt 0.247135 0.243083
vt 0.247996 0.245098
vt 0.158156 0.028269
vt 0.191677 0.099717
vt 0.248335 0.245752
vt 0.169244 0.024302
vt 0.177802 0.048219
vt 0.199746 0.096830
vt 0.200174 0.110745
vt 0.248440 0.244940
vt 0.248592 0.245660
vt 0.844692 0.450210
vt 0.842380 0.445322
vt 0.823780 0.394700
vt 0.815049 0.398830
vt 0.747135 0.243083
vt 0.747962 0.245112
vt 0.680226 0.090088
vt 0.653096 0.045114
vt 0.636865 0.038339
vt 0.670650 0.094616
vt 0.746471 0.243397
vt 0.747514 0.245324
vt 0.747847 0.245973
vt 0.344692 0.450210
vt 0.337105 0.434168
vt 0.310277 0.386435
vt 0.317226 0.383148
vt 0.246471 0.243398
vt 0.247525 0.245319
vt 0.136865 0.038339
vt 0.177227 0.106158
vt 0.247926 0.245935
vt 0.147510 0.033304
vt 0.158371 0.056267
vt 0.184975 0.102493
vt 0.186764 0.116299
vt 0.247135 0.243083
vt 0.247951 0.245117
vt 0.248173 0.245819
vt 0.863860 0.439965
vt 0.861080 0.435327
vt 0.837608 0.386772
vt 0.829324 0.391737
vt 0.746471 0.243397
vt 0.747492 0.245335
vt 0.664887 0.097697
vt 0.633480 0.055598
vt 0.616663 0.050447
vt 0.655802 0.103142
vt 0.745841 0.243775
vt 0.747068 0.245590
vt 0.363860 0.439965
vt 0.354737 0.424744
vt 0.323360 0.379870
vt 0.329953 0.375918
vt 0.245841 0.243775
vt 0.247078 0.245584
vt 0.116663 0.050447
vt 0.163479 0.113983
vt 0.247538 0.246158
vt 0.126764 0.044393
vt 0.139823 0.066181
vt 0.170830 0.109577
vt 0.246471 0.243398
vt 0.247482 0.245341
vt 0.247772 0.246018
vt 0.881932 0.427890
vt 0.878711 0.423546
vt 0.850592 0.377526
vt 0.842835 0.383280
vt 0.747047 0.245604
vt 0.650369 0.106773
vt 0.614987 0.067955
vt 0.597746 0.064478
vt 0.641861 0.113082
vt 0.745251 0.244213
vt 0.746650 0.245898
vt 0.381932 0.427890
vt 0.371361 0.413636
vt 0.335736 0.372054
vt 0.341910 0.367475
vt 0.245251 0.244213
vt 0.246659 0.245891
vt 0.097746 0.064478
vt 0.150563 0.123119
vt 0.247173 0.246418
vt 0.107204 0.057462
vt 0.122336 0.077865
vt 0.157447 0.118014
vt 0.245841 0.243775
vt 0.247038 0.245611
vt 0.247393 0.246255
vt 0.898733 0.414101
vt 0.895102 0.410095
vt 0.862607 0.367052
vt 0.855451 0.373538
vt 0.745251 0.244213
vt 0.746631 0.245914
vt 0.636810 0.117228
vt 0.597793 0.082066
vt 0.580294 0.080294
vt 0.628962 0.124341
vt 0.744706 0.244706
vt 0.746264 0.246246
vt 0.746771 0.246771
vt 0.398733 0.414101
vt 0.386816 0.400953
vt 0.347287 0.363062
vt 0.352982 0.357900
vt 0.244706 0.244706
vt 0.246273 0.246239
vt 0.080294 0.080294
vt 0.138606 0.133476
vt 0.246836 0.246712
vt 0.089020 0.072386
vt 0.106079 0.091208
vt 0.144956 0.127721
vt 0.150676 0.140413
vt 0.245251 0.244213
vt 0.246622 0.245922
vt 0.914101 0.398733
vt 0.910095 0.395102
vt 0.873538 0.355451
vt 0.867052 0.362608
vt 0.744706 0.244706
vt 0.746246 0.246264
vt 0.624341 0.128962
vt 0.582066 0.097793
vt 0.564478 0.097746
vt 0.617228 0.136810
vt 0.744213 0.245251
vt 0.745914 0.246631
vt 0.400953 0.386816
vt 0.357900 0.352982
vt 0.363062 0.347287
vt 0.244213 0.245251
vt 0.245922 0.246622
vt 0.064478 0.097746
vt 0.127721 0.144956
vt 0.246529 0.247038
vt 0.072386 0.089020
vt 0.091208 0.106079
vt 0.133476 0.138606
vt 0.140413 0.150676
vt 0.244706 0.244706
vt 0.246239 0.246273
vt 0.246712 0.246836
vt 0.923546 0.378711
vt 0.883280 0.342835
vt 0.877526 0.350592
vt 0.744213 0.245251
vt 0.745898 0.246650
vt 0.613082 0.141861
vt 0.567955 0.114987
vt 0.550447 0.116663
vt 0.606773 0.150369
vt 0.743775 0.245841
vt 0.745604 0.247047
vt 0.746203 0.247463
vt 0.427890 0.381932
vt 0.413636 0.371361
vt 0.367475 0.341910
vt 0.372054 0.335736
vt 0.243775 0.245841
vt 0.245611 0.247038
vt 0.050447 0.116663
vt 0.118014 0.157447
vt 0.057462 0.107204
vt 0.077865 0.122336
vt 0.123119 0.150563
vt 0.131205 0.161896
vt 0.244213 0.245251
vt 0.245891 0.246659
vt 0.939965 0.363860
vt 0.935327 0.361080
vt 0.891737 0.329324
vt 0.886772 0.337608
vt 0.743775 0.245841
vt 0.745590 0.247068
vt 0.603142 0.155802
vt 0.544393 0.126764
vt 0.555598 0.133480
vt 0.538339 0.136865
vt 0.597697 0.164888
vt 0.743398 0.246471
vt 0.745335 0.247493
vt 0.439965 0.363860
vt 0.424744 0.354737
vt 0.375918 0.329953
vt 0.379870 0.323360
vt 0.243398 0.246471
vt 0.245341 0.247482
vt 0.038339 0.136865
vt 0.109577 0.170830
vt 0.246018 0.247772
vt 0.044393 0.126764
vt 0.066181 0.139823
vt 0.113983 0.163479
vt 0.123141 0.173964
vt 0.243775 0.245841
vt 0.245584 0.247078
vt 0.246158 0.247538
vt 0.950210 0.344692
vt 0.945322 0.342380
vt 0.898830 0.315049
vt 0.894700 0.323780
vt 0.743398 0.246471
vt 0.745324 0.247515
vt 0.594616 0.170650
vt 0.545114 0.153096
vt 0.528269 0.158156
vt 0.590088 0.180226
vt 0.743083 0.247135
vt 0.745112 0.247962
vt 0.450210 0.344692
vt 0.434168 0.337105
vt 0.383148 0.317226
vt 0.386435 0.310277
vt 0.243083 0.247135
vt 0.245117 0.247951
vt 0.028269 0.158156
vt 0.102493 0.184975
vt 0.245819 0.248173
vt 0.033304 0.147510
vt 0.056267 0.158371
vt 0.106158 0.177227
vt 0.116299 0.186764
vt 0.243398 0.246471
vt 0.245319 0.247525
vt 0.245935 0.247926
vt 0.953436 0.322791
vt 0.904489 0.300148
vt 0.901235 0.309242
vt 0.743083 0.247135
vt 0.745102 0.247985
vt 0.587587 0.186263
vt 0.536602 0.173645
vt 0.520334 0.180332
vt 0.584019 0.196236
vt 0.742836 0.247827
vt 0.744936 0.248451
vt 0.745630 0.248674
vt 0.441819 0.318634
vt 0.389096 0.303852
vt 0.391686 0.296614
vt 0.242836 0.247827
vt 0.244940 0.248440
vt 0.020334 0.180332
vt 0.096830 0.199746
vt 0.245660 0.248592
vt 0.024302 0.169244
vt 0.048219 0.177802
vt 0.099717 0.191677
vt 0.110745 0.200174
vt 0.243083 0.247135
vt 0.245098 0.247996
vt 0.245752 0.248335
vt 0.959592 0.302500
vt 0.908661 0.284764
vt 0.906314 0.294133
vt 0.744928 0.248475
vt 0.582122 0.202489
vt 0.530145 0.194929
vt 0.514612 0.203178
vt 0.579548 0.212764
vt 0.742657 0.248539
vt 0.744808 0.248955
vt 0.745521 0.249109
vt 0.464837 0.303814
vt 0.447623 0.299502
vt 0.393705 0.289958
vt 0.395573 0.282502
vt 0.242657 0.248539
vt 0.244811 0.248943
vt 0.014612 0.203178
vt 0.092642 0.215001
vt 0.245543 0.249024
vt 0.017473 0.191755
vt 0.042114 0.197927
vt 0.094724 0.206688
vt 0.242836 0.247827
vt 0.244926 0.248486
vt 0.245609 0.248759
vt 0.963728 0.281703
vt 0.911304 0.269045
vt 0.909887 0.278599
vt 0.742657 0.248539
vt 0.744804 0.248979
vt 0.578273 0.219173
vt 0.525806 0.216744
vt 0.511156 0.226476
vt 0.576719 0.229650
vt 0.742549 0.249266
vt 0.744731 0.249469
vt 0.745456 0.249553
vt 0.451524 0.279893
vt 0.396930 0.275680
vt 0.398058 0.268077
vt 0.242550 0.249266
vt 0.244733 0.249457
vt 0.011156 0.226476
vt 0.089969 0.230594
vt 0.245468 0.249466
vt 0.012884 0.214827
vt 0.038011 0.218554
vt 0.091227 0.222116
vt 0.103700 0.228298
vt 0.244802 0.248991
vt 0.245508 0.249196
vt 0.971207 0.260867
vt 0.965806 0.260602
vt 0.912394 0.253143
vt 0.911920 0.262790
vt 0.742550 0.249266
vt 0.744728 0.249493
vt 0.576078 0.236153
vt 0.510578 0.238238
vt 0.523626 0.238879
vt 0.510000 0.250000
vt 0.575559 0.246733
vt 0.742514 0.250000
vt 0.744704 0.249988
vt 0.453483 0.259997
vt 0.398739 0.261155
vt 0.399116 0.253478
vt 0.242514 0.250000
vt 0.244705 0.249976
vt 0.010000 0.250000
vt 0.088838 0.246373
vt 0.245438 0.249913
vt 0.010578 0.238238
vt 0.035949 0.239484
vt 0.089258 0.237813
vt 0.102277 0.242743
vt 0.242550 0.249266
vt 0.244728 0.249505
vt 0.245451 0.249640
vt 0.971207 0.239133
vt 0.965807 0.239398
vt 0.911920 0.237210
vt 0.912394 0.246857
vt 0.742514 0.250000
vt 0.744704 0.250012
vt 0.575559 0.253267
vt 0.523626 0.261121
vt 0.511156 0.273524
vt 0.576078 0.263847
vt 0.742550 0.250734
vt 0.744728 0.250507
vt 0.745456 0.250448
vt 0.471207 0.239133
vt 0.453483 0.240003
vt 0.399116 0.246522
vt 0.398739 0.238845
vt 0.242550 0.250734
vt 0.244728 0.250495
vt 0.011156 0.273524
vt 0.089258 0.262187
vt 0.245451 0.250360
vt 0.010578 0.261762
vt 0.035949 0.260516
vt 0.088838 0.253627
vt 0.102277 0.257257
vt 0.244705 0.250024
vt 0.969077 0.217503
vt 0.963728 0.218296
vt 0.909887 0.221401
vt 0.911304 0.230955
vt 0.742550 0.250734
vt 0.744731 0.250531
vt 0.576719 0.270350
vt 0.525806 0.283256
vt 0.514612 0.296822
vt 0.578273 0.280827
vt 0.742657 0.251461
vt 0.744803 0.251021
vt 0.469077 0.217503
vt 0.451524 0.220107
vt 0.398057 0.231923
vt 0.396930 0.224320
vt 0.242657 0.251461
vt 0.244802 0.251009
vt 0.014612 0.296822
vt 0.091227 0.277884
vt 0.245508 0.250804
vt 0.012884 0.285173
vt 0.038011 0.281446
vt 0.089969 0.269406
vt 0.103700 0.271702
vt 0.242550 0.250734
vt 0.244733 0.250543
vt 0.245468 0.250534
vt 0.964837 0.196186
vt 0.959592 0.197500
vt 0.906314 0.205867
vt 0.908661 0.215236
vt 0.742657 0.251461
vt 0.744808 0.251045
vt 0.579548 0.287236
vt 0.530145 0.305071
vt 0.520334 0.319668
vt 0.582122 0.297511
vt 0.742836 0.252173
vt 0.744929 0.251525
vt 0.745630 0.251326
vt 0.464837 0.196186
vt 0.447623 0.200498
vt 0.395573 0.217498
vt 0.393705 0.210042
vt 0.242836 0.252173
vt 0.244926 0.251514
vt 0.020334 0.319668
vt 0.094724 0.293312
vt 0.245609 0.251241
vt 0.017473 0.308245
vt 0.042114 0.302073
vt 0.092642 0.284999
vt 0.242657 0.251461
vt 0.244811 0.251057
vt 0.245543 0.250976
vt 0.958527 0.175388
vt 0.953436 0.177209
vt 0.901235 0.190758
vt 0.904489 0.199852
vt 0.744936 0.251549
vt 0.584019 0.303764
vt 0.524302 0.330756
vt 0.536602 0.326355
vt 0.528269 0.341844
vt 0.587587 0.313737
vt 0.743083 0.252865
vt 0.745102 0.252015
vt 0.745781 0.251747
vt 0.458527 0.175388
vt 0.441819 0.181366
vt 0.391686 0.203386
vt 0.389096 0.196148
vt 0.243083 0.252865
vt 0.245098 0.252004
vt 0.028269 0.341844
vt 0.099717 0.308323
vt 0.245752 0.251665
vt 0.024302 0.330756
vt 0.048219 0.322199
vt 0.096830 0.300254
vt 0.110745 0.299826
vt 0.244940 0.251560
vt 0.945322 0.157620
vt 0.894701 0.176220
vt 0.898830 0.184951
vt 0.743083 0.252865
vt 0.745112 0.252038
vt 0.590088 0.319774
vt 0.533304 0.352490
vt 0.545114 0.346904
vt 0.538339 0.363135
vt 0.594616 0.329350
vt 0.743398 0.253529
vt 0.745324 0.252486
vt 0.450210 0.155308
vt 0.434168 0.162895
vt 0.386435 0.189723
vt 0.383148 0.182774
vt 0.243398 0.253529
vt 0.245319 0.252475
vt 0.038339 0.363135
vt 0.106158 0.322773
vt 0.245935 0.252074
vt 0.033304 0.352490
vt 0.056267 0.341629
vt 0.102493 0.315025
vt 0.116299 0.313236
vt 0.243083 0.252865
vt 0.245117 0.252049
vt 0.935327 0.138920
vt 0.886772 0.162392
vt 0.891737 0.170676
vt 0.743398 0.253529
vt 0.745335 0.252507
vt 0.597697 0.335113
vt 0.544393 0.373236
vt 0.555598 0.366520
vt 0.550447 0.383337
vt 0.603142 0.344198
vt 0.743775 0.254159
vt 0.745590 0.252932
vt 0.746203 0.252537
vt 0.439965 0.136140
vt 0.424744 0.145263
vt 0.379870 0.176640
vt 0.375918 0.170047
vt 0.243775 0.254159
vt 0.245584 0.252922
vt 0.050447 0.383337
vt 0.113983 0.336521
vt 0.246158 0.252462
vt 0.044393 0.373236
vt 0.066181 0.360177
vt 0.109577 0.329170
vt 0.123141 0.326036
vt 0.243398 0.253529
vt 0.245341 0.252518
vt 0.246018 0.252228
vt 0.927889 0.118068
vt 0.923546 0.121289
vt 0.877526 0.149408
vt 0.883280 0.157165
vt 0.743775 0.254159
vt 0.745604 0.252953
vt 0.606773 0.349631
vt 0.567955 0.385013
vt 0.564478 0.402254
vt 0.613082 0.358139
vt 0.744213 0.254749
vt 0.745898 0.253350
vt 0.746470 0.252897
vt 0.427890 0.118068
vt 0.413636 0.128639
vt 0.372054 0.164264
vt 0.367475 0.158090
vt 0.244213 0.254749
vt 0.245891 0.253341
vt 0.064478 0.402254
vt 0.123119 0.349437
vt 0.246418 0.252827
vt 0.057462 0.392796
vt 0.077865 0.377664
vt 0.118014 0.342553
vt 0.245611 0.252962
vt 0.246255 0.252607
vt 0.914101 0.101267
vt 0.910095 0.104898
vt 0.867052 0.137392
vt 0.873538 0.144549
vt 0.744213 0.254749
vt 0.745914 0.253369
vt 0.617228 0.363190
vt 0.582066 0.402207
vt 0.580294 0.419706
vt 0.624341 0.371038
vt 0.744706 0.255294
vt 0.746247 0.253736
vt 0.400953 0.113184
vt 0.363062 0.152713
vt 0.357900 0.147018
vt 0.244706 0.255294
vt 0.246239 0.253727
vt 0.080294 0.419706
vt 0.133476 0.361394
vt 0.246712 0.253164
vt 0.072386 0.410980
vt 0.091208 0.393921
vt 0.127721 0.355044
vt 0.140413 0.349324
vt 0.244213 0.254749
vt 0.245922 0.253378
vt 0.246529 0.252962
vt 0.898733 0.085899
vt 0.895102 0.089905
vt 0.855451 0.126461
vt 0.862608 0.132948
vt 0.744706 0.255294
vt 0.746264 0.253754
vt 0.628962 0.375659
vt 0.597793 0.417934
vt 0.597746 0.435522
vt 0.636810 0.382772
vt 0.745251 0.255787
vt 0.746631 0.254086
vt 0.398733 0.085899
vt 0.386816 0.099047
vt 0.352982 0.142100
vt 0.347287 0.136938
vt 0.245251 0.255787
vt 0.246622 0.254078
vt 0.097746 0.435522
vt 0.144956 0.372279
vt 0.247038 0.253471
vt 0.089020 0.427614
vt 0.106079 0.408792
vt 0.138606 0.366524
vt 0.150676 0.359587
vt 0.244706 0.255294
vt 0.246273 0.253761
vt 0.246836 0.253288
vt 0.881932 0.072110
vt 0.878711 0.076454
vt 0.842835 0.116720
vt 0.850592 0.122474
vt 0.745251 0.255787
vt 0.746650 0.254102
vt 0.641861 0.386918
vt 0.614987 0.432045
vt 0.616663 0.449553
vt 0.650369 0.393227
vt 0.745841 0.256225
vt 0.747047 0.254397
vt 0.747463 0.253797
vt 0.381932 0.072110
vt 0.371361 0.086364
vt 0.341910 0.132525
vt 0.335736 0.127946
vt 0.245841 0.256225
vt 0.247038 0.254389
vt 0.116663 0.449553
vt 0.157447 0.381986
vt 0.247393 0.253745
vt 0.107204 0.442538
vt 0.122336 0.422135
vt 0.150563 0.376881
vt 0.161896 0.368795
vt 0.245251 0.255787
vt 0.246659 0.254109
vt 0.861080 0.064673
vt 0.829324 0.108263
vt 0.837608 0.113228
vt 0.745841 0.256225
vt 0.747068 0.254410
vt 0.655802 0.396858
vt 0.633480 0.444402
vt 0.636865 0.461661
vt 0.664888 0.402303
vt 0.746471 0.256603
vt 0.747493 0.254665
vt 0.747847 0.254027
vt 0.363860 0.060035
vt 0.354737 0.075256
vt 0.329953 0.124082
vt 0.323360 0.120130
vt 0.246471 0.256602
vt 0.247482 0.254659
vt 0.136865 0.461661
vt 0.170830 0.390423
vt 0.247772 0.253982
vt 0.126764 0.455607
vt 0.139823 0.433819
vt 0.163479 0.386017
vt 0.173964 0.376859
vt 0.245841 0.256225
vt 0.247078 0.254416
vt 0.247538 0.253842
vt 0.844692 0.049790
vt 0.842380 0.054678
vt 0.815049 0.101170
vt 0.823780 0.105300
vt 0.746471 0.256603
vt 0.747514 0.254676
vt 0.670650 0.405384
vt 0.653096 0.454886
vt 0.658156 0.471731
vt 0.680226 0.409912
vt 0.747135 0.256917
vt 0.747962 0.254888
vt 0.344692 0.049790
vt 0.337105 0.065832
vt 0.317226 0.116852
vt 0.310277 0.113565
vt 0.247135 0.256917
vt 0.247951 0.254883
vt 0.158156 0.471731
vt 0.184975 0.397507
vt 0.248173 0.254181
vt 0.147510 0.466696
vt 0.158371 0.443733
vt 0.177227 0.393842
vt 0.186764 0.383701
vt 0.246471 0.256603
vt 0.247525 0.254681
vt 0.247927 0.254065
vt 0.822791 0.046564
vt 0.800148 0.095511
vt 0.809242 0.098765
vt 0.747135 0.256917
vt 0.747985 0.254898
vt 0.686263 0.412413
vt 0.673645 0.463398
vt 0.680332 0.479666
vt 0.696236 0.415982
vt 0.747827 0.257164
vt 0.748451 0.255064
vt 0.748675 0.254370
vt 0.324612 0.041473
vt 0.318634 0.058181
vt 0.303852 0.110904
vt 0.296614 0.108314
vt 0.247827 0.257164
vt 0.248440 0.255060
vt 0.180332 0.479666
vt 0.199746 0.403170
vt 0.248592 0.254340
vt 0.169244 0.475698
vt 0.177802 0.451781
vt 0.191677 0.400283
vt 0.200174 0.389255
vt 0.247996 0.254902
vt 0.803814 0.035163
vt 0.802500 0.040409
vt 0.784764 0.091339
vt 0.794133 0.093686
vt 0.748475 0.255072
vt 0.702489 0.417878
vt 0.691755 0.482527
vt 0.694929 0.469855
vt 0.703178 0.485388
vt 0.712764 0.420452
vt 0.748539 0.257343
vt 0.748955 0.255192
vt 0.749109 0.254479
vt 0.299502 0.052377
vt 0.289958 0.106295
vt 0.282502 0.104427
vt 0.248539 0.257343
vt 0.248943 0.255189
vt 0.203178 0.485388
vt 0.215001 0.407358
vt 0.191755 0.482527
vt 0.197927 0.457886
vt 0.206688 0.405276
vt 0.214063 0.393468
vt 0.247827 0.257164
vt 0.248486 0.255074
vt 0.782497 0.030923
vt 0.781703 0.036272
vt 0.769045 0.088696
vt 0.778599 0.090113
vt 0.748979 0.255197
vt 0.719173 0.421727
vt 0.716744 0.474194
vt 0.726476 0.488844
vt 0.729650 0.423281
vt 0.749266 0.257450
vt 0.749469 0.255269
vt 0.749553 0.254545
vt 0.282497 0.030923
vt 0.279893 0.048476
vt 0.275680 0.103070
vt 0.268077 0.101943
vt 0.249266 0.257450
vt 0.249457 0.255268
vt 0.226476 0.488844
vt 0.230594 0.410031
vt 0.249466 0.254532
vt 0.214827 0.487116
vt 0.218554 0.461989
vt 0.222116 0.408773
vt 0.228298 0.396300
vt 0.248539 0.257343
vt 0.248991 0.255198
vt 0.249196 0.254492
vt 0.760867 0.028793
vt 0.760602 0.034194
vt 0.753143 0.087606
vt 0.762790 0.088080
vt 0.749493 0.255272
vt 0.736153 0.423922
vt 0.738879 0.476374
vt 0.746733 0.424441
vt 0.750000 0.257486
vt 0.749988 0.255296
vt 0.259996 0.046517
vt 0.261155 0.101261
vt 0.253477 0.100884
vt 0.250000 0.257486
vt 0.249976 0.255295
vt 0.246373 0.411162
vt 0.249913 0.254562
vt 0.238238 0.489422
vt 0.239484 0.464051
vt 0.237813 0.410742
vt 0.249266 0.257450
vt 0.249505 0.255272
s 1
usemtl Material.001
f 130/1/1 1359/2/2 4005/3/3 1804/4/4
f 1359/2/5 260/5/6 1358/6/7 4005/3/5
f 4005/3/8 1358/6/7 259/7/9 1551/8/8
f 1804/4/4 4005/3/3 1551/8/10 131/9/11
f 131/9/11 1551/8/10 4006/10/12 1802/11/13
f 1551/8/14 259/7/15 1362/12/16 4006/10/14
f 4006/10/17 1362/12/16 262/13/18 1553/14/17
f 1802/11/13 4006/10/12 1553/14/19 133/15/20
f 133/15/20 1553/14/19 4007/16/21 1800/17/22
f 1553/14/23 262/13/24 1365/18/25 4007/16/23
f 4007/16/26 1365/18/25 264/19/27 1555/20/26
f 1800/17/22 4007/16/21 1555/20/28 135/21/29
f 135/21/29 1555/20/28 4008/22/30 1798/23/31
f 1555/20/32 264/19/33 1368/24/34 4008/22/32
f 4008/22/35 1368/24/34 266/25/36 1557/26/35
f 1798/23/31 4008/22/30 1557/26/37 137/27/38
f 137/27/38 1557/26/37 4009/28/39 1796/29/40
f 1557/26/41 266/25/42 1371/30/43 4009/28/41
f 4009/28/44 1371/30/43 268/31/45 1559/32/44
f 1796/29/40 4009/28/39 1559/32/46 139/33/47
f 139/33/47 1559/32/46 4010/34/48 1794/35/49
f 1559/32/50 268/31/51 1374/36/52 4010/34/50
f 4010/34/53 1374/36/52 270/37/54 1561/38/53
f 1794/35/49 4010/34/48 1561/38/55 141/39/56
f 141/39/56 1561/38/55 4011/40/57 1792/41/58
f 1561/38/59 270/37/60 1377/42/61 4011/40/59
f 4011/40/62 1377/42/61 272/43/63 1563/44/62
f 1792/41/58 4011/40/57 1563/44/64 143/45/65
f 143/45/65 1563/44/64 4012/46/66 1790/47/67
f 1563/44/68 272/43/69 1380/48/70 4012/46/68
f 4012/46/71 1380/48/70 274/49/72 1565/50/71
f 1790/47/67 4012/46/66 1565/50/73 145/51/74
f 145/51/74 1565/50/73 4013/52/75 1788/53/76
f 1565/50/77 274/49/78 1383/54/79 4013/52/77
f 4013/52/80 1383/54/79 276/55/81 1567/56/80
f 1788/53/76 4013/52/75 1567/56/82 147/57/83
f 147/57/83 1567/56/82 4014/58/84 1786/59/85
f 1567/56/86 276/55/87 1386/60/88 4014/58/86
f 4014/58/89 1386/60/88 278/61/90 1569/62/89
f 1786/59/85 4014/58/84 1569/62/91 149/63/92
f 149/63/92 1569/62/91 4015/64/93 1784/65/94
f 1569/62/95 278/61/96 1389/66/97 4015/64/95
f 4015/64/98 1389/66/97 280/67/99 1571/68/98
f 1784/65/94 4015/64/93 1571/68/100 151/69/101
f 151/69/101 1571/68/100 4016/70/102 1782/71/103
f 1571/68/104 280/67/105 1392/72/106 4016/70/104
f 4016/70/107 1392/72/106 282/73/108 1573/74/107
f 1782/71/103 4016/70/102 1573/74/109 153/75/110
f 153/75/110 1573/74/109 4017/76/111 1780/77/112
f 1573/74/113 282/73/114 1395/78/115 4017/76/113
f 4017/76/116 1395/78/115 284/79/117 1575/80/116
f 1780/77/112 4017/76/111 1575/80/118 155/81/119
f 155/81/119 1575/80/118 4018/82/120 1778/83/121
f 1575/80/122 284/79/123 1398/84/124 4018/82/122
f 4018/82/125 1398/84/124 286/85/126 1577/86/125
f 1778/83/121 4018/82/120 1577/86/127 157/87/128
f 157/87/128 1577/86/127 4019/88/129 1776/89/130
f 1577/86/131 286/85/132 1401/90/133 4019/88/131
f 4019/88/134 1401/90/133 288/91/135 1579/92/134
f 1776/89/130 4019/88/129 1579/92/136 159/93/137
f 159/93/137 1579/92/136 4020/94/138 1774/95/139
f 1579/92/140 288/91/141 1404/96/142 4020/94/140
f 4020/94/143 1404/96/142 290/97/144 1581/98/143
f 1774/95/139 4020/94/138 1581/98/145 161/99/146
f 161/99/146 1581/98/145 4021/100/147 1772/101/148
f 1581/98/149 290/97/150 1407/102/151 4021/100/149
f 4021/100/152 1407/102/151 292/103/153 1583/104/152
f 1772/101/148 4021/100/147 1583/104/154 163/105/155
f 163/105/155 1583/104/154 4022/106/156 1770/107/157
f 1583/104/158 292/103/159 1410/108/160 4022/106/158
f 4022/106/161 1410/108/160 294/109/162 1585/110/161
f 1770/107/157 4022/106/156 1585/110/163 165/111/164
f 165/111/164 1585/110/163 4023/112/165 1768/113/166
f 1585/110/167 294/109/168 1413/114/169 4023/112/167
f 4023/112/170 1413/114/169 296/115/171 1587/116/170
f 1768/113/166 4023/112/165 1587/116/172 167/117/173
f 167/117/173 1587/116/172 4024/118/174 1766/119/175
f 1587/116/176 296/115/177 1416/120/178 4024/118/176
f 4024/118/179 1416/120/178 298/121/180 1589/122/179
f 1766/119/175 4024/118/174 1589/122/181 169/123/182
f 169/123/182 1589/122/181 4025/124/183 1764/125/184
f 1589/122/185 298/121/186 1419/126/187 4025/124/185
f 4025/124/188 1419/126/187 300/127/189 1591/128/188
f 1764/125/184 4025/124/183 1591/128/190 171/129/191
f 171/129/191 1591/128/190 4026/130/192 1762/131/193
f 1591/128/194 300/127/195 1422/132/196 4026/130/194
f 4026/130/197 1422/132/196 302/133/198 1593/134/197
f 1762/131/193 4026/130/192 1593/134/199 173/135/200
f 173/135/200 1593/134/199 4027/136/201 1760/137/202
f 1593/134/203 302/133/204 1425/138/205 4027/136/203
f 4027/136/206 1425/138/205 304/139/207 1595/140/206
f 1760/137/202 4027/136/201 1595/140/208 175/141/209
f 175/141/209 1595/140/208 4028/142/210 1758/143/211
f 1595/140/212 304/139/213 1428/144/214 4028/142/212
f 4028/142/215 1428/144/214 306/145/216 1597/146/215
f 1758/143/211 4028/142/210 1597/146/217 177/147/218
f 177/147/218 1597/146/217 4029/148/219 1756/149/220
f 1597/146/221 306/145/222 1431/150/223 4029/148/221
f 4029/148/224 1431/150/223 308/151/225 1599/152/224
f 1756/149/220 4029/148/219 1599/152/226 179/153/227
f 179/153/227 1599/152/226 4030/154/228 1754/155/229
f 1599/152/230 308/151/231 1434/156/232 4030/154/230
f 4030/154/233 1434/156/232 310/157/234 1601/158/233
f 1754/155/229 4030/154/228 1601/158/235 181/159/236
f 181/159/236 1601/158/235 4031/160/237 1752/161/238
f 1601/158/239 310/157/240 1437/162/241 4031/160/239
f 4031/160/242 1437/162/241 312/163/243 1603/164/242
f 1752/161/238 4031/160/237 1603/164/244 183/165/245
f 183/165/245 1603/164/244 4032/166/246 1750/167/247
f 1603/164/248 312/163/249 1440/168/250 4032/166/248
f 4032/166/251 1440/168/250 314/169/252 1605/170/251
f 1750/167/247 4032/166/246 1605/170/253 185/171/254
f 185/171/254 1605/170/253 4033/172/255 1748/173/256
f 1605/170/257 314/169/258 1443/174/259 4033/172/257
f 4033/172/260 1443/174/259 316/175/261 1607/176/260
f 1748/173/256 4033/172/255 1607/176/262 187/177/263
f 187/177/263 1607/176/262 4034/178/264 1746/179/265
f 1607/176/266 316/175/267 1446/180/268 4034/178/266
f 4034/178/269 1446/180/268 318/181/270 1609/182/269
f 1746/179/265 4034/178/264 1609/182/271 189/183/272
f 189/183/272 1609/182/271 4035/184/273 1744/185/274
f 1609/182/275 318/181/276 1449/186/277 4035/184/275
f 4035/184/278 1449/186/277 320/187/279 1611/188/278
f 1744/185/274 4035/184/273 1611/188/280 191/189/281
f 191/189/281 1611/188/280 4036/190/282 1742/191/283
f 1611/188/284 320/187/285 1452/192/286 4036/190/284
f 4036/190/287 1452/192/286 322/193/288 1613/194/287
f 1742/191/283 4036/190/282 1613/194/289 193/195/290
f 193/195/290 1613/194/289 4037/196/291 1740/197/292
f 1613/194/293 322/193/294 1455/198/295 4037/196/293
f 4037/196/296 1455/198/295 324/199/297 1615/200/296
f 1740/197/292 4037/196/291 1615/200/298 195/201/299
f 195/201/299 1615/200/298 4038/202/300 1738/203/301
f 1615/200/302 324/199/303 1458/204/304 4038/202/302
f 4038/202/305 1458/204/304 326/205/306 1617/206/305
f 1738/203/301 4038/202/300 1617/206/307 197/207/308
f 197/207/308 1617/206/307 4039/208/309 1736/209/310
f 1617/206/311 326/205/312 1461/210/313 4039/208/311
f 4039/208/314 1461/210/313 328/211/315 1619/212/314
f 1736/209/310 4039/208/309 1619/212/316 199/213/317
f 199/213/317 1619/212/316 4040/214/318 1734/215/319
f 1619/212/320 328/211/321 1464/216/322 4040/214/320
f 4040/214/323 1464/216/322 330/217/324 1621/218/323
f 1734/215/319 4040/214/318 1621/218/325 201/219/326
f 201/219/326 1621/218/325 4041/220/327 1732/221/328
f 1621/218/329 330/217/330 1467/222/331 4041/220/329
f 4041/220/332 1467/222/331 332/223/333 1623/224/332
f 1732/221/328 4041/220/327 1623/224/334 203/225/335
f 203/225/335 1623/224/334 4042/226/336 1730/227/337
f 1623/224/338 332/223/339 1470/228/340 4042/226/338
f 4042/226/341 1470/228/340 334/229/342 1625/230/341
f 1730/227/337 4042/226/336 1625/230/343 205/231/344
f 205/231/344 1625/230/343 4043/232/345 1728/233/346
f 1625/230/347 334/229/348 1473/234/349 4043/232/347
f 4043/232/350 1473/234/349 336/235/351 1627/236/350
f 1728/233/346 4043/232/345 1627/236/352 207/237/353
f 207/237/353 1627/236/352 4044/238/354 1726/239/355
f 1627/236/356 336/235/357 1476/240/358 4044/238/356
f 4044/238/359 1476/240/358 338/241/360 1629/242/359
f 1726/239/355 4044/238/354 1629/242/361 209/243/362
f 209/243/362 1629/242/361 4045/244/363 1724/245/364
f 1629/242/365 338/241/366 1479/246/367 4045/244/365
f 4045/244/368 1479/246/367 340/247/369 1631/248/368
f 1724/245/364 4045/244/363 1631/248/370 211/249/371
f 211/249/371 1631/248/370 4046/250/372 1722/251/373
f 1631/248/374 340/247/375 1482/252/376 4046/250/374
f 4046/250/377 1482/252/376 342/253/378 1633/254/377
f 1722/251/373 4046/250/372 1633/254/379 213/255/380
f 213/255/380 1633/254/379 4047/256/381 1720/257/382
f 1633/254/383 342/253/384 1485/258/385 4047/256/383
f 4047/256/386 1485/258/385 344/259/387 1635/260/386
f 1720/257/382 4047/256/381 1635/260/388 215/261/389
f 215/261/389 1635/260/388 4048/262/390 1718/263/391
f 1635/260/392 344/259/393 1488/264/394 4048/262/392
f 4048/262/395 1488/264/394 346/265/396 1637/266/395
f 1718/263/391 4048/262/390 1637/266/397 217/267/398
f 217/267/398 1637/266/397 4049/268/399 1716/269/400
f 1637/266/401 346/265/402 1491/270/403 4049/268/401
f 4049/268/404 1491/270/403 348/271/405 1639/272/404
f 1716/269/400 4049/268/399 1639/272/406 219/273/407
f 219/273/407 1639/272/406 4050/274/408 1714/275/409
f 1639/272/410 348/271/411 1494/276/412 4050/274/410
f 4050/274/413 1494/276/412 350/277/414 1641/278/413
f 1714/275/409 4050/274/408 1641/278/415 221/279/416
f 221/279/416 1641/278/415 4051/280/417 1712/281/418
f 1641/278/419 350/277/420 1497/282/421 4051/280/419
f 4051/280/422 1497/282/421 352/283/423 1643/284/422
f 1712/281/418 4051/280/417 1643/284/424 223/285/425
f 223/285/425 1643/284/424 4052/286/426 1710/287/427
f 1643/284/428 352/283/429 1500/288/430 4052/286/428
f 4052/286/431 1500/288/430 354/289/432 1645/290/431
f 1710/287/427 4052/286/426 1645/290/433 225/291/434
f 225/291/434 1645/290/433 4053/292/435 1708/293/436
f 1645/290/437 354/289/438 1503/294/439 4053/292/437
f 4053/292/440 1503/294/439 356/295/441 1647/296/440
f 1708/293/436 4053/292/435 1647/296/442 227/297/443
f 227/297/443 1647/296/442 4054/298/444 1706/299/445
f 1647/296/446 356/295/447 1506/300/448 4054/298/446
f 4054/298/449 1506/300/448 358/301/450 1649/302/449
f 1706/299/445 4054/298/444 1649/302/451 229/303/452
f 229/303/452 1649/302/451 4055/304/453 1704/305/454
f 1649/302/455 358/301/456 1509/306/457 4055/304/455
f 4055/304/458 1509/306/457 360/307/459 1651/308/458
f 1704/305/454 4055/304/453 1651/308/460 231/309/461
f 231/309/461 1651/308/460 4056/310/462 1702/311/463
f 1651/308/464 360/307/465 1512/312/466 4056/310/464
f 4056/310/467 1512/312/466 362/313/468 1653/314/467
f 1702/311/463 4056/310/462 1653/314/469 233/315/470
f 233/315/470 1653/314/469 4057/316/471 1700/317/472
f 1653/314/473 362/313/474 1515/318/475 4057/316/473
f 4057/316/476 1515/318/475 364/319/477 1655/320/476
f 1700/317/472 4057/316/471 1655/320/478 235/321/479
f 235/321/479 1655/320/478 4058/322/480 1698/323/481
f 1655/320/482 364/319/483 1518/324/484 4058/322/482
f 4058/322/485 1518/324/484 366/325/486 1657/326/485
f 1698/323/481 4058/322/480 1657/326/487 237/327/488
f 237/327/488 1657/326/487 4059/328/489 1696/329/490
f 1657/326/491 366/325/492 1521/330/493 4059/328/491
f 4059/328/494 1521/330/493 368/331/495 1659/332/494
f 1696/329/490 4059/328/489 1659/332/496 239/333/497
f 239/333/497 1659/332/496 4060/334/498 1694/335/499
f 1659/332/500 368/331/501 1524/336/502 4060/334/500
f 4060/334/503 1524/336/502 370/337/504 1661/338/503
f 1694/335/499 4060/334/498 1661/338/505 241/339/506
f 241/339/506 1661/338/505 4061/340/507 1692/341/508
f 1661/338/509 370/337/510 1527/342/511 4061/340/509
f 4061/340/512 1527/342/511 372/343/513 1663/344/512
f 1692/341/508 4061/340/507 1663/344/514 243/345/515
f 243/345/515 1663/344/514 4062/346/516 1690/347/517
f 1663/344/518 372/343/519 1530/348/520 4062/346/518
f 4062/346/521 1530/348/520 374/349/522 1665/350/521
f 1690/347/517 4062/346/516 1665/350/523 245/351/524
f 245/351/524 1665/350/523 4063/352/525 1688/353/526
f 1665/350/527 374/349/528 1533/354/529 4063/352/527
f 4063/352/530 1533/354/529 376/355/531 1667/356/530
f 1688/353/526 4063/352/525 1667/356/532 247/357/533
f 247/357/533 1667/356/532 4064/358/534 1686/359/535
f 1667/356/536 376/355/537 1536/360/538 4064/358/536
f 4064/358/539 1536/360/538 378/361/540 1669/362/539
f 1686/359/535 4064/358/534 1669/362/541 249/363/542
f 249/363/542 1669/362/541 4065/364/543 1684/365/544
f 1669/362/545 378/361/546 1539/366/547 4065/364/545
f 4065/364/548 1539/366/547 380/367/549 1671/368/548
f 1684/365/544 4065/364/543 1671/368/550 251/369/551
f 251/369/551 1671/368/550 4066/370/552 1682/371/553
f 1671/368/554 380/367/555 1542/372/556 4066/370/554
f 4066/370/557 1542/372/556 382/373/558 1673/374/557
f 1682/371/553 4066/370/552 1673/374/559 253/375/560
f 385/376/561 2061/377/561 4067/378/561 2062/379/561
f 386/380/561 2063/381/561 4067/378/561 2061/382/561
f 387/383/561 2064/384/561 4067/378/561 2063/385/561
f 388/386/561 2065/387/561 4067/378/561 2064/384/561
f 389/388/561 2066/389/561 4067/378/561 2065/390/561
f 390/391/561 2067/392/561 4067/378/561 2066/389/561
f 391/393/561 2068/394/561 4067/378/561 2067/395/561
f 392/396/561 2069/397/561 4067/378/561 2068/398/561
f 393/399/561 2070/400/561 4067/378/561 2069/401/561
f 394/402/561 2071/403/561 4067/378/561 2070/404/561
f 395/405/561 2072/406/561 4067/378/561 2071/407/561
f 396/408/561 2073/409/561 4067/378/561 2072/410/561
f 397/411/561 2074/412/561 4067/378/561 2073/413/561
f 398/414/561 2075/415/561 4067/378/561 2074/416/561
f 399/417/561 2076/418/561 4067/378/561 2075/419/561
f 400/420/561 2077/421/561 4067/378/561 2076/422/561
f 401/423/561 2078/424/561 4067/378/561 2077/425/561
f 402/426/561 2079/427/561 4067/378/561 2078/424/561
f 403/428/561 2080/429/561 4067/378/561 2079/430/561
f 404/431/561 2081/432/561 4067/378/561 2080/429/561
f 405/433/561 2082/434/561 4067/378/561 2081/435/561
f 406/436/561 2083/437/561 4067/378/561 2082/438/561
f 407/439/561 2084/440/561 4067/378/561 2083/441/561
f 408/442/561 2085/443/561 4067/378/561 2084/440/561
f 409/444/561 2086/445/561 4067/378/561 2085/446/561
f 410/447/561 2087/448/561 4067/378/561 2086/449/561
f 411/450/561 2088/451/561 4067/378/561 2087/452/561
f 412/453/561 2089/454/561 4067/378/561 2088/455/561
f 413/456/561 2090/457/561 4067/378/561 2089/458/561
f 414/459/561 2091/460/561 4067/378/561 2090/461/561
f 415/462/561 2092/463/561 4067/378/561 2091/464/561
f 416/465/561 2093/466/561 4067/378/561 2092/463/561
f 417/467/561 2094/468/561 4067/378/561 2093/469/561
f 418/470/561 2095/471/561 4067/378/561 2094/472/561
f 419/473/561 2096/474/561 4067/378/561 2095/471/561
f 420/475/561 2097/476/561 4067/378/561 2096/477/561
f 421/478/561 2098/479/561 4067/378/561 2097/480/561
f 422/481/561 2099/482/561 4067/378/561 2098/483/561
f 423/484/561 2100/485/561 4067/378/561 2099/486/561
f 424/487/561 2101/488/561 4067/378/561 2100/485/561
f 425/489/561 2102/490/561 4067/378/561 2101/491/561
f 426/492/561 2103/493/561 4067/378/561 2102/494/561
f 427/495/561 2104/496/561 4067/378/561 2103/497/561
f 428/498/561 2105/499/561 4067/378/561 2104/500/561
f 429/501/561 2106/502/561 4067/378/561 2105/499/561
f 430/503/561 2107/504/561 4067/378/561 2106/505/561
f 431/506/561 2108/507/561 4067/378/561 2107/504/561
f 432/508/561 2109/509/561 4067/378/561 2108/510/561
f 433/511/561 2110/512/561 4067/378/561 2109/509/561
f 434/513/561 2111/514/561 4067/378/561 2110/515/561
f 435/516/561 2112/517/561 4067/378/561 2111/514/561
f 436/518/561 2113/519/561 4067/378/561 2112/520/561
f 437/521/561 2114/522/561 4067/378/561 2113/523/561
f 438/524/561 2115/525/561 4067/378/561 2114/526/561
f 439/527/561 2116/528/561 4067/378/561 2115/529/561
f 440/530/561 2117/531/561 4067/378/561 2116/532/561
f 441/533/561 2118/534/561 4067/378/561 2117/535/561
f 442/536/561 2119/537/561 4067/378/561 2118/538/561
f 443/539/561 2120/540/561 4067/378/561 2119/541/561
f 444/542/561 2121/543/561 4067/378/561 2120/544/561
f 445/545/561 2122/546/561 4067/378/561 2121/547/561
f 446/548/561 2123/549/561 4067/378/561 2122/550/561
f 447/551/561 2124/552/561 4067/378/561 2123/553/561
f 448/554/561 2062/555/561 4067/378/561 2124/552/561
f 253/375/560 1673/374/559 4068/556/562 1680/557/563
f 1673/374/564 382/373/565 1545/558/566 4068/556/564
f 4068/556/567 1545/558/566 384/559/568 1675/560/567
f 1680/557/563 4068/556/562 1675/560/569 255/561/570
f 255/561/570 1675/560/569 4069/562/571 1678/563/572
f 1675/560/573 384/559/574 1548/564/575 4069/562/573
f 4069/562/576 1548/564/575 260/565/577 1359/566/576
f 1678/563/572 4069/562/571 1359/566/2 130/567/1
f 449/568/578 2189/569/578 4070/570/578 2190/571/578
f 450/572/578 2191/573/578 4070/570/578 2189/574/578
f 451/575/578 2192/576/578 4070/570/578 2191/577/578
f 452/578/578 2193/579/578 4070/570/578 2192/576/578
f 453/580/578 2194/581/578 4070/570/578 2193/579/578
f 454/582/578 2195/583/578 4070/570/578 2194/584/578
f 455/585/578 2196/586/578 4070/570/578 2195/583/578
f 456/587/578 2197/588/578 4070/570/578 2196/586/578
f 457/589/578 2198/590/578 4070/570/578 2197/591/578
f 458/592/578 2199/593/578 4070/570/578 2198/594/578
f 459/595/578 2200/596/578 4070/570/578 2199/593/578
f 460/597/578 2201/598/578 4070/570/578 2200/596/578
f 461/599/578 2202/600/578 4070/570/578 2201/598/578
f 462/601/578 2203/602/578 4070/570/578 2202/600/578
f 463/603/578 2204/604/578 4070/570/578 2203/605/578
f 464/606/578 2205/607/578 4070/570/578 2204/604/578
f 465/608/578 2206/609/578 4070/570/578 2205/607/578
f 466/610/578 2207/611/578 4070/570/578 2206/609/578
f 467/612/578 2208/613/578 4070/570/578 2207/611/578
f 468/614/578 2209/615/578 4070/570/578 2208/613/578
f 469/616/578 2210/617/578 4070/570/578 2209/618/578
f 470/619/578 2211/620/578 4070/570/578 2210/621/578
f 471/622/578 2212/623/578 4070/570/578 2211/624/578
f 472/625/578 2213/626/578 4070/570/578 2212/623/578
f 473/627/578 2214/628/578 4070/570/578 2213/626/578
f 474/629/578 2215/630/578 4070/570/578 2214/628/578
f 475/631/578 2216/632/578 4070/570/578 2215/633/578
f 476/634/578 2217/635/578 4070/570/578 2216/632/578
f 477/636/578 2218/637/578 4070/570/578 2217/635/578
f 478/638/578 2219/639/578 4070/570/578 2218/637/578
f 479/640/578 2220/641/578 4070/570/578 2219/642/578
f 480/643/578 2221/644/578 4070/570/578 2220/645/578
f 481/646/578 2222/647/578 4070/570/578 2221/648/578
f 482/649/578 2223/650/578 4070/570/578 2222/651/578
f 483/652/578 2224/653/578 4070/570/578 2223/650/578
f 484/654/578 2225/655/578 4070/570/578 2224/653/578
f 485/656/578 2226/657/578 4070/570/578 2225/655/578
f 486/658/578 2227/659/578 4070/570/578 2226/657/578
f 487/660/578 2228/661/578 4070/570/578 2227/659/578
f 488/662/578 2229/663/578 4070/570/578 2228/661/578
f 489/664/578 2230/665/578 4070/570/578 2229/666/578
f 490/667/578 2231/668/578 4070/570/578 2230/665/578
f 491/669/578 2232/670/578 4070/570/578 2231/671/578
f 492/672/578 2233/673/578 4070/570/578 2232/674/578
f 493/675/578 2234/676/578 4070/570/578 2233/677/578
f 494/678/578 2235/679/578 4070/570/578 2234/676/578
f 495/680/578 2236/681/578 4070/570/578 2235/679/578
f 496/682/578 2237/683/578 4070/570/578 2236/681/578
f 497/684/578 2238/685/578 4070/570/578 2237/683/578
f 498/686/578 2239/687/578 4070/570/578 2238/685/578
f 499/688/578 2240/689/578 4070/570/578 2239/687/578
f 500/690/578 2241/691/578 4070/570/578 2240/692/578
f 501/693/578 2242/694/578 4070/570/578 2241/695/578
f 502/696/578 2243/697/578 4070/570/578 2242/694/578
f 503/698/578 2244/699/578 4070/570/578 2243/697/578
f 504/700/578 2245/701/578 4070/570/578 2244/699/578
f 505/702/578 2246/703/578 4070/570/578 2245/701/578
f 506/704/578 2247/705/578 4070/570/578 2246/703/578
f 507/706/578 2248/707/578 4070/570/578 2247/705/578
f 508/708/578 2249/709/578 4070/570/578 2248/707/578
f 509/710/578 2250/711/578 4070/570/578 2249/709/578
f 510/712/578 2251/713/578 4070/570/578 2250/711/578
f 511/714/578 2252/715/578 4070/570/578 2251/713/578
f 512/716/578 2190/717/578 4070/570/578 2252/718/578
f 383/719/579 1546/720/580 4071/721/581 1547/722/582
f 1546/720/580 256/723/583 1677/724/584 4071/721/581
f 4071/721/581 1677/724/584 129/725/585 1549/726/586
f 1547/722/582 4071/721/581 1549/726/586 257/726/587
f 513/727/588 2317/728/589 4072/729/590 2318/730/591
f 2317/728/589 514/731/592 2319/732/593 4072/729/590
f 4072/729/590 2319/732/593 515/733/594 2320/734/595
f 2318/730/591 4072/729/590 2320/734/595 516/735/596
f 381/736/587 1543/737/597 4073/738/598 1544/739/599
f 1543/737/597 254/740/600 1679/741/601 4073/738/598
f 4073/738/598 1679/741/601 256/723/583 1546/720/580
f 1544/739/599 4073/738/598 1546/720/580 383/719/579
f 517/742/602 2325/743/603 4074/744/604 2326/745/605
f 2325/743/603 518/746/606 2327/747/607 4074/744/604
f 4074/744/604 2327/747/607 519/748/608 2328/749/609
f 2326/745/605 4074/744/604 2328/749/609 520/750/610
f 379/751/587 1540/752/611 4075/753/612 1541/754/613
f 1540/752/611 252/755/614 1681/756/615 4075/753/612
f 4075/753/612 1681/756/615 254/740/600 1543/737/597
f 1541/754/613 4075/753/612 1543/737/597 381/736/587
f 521/757/616 2333/758/617 4076/759/618 2334/760/619
f 2333/758/617 522/761/620 2335/762/621 4076/759/618
f 4076/759/618 2335/762/621 523/763/622 2336/764/623
f 2334/760/619 4076/759/618 2336/764/623 524/765/624
f 377/766/625 1537/767/626 4077/768/627 1538/769/628
f 1537/767/626 250/770/629 1683/771/630 4077/768/627
f 4077/768/627 1683/771/630 252/755/614 1540/752/611
f 1538/769/628 4077/768/627 1540/752/611 379/751/587
f 525/772/631 2341/773/632 4078/774/633 2342/775/634
f 2341/773/632 526/776/635 2343/777/636 4078/774/633
f 4078/774/633 2343/777/636 527/778/637 2344/779/638
f 2342/775/634 4078/774/633 2344/779/638 528/780/639
f 375/781/640 1534/782/641 4079/783/642 1535/784/643
f 1534/782/641 248/785/644 1685/786/645 4079/783/642
f 4079/783/642 1685/786/645 250/770/629 1537/767/626
f 1535/784/643 4079/783/642 1537/767/626 377/766/625
f 248/785/646 1668/787/647 4080/788/648 1685/786/649
f 1668/787/647 247/357/533 1686/359/535 4080/788/648
f 4080/788/648 1686/359/535 249/363/542 1670/789/650
f 1685/786/649 4080/788/648 1670/789/650 250/770/651
f 373/790/652 1531/791/653 4081/792/654 1532/793/655
f 1531/791/653 246/794/656 1687/795/657 4081/792/654
f 4081/792/654 1687/795/657 248/785/644 1534/782/641
f 1532/793/655 4081/792/654 1534/782/641 375/781/640
f 529/796/658 2349/797/659 4082/798/660 2350/799/661
f 2349/797/659 530/800/662 2351/801/663 4082/798/660
f 4082/798/660 2351/801/663 531/802/664 2352/803/665
f 2350/799/661 4082/798/660 2352/803/665 532/804/666
f 371/805/667 1528/806/668 4083/807/669 1529/808/670
f 1528/806/668 244/809/671 1689/810/672 4083/807/669
f 4083/807/669 1689/810/672 246/794/656 1531/791/653
f 1529/808/670 4083/807/669 1531/791/653 373/790/652
f 533/811/673 2357/812/674 4084/813/675 2358/814/676
f 2357/812/674 534/815/677 2359/816/678 4084/813/675
f 4084/813/675 2359/816/678 535/817/679 2360/818/680
f 2358/814/676 4084/813/675 2360/818/680 536/819/681
f 369/820/587 1525/821/682 4085/822/683 1526/823/684
f 1525/821/682 242/824/685 1691/825/686 4085/822/683
f 4085/822/683 1691/825/686 244/809/671 1528/806/668
f 1526/823/684 4085/822/683 1528/806/668 371/805/667
f 537/826/687 2365/827/688 4086/828/689 2366/829/690
f 2365/827/688 538/830/691 2367/831/692 4086/828/689
f 4086/828/689 2367/831/692 539/832/693 2368/833/694
f 2366/829/690 4086/828/689 2368/833/694 540/834/695
f 541/835/696 2373/836/697 4087/837/697 2374/837/698
f 2373/836/697 542/835/699 2375/837/699 4087/837/697
f 4087/837/697 2375/837/699 543/838/699 2376/839/700
f 2374/837/698 4087/837/697 2376/839/700 544/838/701
f 545/840/702 2381/841/703 4088/842/704 2382/843/705
f 2381/841/703 546/844/706 2383/845/707 4088/842/704
f 4088/842/704 2383/845/707 547/846/708 2384/847/709
f 2382/843/705 4088/842/704 2384/847/709 548/848/710
f 365/849/711 1519/850/712 4089/851/713 1520/852/714
f 1519/850/712 238/853/715 1695/854/716 4089/851/713
f 4089/851/713 1695/854/716 240/855/717 1522/856/718
f 1520/852/714 4089/851/713 1522/856/718 367/857/719
f 549/858/720 2389/859/721 4090/860/722 2390/861/723
f 2389/859/721 550/862/724 2391/863/725 4090/860/722
f 4090/860/722 2391/863/725 551/864/726 2392/865/727
f 2390/861/723 4090/860/722 2392/865/727 552/866/728
f 363/867/652 1516/868/729 4091/869/730 1517/870/731
f 1516/868/729 236/871/732 1697/872/733 4091/869/730
f 4091/869/730 1697/872/733 238/853/715 1519/850/712
f 1517/870/731 4091/869/730 1519/850/712 365/849/711
f 553/873/734 2397/874/735 4092/875/736 2398/876/737
f 2397/874/735 554/877/738 2399/878/739 4092/875/736
f 4092/875/736 2399/878/739 555/879/740 2400/880/741
f 2398/876/737 4092/875/736 2400/880/741 556/881/742
f 557/882/743 2405/883/744 4093/884/745 2406/885/746
f 2405/883/744 558/886/747 2407/885/748 4093/884/745
f 4093/884/745 2407/885/748 559/887/749 2408/888/749
f 2406/885/746 4093/884/745 2408/888/749 560/887/749
f 561/889/750 2413/890/751 4094/891/752 2414/892/753
f 2413/890/751 562/893/754 2415/894/755 4094/891/752
f 4094/891/752 2415/894/755 563/895/756 2416/896/757
f 2414/892/753 4094/891/752 2416/896/757 564/897/758
f 565/898/759 2421/899/760 4095/900/760 2422/900/760
f 2421/899/760 566/898/761 2423/900/761 4095/900/760
f 4095/900/760 2423/900/761 567/901/761 2424/902/761
f 2422/900/760 4095/900/760 2424/902/761 568/901/760
f 569/903/762 2429/904/763 4096/905/764 2430/906/765
f 2429/904/763 570/907/766 2431/908/767 4096/905/764
f 4096/905/764 2431/908/767 571/909/768 2432/910/769
f 2430/906/765 4096/905/764 2432/910/769 572/911/770
f 573/912/771 2437/913/771 4097/914/771 2438/914/772
f 2437/913/771 574/912/771 2439/915/773 4097/914/771
f 4097/914/771 2439/915/773 575/916/774 2440/917/771
f 2438/914/772 4097/914/771 2440/917/771 576/916/775
f 577/918/776 2445/919/777 4098/920/778 2446/921/779
f 2445/919/777 578/922/780 2447/923/781 4098/920/778
f 4098/920/778 2447/923/781 579/924/782 2448/925/783
f 2446/921/779 4098/920/778 2448/925/783 580/926/784
f 581/927/785 2453/928/786 4099/929/787 2454/929/788
f 2453/928/786 582/930/787 2455/929/789 4099/929/787
f 4099/929/787 2455/929/789 583/931/790 2456/932/791
f 2454/929/788 4099/929/787 2456/932/791 584/931/792
f 585/933/793 2461/934/794 4100/935/795 2462/936/796
f 2461/934/794 586/937/797 2463/938/798 4100/935/795
f 4100/935/795 2463/938/798 587/939/799 2464/940/800
f 2462/936/796 4100/935/795 2464/940/800 588/941/801
f 589/942/802 2469/943/803 4101/944/803 2470/944/804
f 2469/943/803 590/942/805 2471/944/806 4101/944/803
f 4101/944/803 2471/944/806 591/945/807 2472/946/803
f 2470/944/804 4101/944/803 2472/946/803 592/947/808
f 593/948/809 2477/949/810 4102/950/811 2478/951/812
f 2477/949/810 594/952/813 2479/953/814 4102/950/811
f 4102/950/811 2479/953/814 595/954/815 2480/955/816
f 2478/951/812 4102/950/811 2480/955/816 596/956/817
f 597/957/818 2485/958/819 4103/959/819 2486/959/820
f 2485/958/819 598/960/820 2487/959/818 4103/959/819
f 4103/959/819 2487/959/818 599/961/821 2488/962/819
f 2486/959/820 4103/959/819 2488/962/819 600/963/822
f 601/964/823 2493/965/824 4104/966/825 2494/967/826
f 2493/965/824 602/968/827 2495/969/828 4104/966/825
f 4104/966/825 2495/969/828 603/970/829 2496/971/830
f 2494/967/826 4104/966/825 2496/971/830 604/972/831
f 605/973/832 2501/974/832 4105/975/832 2502/976/833
f 2501/974/832 606/977/832 2503/976/834 4105/975/832
f 4105/975/832 2503/976/834 607/978/835 2504/979/832
f 2502/976/833 4105/975/832 2504/979/832 608/978/836
f 609/980/837 2509/981/838 4106/982/839 2510/983/840
f 2509/981/838 610/984/841 2511/985/842 4106/982/839
f 4106/982/839 2511/985/842 611/986/843 2512/987/844
f 2510/983/840 4106/982/839 2512/987/844 612/988/845
f 347/989/846 1492/990/847 4107/991/848 1493/992/849
f 1492/990/847 220/993/850 1713/994/851 4107/991/848
f 4107/991/848 1713/994/851 222/995/852 1495/996/853
f 1493/992/849 4107/991/848 1495/996/853 349/997/854
f 613/998/855 2517/999/856 4108/1000/857 2518/1001/858
f 2517/999/856 614/1002/859 2519/1003/860 4108/1000/857
f 4108/1000/857 2519/1003/860 615/1004/861 2520/1005/862
f 2518/1001/858 4108/1000/857 2520/1005/862 616/1006/863
f 345/1007/864 1489/1008/865 4109/1009/866 1490/1010/867
f 1489/1008/865 218/1011/868 1715/1012/869 4109/1009/866
f 4109/1009/866 1715/1012/869 220/993/850 1492/990/847
f 1490/1010/867 4109/1009/866 1492/990/847 347/989/846
f 617/1013/870 2525/1014/871 4110/1015/872 2526/1016/873
f 2525/1014/871 618/1017/874 2527/1018/875 4110/1015/872
f 4110/1015/872 2527/1018/875 619/1019/876 2528/1020/877
f 2526/1016/873 4110/1015/872 2528/1020/877 620/1021/878
f 343/1022/864 1486/1023/879 4111/1024/880 1487/1025/881
f 1486/1023/879 216/1026/882 1717/1027/883 4111/1024/880
f 4111/1024/880 1717/1027/883 218/1011/868 1489/1008/865
f 1487/1025/881 4111/1024/880 1489/1008/865 345/1007/864
f 621/1028/884 2533/1029/885 4112/1030/886 2534/1031/887
f 2533/1029/885 622/1032/888 2535/1033/889 4112/1030/886
f 4112/1030/886 2535/1033/889 623/1034/890 2536/1035/891
f 2534/1031/887 4112/1030/886 2536/1035/891 624/1036/892
f 341/1037/864 1483/1038/893 4113/1039/894 1484/1040/881
f 1483/1038/893 214/1041/895 1719/1042/896 4113/1039/894
f 4113/1039/894 1719/1042/896 216/1026/882 1486/1023/879
f 1484/1040/881 4113/1039/894 1486/1023/879 343/1022/864
f 625/1043/897 2541/1044/898 4114/1045/899 2542/1046/900
f 2541/1044/898 626/1047/901 2543/1048/902 4114/1045/899
f 4114/1045/899 2543/1048/902 627/1049/903 2544/1050/904
f 2542/1046/900 4114/1045/899 2544/1050/904 628/1051/905
f 339/1052/906 1480/1053/907 4115/1054/908 1481/1055/909
f 1480/1053/907 212/1056/910 1721/1057/911 4115/1054/908
f 4115/1054/908 1721/1057/911 214/1041/895 1483/1038/893
f 1481/1055/909 4115/1054/908 1483/1038/893 341/1037/864
f 629/1058/912 2549/1059/913 4116/1060/914 2550/1061/915
f 2549/1059/913 630/1062/916 2551/1063/917 4116/1060/914
f 4116/1060/914 2551/1063/917 631/1064/918 2552/1065/919
f 2550/1061/915 4116/1060/914 2552/1065/919 632/1066/920
f 337/1067/906 1477/1068/921 4117/1069/922 1478/1070/909
f 1477/1068/921 210/1071/923 1723/1072/924 4117/1069/922
f 4117/1069/922 1723/1072/924 212/1056/910 1480/1053/907
f 1478/1070/909 4117/1069/922 1480/1053/907 339/1052/906
f 633/1073/925 2557/1074/926 4118/1075/927 2558/1076/928
f 2557/1074/926 634/1077/929 2559/1078/930 4118/1075/927
f 4118/1075/927 2559/1078/930 635/1079/931 2560/1080/932
f 2558/1076/928 4118/1075/927 2560/1080/932 636/1081/933
f 335/1082/906 1474/1083/934 4119/1084/935 1475/1085/909
f 1474/1083/934 208/1086/936 1725/1087/937 4119/1084/935
f 4119/1084/935 1725/1087/937 210/1071/923 1477/1068/921
f 1475/1085/909 4119/1084/935 1477/1068/921 337/1067/906
f 637/1088/938 2565/1089/939 4120/1090/940 2566/1091/941
f 2565/1089/939 638/1092/942 2567/1093/943 4120/1090/940
f 4120/1090/940 2567/1093/943 639/1094/944 2568/1095/945
f 2566/1091/941 4120/1090/940 2568/1095/945 640/1096/946
f 333/1097/854 1471/1098/947 4121/1099/948 1472/1100/949
f 1471/1098/947 206/1101/950 1727/1102/951 4121/1099/948
f 4121/1099/948 1727/1102/951 208/1086/936 1474/1083/934
f 1472/1100/949 4121/1099/948 1474/1083/934 335/1082/906
f 641/1103/952 2573/1104/953 4122/1105/954 2574/1106/955
f 2573/1104/953 642/1107/956 2575/1108/957 4122/1105/954
f 4122/1105/954 2575/1108/957 643/1109/958 2576/1110/959
f 2574/1106/955 4122/1105/954 2576/1110/959 644/1111/960
f 645/1112/961 2581/1113/962 4123/1114/963 2582/1115/962
f 2581/1113/962 646/1116/964 2583/1115/961 4123/1114/963
f 4123/1114/963 2583/1115/961 647/1117/965 2584/1118/961
f 2582/1115/962 4123/1114/963 2584/1118/961 648/1117/964
f 649/1119/966 2589/1120/967 4124/1121/968 2590/1122/969
f 2589/1120/967 650/1123/970 2591/1124/971 4124/1121/968
f 4124/1121/968 2591/1124/971 651/1125/972 2592/1126/973
f 2590/1122/969 4124/1121/968 2592/1126/973 652/1127/974
f 329/1128/975 1465/1129/976 4125/1130/977 1466/1131/978
f 1465/1129/976 202/1132/979 1731/1133/980 4125/1130/977
f 4125/1130/977 1731/1133/980 204/1134/981 1468/1135/982
f 1466/1131/978 4125/1130/977 1468/1135/982 331/1136/983
f 653/1137/984 2597/1138/985 4126/1139/986 2598/1140/987
f 2597/1138/985 654/1141/988 2599/1142/989 4126/1139/986
f 4126/1139/986 2599/1142/989 655/1143/990 2600/1144/991
f 2598/1140/987 4126/1139/986 2600/1144/991 656/1145/992
f 327/1146/993 1462/1147/994 4127/1148/995 1463/1149/996
f 1462/1147/994 200/1150/997 1733/1151/998 4127/1148/995
f 4127/1148/995 1733/1151/998 202/1132/979 1465/1129/976
f 1463/1149/996 4127/1148/995 1465/1129/976 329/1128/975
f 657/1152/999 2605/1153/1000 4128/1154/1001 2606/1155/1002
f 2605/1153/1000 658/1156/1003 2607/1157/1004 4128/1154/1001
f 4128/1154/1001 2607/1157/1004 659/1158/1005 2608/1159/1006
f 2606/1155/1002 4128/1154/1001 2608/1159/1006 660/1160/1007
f 325/1161/1008 1459/1162/1009 4129/1163/1010 1460/1164/1011
f 1459/1162/1009 198/1165/1012 1735/1166/1013 4129/1163/1010
f 4129/1163/1010 1735/1166/1013 200/1150/997 1462/1147/994
f 1460/1164/1011 4129/1163/1010 1462/1147/994 327/1146/993
f 661/1167/1014 2613/1168/1015 4130/1169/1016 2614/1170/1017
f 2613/1168/1015 662/1171/1018 2615/1172/1019 4130/1169/1016
f 4130/1169/1016 2615/1172/1019 663/1173/1020 2616/1174/1021
f 2614/1170/1017 4130/1169/1016 2616/1174/1021 664/1175/1022
f 665/1176/1023 2621/1177/1024 4131/1178/1024 2622/1179/1025
f 2621/1177/1024 666/1180/1026 2623/1178/1027 4131/1178/1024
f 4131/1178/1024 2623/1178/1027 667/1181/1028 2624/1182/1024
f 2622/1179/1025 4131/1178/1024 2624/1182/1024 668/1183/1029
f 669/1184/1030 2629/1185/1031 4132/1186/1032 2630/1187/1033
f 2629/1185/1031 670/1188/1034 2631/1189/1035 4132/1186/1032
f 4132/1186/1032 2631/1189/1035 671/1190/1036 2632/1191/1037
f 2630/1187/1033 4132/1186/1032 2632/1191/1037 672/1192/1038
f 673/1193/1039 2637/1194/1040 4133/1195/1040 2638/1195/1041
f 2637/1194/1040 674/1196/1042 2639/1197/1043 4133/1195/1040
f 4133/1195/1040 2639/1197/1043 675/1198/1044 2640/1199/1040
f 2638/1195/1041 4133/1195/1040 2640/1199/1040 676/1200/1045
f 677/1201/1046 2645/1202/1047 4134/1203/1048 2646/1204/1049
f 2645/1202/1047 678/1205/1050 2647/1206/1051 4134/1203/1048
f 4134/1203/1048 2647/1206/1051 679/1207/1052 2648/1208/1053
f 2646/1204/1049 4134/1203/1048 2648/1208/1053 680/1209/1054
f 319/1210/993 1450/1211/1055 4135/1212/1056 1451/1213/1057
f 1450/1211/1055 192/1214/1058 1741/1215/1059 4135/1212/1056
f 4135/1212/1056 1741/1215/1059 194/1216/1060 1453/1217/1061
f 1451/1213/1057 4135/1212/1056 1453/1217/1061 321/1218/1062
f 681/1219/1063 2653/1220/1064 4136/1221/1065 2654/1222/1066
f 2653/1220/1064 682/1223/1067 2655/1224/1068 4136/1221/1065
f 4136/1221/1065 2655/1224/1068 683/1225/1069 2656/1226/1070
f 2654/1222/1066 4136/1221/1065 2656/1226/1070 684/1227/1071
f 685/1228/1072 2661/1229/604 4137/1230/604 2662/1231/1073
f 2661/1229/604 686/1232/1074 2663/1231/1075 4137/1230/604
f 4137/1230/604 2663/1231/1075 687/1233/1076 2664/1234/604
f 2662/1231/1073 4137/1230/604 2664/1234/604 688/1233/1077
f 689/1235/1078 2669/1236/1079 4138/1237/1080 2670/1238/1081
f 2669/1236/1079 690/1239/1082 2671/1240/1083 4138/1237/1080
f 4138/1237/1080 2671/1240/1083 691/1241/1084 2672/1242/1085
f 2670/1238/1081 4138/1237/1080 2672/1242/1085 692/1243/1086
f 315/1244/983 1444/1245/1087 4139/1246/1088 1445/1247/1089
f 1444/1245/1087 188/1248/1090 1745/1249/1091 4139/1246/1088
f 4139/1246/1088 1745/1249/1091 190/1250/1092 1447/1251/1093
f 1445/1247/1089 4139/1246/1088 1447/1251/1093 317/1252/1094
f 693/1253/1095 2677/1254/1096 4140/1255/1097 2678/1256/1098
f 2677/1254/1096 694/1257/1099 2679/1258/1100 4140/1255/1097
f 4140/1255/1097 2679/1258/1100 695/1259/1101 2680/1260/1102
f 2678/1256/1098 4140/1255/1097 2680/1260/1102 696/1261/1103
f 697/1262/1104 2685/1263/633 4141/1264/1105 2686/1264/1106
f 2685/1263/633 698/1262/633 2687/1264/1107 4141/1264/1105
f 4141/1264/1105 2687/1264/1107 699/1265/1107 2688/1266/1106
f 2686/1264/1106 4141/1264/1105 2688/1266/1106 700/1265/1108
f 701/1267/1109 2693/1268/1110 4142/1269/1111 2694/1270/1112
f 2693/1268/1110 702/1271/1113 2695/1272/1114 4142/1269/1111
f 4142/1269/1111 2695/1272/1114 703/1273/1115 2696/1274/1116
f 2694/1270/1112 4142/1269/1111 2696/1274/1116 704/1275/1117
f 311/1276/1118 1438/1277/1119 4143/1278/1120 1439/1279/1121
f 1438/1277/1119 184/1280/1122 1749/1281/1123 4143/1278/1120
f 4143/1278/1120 1749/1281/1123 186/1282/1124 1441/1283/1125
f 1439/1279/1121 4143/1278/1120 1441/1283/1125 313/1284/1126
f 705/1285/1127 2701/1286/1128 4144/1287/1129 2702/1288/1130
f 2701/1286/1128 706/1289/1131 2703/1290/1132 4144/1287/1129
f 4144/1287/1129 2703/1290/1132 707/1291/1133 2704/1292/1134
f 2702/1288/1130 4144/1287/1129 2704/1292/1134 708/1293/1135
f 309/1294/1062 1435/1295/1136 4145/1296/1137 1436/1297/1138
f 1435/1295/1136 182/1298/1139 1751/1299/1140 4145/1296/1137
f 4145/1296/1137 1751/1299/1140 184/1280/1122 1438/1277/1119
f 1436/1297/1138 4145/1296/1137 1438/1277/1119 311/1276/1118
f 709/1300/1141 2709/1301/1142 4146/1302/1143 2710/1303/1144
f 2709/1301/1142 710/1304/1145 2711/1305/1146 4146/1302/1143
f 4146/1302/1143 2711/1305/1146 711/1306/1147 2712/1307/1148
f 2710/1303/1144 4146/1302/1143 2712/1307/1148 712/1308/1149
f 713/1309/675 2717/1310/1150 4147/1311/675 2718/1312/1151
f 2717/1310/1150 714/1309/1150 2719/1312/1152 4147/1311/675
f 4147/1311/675 2719/1312/1152 715/1313/1153 2720/1314/675
f 2718/1312/1151 4147/1311/675 2720/1314/675 716/1313/1154
f 717/1315/1155 2725/1316/1156 4148/1317/1157 2726/1318/1158
f 2725/1316/1156 718/1319/1159 2727/1320/1160 4148/1317/1157
f 4148/1317/1157 2727/1320/1160 719/1321/1161 2728/1322/1162
f 2726/1318/1158 4148/1317/1157 2728/1322/1162 720/1323/1163
f 721/1324/1164 2733/1325/1165 4149/1326/1165 2734/1327/1164
f 2733/1325/1165 722/1328/1166 2735/1327/1166 4149/1326/1165
f 4149/1326/1165 2735/1327/1166 723/1329/1166 2736/1330/1165
f 2734/1327/1164 4149/1326/1165 2736/1330/1165 724/1331/1164
f 725/1332/1167 2741/1333/1168 4150/1334/1169 2742/1335/1170
f 2741/1333/1168 726/1336/1171 2743/1337/1172 4150/1334/1169
f 4150/1334/1169 2743/1337/1172 727/1338/1173 2744/1339/1174
f 2742/1335/1170 4150/1334/1169 2744/1339/1174 728/1340/1175
f 303/1341/1126 1426/1342/1176 4151/1343/1177 1427/1344/1178
f 1426/1342/1176 176/1345/1179 1757/1346/1180 4151/1343/1177
f 4151/1343/1177 1757/1346/1180 178/1347/1181 1429/1348/1182
f 1427/1344/1178 4151/1343/1177 1429/1348/1182 305/1349/1183
f 729/1350/1184 2749/1351/1185 4152/1352/697 2750/1353/1186
f 2749/1351/1185 730/1354/1187 2751/1355/1188 4152/1352/697
f 4152/1352/697 2751/1355/1188 731/1356/1189 2752/1357/1190
f 2750/1353/1186 4152/1352/697 2752/1357/1190 732/1358/1191
f 301/1359/1192 1423/1360/1193 4153/1361/1194 1424/1362/1195
f 1423/1360/1193 174/1363/1196 1759/1364/1197 4153/1361/1194
f 4153/1361/1194 1759/1364/1197 176/1345/1179 1426/1342/1176
f 1424/1362/1195 4153/1361/1194 1426/1342/1176 303/1341/1126
f 733/1365/1198 2757/1366/1199 4154/1367/1200 2758/1368/1201
f 2757/1366/1199 734/1369/1202 2759/1370/1203 4154/1367/1200
f 4154/1367/1200 2759/1370/1203 735/1371/1204 2760/1372/1205
f 2758/1368/1201 4154/1367/1200 2760/1372/1205 736/1373/1206
f 299/1374/1192 1420/1375/1207 4155/1376/1208 1421/1377/1209
f 1420/1375/1207 172/1378/1210 1761/1379/1211 4155/1376/1208
f 4155/1376/1208 1761/1379/1211 174/1363/1196 1423/1360/1193
f 1421/1377/1209 4155/1376/1208 1423/1360/1193 301/1359/1192
f 737/1380/1212 2765/1381/1213 4156/1382/1214 2766/1383/1215
f 2765/1381/1213 738/1384/1216 2767/1385/1217 4156/1382/1214
f 4156/1382/1214 2767/1385/1217 739/1386/1218 2768/1387/1219
f 2766/1383/1215 4156/1382/1214 2768/1387/1219 740/1388/1220
f 297/1389/1126 1417/1390/1221 4157/1391/1222 1418/1392/1223
f 1417/1390/1221 170/1393/1224 1763/1394/1225 4157/1391/1222
f 4157/1391/1222 1763/1394/1225 172/1378/1210 1420/1375/1207
f 1418/1392/1223 4157/1391/1222 1420/1375/1207 299/1374/1192
f 741/1395/1226 2773/1396/1227 4158/1397/745 2774/1398/1228
f 2773/1396/1227 742/1399/1229 2775/1400/1230 4158/1397/745
f 4158/1397/745 2775/1400/1230 743/1401/1231 2776/1402/1232
f 2774/1398/1228 4158/1397/745 2776/1402/1232 744/1403/1233
f 745/1404/1234 2781/1405/1235 4159/1406/1235 2782/1406/1235
f 2781/1405/1235 746/1404/764 2783/1406/764 4159/1406/1235
f 4159/1406/1235 2783/1406/764 747/1407/764 2784/1408/764
f 2782/1406/1235 4159/1406/1235 2784/1408/764 748/1407/1235
f 749/1409/1236 2789/1410/1237 4160/1411/761 2790/1412/1238
f 2789/1410/1237 750/1413/1239 2791/1414/1240 4160/1411/761
f 4160/1411/761 2791/1414/1240 751/1415/1241 2792/1416/1242
f 2790/1412/1238 4160/1411/761 2792/1416/1242 752/1417/1243
f 753/1418/1244 2797/1419/1244 4161/1420/1244 2798/1420/1245
f 2797/1419/1244 754/1418/1244 2799/1420/1246 4161/1420/1244
f 4161/1420/1244 2799/1420/1246 755/1421/1247 2800/1422/1244
f 2798/1420/1245 4161/1420/1244 2800/1422/1244 756/1421/1248
f 757/1423/1249 2805/1424/1250 4162/1425/1251 2806/1426/1252
f 2805/1424/1250 758/1427/1253 2807/1428/1254 4162/1425/1251
f 4162/1425/1251 2807/1428/1254 759/1429/1255 2808/1430/1256
f 2806/1426/1252 4162/1425/1251 2808/1430/1256 760/1431/1257
f 761/1432/1258 2813/1433/1259 4163/1434/795 2814/1434/1260
f 2813/1433/1259 762/1435/795 2815/1434/1261 4163/1434/795
f 4163/1434/795 2815/1434/1261 763/1436/1262 2816/1437/1263
f 2814/1434/1260 4163/1434/795 2816/1437/1263 764/1436/1264
f 765/1438/1265 2821/1439/1266 4164/1440/787 2822/1441/1267
f 2821/1439/1266 766/1442/1268 2823/1443/1269 4164/1440/787
f 4164/1440/787 2823/1443/1269 767/1444/1270 2824/1445/1271
f 2822/1441/1267 4164/1440/787 2824/1445/1271 768/1446/1272
f 289/1447/1183 1405/1448/1273 4165/1449/1274 1406/1450/1275
f 1405/1448/1273 162/1451/1276 1771/1452/1277 4165/1449/1274
f 4165/1449/1274 1771/1452/1277 164/1453/1278 1408/1454/1279
f 1406/1450/1275 4165/1449/1274 1408/1454/1279 291/1455/1280
f 769/1456/1281 2829/1457/1282 4166/1458/803 2830/1459/1283
f 2829/1457/1282 770/1460/1284 2831/1461/1285 4166/1458/803
f 4166/1458/803 2831/1461/1285 771/1462/1286 2832/1463/1287
f 2830/1459/1283 4166/1458/803 2832/1463/1287 772/1464/1288
f 773/1465/1289 2837/1466/825 4167/1467/825 2838/1468/1290
f 2837/1466/825 774/1465/1290 2839/1468/1289 4167/1467/825
f 4167/1467/825 2839/1468/1289 775/1469/1291 2840/1470/825
f 2838/1468/1290 4167/1467/825 2840/1470/825 776/1469/1292
f 777/1471/1293 2845/1472/1294 4168/1473/819 2846/1474/1295
f 2845/1472/1294 778/1475/1296 2847/1476/1297 4168/1473/819
f 4168/1473/819 2847/1476/1297 779/1477/1298 2848/1478/1299
f 2846/1474/1295 4168/1473/819 2848/1478/1299 780/1479/1300
f 285/1480/1183 1399/1481/1301 4169/1482/1302 1400/1483/1303
f 1399/1481/1301 158/1484/1304 1775/1485/1305 4169/1482/1302
f 4169/1482/1302 1775/1485/1305 160/1486/1306 1402/1487/1307
f 1400/1483/1303 4169/1482/1302 1402/1487/1307 287/1488/1308
f 781/1489/1309 2853/1490/1310 4170/1491/832 2854/1492/1311
f 2853/1490/1310 782/1493/1312 2855/1494/1313 4170/1491/832
f 4170/1491/832 2855/1494/1313 783/1495/1314 2856/1496/1315
f 2854/1492/1311 4170/1491/832 2856/1496/1315 784/1497/1316
f 785/1498/1317 2861/1499/1318 4171/1500/857 2862/1500/1317
f 2861/1499/1318 786/1501/1319 2863/1500/1320 4171/1500/857
f 4171/1500/857 2863/1500/1320 787/1502/1321 2864/1503/857
f 2862/1500/1317 4171/1500/857 2864/1503/857 788/1502/1317
f 789/1504/1322 2869/1505/1323 4172/1506/1324 2870/1507/1325
f 2869/1505/1323 790/1508/1326 2871/1509/1327 4172/1506/1324
f 4172/1506/1324 2871/1509/1327 791/1510/1328 2872/1511/1329
f 2870/1507/1325 4172/1506/1324 2872/1511/1329 792/1512/1330
f 281/1513/1331 1393/1514/1332 4173/1515/1333 1394/1516/1138
f 1393/1514/1332 154/1517/1334 1779/1518/1335 4173/1515/1333
f 4173/1515/1333 1779/1518/1335 156/1519/1336 1396/1520/1337
f 1394/1516/1138 4173/1515/1333 1396/1520/1337 283/1521/1308
f 793/1522/1338 2877/1523/1339 4174/1524/1340 2878/1525/1341
f 2877/1523/1339 794/1526/1342 2879/1527/1343 4174/1524/1340
f 4174/1524/1340 2879/1527/1343 795/1528/1344 2880/1529/1345
f 2878/1525/1341 4174/1524/1340 2880/1529/1345 796/1530/1346
f 279/1531/1331 1390/1532/1347 4175/1533/1348 1391/1534/1349
f 1390/1532/1347 152/1535/1350 1781/1536/1351 4175/1533/1348
f 4175/1533/1348 1781/1536/1351 154/1517/1334 1393/1514/1332
f 1391/1534/1349 4175/1533/1348 1393/1514/1332 281/1513/1331
f 797/1537/1352 2885/1538/1353 4176/1539/1354 2886/1540/1355
f 2885/1538/1353 798/1541/1356 2887/1542/1357 4176/1539/1354
f 4176/1539/1354 2887/1542/1357 799/1543/1358 2888/1544/1359
f 2886/1540/1355 4176/1539/1354 2888/1544/1359 800/1545/1360
f 277/1546/1308 1387/1547/1361 4177/1548/1362 1388/1549/1349
f 1387/1547/1361 150/1550/1363 1783/1551/1364 4177/1548/1362
f 4177/1548/1362 1783/1551/1364 152/1535/1350 1390/1532/1347
f 1388/1549/1349 4177/1548/1362 1390/1532/1347 279/1531/1331
f 801/1552/1365 2893/1553/1366 4178/1554/1367 2894/1555/1368
f 2893/1553/1366 802/1556/1369 2895/1557/1370 4178/1554/1367
f 4178/1554/1367 2895/1557/1370 803/1558/1371 2896/1559/1372
f 2894/1555/1368 4178/1554/1367 2896/1559/1372 804/1560/1373
f 275/1561/1374 1384/1562/1375 4179/1563/1376 1385/1564/1377
f 1384/1562/1375 148/1565/1378 1785/1566/1379 4179/1563/1376
f 4179/1563/1376 1785/1566/1379 150/1550/1363 1387/1547/1361
f 1385/1564/1377 4179/1563/1376 1387/1547/1361 277/1546/1308
f 805/1567/1380 2901/1568/1381 4180/1569/1382 2902/1570/1383
f 2901/1568/1381 806/1571/1384 2903/1572/1385 4180/1569/1382
f 4180/1569/1382 2903/1572/1385 807/1573/1386 2904/1574/1387
f 2902/1570/1383 4180/1569/1382 2904/1574/1387 808/1575/1388
f 273/1576/909 1381/1577/1389 4181/1578/1390 1382/1579/1391
f 1381/1577/1392 146/1580/1392 1787/1581/1393 4181/1578/1390
f 4181/1578/1390 1787/1581/1393 148/1565/1378 1384/1562/1375
f 1382/1579/1391 4181/1578/1390 1384/1562/1375 275/1561/1374
f 146/1580/1394 1566/1582/1395 4182/1583/1396 1787/1581/1397
f 1566/1582/1395 145/51/74 1788/53/76 4182/1583/1396
f 4182/1583/1396 1788/53/76 147/57/83 1568/1584/1398
f 1787/1581/1397 4182/1583/1396 1568/1584/1398 148/1565/1399
f 271/1585/1008 1378/1586/1400 4183/1587/1401 1379/1588/1402
f 1378/1586/1403 144/1589/1403 1789/1590/1404 4183/1587/1404
f 4183/1587/1404 1789/1590/1404 146/1580/1392 1381/1577/1392
f 1379/1588/1402 4183/1587/1401 1381/1577/1389 273/1576/909
f 144/1591/1405 1564/1592/1405 4184/1593/1406 1789/1594/1406
f 1564/1592/1405 143/1595/65 1790/1596/67 4184/1593/1406
f 4184/1593/1406 1790/1596/67 145/51/74 1566/1582/1395
f 1789/1594/1406 4184/1593/1406 1566/1582/1395 146/1580/1394
f 269/1597/1008 1375/1598/1407 4185/1599/1408 1376/1600/1409
f 1375/1598/1410 142/1601/1411 1791/1602/1412 4185/1599/1412
f 4185/1599/1412 1791/1602/1412 144/1589/1403 1378/1586/1403
f 1376/1600/1409 4185/1599/1408 1378/1586/1400 271/1585/1008
f 142/1603/1413 1562/1604/1414 4186/1605/1415 1791/1606/1415
f 1562/1604/1414 141/1607/56 1792/1608/58 4186/1605/1415
f 4186/1605/1415 1792/1608/58 143/1595/65 1564/1592/1405
f 1791/1606/1415 4186/1605/1415 1564/1592/1405 144/1591/1405
f 267/1609/578 1372/1610/1416 4187/1611/1417 1373/1612/1418
f 1372/1610/1419 140/1613/1420 1793/1614/1421 4187/1611/1422
f 4187/1611/1422 1793/1614/1421 142/1601/1411 1375/1598/1410
f 1373/1612/1418 4187/1611/1417 1375/1598/1407 269/1597/1008
f 140/1613/1423 1560/1615/1424 4188/1616/1425 1793/1614/1426
f 1560/1615/1424 139/33/47 1794/35/49 4188/1616/1425
f 4188/1616/1425 1794/35/49 141/39/56 1562/1617/1414
f 1793/1614/1426 4188/1616/1425 1562/1617/1414 142/1601/1413
f 809/1618/1427 2909/1619/1428 4189/1620/1428 2910/1620/1429
f 2909/1619/1428 810/1621/1430 2911/1622/1428 4189/1620/1428
f 4189/1620/1428 2911/1622/1428 811/1623/1427 2912/1624/1431
f 2910/1620/1429 4189/1620/1428 2912/1624/1431 812/1623/1432
f 813/1625/1433 2917/1626/1434 4190/1627/1435 2918/1628/1436
f 2917/1626/1434 814/1629/1437 2919/1630/1438 4190/1627/1435
f 4190/1627/1435 2919/1630/1438 815/1631/1439 2920/1632/1440
f 2918/1628/1436 4190/1627/1435 2920/1632/1440 816/1633/1441
f 817/1634/1442 2925/1635/1001 4191/1636/1001 2926/1637/1443
f 2925/1635/1001 818/1634/1444 2927/1636/1445 4191/1636/1001
f 4191/1636/1001 2927/1636/1445 819/1638/1446 2928/1639/1001
f 2926/1637/1443 4191/1636/1001 2928/1639/1001 820/1638/1447
f 821/1640/1448 2933/1641/1449 4192/1642/1450 2934/1643/1451
f 2933/1641/1449 822/1644/1452 2935/1645/1453 4192/1642/1450
f 4192/1642/1450 2935/1645/1453 823/1646/1454 2936/1647/1455
f 2934/1643/1451 4192/1642/1450 2936/1647/1455 824/1648/1456
f 261/1649/1457 1363/1650/1458 4193/1651/1459 1364/1652/1460
f 1363/1650/1458 134/1653/1461 1799/1654/1462 4193/1651/1459
f 4193/1651/1459 1799/1654/1462 136/1655/1463 1366/1656/1464
f 1364/1652/1460 4193/1651/1459 1366/1656/1464 263/1657/579
f 825/1658/1465 2941/1659/1466 4194/1660/1467 2942/1661/1468
f 2941/1659/1466 826/1662/1469 2943/1663/1470 4194/1660/1467
f 4194/1660/1467 2943/1663/1470 827/1664/1471 2944/1665/1472
f 2942/1661/1468 4194/1660/1467 2944/1665/1472 828/1666/1473
f 829/1667/1474 2949/1668/1032 4195/1669/1032 2950/1669/1475
f 2949/1668/1032 830/1670/1476 2951/1669/1477 4195/1669/1032
f 4195/1669/1032 2951/1669/1477 831/1671/1478 2952/1672/1032
f 2950/1669/1475 4195/1669/1032 2952/1672/1032 832/1671/1479
f 833/1673/1480 2957/1674/1481 4196/1675/1024 2958/1676/1482
f 2957/1674/1481 834/1677/1483 2959/1678/1484 4196/1675/1024
f 4196/1675/1024 2959/1678/1484 835/1679/1485 2960/1680/1486
f 2958/1676/1482 4196/1675/1024 2960/1680/1486 836/1681/1487
f 837/1682/1488 2965/1683/1048 4197/1684/1048 2966/1684/1489
f 2965/1683/1048 838/1682/1490 2967/1684/1491 4197/1684/1048
f 4197/1684/1048 2967/1684/1491 839/1685/1492 2968/1686/1048
f 2966/1684/1489 4197/1684/1048 2968/1686/1048 840/1687/1493
f 841/1688/1494 2973/1689/1495 4198/1690/1040 2974/1691/1496
f 2973/1689/1495 842/1692/1497 2975/1693/1498 4198/1690/1040
f 4198/1690/1040 2975/1693/1498 843/1694/1499 2976/1695/1500
f 2974/1691/1496 4198/1690/1040 2976/1695/1500 844/1696/1501
f 845/572/1502 2981/574/561 4199/1697/561 2982/1698/1502
f 2981/574/561 846/568/1503 2983/1699/1503 4199/1697/561
f 4199/1697/578 2983/1699/640 847/1700/1504 2984/1701/578
f 2982/1698/578 4199/1697/578 2984/1701/578 848/1702/1505
f 849/1703/1506 2989/1704/578 4200/1705/578 2990/1706/1507
f 2989/1704/578 850/1707/1508 2991/1708/1509 4200/1705/578
f 4200/1705/561 2991/1708/1510 851/1709/1511 2992/1710/1512
f 2990/1706/1513 4200/1705/561 2992/1710/1512 852/1711/1514
f 853/575/1502 2997/577/561 4201/1712/561 2998/1713/1502
f 2997/577/561 854/572/1503 2999/1698/1503 4201/1712/561
f 4201/1712/578 2999/1698/578 855/1702/1515 3000/1714/578
f 2998/1713/1374 4201/1712/578 3000/1714/578 856/1715/1516
f 857/1716/1517 3005/1717/578 4202/1718/578 3006/1719/1518
f 3005/1717/578 858/1720/1519 3007/1721/1520 4202/1718/578
f 4202/1718/561 3007/1721/1521 859/1722/1522 3008/1723/1523
f 3006/1719/1524 4202/1718/561 3008/1723/1523 860/1724/1525
f 861/578/1502 3013/576/561 4203/1725/561 3014/1726/1502
f 3013/576/561 862/575/1503 3015/1713/1503 4203/1725/561
f 4203/1725/578 3015/1713/640 863/1715/719 3016/1727/578
f 3014/1726/1374 4203/1725/578 3016/1727/578 864/1728/1183
f 865/1729/1526 3021/1730/578 4204/1731/578 3022/1732/1527
f 3021/1730/578 866/1733/1528 3023/1734/1529 4204/1731/578
f 4204/1731/561 3023/1734/1530 867/1735/1531 3024/1736/1532
f 3022/1732/1533 4204/1731/561 3024/1736/1532 868/1737/1534
f 869/580/1502 3029/579/561 4205/1738/561 3030/1739/1502
f 3029/579/561 870/578/1503 3031/1726/1503 4205/1738/561
f 4205/1738/578 3031/1726/640 871/1728/1535 3032/1740/578
f 3030/1739/578 4205/1738/578 3032/1740/578 872/1741/1209
f 873/1742/1536 3037/1743/578 4206/1744/578 3038/1745/1537
f 3037/1743/578 874/1746/1538 3039/1747/1539 4206/1744/578
f 4206/1744/561 3039/1747/1540 875/1748/1541 3040/1749/1542
f 3038/1745/1543 4206/1744/561 3040/1749/1542 876/1750/1544
f 877/582/1502 3045/584/561 4207/1751/561 3046/1752/1502
f 3045/584/561 878/580/1503 3047/1739/1503 4207/1751/561
f 4207/1751/578 3047/1739/578 879/1741/1535 3048/1753/578
f 3046/1752/1374 4207/1751/578 3048/1753/578 880/1754/1209
f 881/1755/1545 3053/1756/578 4208/1757/578 3054/1758/1546
f 3053/1756/578 882/1759/1547 3055/1760/1548 4208/1757/578
f 4208/1757/561 3055/1760/1549 883/1761/1550 3056/1762/1551
f 3054/1758/1552 4208/1757/561 3056/1762/1551 884/1763/1553
f 885/585/1554 3061/583/561 4209/1764/561 3062/1765/1554
f 3061/583/561 886/582/1503 3063/1752/1503 4209/1764/561
f 4209/1764/578 3063/1752/1555 887/1754/711 3064/1766/578
f 3062/1765/1556 4209/1764/578 3064/1766/578 888/1767/1556
f 889/1768/1557 3069/1769/578 4210/1770/578 3070/1771/1558
f 3069/1769/578 890/1772/1559 3071/1773/1560 4210/1770/578
f 4210/1770/561 3071/1773/1561 891/1774/1562 3072/1775/1563
f 3070/1771/1564 4210/1770/561 3072/1775/1563 892/1776/1565
f 893/587/1554 3077/586/561 4211/1777/561 3078/1778/1554
f 3077/586/561 894/585/1566 3079/1765/1566 4211/1777/561
f 4211/1777/578 3079/1765/1567 895/1767/1567 3080/1779/578
f 3078/1778/1556 4211/1777/578 3080/1779/578 896/1780/1556
f 897/1781/1568 3085/1782/578 4212/1783/578 3086/1784/1569
f 3085/1782/578 898/1785/1570 3087/1786/1571 4212/1783/578
f 4212/1783/561 3087/1786/1572 899/1787/1573 3088/1788/1574
f 3086/1784/1575 4212/1783/561 3088/1788/1574 900/1789/1576
f 901/589/1554 3093/591/561 4213/1790/561 3094/1791/1554
f 3093/591/561 902/587/1566 3095/1778/1566 4213/1790/561
f 4213/1790/578 3095/1778/1567 903/1780/1567 3096/1792/578
f 3094/1791/1577 4213/1790/578 3096/1792/578 904/1793/1577
f 905/1794/1578 3101/1795/578 4214/1796/578 3102/1797/1579
f 3101/1795/578 906/1798/1580 3103/1799/1581 4214/1796/578
f 4214/1796/561 3103/1799/1582 907/1800/1583 3104/1801/1584
f 3102/1797/1585 4214/1796/561 3104/1801/1584 908/1802/1586
f 909/592/1554 3109/594/561 4215/1803/561 3110/1804/1554
f 3109/594/561 910/589/1566 3111/1791/1566 4215/1803/561
f 4215/1803/578 3111/1791/1587 911/1793/1587 3112/1805/578
f 3110/1804/1588 4215/1803/578 3112/1805/578 912/1806/1588
f 913/1807/1589 3117/1808/578 4216/1809/578 3118/1810/1590
f 3117/1808/578 914/1811/1591 3119/1812/1592 4216/1809/578
f 4216/1809/561 3119/1812/1593 915/1813/1594 3120/1814/1595
f 3118/1810/1596 4216/1809/561 3120/1814/1595 916/1815/1597
f 917/595/1554 3125/593/561 4217/1816/561 3126/1817/1554
f 3125/593/561 918/592/1566 3127/1804/1566 4217/1816/561
f 4217/1816/578 3127/1804/1598 919/1806/1598 3128/1818/578
f 3126/1817/1588 4217/1816/578 3128/1818/578 920/1819/1588
f 921/1820/1599 3133/1821/578 4218/1822/578 3134/1823/1600
f 3133/1821/578 922/1824/1601 3135/1825/1602 4218/1822/578
f 4218/1822/561 3135/1825/1603 923/1826/1604 3136/1827/1605
f 3134/1823/1606 4218/1822/561 3136/1827/1605 924/1828/1607
f 925/597/1554 3141/596/561 4219/1829/561 3142/1830/1554
f 3141/596/561 926/595/1566 3143/1817/1566 4219/1829/561
f 4219/1829/578 3143/1817/1598 927/1819/1598 3144/1831/578
f 3142/1830/1588 4219/1829/578 3144/1831/578 928/1832/1588
f 929/1833/1608 3149/1834/578 4220/1835/578 3150/1836/1609
f 3149/1834/578 930/1837/1610 3151/1838/1611 4220/1835/578
f 4220/1835/561 3151/1838/1612 931/1839/1613 3152/1840/1614
f 3150/1836/1615 4220/1835/561 3152/1840/1614 932/1841/1616
f 933/599/1617 3157/598/561 4221/1842/561 3158/1843/1617
f 3157/598/561 934/597/1618 3159/1830/1618 4221/1842/561
f 4221/1842/578 3159/1830/1619 935/1832/1619 3160/1844/578
f 3158/1843/1620 4221/1842/578 3160/1844/578 936/1845/1620
f 937/1846/1621 3165/1847/578 4222/1848/578 3166/1849/1622
f 3165/1847/578 938/1850/1623 3167/1851/1624 4222/1848/578
f 4222/1848/561 3167/1851/1625 939/1852/1626 3168/1853/1627
f 3166/1849/1628 4222/1848/561 3168/1853/1627 940/1854/1629
f 941/601/1617 3173/600/561 4223/1855/561 3174/1856/1617
f 3173/600/561 942/599/1618 3175/1843/1618 4223/1855/561
f 4223/1855/578 3175/1843/1619 943/1845/1619 3176/1857/578
f 3174/1856/1630 4223/1855/578 3176/1857/578 944/1858/1062
f 945/1859/1631 3181/1860/578 4224/1861/578 3182/1862/1632
f 3181/1860/578 946/1863/1633 3183/1864/1634 4224/1861/578
f 4224/1861/561 3183/1864/1635 947/1865/1636 3184/1866/1637
f 3182/1862/1638 4224/1861/561 3184/1866/1637 948/1867/1639
f 949/603/1617 3189/605/561 4225/1868/561 3190/1869/1617
f 3189/605/561 950/601/1618 3191/1856/1618 4225/1868/561
f 4225/1868/578 3191/1856/1640 951/1858/613 3192/1870/578
f 3190/1869/1630 4225/1868/578 3192/1870/578 952/1871/1641
f 953/1872/1642 3197/1873/578 4226/1874/578 3198/1875/1643
f 3197/1873/578 954/1876/1644 3199/1877/1645 4226/1874/578
f 4226/1874/561 3199/1877/1646 955/1878/1647 3200/1879/1648
f 3198/1875/1649 4226/1874/561 3200/1879/1648 956/1880/1650
f 957/606/1617 3205/604/561 4227/1881/561 3206/1882/1617
f 3205/604/561 958/603/1618 3207/1869/1618 4227/1881/561
f 4227/1881/578 3207/1869/1640 959/1871/587 3208/1883/578
f 3206/1882/1630 4227/1881/578 3208/1883/578 960/1884/1062
f 961/1885/1651 3213/1886/578 4228/1887/578 3214/1888/1652
f 3213/1886/578 962/1889/1653 3215/1890/1654 4228/1887/578
f 4228/1887/561 3215/1890/1655 963/1891/1656 3216/1892/1657
f 3214/1888/1658 4228/1887/561 3216/1892/1657 964/1893/1659
f 965/608/1617 3221/607/561 4229/1894/561 3222/1895/1617
f 3221/607/561 966/606/1618 3223/1882/1618 4229/1894/561
f 4229/1894/578 3223/1882/1640 967/1884/599 3224/1896/578
f 3222/1895/1630 4229/1894/578 3224/1896/578 968/1897/1660
f 969/1898/1661 3229/1899/578 4230/1900/578 3230/1901/1662
f 3229/1899/578 970/1902/1663 3231/1903/1664 4230/1900/578
f 4230/1900/561 3231/1903/1665 971/1904/1666 3232/1905/1667
f 3230/1901/1668 4230/1900/561 3232/1905/1667 972/1906/1669
f 973/610/1617 3237/609/561 4231/1907/561 3238/1908/1617
f 3237/609/561 974/608/1618 3239/1895/1618 4231/1907/561
f 4231/1907/578 3239/1895/1640 975/1897/579 3240/1909/578
f 3238/1908/1630 4231/1907/578 3240/1909/578 976/1910/983
f 977/1911/1670 3245/1912/578 4232/1913/578 3246/1914/1671
f 3245/1912/578 978/1915/1672 3247/1916/1673 4232/1913/578
f 4232/1913/561 3247/1916/1674 979/1917/1675 3248/1918/1676
f 3246/1914/1677 4232/1913/561 3248/1918/1676 980/1919/1678
f 981/612/1617 3253/611/561 4233/1920/561 3254/1921/1617
f 3253/611/561 982/610/1618 3255/1908/1618 4233/1920/561
f 4233/1920/578 3255/1908/1640 983/1910/599 3256/1922/578
f 3254/1921/578 4233/1920/578 3256/1922/578 984/1923/1679
f 985/1924/1680 3261/1925/578 4234/1926/578 3262/1927/1681
f 3261/1925/578 986/1928/1682 3263/1929/1683 4234/1926/578
f 4234/1926/561 3263/1929/1684 987/1930/1685 3264/1931/1686
f 3262/1927/1687 4234/1926/561 3264/1931/1686 988/1932/1688
f 989/614/1617 3269/613/561 4235/1933/561 3270/1934/1617
f 3269/613/561 990/612/1618 3271/1921/1618 4235/1933/561
f 4235/1933/578 3271/1921/578 991/1923/1689 3272/1935/578
f 3270/1934/578 4235/1933/578 3272/1935/578 992/1936/1690
f 993/1937/1691 3277/1938/578 4236/1939/578 3278/1940/1692
f 3277/1938/578 994/1941/1693 3279/1942/1694 4236/1939/578
f 4236/1939/561 3279/1942/1695 995/1943/1696 3280/1944/1697
f 3278/1940/1698 4236/1939/561 3280/1944/1697 996/1945/1699
f 997/616/1617 3285/618/561 4237/1946/561 3286/1947/1617
f 3285/618/561 998/614/1618 3287/1934/1618 4237/1946/561
f 4237/1946/578 3287/1934/578 999/1936/1700 3288/1948/578
f 3286/1947/1630 4237/1946/578 3288/1948/578 1000/1949/1690
f 1001/1950/1701 3293/1951/578 4238/1952/578 3294/1953/1702
f 3293/1951/578 1002/1954/1703 3295/1955/1704 4238/1952/578
f 4238/1952/561 3295/1955/1705 1003/1956/1706 3296/1957/1707
f 3294/1953/1708 4238/1952/561 3296/1957/1707 1004/1958/1709
f 1005/619/1617 3301/621/561 4239/1959/561 3302/1960/1617
f 3301/621/561 1006/616/1618 3303/1947/1618 4239/1959/561
f 4239/1959/578 3303/1947/625 1007/1949/1710 3304/1961/578
f 3302/1960/1711 4239/1959/578 3304/1961/578 1008/1962/1711
f 1009/1963/1712 3309/1964/578 4240/1965/578 3310/1966/1713
f 3309/1964/578 1010/1967/1714 3311/1968/1715 4240/1965/578
f 4240/1965/561 3311/1968/1716 1011/1969/1717 3312/1970/1718
f 3310/1966/1719 4240/1965/561 3312/1970/1718 1012/1971/1720
f 1013/622/1721 3317/624/561 4241/1972/561 3318/1973/1721
f 3317/624/561 1014/619/1722 3319/1960/1722 4241/1972/561
f 4241/1972/578 3319/1960/1723 1015/1962/1723 3320/1974/578
f 3318/1973/1724 4241/1972/578 3320/1974/578 1016/1975/1724
f 1017/1976/1725 3325/1977/578 4242/1978/578 3326/1979/1726
f 3325/1977/578 1018/1980/1727 3327/1981/1728 4242/1978/578
f 4242/1978/561 3327/1981/1729 1019/1982/1730 3328/1983/1731
f 3326/1979/1732 4242/1978/561 3328/1983/1731 1020/1984/1733
f 1021/625/1721 3333/623/561 4243/1985/561 3334/1986/1721
f 3333/623/561 1022/622/1722 3335/1973/1722 4243/1985/561
f 4243/1985/578 3335/1973/1723 1023/1975/1723 3336/1987/578
f 3334/1986/1724 4243/1985/578 3336/1987/578 1024/1988/1724
f 1025/1989/1734 3341/1990/578 4244/1991/578 3342/1992/1735
f 3341/1990/578 1026/1993/1736 3343/1994/1737 4244/1991/578
f 4244/1991/561 3343/1994/1738 1027/1995/1739 3344/1996/1740
f 3342/1992/1741 4244/1991/561 3344/1996/1740 1028/1997/1742
f 1029/627/1721 3349/626/561 4245/1998/561 3350/1999/1721
f 3349/626/561 1030/625/1722 3351/1986/1722 4245/1998/561
f 4245/1998/578 3351/1986/1723 1031/1988/1723 3352/2000/578
f 3350/1999/1743 4245/1998/578 3352/2000/578 1032/2001/906
f 1033/2002/1744 3357/2003/578 4246/2004/578 3358/2005/1745
f 3357/2003/578 1034/2006/1746 3359/2007/1747 4246/2004/578
f 4246/2004/561 3359/2007/1748 1035/2008/1749 3360/2009/1750
f 3358/2005/1751 4246/2004/561 3360/2009/1750 1036/2010/1752
f 1037/629/561 3365/628/561 4247/2011/561 3366/2012/1721
f 3365/628/561 1038/627/1722 3367/1999/1722 4247/2011/561
f 4247/2011/578 3367/1999/625 1039/2001/1753 3368/2013/578
f 3366/2012/578 4247/2011/578 3368/2013/578 1040/2014/881
f 1041/2015/1754 3373/2016/578 4248/2017/578 3374/2018/1755
f 3373/2016/578 1042/2019/1756 3375/2020/1757 4248/2017/578
f 4248/2017/561 3375/2020/1758 1043/2021/1759 3376/2022/1760
f 3374/2018/1761 4248/2017/561 3376/2022/1760 1044/2023/1762
f 1045/631/1503 3381/633/561 4249/2024/561 3382/2025/1721
f 3381/633/561 1046/629/561 3383/2012/1502 4249/2024/561
f 4249/2024/578 3383/2012/578 1047/2014/1349 3384/2026/578
f 3382/2025/1743 4249/2024/578 3384/2026/578 1048/2027/909
f 1049/2028/1763 3389/2029/578 4250/2030/578 3390/2031/1764
f 3389/2029/578 1050/2032/1765 3391/2033/1766 4250/2030/578
f 4250/2030/561 3391/2033/1767 1051/2034/1768 3392/2035/1769
f 3390/2031/1770 4250/2030/561 3392/2035/1769 1052/2036/1771
f 1053/634/1721 3397/632/561 4251/2037/561 3398/2038/1721
f 3397/632/561 1054/631/1502 3399/2025/1722 4251/2037/561
f 4251/2037/578 3399/2025/625 1055/2027/1308 3400/2039/578
f 3398/2038/1772 4251/2037/578 3400/2039/578 1056/2040/1772
f 1057/2041/1773 3405/2042/578 4252/2043/578 3406/2044/1774
f 3405/2042/578 1058/2045/1775 3407/2046/1776 4252/2043/578
f 4252/2043/561 3407/2046/1777 1059/2047/1778 3408/2048/1779
f 3406/2044/1780 4252/2043/561 3408/2048/1779 1060/2049/1781
f 1061/636/1503 3413/635/561 4253/2050/561 3414/2051/1503
f 3413/635/561 1062/634/1502 3415/2038/1502 4253/2050/561
f 4253/2050/578 3415/2038/1782 1063/2040/1782 3416/2052/578
f 3414/2051/1743 4253/2050/578 3416/2052/578 1064/2053/864
f 1065/2054/1783 3421/2055/578 4254/2056/578 3422/2057/1784
f 3421/2055/578 1066/2058/1785 3423/2059/1786 4254/2056/578
f 4254/2056/561 3423/2059/1787 1067/2060/1788 3424/2061/1789
f 3422/2057/1790 4254/2056/561 3424/2061/1789 1068/2062/1791
f 1069/638/1503 3429/637/561 4255/2063/561 3430/2064/1503
f 3429/637/561 1070/636/1502 3431/2051/1502 4255/2063/561
f 4255/2063/578 3431/2051/1374 1071/2053/1349 3432/2065/578
f 3430/2064/640 4255/2063/578 3432/2065/578 1072/2066/881
f 1073/2067/1792 3437/2068/578 4256/2069/578 3438/2070/1793
f 3437/2068/578 1074/2071/1794 3439/2072/1795 4256/2069/578
f 4256/2069/561 3439/2072/1796 1075/2073/1797 3440/2074/1798
f 3438/2070/1799 4256/2069/561 3440/2074/1798 1076/2075/1800
f 1077/640/1503 3445/642/561 4257/2076/561 3446/2077/1503
f 3445/642/561 1078/638/1502 3447/2064/1502 4257/2076/561
f 4257/2076/578 3447/2064/1374 1079/2066/1280 3448/2078/578
f 3446/2077/640 4257/2076/578 3448/2078/578 1080/2079/846
f 1081/2080/1801 3453/2081/578 4258/2082/578 3454/2083/1802
f 3453/2081/578 1082/2084/1803 3455/2085/1804 4258/2082/578
f 4258/2082/561 3455/2085/1805 1083/2086/1806 3456/2087/1807
f 3454/2083/1808 4258/2082/561 3456/2087/1807 1084/2088/1809
f 1085/643/1503 3461/645/561 4259/2089/561 3462/2090/1503
f 3461/645/561 1086/640/1502 3463/2077/1502 4259/2089/561
f 4259/2089/578 3463/2077/1374 1087/2079/1516 3464/2091/578
f 3462/2090/640 4259/2089/578 3464/2091/578 1088/2092/1504
f 1089/2093/1810 3469/2094/578 4260/2095/578 3470/2096/1811
f 3469/2094/578 1090/2097/1812 3471/2098/1813 4260/2095/578
f 4260/2095/561 3471/2098/1814 1091/2099/1815 3472/2100/1816
f 3470/2096/1817 4260/2095/561 3472/2100/1816 1092/2101/1818
f 1093/646/1503 3477/648/561 4261/2102/561 3478/2103/1503
f 3477/648/561 1094/643/1502 3479/2090/1502 4261/2102/561
f 4261/2102/578 3479/2090/1374 1095/2092/1819 3480/2104/578
f 3478/2103/640 4261/2102/578 3480/2104/578 1096/2105/1820
f 1097/2106/1821 3485/2107/578 4262/2108/578 3486/2109/1822
f 3485/2107/578 1098/2110/1823 3487/2111/1824 4262/2108/578
f 4262/2108/561 3487/2111/1825 1099/2112/1826 3488/2113/1827
f 3486/2109/1828 4262/2108/561 3488/2113/1827 1100/2114/1829
f 1101/649/1503 3493/651/561 4263/2115/561 3494/2116/1503
f 3493/651/561 1102/646/1502 3495/2103/1502 4263/2115/561
f 4263/2115/578 3495/2103/1374 1103/2105/1516 3496/2117/578
f 3494/2116/578 4263/2115/578 3496/2117/578 1104/2118/1515
f 1105/2119/1830 3501/2120/578 4264/2121/578 3502/2122/1831
f 3501/2120/578 1106/2123/1832 3503/2124/1833 4264/2121/578
f 4264/2121/561 3503/2124/1834 1107/2125/1835 3504/2126/1836
f 3502/2122/1837 4264/2121/561 3504/2126/1836 1108/2127/1838
f 1109/652/1503 3509/650/561 4265/2128/561 3510/2129/1503
f 3509/650/561 1110/649/1502 3511/2116/1502 4265/2128/561
f 4265/2128/578 3511/2116/578 1111/2118/1505 3512/2130/578
f 3510/2129/640 4265/2128/578 3512/2130/578 1112/2131/1504
f 1113/2132/1839 3517/2133/578 4266/2134/578 3518/2135/1840
f 3517/2133/578 1114/2136/1841 3519/2137/1842 4266/2134/578
f 4266/2134/561 3519/2137/1843 1115/2138/1844 3520/2139/1845
f 3518/2135/1846 4266/2134/561 3520/2139/1845 1116/2140/1847
f 1117/654/1503 3525/653/561 4267/2141/561 3526/2142/1503
f 3525/653/561 1118/652/1502 3527/2129/1502 4267/2141/561
f 4267/2141/578 3527/2129/1374 1119/2131/1183 3528/2143/578
f 3526/2142/1848 4267/2141/578 3528/2143/578 1120/2144/1848
f 1121/2145/1849 3533/2146/578 4268/2147/578 3534/2148/1850
f 3533/2146/578 1122/2149/1851 3535/2150/1852 4268/2147/578
f 4268/2147/561 3535/2150/1853 1123/2151/1854 3536/2152/1855
f 3534/2148/1856 4268/2147/561 3536/2152/1855 1124/2153/1857
f 1125/656/1503 3541/655/561 4269/2154/561 3542/2155/1503
f 3541/655/561 1126/654/1502 3543/2142/1502 4269/2154/561
f 4269/2154/578 3543/2142/1858 1127/2144/1858 3544/2156/578
f 3542/2155/1859 4269/2154/578 3544/2156/578 1128/2157/1859
f 1129/2158/1860 3549/2159/578 4270/2160/578 3550/2161/1861
f 3549/2159/578 1130/2162/1862 3551/2163/1863 4270/2160/578
f 4270/2160/561 3551/2163/1864 1131/2164/1865 3552/2165/1866
f 3550/2161/1867 4270/2160/561 3552/2165/1866 1132/2166/1868
f 1133/658/1503 3557/657/561 4271/2167/561 3558/2168/1503
f 3557/657/561 1134/656/1502 3559/2155/1502 4271/2167/561
f 4271/2167/578 3559/2155/1858 1135/2157/1858 3560/2169/578
f 3558/2168/1555 4271/2167/578 3560/2169/578 1136/2170/711
f 1137/2171/1869 3565/2172/578 4272/2173/578 3566/2174/1870
f 3565/2172/578 1138/2175/1871 3567/2176/1872 4272/2173/578
f 4272/2173/561 3567/2176/1873 1139/2177/1874 3568/2178/1875
f 3566/2174/1876 4272/2173/561 3568/2178/1875 1140/2179/1877
f 1141/660/1503 3573/659/561 4273/2180/561 3574/2181/1566
f 3573/659/561 1142/658/1502 3575/2168/1502 4273/2180/561
f 4273/2180/578 3575/2168/1374 1143/2170/1209 3576/2182/578
f 3574/2181/640 4273/2180/578 3576/2182/578 1144/2183/1535
f 1145/2184/1878 3581/2185/578 4274/2186/578 3582/2187/1879
f 3581/2185/578 1146/2188/1880 3583/2189/1881 4274/2186/578
f 4274/2186/561 3583/2189/1882 1147/2190/1883 3584/2191/1884
f 3582/2187/1885 4274/2186/561 3584/2191/1884 1148/2192/1886
f 1149/662/1566 3589/661/561 4275/2193/561 3590/2194/1566
f 3589/661/561 1150/660/1502 3591/2181/1554 4275/2193/561
f 4275/2193/578 3591/2181/1887 1151/2183/1888 3592/2195/578
f 3590/2194/1567 4275/2193/578 3592/2195/578 1152/2196/1567
f 1153/2197/1889 3597/2198/578 4276/2199/578 3598/2200/1890
f 3597/2198/578 1154/2201/1891 3599/2202/1892 4276/2199/578
f 4276/2199/561 3599/2202/1893 1155/2203/1894 3600/2204/1895
f 3598/2200/1896 4276/2199/561 3600/2204/1895 1156/2205/1897
f 1157/664/1566 3605/666/561 4277/2206/561 3606/2207/1566
f 3605/666/561 1158/662/1554 3607/2194/1554 4277/2206/561
f 4277/2206/578 3607/2194/1556 1159/2196/1556 3608/2208/578
f 3606/2207/1587 4277/2206/578 3608/2208/578 1160/2209/1587
f 1161/2210/1898 3613/2211/578 4278/2212/578 3614/2213/1899
f 3613/2211/578 1162/2214/1900 3615/2215/1901 4278/2212/578
f 4278/2212/561 3615/2215/1902 1163/2216/1903 3616/2217/1904
f 3614/2213/1905 4278/2212/561 3616/2217/1904 1164/2218/1906
f 1165/667/1566 3621/665/561 4279/2219/561 3622/2220/1566
f 3621/665/561 1166/664/1554 3623/2207/1554 4279/2219/561
f 4279/2219/578 3623/2207/1577 1167/2209/1577 3624/2221/578
f 3622/2220/1598 4279/2219/578 3624/2221/578 1168/2222/1598
f 1169/2223/1907 3629/2224/578 4280/2225/578 3630/2226/1908
f 3629/2224/578 1170/2227/1909 3631/2228/1910 4280/2225/578
f 4280/2225/561 3631/2228/1911 1171/2229/1912 3632/2230/1913
f 3630/2226/1914 4280/2225/561 3632/2230/1913 1172/2231/1915
f 1173/669/1566 3637/671/561 4281/2232/561 3638/2233/1566
f 3637/671/561 1174/667/1554 3639/2220/1554 4281/2232/561
f 4281/2232/578 3639/2220/1588 1175/2222/1588 3640/2234/578
f 3638/2233/1598 4281/2232/578 3640/2234/578 1176/2235/1598
f 1177/2236/1916 3645/2237/578 4282/2238/578 3646/2239/1917
f 3645/2237/578 1178/2240/1918 3647/2241/1919 4282/2238/578
f 4282/2238/561 3647/2241/1920 1179/2242/1921 3648/2243/1922
f 3646/2239/1923 4282/2238/561 3648/2243/1922 1180/2244/1924
f 1181/672/1566 3653/674/561 4283/2245/561 3654/2246/1566
f 3653/674/561 1182/669/1554 3655/2233/1554 4283/2245/561
f 4283/2245/578 3655/2233/1588 1183/2235/1588 3656/2247/578
f 3654/2246/1598 4283/2245/578 3656/2247/578 1184/2248/1598
f 1185/2249/1925 3661/2250/578 4284/2251/578 3662/2252/1926
f 3661/2250/578 1186/2253/1927 3663/2254/1928 4284/2251/578
f 4284/2251/561 3663/2254/1929 1187/2255/1930 3664/2256/1931
f 3662/2252/1932 4284/2251/561 3664/2256/1931 1188/2257/1933
f 1189/675/1618 3669/677/561 4285/2258/561 3670/2259/1618
f 3669/677/561 1190/672/1617 3671/2246/1617 4285/2258/561
f 4285/2258/578 3671/2246/1620 1191/2248/1620 3672/2260/578
f 3670/2259/1619 4285/2258/578 3672/2260/578 1192/2261/1619
f 1193/2262/1934 3677/2263/578 4286/2264/578 3678/2265/1935
f 3677/2263/578 1194/2266/1936 3679/2267/1937 4286/2264/578
f 4286/2264/561 3679/2267/1938 1195/2268/1939 3680/2269/1940
f 3678/2265/1941 4286/2264/561 3680/2269/1940 1196/2270/1942
f 1197/678/1618 3685/676/561 4287/2271/561 3686/2272/1618
f 3685/676/561 1198/675/1617 3687/2259/1617 4287/2271/561
f 4287/2271/578 3687/2259/1620 1199/2261/1620 3688/2273/578
f 3686/2272/1619 4287/2271/578 3688/2273/578 1200/2274/1619
f 1201/2275/1943 3693/2276/578 4288/2277/578 3694/2278/1944
f 3693/2276/578 1202/2279/1945 3695/2280/1946 4288/2277/578
f 4288/2277/561 3695/2280/1947 1203/2281/1948 3696/2282/1949
f 3694/2278/1950 4288/2277/561 3696/2282/1949 1204/2283/1951
f 1205/680/1618 3701/679/561 4289/2284/561 3702/2285/1618
f 3701/679/561 1206/678/1617 3703/2272/1617 4289/2284/561
f 4289/2284/578 3703/2272/1952 1207/2274/1952 3704/2286/578
f 3702/2285/1640 4289/2284/578 3704/2286/578 1208/2287/587
f 1209/2288/1953 3709/2289/578 4290/2290/578 3710/2291/1954
f 3709/2289/578 1210/2292/1955 3711/2293/1956 4290/2290/578
f 4290/2290/561 3711/2293/1957 1211/2294/1958 3712/2295/1959
f 3710/2291/1960 4290/2290/561 3712/2295/1959 1212/2296/1961
f 1213/682/1618 3717/681/561 4291/2297/561 3718/2298/1618
f 3717/681/561 1214/680/1617 3719/2285/1617 4291/2297/561
f 4291/2297/578 3719/2285/1630 1215/2287/1660 3720/2299/578
f 3718/2298/578 4291/2297/578 3720/2299/578 1216/2300/1689
f 1217/2301/1962 3725/2302/578 4292/2303/578 3726/2304/1963
f 3725/2302/578 1218/2305/1964 3727/2306/1965 4292/2303/578
f 4292/2303/561 3727/2306/1966 1219/2307/1967 3728/2308/1968
f 3726/2304/1969 4292/2303/561 3728/2308/1968 1220/2309/1970
f 1221/684/1618 3733/683/561 4293/2310/561 3734/2311/1618
f 3733/683/561 1222/682/1617 3735/2298/1617 4293/2310/561
f 4293/2310/578 3735/2298/578 1223/2300/1679 3736/2312/578
f 3734/2311/578 4293/2310/578 3736/2312/578 1224/2313/1689
f 1225/2314/1971 3741/2315/578 4294/2316/578 3742/2317/1972
f 3741/2315/578 1226/2318/1973 3743/2319/1974 4294/2316/578
f 4294/2316/561 3743/2319/1975 1227/2320/1976 3744/2321/1977
f 3742/2317/1978 4294/2316/561 3744/2321/1977 1228/2322/1979
f 1229/686/1618 3749/685/561 4295/2323/561 3750/2324/1618
f 3749/685/561 1230/684/1617 3751/2311/1617 4295/2323/561
f 4295/2323/578 3751/2311/578 1231/2313/1679 3752/2325/578
f 3750/2324/578 4295/2323/578 3752/2325/578 1232/2326/1689
f 1233/2327/1980 3757/2328/578 4296/2329/578 3758/2330/1981
f 3757/2328/578 1234/2331/1982 3759/2332/1983 4296/2329/578
f 4296/2329/561 3759/2332/1984 1235/2333/1985 3760/2334/1986
f 3758/2330/1987 4296/2329/561 3760/2334/1986 1236/2335/1988
f 1237/688/1618 3765/687/561 4297/2336/561 3766/2337/1618
f 3765/687/561 1238/686/1617 3767/2324/1617 4297/2336/561
f 4297/2336/578 3767/2324/578 1239/2326/1679 3768/2338/578
f 3766/2337/578 4297/2336/578 3768/2338/578 1240/2339/1689
f 1241/2340/1989 3773/2341/578 4298/2342/578 3774/2343/1990
f 3773/2341/578 1242/2344/1991 3775/2345/1992 4298/2342/578
f 4298/2342/561 3775/2345/1993 1243/2346/1994 3776/2347/1995
f 3774/2343/1996 4298/2342/561 3776/2347/1995 1244/2348/1997
f 1245/690/1618 3781/692/561 4299/2349/561 3782/2350/1618
f 3781/692/561 1246/688/1617 3783/2337/1617 4299/2349/561
f 4299/2349/578 3783/2337/578 1247/2339/1679 3784/2351/578
f 3782/2350/578 4299/2349/578 3784/2351/578 1248/2352/1700
f 1249/2353/1998 3789/2354/578 4300/2355/578 3790/2356/1999
f 3789/2354/578 1250/2357/2000 3791/2358/2001 4300/2355/578
f 4300/2355/561 3791/2358/2002 1251/2359/2003 3792/2360/2004
f 3790/2356/2005 4300/2355/561 3792/2360/2004 1252/2361/2006
f 1253/693/1618 3797/695/561 4301/2362/561 3798/2363/1618
f 3797/695/561 1254/690/1617 3799/2350/1617 4301/2362/561
f 4301/2362/578 3799/2350/578 1255/2352/1690 3800/2364/578
f 3798/2363/578 4301/2362/578 3800/2364/578 1256/2365/1700
f 1257/2366/2007 3805/2367/578 4302/2368/578 3806/2369/2008
f 3805/2367/578 1258/2370/2009 3807/2371/2010 4302/2368/578
f 4302/2368/561 3807/2371/2011 1259/2372/2012 3808/2373/2013
f 3806/2369/2014 4302/2368/561 3808/2373/2013 1260/2374/2015
f 1261/696/1618 3813/694/561 4303/2375/561 3814/2376/1618
f 3813/694/561 1262/693/1617 3815/2363/1617 4303/2375/561
f 4303/2375/578 3815/2363/578 1263/2365/1690 3816/2377/578
f 3814/2376/1640 4303/2375/578 3816/2377/578 1264/2378/1700
f 1265/2379/2016 3821/2380/578 4304/2381/578 3822/2382/2017
f 3821/2380/578 1266/2383/2018 3823/2384/2019 4304/2381/578
f 4304/2381/561 3823/2384/2020 1267/2385/2021 3824/2386/2022
f 3822/2382/2023 4304/2381/561 3824/2386/2022 1268/2387/2024
f 1269/698/1722 3829/697/561 4305/2388/561 3830/2389/1722
f 3829/697/561 1270/696/1617 3831/2376/1721 4305/2388/561
f 4305/2388/578 3831/2376/1743 1271/2378/975 3832/2390/578
f 3830/2389/1723 4305/2388/578 3832/2390/578 1272/2391/1723
f 1273/2392/2025 3837/2393/578 4306/2394/578 3838/2395/2026
f 3837/2393/578 1274/2396/2027 3839/2397/2028 4306/2394/578
f 4306/2394/561 3839/2397/2029 1275/2398/2030 3840/2399/2031
f 3838/2395/2032 4306/2394/561 3840/2399/2031 1276/2400/2033
f 1277/700/1618 3845/699/561 4307/2401/561 3846/2402/1722
f 3845/699/561 1278/698/1721 3847/2389/1721 4307/2401/561
f 4307/2401/578 3847/2389/1724 1279/2391/1724 3848/2403/578
f 3846/2402/625 4307/2401/578 3848/2403/578 1280/2404/2034
f 1281/2405/2035 3853/2406/578 4308/2407/578 3854/2408/2036
f 3853/2406/578 1282/2409/2037 3855/2410/2038 4308/2407/578
f 4308/2407/561 3855/2410/2039 1283/2411/2040 3856/2412/2041
f 3854/2408/2042 4308/2407/561 3856/2412/2041 1284/2413/2043
f 1285/702/1722 3861/701/561 4309/2414/561 3862/2415/1722
f 3861/701/561 1286/700/1721 3863/2402/1721 4309/2414/561
f 4309/2414/578 3863/2402/1743 1287/2404/909 3864/2416/578
f 3862/2415/625 4309/2414/578 3864/2416/578 1288/2417/1753
f 1289/2418/2044 3869/2419/578 4310/2420/578 3870/2421/2045
f 3869/2419/578 1290/2422/2046 3871/2423/2047 4310/2420/578
f 4310/2420/561 3871/2423/2048 1291/2424/2049 3872/2425/2050
f 3870/2421/2051 4310/2420/561 3872/2425/2050 1292/2426/2052
f 1293/704/1722 3877/703/561 4311/2427/561 3878/2428/1722
f 3877/703/561 1294/702/1721 3879/2415/1721 4311/2427/561
f 4311/2427/578 3879/2415/1743 1295/2417/906 3880/2429/578
f 3878/2428/2053 4311/2427/578 3880/2429/578 1296/2430/2053
f 1297/2431/2054 3885/2432/578 4312/2433/578 3886/2434/2055
f 3885/2432/578 1298/2435/2056 3887/2436/2057 4312/2433/578
f 4312/2433/561 3887/2436/2058 1299/2437/2059 3888/2438/2060
f 3886/2434/2061 4312/2433/561 3888/2438/2060 1300/2439/2062
f 1301/706/1722 3893/705/561 4313/2440/561 3894/2441/1722
f 3893/705/561 1302/704/1721 3895/2428/1721 4313/2440/561
f 4313/2440/578 3895/2428/1772 1303/2430/1772 3896/2442/578
f 3894/2441/2053 4313/2440/578 3896/2442/578 1304/2443/2053
f 1305/2444/2063 3901/2445/578 4314/2446/578 3902/2447/2064
f 3901/2445/578 1306/2448/2065 3903/2449/2066 4314/2446/578
f 4314/2446/561 3903/2449/2067 1307/2450/2068 3904/2451/2069
f 3902/2447/2070 4314/2446/561 3904/2451/2069 1308/2452/2071
f 1309/708/1722 3909/707/561 4315/2453/561 3910/2454/1722
f 3909/707/561 1310/706/1721 3911/2441/1721 4315/2453/561
f 4315/2453/578 3911/2441/1772 1311/2443/1772 3912/2455/578
f 3910/2454/2053 4315/2453/578 3912/2455/578 1312/2456/2053
f 1313/2457/2072 3917/2458/578 4316/2459/578 3918/2460/2073
f 3917/2458/578 1314/2461/2074 3919/2462/2075 4316/2459/578
f 4316/2459/561 3919/2462/2076 1315/2463/2077 3920/2464/2078
f 3918/2460/2079 4316/2459/561 3920/2464/2078 1316/2465/2080
f 1317/710/1502 3925/709/561 4317/2466/561 3926/2467/1502
f 3925/709/561 1318/708/1503 3927/2454/1503 4317/2466/561
f 4317/2466/578 3927/2454/2081 1319/2456/2081 3928/2468/578
f 3926/2467/1782 4317/2466/578 3928/2468/578 1320/2469/1782
f 1321/2470/2082 3933/2471/578 4318/2472/578 3934/2473/2083
f 3933/2471/578 1322/2474/2084 3935/2475/2085 4318/2472/578
f 4318/2472/561 3935/2475/2086 1323/2476/2087 3936/2477/2088
f 3934/2473/2089 4318/2472/561 3936/2477/2088 1324/2478/2090
f 1325/712/1502 3941/711/561 4319/2479/561 3942/2480/1502
f 3941/711/561 1326/710/1503 3943/2467/1503 4319/2479/561
f 4319/2479/578 3943/2467/2081 1327/2469/2081 3944/2481/578
f 3942/2480/1782 4319/2479/578 3944/2481/578 1328/2482/1782
f 1329/2483/2091 3949/2484/578 4320/2485/578 3950/2486/2092
f 3949/2484/578 1330/2487/2093 3951/2488/2094 4320/2485/578
f 4320/2485/561 3951/2488/2095 1331/2489/2096 3952/2490/2097
f 3950/2486/2098 4320/2485/561 3952/2490/2097 1332/2491/2099
f 1333/714/1502 3957/713/561 4321/2492/561 3958/2493/1502
f 3957/713/561 1334/712/1503 3959/2480/1503 4321/2492/561
f 4321/2492/578 3959/2480/2100 1335/2482/2100 3960/2494/578
f 3958/2493/2101 4321/2492/578 3960/2494/578 1336/2495/2101
f 1337/2496/2102 3965/2497/578 4322/2498/578 3966/2499/2103
f 3965/2497/578 1338/2500/2104 3967/2501/2105 4322/2498/578
f 4322/2498/561 3967/2501/2106 1339/2502/2107 3968/2503/2108
f 3966/2499/2109 4322/2498/561 3968/2503/2108 1340/2504/2110
f 1341/716/1502 3973/718/561 4323/2505/561 3974/2506/1502
f 3973/718/561 1342/714/1503 3975/2493/1503 4323/2505/561
f 4323/2505/578 3975/2493/2100 1343/2495/2100 3976/2507/578
f 3974/2506/2101 4323/2505/578 3976/2507/578 1344/2508/2101
f 1345/2509/2111 3981/2510/578 4324/2511/578 3982/2512/2112
f 3981/2510/578 1346/2513/2113 3983/2514/2114 4324/2511/578
f 4324/2511/561 3983/2514/2115 1347/2515/2116 3984/2516/2117
f 3982/2512/2118 4324/2511/561 3984/2516/2117 1348/2517/2119
f 1349/568/1502 3989/571/561 4325/2518/561 3990/1699/1502
f 3989/571/561 1350/716/1503 3991/2506/1503 4325/2518/561
f 4325/2518/578 3991/2506/2120 1351/2508/2120 3992/2519/578
f 3990/1699/1374 4325/2518/578 3992/2519/578 1352/1700/1819
f 1353/2520/2121 3997/2521/578 4326/2522/578 3998/2523/2122
f 3997/2521/578 1354/2524/2123 3999/2525/2124 4326/2522/578
f 4326/2522/561 3999/2525/2125 1355/2526/2126 4000/2527/2127
f 3998/2523/2128 4326/2522/561 4000/2527/2127 1356/2528/2129
f 4/2529/578 1806/2530/578 4327/2531/578 2125/2532/578
f 1806/2530/578 2/2533/578 2126/2534/578 4327/2531/578
f 4327/2531/561 2126/2534/561 386/380/561 2061/377/561
f 2125/2532/561 4327/2531/561 2061/377/561 385/376/561
f 2/2533/578 1932/2535/578 4328/2536/578 2126/2534/578
f 1932/2535/578 128/2537/578 2127/2538/578 4328/2536/578
f 4328/2536/561 2127/2538/561 387/383/561 2063/381/561
f 2126/2534/561 4328/2536/561 2063/381/561 386/380/561
f 128/2537/578 1930/2539/578 4329/2540/578 2127/2538/578
f 1930/2539/578 126/2541/578 2128/2542/578 4329/2540/578
f 4329/2540/561 2128/2542/561 388/386/561 2064/384/561
f 2127/2538/561 4329/2540/561 2064/384/561 387/383/561
f 126/2541/578 1928/2543/578 4330/2544/578 2128/2542/578
f 1928/2543/578 124/2545/578 2129/2546/578 4330/2544/578
f 4330/2544/561 2129/2546/561 389/388/561 2065/387/561
f 2128/2542/561 4330/2544/561 2065/387/561 388/386/561
f 124/2545/578 1926/2547/578 4331/2548/578 2129/2546/578
f 1926/2547/578 122/2549/578 2130/2550/578 4331/2548/578
f 4331/2548/561 2130/2550/561 390/391/561 2066/389/561
f 2129/2546/561 4331/2548/561 2066/389/561 389/388/561
f 122/2549/578 1924/2551/578 4332/2552/578 2130/2550/578
f 1924/2551/578 120/2553/578 2131/2554/578 4332/2552/578
f 4332/2552/561 2131/2554/561 391/393/561 2067/392/561
f 2130/2550/561 4332/2552/561 2067/392/561 390/391/561
f 120/2553/578 1922/2555/578 4333/2556/578 2131/2554/578
f 1922/2555/578 118/2557/578 2132/2558/578 4333/2556/578
f 4333/2556/561 2132/2558/561 392/396/561 2068/394/561
f 2131/2554/561 4333/2556/561 2068/394/561 391/393/561
f 118/2557/578 1920/2559/578 4334/2560/578 2132/2558/578
f 1920/2559/578 116/2561/578 2133/2562/578 4334/2560/578
f 4334/2560/561 2133/2562/561 393/399/561 2069/397/561
f 2132/2558/561 4334/2560/561 2069/397/561 392/396/561
f 116/2561/578 1918/2563/578 4335/2564/578 2133/2562/578
f 1918/2563/578 114/2565/578 2134/2566/578 4335/2564/578
f 4335/2564/561 2134/2566/561 394/402/561 2070/400/561
f 2133/2562/561 4335/2564/561 2070/400/561 393/399/561
f 114/2565/578 1916/2567/578 4336/2568/578 2134/2566/578
f 1916/2567/578 112/2569/578 2135/2570/578 4336/2568/578
f 4336/2568/561 2135/2570/561 395/405/561 2071/403/561
f 2134/2566/561 4336/2568/561 2071/403/561 394/402/561
f 112/2569/578 1914/2571/578 4337/2572/578 2135/2570/578
f 1914/2571/578 110/2573/578 2136/2574/578 4337/2572/578
f 4337/2572/561 2136/2574/561 396/408/561 2072/406/561
f 2135/2570/561 4337/2572/561 2072/406/561 395/405/561
f 110/2573/578 1912/2575/578 4338/2576/578 2136/2574/578
f 1912/2575/578 108/2577/578 2137/2578/578 4338/2576/578
f 4338/2576/561 2137/2578/561 397/411/561 2073/409/561
f 2136/2574/561 4338/2576/561 2073/409/561 396/408/561
f 108/2577/578 1910/2579/578 4339/2580/578 2137/2578/578
f 1910/2579/578 106/2581/578 2138/2582/578 4339/2580/578
f 4339/2580/561 2138/2582/561 398/414/561 2074/412/561
f 2137/2578/561 4339/2580/561 2074/412/561 397/411/561
f 106/2581/578 1908/2583/578 4340/2584/578 2138/2582/578
f 1908/2583/578 104/2585/578 2139/2586/578 4340/2584/578
f 4340/2584/561 2139/2586/561 399/417/561 2075/415/561
f 2138/2582/561 4340/2584/561 2075/415/561 398/414/561
f 104/2585/578 1906/2587/578 4341/2588/578 2139/2586/578
f 1906/2587/578 102/2589/578 2140/2590/578 4341/2588/578
f 4341/2588/561 2140/2590/561 400/420/561 2076/418/561
f 2139/2586/561 4341/2588/561 2076/418/561 399/417/561
f 102/2589/578 1904/2591/578 4342/2592/578 2140/2590/578
f 1904/2591/578 100/2593/578 2141/2594/578 4342/2592/578
f 4342/2592/561 2141/2594/561 401/423/561 2077/421/561
f 2140/2590/561 4342/2592/561 2077/421/561 400/420/561
f 100/2593/578 1902/2595/578 4343/2596/578 2141/2594/578
f 1902/2595/578 98/2597/578 2142/2598/578 4343/2596/578
f 4343/2596/561 2142/2598/561 402/426/561 2078/424/561
f 2141/2594/561 4343/2596/561 2078/424/561 401/423/561
f 98/2597/578 1900/2599/578 4344/2600/578 2142/2598/578
f 1900/2599/578 96/2601/578 2143/2602/578 4344/2600/578
f 4344/2600/561 2143/2602/561 403/428/561 2079/427/561
f 2142/2598/561 4344/2600/561 2079/427/561 402/426/561
f 96/2601/578 1898/2603/578 4345/2604/578 2143/2602/578
f 1898/2603/578 94/2605/578 2144/2606/578 4345/2604/578
f 4345/2604/561 2144/2606/561 404/431/561 2080/429/561
f 2143/2602/561 4345/2604/561 2080/429/561 403/428/561
f 94/2605/578 1896/2607/578 4346/2608/578 2144/2606/578
f 1896/2607/578 92/2609/578 2145/2610/578 4346/2608/578
f 4346/2608/561 2145/2610/561 405/433/561 2081/432/561
f 2144/2606/561 4346/2608/561 2081/432/561 404/431/561
f 92/2609/578 1894/2611/578 4347/2612/578 2145/2610/578
f 1894/2611/578 90/2613/578 2146/2614/578 4347/2612/578
f 4347/2612/561 2146/2614/561 406/436/561 2082/434/561
f 2145/2610/561 4347/2612/561 2082/434/561 405/433/561
f 90/2613/578 1892/2615/578 4348/2616/578 2146/2614/578
f 1892/2615/578 88/2617/578 2147/2618/578 4348/2616/578
f 4348/2616/561 2147/2618/561 407/439/561 2083/437/561
f 2146/2614/561 4348/2616/561 2083/437/561 406/436/561
f 88/2617/578 1890/2619/578 4349/2620/578 2147/2618/578
f 1890/2619/578 86/2621/578 2148/2622/578 4349/2620/578
f 4349/2620/561 2148/2622/561 408/442/561 2084/440/561
f 2147/2618/561 4349/2620/561 2084/440/561 407/439/561
f 86/2621/578 1888/2623/578 4350/2624/578 2148/2622/578
f 1888/2623/578 84/2625/578 2149/2626/578 4350/2624/578
f 4350/2624/561 2149/2626/561 409/444/561 2085/443/561
f 2148/2622/561 4350/2624/561 2085/443/561 408/442/561
f 84/2625/578 1886/2627/578 4351/2628/578 2149/2626/578
f 1886/2627/578 82/2629/578 2150/2630/578 4351/2628/578
f 4351/2628/561 2150/2630/561 410/447/561 2086/445/561
f 2149/2626/561 4351/2628/561 2086/445/561 409/444/561
f 82/2629/578 1884/2631/578 4352/2632/578 2150/2630/578
f 1884/2631/578 80/2633/578 2151/2634/578 4352/2632/578
f 4352/2632/561 2151/2634/561 411/450/561 2087/448/561
f 2150/2630/561 4352/2632/561 2087/448/561 410/447/561
f 80/2633/578 1882/2635/578 4353/2636/578 2151/2634/578
f 1882/2635/578 78/2637/578 2152/2638/578 4353/2636/578
f 4353/2636/561 2152/2638/561 412/453/561 2088/451/561
f 2151/2634/561 4353/2636/561 2088/451/561 411/450/561
f 78/2637/578 1880/2639/578 4354/2640/578 2152/2638/578
f 1880/2639/578 76/2641/578 2153/2642/578 4354/2640/578
f 4354/2640/561 2153/2642/561 413/456/561 2089/454/561
f 2152/2638/561 4354/2640/561 2089/454/561 412/453/561
f 76/2641/578 1878/2643/578 4355/2644/578 2153/2642/578
f 1878/2643/578 74/2645/578 2154/2646/578 4355/2644/578
f 4355/2644/561 2154/2646/561 414/459/561 2090/457/561
f 2153/2642/561 4355/2644/561 2090/457/561 413/456/561
f 74/2645/578 1876/2647/578 4356/2648/578 2154/2646/578
f 1876/2647/578 72/2649/578 2155/2650/578 4356/2648/578
f 4356/2648/561 2155/2650/561 415/462/561 2091/460/561
f 2154/2646/561 4356/2648/561 2091/460/561 414/459/561
f 72/2649/578 1874/2651/578 4357/2652/578 2155/2650/578
f 1874/2651/578 70/2653/578 2156/2654/578 4357/2652/578
f 4357/2652/561 2156/2654/561 416/465/561 2092/463/561
f 2155/2650/561 4357/2652/561 2092/463/561 415/462/561
f 70/2653/578 1872/2655/578 4358/2656/578 2156/2654/578
f 1872/2655/578 68/2657/578 2157/2658/578 4358/2656/578
f 4358/2656/561 2157/2658/561 417/467/561 2093/466/561
f 2156/2654/561 4358/2656/561 2093/466/561 416/465/561
f 68/2657/578 1870/2659/578 4359/2660/578 2157/2658/578
f 1870/2659/578 66/2661/578 2158/2662/578 4359/2660/578
f 4359/2660/561 2158/2662/561 418/470/561 2094/468/561
f 2157/2658/561 4359/2660/561 2094/468/561 417/467/561
f 66/2661/578 1868/2663/578 4360/2664/578 2158/2662/578
f 1868/2663/578 64/2665/578 2159/2666/578 4360/2664/578
f 4360/2664/561 2159/2666/561 419/473/561 2095/471/561
f 2158/2662/561 4360/2664/561 2095/471/561 418/470/561
f 64/2665/578 1866/2667/578 4361/2668/578 2159/2666/578
f 1866/2667/578 62/2669/578 2160/2670/578 4361/2668/578
f 4361/2668/561 2160/2670/561 420/475/561 2096/474/561
f 2159/2666/561 4361/2668/561 2096/474/561 419/473/561
f 62/2669/578 1864/2671/578 4362/2672/578 2160/2670/578
f 1864/2671/578 60/2673/578 2161/2674/578 4362/2672/578
f 4362/2672/561 2161/2674/561 421/478/561 2097/476/561
f 2160/2670/561 4362/2672/561 2097/476/561 420/475/561
f 60/2673/578 1862/2675/578 4363/2676/578 2161/2674/578
f 1862/2675/578 58/2677/578 2162/2678/578 4363/2676/578
f 4363/2676/561 2162/2678/561 422/481/561 2098/479/561
f 2161/2674/561 4363/2676/561 2098/479/561 421/478/561
f 58/2677/578 1860/2679/578 4364/2680/578 2162/2678/578
f 1860/2679/578 56/2681/578 2163/2682/578 4364/2680/578
f 4364/2680/561 2163/2682/561 423/484/561 2099/482/561
f 2162/2678/561 4364/2680/561 2099/482/561 422/481/561
f 56/2681/578 1858/2683/578 4365/2684/578 2163/2682/578
f 1858/2683/578 54/2685/578 2164/2686/578 4365/2684/578
f 4365/2684/561 2164/2686/561 424/487/561 2100/485/561
f 2163/2682/561 4365/2684/561 2100/485/561 423/484/561
f 54/2685/578 1856/2687/578 4366/2688/578 2164/2686/578
f 1856/2687/578 52/2689/578 2165/2690/578 4366/2688/578
f 4366/2688/561 2165/2690/561 425/489/561 2101/488/561
f 2164/2686/561 4366/2688/561 2101/488/561 424/487/561
f 52/2689/578 1854/2691/578 4367/2692/578 2165/2690/578
f 1854/2691/578 50/2693/578 2166/2694/578 4367/2692/578
f 4367/2692/561 2166/2694/561 426/492/561 2102/490/561
f 2165/2690/561 4367/2692/561 2102/490/561 425/489/561
f 50/2693/578 1852/2695/578 4368/2696/578 2166/2694/578
f 1852/2695/578 48/2697/578 2167/2698/578 4368/2696/578
f 4368/2696/561 2167/2698/561 427/495/561 2103/493/561
f 2166/2694/561 4368/2696/561 2103/493/561 426/492/561
f 48/2697/578 1850/2699/578 4369/2700/578 2167/2698/578
f 1850/2699/578 46/2701/578 2168/2702/578 4369/2700/578
f 4369/2700/561 2168/2702/561 428/498/561 2104/496/561
f 2167/2698/561 4369/2700/561 2104/496/561 427/495/561
f 46/2701/578 1848/2703/578 4370/2704/578 2168/2702/578
f 1848/2703/578 44/2705/578 2169/2706/578 4370/2704/578
f 4370/2704/561 2169/2706/561 429/501/561 2105/499/561
f 2168/2702/561 4370/2704/561 2105/499/561 428/498/561
f 44/2705/578 1846/2707/578 4371/2708/578 2169/2706/578
f 1846/2707/578 42/2709/578 2170/2710/578 4371/2708/578
f 4371/2708/561 2170/2710/561 430/503/561 2106/502/561
f 2169/2706/561 4371/2708/561 2106/502/561 429/501/561
f 42/2709/578 1844/2711/578 4372/2712/578 2170/2710/578
f 1844/2711/578 40/2713/578 2171/2714/578 4372/2712/578
f 4372/2712/561 2171/2714/561 431/506/561 2107/504/561
f 2170/2710/561 4372/2712/561 2107/504/561 430/503/561
f 40/2713/578 1842/2715/578 4373/2716/578 2171/2714/578
f 1842/2715/578 38/2717/578 2172/2718/578 4373/2716/578
f 4373/2716/561 2172/2718/561 432/508/561 2108/507/561
f 2171/2714/561 4373/2716/561 2108/507/561 431/506/561
f 38/2717/578 1840/2719/578 4374/2720/578 2172/2718/578
f 1840/2719/578 36/2721/578 2173/2722/578 4374/2720/578
f 4374/2720/561 2173/2722/561 433/511/561 2109/509/561
f 2172/2718/561 4374/2720/561 2109/509/561 432/508/561
f 36/2721/578 1838/2723/578 4375/2724/578 2173/2722/578
f 1838/2723/578 34/2725/578 2174/2726/578 4375/2724/578
f 4375/2724/561 2174/2726/561 434/513/561 2110/512/561
f 2173/2722/561 4375/2724/561 2110/512/561 433/511/561
f 34/2725/578 1836/2727/578 4376/2728/578 2174/2726/578
f 1836/2727/578 32/2729/578 2175/2730/578 4376/2728/578
f 4376/2728/561 2175/2730/561 435/516/561 2111/514/561
f 2174/2726/561 4376/2728/561 2111/514/561 434/513/561
f 32/2729/578 1834/2731/578 4377/2732/578 2175/2730/578
f 1834/2731/578 30/2733/578 2176/2734/578 4377/2732/578
f 4377/2732/561 2176/2734/561 436/518/561 2112/517/561
f 2175/2730/561 4377/2732/561 2112/517/561 435/516/561
f 30/2733/578 1832/2735/578 4378/2736/578 2176/2734/578
f 1832/2735/578 28/2737/578 2177/2738/578 4378/2736/578
f 4378/2736/561 2177/2738/561 437/521/561 2113/519/561
f 2176/2734/561 4378/2736/561 2113/519/561 436/518/561
f 28/2737/578 1830/2739/578 4379/2740/578 2177/2738/578
f 1830/2739/578 26/2741/578 2178/2742/578 4379/2740/578
f 4379/2740/561 2178/2742/561 438/524/561 2114/522/561
f 2177/2738/561 4379/2740/561 2114/522/561 437/521/561
f 26/2741/578 1828/2743/578 4380/2744/578 2178/2742/578
f 1828/2743/578 24/2745/578 2179/2746/578 4380/2744/578
f 4380/2744/561 2179/2746/561 439/527/561 2115/525/561
f 2178/2742/561 4380/2744/561 2115/525/561 438/524/561
f 24/2745/578 1826/2747/578 4381/2748/578 2179/2746/578
f 1826/2747/578 22/2749/578 2180/2750/578 4381/2748/578
f 4381/2748/561 2180/2750/561 440/530/561 2116/528/561
f 2179/2746/561 4381/2748/561 2116/528/561 439/527/561
f 22/2749/578 1824/2751/578 4382/2752/578 2180/2750/578
f 1824/2751/578 20/2753/578 2181/2754/578 4382/2752/578
f 4382/2752/561 2181/2754/561 441/533/561 2117/531/561
f 2180/2750/561 4382/2752/561 2117/531/561 440/530/561
f 20/2753/578 1822/2755/578 4383/2756/578 2181/2754/578
f 1822/2755/578 18/2757/578 2182/2758/578 4383/2756/578
f 4383/2756/561 2182/2758/561 442/536/561 2118/534/561
f 2181/2754/561 4383/2756/561 2118/534/561 441/533/561
f 18/2757/578 1820/2759/578 4384/2760/578 2182/2758/578
f 1820/2759/578 16/2761/578 2183/2762/578 4384/2760/578
f 4384/2760/561 2183/2762/561 443/539/561 2119/537/561
f 2182/2758/561 4384/2760/561 2119/537/561 442/536/561
f 16/2761/578 1818/2763/578 4385/2764/578 2183/2762/578
f 1818/2763/578 14/2765/578 2184/2766/578 4385/2764/578
f 4385/2764/561 2184/2766/561 444/542/561 2120/540/561
f 2183/2762/561 4385/2764/561 2120/540/561 443/539/561
f 14/2765/578 1816/2767/578 4386/2768/578 2184/2766/578
f 1816/2767/578 12/2769/578 2185/2770/578 4386/2768/578
f 4386/2768/561 2185/2770/561 445/545/561 2121/543/561
f 2184/2766/561 4386/2768/561 2121/543/561 444/542/561
f 12/2769/578 1814/2771/578 4387/2772/578 2185/2770/578
f 1814/2771/578 10/2773/578 2186/2774/578 4387/2772/578
f 4387/2772/561 2186/2774/561 446/548/561 2122/546/561
f 2185/2770/561 4387/2772/561 2122/546/561 445/545/561
f 10/2773/578 1812/2775/578 4388/2776/578 2186/2774/578
f 1812/2775/578 8/2777/578 2187/2778/578 4388/2776/578
f 4388/2776/561 2187/2778/561 447/551/561 2123/549/561
f 2186/2774/561 4388/2776/561 2123/549/561 446/548/561
f 8/2777/578 1810/2779/578 4389/2780/578 2187/2778/578
f 1810/2779/578 6/2781/578 2188/2782/578 4389/2780/578
f 4389/2780/561 2188/2782/561 448/554/561 2124/552/561
f 2187/2778/561 4389/2780/561 2124/552/561 447/551/561
f 6/2781/578 1808/2783/578 4390/2784/578 2188/2782/578
f 1808/2783/578 4/2529/578 2125/2532/578 4390/2784/578
f 4390/2784/561 2125/2532/561 385/376/561 2062/555/561
f 2188/2782/561 4390/2784/561 2062/555/561 448/554/561
f 1/2785/561 1805/2786/561 4391/2787/561 2253/2788/561
f 1805/2786/561 3/2789/561 2254/2790/561 4391/2787/561
f 4391/2787/578 2254/2790/578 450/2791/578 2189/569/578
f 2253/2788/578 4391/2787/578 2189/569/578 449/2792/578
f 3/2789/561 1807/2793/561 4392/2794/561 2254/2790/561
f 1807/2793/561 5/2795/561 2255/2796/561 4392/2794/561
f 4392/2794/578 2255/2796/578 451/2797/578 2191/573/578
f 2254/2790/578 4392/2794/578 2191/573/578 450/2791/578
f 5/2795/561 1809/2798/561 4393/2799/561 2255/2796/561
f 1809/2798/561 7/2800/561 2256/2801/561 4393/2799/561
f 4393/2799/578 2256/2801/578 452/2802/578 2192/576/578
f 2255/2796/578 4393/2799/578 2192/576/578 451/2797/578
f 7/2800/561 1811/2803/561 4394/2804/561 2256/2801/561
f 1811/2803/561 9/2805/561 2257/2806/561 4394/2804/561
f 4394/2804/578 2257/2806/578 453/2807/578 2193/579/578
f 2256/2801/578 4394/2804/578 2193/579/578 452/2802/578
f 9/2805/561 1813/2808/561 4395/2809/561 2257/2806/561
f 1813/2808/561 11/2810/561 2258/2811/561 4395/2809/561
f 4395/2809/578 2258/2811/578 454/2812/578 2194/581/578
f 2257/2806/578 4395/2809/578 2194/581/578 453/2807/578
f 11/2810/561 1815/2813/561 4396/2814/561 2258/2811/561
f 1815/2813/561 13/2815/561 2259/2816/561 4396/2814/561
f 4396/2814/578 2259/2816/578 455/2817/578 2195/583/578
f 2258/2811/578 4396/2814/578 2195/583/578 454/2812/578
f 13/2815/561 1817/2818/561 4397/2819/561 2259/2816/561
f 1817/2818/561 15/2820/561 2260/2821/561 4397/2819/561
f 4397/2819/578 2260/2821/578 456/2822/578 2196/586/578
f 2259/2816/578 4397/2819/578 2196/586/578 455/2817/578
f 15/2820/561 1819/2823/561 4398/2824/561 2260/2821/561
f 1819/2823/561 17/2825/561 2261/2826/561 4398/2824/561
f 4398/2824/578 2261/2826/578 457/2827/578 2197/588/578
f 2260/2821/578 4398/2824/578 2197/588/578 456/2822/578
f 17/2825/561 1821/2828/561 4399/2829/561 2261/2826/561
f 1821/2828/561 19/2830/561 2262/2831/561 4399/2829/561
f 4399/2829/578 2262/2831/578 458/2832/578 2198/590/578
f 2261/2826/578 4399/2829/578 2198/590/578 457/2827/578
f 19/2830/561 1823/2833/561 4400/2834/561 2262/2831/561
f 1823/2833/561 21/2835/561 2263/2836/561 4400/2834/561
f 4400/2834/578 2263/2836/578 459/2837/578 2199/593/578
f 2262/2831/578 4400/2834/578 2199/593/578 458/2832/578
f 21/2835/561 1825/2838/561 4401/2839/561 2263/2836/561
f 1825/2838/561 23/2840/561 2264/2841/561 4401/2839/561
f 4401/2839/578 2264/2841/578 460/2842/578 2200/596/578
f 2263/2836/578 4401/2839/578 2200/596/578 459/2837/578
f 23/2840/561 1827/2843/561 4402/2844/561 2264/2841/561
f 1827/2843/561 25/2845/561 2265/2846/561 4402/2844/561
f 4402/2844/578 2265/2846/578 461/2847/578 2201/598/578
f 2264/2841/578 4402/2844/578 2201/598/578 460/2842/578
f 25/2845/561 1829/2848/561 4403/2849/561 2265/2846/561
f 1829/2848/561 27/2850/561 2266/2851/561 4403/2849/561
f 4403/2849/578 2266/2851/578 462/2852/578 2202/600/578
f 2265/2846/578 4403/2849/578 2202/600/578 461/2847/578
f 27/2850/561 1831/2853/561 4404/2854/561 2266/2851/561
f 1831/2853/561 29/2855/561 2267/2856/561 4404/2854/561
f 4404/2854/578 2267/2856/578 463/2857/578 2203/602/578
f 2266/2851/578 4404/2854/578 2203/602/578 462/2852/578
f 29/2855/561 1833/2858/561 4405/2859/561 2267/2856/561
f 1833/2858/561 31/2860/561 2268/2861/561 4405/2859/561
f 4405/2859/578 2268/2861/578 464/2862/578 2204/604/578
f 2267/2856/578 4405/2859/578 2204/604/578 463/2857/578
f 31/2860/561 1835/2863/561 4406/2864/561 2268/2861/561
f 1835/2863/561 33/2865/561 2269/2866/561 4406/2864/561
f 4406/2864/578 2269/2866/578 465/2867/578 2205/607/578
f 2268/2861/578 4406/2864/578 2205/607/578 464/2862/578
f 33/2865/561 1837/2868/561 4407/2869/561 2269/2866/561
f 1837/2868/561 35/2870/561 2270/2871/561 4407/2869/561
f 4407/2869/578 2270/2871/578 466/2872/578 2206/609/578
f 2269/2866/578 4407/2869/578 2206/609/578 465/2867/578
f 35/2870/561 1839/2873/561 4408/2874/561 2270/2871/561
f 1839/2873/561 37/2875/561 2271/2876/561 4408/2874/561
f 4408/2874/578 2271/2876/578 467/2877/578 2207/611/578
f 2270/2871/578 4408/2874/578 2207/611/578 466/2872/578
f 37/2875/561 1841/2878/561 4409/2879/561 2271/2876/561
f 1841/2878/561 39/2880/561 2272/2881/561 4409/2879/561
f 4409/2879/578 2272/2881/578 468/2882/578 2208/613/578
f 2271/2876/578 4409/2879/578 2208/613/578 467/2877/578
f 39/2880/561 1843/2883/561 4410/2884/561 2272/2881/561
f 1843/2883/561 41/2885/561 2273/2886/561 4410/2884/561
f 4410/2884/578 2273/2886/578 469/2887/578 2209/615/578
f 2272/2881/578 4410/2884/578 2209/615/578 468/2882/578
f 41/2885/561 1845/2888/561 4411/2889/561 2273/2886/561
f 1845/2888/561 43/2890/561 2274/2891/561 4411/2889/561
f 4411/2889/578 2274/2891/578 470/2892/578 2210/617/578
f 2273/2886/578 4411/2889/578 2210/617/578 469/2887/578
f 43/2890/561 1847/2893/561 4412/2894/561 2274/2891/561
f 1847/2893/561 45/2895/561 2275/2896/561 4412/2894/561
f 4412/2894/578 2275/2896/578 471/2897/578 2211/620/578
f 2274/2891/578 4412/2894/578 2211/620/578 470/2892/578
f 45/2895/561 1849/2898/561 4413/2899/561 2275/2896/561
f 1849/2898/561 47/2900/561 2276/2901/561 4413/2899/561
f 4413/2899/578 2276/2901/578 472/2902/578 2212/623/578
f 2275/2896/578 4413/2899/578 2212/623/578 471/2897/578
f 47/2900/561 1851/2903/561 4414/2904/561 2276/2901/561
f 1851/2903/561 49/2905/561 2277/2906/561 4414/2904/561
f 4414/2904/578 2277/2906/578 473/2907/578 2213/626/578
f 2276/2901/578 4414/2904/578 2213/626/578 472/2902/578
f 49/2905/561 1853/2908/561 4415/2909/561 2277/2906/561
f 1853/2908/561 51/2910/561 2278/2911/561 4415/2909/561
f 4415/2909/578 2278/2911/578 474/2912/578 2214/628/578
f 2277/2906/578 4415/2909/578 2214/628/578 473/2907/578
f 51/2910/561 1855/2913/561 4416/2914/561 2278/2911/561
f 1855/2913/561 53/2915/561 2279/2916/561 4416/2914/561
f 4416/2914/578 2279/2916/578 475/2917/578 2215/630/578
f 2278/2911/578 4416/2914/578 2215/630/578 474/2912/578
f 53/2915/561 1857/2918/561 4417/2919/561 2279/2916/561
f 1857/2918/561 55/2920/561 2280/2921/561 4417/2919/561
f 4417/2919/578 2280/2921/578 476/2922/578 2216/632/578
f 2279/2916/578 4417/2919/578 2216/632/578 475/2917/578
f 55/2920/561 1859/2923/561 4418/2924/561 2280/2921/561
f 1859/2923/561 57/2925/561 2281/2926/561 4418/2924/561
f 4418/2924/578 2281/2926/578 477/2927/578 2217/635/578
f 2280/2921/578 4418/2924/578 2217/635/578 476/2922/578
f 57/2925/561 1861/2928/561 4419/2929/561 2281/2926/561
f 1861/2928/561 59/2930/561 2282/2931/561 4419/2929/561
f 4419/2929/578 2282/2931/578 478/2932/578 2218/637/578
f 2281/2926/578 4419/2929/578 2218/637/578 477/2927/578
f 59/2930/561 1863/2933/561 4420/2934/561 2282/2931/561
f 1863/2933/561 61/2935/561 2283/2936/561 4420/2934/561
f 4420/2934/578 2283/2936/578 479/2937/578 2219/639/578
f 2282/2931/578 4420/2934/578 2219/639/578 478/2932/578
f 61/2935/561 1865/2938/561 4421/2939/561 2283/2936/561
f 1865/2938/561 63/2940/561 2284/2941/561 4421/2939/561
f 4421/2939/578 2284/2941/578 480/2942/578 2220/641/578
f 2283/2936/578 4421/2939/578 2220/641/578 479/2937/578
f 63/2940/561 1867/2943/561 4422/2944/561 2284/2941/561
f 1867/2943/561 65/2945/561 2285/2946/561 4422/2944/561
f 4422/2944/578 2285/2946/578 481/2947/578 2221/644/578
f 2284/2941/578 4422/2944/578 2221/644/578 480/2942/578
f 65/2945/561 1869/2948/561 4423/2949/561 2285/2946/561
f 1869/2948/561 67/2950/561 2286/2951/561 4423/2949/561
f 4423/2949/578 2286/2951/578 482/2952/578 2222/647/578
f 2285/2946/578 4423/2949/578 2222/647/578 481/2947/578
f 67/2950/561 1871/2953/561 4424/2954/561 2286/2951/561
f 1871/2953/561 69/2955/561 2287/2956/561 4424/2954/561
f 4424/2954/578 2287/2956/578 483/2957/578 2223/650/578
f 2286/2951/578 4424/2954/578 2223/650/578 482/2952/578
f 69/2955/561 1873/2958/561 4425/2959/561 2287/2956/561
f 1873/2958/561 71/2960/561 2288/2961/561 4425/2959/561
f 4425/2959/578 2288/2961/578 484/2962/578 2224/653/578
f 2287/2956/578 4425/2959/578 2224/653/578 483/2957/578
f 71/2960/561 1875/2963/561 4426/2964/561 2288/2961/561
f 1875/2963/561 73/2965/561 2289/2966/561 4426/2964/561
f 4426/2964/578 2289/2966/578 485/2967/578 2225/655/578
f 2288/2961/578 4426/2964/578 2225/655/578 484/2962/578
f 73/2965/561 1877/2968/561 4427/2969/561 2289/2966/561
f 1877/2968/561 75/2970/561 2290/2971/561 4427/2969/561
f 4427/2969/578 2290/2971/578 486/2972/578 2226/657/578
f 2289/2966/578 4427/2969/578 2226/657/578 485/2967/578
f 75/2970/561 1879/2973/561 4428/2974/561 2290/2971/561
f 1879/2973/561 77/2975/561 2291/2976/561 4428/2974/561
f 4428/2974/578 2291/2976/578 487/2977/578 2227/659/578
f 2290/2971/578 4428/2974/578 2227/659/578 486/2972/578
f 77/2975/561 1881/2978/561 4429/2979/561 2291/2976/561
f 1881/2978/561 79/2980/561 2292/2981/561 4429/2979/561
f 4429/2979/578 2292/2981/578 488/2982/578 2228/661/578
f 2291/2976/578 4429/2979/578 2228/661/578 487/2977/578
f 79/2980/561 1883/2983/561 4430/2984/561 2292/2981/561
f 1883/2983/561 81/2985/561 2293/2986/561 4430/2984/561
f 4430/2984/578 2293/2986/578 489/2987/578 2229/663/578
f 2292/2981/578 4430/2984/578 2229/663/578 488/2982/578
f 81/2985/561 1885/2988/561 4431/2989/561 2293/2986/561
f 1885/2988/561 83/2990/561 2294/2991/561 4431/2989/561
f 4431/2989/578 2294/2991/578 490/2992/578 2230/665/578
f 2293/2986/578 4431/2989/578 2230/665/578 489/2987/578
f 83/2990/561 1887/2993/561 4432/2994/561 2294/2991/561
f 1887/2993/561 85/2995/561 2295/2996/561 4432/2994/561
f 4432/2994/578 2295/2996/578 491/2997/578 2231/668/578
f 2294/2991/578 4432/2994/578 2231/668/578 490/2992/578
f 85/2995/561 1889/2998/561 4433/2999/561 2295/2996/561
f 1889/2998/561 87/3000/561 2296/3001/561 4433/2999/561
f 4433/2999/578 2296/3001/578 492/3002/578 2232/670/578
f 2295/2996/578 4433/2999/578 2232/670/578 491/2997/578
f 87/3000/561 1891/3003/561 4434/3004/561 2296/3001/561
f 1891/3003/561 89/3005/561 2297/3006/561 4434/3004/561
f 4434/3004/578 2297/3006/578 493/3007/578 2233/673/578
f 2296/3001/578 4434/3004/578 2233/673/578 492/3002/578
f 89/3005/561 1893/3008/561 4435/3009/561 2297/3006/561
f 1893/3008/561 91/3010/561 2298/3011/561 4435/3009/561
f 4435/3009/578 2298/3011/578 494/3012/578 2234/676/578
f 2297/3006/578 4435/3009/578 2234/676/578 493/3007/578
f 91/3010/561 1895/3013/561 4436/3014/561 2298/3011/561
f 1895/3013/561 93/3015/561 2299/3016/561 4436/3014/561
f 4436/3014/578 2299/3016/578 495/3017/578 2235/679/578
f 2298/3011/578 4436/3014/578 2235/679/578 494/3012/578
f 93/3015/561 1897/3018/561 4437/3019/561 2299/3016/561
f 1897/3018/561 95/3020/561 2300/3021/561 4437/3019/561
f 4437/3019/578 2300/3021/578 496/3022/578 2236/681/578
f 2299/3016/578 4437/3019/578 2236/681/578 495/3017/578
f 95/3020/561 1899/3023/561 4438/3024/561 2300/3021/561
f 1899/3023/561 97/3025/561 2301/3026/561 4438/3024/561
f 4438/3024/578 2301/3026/578 497/3027/578 2237/683/578
f 2300/3021/578 4438/3024/578 2237/683/578 496/3022/578
f 97/3025/561 1901/3028/561 4439/3029/561 2301/3026/561
f 1901/3028/561 99/3030/561 2302/3031/561 4439/3029/561
f 4439/3029/578 2302/3031/578 498/3032/578 2238/685/578
f 2301/3026/578 4439/3029/578 2238/685/578 497/3027/578
f 99/3030/561 1903/3033/561 4440/3034/561 2302/3031/561
f 1903/3033/561 101/3035/561 2303/3036/561 4440/3034/561
f 4440/3034/578 2303/3036/578 499/3037/578 2239/687/578
f 2302/3031/578 4440/3034/578 2239/687/578 498/3032/578
f 101/3035/561 1905/3038/561 4441/3039/561 2303/3036/561
f 1905/3038/561 103/3040/561 2304/3041/561 4441/3039/561
f 4441/3039/578 2304/3041/578 500/3042/578 2240/689/578
f 2303/3036/578 4441/3039/578 2240/689/578 499/3037/578
f 103/3040/561 1907/3043/561 4442/3044/561 2304/3041/561
f 1907/3043/561 105/3045/561 2305/3046/561 4442/3044/561
f 4442/3044/578 2305/3046/578 501/3047/578 2241/691/578
f 2304/3041/578 4442/3044/578 2241/691/578 500/3042/578
f 105/3045/561 1909/3048/561 4443/3049/561 2305/3046/561
f 1909/3048/561 107/3050/561 2306/3051/561 4443/3049/561
f 4443/3049/578 2306/3051/578 502/3052/578 2242/694/578
f 2305/3046/578 4443/3049/578 2242/694/578 501/3047/578
f 107/3050/561 1911/3053/561 4444/3054/561 2306/3051/561
f 1911/3053/561 109/3055/561 2307/3056/561 4444/3054/561
f 4444/3054/578 2307/3056/578 503/3057/578 2243/697/578
f 2306/3051/578 4444/3054/578 2243/697/578 502/3052/578
f 109/3055/561 1913/3058/561 4445/3059/561 2307/3056/561
f 1913/3058/561 111/3060/561 2308/3061/561 4445/3059/561
f 4445/3059/578 2308/3061/578 504/3062/578 2244/699/578
f 2307/3056/578 4445/3059/578 2244/699/578 503/3057/578
f 111/3060/561 1915/3063/561 4446/3064/561 2308/3061/561
f 1915/3063/561 113/3065/561 2309/3066/561 4446/3064/561
f 4446/3064/578 2309/3066/578 505/3067/578 2245/701/578
f 2308/3061/578 4446/3064/578 2245/701/578 504/3062/578
f 113/3065/561 1917/3068/561 4447/3069/561 2309/3066/561
f 1917/3068/561 115/3070/561 2310/3071/561 4447/3069/561
f 4447/3069/578 2310/3071/578 506/3072/578 2246/703/578
f 2309/3066/578 4447/3069/578 2246/703/578 505/3067/578
f 115/3070/561 1919/3073/561 4448/3074/561 2310/3071/561
f 1919/3073/561 117/3075/561 2311/3076/561 4448/3074/561
f 4448/3074/578 2311/3076/578 507/3077/578 2247/705/578
f 2310/3071/578 4448/3074/578 2247/705/578 506/3072/578
f 117/3075/561 1921/3078/561 4449/3079/561 2311/3076/561
f 1921/3078/561 119/3080/561 2312/3081/561 4449/3079/561
f 4449/3079/578 2312/3081/578 508/3082/578 2248/707/578
f 2311/3076/578 4449/3079/578 2248/707/578 507/3077/578
f 119/3080/561 1923/3083/561 4450/3084/561 2312/3081/561
f 1923/3083/561 121/3085/561 2313/3086/561 4450/3084/561
f 4450/3084/578 2313/3086/578 509/3087/578 2249/709/578
f 2312/3081/578 4450/3084/578 2249/709/578 508/3082/578
f 121/3085/561 1925/3088/561 4451/3089/561 2313/3086/561
f 1925/3088/561 123/3090/561 2314/3091/561 4451/3089/561
f 4451/3089/578 2314/3091/578 510/3092/578 2250/711/578
f 2313/3086/578 4451/3089/578 2250/711/578 509/3087/578
f 123/3090/561 1927/3093/561 4452/3094/561 2314/3091/561
f 1927/3093/561 125/3095/561 2315/3096/561 4452/3094/561
f 4452/3094/578 2315/3096/578 511/3097/578 2251/713/578
f 2314/3091/578 4452/3094/578 2251/713/578 510/3092/578
f 125/3095/561 1929/3098/561 4453/3099/561 2315/3096/561
f 1929/3098/561 127/3100/561 2316/3101/561 4453/3099/561
f 4453/3099/578 2316/3101/578 512/3102/578 2252/715/578
f 2315/3096/578 4453/3099/578 2252/715/578 511/3097/578
f 127/3100/561 1931/3103/561 4454/3104/561 2316/3101/561
f 1931/3103/561 1/2785/561 2253/2788/561 4454/3104/561
f 4454/3104/578 2253/2788/578 449/2792/578 2190/717/578
f 2316/3101/578 4454/3104/578 2190/717/578 512/3102/578
f 256/723/2130 1676/3105/2131 4455/3106/2132 2321/3107/2133
f 1676/3105/2131 255/561/570 2322/3108/2134 4455/3106/2132
f 4455/3106/2132 2322/3108/2134 514/731/592 2317/728/589
f 2321/3107/2133 4455/3106/2132 2317/728/589 513/727/588
f 255/561/570 1678/3109/572 4456/3110/2135 2322/3108/2134
f 1678/3109/572 130/567/1 2323/3111/2136 4456/3110/2135
f 4456/3110/2135 2323/3111/2136 515/733/594 2319/732/593
f 2322/3108/2134 4456/3110/2135 2319/732/593 514/731/592
f 130/567/1 1550/3112/2137 4457/3113/2138 2323/3111/2136
f 1550/3112/2137 129/725/2139 2324/3114/2140 4457/3113/2138
f 4457/3113/2138 2324/3114/2140 516/735/596 2320/3115/595
f 2323/3111/2136 4457/3113/2138 2320/3115/595 515/733/594
f 129/725/2139 1677/3116/2141 4458/3117/2142 2324/3114/2140
f 1677/3116/2141 256/723/2130 2321/3107/2133 4458/3117/2142
f 4458/3117/2142 2321/3107/2133 513/727/588 2318/3118/591
f 2324/3114/2140 4458/3117/2142 2318/3118/591 516/735/596
f 254/740/2143 1674/3119/2144 4459/3120/2145 2329/3121/2146
f 1674/3119/2144 253/375/560 2330/3122/2147 4459/3120/2145
f 4459/3120/2145 2330/3122/2147 518/746/606 2325/743/603
f 2329/3121/2146 4459/3120/2145 2325/743/603 517/742/602
f 253/375/560 1680/3123/563 4460/3124/2148 2330/3122/2147
f 1680/3123/563 255/561/570 2331/3125/2149 4460/3124/2148
f 4460/3124/2148 2331/3125/2149 519/748/608 2327/747/607
f 2330/3122/2147 4460/3124/2148 2327/747/607 518/746/606
f 255/561/570 1676/3126/2131 4461/3127/2150 2331/3125/2149
f 1676/3126/2131 256/723/2130 2332/3128/2151 4461/3127/2150
f 4461/3127/2150 2332/3128/2151 520/750/610 2328/3129/609
f 2331/3125/2149 4461/3127/2150 2328/3129/609 519/748/608
f 256/723/2130 1679/741/2152 4462/3130/2153 2332/3128/2151
f 1679/741/2152 254/740/2143 2329/3121/2146 4462/3130/2153
f 4462/3130/2153 2329/3121/2146 517/742/602 2326/745/605
f 2332/3128/2151 4462/3130/2153 2326/745/605 520/750/610
f 252/755/2154 1672/3131/2155 4463/3132/2156 2337/3133/2157
f 1672/3131/2155 251/369/551 2338/3134/2158 4463/3132/2156
f 4463/3132/2156 2338/3134/2158 522/761/620 2333/758/617
f 2337/3133/2157 4463/3132/2156 2333/758/617 521/757/616
f 251/369/551 1682/3135/553 4464/3136/2159 2338/3134/2158
f 1682/3135/553 253/375/560 2339/3137/2160 4464/3136/2159
f 4464/3136/2159 2339/3137/2160 523/763/622 2335/762/621
f 2338/3134/2158 4464/3136/2159 2335/762/621 522/761/620
f 253/375/560 1674/3119/2144 4465/3138/2161 2339/3137/2160
f 1674/3119/2144 254/740/2143 2340/3139/2162 4465/3138/2161
f 4465/3138/2161 2340/3139/2162 524/765/624 2336/764/623
f 2339/3137/2160 4465/3138/2161 2336/764/623 523/763/622
f 254/740/2143 1681/756/2163 4466/3140/2164 2340/3139/2162
f 1681/756/2163 252/755/2154 2337/3133/2157 4466/3140/2164
f 4466/3140/2164 2337/3133/2157 521/757/616 2334/3141/619
f 2340/3139/2162 4466/3140/2164 2334/3141/619 524/765/624
f 250/770/651 1670/789/650 4467/3142/2165 2345/3143/2166
f 1670/789/650 249/363/542 2346/3144/2167 4467/3142/2165
f 4467/3142/2165 2346/3144/2167 526/776/635 2341/773/632
f 2345/3143/2166 4467/3142/2165 2341/773/632 525/772/631
f 249/363/542 1684/3145/544 4468/3146/2168 2346/3144/2167
f 1684/3145/544 251/369/551 2347/3147/2169 4468/3146/2168
f 4468/3146/2168 2347/3147/2169 527/778/637 2343/3148/636
f 2346/3144/2167 4468/3146/2168 2343/3148/636 526/776/635
f 251/369/551 1672/3149/2155 4469/3150/2170 2347/3147/2169
f 1672/3149/2155 252/755/2154 2348/3151/2171 4469/3150/2170
f 4469/3150/2170 2348/3151/2171 528/780/639 2344/3152/638
f 2347/3147/2169 4469/3150/2170 2344/3152/638 527/778/637
f 252/755/2154 1683/3153/2172 4470/3154/2173 2348/3151/2171
f 1683/3153/2172 250/770/651 2345/3143/2166 4470/3154/2173
f 4470/3154/2173 2345/3143/2166 525/772/631 2342/3155/634
f 2348/3151/2171 4470/3154/2173 2342/3155/634 528/780/639
f 246/794/2174 1666/3156/2175 4471/3157/2176 2353/3158/2177
f 1666/3156/2175 245/351/524 2354/3159/2178 4471/3157/2176
f 4471/3157/2176 2354/3159/2178 530/800/662 2349/797/659
f 2353/3158/2177 4471/3157/2176 2349/797/659 529/796/658
f 245/351/524 1688/3160/526 4472/3161/2179 2354/3159/2178
f 1688/3160/526 247/357/533 2355/3162/2180 4472/3161/2179
f 4472/3161/2179 2355/3162/2180 531/802/664 2351/801/663
f 2354/3159/2178 4472/3161/2179 2351/801/663 530/800/662
f 247/357/533 1668/3163/647 4473/3164/2181 2355/3162/2180
f 1668/3163/647 248/785/646 2356/3165/2182 4473/3164/2181
f 4473/3164/2181 2356/3165/2182 532/804/666 2352/3166/665
f 2355/3162/2180 4473/3164/2181 2352/3166/665 531/802/664
f 248/785/646 1687/795/2183 4474/3167/2184 2356/3165/2182
f 1687/795/2183 246/794/2174 2353/3158/2177 4474/3167/2184
f 4474/3167/2184 2353/3158/2177 529/796/658 2350/799/661
f 2356/3165/2182 4474/3167/2184 2350/799/661 532/804/666
f 244/809/2185 1664/3168/2186 4475/3169/2187 2361/3170/2188
f 1664/3168/2186 243/345/515 2362/3171/2189 4475/3169/2187
f 4475/3169/2187 2362/3171/2189 534/815/677 2357/812/674
f 2361/3170/2188 4475/3169/2187 2357/812/674 533/811/673
f 243/345/515 1690/3172/517 4476/3173/2190 2362/3171/2189
f 1690/3172/517 245/351/524 2363/3174/2191 4476/3173/2190
f 4476/3173/2190 2363/3174/2191 535/817/679 2359/3175/678
f 2362/3171/2189 4476/3173/2190 2359/3175/678 534/815/677
f 245/351/524 1666/3176/2175 4477/3177/2192 2363/3174/2191
f 1666/3176/2175 246/794/2174 2364/3178/2193 4477/3177/2192
f 4477/3177/2192 2364/3178/2193 536/819/681 2360/3179/680
f 2363/3174/2191 4477/3177/2192 2360/3179/680 535/817/679
f 246/794/2174 1689/3180/2194 4478/3181/2195 2364/3178/2193
f 1689/3180/2194 244/809/2185 2361/3170/2188 4478/3181/2195
f 4478/3181/2195 2361/3170/2188 533/811/673 2358/3182/676
f 2364/3178/2193 4478/3181/2195 2358/3182/676 536/819/681
f 242/824/2196 1662/3183/2197 4479/3184/2198 2369/3185/2199
f 1662/3183/2197 241/339/506 2370/3186/2200 4479/3184/2198
f 4479/3184/2198 2370/3186/2200 538/830/691 2365/827/688
f 2369/3185/2199 4479/3184/2198 2365/827/688 537/826/687
f 241/339/506 1692/3187/508 4480/3188/2201 2370/3186/2200
f 1692/3187/508 243/345/515 2371/3189/2202 4480/3188/2201
f 4480/3188/2201 2371/3189/2202 539/832/693 2367/3190/692
f 2370/3186/2200 4480/3188/2201 2367/3190/692 538/830/691
f 243/345/515 1664/3168/2186 4481/3191/2203 2371/3189/2202
f 1664/3168/2186 244/809/2185 2372/3192/2204 4481/3191/2203
f 4481/3191/2203 2372/3192/2204 540/834/695 2368/3193/694
f 2371/3189/2202 4481/3191/2203 2368/3193/694 539/832/693
f 244/809/2185 1691/3194/2205 4482/3195/2206 2372/3192/2204
f 1691/3194/2205 242/824/2196 2369/3185/2199 4482/3195/2206
f 4482/3195/2206 2369/3185/2199 537/826/687 2366/3196/690
f 2372/3192/2204 4482/3195/2206 2366/3196/690 540/834/695
f 367/857/719 1522/856/718 4483/3197/2207 2377/3198/2208
f 1522/856/2209 240/855/2209 2378/3199/2209 4483/3197/2209
f 4483/3197/2207 2378/3199/2210 542/835/2210 2373/836/2211
f 2377/3198/2208 4483/3197/2207 2373/836/2211 541/835/2212
f 240/855/2213 1693/3200/2214 4484/3201/2215 2378/3199/2216
f 1693/3200/2214 242/824/2196 2379/3202/2217 4484/3201/2215
f 4484/3201/2215 2379/3202/2217 543/838/2218 2375/837/2219
f 2378/3199/2216 4484/3201/2215 2375/837/2219 542/835/2220
f 242/824/2221 1525/3203/2221 4485/3204/2221 2379/3202/2221
f 1525/3203/682 369/820/587 2380/3205/2222 4485/3204/2223
f 4485/3204/2223 2380/3205/2222 544/838/2224 2376/839/2225
f 2379/3202/2226 4485/3204/2223 2376/839/2225 543/838/2226
f 369/820/587 1523/837/1587 4486/837/2227 2380/3205/2222
f 1523/837/1587 367/857/719 2377/3198/2208 4486/837/2227
f 4486/837/2227 2377/3198/2208 541/835/2212 2374/837/2228
f 2380/3205/2222 4486/837/2227 2374/837/2228 544/838/2224
f 240/855/2213 1660/3206/2229 4487/3207/2230 2385/3208/2231
f 1660/3206/2229 239/333/497 2386/3209/2232 4487/3207/2230
f 4487/3207/2230 2386/3209/2232 546/844/706 2381/841/703
f 2385/3208/2231 4487/3207/2230 2381/841/703 545/840/702
f 239/333/497 1694/3210/499 4488/3211/2233 2386/3209/2232
f 1694/3210/499 241/339/506 2387/3212/2234 4488/3211/2233
f 4488/3211/2233 2387/3212/2234 547/846/708 2383/845/707
f 2386/3209/2232 4488/3211/2233 2383/845/707 546/844/706
f 241/339/506 1662/3213/2197 4489/3214/2235 2387/3212/2234
f 1662/3213/2197 242/824/2196 2388/3215/2236 4489/3214/2235
f 4489/3214/2235 2388/3215/2236 548/848/710 2384/847/709
f 2387/3212/2234 4489/3214/2235 2384/847/709 547/846/708
f 242/824/2196 1693/3216/2214 4490/3217/2237 2388/3215/2236
f 1693/3216/2214 240/855/2213 2385/3208/2231 4490/3217/2237
f 4490/3217/2237 2385/3208/2231 545/840/702 2382/843/705
f 2388/3215/2236 4490/3217/2237 2382/843/705 548/848/710
f 238/853/2238 1658/3218/2239 4491/3219/2240 2393/3220/2241
f 1658/3218/2239 237/327/488 2394/3221/2242 4491/3219/2240
f 4491/3219/2240 2394/3221/2242 550/862/724 2389/859/721
f 2393/3220/2241 4491/3219/2240 2389/859/721 549/858/720
f 237/327/488 1696/3222/490 4492/3223/2243 2394/3221/2242
f 1696/3222/490 239/333/497 2395/3224/2244 4492/3223/2243
f 4492/3223/2243 2395/3224/2244 551/864/726 2391/3225/725
f 2394/3221/2242 4492/3223/2243 2391/3225/725 550/862/724
f 239/333/497 1660/3226/2229 4493/3227/2245 2395/3224/2244
f 1660/3226/2229 240/855/2213 2396/3228/2246 4493/3227/2245
f 4493/3227/2245 2396/3228/2246 552/866/728 2392/3229/727
f 2395/3224/2244 4493/3227/2245 2392/3229/727 551/864/726
f 240/855/2213 1695/3230/2247 4494/3231/2248 2396/3228/2246
f 1695/3230/2247 238/853/2238 2393/3220/2241 4494/3231/2248
f 4494/3231/2248 2393/3220/2241 549/858/720 2390/861/723
f 2396/3228/2246 4494/3231/2248 2390/861/723 552/866/728
f 236/871/2249 1656/3232/2250 4495/3233/2251 2401/3234/2252
f 1656/3232/2250 235/321/479 2402/3235/2253 4495/3233/2251
f 4495/3233/2251 2402/3235/2253 554/877/738 2397/874/735
f 2401/3234/2252 4495/3233/2251 2397/874/735 553/873/734
f 235/321/479 1698/3236/481 4496/3237/2254 2402/3235/2253
f 1698/3236/481 237/327/488 2403/3238/2255 4496/3237/2254
f 4496/3237/2254 2403/3238/2255 555/879/740 2399/3239/739
f 2402/3235/2253 4496/3237/2254 2399/3239/739 554/877/738
f 237/327/488 1658/3240/2239 4497/3241/2256 2403/3238/2255
f 1658/3240/2239 238/853/2238 2404/3242/2257 4497/3241/2256
f 4497/3241/2256 2404/3242/2257 556/881/742 2400/3243/741
f 2403/3238/2255 4497/3241/2256 2400/3243/741 555/879/740
f 238/853/2238 1697/3244/2258 4498/3245/2259 2404/3242/2257
f 1697/3244/2258 236/871/2249 2401/3234/2252 4498/3245/2259
f 4498/3245/2259 2401/3234/2252 553/873/734 2398/3246/737
f 2404/3242/2257 4498/3245/2259 2398/3246/737 556/881/742
f 361/3247/2260 1513/3248/2261 4499/3249/2262 2409/3250/2263
f 1513/3248/2264 234/3251/2264 2410/3252/2265 4499/3249/2265
f 4499/3249/2262 2410/3252/2266 558/886/2266 2405/883/2267
f 2409/3250/2263 4499/3249/2262 2405/883/2267 557/882/2268
f 234/3251/2269 1699/3253/2270 4500/3254/2271 2410/3252/2272
f 1699/3253/2270 236/871/2249 2411/3255/2273 4500/3254/2271
f 4500/3254/2271 2411/3255/2273 559/887/2274 2407/885/2275
f 2410/3252/2272 4500/3254/2271 2407/885/2275 558/886/2276
f 236/871/2277 1516/868/2277 4501/3256/2277 2411/3255/2277
f 1516/868/729 363/867/652 2412/3257/2278 4501/3256/2279
f 4501/3256/2279 2412/3257/2278 560/887/2280 2408/888/2281
f 2411/3255/2282 4501/3256/2279 2408/888/2281 559/887/2282
f 363/867/652 1514/3258/2283 4502/884/2284 2412/3257/2278
f 1514/3258/2283 361/3247/2260 2409/3250/2263 4502/884/2284
f 4502/884/2284 2409/3250/2263 557/882/2268 2406/885/2285
f 2412/3257/2278 4502/884/2284 2406/885/2285 560/887/2280
f 234/3251/2269 1654/3259/2286 4503/3260/2287 2417/3261/2288
f 1654/3259/2286 233/315/470 2418/3262/2289 4503/3260/2287
f 4503/3260/2287 2418/3262/2289 562/893/754 2413/890/751
f 2417/3261/2288 4503/3260/2287 2413/890/751 561/889/750
f 233/315/470 1700/317/472 4504/3263/2290 2418/3262/2289
f 1700/317/472 235/321/479 2419/3264/2291 4504/3263/2290
f 4504/3263/2290 2419/3264/2291 563/895/756 2415/894/755
f 2418/3262/2289 4504/3263/2290 2415/894/755 562/893/754
f 235/321/479 1656/3265/2250 4505/3266/2292 2419/3264/2291
f 1656/3265/2250 236/871/2249 2420/3267/2293 4505/3266/2292
f 4505/3266/2292 2420/3267/2293 564/897/758 2416/896/757
f 2419/3264/2291 4505/3266/2292 2416/896/757 563/895/756
f 236/871/2249 1699/3268/2270 4506/3269/2294 2420/3267/2293
f 1699/3268/2270 234/3251/2269 2417/3261/2288 4506/3269/2294
f 4506/3269/2294 2417/3261/2288 561/889/750 2414/892/753
f 2420/3267/2293 4506/3269/2294 2414/892/753 564/897/758
f 359/3270/2260 1510/3271/2295 4507/3272/2296 2425/3273/2297
f 1510/3271/2298 232/3274/2298 2426/3275/2299 4507/3272/2299
f 4507/3272/2296 2426/3275/2300 566/898/2300 2421/899/2301
f 2425/3273/2297 4507/3272/2296 2421/899/2301 565/898/2302
f 232/3274/2303 1701/3276/2304 4508/3277/2305 2426/3275/2306
f 1701/3276/2304 234/3251/2269 2427/3278/2307 4508/3277/2305
f 4508/3277/2305 2427/3278/2307 567/901/2308 2423/900/2309
f 2426/3275/2306 4508/3277/2305 2423/900/2309 566/898/2310
f 234/3251/2264 1513/3279/2264 4509/3280/2311 2427/3278/2311
f 1513/3279/2261 361/3247/2260 2428/3281/2312 4509/3280/2313
f 4509/3280/2313 2428/3281/2312 568/901/2314 2424/3282/2315
f 2427/3278/2316 4509/3280/2313 2424/3282/2315 567/901/2316
f 361/3247/2260 1511/3283/849 4510/3283/2317 2428/3281/2312
f 1511/3283/849 359/3270/2260 2425/3273/2297 4510/3283/2317
f 4510/3283/2317 2425/3273/2297 565/898/2302 2422/3283/2318
f 2428/3281/2312 4510/3283/2317 2422/3283/2318 568/901/2314
f 232/3274/2303 1652/3284/2319 4511/3285/2320 2433/3286/2321
f 1652/3284/2319 231/309/461 2434/3287/2322 4511/3285/2320
f 4511/3285/2320 2434/3287/2322 570/907/766 2429/904/763
f 2433/3286/2321 4511/3285/2320 2429/904/763 569/903/762
f 231/309/461 1702/3288/463 4512/3289/2323 2434/3287/2322
f 1702/3288/463 233/315/470 2435/3290/2324 4512/3289/2323
f 4512/3289/2323 2435/3290/2324 571/909/768 2431/908/767
f 2434/3287/2322 4512/3289/2323 2431/908/767 570/907/766
f 233/315/470 1654/3291/2286 4513/3292/2325 2435/3290/2324
f 1654/3291/2286 234/3251/2269 2436/3293/2326 4513/3292/2325
f 4513/3292/2325 2436/3293/2326 572/911/770 2432/3294/769
f 2435/3290/2324 4513/3292/2325 2432/3294/769 571/909/768
f 234/3251/2269 1701/3295/2304 4514/3296/2327 2436/3293/2326
f 1701/3295/2304 232/3274/2303 2433/3286/2321 4514/3296/2327
f 4514/3296/2327 2433/3286/2321 569/903/762 2430/3297/765
f 2436/3293/2326 4514/3296/2327 2430/3297/765 572/911/770
f 357/3298/2260 1507/3299/2328 4515/3300/2329 2441/3301/2330
f 1507/3299/2331 230/3302/2331 2442/3303/2332 4515/3300/2332
f 4515/3300/2329 2442/3303/2333 574/912/2333 2437/913/2334
f 2441/3301/2330 4515/3300/2329 2437/913/2334 573/912/2335
f 230/3302/2336 1703/3304/2337 4516/3305/2338 2442/3303/2339
f 1703/3304/2337 232/3274/2303 2443/3306/2340 4516/3305/2338
f 4516/3305/2338 2443/3306/2340 575/916/2341 2439/3307/2342
f 2442/3303/2339 4516/3305/2338 2439/3307/2342 574/912/2343
f 232/3274/2298 1510/3308/2298 4517/3309/2344 2443/3306/2344
f 1510/3308/2295 359/3270/2260 2444/3310/2345 4517/3309/2346
f 4517/3309/2346 2444/3310/2345 576/916/2347 2440/3311/2348
f 2443/3306/2349 4517/3309/2346 2440/3311/2348 575/916/2349
f 359/3270/2260 1508/914/2350 4518/914/2351 2444/3310/2345
f 1508/914/2350 357/3298/2260 2441/3301/2330 4518/914/2351
f 4518/914/2351 2441/3301/2330 573/912/2335 2438/914/2352
f 2444/3310/2345 4518/914/2351 2438/914/2352 576/916/2347
f 230/3302/2336 1650/3312/2353 4519/3313/2354 2449/3314/2355
f 1650/3312/2353 229/303/452 2450/3315/2356 4519/3313/2354
f 4519/3313/2354 2450/3315/2356 578/922/780 2445/919/777
f 2449/3314/2355 4519/3313/2354 2445/919/777 577/918/776
f 229/303/452 1704/3316/454 4520/3317/2357 2450/3315/2356
f 1704/3316/454 231/309/461 2451/3318/2358 4520/3317/2357
f 4520/3317/2357 2451/3318/2358 579/924/782 2447/3319/781
f 2450/3315/2356 4520/3317/2357 2447/3319/781 578/922/780
f 231/309/461 1652/3320/2319 4521/3321/2359 2451/3318/2358
f 1652/3320/2319 232/3274/2303 2452/3322/2360 4521/3321/2359
f 4521/3321/2359 2452/3322/2360 580/926/784 2448/3323/783
f 2451/3318/2358 4521/3321/2359 2448/3323/783 579/924/782
f 232/3274/2303 1703/3324/2337 4522/3325/2361 2452/3322/2360
f 1703/3324/2337 230/3302/2336 2449/3314/2355 4522/3325/2361
f 4522/3325/2361 2449/3314/2355 577/918/776 2446/921/779
f 2452/3322/2360 4522/3325/2361 2446/921/779 580/926/784
f 355/3326/1504 1504/3327/2362 4523/3328/2363 2457/3329/2364
f 1504/3327/2365 228/3330/2365 2458/3331/2366 4523/3328/2366
f 4523/3328/2363 2458/3331/2367 582/930/2367 2453/928/2368
f 2457/3329/2364 4523/3328/2363 2453/928/2368 581/927/2369
f 228/3330/2370 1705/3332/2371 4524/3333/2372 2458/3331/2373
f 1705/3332/2371 230/3302/2336 2459/3334/2374 4524/3333/2372
f 4524/3333/2372 2459/3334/2374 583/931/2375 2455/929/2376
f 2458/3331/2373 4524/3333/2372 2455/929/2376 582/930/2377
f 230/3302/2331 1507/3335/2331 4525/3336/2378 2459/3334/2378
f 1507/3335/2328 357/3298/2260 2460/3337/2379 4525/3336/2380
f 4525/3336/2380 2460/3337/2379 584/931/2381 2456/932/2382
f 2459/3334/2383 4525/3336/2380 2456/932/2382 583/931/2383
f 357/3298/2260 1505/929/684 4526/3338/2384 2460/3337/2379
f 1505/929/684 355/3326/1504 2457/3329/2364 4526/3338/2384
f 4526/3338/2384 2457/3329/2364 581/927/2369 2454/929/2385
f 2460/3337/2379 4526/3338/2384 2454/929/2385 584/931/2381
f 228/3330/2370 1648/3339/2386 4527/3340/2387 2465/3341/2388
f 1648/3339/2386 227/297/443 2466/3342/2389 4527/3340/2387
f 4527/3340/2387 2466/3342/2389 586/937/797 2461/934/794
f 2465/3341/2388 4527/3340/2387 2461/934/794 585/933/793
f 227/297/443 1706/3343/445 4528/3344/2390 2466/3342/2389
f 1706/3343/445 229/303/452 2467/3345/2391 4528/3344/2390
f 4528/3344/2390 2467/3345/2391 587/939/799 2463/938/798
f 2466/3342/2389 4528/3344/2390 2463/938/798 586/937/797
f 229/303/452 1650/3346/2353 4529/3347/2392 2467/3345/2391
f 1650/3346/2353 230/3302/2336 2468/3348/2393 4529/3347/2392
f 4529/3347/2392 2468/3348/2393 588/941/801 2464/940/800
f 2467/3345/2391 4529/3347/2392 2464/940/800 587/939/799
f 230/3302/2336 1705/3349/2371 4530/3350/2394 2468/3348/2393
f 1705/3349/2371 228/3330/2370 2465/3341/2388 4530/3350/2394
f 4530/3350/2394 2465/3341/2388 585/933/793 2462/936/796
f 2468/3348/2393 4530/3350/2394 2462/936/796 588/941/801
f 353/3351/1504 1501/3352/2395 4531/3353/2396 2473/3354/2397
f 1501/3352/2398 226/3355/2398 2474/3356/2399 4531/3353/2399
f 4531/3353/2396 2474/3356/2400 590/942/2400 2469/943/2401
f 2473/3354/2397 4531/3353/2396 2469/943/2401 589/942/2402
f 226/3355/2403 1707/3357/2404 4532/3358/2405 2474/3356/2406
f 1707/3357/2404 228/3330/2370 2475/3359/2407 4532/3358/2405
f 4532/3358/2405 2475/3359/2407 591/945/2408 2471/3360/2409
f 2474/3356/2406 4532/3358/2405 2471/3360/2409 590/942/2410
f 228/3330/2365 1504/3361/2365 4533/3362/2411 2475/3359/2411
f 1504/3361/2362 355/3326/1504 2476/3363/2412 4533/3362/2413
f 4533/3362/2413 2476/3363/2412 592/947/2414 2472/3364/2415
f 2475/3359/2416 4533/3362/2413 2472/3364/2415 591/945/2416
f 355/3326/1504 1502/3360/2417 4534/3360/2418 2476/3363/2412
f 1502/3360/2417 353/3351/1504 2473/3354/2397 4534/3360/2418
f 4534/3360/2418 2473/3354/2397 589/942/2402 2470/944/2419
f 2476/3363/2412 4534/3360/2418 2470/944/2419 592/947/2414
f 226/3355/2403 1646/3365/2420 4535/3366/2421 2481/3367/2422
f 1646/3365/2420 225/291/434 2482/3368/2423 4535/3366/2421
f 4535/3366/2421 2482/3368/2423 594/952/813 2477/949/810
f 2481/3367/2422 4535/3366/2421 2477/949/810 593/948/809
f 225/291/434 1708/3369/436 4536/3370/2424 2482/3368/2423
f 1708/3369/436 227/297/443 2483/3371/2425 4536/3370/2424
f 4536/3370/2424 2483/3371/2425 595/954/815 2479/3372/814
f 2482/3368/2423 4536/3370/2424 2479/3372/814 594/952/813
f 227/297/443 1648/3339/2386 4537/3373/2426 2483/3371/2425
f 1648/3339/2386 228/3330/2370 2484/3374/2427 4537/3373/2426
f 4537/3373/2426 2484/3374/2427 596/956/817 2480/3375/816
f 2483/3371/2425 4537/3373/2426 2480/3375/816 595/954/815
f 228/3330/2370 1707/3376/2404 4538/3377/2428 2484/3374/2427
f 1707/3376/2404 226/3355/2403 2481/3367/2422 4538/3377/2428
f 4538/3377/2428 2481/3367/2422 593/948/809 2478/951/812
f 2484/3374/2427 4538/3377/2428 2478/951/812 596/956/817
f 351/3378/1504 1498/3379/2429 4539/3380/2430 2489/3381/2431
f 1498/3379/2432 224/3382/2432 2490/3383/2433 4539/3380/2433
f 4539/3380/2430 2490/3383/2434 598/960/2434 2485/958/2435
f 2489/3381/2431 4539/3380/2430 2485/958/2435 597/957/2436
f 224/3382/2437 1709/3384/2438 4540/3385/2439 2490/3383/2440
f 1709/3384/2438 226/3355/2403 2491/3386/2441 4540/3385/2439
f 4540/3385/2439 2491/3386/2441 599/961/2442 2487/959/2443
f 2490/3383/2440 4540/3385/2439 2487/959/2443 598/960/2444
f 226/3355/2398 1501/3387/2398 4541/3388/2445 2491/3386/2445
f 1501/3387/2395 353/3351/1504 2492/3389/2446 4541/3388/2447
f 4541/3388/2447 2492/3389/2446 600/963/2448 2488/962/2449
f 2491/3386/2450 4541/3388/2447 2488/962/2449 599/961/2450
f 353/3351/1504 1499/959/2417 4542/3390/2451 2492/3389/2446
f 1499/959/2417 351/3378/1504 2489/3381/2431 4542/3390/2451
f 4542/3390/2451 2489/3381/2431 597/957/2436 2486/3390/2452
f 2492/3389/2446 4542/3390/2451 2486/3390/2452 600/963/2448
f 224/3382/2437 1644/3391/2453 4543/3392/2454 2497/3393/2455
f 1644/3391/2453 223/285/425 2498/3394/2456 4543/3392/2454
f 4543/3392/2454 2498/3394/2456 602/968/827 2493/965/824
f 2497/3393/2455 4543/3392/2454 2493/965/824 601/964/823
f 223/285/425 1710/287/427 4544/3395/2457 2498/3394/2456
f 1710/287/427 225/291/434 2499/3396/2458 4544/3395/2457
f 4544/3395/2457 2499/3396/2458 603/970/829 2495/969/828
f 2498/3394/2456 4544/3395/2457 2495/969/828 602/968/827
f 225/291/434 1646/3365/2420 4545/3397/2459 2499/3396/2458
f 1646/3365/2420 226/3355/2403 2500/3398/2460 4545/3397/2459
f 4545/3397/2459 2500/3398/2460 604/972/831 2496/971/830
f 2499/3396/2458 4545/3397/2459 2496/971/830 603/970/829
f 226/3355/2403 1709/3399/2438 4546/3400/2461 2500/3398/2460
f 1709/3399/2438 224/3382/2437 2497/3393/2455 4546/3400/2461
f 4546/3400/2461 2497/3393/2455 601/964/823 2494/3401/826
f 2500/3398/2460 4546/3400/2461 2494/3401/826 604/972/831
f 349/997/854 1495/996/853 4547/3402/2462 2505/3403/2463
f 1495/996/2464 222/995/2464 2506/3404/2464 4547/3402/2464
f 4547/3402/2462 2506/3404/2465 606/977/2465 2501/974/2466
f 2505/3403/2463 4547/3402/2462 2501/974/2466 605/973/2085
f 222/995/2467 1711/3405/2468 4548/3406/2469 2506/3404/2470
f 1711/3405/2468 224/3382/2437 2507/3407/2471 4548/3406/2469
f 4548/3406/2469 2507/3407/2471 607/978/2472 2503/976/2473
f 2506/3404/2470 4548/3406/2469 2503/976/2473 606/977/2474
f 224/3382/2432 1498/3408/2432 4549/3409/2475 2507/3407/2475
f 1498/3408/2429 351/3378/1504 2508/3410/2476 4549/3409/2477
f 4549/3409/2477 2508/3410/2476 608/978/2478 2504/979/2479
f 2507/3407/2480 4549/3409/2477 2504/979/2479 607/978/2480
f 351/3378/1504 1496/976/2481 4550/3411/2482 2508/3410/2476
f 1496/976/2481 349/997/854 2505/3403/2463 4550/3411/2482
f 4550/3411/2482 2505/3403/2463 605/973/2085 2502/3411/2483
f 2508/3410/2476 4550/3411/2482 2502/3411/2483 608/978/2478
f 222/995/2467 1642/3412/2484 4551/3413/2485 2513/3414/2486
f 1642/3412/2484 221/279/416 2514/3415/2487 4551/3413/2485
f 4551/3413/2485 2514/3415/2487 610/984/841 2509/981/838
f 2513/3414/2486 4551/3413/2485 2509/981/838 609/980/837
f 221/279/416 1712/3416/418 4552/3417/2488 2514/3415/2487
f 1712/3416/418 223/285/425 2515/3418/2489 4552/3417/2488
f 4552/3417/2488 2515/3418/2489 611/986/843 2511/985/842
f 2514/3415/2487 4552/3417/2488 2511/985/842 610/984/841
f 223/285/425 1644/3419/2453 4553/3420/2490 2515/3418/2489
f 1644/3419/2453 224/3382/2437 2516/3421/2491 4553/3420/2490
f 4553/3420/2490 2516/3421/2491 612/988/845 2512/987/844
f 2515/3418/2489 4553/3420/2490 2512/987/844 611/986/843
f 224/3382/2437 1711/3422/2468 4554/3423/2492 2516/3421/2491
f 1711/3422/2468 222/995/2467 2513/3414/2486 4554/3423/2492
f 4554/3423/2492 2513/3414/2486 609/980/837 2510/3424/840
f 2516/3421/2491 4554/3423/2492 2510/3424/840 612/988/845
f 220/993/2493 1640/3425/2494 4555/3426/2495 2521/3427/2496
f 1640/3425/2494 219/273/407 2522/3428/2497 4555/3426/2495
f 4555/3426/2495 2522/3428/2497 614/1002/859 2517/999/856
f 2521/3427/2496 4555/3426/2495 2517/999/856 613/998/855
f 219/273/407 1714/3429/409 4556/3430/2498 2522/3428/2497
f 1714/3429/409 221/279/416 2523/3431/2499 4556/3430/2498
f 4556/3430/2498 2523/3431/2499 615/1004/861 2519/3432/860
f 2522/3428/2497 4556/3430/2498 2519/3432/860 614/1002/859
f 221/279/416 1642/3433/2484 4557/3434/2500 2523/3431/2499
f 1642/3433/2484 222/995/2467 2524/3435/2501 4557/3434/2500
f 4557/3434/2500 2524/3435/2501 616/1006/863 2520/3436/862
f 2523/3431/2499 4557/3434/2500 2520/3436/862 615/1004/861
f 222/995/2467 1713/994/2502 4558/3437/2503 2524/3435/2501
f 1713/994/2502 220/993/2493 2521/3427/2496 4558/3437/2503
f 4558/3437/2503 2521/3427/2496 613/998/855 2518/1001/858
f 2524/3435/2501 4558/3437/2503 2518/1001/858 616/1006/863
f 218/1011/2504 1638/3438/2505 4559/3439/2506 2529/3440/2507
f 1638/3438/2505 217/267/398 2530/3441/2508 4559/3439/2506
f 4559/3439/2506 2530/3441/2508 618/1017/874 2525/1014/871
f 2529/3440/2507 4559/3439/2506 2525/1014/871 617/1013/870
f 217/267/398 1716/3442/400 4560/3443/2509 2530/3441/2508
f 1716/3442/400 219/273/407 2531/3444/2510 4560/3443/2509
f 4560/3443/2509 2531/3444/2510 619/1019/876 2527/1018/875
f 2530/3441/2508 4560/3443/2509 2527/1018/875 618/1017/874
f 219/273/407 1640/3445/2494 4561/3446/2511 2531/3444/2510
f 1640/3445/2494 220/993/2493 2532/3447/2512 4561/3446/2511
f 4561/3446/2511 2532/3447/2512 620/1021/878 2528/3448/877
f 2531/3444/2510 4561/3446/2511 2528/3448/877 619/1019/876
f 220/993/2493 1715/3449/2513 4562/3450/2514 2532/3447/2512
f 1715/3449/2513 218/1011/2504 2529/3440/2507 4562/3450/2514
f 4562/3450/2514 2529/3440/2507 617/1013/870 2526/3451/873
f 2532/3447/2512 4562/3450/2514 2526/3451/873 620/1021/878
f 216/1026/2515 1636/3452/2516 4563/3453/2517 2537/3454/2518
f 1636/3452/2516 215/261/389 2538/3455/2519 4563/3453/2517
f 4563/3453/2517 2538/3455/2519 622/1032/888 2533/1029/885
f 2537/3454/2518 4563/3453/2517 2533/1029/885 621/1028/884
f 215/261/389 1718/3456/391 4564/3457/2520 2538/3455/2519
f 1718/3456/391 217/267/398 2539/3458/2521 4564/3457/2520
f 4564/3457/2520 2539/3458/2521 623/1034/890 2535/3459/889
f 2538/3455/2519 4564/3457/2520 2535/3459/889 622/1032/888
f 217/267/398 1638/3438/2505 4565/3460/2522 2539/3458/2521
f 1638/3438/2505 218/1011/2504 2540/3461/2523 4565/3460/2522
f 4565/3460/2522 2540/3461/2523 624/1036/892 2536/1035/891
f 2539/3458/2521 4565/3460/2522 2536/1035/891 623/1034/890
f 218/1011/2504 1717/3462/2524 4566/3463/2525 2540/3461/2523
f 1717/3462/2524 216/1026/2515 2537/3454/2518 4566/3463/2525
f 4566/3463/2525 2537/3454/2518 621/1028/884 2534/3464/887
f 2540/3461/2523 4566/3463/2525 2534/3464/887 624/1036/892
f 214/1041/2526 1634/3465/2527 4567/3466/2528 2545/3467/2529
f 1634/3465/2527 213/255/380 2546/3468/2530 4567/3466/2528
f 4567/3466/2528 2546/3468/2530 626/1047/901 2541/1044/898
f 2545/3467/2529 4567/3466/2528 2541/1044/898 625/1043/897
f 213/255/380 1720/3469/382 4568/3470/2531 2546/3468/2530
f 1720/3469/382 215/261/389 2547/3471/2532 4568/3470/2531
f 4568/3470/2531 2547/3471/2532 627/1049/903 2543/1048/902
f 2546/3468/2530 4568/3470/2531 2543/1048/902 626/1047/901
f 215/261/389 1636/3472/2516 4569/3473/2533 2547/3471/2532
f 1636/3472/2516 216/1026/2515 2548/3474/2534 4569/3473/2533
f 4569/3473/2533 2548/3474/2534 628/1051/905 2544/1050/904
f 2547/3471/2532 4569/3473/2533 2544/1050/904 627/1049/903
f 216/1026/2515 1719/3475/2535 4570/3476/2536 2548/3474/2534
f 1719/3475/2535 214/1041/2526 2545/3467/2529 4570/3476/2536
f 4570/3476/2536 2545/3467/2529 625/1043/897 2542/1046/900
f 2548/3474/2534 4570/3476/2536 2542/1046/900 628/1051/905
f 212/1056/2537 1632/3477/2538 4571/3478/2539 2553/3479/2540
f 1632/3477/2538 211/249/371 2554/3480/2541 4571/3478/2539
f 4571/3478/2539 2554/3480/2541 630/1062/916 2549/1059/913
f 2553/3479/2540 4571/3478/2539 2549/1059/913 629/1058/912
f 211/249/371 1722/251/373 4572/3481/2542 2554/3480/2541
f 1722/251/373 213/255/380 2555/3482/2543 4572/3481/2542
f 4572/3481/2542 2555/3482/2543 631/1064/918 2551/3483/917
f 2554/3480/2541 4572/3481/2542 2551/3483/917 630/1062/916
f 213/255/380 1634/3484/2527 4573/3485/2544 2555/3482/2543
f 1634/3484/2527 214/1041/2526 2556/3486/2545 4573/3485/2544
f 4573/3485/2544 2556/3486/2545 632/1066/920 2552/3487/919
f 2555/3482/2543 4573/3485/2544 2552/3487/919 631/1064/918
f 214/1041/2526 1721/3488/2546 4574/3489/2547 2556/3486/2545
f 1721/3488/2546 212/1056/2537 2553/3479/2540 4574/3489/2547
f 4574/3489/2547 2553/3479/2540 629/1058/912 2550/3490/915
f 2556/3486/2545 4574/3489/2547 2550/3490/915 632/1066/920
f 210/1071/2548 1630/3491/2549 4575/3492/2550 2561/3493/2551
f 1630/3491/2549 209/243/362 2562/3494/2552 4575/3492/2550
f 4575/3492/2550 2562/3494/2552 634/1077/929 2557/1074/926
f 2561/3493/2551 4575/3492/2550 2557/1074/926 633/1073/925
f 209/243/362 1724/245/364 4576/3495/2553 2562/3494/2552
f 1724/245/364 211/249/371 2563/3496/2554 4576/3495/2553
f 4576/3495/2553 2563/3496/2554 635/1079/931 2559/1078/930
f 2562/3494/2552 4576/3495/2553 2559/1078/930 634/1077/929
f 211/249/371 1632/3497/2538 4577/3498/2555 2563/3496/2554
f 1632/3497/2538 212/1056/2537 2564/3499/2556 4577/3498/2555
f 4577/3498/2555 2564/3499/2556 636/1081/933 2560/3500/932
f 2563/3496/2554 4577/3498/2555 2560/3500/932 635/1079/931
f 212/1056/2537 1723/1072/2557 4578/3501/2558 2564/3499/2556
f 1723/1072/2557 210/1071/2548 2561/3493/2551 4578/3501/2558
f 4578/3501/2558 2561/3493/2551 633/1073/925 2558/3502/928
f 2564/3499/2556 4578/3501/2558 2558/3502/928 636/1081/933
f 208/1086/2559 1628/3503/2560 4579/3504/2561 2569/3505/2562
f 1628/3503/2560 207/237/353 2570/3506/2563 4579/3504/2561
f 4579/3504/2561 2570/3506/2563 638/1092/942 2565/1089/939
f 2569/3505/2562 4579/3504/2561 2565/1089/939 637/1088/938
f 207/237/353 1726/3507/355 4580/3508/2564 2570/3506/2563
f 1726/3507/355 209/243/362 2571/3509/2565 4580/3508/2564
f 4580/3508/2564 2571/3509/2565 639/1094/944 2567/1093/943
f 2570/3506/2563 4580/3508/2564 2567/1093/943 638/1092/942
f 209/243/362 1630/3510/2549 4581/3511/2566 2571/3509/2565
f 1630/3510/2549 210/1071/2548 2572/3512/2567 4581/3511/2566
f 4581/3511/2566 2572/3512/2567 640/1096/946 2568/3513/945
f 2571/3509/2565 4581/3511/2566 2568/3513/945 639/1094/944
f 210/1071/2548 1725/3514/2568 4582/3515/2569 2572/3512/2567
f 1725/3514/2568 208/1086/2559 2569/3505/2562 4582/3515/2569
f 4582/3515/2569 2569/3505/2562 637/1088/938 2566/1091/941
f 2572/3512/2567 4582/3515/2569 2566/1091/941 640/1096/946
f 206/1101/2570 1626/3516/2571 4583/3517/2572 2577/3518/2573
f 1626/3516/2571 205/231/344 2578/3519/2574 4583/3517/2572
f 4583/3517/2572 2578/3519/2574 642/1107/956 2573/1104/953
f 2577/3518/2573 4583/3517/2572 2573/1104/953 641/1103/952
f 205/231/344 1728/233/346 4584/3520/2575 2578/3519/2574
f 1728/233/346 207/237/353 2579/3521/2576 4584/3520/2575
f 4584/3520/2575 2579/3521/2576 643/1109/958 2575/1108/957
f 2578/3519/2574 4584/3520/2575 2575/1108/957 642/1107/956
f 207/237/353 1628/3522/2560 4585/3523/2577 2579/3521/2576
f 1628/3522/2560 208/1086/2559 2580/3524/2578 4585/3523/2577
f 4585/3523/2577 2580/3524/2578 644/1111/960 2576/1110/959
f 2579/3521/2576 4585/3523/2577 2576/1110/959 643/1109/958
f 208/1086/2559 1727/3525/2579 4586/3526/2580 2580/3524/2578
f 1727/3525/2579 206/1101/2570 2577/3518/2573 4586/3526/2580
f 4586/3526/2580 2577/3518/2573 641/1103/952 2574/3527/955
f 2580/3524/2578 4586/3526/2580 2574/3527/955 644/1111/960
f 331/1136/983 1468/1135/982 4587/3528/2581 2585/3529/2582
f 1468/1135/2583 204/1134/2583 2586/3530/2583 4587/3528/2583
f 4587/3528/2581 2586/3530/2584 646/1116/2584 2581/1113/2585
f 2585/3529/2582 4587/3528/2581 2581/1113/2585 645/1112/2586
f 204/1134/2587 1729/3531/2588 4588/3532/2589 2586/3530/2590
f 1729/3531/2588 206/1101/2570 2587/3533/2591 4588/3532/2589
f 4588/3532/2589 2587/3533/2591 647/1117/2592 2583/1115/2593
f 2586/3530/2590 4588/3532/2589 2583/1115/2593 646/1116/2594
f 206/1101/2595 1471/1098/2595 4589/3534/2595 2587/3533/2595
f 1471/1098/947 333/1097/854 2588/3535/2596 4589/3534/2597
f 4589/3534/2597 2588/3535/2596 648/1117/1754 2584/1118/2598
f 2587/3533/2599 4589/3534/2597 2584/1118/2598 647/1117/2599
f 333/1097/854 1469/1114/2600 4590/1114/2601 2588/3535/2596
f 1469/1114/2600 331/1136/983 2585/3529/2582 4590/1114/2601
f 4590/1114/2601 2585/3529/2582 645/1112/2586 2582/1115/2602
f 2588/3535/2596 4590/1114/2601 2582/1115/2602 648/1117/1754
f 204/1134/2587 1624/3536/2603 4591/3537/2604 2593/3538/2605
f 1624/3536/2603 203/225/335 2594/3539/2606 4591/3537/2604
f 4591/3537/2604 2594/3539/2606 650/1123/970 2589/1120/967
f 2593/3538/2605 4591/3537/2604 2589/1120/967 649/1119/966
f 203/225/335 1730/3540/337 4592/3541/2607 2594/3539/2606
f 1730/3540/337 205/231/344 2595/3542/2608 4592/3541/2607
f 4592/3541/2607 2595/3542/2608 651/1125/972 2591/1124/971
f 2594/3539/2606 4592/3541/2607 2591/1124/971 650/1123/970
f 205/231/344 1626/3543/2571 4593/3544/2609 2595/3542/2608
f 1626/3543/2571 206/1101/2570 2596/3545/2610 4593/3544/2609
f 4593/3544/2609 2596/3545/2610 652/1127/974 2592/1126/973
f 2595/3542/2608 4593/3544/2609 2592/1126/973 651/1125/972
f 206/1101/2570 1729/3546/2588 4594/3547/2611 2596/3545/2610
f 1729/3546/2588 204/1134/2587 2593/3538/2605 4594/3547/2611
f 4594/3547/2611 2593/3538/2605 649/1119/966 2590/1122/969
f 2596/3545/2610 4594/3547/2611 2590/1122/969 652/1127/974
f 202/1132/2612 1622/3548/2613 4595/3549/2614 2601/3550/2615
f 1622/3548/2613 201/219/326 2602/3551/2616 4595/3549/2614
f 4595/3549/2614 2602/3551/2616 654/1141/988 2597/1138/985
f 2601/3550/2615 4595/3549/2614 2597/1138/985 653/1137/984
f 201/219/326 1732/3552/328 4596/3553/2617 2602/3551/2616
f 1732/3552/328 203/225/335 2603/3554/2618 4596/3553/2617
f 4596/3553/2617 2603/3554/2618 655/1143/990 2599/3555/989
f 2602/3551/2616 4596/3553/2617 2599/3555/989 654/1141/988
f 203/225/335 1624/3556/2603 4597/3557/2619 2603/3554/2618
f 1624/3556/2603 204/1134/2587 2604/3558/2620 4597/3557/2619
f 4597/3557/2619 2604/3558/2620 656/1145/992 2600/1144/991
f 2603/3554/2618 4597/3557/2619 2600/1144/991 655/1143/990
f 204/1134/2587 1731/1133/2621 4598/3559/2622 2604/3558/2620
f 1731/1133/2621 202/1132/2612 2601/3550/2615 4598/3559/2622
f 4598/3559/2622 2601/3550/2615 653/1137/984 2598/3560/987
f 2604/3558/2620 4598/3559/2622 2598/3560/987 656/1145/992
f 200/1150/2623 1620/3561/2624 4599/3562/2625 2609/3563/2626
f 1620/3561/2624 199/213/317 2610/3564/2627 4599/3562/2625
f 4599/3562/2625 2610/3564/2627 658/1156/1003 2605/1153/1000
f 2609/3563/2626 4599/3562/2625 2605/1153/1000 657/1152/999
f 199/213/317 1734/3565/319 4600/3566/2628 2610/3564/2627
f 1734/3565/319 201/219/326 2611/3567/2629 4600/3566/2628
f 4600/3566/2628 2611/3567/2629 659/1158/1005 2607/3568/1004
f 2610/3564/2627 4600/3566/2628 2607/3568/1004 658/1156/1003
f 201/219/326 1622/3569/2613 4601/3570/2630 2611/3567/2629
f 1622/3569/2613 202/1132/2612 2612/3571/2631 4601/3570/2630
f 4601/3570/2630 2612/3571/2631 660/1160/1007 2608/3572/1006
f 2611/3567/2629 4601/3570/2630 2608/3572/1006 659/1158/1005
f 202/1132/2612 1733/3573/2632 4602/3574/2633 2612/3571/2631
f 1733/3573/2632 200/1150/2623 2609/3563/2626 4602/3574/2633
f 4602/3574/2633 2609/3563/2626 657/1152/999 2606/1155/1002
f 2612/3571/2631 4602/3574/2633 2606/1155/1002 660/1160/1007
f 198/1165/2634 1618/3575/2635 4603/3576/2636 2617/3577/2637
f 1618/3575/2635 197/207/308 2618/3578/2638 4603/3576/2636
f 4603/3576/2636 2618/3578/2638 662/1171/1018 2613/1168/1015
f 2617/3577/2637 4603/3576/2636 2613/1168/1015 661/1167/1014
f 197/207/308 1736/3579/310 4604/3580/2639 2618/3578/2638
f 1736/3579/310 199/213/317 2619/3581/2640 4604/3580/2639
f 4604/3580/2639 2619/3581/2640 663/1173/1020 2615/3582/1019
f 2618/3578/2638 4604/3580/2639 2615/3582/1019 662/1171/1018
f 199/213/317 1620/3583/2624 4605/3584/2641 2619/3581/2640
f 1620/3583/2624 200/1150/2623 2620/3585/2642 4605/3584/2641
f 4605/3584/2641 2620/3585/2642 664/1175/1022 2616/1174/1021
f 2619/3581/2640 4605/3584/2641 2616/1174/1021 663/1173/1020
f 200/1150/2623 1735/3586/2643 4606/3587/2644 2620/3585/2642
f 1735/3586/2643 198/1165/2634 2617/3577/2637 4606/3587/2644
f 4606/3587/2644 2617/3577/2637 661/1167/1014 2614/1170/1017
f 2620/3585/2642 4606/3587/2644 2614/1170/1017 664/1175/1022
f 323/3588/1660 1456/3589/2645 4607/3590/2646 2625/3591/2647
f 1456/3589/2648 196/3592/2648 2626/3593/2649 4607/3590/2649
f 4607/3590/2646 2626/3593/2650 666/1180/2650 2621/1177/2651
f 2625/3591/2647 4607/3590/2646 2621/1177/2651 665/1176/2652
f 196/3592/2653 1737/3594/2654 4608/3595/2655 2626/3593/2656
f 1737/3594/2654 198/1165/2634 2627/3596/2657 4608/3595/2655
f 4608/3595/2655 2627/3596/2657 667/1181/2658 2623/1178/2659
f 2626/3593/2656 4608/3595/2655 2623/1178/2659 666/1180/2660
f 198/1165/2661 1459/3597/2661 4609/3598/2661 2627/3596/2661
f 1459/3597/1009 325/1161/1008 2628/3599/2662 4609/3598/2663
f 4609/3598/2663 2628/3599/2662 668/1183/1713 2624/1182/2664
f 2627/3596/2665 4609/3598/2663 2624/1182/2664 667/1181/2665
f 325/1161/1008 1457/1178/1121 4610/1178/2666 2628/3599/2662
f 1457/1178/1121 323/3588/1660 2625/3591/2647 4610/1178/2666
f 4610/1178/2666 2625/3591/2647 665/1176/2652 2622/1178/2667
f 2628/3599/2662 4610/1178/2666 2622/1178/2667 668/1183/1713
f 196/3592/2653 1616/3600/2668 4611/3601/2669 2633/3602/2670
f 1616/3600/2668 195/201/299 2634/3603/2671 4611/3601/2669
f 4611/3601/2669 2634/3603/2671 670/1188/1034 2629/1185/1031
f 2633/3602/2670 4611/3601/2669 2629/1185/1031 669/1184/1030
f 195/201/299 1738/3604/301 4612/3605/2672 2634/3603/2671
f 1738/3604/301 197/207/308 2635/3606/2673 4612/3605/2672
f 4612/3605/2672 2635/3606/2673 671/1190/1036 2631/1189/1035
f 2634/3603/2671 4612/3605/2672 2631/1189/1035 670/1188/1034
f 197/207/308 1618/3607/2635 4613/3608/2674 2635/3606/2673
f 1618/3607/2635 198/1165/2634 2636/3609/2675 4613/3608/2674
f 4613/3608/2674 2636/3609/2675 672/1192/1038 2632/1191/1037
f 2635/3606/2673 4613/3608/2674 2632/1191/1037 671/1190/1036
f 198/1165/2634 1737/3610/2654 4614/3611/2676 2636/3609/2675
f 1737/3610/2654 196/3592/2653 2633/3602/2670 4614/3611/2676
f 4614/3611/2676 2633/3602/2670 669/1184/1030 2630/3612/1033
f 2636/3609/2675 4614/3611/2676 2630/3612/1033 672/1192/1038
f 321/1218/1062 1453/1217/1061 4615/3613/2677 2641/3614/2678
f 1453/1217/2679 194/1216/2679 2642/3615/2679 4615/3613/2679
f 4615/3613/2677 2642/3615/2680 674/1196/2680 2637/1194/2681
f 2641/3614/2678 4615/3613/2677 2637/1194/2681 673/1193/2682
f 194/1216/2683 1739/3616/2684 4616/3617/2685 2642/3615/2686
f 1739/3616/2684 196/3592/2653 2643/3618/2687 4616/3617/2685
f 4616/3617/2685 2643/3618/2687 675/1198/2688 2639/1195/2689
f 2642/3615/2686 4616/3617/2685 2639/1195/2689 674/1196/2690
f 196/3592/2648 1456/3619/2648 4617/3620/2691 2643/3618/2691
f 1456/3619/2645 323/3588/1660 2644/3621/2692 4617/3620/2693
f 4617/3620/2693 2644/3621/2692 676/1200/2694 2640/3622/2695
f 2643/3618/2696 4617/3620/2693 2640/3622/2695 675/1198/2696
f 323/3588/1660 1454/3623/2697 4618/3623/2698 2644/3621/2692
f 1454/3623/2697 321/1218/1062 2641/3614/2678 4618/3623/2698
f 4618/3623/2698 2641/3614/2678 673/1193/2682 2638/1195/2699
f 2644/3621/2692 4618/3623/2698 2638/1195/2699 676/1200/2694
f 194/1216/2683 1614/3624/2700 4619/3625/2701 2649/3626/2702
f 1614/3624/2700 193/195/290 2650/3627/2703 4619/3625/2701
f 4619/3625/2701 2650/3627/2703 678/1205/1050 2645/1202/1047
f 2649/3626/2702 4619/3625/2701 2645/1202/1047 677/1201/1046
f 193/195/290 1740/3628/292 4620/3629/2704 2650/3627/2703
f 1740/3628/292 195/201/299 2651/3630/2705 4620/3629/2704
f 4620/3629/2704 2651/3630/2705 679/1207/1052 2647/3631/1051
f 2650/3627/2703 4620/3629/2704 2647/3631/1051 678/1205/1050
f 195/201/299 1616/3632/2668 4621/3633/2706 2651/3630/2705
f 1616/3632/2668 196/3592/2653 2652/3634/2707 4621/3633/2706
f 4621/3633/2706 2652/3634/2707 680/1209/1054 2648/3635/1053
f 2651/3630/2705 4621/3633/2706 2648/3635/1053 679/1207/1052
f 196/3592/2653 1739/3636/2684 4622/3637/2708 2652/3634/2707
f 1739/3636/2684 194/1216/2683 2649/3626/2702 4622/3637/2708
f 4622/3637/2708 2649/3626/2702 677/1201/1046 2646/1204/1049
f 2652/3634/2707 4622/3637/2708 2646/1204/1049 680/1209/1054
f 192/1214/2709 1612/3638/2710 4623/3639/2711 2657/3640/2712
f 1612/3638/2710 191/189/281 2658/3641/2713 4623/3639/2711
f 4623/3639/2711 2658/3641/2713 682/1223/1067 2653/1220/1064
f 2657/3640/2712 4623/3639/2711 2653/1220/1064 681/1219/1063
f 191/189/281 1742/191/283 4624/3642/2714 2658/3641/2713
f 1742/191/283 193/195/290 2659/3643/2715 4624/3642/2714
f 4624/3642/2714 2659/3643/2715 683/1225/1069 2655/3644/1068
f 2658/3641/2713 4624/3642/2714 2655/3644/1068 682/1223/1067
f 193/195/290 1614/3645/2700 4625/3646/2716 2659/3643/2715
f 1614/3645/2700 194/1216/2683 2660/3647/2717 4625/3646/2716
f 4625/3646/2716 2660/3647/2717 684/1227/1071 2656/1226/1070
f 2659/3643/2715 4625/3646/2716 2656/1226/1070 683/1225/1069
f 194/1216/2683 1741/3648/2718 4626/3649/2719 2660/3647/2717
f 1741/3648/2718 192/1214/2709 2657/3640/2712 4626/3649/2719
f 4626/3649/2719 2657/3640/2712 681/1219/1063 2654/1222/1066
f 2660/3647/2717 4626/3649/2719 2654/1222/1066 684/1227/1071
f 317/1252/1094 1447/1251/1093 4627/3650/2720 2665/3651/2721
f 1447/1251/2722 190/1250/2722 2666/3652/2722 4627/3650/2722
f 4627/3650/2720 2666/3652/2723 686/1232/2723 2661/1229/2724
f 2665/3651/2721 4627/3650/2720 2661/1229/2724 685/1228/2725
f 190/1250/2726 1743/3653/2727 4628/3654/2728 2666/3652/2729
f 1743/3653/2727 192/1214/2709 2667/3655/2730 4628/3654/2728
f 4628/3654/2728 2667/3655/2730 687/1233/2731 2663/1231/2732
f 2666/3652/2729 4628/3654/2728 2663/1231/2732 686/1232/2733
f 192/1214/2734 1450/1211/2734 4629/3656/2734 2667/3655/2734
f 1450/1211/1055 319/1210/993 2668/3657/2735 4629/3656/2736
f 4629/3656/2736 2668/3657/2735 688/1233/1680 2664/1234/2737
f 2667/3655/2738 4629/3656/2736 2664/1234/2737 687/1233/2738
f 319/1210/993 1448/1231/2739 4630/1231/2740 2668/3657/2735
f 1448/1231/2739 317/1252/1094 2665/3651/2721 4630/1231/2740
f 4630/1231/2740 2665/3651/2721 685/1228/2725 2662/1231/2741
f 2668/3657/2735 4630/1231/2740 2662/1231/2741 688/1233/1680
f 190/1250/2726 1610/3658/2742 4631/3659/2743 2673/3660/2744
f 1610/3658/2742 189/183/272 2674/3661/2745 4631/3659/2743
f 4631/3659/2743 2674/3661/2745 690/1239/1082 2669/1236/1079
f 2673/3660/2744 4631/3659/2743 2669/1236/1079 689/1235/1078
f 189/183/272 1744/185/274 4632/3662/2746 2674/3661/2745
f 1744/185/274 191/189/281 2675/3663/2747 4632/3662/2746
f 4632/3662/2746 2675/3663/2747 691/1241/1084 2671/1240/1083
f 2674/3661/2745 4632/3662/2746 2671/1240/1083 690/1239/1082
f 191/189/281 1612/3664/2710 4633/3665/2748 2675/3663/2747
f 1612/3664/2710 192/1214/2709 2676/3666/2749 4633/3665/2748
f 4633/3665/2748 2676/3666/2749 692/1243/1086 2672/1242/1085
f 2675/3663/2747 4633/3665/2748 2672/1242/1085 691/1241/1084
f 192/1214/2709 1743/3667/2727 4634/3668/2750 2676/3666/2749
f 1743/3667/2727 190/1250/2726 2673/3660/2744 4634/3668/2750
f 4634/3668/2750 2673/3660/2744 689/1235/1078 2670/1238/1081
f 2676/3666/2749 4634/3668/2750 2670/1238/1081 692/1243/1086
f 188/1248/2751 1608/3669/2752 4635/3670/2753 2681/3671/2754
f 1608/3669/2752 187/177/263 2682/3672/2755 4635/3670/2753
f 4635/3670/2753 2682/3672/2755 694/1257/1099 2677/1254/1096
f 2681/3671/2754 4635/3670/2753 2677/1254/1096 693/1253/1095
f 187/177/263 1746/3673/265 4636/3674/2756 2682/3672/2755
f 1746/3673/265 189/183/272 2683/3675/2757 4636/3674/2756
f 4636/3674/2756 2683/3675/2757 695/1259/1101 2679/1258/1100
f 2682/3672/2755 4636/3674/2756 2679/1258/1100 694/1257/1099
f 189/183/272 1610/3676/2742 4637/3677/2758 2683/3675/2757
f 1610/3676/2742 190/1250/2726 2684/3678/2759 4637/3677/2758
f 4637/3677/2758 2684/3678/2759 696/1261/1103 2680/3679/1102
f 2683/3675/2757 4637/3677/2758 2680/3679/1102 695/1259/1101
f 190/1250/2726 1745/1249/2760 4638/3680/2761 2684/3678/2759
f 1745/1249/2760 188/1248/2751 2681/3671/2754 4638/3680/2761
f 4638/3680/2761 2681/3671/2754 693/1253/1095 2678/1256/1098
f 2684/3678/2759 4638/3680/2761 2678/1256/1098 696/1261/1103
f 313/1284/1126 1441/1283/1125 4639/3681/2762 2689/3682/2763
f 1441/1283/2764 186/1282/2764 2690/3683/2764 4639/3681/2764
f 4639/3681/2762 2690/3683/2765 698/1262/2765 2685/1263/2766
f 2689/3682/2763 4639/3681/2762 2685/1263/2766 697/1262/2767
f 186/1282/2768 1747/3684/2769 4640/3685/2770 2690/3683/2771
f 1747/3684/2769 188/1248/2751 2691/3686/2772 4640/3685/2770
f 4640/3685/2770 2691/3686/2772 699/1265/2773 2687/1264/2774
f 2690/3683/2771 4640/3685/2770 2687/1264/2774 698/1262/2775
f 188/1248/2776 1444/1245/2776 4641/3687/2776 2691/3686/2776
f 1444/1245/1087 315/1244/983 2692/3688/2777 4641/3687/2778
f 4641/3687/2778 2692/3688/2777 700/1265/2779 2688/1266/2780
f 2691/3686/2781 4641/3687/2778 2688/1266/2780 699/1265/2781
f 315/1244/983 1442/1264/2782 4642/3689/2783 2692/3688/2777
f 1442/1264/2782 313/1284/1126 2689/3682/2763 4642/3689/2783
f 4642/3689/2783 2689/3682/2763 697/1262/2767 2686/1264/2784
f 2692/3688/2777 4642/3689/2783 2686/1264/2784 700/1265/2779
f 186/1282/2768 1606/3690/2785 4643/3691/2786 2697/3692/2787
f 1606/3690/2785 185/171/254 2698/3693/2788 4643/3691/2786
f 4643/3691/2786 2698/3693/2788 702/1271/1113 2693/1268/1110
f 2697/3692/2787 4643/3691/2786 2693/1268/1110 701/1267/1109
f 185/171/254 1748/3694/256 4644/3695/2789 2698/3693/2788
f 1748/3694/256 187/177/263 2699/3696/2790 4644/3695/2789
f 4644/3695/2789 2699/3696/2790 703/1273/1115 2695/1272/1114
f 2698/3693/2788 4644/3695/2789 2695/1272/1114 702/1271/1113
f 187/177/263 1608/3669/2752 4645/3697/2791 2699/3696/2790
f 1608/3669/2752 188/1248/2751 2700/3698/2792 4645/3697/2791
f 4645/3697/2791 2700/3698/2792 704/1275/1117 2696/1274/1116
f 2699/3696/2790 4645/3697/2791 2696/1274/1116 703/1273/1115
f 188/1248/2751 1747/3684/2769 4646/3699/2793 2700/3698/2792
f 1747/3684/2769 186/1282/2768 2697/3692/2787 4646/3699/2793
f 4646/3699/2793 2697/3692/2787 701/1267/1109 2694/1270/1112
f 2700/3698/2792 4646/3699/2793 2694/1270/1112 704/1275/1117
f 184/1280/2794 1604/3700/2795 4647/3701/2796 2705/3702/2797
f 1604/3700/2795 183/165/245 2706/3703/2798 4647/3701/2796
f 4647/3701/2796 2706/3703/2798 706/1289/1131 2701/1286/1128
f 2705/3702/2797 4647/3701/2796 2701/1286/1128 705/1285/1127
f 183/165/245 1750/3704/247 4648/3705/2799 2706/3703/2798
f 1750/3704/247 185/171/254 2707/3706/2800 4648/3705/2799
f 4648/3705/2799 2707/3706/2800 707/1291/1133 2703/1290/1132
f 2706/3703/2798 4648/3705/2799 2703/1290/1132 706/1289/1131
f 185/171/254 1606/3707/2785 4649/3708/2801 2707/3706/2800
f 1606/3707/2785 186/1282/2768 2708/3709/2802 4649/3708/2801
f 4649/3708/2801 2708/3709/2802 708/1293/1135 2704/1292/1134
f 2707/3706/2800 4649/3708/2801 2704/1292/1134 707/1291/1133
f 186/1282/2768 1749/1281/2803 4650/3710/2804 2708/3709/2802
f 1749/1281/2803 184/1280/2794 2705/3702/2797 4650/3710/2804
f 4650/3710/2804 2705/3702/2797 705/1285/1127 2702/3711/1130
f 2708/3709/2802 4650/3710/2804 2702/3711/1130 708/1293/1135
f 182/1298/2805 1602/3712/2806 4651/3713/2807 2713/3714/2808
f 1602/3712/2806 181/159/236 2714/3715/2809 4651/3713/2807
f 4651/3713/2807 2714/3715/2809 710/1304/1145 2709/1301/1142
f 2713/3714/2808 4651/3713/2807 2709/1301/1142 709/1300/1141
f 181/159/236 1752/161/238 4652/3716/2810 2714/3715/2809
f 1752/161/238 183/165/245 2715/3717/2811 4652/3716/2810
f 4652/3716/2810 2715/3717/2811 711/1306/1147 2711/3718/1146
f 2714/3715/2809 4652/3716/2810 2711/3718/1146 710/1304/1145
f 183/165/245 1604/3719/2795 4653/3720/2812 2715/3717/2811
f 1604/3719/2795 184/1280/2794 2716/3721/2813 4653/3720/2812
f 4653/3720/2812 2716/3721/2813 712/1308/1149 2712/3722/1148
f 2715/3717/2811 4653/3720/2812 2712/3722/1148 711/1306/1147
f 184/1280/2794 1751/3723/2814 4654/3724/2815 2716/3721/2813
f 1751/3723/2814 182/1298/2805 2713/3714/2808 4654/3724/2815
f 4654/3724/2815 2713/3714/2808 709/1300/1141 2710/3725/1144
f 2716/3721/2813 4654/3724/2815 2710/3725/1144 712/1308/1149
f 307/3726/1195 1432/3727/2816 4655/3728/2817 2721/3729/2818
f 1432/3727/2819 180/3730/2819 2722/3731/2820 4655/3728/2820
f 4655/3728/2817 2722/3731/2821 714/1309/2821 2717/1310/2822
f 2721/3729/2818 4655/3728/2817 2717/1310/2822 713/1309/2823
f 180/3730/2824 1753/3732/2825 4656/3733/2826 2722/3731/2827
f 1753/3732/2825 182/1298/2805 2723/3734/2828 4656/3733/2826
f 4656/3733/2826 2723/3734/2828 715/1313/2829 2719/1311/2830
f 2722/3731/2827 4656/3733/2826 2719/1311/2830 714/1309/2831
f 182/1298/2832 1435/1295/2832 4657/3735/2832 2723/3734/2832
f 1435/1295/1136 309/1294/1062 2724/3736/2833 4657/3735/2834
f 4657/3735/2834 2724/3736/2833 716/1313/2835 2720/3737/2836
f 2723/3734/2837 4657/3735/2834 2720/3737/2836 715/1313/2837
f 309/1294/1062 1433/3738/2838 4658/1311/2839 2724/3736/2833
f 1433/3738/2838 307/3726/1195 2721/3729/2818 4658/1311/2839
f 4658/1311/2839 2721/3729/2818 713/1309/2823 2718/1311/2840
f 2724/3736/2833 4658/1311/2839 2718/1311/2840 716/1313/2835
f 180/3730/2824 1600/3739/2841 4659/3740/2842 2729/3741/2843
f 1600/3739/2841 179/153/227 2730/3742/2844 4659/3740/2842
f 4659/3740/2842 2730/3742/2844 718/1319/1159 2725/1316/1156
f 2729/3741/2843 4659/3740/2842 2725/1316/1156 717/1315/1155
f 179/153/227 1754/3743/229 4660/3744/2845 2730/3742/2844
f 1754/3743/229 181/159/236 2731/3745/2846 4660/3744/2845
f 4660/3744/2845 2731/3745/2846 719/1321/1161 2727/3746/1160
f 2730/3742/2844 4660/3744/2845 2727/3746/1160 718/1319/1159
f 181/159/236 1602/3747/2806 4661/3748/2847 2731/3745/2846
f 1602/3747/2806 182/1298/2805 2732/3749/2848 4661/3748/2847
f 4661/3748/2847 2732/3749/2848 720/1323/1163 2728/3750/1162
f 2731/3745/2846 4661/3748/2847 2728/3750/1162 719/1321/1161
f 182/1298/2805 1753/3751/2825 4662/3752/2849 2732/3749/2848
f 1753/3751/2825 180/3730/2824 2729/3741/2843 4662/3752/2849
f 4662/3752/2849 2729/3741/2843 717/1315/1155 2726/3753/1158
f 2732/3749/2848 4662/3752/2849 2726/3753/1158 720/1323/1163
f 305/1349/1183 1429/1348/1182 4663/3754/2850 2737/3755/2851
f 1429/1348/2852 178/1347/2852 2738/3756/2852 4663/3754/2852
f 4663/3754/2850 2738/3756/2853 722/1328/2853 2733/1325/2854
f 2737/3755/2851 4663/3754/2850 2733/1325/2854 721/1324/1881
f 178/1347/2855 1755/3757/2856 4664/3758/2857 2738/3756/2858
f 1755/3757/2856 180/3730/2824 2739/3759/2859 4664/3758/2857
f 4664/3758/2857 2739/3759/2859 723/1329/2860 2735/1327/2861
f 2738/3756/2858 4664/3758/2857 2735/1327/2861 722/1328/2862
f 180/3730/2819 1432/3760/2819 4665/3761/2863 2739/3759/2863
f 1432/3760/2816 307/3726/1195 2740/3762/2864 4665/3761/2865
f 4665/3761/2865 2740/3762/2864 724/1331/2866 2736/1330/2867
f 2739/3759/2868 4665/3761/2865 2736/1330/2867 723/1329/2868
f 307/3726/1195 1430/3763/2869 4666/3763/2870 2740/3762/2864
f 1430/3763/2869 305/1349/1183 2737/3755/2851 4666/3763/2870
f 4666/3763/2870 2737/3755/2851 721/1324/1881 2734/1327/2871
f 2740/3762/2864 4666/3763/2870 2734/1327/2871 724/1331/2866
f 178/1347/2855 1598/3764/2872 4667/3765/2873 2745/3766/2874
f 1598/3764/2872 177/147/218 2746/3767/2875 4667/3765/2873
f 4667/3765/2873 2746/3767/2875 726/1336/1171 2741/1333/1168
f 2745/3766/2874 4667/3765/2873 2741/1333/1168 725/1332/1167
f 177/147/218 1756/149/220 4668/3768/2876 2746/3767/2875
f 1756/149/220 179/153/227 2747/3769/2877 4668/3768/2876
f 4668/3768/2876 2747/3769/2877 727/1338/1173 2743/1337/1172
f 2746/3767/2875 4668/3768/2876 2743/1337/1172 726/1336/1171
f 179/153/227 1600/3770/2841 4669/3771/2878 2747/3769/2877
f 1600/3770/2841 180/3730/2824 2748/3772/2879 4669/3771/2878
f 4669/3771/2878 2748/3772/2879 728/1340/1175 2744/1339/1174
f 2747/3769/2877 4669/3771/2878 2744/1339/1174 727/1338/1173
f 180/3730/2824 1755/3757/2856 4670/3773/2880 2748/3772/2879
f 1755/3757/2856 178/1347/2855 2745/3766/2874 4670/3773/2880
f 4670/3773/2880 2745/3766/2874 725/1332/1167 2742/1335/1170
f 2748/3772/2879 4670/3773/2880 2742/1335/1170 728/1340/1175
f 176/1345/2881 1596/3774/2882 4671/3775/2883 2753/3776/2884
f 1596/3774/2882 175/141/209 2754/3777/2885 4671/3775/2883
f 4671/3775/2883 2754/3777/2885 730/1354/1187 2749/1351/1185
f 2753/3776/2884 4671/3775/2883 2749/1351/1185 729/1350/1184
f 175/141/209 1758/3778/211 4672/3779/2886 2754/3777/2885
f 1758/3778/211 177/147/218 2755/3780/2887 4672/3779/2886
f 4672/3779/2886 2755/3780/2887 731/1356/1189 2751/3781/1188
f 2754/3777/2885 4672/3779/2886 2751/3781/1188 730/1354/1187
f 177/147/218 1598/3782/2872 4673/3783/2888 2755/3780/2887
f 1598/3782/2872 178/1347/2855 2756/3784/2889 4673/3783/2888
f 4673/3783/2888 2756/3784/2889 732/1358/1191 2752/3785/1190
f 2755/3780/2887 4673/3783/2888 2752/3785/1190 731/1356/1189
f 178/1347/2855 1757/1346/2890 4674/3786/2891 2756/3784/2889
f 1757/1346/2890 176/1345/2881 2753/3776/2884 4674/3786/2891
f 4674/3786/2891 2753/3776/2884 729/1350/1184 2750/3787/1186
f 2756/3784/2889 4674/3786/2891 2750/3787/1186 732/1358/1191
f 174/1363/2892 1594/3788/2893 4675/3789/2894 2761/3790/2895
f 1594/3788/2893 173/135/200 2762/3791/2896 4675/3789/2894
f 4675/3789/2894 2762/3791/2896 734/1369/1202 2757/1366/1199
f 2761/3790/2895 4675/3789/2894 2757/1366/1199 733/1365/1198
f 173/135/200 1760/137/202 4676/3792/2897 2762/3791/2896
f 1760/137/202 175/141/209 2763/3793/2898 4676/3792/2897
f 4676/3792/2897 2763/3793/2898 735/1371/1204 2759/1370/1203
f 2762/3791/2896 4676/3792/2897 2759/1370/1203 734/1369/1202
f 175/141/209 1596/3774/2882 4677/3794/2899 2763/3793/2898
f 1596/3774/2882 176/1345/2881 2764/3795/2900 4677/3794/2899
f 4677/3794/2899 2764/3795/2900 736/1373/1206 2760/3796/1205
f 2763/3793/2898 4677/3794/2899 2760/3796/1205 735/1371/1204
f 176/1345/2881 1759/1364/2901 4678/3797/2902 2764/3795/2900
f 1759/1364/2901 174/1363/2892 2761/3790/2895 4678/3797/2902
f 4678/3797/2902 2761/3790/2895 733/1365/1198 2758/1368/1201
f 2764/3795/2900 4678/3797/2902 2758/1368/1201 736/1373/1206
f 172/1378/2903 1592/3798/2904 4679/3799/2905 2769/3800/2906
f 1592/3798/2904 171/129/191 2770/3801/2907 4679/3799/2905
f 4679/3799/2905 2770/3801/2907 738/1384/1216 2765/1381/1213
f 2769/3800/2906 4679/3799/2905 2765/1381/1213 737/1380/1212
f 171/129/191 1762/3802/193 4680/3803/2908 2770/3801/2907
f 1762/3802/193 173/135/200 2771/3804/2909 4680/3803/2908
f 4680/3803/2908 2771/3804/2909 739/1386/1218 2767/1385/1217
f 2770/3801/2907 4680/3803/2908 2767/1385/1217 738/1384/1216
f 173/135/200 1594/3805/2893 4681/3806/2910 2771/3804/2909
f 1594/3805/2893 174/1363/2892 2772/3807/2911 4681/3806/2910
f 4681/3806/2910 2772/3807/2911 740/1388/1220 2768/3808/1219
f 2771/3804/2909 4681/3806/2910 2768/3808/1219 739/1386/1218
f 174/1363/2892 1761/3809/2912 4682/3810/2913 2772/3807/2911
f 1761/3809/2912 172/1378/2903 2769/3800/2906 4682/3810/2913
f 4682/3810/2913 2769/3800/2906 737/1380/1212 2766/1383/1215
f 2772/3807/2911 4682/3810/2913 2766/1383/1215 740/1388/1220
f 170/1393/2914 1590/3811/2915 4683/3812/2916 2777/3813/2917
f 1590/3811/2915 169/123/182 2778/3814/2918 4683/3812/2916
f 4683/3812/2916 2778/3814/2918 742/1399/1229 2773/1396/1227
f 2777/3813/2917 4683/3812/2916 2773/1396/1227 741/1395/1226
f 169/123/182 1764/125/184 4684/3815/2919 2778/3814/2918
f 1764/125/184 171/129/191 2779/3816/2920 4684/3815/2919
f 4684/3815/2919 2779/3816/2920 743/1401/1231 2775/1400/1230
f 2778/3814/2918 4684/3815/2919 2775/1400/1230 742/1399/1229
f 171/129/191 1592/3798/2904 4685/3817/2921 2779/3816/2920
f 1592/3798/2904 172/1378/2903 2780/3818/2922 4685/3817/2921
f 4685/3817/2921 2780/3818/2922 744/1403/1233 2776/1402/1232
f 2779/3816/2920 4685/3817/2921 2776/1402/1232 743/1401/1231
f 172/1378/2903 1763/3819/2923 4686/3820/2924 2780/3818/2922
f 1763/3819/2923 170/1393/2914 2777/3813/2917 4686/3820/2924
f 4686/3820/2924 2777/3813/2917 741/1395/1226 2774/3821/1228
f 2780/3818/2922 4686/3820/2924 2774/3821/1228 744/1403/1233
f 295/3822/2925 1414/3823/2926 4687/3824/2927 2785/3825/2928
f 1414/3823/2929 168/3826/2929 2786/3827/2930 4687/3824/2930
f 4687/3824/2927 2786/3827/2931 746/1404/2931 2781/1405/2932
f 2785/3825/2928 4687/3824/2927 2781/1405/2932 745/1404/2933
f 168/3826/2934 1765/3828/2935 4688/3829/2936 2786/3827/2937
f 1765/3828/2935 170/1393/2914 2787/3830/2938 4688/3829/2936
f 4688/3829/2936 2787/3830/2938 747/1407/2939 2783/1406/2940
f 2786/3827/2937 4688/3829/2936 2783/1406/2940 746/1404/2941
f 170/1393/2942 1417/1390/2942 4689/3831/2942 2787/3830/2942
f 1417/1390/1221 297/1389/1126 2788/3832/2943 4689/3831/2944
f 4689/3831/2944 2788/3832/2943 748/1407/2945 2784/3833/2946
f 2787/3830/2947 4689/3831/2944 2784/3833/2946 747/1407/2947
f 297/1389/1126 1415/3834/2948 4690/3834/2949 2788/3832/2943
f 1415/3834/2948 295/3822/2925 2785/3825/2928 4690/3834/2949
f 4690/3834/2949 2785/3825/2928 745/1404/2933 2782/3834/2950
f 2788/3832/2943 4690/3834/2949 2782/3834/2950 748/1407/2945
f 168/3826/2934 1588/3835/2951 4691/3836/2952 2793/3837/2953
f 1588/3835/2951 167/117/173 2794/3838/2954 4691/3836/2952
f 4691/3836/2952 2794/3838/2954 750/1413/1239 2789/1410/1237
f 2793/3837/2953 4691/3836/2952 2789/1410/1237 749/1409/1236
f 167/117/173 1766/3839/175 4692/3840/2955 2794/3838/2954
f 1766/3839/175 169/123/182 2795/3841/2956 4692/3840/2955
f 4692/3840/2955 2795/3841/2956 751/1415/1241 2791/1414/1240
f 2794/3838/2954 4692/3840/2955 2791/1414/1240 750/1413/1239
f 169/123/182 1590/3842/2915 4693/3843/2957 2795/3841/2956
f 1590/3842/2915 170/1393/2914 2796/3844/2958 4693/3843/2957
f 4693/3843/2957 2796/3844/2958 752/1417/1243 2792/3845/1242
f 2795/3841/2956 4693/3843/2957 2792/3845/1242 751/1415/1241
f 170/1393/2914 1765/3846/2935 4694/3847/2959 2796/3844/2958
f 1765/3846/2935 168/3826/2934 2793/3837/2953 4694/3847/2959
f 4694/3847/2959 2793/3837/2953 749/1409/1236 2790/1412/1238
f 2796/3844/2958 4694/3847/2959 2790/1412/1238 752/1417/1243
f 293/3848/2925 1411/3849/2960 4695/3850/2961 2801/3851/2962
f 1411/3849/2963 166/3852/2963 2802/3853/2964 4695/3850/2964
f 4695/3850/2961 2802/3853/2965 754/1418/2965 2797/1419/2966
f 2801/3851/2962 4695/3850/2961 2797/1419/2966 753/1418/2967
f 166/3852/2968 1767/3854/2969 4696/3855/2970 2802/3853/2971
f 1767/3854/2969 168/3826/2934 2803/3856/2972 4696/3855/2970
f 4696/3855/2970 2803/3856/2972 755/1421/2973 2799/1420/2974
f 2802/3853/2971 4696/3855/2970 2799/1420/2974 754/1418/2975
f 168/3826/2929 1414/3857/2929 4697/3858/2976 2803/3856/2976
f 1414/3857/2926 295/3822/2925 2804/3859/2818 4697/3858/2977
f 4697/3858/2977 2804/3859/2818 756/1421/2978 2800/3860/2979
f 2803/3856/2980 4697/3858/2977 2800/3860/2979 755/1421/2980
f 295/3822/2925 1412/3861/2981 4698/1420/2982 2804/3859/2818
f 1412/3861/2981 293/3848/2925 2801/3851/2962 4698/1420/2982
f 4698/1420/2982 2801/3851/2962 753/1418/2967 2798/1420/2983
f 2804/3859/2818 4698/1420/2982 2798/1420/2983 756/1421/2978
f 166/3852/2968 1586/3862/2984 4699/3863/2985 2809/3864/2986
f 1586/3862/2984 165/111/164 2810/3865/2987 4699/3863/2985
f 4699/3863/2985 2810/3865/2987 758/1427/1253 2805/1424/1250
f 2809/3864/2986 4699/3863/2985 2805/1424/1250 757/1423/1249
f 165/111/164 1768/3866/166 4700/3867/2988 2810/3865/2987
f 1768/3866/166 167/117/173 2811/3868/2989 4700/3867/2988
f 4700/3867/2988 2811/3868/2989 759/1429/1255 2807/1428/1254
f 2810/3865/2987 4700/3867/2988 2807/1428/1254 758/1427/1253
f 167/117/173 1588/3869/2951 4701/3870/2990 2811/3868/2989
f 1588/3869/2951 168/3826/2934 2812/3871/2991 4701/3870/2990
f 4701/3870/2990 2812/3871/2991 760/1431/1257 2808/3872/1256
f 2811/3868/2989 4701/3870/2990 2808/3872/1256 759/1429/1255
f 168/3826/2934 1767/3873/2969 4702/3874/2992 2812/3871/2991
f 1767/3873/2969 166/3852/2968 2809/3864/2986 4702/3874/2992
f 4702/3874/2992 2809/3864/2986 757/1423/1249 2806/1426/1252
f 2812/3871/2991 4702/3874/2992 2806/1426/1252 760/1431/1257
f 291/1455/1280 1408/1454/1279 4703/3875/2993 2817/3876/2994
f 1408/1454/2995 164/1453/2995 2818/3877/2995 4703/3875/2995
f 4703/3875/2993 2818/3877/2996 762/1435/2996 2813/1433/2997
f 2817/3876/2994 4703/3875/2993 2813/1433/2997 761/1432/2998
f 164/1453/2999 1769/3878/3000 4704/3879/3001 2818/3877/3002
f 1769/3878/3000 166/3852/2968 2819/3880/3003 4704/3879/3001
f 4704/3879/3001 2819/3880/3003 763/1436/3004 2815/3881/3005
f 2818/3877/3002 4704/3879/3001 2815/3881/3005 762/1435/3006
f 166/3852/2963 1411/3882/2963 4705/3883/3007 2819/3880/3007
f 1411/3882/2960 293/3848/2925 2820/3884/3008 4705/3883/3009
f 4705/3883/3009 2820/3884/3008 764/1436/3010 2816/3885/3011
f 2819/3880/3012 4705/3883/3009 2816/3885/3011 763/1436/3012
f 293/3848/2925 1409/3886/3013 4706/3881/3014 2820/3884/3008
f 1409/3886/3013 291/1455/1280 2817/3876/2994 4706/3881/3014
f 4706/3881/3014 2817/3876/2994 761/1432/2998 2814/1434/3015
f 2820/3884/3008 4706/3881/3014 2814/1434/3015 764/1436/3010
f 164/1453/2999 1584/3887/3016 4707/3888/3017 2825/3889/3018
f 1584/3887/3016 163/105/155 2826/3890/3019 4707/3888/3017
f 4707/3888/3017 2826/3890/3019 766/1442/1268 2821/1439/1266
f 2825/3889/3018 4707/3888/3017 2821/1439/1266 765/1438/1265
f 163/105/155 1770/107/157 4708/3891/3020 2826/3890/3019
f 1770/107/157 165/111/164 2827/3892/3021 4708/3891/3020
f 4708/3891/3020 2827/3892/3021 767/1444/1270 2823/3893/1269
f 2826/3890/3019 4708/3891/3020 2823/3893/1269 766/1442/1268
f 165/111/164 1586/3862/2984 4709/3894/3022 2827/3892/3021
f 1586/3862/2984 166/3852/2968 2828/3895/3023 4709/3894/3022
f 4709/3894/3022 2828/3895/3023 768/1446/1272 2824/3896/1271
f 2827/3892/3021 4709/3894/3022 2824/3896/1271 767/1444/1270
f 166/3852/2968 1769/3897/3000 4710/3898/3024 2828/3895/3023
f 1769/3897/3000 164/1453/2999 2825/3889/3018 4710/3898/3024
f 4710/3898/3024 2825/3889/3018 765/1438/1265 2822/1441/1267
f 2828/3895/3023 4710/3898/3024 2822/1441/1267 768/1446/1272
f 162/1451/3025 1582/3899/3026 4711/3900/3027 2833/3901/3028
f 1582/3899/3026 161/99/146 2834/3902/3029 4711/3900/3027
f 4711/3900/3027 2834/3902/3029 770/1460/1284 2829/1457/1282
f 2833/3901/3028 4711/3900/3027 2829/1457/1282 769/1456/1281
f 161/99/146 1772/3903/148 4712/3904/3030 2834/3902/3029
f 1772/3903/148 163/105/155 2835/3905/3031 4712/3904/3030
f 4712/3904/3030 2835/3905/3031 771/1462/1286 2831/1461/1285
f 2834/3902/3029 4712/3904/3030 2831/1461/1285 770/1460/1284
f 163/105/155 1584/3906/3016 4713/3907/3032 2835/3905/3031
f 1584/3906/3016 164/1453/2999 2836/3908/3033 4713/3907/3032
f 4713/3907/3032 2836/3908/3033 772/1464/1288 2832/3909/1287
f 2835/3905/3031 4713/3907/3032 2832/3909/1287 771/1462/1286
f 164/1453/2999 1771/3910/3034 4714/3911/3035 2836/3908/3033
f 1771/3910/3034 162/1451/3025 2833/3901/3028 4714/3911/3035
f 4714/3911/3035 2833/3901/3028 769/1456/1281 2830/1459/1283
f 2836/3908/3033 4714/3911/3035 2830/1459/1283 772/1464/1288
f 287/1488/1308 1402/1487/1307 4715/3912/3036 2841/3913/3037
f 1402/1487/3038 160/1486/3038 2842/3914/3038 4715/3912/3038
f 4715/3912/3036 2842/3914/3039 774/1465/3039 2837/1466/3040
f 2841/3913/3037 4715/3912/3036 2837/1466/3040 773/1465/3041
f 160/1486/3042 1773/3915/3043 4716/3916/3044 2842/3914/3045
f 1773/3915/3043 162/1451/3025 2843/3917/3046 4716/3916/3044
f 4716/3916/3044 2843/3917/3046 775/1469/3047 2839/1468/3048
f 2842/3914/3045 4716/3916/3044 2839/1468/3048 774/1465/3049
f 162/1451/3050 1405/1448/3050 4717/3918/3050 2843/3917/3050
f 1405/1448/1273 289/1447/1183 2844/3919/3051 4717/3918/3052
f 4717/3918/3052 2844/3919/3051 776/1469/3053 2840/3920/3054
f 2843/3917/3055 4717/3918/3052 2840/3920/3054 775/1469/3055
f 289/1447/1183 1403/3921/3056 4718/3921/3057 2844/3919/3051
f 1403/3921/3056 287/1488/1308 2841/3913/3037 4718/3921/3057
f 4718/3921/3057 2841/3913/3037 773/1465/3041 2838/1468/3058
f 2844/3919/3051 4718/3921/3057 2838/1468/3058 776/1469/3053
f 160/1486/3042 1580/3922/3059 4719/3923/3060 2849/3924/3061
f 1580/3922/3059 159/93/137 2850/3925/3062 4719/3923/3060
f 4719/3923/3060 2850/3925/3062 778/1475/1296 2845/1472/1294
f 2849/3924/3061 4719/3923/3060 2845/1472/1294 777/1471/1293
f 159/93/137 1774/95/139 4720/3926/3063 2850/3925/3062
f 1774/95/139 161/99/146 2851/3927/3064 4720/3926/3063
f 4720/3926/3063 2851/3927/3064 779/1477/1298 2847/1476/1297
f 2850/3925/3062 4720/3926/3063 2847/1476/1297 778/1475/1296
f 161/99/146 1582/3928/3026 4721/3929/3065 2851/3927/3064
f 1582/3928/3026 162/1451/3025 2852/3930/3066 4721/3929/3065
f 4721/3929/3065 2852/3930/3066 780/1479/1300 2848/3931/1299
f 2851/3927/3064 4721/3929/3065 2848/3931/1299 779/1477/1298
f 162/1451/3025 1773/3932/3043 4722/3933/3067 2852/3930/3066
f 1773/3932/3043 160/1486/3042 2849/3924/3061 4722/3933/3067
f 4722/3933/3067 2849/3924/3061 777/1471/1293 2846/1474/1295
f 2852/3930/3066 4722/3933/3067 2846/1474/1295 780/1479/1300
f 158/1484/3068 1578/3934/3069 4723/3935/3070 2857/3936/3071
f 1578/3934/3069 157/87/128 2858/3937/3072 4723/3935/3070
f 4723/3935/3070 2858/3937/3072 782/1493/1312 2853/1490/1310
f 2857/3936/3071 4723/3935/3070 2853/1490/1310 781/1489/1309
f 157/87/128 1776/89/130 4724/3938/3073 2858/3937/3072
f 1776/89/130 159/93/137 2859/3939/3074 4724/3938/3073
f 4724/3938/3073 2859/3939/3074 783/1495/1314 2855/3940/1313
f 2858/3937/3072 4724/3938/3073 2855/3940/1313 782/1493/1312
f 159/93/137 1580/3941/3059 4725/3942/3075 2859/3939/3074
f 1580/3941/3059 160/1486/3042 2860/3943/3076 4725/3942/3075
f 4725/3942/3075 2860/3943/3076 784/1497/1316 2856/1496/1315
f 2859/3939/3074 4725/3942/3075 2856/1496/1315 783/1495/1314
f 160/1486/3042 1775/1485/3077 4726/3944/3078 2860/3943/3076
f 1775/1485/3077 158/1484/3068 2857/3936/3071 4726/3944/3078
f 4726/3944/3078 2857/3936/3071 781/1489/1309 2854/3945/1311
f 2860/3943/3076 4726/3944/3078 2854/3945/1311 784/1497/1316
f 283/1521/1308 1396/1520/1337 4727/3946/3079 2865/3947/3080
f 1396/1520/3081 156/1519/3081 2866/3948/3081 4727/3946/3081
f 4727/3946/3079 2866/3948/3082 786/1501/3082 2861/1499/3083
f 2865/3947/3080 4727/3946/3079 2861/1499/3083 785/1498/3084
f 156/1519/3085 1777/3949/3086 4728/3950/3087 2866/3948/3088
f 1777/3949/3086 158/1484/3068 2867/3951/3089 4728/3950/3087
f 4728/3950/3087 2867/3951/3089 787/1502/3090 2863/3952/3091
f 2866/3948/3088 4728/3950/3087 2863/3952/3091 786/1501/3092
f 158/1484/3093 1399/3953/3093 4729/3954/3093 2867/3951/3093
f 1399/3953/1301 285/1480/1183 2868/3955/3094 4729/3954/3095
f 4729/3954/3095 2868/3955/3094 788/1502/3096 2864/3956/3097
f 2867/3951/3098 4729/3954/3095 2864/3956/3097 787/1502/3098
f 285/1480/1183 1397/3957/3099 4730/3957/3100 2868/3955/3094
f 1397/3957/3099 283/1521/1308 2865/3947/3080 4730/3957/3100
f 4730/3957/3100 2865/3947/3080 785/1498/3084 2862/1500/3101
f 2868/3955/3094 4730/3957/3100 2862/1500/3101 788/1502/3096
f 156/1519/3085 1576/3958/3102 4731/3959/3103 2873/3960/3104
f 1576/3958/3102 155/81/119 2874/3961/3105 4731/3959/3103
f 4731/3959/3103 2874/3961/3105 790/1508/1326 2869/1505/1323
f 2873/3960/3104 4731/3959/3103 2869/1505/1323 789/1504/1322
f 155/81/119 1778/3962/121 4732/3963/3106 2874/3961/3105
f 1778/3962/121 157/87/128 2875/3964/3107 4732/3963/3106
f 4732/3963/3106 2875/3964/3107 791/1510/1328 2871/3965/1327
f 2874/3961/3105 4732/3963/3106 2871/3965/1327 790/1508/1326
f 157/87/128 1578/3966/3069 4733/3967/3108 2875/3964/3107
f 1578/3966/3069 158/1484/3068 2876/3968/3109 4733/3967/3108
f 4733/3967/3108 2876/3968/3109 792/1512/1330 2872/3969/1329
f 2875/3964/3107 4733/3967/3108 2872/3969/1329 791/1510/1328
f 158/1484/3068 1777/3949/3086 4734/3970/3110 2876/3968/3109
f 1777/3949/3086 156/1519/3085 2873/3960/3104 4734/3970/3110
f 4734/3970/3110 2873/3960/3104 789/1504/1322 2870/1507/1325
f 2876/3968/3109 4734/3970/3110 2870/1507/1325 792/1512/1330
f 154/1517/3111 1574/3971/3112 4735/3972/3113 2881/3973/3114
f 1574/3971/3112 153/75/110 2882/3974/3115 4735/3972/3113
f 4735/3972/3113 2882/3974/3115 794/1526/1342 2877/1523/1339
f 2881/3973/3114 4735/3972/3113 2877/1523/1339 793/1522/1338
f 153/75/110 1780/3975/112 4736/3976/3116 2882/3974/3115
f 1780/3975/112 155/81/119 2883/3977/3117 4736/3976/3116
f 4736/3976/3116 2883/3977/3117 795/1528/1344 2879/3978/1343
f 2882/3974/3115 4736/3976/3116 2879/3978/1343 794/1526/1342
f 155/81/119 1576/3958/3102 4737/3979/3118 2883/3977/3117
f 1576/3958/3102 156/1519/3085 2884/3980/3119 4737/3979/3118
f 4737/3979/3118 2884/3980/3119 796/1530/1346 2880/3981/1345
f 2883/3977/3117 4737/3979/3118 2880/3981/1345 795/1528/1344
f 156/1519/3085 1779/1518/3120 4738/3982/3121 2884/3980/3119
f 1779/1518/3120 154/1517/3111 2881/3973/3114 4738/3982/3121
f 4738/3982/3121 2881/3973/3114 793/1522/1338 2878/3983/1341
f 2884/3980/3119 4738/3982/3121 2878/3983/1341 796/1530/1346
f 152/1535/3122 1572/3984/3123 4739/3985/3124 2889/3986/3125
f 1572/3984/3123 151/69/101 2890/3987/3126 4739/3985/3124
f 4739/3985/3124 2890/3987/3126 798/1541/1356 2885/1538/1353
f 2889/3986/3125 4739/3985/3124 2885/1538/1353 797/1537/1352
f 151/69/101 1782/71/103 4740/3988/3127 2890/3987/3126
f 1782/71/103 153/75/110 2891/3989/3128 4740/3988/3127
f 4740/3988/3127 2891/3989/3128 799/1543/1358 2887/3990/1357
f 2890/3987/3126 4740/3988/3127 2887/3990/1357 798/1541/1356
f 153/75/110 1574/3971/3112 4741/3991/3129 2891/3989/3128
f 1574/3971/3112 154/1517/3111 2892/3992/3130 4741/3991/3129
f 4741/3991/3129 2892/3992/3130 800/1545/1360 2888/1544/1359
f 2891/3989/3128 4741/3991/3129 2888/1544/1359 799/1543/1358
f 154/1517/3111 1781/3993/3131 4742/3994/3132 2892/3992/3130
f 1781/3993/3131 152/1535/3122 2889/3986/3125 4742/3994/3132
f 4742/3994/3132 2889/3986/3125 797/1537/1352 2886/1540/1355
f 2892/3992/3130 4742/3994/3132 2886/1540/1355 800/1545/1360
f 150/1550/3133 1570/3995/3134 4743/3996/3135 2897/3997/3136
f 1570/3995/3134 149/63/92 2898/3998/3137 4743/3996/3135
f 4743/3996/3135 2898/3998/3137 802/1556/1369 2893/1553/1366
f 2897/3997/3136 4743/3996/3135 2893/1553/1366 801/1552/1365
f 149/63/92 1784/3999/94 4744/4000/3138 2898/3998/3137
f 1784/3999/94 151/69/101 2899/4001/3139 4744/4000/3138
f 4744/4000/3138 2899/4001/3139 803/1558/1371 2895/1557/1370
f 2898/3998/3137 4744/4000/3138 2895/1557/1370 802/1556/1369
f 151/69/101 1572/4002/3123 4745/4003/3140 2899/4001/3139
f 1572/4002/3123 152/1535/3122 2900/4004/3141 4745/4003/3140
f 4745/4003/3140 2900/4004/3141 804/1560/1373 2896/4005/1372
f 2899/4001/3139 4745/4003/3140 2896/4005/1372 803/1558/1371
f 152/1535/3122 1783/4006/3142 4746/4007/3143 2900/4004/3141
f 1783/4006/3142 150/1550/3133 2897/3997/3136 4746/4007/3143
f 4746/4007/3143 2897/3997/3136 801/1552/1365 2894/4008/1368
f 2900/4004/3141 4746/4007/3143 2894/4008/1368 804/1560/1373
f 148/1565/1399 1568/1584/1398 4747/4009/3144 2905/4010/3145
f 1568/1584/1398 147/57/83 2906/4011/3146 4747/4009/3144
f 4747/4009/3144 2906/4011/3146 806/1571/1384 2901/1568/1381
f 2905/4010/3145 4747/4009/3144 2901/1568/1381 805/1567/1380
f 147/57/83 1786/4012/85 4748/4013/3147 2906/4011/3146
f 1786/4012/85 149/63/92 2907/4014/3148 4748/4013/3147
f 4748/4013/3147 2907/4014/3148 807/1573/1386 2903/1572/1385
f 2906/4011/3146 4748/4013/3147 2903/1572/1385 806/1571/1384
f 149/63/92 1570/4015/3134 4749/4016/3149 2907/4014/3148
f 1570/4015/3134 150/1550/3133 2908/4017/3150 4749/4016/3149
f 4749/4016/3149 2908/4017/3150 808/1575/1388 2904/4018/1387
f 2907/4014/3148 4749/4016/3149 2904/4018/1387 807/1573/1386
f 150/1550/3133 1785/4019/3151 4750/4020/3152 2908/4017/3150
f 1785/4019/3151 148/1565/1399 2905/4010/3145 4750/4020/3152
f 4750/4020/3152 2905/4010/3145 805/1567/1380 2902/1570/1383
f 2908/4017/3150 4750/4020/3152 2902/1570/1383 808/1575/1388
f 265/4021/3153 1369/4022/3154 4751/4023/3155 2913/4024/3156
f 1369/4022/3157 138/4025/3157 2914/4026/3158 4751/4023/3158
f 4751/4023/3155 2914/4026/3159 810/1621/3159 2909/1619/3160
f 2913/4024/3156 4751/4023/3155 2909/1619/3160 809/1618/3161
f 138/4025/3162 1795/4027/3163 4752/4028/3164 2914/4026/3165
f 1795/4027/3163 140/1613/1423 2915/4029/3166 4752/4028/3164
f 4752/4028/3164 2915/4029/3166 811/1623/3167 2911/4030/3168
f 2914/4026/3165 4752/4028/3164 2911/4030/3168 810/1621/3169
f 140/1613/1420 1372/1610/1419 4753/4031/3170 2915/4029/3170
f 1372/1610/1416 267/1609/578 2916/4032/3171 4753/4031/3172
f 4753/4031/3172 2916/4032/3171 812/1623/3173 2912/4033/3174
f 2915/4029/3175 4753/4031/3172 2912/4033/3174 811/1623/3175
f 267/1609/578 1370/1620/3176 4754/1620/3177 2916/4032/3171
f 1370/1620/3176 265/4021/3153 2913/4024/3156 4754/1620/3177
f 4754/1620/3177 2913/4024/3156 809/1618/3161 2910/1620/3178
f 2916/4032/3171 4754/1620/3177 2910/1620/3178 812/1623/3173
f 138/4025/3162 1558/4034/3179 4755/4035/3180 2921/4036/3181
f 1558/4034/3179 137/27/38 2922/4037/3182 4755/4035/3180
f 4755/4035/3180 2922/4037/3182 814/1629/1437 2917/1626/1434
f 2921/4036/3181 4755/4035/3180 2917/1626/1434 813/1625/1433
f 137/27/38 1796/4038/40 4756/4039/3183 2922/4037/3182
f 1796/4038/40 139/33/47 2923/4040/3184 4756/4039/3183
f 4756/4039/3183 2923/4040/3184 815/1631/1439 2919/4041/1438
f 2922/4037/3182 4756/4039/3183 2919/4041/1438 814/1629/1437
f 139/33/47 1560/1615/1424 4757/4042/3185 2923/4040/3184
f 1560/1615/1424 140/1613/1423 2924/4043/3186 4757/4042/3185
f 4757/4042/3185 2924/4043/3186 816/1633/1441 2920/4044/1440
f 2923/4040/3184 4757/4042/3185 2920/4044/1440 815/1631/1439
f 140/1613/1423 1795/4045/3163 4758/4046/3187 2924/4043/3186
f 1795/4045/3163 138/4025/3162 2921/4036/3181 4758/4046/3187
f 4758/4046/3187 2921/4036/3181 813/1625/1433 2918/1628/1436
f 2924/4043/3186 4758/4046/3187 2918/1628/1436 816/1633/1441
f 263/1657/579 1366/1656/1464 4759/4047/3188 2929/4048/3189
f 1366/1656/3190 136/1655/3190 2930/4049/3190 4759/4047/3190
f 4759/4047/3188 2930/4049/3191 818/1634/3191 2925/1635/3192
f 2929/4048/3189 4759/4047/3188 2925/1635/3192 817/1634/3193
f 136/1655/3194 1797/4050/3195 4760/4051/3196 2930/4049/3197
f 1797/4050/3195 138/4025/3162 2931/4052/3198 4760/4051/3196
f 4760/4051/3196 2931/4052/3198 819/1638/3199 2927/4053/3200
f 2930/4049/3197 4760/4051/3196 2927/4053/3200 818/1634/3201
f 138/4025/3157 1369/4054/3157 4761/4055/3202 2931/4052/3202
f 1369/4054/3154 265/4021/3153 2932/4056/3203 4761/4055/3204
f 4761/4055/3204 2932/4056/3203 820/1638/3205 2928/4057/3206
f 2931/4052/3207 4761/4055/3204 2928/4057/3206 819/1638/3207
f 265/4021/3153 1367/1636/3208 4762/1636/3209 2932/4056/3203
f 1367/1636/3208 263/1657/579 2929/4048/3189 4762/1636/3209
f 4762/1636/3209 2929/4048/3189 817/1634/3193 2926/1636/3210
f 2932/4056/3203 4762/1636/3209 2926/1636/3210 820/1638/3205
f 136/1655/3194 1556/4058/3211 4763/4059/3212 2937/4060/3213
f 1556/4058/3211 135/21/29 2938/4061/3214 4763/4059/3212
f 4763/4059/3212 2938/4061/3214 822/1644/1452 2933/1641/1449
f 2937/4060/3213 4763/4059/3212 2933/1641/1449 821/1640/1448
f 135/21/29 1798/4062/31 4764/4063/3215 2938/4061/3214
f 1798/4062/31 137/27/38 2939/4064/3216 4764/4063/3215
f 4764/4063/3215 2939/4064/3216 823/1646/1454 2935/1645/1453
f 2938/4061/3214 4764/4063/3215 2935/1645/1453 822/1644/1452
f 137/27/38 1558/4034/3179 4765/4065/3217 2939/4064/3216
f 1558/4034/3179 138/4025/3162 2940/4066/3218 4765/4065/3217
f 4765/4065/3217 2940/4066/3218 824/1648/1456 2936/4067/1455
f 2939/4064/3216 4765/4065/3217 2936/4067/1455 823/1646/1454
f 138/4025/3162 1797/4050/3195 4766/4068/3219 2940/4066/3218
f 1797/4050/3195 136/1655/3194 2937/4060/3213 4766/4068/3219
f 4766/4068/3219 2937/4060/3213 821/1640/1448 2934/4069/1451
f 2940/4066/3218 4766/4068/3219 2934/4069/1451 824/1648/1456
f 134/1653/3220 1554/4070/3221 4767/4071/3222 2945/4072/3223
f 1554/4070/3221 133/15/20 2946/4073/3224 4767/4071/3222
f 4767/4071/3222 2946/4073/3224 826/1662/1469 2941/1659/1466
f 2945/4072/3223 4767/4071/3222 2941/1659/1466 825/1658/1465
f 133/15/20 1800/4074/22 4768/4075/3225 2946/4073/3224
f 1800/4074/22 135/21/29 2947/4076/3226 4768/4075/3225
f 4768/4075/3225 2947/4076/3226 827/1664/1471 2943/4077/1470
f 2946/4073/3224 4768/4075/3225 2943/4077/1470 826/1662/1469
f 135/21/29 1556/4078/3211 4769/4079/3227 2947/4076/3226
f 1556/4078/3211 136/1655/3194 2948/4080/3228 4769/4079/3227
f 4769/4079/3227 2948/4080/3228 828/1666/1473 2944/1665/1472
f 2947/4076/3226 4769/4079/3227 2944/1665/1472 827/1664/1471
f 136/1655/3194 1799/4081/3229 4770/4082/3230 2948/4080/3228
f 1799/4081/3229 134/1653/3220 2945/4072/3223 4770/4082/3230
f 4770/4082/3230 2945/4072/3223 825/1658/1465 2942/4083/1468
f 2948/4080/3228 4770/4082/3230 2942/4083/1468 828/1666/1473
f 258/4084/599 1360/4085/3231 4771/4086/3232 2953/4087/3233
f 1360/4085/3234 132/4088/3234 2954/4089/3235 4771/4086/3235
f 4771/4086/3232 2954/4089/3236 830/1670/3236 2949/1668/3237
f 2953/4087/3233 4771/4086/3232 2949/1668/3237 829/1667/3238
f 132/4088/3239 1801/4090/3240 4772/4091/3241 2954/4089/3242
f 1801/4090/3240 134/1653/3220 2955/4092/3243 4772/4091/3241
f 4772/4091/3241 2955/4092/3243 831/1671/3244 2951/1669/3245
f 2954/4089/3242 4772/4091/3241 2951/1669/3245 830/1670/3246
f 134/1653/3247 1363/1650/3247 4773/4093/3247 2955/4092/3247
f 1363/1650/1458 261/1649/1457 2956/4094/3248 4773/4093/3249
f 4773/4093/3249 2956/4094/3248 832/1671/2017 2952/1672/3250
f 2955/4092/3251 4773/4093/3249 2952/1672/3250 831/1671/3251
f 261/1649/1457 1361/1669/3252 4774/4095/3253 2956/4094/3248
f 1361/1669/3252 258/4084/599 2953/4087/3233 4774/4095/3253
f 4774/4095/3253 2953/4087/3233 829/1667/3238 2950/1669/3254
f 2956/4094/3248 4774/4095/3253 2950/1669/3254 832/1671/2017
f 132/4088/3239 1552/4096/3255 4775/4097/3256 2961/4098/3257
f 1552/4096/3255 131/9/11 2962/4099/3258 4775/4097/3256
f 4775/4097/3256 2962/4099/3258 834/1677/1483 2957/1674/1481
f 2961/4098/3257 4775/4097/3256 2957/1674/1481 833/1673/1480
f 131/9/11 1802/4100/13 4776/4101/3259 2962/4099/3258
f 1802/4100/13 133/15/20 2963/4102/3260 4776/4101/3259
f 4776/4101/3259 2963/4102/3260 835/1679/1485 2959/1678/1484
f 2962/4099/3258 4776/4101/3259 2959/1678/1484 834/1677/1483
f 133/15/20 1554/4103/3221 4777/4104/3261 2963/4102/3260
f 1554/4103/3221 134/1653/3220 2964/4105/3262 4777/4104/3261
f 4777/4104/3261 2964/4105/3262 836/1681/1487 2960/1680/1486
f 2963/4102/3260 4777/4104/3261 2960/1680/1486 835/1679/1485
f 134/1653/3220 1801/4106/3240 4778/4107/3263 2964/4105/3262
f 1801/4106/3240 132/4088/3239 2961/4098/3257 4778/4107/3263
f 4778/4107/3263 2961/4098/3257 833/1673/1480 2958/1676/1482
f 2964/4105/3262 4778/4107/3263 2958/1676/1482 836/1681/1487
f 257/4108/587 1549/4109/586 4779/4110/3264 2969/4111/3265
f 1549/4109/3266 129/4108/3266 2970/4111/3266 4779/4110/3266
f 4779/4110/3264 2970/4111/3267 838/1682/3267 2965/1683/3268
f 2969/4111/3265 4779/4110/3264 2965/1683/3268 837/1682/3269
f 129/4108/2139 1803/4112/3270 4780/4113/3271 2970/4111/3272
f 1803/4112/3270 132/4088/3239 2971/4114/3273 4780/4113/3271
f 4780/4113/3271 2971/4114/3273 839/1685/3274 2967/1684/3275
f 2970/4111/3272 4780/4113/3271 2967/1684/3275 838/1682/3276
f 132/4088/3234 1360/4115/3234 4781/4116/3277 2971/4114/3277
f 1360/4115/3231 258/4084/599 2972/4117/3278 4781/4116/3279
f 4781/4116/3279 2972/4117/3278 840/1687/3280 2968/1686/3281
f 2971/4114/3282 4781/4116/3279 2968/1686/3281 839/1685/3282
f 258/4084/599 1357/1684/3283 4782/1684/3284 2972/4117/3278
f 1357/1684/3283 257/4108/587 2969/4111/3265 4782/1684/3284
f 4782/1684/3284 2969/4111/3265 837/1682/3269 2966/1684/3285
f 2972/4117/3278 4782/1684/3284 2966/1684/3285 840/1687/3280
f 129/4108/2139 1550/4118/2137 4783/4119/3286 2977/4120/3287
f 1550/4118/2137 130/1/1 2978/4121/3288 4783/4119/3286
f 4783/4119/3286 2978/4121/3288 842/1692/1497 2973/1689/1495
f 2977/4120/3287 4783/4119/3286 2973/1689/1495 841/1688/1494
f 130/1/1 1804/4122/4 4784/4123/3289 2978/4121/3288
f 1804/4122/4 131/9/11 2979/4124/3290 4784/4123/3289
f 4784/4123/3289 2979/4124/3290 843/1694/1499 2975/1693/1498
f 2978/4121/3288 4784/4123/3289 2975/1693/1498 842/1692/1497
f 131/9/11 1552/4125/3255 4785/4126/3291 2979/4124/3290
f 1552/4125/3255 132/4088/3239 2980/4127/3292 4785/4126/3291
f 4785/4126/3291 2980/4127/3292 844/1696/1501 2976/1695/1500
f 2979/4124/3290 4785/4126/3291 2976/1695/1500 843/1694/1499
f 132/4088/3239 1803/4112/3270 4786/4128/3293 2980/4127/3292
f 1803/4112/3270 129/4108/2139 2977/4120/3287 4786/4128/3293
f 4786/4128/3293 2977/4120/3287 841/1688/1494 2974/1691/1496
f 2980/4127/3292 4786/4128/3293 2974/1691/1496 844/1696/1501
f 3/2789/561 1805/4129/561 4787/4130/561 2985/4131/1502
f 1805/4129/561 1/2785/561 2986/4132/1503 4787/4130/561
f 4787/4130/561 2986/4132/1503 846/2792/1503 2981/574/561
f 2985/4131/1502 4787/4130/561 2981/574/561 845/2791/1502
f 1/2785/561 1934/4133/561 4788/4134/1503 2986/4132/1503
f 1934/4133/640 257/4135/587 2987/4136/3294 4788/4134/3295
f 4788/4134/3295 2987/4136/3294 847/4135/1504 2983/1699/640
f 2986/4132/1503 4788/4134/1503 2983/1699/1503 846/2792/1503
f 257/4135/587 1357/1701/3283 4789/4137/1555 2987/4136/3294
f 1357/1701/3283 258/4138/599 2988/4139/3296 4789/4137/1555
f 4789/4137/1555 2988/4139/3296 848/4138/1505 2984/1701/578
f 2987/4136/3294 4789/4137/1555 2984/1701/578 847/4135/1504
f 258/4138/599 1933/4140/578 4790/4141/1819 2988/4139/3296
f 1933/4140/561 3/2789/561 2985/4131/1502 4790/4141/1502
f 4790/4141/1502 2985/4131/1502 845/2791/1502 2982/4142/1502
f 2988/4139/3296 4790/4141/1819 2982/4142/578 848/4138/1505
f 2/2533/578 1806/4143/578 4791/4144/578 2993/4145/3297
f 1806/4143/578 4/2529/578 2994/4146/3298 4791/4144/578
f 4791/4144/578 2994/4146/3298 850/1707/1508 2989/1704/578
f 2993/4145/3297 4791/4144/578 2989/1704/578 849/1703/1506
f 4/2529/578 1936/4147/1689 4792/4148/3299 2994/4146/3298
f 1936/4147/3300 259/4149/9 2995/4150/3301 4792/4148/3302
f 4792/4148/3302 2995/4150/3301 851/1709/1511 2991/4151/1510
f 2994/4146/3298 4792/4148/3299 2991/4151/1509 850/1707/1508
f 259/4149/9 1358/4152/7 4793/4153/3303 2995/4150/3301
f 1358/4152/7 260/4154/6 2996/4155/3304 4793/4153/3303
f 4793/4153/3303 2996/4155/3304 852/1711/1514 2992/4156/1512
f 2995/4150/3301 4793/4153/3303 2992/4156/1512 851/1709/1511
f 260/4154/6 1935/4157/3305 4794/4158/3306 2996/4155/3304
f 1935/4157/1689 2/2533/578 2993/4145/3297 4794/4158/3307
f 4794/4158/3307 2993/4145/3297 849/1703/1506 2990/4159/1507
f 2996/4155/3304 4794/4158/3306 2990/4159/1513 852/1711/1514
f 5/2795/561 1807/2793/561 4795/4160/561 3001/4161/1502
f 1807/2793/561 3/2789/561 3002/4162/1503 4795/4160/561
f 4795/4160/561 3002/4162/1503 854/2791/1503 2997/577/561
f 3001/4161/1502 4795/4160/561 2997/577/561 853/2797/1502
f 3/2789/561 1933/4163/561 4796/4164/1503 3002/4162/1503
f 1933/4163/578 258/4138/599 3003/4165/3308 4796/4164/719
f 4796/4164/719 3003/4165/3308 855/4138/1515 2999/1698/578
f 3002/4162/1503 4796/4164/1503 2999/1698/1503 854/2791/1503
f 258/4138/599 1361/4166/3252 4797/4167/625 3003/4165/3308
f 1361/4166/3252 261/4168/1457 3004/4169/3309 4797/4167/625
f 4797/4167/625 3004/4169/3309 856/4168/1516 3000/4166/578
f 3003/4165/3308 4797/4167/625 3000/4166/578 855/4138/1515
f 261/4168/1457 1937/4170/1374 4798/4171/3310 3004/4169/3309
f 1937/4170/561 5/2795/561 3001/4161/1502 4798/4171/1502
f 4798/4171/1502 3001/4161/1502 853/2797/1502 2998/1713/1502
f 3004/4169/3309 4798/4171/3310 2998/1713/1374 856/4168/1516
f 4/2529/578 1808/4172/578 4799/4173/578 3009/4174/3311
f 1808/4172/578 6/2781/578 3010/4175/3312 4799/4173/578
f 4799/4173/578 3010/4175/3312 858/1720/1519 3005/1717/578
f 3009/4174/3311 4799/4173/578 3005/1717/578 857/1716/1517
f 6/2781/578 1938/4176/1689 4800/4177/3313 3010/4175/3312
f 1938/4176/3314 262/4178/18 3011/4179/3315 4800/4177/3316
f 4800/4177/3316 3011/4179/3315 859/1722/1522 3007/4180/1521
f 3010/4175/3312 4800/4177/3313 3007/4180/1520 858/1720/1519
f 262/4178/18 1362/4181/16 4801/4182/3317 3011/4179/3315
f 1362/4181/16 259/4149/15 3012/4183/3318 4801/4182/3317
f 4801/4182/3317 3012/4183/3318 860/1724/1525 3008/4184/1523
f 3011/4179/3315 4801/4182/3317 3008/4184/1523 859/1722/1522
f 259/4149/15 1936/4147/3319 4802/4185/3320 3012/4183/3318
f 1936/4147/1689 4/2529/578 3009/4174/3311 4802/4185/3321
f 4802/4185/3321 3009/4174/3311 857/1716/1517 3006/4186/1518
f 3012/4183/3318 4802/4185/3320 3006/4186/1524 860/1724/1525
f 7/2800/561 1809/4187/561 4803/4188/561 3017/4189/1502
f 1809/4187/561 5/2795/561 3018/4190/1503 4803/4188/561
f 4803/4188/561 3018/4190/1503 862/2797/1503 3013/576/561
f 3017/4189/1502 4803/4188/561 3013/576/561 861/2802/1502
f 5/2795/561 1937/4191/561 4804/4192/1503 3018/4190/1503
f 1937/4191/1374 261/4168/1457 3019/4193/3322 4804/4192/2350
f 4804/4192/2350 3019/4193/3322 863/4168/719 3015/1713/640
f 3018/4190/1503 4804/4192/1503 3015/1713/1503 862/2797/1503
f 261/4168/1457 1364/1727/1460 4805/4194/3153 3019/4193/3322
f 1364/1727/1460 263/4195/579 3020/4196/3323 4805/4194/3153
f 4805/4194/3153 3020/4196/3323 864/4195/1183 3016/1727/578
f 3019/4193/3322 4805/4194/3153 3016/1727/578 863/4168/719
f 263/4195/579 1939/4197/1555 4806/4198/2981 3020/4196/3323
f 1939/4197/561 7/2800/561 3017/4189/1502 4806/4198/1502
f 4806/4198/1502 3017/4189/1502 861/2802/1502 3014/1726/1502
f 3020/4196/3323 4806/4198/2981 3014/1726/1374 864/4195/1183
f 6/2781/578 1810/4199/578 4807/4200/578 3025/4201/3324
f 1810/4199/578 8/2777/578 3026/4202/3325 4807/4200/578
f 4807/4200/578 3026/4202/3325 866/1733/1528 3021/1730/578
f 3025/4201/3324 4807/4200/578 3021/1730/578 865/1729/1526
f 8/2777/578 1940/4203/1689 4808/4204/3326 3026/4202/3325
f 1940/4203/3327 264/4205/27 3027/4206/3328 4808/4204/3329
f 4808/4204/3329 3027/4206/3328 867/1735/1531 3023/1734/1530
f 3026/4202/3325 4808/4204/3326 3023/1734/1529 866/1733/1528
f 264/4205/27 1365/4207/25 4809/4208/3330 3027/4206/3328
f 1365/4207/25 262/4178/24 3028/4209/3331 4809/4208/3330
f 4809/4208/3330 3028/4209/3331 868/1737/1534 3024/4210/1532
f 3027/4206/3328 4809/4208/3330 3024/4210/1532 867/1735/1531
f 262/4178/24 1938/4176/3332 4810/4211/3333 3028/4209/3331
f 1938/4176/1689 6/2781/578 3025/4201/3324 4810/4211/3334
f 4810/4211/3334 3025/4201/3324 865/1729/1526 3022/4212/1527
f 3028/4209/3331 4810/4211/3333 3022/4212/1533 868/1737/1534
f 9/2805/561 1811/4213/561 4811/4214/561 3033/4215/1502
f 1811/4213/561 7/2800/561 3034/4216/1503 4811/4214/561
f 4811/4214/561 3034/4216/1503 870/2802/1503 3029/579/561
f 3033/4215/1502 4811/4214/561 3029/579/561 869/2807/1502
f 7/2800/561 1939/4217/561 4812/4218/1503 3034/4216/1503
f 1939/4217/1555 263/4195/579 3035/4219/3335 4812/4218/1859
f 4812/4218/1859 3035/4219/3335 871/4195/1535 3031/1726/640
f 3034/4216/1503 4812/4218/1503 3031/1726/1503 870/2802/1503
f 263/4195/579 1367/1740/3208 4813/4220/1555 3035/4219/3335
f 1367/1740/3208 265/4221/3153 3036/4222/3336 4813/4220/1555
f 4813/4220/1555 3036/4222/3336 872/4221/1209 3032/1740/578
f 3035/4219/3335 4813/4220/1555 3032/1740/578 871/4195/1535
f 265/4221/3153 1941/4223/578 4814/4224/1183 3036/4222/3336
f 1941/4223/561 9/2805/561 3033/4215/1502 4814/4224/1502
f 4814/4224/1502 3033/4215/1502 869/2807/1502 3030/1739/1502
f 3036/4222/3336 4814/4224/1183 3030/1739/578 872/4221/1209
f 8/2777/578 1812/4225/578 4815/4226/578 3041/4227/3337
f 1812/4225/578 10/2773/578 3042/4228/3338 4815/4226/578
f 4815/4226/578 3042/4228/3338 874/1746/1538 3037/1743/578
f 3041/4227/3337 4815/4226/578 3037/1743/578 873/1742/1536
f 10/2773/578 1942/4229/625 4816/4230/3339 3042/4228/3338
f 1942/4229/3340 266/4231/36 3043/4232/3341 4816/4230/3342
f 4816/4230/3342 3043/4232/3341 875/1748/1541 3039/4233/1540
f 3042/4228/3338 4816/4230/3339 3039/4233/1539 874/1746/1538
f 266/4231/36 1368/4234/34 4817/4235/3343 3043/4232/3341
f 1368/4234/34 264/4205/33 3044/4236/3344 4817/4235/3343
f 4817/4235/3343 3044/4236/3344 876/1750/1544 3040/4237/1542
f 3043/4232/3341 4817/4235/3343 3040/4237/1542 875/1748/1541
f 264/4205/33 1940/4203/3345 4818/4238/3346 3044/4236/3344
f 1940/4203/1689 8/2777/578 3041/4227/3337 4818/4238/3347
f 4818/4238/3347 3041/4227/3337 873/1742/1536 3038/4239/1537
f 3044/4236/3344 4818/4238/3346 3038/4239/1543 876/1750/1544
f 11/2810/561 1813/2808/561 4819/4240/561 3049/4241/1502
f 1813/2808/561 9/2805/561 3050/4242/1503 4819/4240/561
f 4819/4240/561 3050/4242/1503 878/2807/1503 3045/584/561
f 3049/4241/1502 4819/4240/561 3045/584/561 877/2812/1502
f 9/2805/561 1941/4223/561 4820/4243/1503 3050/4242/1503
f 1941/4223/578 265/4221/3153 3051/4244/3348 4820/4243/711
f 4820/4243/711 3051/4244/3348 879/4221/1535 3047/1739/578
f 3050/4242/1503 4820/4243/1503 3047/1739/1503 878/2807/1503
f 265/4221/3153 1370/1753/3176 4821/4245/1374 3051/4244/3348
f 1370/1753/3176 267/4246/578 3052/4247/3349 4821/4245/1374
f 4821/4245/1374 3052/4247/3349 880/4246/1209 3048/1753/578
f 3051/4244/3348 4821/4245/1374 3048/1753/578 879/4221/1535
f 267/4246/578 1943/4248/1374 4822/4249/1858 3052/4247/3349
f 1943/4248/561 11/2810/561 3049/4241/1502 4822/4249/1554
f 4822/4249/1554 3049/4241/1502 877/2812/1502 3046/4250/1502
f 3052/4247/3349 4822/4249/1858 3046/4250/1374 880/4246/1209
f 10/2773/578 1814/4251/578 4823/4252/578 3057/4253/3350
f 1814/4251/578 12/2769/578 3058/4254/3351 4823/4252/578
f 4823/4252/578 3058/4254/3351 882/1759/1547 3053/1756/578
f 3057/4253/3350 4823/4252/578 3053/1756/578 881/1755/1545
f 12/2769/578 1944/4255/625 4824/4256/3352 3058/4254/3351
f 1944/4255/3353 268/4257/45 3059/4258/3354 4824/4256/3355
f 4824/4256/3355 3059/4258/3354 883/1761/1550 3055/1760/1549
f 3058/4254/3351 4824/4256/3352 3055/1760/1548 882/1759/1547
f 268/4257/45 1371/4259/43 4825/4260/3356 3059/4258/3354
f 1371/4259/43 266/4231/42 3060/4261/3357 4825/4260/3356
f 4825/4260/3356 3060/4261/3357 884/1763/1553 3056/4262/1551
f 3059/4258/3354 4825/4260/3356 3056/4262/1551 883/1761/1550
f 266/4231/42 1942/4229/3358 4826/4263/3359 3060/4261/3357
f 1942/4229/625 10/2773/578 3057/4253/3350 4826/4263/3360
f 4826/4263/3360 3057/4253/3350 881/1755/1545 3054/1758/1546
f 3060/4261/3357 4826/4263/3359 3054/1758/1552 884/1763/1553
f 13/2815/561 1815/4264/561 4827/4265/561 3065/4266/1554
f 1815/4264/561 11/2810/561 3066/4267/1503 4827/4265/561
f 4827/4265/561 3066/4267/1503 886/2812/1503 3061/583/561
f 3065/4266/1554 4827/4265/561 3061/583/561 885/2817/1554
f 11/2810/561 1943/4268/561 4828/4269/1566 3066/4267/1503
f 1943/4268/1374 267/4246/578 3067/4270/3361 4828/4269/3362
f 4828/4269/3362 3067/4270/3361 887/4246/711 3063/1752/1555
f 3066/4267/1503 4828/4269/1566 3063/1752/1503 886/2812/1503
f 267/4246/578 1373/1766/1418 4829/4271/2101 3067/4270/3361
f 1373/1766/1418 269/4272/1008 3068/4273/3363 4829/4271/2101
f 4829/4271/2101 3068/4273/3363 888/4272/1556 3064/1766/578
f 3067/4270/3361 4829/4271/2101 3064/1766/578 887/4246/711
f 269/4272/1008 1945/4274/1640 4830/4275/3364 3068/4273/3363
f 1945/4274/561 13/2815/561 3065/4266/1554 4830/4275/3365
f 4830/4275/3365 3065/4266/1554 885/2817/1554 3062/4276/1554
f 3068/4273/3363 4830/4275/3364 3062/4276/1556 888/4272/1556
f 12/2769/578 1816/4277/578 4831/4278/578 3073/4279/3366
f 1816/4277/578 14/2765/578 3074/4280/3367 4831/4278/578
f 4831/4278/578 3074/4280/3367 890/1772/1559 3069/1769/578
f 3073/4279/3366 4831/4278/578 3069/1769/578 889/1768/1557
f 14/2765/578 1946/4281/625 4832/4282/3368 3074/4280/3367
f 1946/4281/3369 270/4283/54 3075/4284/3370 4832/4282/3371
f 4832/4282/3371 3075/4284/3370 891/1774/1562 3071/4285/1561
f 3074/4280/3367 4832/4282/3368 3071/4285/1560 890/1772/1559
f 270/4283/54 1374/4286/52 4833/4287/3372 3075/4284/3370
f 1374/4286/52 268/4257/51 3076/4288/3373 4833/4287/3372
f 4833/4287/3372 3076/4288/3373 892/1776/1565 3072/4289/1563
f 3075/4284/3370 4833/4287/3372 3072/4289/1563 891/1774/1562
f 268/4257/51 1944/4290/3374 4834/4291/3375 3076/4288/3373
f 1944/4290/625 12/2769/578 3073/4279/3366 4834/4291/3376
f 4834/4291/3376 3073/4279/3366 889/1768/1557 3070/4292/1558
f 3076/4288/3373 4834/4291/3375 3070/4292/1564 892/1776/1565
f 15/2820/561 1817/4293/561 4835/4294/561 3081/4295/1554
f 1817/4293/561 13/2815/561 3082/4296/1566 4835/4294/561
f 4835/4294/561 3082/4296/1566 894/2817/1566 3077/586/561
f 3081/4295/1554 4835/4294/561 3077/586/561 893/2822/1554
f 13/2815/561 1945/4297/561 4836/4298/3377 3082/4296/1566
f 1945/4297/1640 269/4272/1008 3083/4299/3378 4836/4298/3379
f 4836/4298/3379 3083/4299/3378 895/4272/1567 3079/1765/1567
f 3082/4296/1566 4836/4298/3377 3079/1765/1566 894/2817/1566
f 269/4272/1008 1376/1779/1409 4837/4300/1457 3083/4299/3378
f 1376/1779/1409 271/4301/1008 3084/4302/3380 4837/4300/1457
f 4837/4300/1457 3084/4302/3380 896/4301/1556 3080/1779/578
f 3083/4299/3378 4837/4300/1457 3080/1779/578 895/4272/1567
f 271/4301/1008 1947/4303/1640 4838/4304/3381 3084/4302/3380
f 1947/4303/561 15/2820/561 3081/4295/1554 4838/4304/3365
f 4838/4304/3365 3081/4295/1554 893/2822/1554 3078/1778/1554
f 3084/4302/3380 4838/4304/3381 3078/1778/1556 896/4301/1556
f 14/2765/578 1818/4305/578 4839/4306/578 3089/4307/3382
f 1818/4305/578 16/2761/578 3090/4308/3383 4839/4306/578
f 4839/4306/578 3090/4308/3383 898/1785/1570 3085/1782/578
f 3089/4307/3382 4839/4306/578 3085/1782/578 897/1781/1568
f 16/2761/578 1948/4309/625 4840/4310/3384 3090/4308/3383
f 1948/4309/3385 272/4311/63 3091/4312/3386 4840/4310/3387
f 4840/4310/3387 3091/4312/3386 899/1787/1573 3087/1786/1572
f 3090/4308/3383 4840/4310/3384 3087/1786/1571 898/1785/1570
f 272/4311/63 1377/4313/61 4841/4314/3388 3091/4312/3386
f 1377/4313/61 270/4283/60 3092/4315/3389 4841/4314/3388
f 4841/4314/3388 3092/4315/3389 900/1789/1576 3088/1788/1574
f 3091/4312/3386 4841/4314/3388 3088/1788/1574 899/1787/1573
f 270/4283/60 1946/4281/3390 4842/4316/3391 3092/4315/3389
f 1946/4281/625 14/2765/578 3089/4307/3382 4842/4316/3392
f 4842/4316/3392 3089/4307/3382 897/1781/1568 3086/1784/1569
f 3092/4315/3389 4842/4316/3391 3086/1784/1575 900/1789/1576
f 17/2825/561 1819/4317/561 4843/4318/561 3097/4319/1554
f 1819/4317/561 15/2820/561 3098/4320/1566 4843/4318/561
f 4843/4318/561 3098/4320/1566 902/2822/1566 3093/591/561
f 3097/4319/1554 4843/4318/561 3093/591/561 901/2827/1554
f 15/2820/561 1947/4303/561 4844/4321/3377 3098/4320/1566
f 1947/4303/1640 271/4301/1008 3099/4322/3393 4844/4321/3394
f 4844/4321/3394 3099/4322/3393 903/4301/1567 3095/1778/1567
f 3098/4320/1566 4844/4321/3377 3095/1778/1566 902/2822/1566
f 271/4301/1008 1379/1792/1402 4845/4323/1457 3099/4322/3393
f 1379/1792/1402 273/4324/909 3100/4325/3395 4845/4323/1457
f 4845/4323/1457 3100/4325/3395 904/4324/1577 3096/1792/578
f 3099/4322/3393 4845/4323/1457 3096/1792/578 903/4301/1567
f 273/4324/909 1949/4326/578 4846/4327/3396 3100/4325/3395
f 1949/4326/561 17/2825/561 3097/4319/1554 4846/4327/1554
f 4846/4327/1554 3097/4319/1554 901/2827/1554 3094/1791/1554
f 3100/4325/3395 4846/4327/3396 3094/1791/1577 904/4324/1577
f 16/2761/578 1820/4328/578 4847/4329/578 3105/4330/3397
f 1820/4328/578 18/2757/578 3106/4331/3398 4847/4329/578
f 4847/4329/578 3106/4331/3398 906/1798/1580 3101/1795/578
f 3105/4330/3397 4847/4329/578 3101/1795/578 905/1794/1578
f 18/2757/578 1950/4332/625 4848/4333/3399 3106/4331/3398
f 1950/4332/3400 274/4334/72 3107/4335/3401 4848/4333/3402
f 4848/4333/3402 3107/4335/3401 907/1800/1583 3103/4336/1582
f 3106/4331/3398 4848/4333/3399 3103/4336/1581 906/1798/1580
f 274/4334/72 1380/4337/70 4849/4338/3403 3107/4335/3401
f 1380/4337/70 272/4311/69 3108/4339/3404 4849/4338/3403
f 4849/4338/3403 3108/4339/3404 908/1802/1586 3104/4340/1584
f 3107/4335/3401 4849/4338/3403 3104/4340/1584 907/1800/1583
f 272/4311/69 1948/4309/3405 4850/4341/3406 3108/4339/3404
f 1948/4309/625 16/2761/578 3105/4330/3397 4850/4341/3407
f 4850/4341/3407 3105/4330/3397 905/1794/1578 3102/4342/1579
f 3108/4339/3404 4850/4341/3406 3102/4342/1585 908/1802/1586
f 19/2830/561 1821/2828/561 4851/4343/561 3113/4344/1554
f 1821/2828/561 17/2825/561 3114/4345/1566 4851/4343/561
f 4851/4343/561 3114/4345/1566 910/2827/1566 3109/594/561
f 3113/4344/1554 4851/4343/561 3109/594/561 909/2832/1554
f 17/2825/561 1949/4326/561 4852/4346/1566 3114/4345/1566
f 1949/4326/578 273/4324/909 3115/4347/3408 4852/4346/3409
f 4852/4346/3409 3115/4347/3408 911/4324/1587 3111/1791/1587
f 3114/4345/1566 4852/4346/1566 3111/1791/1566 910/2827/1566
f 273/4324/909 1382/1805/1391 4853/4348/1308 3115/4347/3408
f 1382/1805/1391 275/4349/1374 3116/4350/3410 4853/4348/1308
f 4853/4348/1308 3116/4350/3410 912/4349/1588 3112/1805/578
f 3115/4347/3408 4853/4348/1308 3112/1805/578 911/4324/1587
f 275/4349/1374 1951/4351/1374 4854/4352/3411 3116/4350/3410
f 1951/4351/561 19/2830/561 3113/4344/1554 4854/4352/3412
f 4854/4352/3412 3113/4344/1554 909/2832/1554 3110/1804/1554
f 3116/4350/3410 4854/4352/3411 3110/1804/1588 912/4349/1588
f 18/2757/578 1822/4353/578 4855/4354/578 3121/4355/3413
f 1822/4353/578 20/2753/578 3122/4356/3414 4855/4354/578
f 4855/4354/578 3122/4356/3414 914/1811/1591 3117/1808/578
f 3121/4355/3413 4855/4354/578 3117/1808/578 913/1807/1589
f 20/2753/578 1952/4357/625 4856/4358/3415 3122/4356/3414
f 1952/4357/3416 276/4359/81 3123/4360/3417 4856/4358/3418
f 4856/4358/3418 3123/4360/3417 915/1813/1594 3119/4361/1593
f 3122/4356/3414 4856/4358/3415 3119/4361/1592 914/1811/1591
f 276/4359/81 1383/4362/79 4857/4363/3419 3123/4360/3417
f 1383/4362/79 274/4334/78 3124/4364/3420 4857/4363/3419
f 4857/4363/3419 3124/4364/3420 916/1815/1597 3120/1814/1595
f 3123/4360/3417 4857/4363/3419 3120/1814/1595 915/1813/1594
f 274/4334/78 1950/4332/3421 4858/4365/3422 3124/4364/3420
f 1950/4332/625 18/2757/578 3121/4355/3413 4858/4365/3423
f 4858/4365/3423 3121/4355/3413 913/1807/1589 3118/4366/1590
f 3124/4364/3420 4858/4365/3422 3118/4366/1596 916/1815/1597
f 21/2835/561 1823/4367/561 4859/4368/561 3129/4369/1554
f 1823/4367/561 19/2830/561 3130/4370/1566 4859/4368/561
f 4859/4368/561 3130/4370/1566 918/2832/1566 3125/593/561
f 3129/4369/1554 4859/4368/561 3125/593/561 917/2837/1554
f 19/2830/561 1951/4371/561 4860/4372/3424 3130/4370/1566
f 1951/4371/1374 275/4349/1374 3131/4373/3425 4860/4372/3426
f 4860/4372/3426 3131/4373/3425 919/4349/1598 3127/1804/1598
f 3130/4370/1566 4860/4372/3424 3127/1804/1566 918/2832/1566
f 275/4349/1374 1385/1818/1377 4861/4374/1308 3131/4373/3425
f 1385/1818/1377 277/4375/1308 3132/4376/3427 4861/4374/1308
f 4861/4374/1308 3132/4376/3427 920/4375/1588 3128/1818/578
f 3131/4373/3425 4861/4374/1308 3128/1818/578 919/4349/1598
f 277/4375/1308 1953/4377/1374 4862/4378/3428 3132/4376/3427
f 1953/4377/561 21/2835/561 3129/4369/1554 4862/4378/3412
f 4862/4378/3412 3129/4369/1554 917/2837/1554 3126/1817/1554
f 3132/4376/3427 4862/4378/3428 3126/1817/1588 920/4375/1588
f 20/2753/578 1824/4379/578 4863/4380/578 3137/4381/3429
f 1824/4379/578 22/2749/578 3138/4382/3430 4863/4380/578
f 4863/4380/578 3138/4382/3430 922/1824/1601 3133/1821/578
f 3137/4381/3429 4863/4380/578 3133/1821/578 921/1820/1599
f 22/2749/578 1954/4383/625 4864/4384/3431 3138/4382/3430
f 1954/4383/3432 278/4385/90 3139/4386/3433 4864/4384/3434
f 4864/4384/3434 3139/4386/3433 923/1826/1604 3135/4387/1603
f 3138/4382/3430 4864/4384/3431 3135/4387/1602 922/1824/1601
f 278/4385/90 1386/4388/88 4865/4389/3435 3139/4386/3433
f 1386/4388/88 276/4359/87 3140/4390/3436 4865/4389/3435
f 4865/4389/3435 3140/4390/3436 924/1828/1607 3136/4391/1605
f 3139/4386/3433 4865/4389/3435 3136/4391/1605 923/1826/1604
f 276/4359/87 1952/4392/3437 4866/4393/3438 3140/4390/3436
f 1952/4392/625 20/2753/578 3137/4381/3429 4866/4393/3439
f 4866/4393/3439 3137/4381/3429 921/1820/1599 3134/1823/1600
f 3140/4390/3436 4866/4393/3438 3134/1823/1606 924/1828/1607
f 23/2840/561 1825/4394/561 4867/4395/561 3145/4396/1617
f 1825/4394/561 21/2835/561 3146/4397/1566 4867/4395/561
f 4867/4395/561 3146/4397/1566 926/2837/1566 3141/596/561
f 3145/4396/1617 4867/4395/561 3141/596/561 925/2842/1554
f 21/2835/561 1953/4398/561 4868/4399/3424 3146/4397/1566
f 1953/4398/1374 277/4375/1308 3147/4400/3440 4868/4399/3441
f 4868/4399/3441 3147/4400/3440 927/4375/1598 3143/1817/1598
f 3146/4397/1566 4868/4399/3424 3143/1817/1566 926/2837/1566
f 277/4375/1308 1388/4401/1349 4869/4402/1308 3147/4400/3440
f 1388/4401/1349 279/4403/1331 3148/4404/3442 4869/4402/1308
f 4869/4402/1308 3148/4404/3442 928/4403/1588 3144/4401/578
f 3147/4400/3440 4869/4402/1308 3144/4401/578 927/4375/1598
f 279/4403/1331 1955/4405/1374 4870/4406/3443 3148/4404/3442
f 1955/4405/561 23/2840/561 3145/4396/1617 4870/4406/3412
f 4870/4406/3412 3145/4396/1617 925/2842/1554 3142/1830/1554
f 3148/4404/3442 4870/4406/3443 3142/1830/1588 928/4403/1588
f 22/2749/578 1826/2747/578 4871/4407/578 3153/4408/3444
f 1826/2747/578 24/2745/578 3154/4409/3445 4871/4407/578
f 4871/4407/578 3154/4409/3445 930/1837/1610 3149/1834/578
f 3153/4408/3444 4871/4407/578 3149/1834/578 929/1833/1608
f 24/2745/578 1956/4410/625 4872/4411/3446 3154/4409/3445
f 1956/4410/3447 280/4412/99 3155/4413/3448 4872/4411/3449
f 4872/4411/3449 3155/4413/3448 931/1839/1613 3151/4414/1612
f 3154/4409/3445 4872/4411/3446 3151/4414/1611 930/1837/1610
f 280/4412/99 1389/4415/97 4873/4416/3450 3155/4413/3448
f 1389/4415/97 278/4385/96 3156/4417/3451 4873/4416/3450
f 4873/4416/3450 3156/4417/3451 932/1841/1616 3152/4418/1614
f 3155/4413/3448 4873/4416/3450 3152/4418/1614 931/1839/1613
f 278/4385/96 1954/4419/3452 4874/4420/3453 3156/4417/3451
f 1954/4419/625 22/2749/578 3153/4408/3444 4874/4420/3454
f 4874/4420/3454 3153/4408/3444 929/1833/1608 3150/4421/1609
f 3156/4417/3451 4874/4420/3453 3150/4421/1615 932/1841/1616
f 25/2845/561 1827/4422/561 4875/4423/561 3161/4424/1617
f 1827/4422/561 23/2840/561 3162/4425/1618 4875/4423/561
f 4875/4423/561 3162/4425/1618 934/2842/1618 3157/598/561
f 3161/4424/1617 4875/4423/561 3157/598/561 933/2847/1617
f 23/2840/561 1955/4426/561 4876/4427/3424 3162/4425/1618
f 1955/4426/1374 279/4403/1331 3163/4428/3455 4876/4427/3456
f 4876/4427/3456 3163/4428/3455 935/4403/1619 3159/1830/1619
f 3162/4425/1618 4876/4427/3424 3159/1830/1618 934/2842/1618
f 279/4403/1331 1391/4429/1349 4877/4430/1308 3163/4428/3455
f 1391/4429/1349 281/4431/1331 3164/4432/3457 4877/4430/1308
f 4877/4430/1308 3164/4432/3457 936/4431/1620 3160/4429/578
f 3163/4428/3455 4877/4430/1308 3160/4429/578 935/4403/1619
f 281/4431/1331 1957/4433/1374 4878/4434/3458 3164/4432/3457
f 1957/4433/561 25/2845/561 3161/4424/1617 4878/4434/3412
f 4878/4434/3412 3161/4424/1617 933/2847/1617 3158/4435/1617
f 3164/4432/3457 4878/4434/3458 3158/4435/1620 936/4431/1620
f 24/2745/578 1828/4436/578 4879/4437/578 3169/4438/3459
f 1828/4436/578 26/2741/578 3170/4439/3460 4879/4437/578
f 4879/4437/578 3170/4439/3460 938/1850/1623 3165/1847/578
f 3169/4438/3459 4879/4437/578 3165/1847/578 937/1846/1621
f 26/2741/578 1958/4440/625 4880/4441/3461 3170/4439/3460
f 1958/4440/3462 282/4442/108 3171/4443/3463 4880/4441/3464
f 4880/4441/3464 3171/4443/3463 939/1852/1626 3167/1851/1625
f 3170/4439/3460 4880/4441/3461 3167/1851/1624 938/1850/1623
f 282/4442/108 1392/4444/106 4881/4445/3465 3171/4443/3463
f 1392/4444/106 280/4412/105 3172/4446/3466 4881/4445/3465
f 4881/4445/3465 3172/4446/3466 940/1854/1629 3168/4447/1627
f 3171/4443/3463 4881/4445/3465 3168/4447/1627 939/1852/1626
f 280/4412/105 1956/4448/3467 4882/4449/3468 3172/4446/3466
f 1956/4448/625 24/2745/578 3169/4438/3459 4882/4449/3469
f 4882/4449/3469 3169/4438/3459 937/1846/1621 3166/4450/1622
f 3172/4446/3466 4882/4449/3468 3166/4450/1628 940/1854/1629
f 27/2850/561 1829/4451/561 4883/4452/561 3177/4453/1617
f 1829/4451/561 25/2845/561 3178/4454/1618 4883/4452/561
f 4883/4452/561 3178/4454/1618 942/2847/1618 3173/600/561
f 3177/4453/1617 4883/4452/561 3173/600/561 941/2852/1617
f 25/2845/561 1957/4455/561 4884/4456/3424 3178/4454/1618
f 1957/4455/1374 281/4431/1331 3179/4457/3470 4884/4456/3471
f 4884/4456/3471 3179/4457/3470 943/4431/1619 3175/1843/1619
f 3178/4454/1618 4884/4456/3424 3175/1843/1618 942/2847/1618
f 281/4431/1331 1394/4458/1138 4885/4459/1710 3179/4457/3470
f 1394/4458/1138 283/4460/1308 3180/4461/3472 4885/4459/1710
f 4885/4459/1710 3180/4461/3472 944/4460/1062 3176/4458/578
f 3179/4457/3470 4885/4459/1710 3176/4458/578 943/4431/1619
f 283/4460/1308 1959/4462/1640 4886/4463/3473 3180/4461/3472
f 1959/4462/561 27/2850/561 3177/4453/1617 4886/4463/1617
f 4886/4463/1617 3177/4453/1617 941/2852/1617 3174/4464/1617
f 3180/4461/3472 4886/4463/3473 3174/4464/1630 944/4460/1062
f 26/2741/578 1830/4465/578 4887/4466/578 3185/4467/3474
f 1830/4465/578 28/2737/578 3186/4468/3475 4887/4466/578
f 4887/4466/578 3186/4468/3475 946/1863/1633 3181/1860/578
f 3185/4467/3474 4887/4466/578 3181/1860/578 945/1859/1631
f 28/2737/578 1960/4469/1505 4888/4470/3476 3186/4468/3475
f 1960/4469/3477 284/4471/117 3187/4472/3478 4888/4470/3479
f 4888/4470/3479 3187/4472/3478 947/1865/1636 3183/1864/1635
f 3186/4468/3475 4888/4470/3476 3183/1864/1634 946/1863/1633
f 284/4471/117 1395/4473/115 4889/4474/3480 3187/4472/3478
f 1395/4473/115 282/4442/114 3188/4475/3481 4889/4474/3480
f 4889/4474/3480 3188/4475/3481 948/1867/1639 3184/1866/1637
f 3187/4472/3478 4889/4474/3480 3184/1866/1637 947/1865/1636
f 282/4442/114 1958/4440/3482 4890/4476/3483 3188/4475/3481
f 1958/4440/625 26/2741/578 3185/4467/3474 4890/4476/3484
f 4890/4476/3484 3185/4467/3474 945/1859/1631 3182/1862/1632
f 3188/4475/3481 4890/4476/3483 3182/1862/1638 948/1867/1639
f 29/2855/561 1831/4477/561 4891/4478/561 3193/4479/1617
f 1831/4477/561 27/2850/561 3194/4480/1618 4891/4478/561
f 4891/4478/561 3194/4480/1618 950/2852/1618 3189/605/561
f 3193/4479/1617 4891/4478/561 3189/605/561 949/2857/1617
f 27/2850/561 1959/4462/561 4892/4481/1618 3194/4480/1618
f 1959/4462/1640 283/4460/1308 3195/4482/3485 4892/4481/3486
f 4892/4481/3486 3195/4482/3485 951/4460/613 3191/1856/1640
f 3194/4480/1618 4892/4481/1618 3191/1856/1618 950/2852/1618
f 283/4460/1308 1397/1870/3099 4893/4483/1374 3195/4482/3485
f 1397/1870/3099 285/4484/1183 3196/4485/3487 4893/4483/1374
f 4893/4483/1374 3196/4485/3487 952/4484/1641 3192/1870/578
f 3195/4482/3485 4893/4483/1374 3192/1870/578 951/4460/613
f 285/4484/1183 1961/4486/1887 4894/4487/1952 3196/4485/3487
f 1961/4486/561 29/2855/561 3193/4479/1617 4894/4487/1617
f 4894/4487/1617 3193/4479/1617 949/2857/1617 3190/1869/1617
f 3196/4485/3487 4894/4487/1952 3190/1869/1630 952/4484/1641
f 28/2737/578 1832/2735/578 4895/4488/578 3201/4489/3488
f 1832/2735/578 30/2733/578 3202/4490/3489 4895/4488/578
f 4895/4488/578 3202/4490/3489 954/1876/1644 3197/1873/578
f 3201/4489/3488 4895/4488/578 3197/1873/578 953/1872/1642
f 30/2733/578 1962/4491/1505 4896/4492/3490 3202/4490/3489
f 1962/4491/3491 286/4493/126 3203/4494/3492 4896/4492/3493
f 4896/4492/3493 3203/4494/3492 955/1878/1647 3199/1877/1646
f 3202/4490/3489 4896/4492/3490 3199/1877/1645 954/1876/1644
f 286/4493/126 1398/4495/124 4897/4496/3494 3203/4494/3492
f 1398/4495/124 284/4471/123 3204/4497/3495 4897/4496/3494
f 4897/4496/3494 3204/4497/3495 956/1880/1650 3200/4498/1648
f 3203/4494/3492 4897/4496/3494 3200/4498/1648 955/1878/1647
f 284/4471/123 1960/4499/3496 4898/4500/3497 3204/4497/3495
f 1960/4499/1505 28/2737/578 3201/4489/3488 4898/4500/3498
f 4898/4500/3498 3201/4489/3488 953/1872/1642 3198/1875/1643
f 3204/4497/3495 4898/4500/3497 3198/1875/1649 956/1880/1650
f 31/2860/561 1833/4501/561 4899/4502/561 3209/4503/1617
f 1833/4501/561 29/2855/561 3210/4504/1618 4899/4502/561
f 4899/4502/561 3210/4504/1618 958/2857/1618 3205/604/561
f 3209/4503/1617 4899/4502/561 3205/604/561 957/2862/1617
f 29/2855/561 1961/4486/561 4900/4505/1618 3210/4504/1618
f 1961/4486/1887 285/4484/1183 3211/4506/3499 4900/4505/3500
f 4900/4505/3500 3211/4506/3499 959/4484/587 3207/1869/1640
f 3210/4504/1618 4900/4505/1618 3207/1869/1618 958/2857/1618
f 285/4484/1183 1400/1883/1303 4901/4507/1516 3211/4506/3499
f 1400/1883/1303 287/4508/1308 3212/4509/3501 4901/4507/1516
f 4901/4507/1516 3212/4509/3501 960/4508/1062 3208/1883/578
f 3211/4506/3499 4901/4507/1516 3208/1883/578 959/4484/587
f 287/4508/1308 1963/4510/1640 4902/4511/1178 3212/4509/3501
f 1963/4510/561 31/2860/561 3209/4503/1617 4902/4511/1617
f 4902/4511/1617 3209/4503/1617 957/2862/1617 3206/4512/1617
f 3212/4509/3501 4902/4511/1178 3206/4512/1630 960/4508/1062
f 30/2733/578 1834/4513/578 4903/4514/578 3217/4515/3502
f 1834/4513/578 32/2729/578 3218/4516/3503 4903/4514/578
f 4903/4514/578 3218/4516/3503 962/1889/1653 3213/1886/578
f 3217/4515/3502 4903/4514/578 3213/1886/578 961/1885/1651
f 32/2729/578 1964/4517/1505 4904/4518/3504 3218/4516/3503
f 1964/4517/3505 288/4519/135 3219/4520/3506 4904/4518/3507
f 4904/4518/3507 3219/4520/3506 963/1891/1656 3215/4521/1655
f 3218/4516/3503 4904/4518/3504 3215/4521/1654 962/1889/1653
f 288/4519/135 1401/4522/133 4905/4523/3508 3219/4520/3506
f 1401/4522/133 286/4493/132 3220/4524/3509 4905/4523/3508
f 4905/4523/3508 3220/4524/3509 964/1893/1659 3216/4525/1657
f 3219/4520/3506 4905/4523/3508 3216/4525/1657 963/1891/1656
f 286/4493/132 1962/4526/3510 4906/4527/3511 3220/4524/3509
f 1962/4526/1505 30/2733/578 3217/4515/3502 4906/4527/3512
f 4906/4527/3512 3217/4515/3502 961/1885/1651 3214/1888/1652
f 3220/4524/3509 4906/4527/3511 3214/1888/1658 964/1893/1659
f 33/2865/561 1835/4528/561 4907/4529/561 3225/4530/1617
f 1835/4528/561 31/2860/561 3226/4531/1618 4907/4529/561
f 4907/4529/561 3226/4531/1618 966/2862/1618 3221/607/561
f 3225/4530/1617 4907/4529/561 3221/607/561 965/2867/1617
f 31/2860/561 1963/4532/561 4908/4533/1618 3226/4531/1618
f 1963/4532/1640 287/4508/1308 3227/4534/3513 4908/4533/3514
f 4908/4533/3514 3227/4534/3513 967/4508/599 3223/1882/1640
f 3226/4531/1618 4908/4533/1618 3223/1882/1618 966/2862/1618
f 287/4508/1308 1403/1896/3056 4909/4535/1374 3227/4534/3513
f 1403/1896/3056 289/4536/1183 3228/4537/3515 4909/4535/1374
f 4909/4535/1374 3228/4537/3515 968/4536/1660 3224/1896/578
f 3227/4534/3513 4909/4535/1374 3224/1896/578 967/4508/599
f 289/4536/1183 1965/4538/1630 4910/4539/3516 3228/4537/3515
f 1965/4538/561 33/2865/561 3225/4530/1617 4910/4539/3517
f 4910/4539/3517 3225/4530/1617 965/2867/1617 3222/1895/1617
f 3228/4537/3515 4910/4539/3516 3222/1895/1630 968/4536/1660
f 32/2729/578 1836/4540/578 4911/4541/578 3233/4542/3518
f 1836/4540/578 34/2725/578 3234/4543/3519 4911/4541/578
f 4911/4541/578 3234/4543/3519 970/1902/1663 3229/1899/578
f 3233/4542/3518 4911/4541/578 3229/1899/578 969/1898/1661
f 34/2725/578 1966/4544/1505 4912/4545/3520 3234/4543/3519
f 1966/4544/3521 290/4546/144 3235/4547/3522 4912/4545/3523
f 4912/4545/3523 3235/4547/3522 971/1904/1666 3231/4548/1665
f 3234/4543/3519 4912/4545/3520 3231/4548/1664 970/1902/1663
f 290/4546/144 1404/4549/142 4913/4550/3524 3235/4547/3522
f 1404/4549/142 288/4519/141 3236/4551/3525 4913/4550/3524
f 4913/4550/3524 3236/4551/3525 972/1906/1669 3232/4552/1667
f 3235/4547/3522 4913/4550/3524 3232/4552/1667 971/1904/1666
f 288/4519/141 1964/4553/3526 4914/4554/3527 3236/4551/3525
f 1964/4553/1505 32/2729/578 3233/4542/3518 4914/4554/3528
f 4914/4554/3528 3233/4542/3518 969/1898/1661 3230/1901/1662
f 3236/4551/3525 4914/4554/3527 3230/1901/1668 972/1906/1669
f 35/2870/561 1837/4555/561 4915/4556/561 3241/4557/1617
f 1837/4555/561 33/2865/561 3242/4558/1618 4915/4556/561
f 4915/4556/561 3242/4558/1618 974/2867/1618 3237/609/561
f 3241/4557/1617 4915/4556/561 3237/609/561 973/2872/1617
f 33/2865/561 1965/4538/561 4916/4559/3529 3242/4558/1618
f 1965/4538/1630 289/4536/1183 3243/4560/3530 4916/4559/3531
f 4916/4559/3531 3243/4560/3530 975/4536/579 3239/1895/1640
f 3242/4558/1618 4916/4559/3529 3239/1895/1618 974/2867/1618
f 289/4536/1183 1406/4561/1275 4917/4562/1516 3243/4560/3530
f 1406/4561/1275 291/4563/1280 3244/4564/3532 4917/4562/1516
f 4917/4562/1516 3244/4564/3532 976/4563/983 3240/4561/578
f 3243/4560/3530 4917/4562/1516 3240/4561/578 975/4536/579
f 291/4563/1280 1967/4565/625 4918/4566/3533 3244/4564/3532
f 1967/4565/561 35/2870/561 3241/4557/1617 4918/4566/1617
f 4918/4566/1617 3241/4557/1617 973/2872/1617 3238/4567/1617
f 3244/4564/3532 4918/4566/3533 3238/4567/1630 976/4563/983
f 34/2725/578 1838/2723/578 4919/4568/578 3249/4569/3534
f 1838/2723/578 36/2721/578 3250/4570/3535 4919/4568/578
f 4919/4568/578 3250/4570/3535 978/1915/1672 3245/1912/578
f 3249/4569/3534 4919/4568/578 3245/1912/578 977/1911/1670
f 36/2721/578 1968/4571/1505 4920/4572/3536 3250/4570/3535
f 1968/4571/3537 292/4573/153 3251/4574/3538 4920/4572/3539
f 4920/4572/3539 3251/4574/3538 979/1917/1675 3247/4575/1674
f 3250/4570/3535 4920/4572/3536 3247/4575/1673 978/1915/1672
f 292/4573/153 1407/4576/151 4921/4577/3540 3251/4574/3538
f 1407/4576/151 290/4546/150 3252/4578/3541 4921/4577/3540
f 4921/4577/3540 3252/4578/3541 980/1919/1678 3248/4579/1676
f 3251/4574/3538 4921/4577/3540 3248/4579/1676 979/1917/1675
f 290/4546/150 1966/4580/3542 4922/4581/3543 3252/4578/3541
f 1966/4580/1505 34/2725/578 3249/4569/3534 4922/4581/3544
f 4922/4581/3544 3249/4569/3534 977/1911/1670 3246/4582/1671
f 3252/4578/3541 4922/4581/3543 3246/4582/1677 980/1919/1678
f 37/2875/561 1839/4583/561 4923/4584/561 3257/4585/1617
f 1839/4583/561 35/2870/561 3258/4586/1618 4923/4584/561
f 4923/4584/561 3258/4586/1618 982/2872/1618 3253/611/561
f 3257/4585/1617 4923/4584/561 3253/611/561 981/2877/1617
f 35/2870/561 1967/4587/561 4924/4588/1618 3258/4586/1618
f 1967/4587/625 291/4563/1280 3259/4589/3530 4924/4588/3545
f 4924/4588/3545 3259/4589/3530 983/4563/599 3255/1908/1640
f 3258/4586/1618 4924/4588/1618 3255/1908/1618 982/2872/1618
f 291/4563/1280 1409/1922/3013 4925/4590/625 3259/4589/3530
f 1409/1922/3013 293/4591/2925 3260/4592/3533 4925/4590/625
f 4925/4590/625 3260/4592/3533 984/4591/1679 3256/1922/578
f 3259/4589/3530 4925/4590/625 3256/1922/578 983/4563/599
f 293/4591/2925 1969/4593/578 4926/4594/993 3260/4592/3533
f 1969/4593/561 37/2875/561 3257/4585/1617 4926/4594/1617
f 4926/4594/1617 3257/4585/1617 981/2877/1617 3254/1921/1617
f 3260/4592/3533 4926/4594/993 3254/1921/578 984/4591/1679
f 36/2721/578 1840/2719/578 4927/4595/578 3265/4596/3546
f 1840/2719/578 38/2717/578 3266/4597/3547 4927/4595/578
f 4927/4595/578 3266/4597/3547 986/1928/1682 3261/1925/578
f 3265/4596/3546 4927/4595/578 3261/1925/578 985/1924/1680
f 38/2717/578 1970/4598/1505 4928/4599/3548 3266/4597/3547
f 1970/4598/3549 294/4600/162 3267/4601/3550 4928/4599/3551
f 4928/4599/3551 3267/4601/3550 987/1930/1685 3263/4602/1684
f 3266/4597/3547 4928/4599/3548 3263/4602/1683 986/1928/1682
f 294/4600/162 1410/4603/160 4929/4604/3552 3267/4601/3550
f 1410/4603/160 292/4573/159 3268/4605/3553 4929/4604/3552
f 4929/4604/3552 3268/4605/3553 988/1932/1688 3264/4606/1686
f 3267/4601/3550 4929/4604/3552 3264/4606/1686 987/1930/1685
f 292/4573/159 1968/4571/3554 4930/4607/3555 3268/4605/3553
f 1968/4571/1505 36/2721/578 3265/4596/3546 4930/4607/3556
f 4930/4607/3556 3265/4596/3546 985/1924/1680 3262/4608/1681
f 3268/4605/3553 4930/4607/3555 3262/4608/1687 988/1932/1688
f 39/2880/561 1841/4609/561 4931/4610/561 3273/4611/1617
f 1841/4609/561 37/2875/561 3274/4612/1618 4931/4610/561
f 4931/4610/561 3274/4612/1618 990/2877/1618 3269/613/561
f 3273/4611/1617 4931/4610/561 3269/613/561 989/2882/1617
f 37/2875/561 1969/4593/561 4932/4613/1618 3274/4612/1618
f 1969/4593/578 293/4591/2925 3275/4614/1460 4932/4613/3557
f 4932/4613/3557 3275/4614/1460 991/4591/1689 3271/1921/578
f 3274/4612/1618 4932/4613/1618 3271/1921/1618 990/2877/1618
f 293/4591/2925 1412/1935/2981 4933/4615/1374 3275/4614/1460
f 1412/1935/2981 295/4616/2925 3276/4617/3558 4933/4615/1374
f 4933/4615/1374 3276/4617/3558 992/4616/1690 3272/1935/578
f 3275/4614/1460 4933/4615/1374 3272/1935/578 991/4591/1689
f 295/4616/2925 1971/4618/578 4934/4619/993 3276/4617/3558
f 1971/4618/561 39/2880/561 3273/4611/1617 4934/4619/1617
f 4934/4619/1617 3273/4611/1617 989/2882/1617 3270/4620/1617
f 3276/4617/3558 4934/4619/993 3270/4620/578 992/4616/1690
f 38/2717/578 1842/4621/578 4935/4622/578 3281/4623/3559
f 1842/4621/578 40/2713/578 3282/4624/3560 4935/4622/578
f 4935/4622/578 3282/4624/3560 994/1941/1693 3277/1938/578
f 3281/4623/3559 4935/4622/578 3277/1938/578 993/1937/1691
f 40/2713/578 1972/4625/1505 4936/4626/3561 3282/4624/3560
f 1972/4625/3562 296/4627/171 3283/4628/3563 4936/4626/3564
f 4936/4626/3564 3283/4628/3563 995/1943/1696 3279/1942/1695
f 3282/4624/3560 4936/4626/3561 3279/1942/1694 994/1941/1693
f 296/4627/171 1413/4629/169 4937/4630/3565 3283/4628/3563
f 1413/4629/169 294/4600/168 3284/4631/3566 4937/4630/3565
f 4937/4630/3565 3284/4631/3566 996/1945/1699 3280/4632/1697
f 3283/4628/3563 4937/4630/3565 3280/4632/1697 995/1943/1696
f 294/4600/168 1970/4633/3567 4938/4634/3568 3284/4631/3566
f 1970/4633/1505 38/2717/578 3281/4623/3559 4938/4634/3569
f 4938/4634/3569 3281/4623/3559 993/1937/1691 3278/4635/1692
f 3284/4631/3566 4938/4634/3568 3278/4635/1698 996/1945/1699
f 41/2885/561 1843/2883/561 4939/4636/561 3289/4637/1617
f 1843/2883/561 39/2880/561 3290/4638/1618 4939/4636/561
f 4939/4636/561 3290/4638/1618 998/2882/1618 3285/618/561
f 3289/4637/1617 4939/4636/561 3285/618/561 997/2887/1617
f 39/2880/561 1971/4639/561 4940/4640/1618 3290/4638/1618
f 1971/4639/578 295/4616/2925 3291/4641/3570 4940/4640/3557
f 4940/4640/3557 3291/4641/3570 999/4616/1700 3287/1934/578
f 3290/4638/1618 4940/4640/1618 3287/1934/1618 998/2882/1618
f 295/4616/2925 1415/1948/2948 4941/4642/1630 3291/4641/3570
f 1415/1948/2948 297/4643/1126 3292/4644/3571 4941/4642/1630
f 4941/4642/1630 3292/4644/3571 1000/4643/1690 3288/1948/578
f 3291/4641/3570 4941/4642/1630 3288/1948/578 999/4616/1700
f 297/4643/1126 1973/4645/1630 4942/4646/1711 3292/4644/3571
f 1973/4645/561 41/2885/561 3289/4637/1617 4942/4646/1721
f 4942/4646/1721 3289/4637/1617 997/2887/1617 3286/1947/1617
f 3292/4644/3571 4942/4646/1711 3286/1947/1630 1000/4643/1690
f 40/2713/578 1844/4647/578 4943/4648/578 3297/4649/3572
f 1844/4647/578 42/2709/578 3298/4650/3573 4943/4648/578
f 4943/4648/578 3298/4650/3573 1002/1954/1703 3293/1951/578
f 3297/4649/3572 4943/4648/578 3293/1951/578 1001/1950/1701
f 42/2709/578 1974/4651/1887 4944/4652/3574 3298/4650/3573
f 1974/4651/3575 298/4653/180 3299/4654/3576 4944/4652/3577
f 4944/4652/3577 3299/4654/3576 1003/1956/1706 3295/4655/1705
f 3298/4650/3573 4944/4652/3574 3295/4655/1704 1002/1954/1703
f 298/4653/180 1416/4656/178 4945/4657/3578 3299/4654/3576
f 1416/4656/178 296/4627/177 3300/4658/3579 4945/4657/3578
f 4945/4657/3578 3300/4658/3579 1004/1958/1709 3296/4659/1707
f 3299/4654/3576 4945/4657/3578 3296/4659/1707 1003/1956/1706
f 296/4627/177 1972/4625/3580 4946/4660/3581 3300/4658/3579
f 1972/4625/1505 40/2713/578 3297/4649/3572 4946/4660/3582
f 4946/4660/3582 3297/4649/3572 1001/1950/1701 3294/4661/1702
f 3300/4658/3579 4946/4660/3581 3294/4661/1708 1004/1958/1709
f 43/2890/561 1845/2888/561 4947/4662/561 3305/4663/1617
f 1845/2888/561 41/2885/561 3306/4664/1618 4947/4662/561
f 4947/4662/561 3306/4664/1618 1006/2887/1618 3301/621/561
f 3305/4663/1617 4947/4662/561 3301/621/561 1005/2892/1617
f 41/2885/561 1973/4665/561 4948/4666/1722 3306/4664/1618
f 1973/4665/1630 297/4643/1126 3307/4667/3583 4948/4666/3584
f 4948/4666/3584 3307/4667/3583 1007/4643/1710 3303/1947/625
f 3306/4664/1618 4948/4666/1722 3303/1947/1618 1006/2887/1618
f 297/4643/1126 1418/1961/1223 4949/4668/1620 3307/4667/3583
f 1418/1961/1223 299/4669/1192 3308/4670/3585 4949/4668/1620
f 4949/4668/1620 3308/4670/3585 1008/4669/1711 3304/1961/578
f 3307/4667/3583 4949/4668/1620 3304/1961/578 1007/4643/1710
f 299/4669/1192 1975/4671/1374 4950/4672/3586 3308/4670/3585
f 1975/4671/561 43/2890/561 3305/4663/1617 4950/4672/3587
f 4950/4672/3587 3305/4663/1617 1005/2892/1617 3302/1960/1617
f 3308/4670/3585 4950/4672/3586 3302/1960/1711 1008/4669/1711
f 42/2709/578 1846/4673/578 4951/4674/578 3313/4675/3588
f 1846/4673/578 44/2705/578 3314/4676/3589 4951/4674/578
f 4951/4674/578 3314/4676/3589 1010/1967/1714 3309/1964/578
f 3313/4675/3588 4951/4674/578 3309/1964/578 1009/1963/1712
f 44/2705/578 1976/4677/1887 4952/4678/3590 3314/4676/3589
f 1976/4677/3591 300/4679/189 3315/4680/3592 4952/4678/3593
f 4952/4678/3593 3315/4680/3592 1011/1969/1717 3311/4681/1716
f 3314/4676/3589 4952/4678/3590 3311/4681/1715 1010/1967/1714
f 300/4679/189 1419/4682/187 4953/4683/3594 3315/4680/3592
f 1419/4682/187 298/4653/186 3316/4684/3595 4953/4683/3594
f 4953/4683/3594 3316/4684/3595 1012/1971/1720 3312/4685/1718
f 3315/4680/3592 4953/4683/3594 3312/4685/1718 1011/1969/1717
f 298/4653/186 1974/4651/3596 4954/4686/3597 3316/4684/3595
f 1974/4651/1887 42/2709/578 3313/4675/3588 4954/4686/3598
f 4954/4686/3598 3313/4675/3588 1009/1963/1712 3310/4687/1713
f 3316/4684/3595 4954/4686/3597 3310/4687/1719 1012/1971/1720
f 45/2895/561 1847/4688/561 4955/4689/561 3321/4690/1721
f 1847/4688/561 43/2890/561 3322/4691/1618 4955/4689/561
f 4955/4689/561 3322/4691/1618 1014/2892/1722 3317/624/561
f 3321/4690/1721 4955/4689/561 3317/624/561 1013/2897/1721
f 43/2890/561 1975/4692/561 4956/4693/3599 3322/4691/1618
f 1975/4692/1374 299/4669/1192 3323/4694/3600 4956/4693/3601
f 4956/4693/3601 3323/4694/3600 1015/4669/1723 3319/1960/1723
f 3322/4691/1618 4956/4693/3599 3319/1960/1722 1014/2892/1722
f 299/4669/1192 1421/4695/1209 4957/4696/1888 3323/4694/3600
f 1421/4695/1209 301/4697/1192 3324/4698/3602 4957/4696/1888
f 4957/4696/1888 3324/4698/3602 1016/4697/1724 3320/4695/578
f 3323/4694/3600 4957/4696/1888 3320/4695/578 1015/4669/1723
f 301/4697/1192 1977/4699/1374 4958/4700/3603 3324/4698/3602
f 1977/4699/561 45/2895/561 3321/4690/1721 4958/4700/3587
f 4958/4700/3587 3321/4690/1721 1013/2897/1721 3318/4701/1721
f 3324/4698/3602 4958/4700/3603 3318/4701/1724 1016/4697/1724
f 44/2705/578 1848/2703/578 4959/4702/578 3329/4703/3604
f 1848/2703/578 46/2701/578 3330/4704/3605 4959/4702/578
f 4959/4702/578 3330/4704/3605 1018/1980/1727 3325/1977/578
f 3329/4703/3604 4959/4702/578 3325/1977/578 1017/1976/1725
f 46/2701/578 1978/4705/1887 4960/4706/3606 3330/4704/3605
f 1978/4705/3607 302/4707/198 3331/4708/3608 4960/4706/3609
f 4960/4706/3609 3331/4708/3608 1019/1982/1730 3327/4709/1729
f 3330/4704/3605 4960/4706/3606 3327/4709/1728 1018/1980/1727
f 302/4707/198 1422/4710/196 4961/4711/3610 3331/4708/3608
f 1422/4710/196 300/4679/195 3332/4712/3611 4961/4711/3610
f 4961/4711/3610 3332/4712/3611 1020/1984/1733 3328/4713/1731
f 3331/4708/3608 4961/4711/3610 3328/4713/1731 1019/1982/1730
f 300/4679/195 1976/4714/3612 4962/4715/3613 3332/4712/3611
f 1976/4714/1887 44/2705/578 3329/4703/3604 4962/4715/3614
f 4962/4715/3614 3329/4703/3604 1017/1976/1725 3326/4716/1726
f 3332/4712/3611 4962/4715/3613 3326/4716/1732 1020/1984/1733
f 47/2900/561 1849/4717/561 4963/4718/561 3337/4719/1721
f 1849/4717/561 45/2895/561 3338/4720/1722 4963/4718/561
f 4963/4718/561 3338/4720/1722 1022/2897/1722 3333/623/561
f 3337/4719/1721 4963/4718/561 3333/623/561 1021/2902/1721
f 45/2895/561 1977/4721/561 4964/4722/3599 3338/4720/1722
f 1977/4721/1374 301/4697/1192 3339/4723/3615 4964/4722/3616
f 4964/4722/3616 3339/4723/3615 1023/4697/1723 3335/1973/1723
f 3338/4720/1722 4964/4722/3599 3335/1973/1722 1022/2897/1722
f 301/4697/1192 1424/1987/1195 4965/4724/1888 3339/4723/3615
f 1424/1987/1195 303/4725/1126 3340/4726/3617 4965/4724/1888
f 4965/4724/1888 3340/4726/3617 1024/4725/1724 3336/1987/578
f 3339/4723/3615 4965/4724/1888 3336/1987/578 1023/4697/1723
f 303/4725/1126 1979/4727/1374 4966/4728/3618 3340/4726/3617
f 1979/4727/561 47/2900/561 3337/4719/1721 4966/4728/3587
f 4966/4728/3587 3337/4719/1721 1021/2902/1721 3334/1986/1721
f 3340/4726/3617 4966/4728/3618 3334/1986/1724 1024/4725/1724
f 46/2701/578 1850/4729/578 4967/4730/578 3345/4731/3619
f 1850/4729/578 48/2697/578 3346/4732/3620 4967/4730/578
f 4967/4730/578 3346/4732/3620 1026/1993/1736 3341/1990/578
f 3345/4731/3619 4967/4730/578 3341/1990/578 1025/1989/1734
f 48/2697/578 1980/4733/1887 4968/4734/3621 3346/4732/3620
f 1980/4733/3622 304/4735/207 3347/4736/3623 4968/4734/3624
f 4968/4734/3624 3347/4736/3623 1027/1995/1739 3343/1994/1738
f 3346/4732/3620 4968/4734/3621 3343/1994/1737 1026/1993/1736
f 304/4735/207 1425/4737/205 4969/4738/3625 3347/4736/3623
f 1425/4737/205 302/4707/204 3348/4739/3626 4969/4738/3625
f 4969/4738/3625 3348/4739/3626 1028/1997/1742 3344/1996/1740
f 3347/4736/3623 4969/4738/3625 3344/1996/1740 1027/1995/1739
f 302/4707/204 1978/4740/3627 4970/4741/3628 3348/4739/3626
f 1978/4740/1887 46/2701/578 3345/4731/3619 4970/4741/3629
f 4970/4741/3629 3345/4731/3619 1025/1989/1734 3342/4742/1735
f 3348/4739/3626 4970/4741/3628 3342/4742/1741 1028/1997/1742
f 49/2905/561 1851/4743/561 4971/4744/561 3353/4745/1721
f 1851/4743/561 47/2900/561 3354/4746/1722 4971/4744/561
f 4971/4744/561 3354/4746/1722 1030/2902/1722 3349/626/561
f 3353/4745/1721 4971/4744/561 3349/626/561 1029/2907/1721
f 47/2900/561 1979/4747/561 4972/4748/3599 3354/4746/1722
f 1979/4747/1374 303/4725/1126 3355/4749/3630 4972/4748/3631
f 4972/4748/3631 3355/4749/3630 1031/4725/1723 3351/1986/1723
f 3354/4746/1722 4972/4748/3599 3351/1986/1722 1030/2902/1722
f 303/4725/1126 1427/2000/1178 4973/4750/3632 3355/4749/3630
f 1427/2000/1178 305/4751/1183 3356/4752/3633 4973/4750/3632
f 4973/4750/3632 3356/4752/3633 1032/4751/906 3352/2000/578
f 3355/4749/3630 4973/4750/3632 3352/2000/578 1031/4725/1723
f 305/4751/1183 1981/4753/1374 4974/4754/3634 3356/4752/3633
f 1981/4753/561 49/2905/561 3353/4745/1721 4974/4754/1721
f 4974/4754/1721 3353/4745/1721 1029/2907/1721 3350/1999/1721
f 3356/4752/3633 4974/4754/3634 3350/1999/1743 1032/4751/906
f 48/2697/578 1852/4755/578 4975/4756/578 3361/4757/3635
f 1852/4755/578 50/2693/578 3362/4758/3636 4975/4756/578
f 4975/4756/578 3362/4758/3636 1034/2006/1746 3357/2003/578
f 3361/4757/3635 4975/4756/578 3357/2003/578 1033/2002/1744
f 50/2693/578 1982/4759/1887 4976/4760/3637 3362/4758/3636
f 1982/4759/3638 306/4761/216 3363/4762/3639 4976/4760/3640
f 4976/4760/3640 3363/4762/3639 1035/2008/1749 3359/4763/1748
f 3362/4758/3636 4976/4760/3637 3359/4763/1747 1034/2006/1746
f 306/4761/216 1428/4764/214 4977/4765/3641 3363/4762/3639
f 1428/4764/214 304/4735/213 3364/4766/3642 4977/4765/3641
f 4977/4765/3641 3364/4766/3642 1036/2010/1752 3360/4767/1750
f 3363/4762/3639 4977/4765/3641 3360/4767/1750 1035/2008/1749
f 304/4735/213 1980/4733/3643 4978/4768/3644 3364/4766/3642
f 1980/4733/1887 48/2697/578 3361/4757/3635 4978/4768/3645
f 4978/4768/3645 3361/4757/3635 1033/2002/1744 3358/4769/1745
f 3364/4766/3642 4978/4768/3644 3358/4769/1751 1036/2010/1752
f 51/2910/561 1853/4770/561 4979/4771/561 3369/4772/561
f 1853/4770/561 49/2905/561 3370/4773/1722 4979/4771/561
f 4979/4771/561 3370/4773/1722 1038/2907/1722 3365/628/561
f 3369/4772/561 4979/4771/561 3365/628/561 1037/2912/561
f 49/2905/561 1981/4774/561 4980/4775/1722 3370/4773/1722
f 1981/4774/1374 305/4751/1183 3371/4776/3646 4980/4775/3647
f 4980/4775/3647 3371/4776/3646 1039/4751/1753 3367/1999/625
f 3370/4773/1722 4980/4775/1722 3367/1999/1722 1038/2907/1722
f 305/4751/1183 1430/2013/2869 4981/4777/1374 3371/4776/3646
f 1430/2013/2869 307/4778/1195 3372/4779/3648 4981/4777/1374
f 4981/4777/1374 3372/4779/3648 1040/4778/881 3368/2013/578
f 3371/4776/3646 4981/4777/1374 3368/2013/578 1039/4751/1753
f 307/4778/1195 1983/4780/578 4982/4781/906 3372/4779/3648
f 1983/4780/561 51/2910/561 3369/4772/561 4982/4781/1721
f 4982/4781/1721 3369/4772/561 1037/2912/561 3366/2012/1721
f 3372/4779/3648 4982/4781/906 3366/2012/578 1040/4778/881
f 50/2693/578 1854/4782/578 4983/4783/578 3377/4784/3649
f 1854/4782/578 52/2689/578 3378/4785/3650 4983/4783/578
f 4983/4783/578 3378/4785/3650 1042/2019/1756 3373/2016/578
f 3377/4784/3649 4983/4783/578 3373/2016/578 1041/2015/1754
f 52/2689/578 1984/4786/1887 4984/4787/3651 3378/4785/3650
f 1984/4786/3652 308/4788/225 3379/4789/3653 4984/4787/3654
f 4984/4787/3654 3379/4789/3653 1043/2021/1759 3375/4790/1758
f 3378/4785/3650 4984/4787/3651 3375/4790/1757 1042/2019/1756
f 308/4788/225 1431/4791/223 4985/4792/3655 3379/4789/3653
f 1431/4791/223 306/4761/222 3380/4793/3656 4985/4792/3655
f 4985/4792/3655 3380/4793/3656 1044/2023/1762 3376/4794/1760
f 3379/4789/3653 4985/4792/3655 3376/4794/1760 1043/2021/1759
f 306/4761/222 1982/4759/3657 4986/4795/3658 3380/4793/3656
f 1982/4759/1887 50/2693/578 3377/4784/3649 4986/4795/3659
f 4986/4795/3659 3377/4784/3649 1041/2015/1754 3374/4796/1755
f 3380/4793/3656 4986/4795/3658 3374/4796/1761 1044/2023/1762
f 53/2915/561 1855/2913/561 4987/4797/561 3385/4798/1503
f 1855/2913/561 51/2910/561 3386/4799/561 4987/4797/561
f 4987/4797/561 3386/4799/561 1046/2912/561 3381/633/561
f 3385/4798/1503 4987/4797/561 3381/633/561 1045/2917/1503
f 51/2910/561 1983/4780/561 4988/4800/1722 3386/4799/561
f 1983/4780/578 307/4778/1195 3387/4801/3660 4988/4800/2034
f 4988/4800/2034 3387/4801/3660 1047/4778/1349 3383/2012/578
f 3386/4799/561 4988/4800/1722 3383/2012/1502 1046/2912/561
f 307/4778/1195 1433/2026/2838 4989/4802/1743 3387/4801/3660
f 1433/2026/2838 309/4803/1062 3388/4804/3661 4989/4802/1743
f 4989/4802/1743 3388/4804/3661 1048/4803/909 3384/2026/578
f 3387/4801/3660 4989/4802/1743 3384/2026/578 1047/4778/1349
f 309/4803/1062 1985/4805/1630 4990/4806/3662 3388/4804/3661
f 1985/4805/561 53/2915/561 3385/4798/1503 4990/4806/1721
f 4990/4806/1721 3385/4798/1503 1045/2917/1503 3382/2025/1721
f 3388/4804/3661 4990/4806/3662 3382/2025/1743 1048/4803/909
f 52/2689/578 1856/2687/578 4991/4807/578 3393/4808/3663
f 1856/2687/578 54/2685/578 3394/4809/3664 4991/4807/578
f 4991/4807/578 3394/4809/3664 1050/2032/1765 3389/2029/578
f 3393/4808/3663 4991/4807/578 3389/2029/578 1049/2028/1763
f 54/2685/578 1986/4810/1887 4992/4811/3665 3394/4809/3664
f 1986/4810/3666 310/4812/234 3395/4813/3667 4992/4811/3668
f 4992/4811/3668 3395/4813/3667 1051/2034/1768 3391/4814/1767
f 3394/4809/3664 4992/4811/3665 3391/4814/1766 1050/2032/1765
f 310/4812/234 1434/4815/232 4993/4816/3669 3395/4813/3667
f 1434/4815/232 308/4788/231 3396/4817/3670 4993/4816/3669
f 4993/4816/3669 3396/4817/3670 1052/2036/1771 3392/4818/1769
f 3395/4813/3667 4993/4816/3669 3392/4818/1769 1051/2034/1768
f 308/4788/231 1984/4819/3671 4994/4820/3672 3396/4817/3670
f 1984/4819/1887 52/2689/578 3393/4808/3663 4994/4820/3673
f 4994/4820/3673 3393/4808/3663 1049/2028/1763 3390/2031/1764
f 3396/4817/3670 4994/4820/3672 3390/2031/1770 1052/2036/1771
f 55/2920/561 1857/2918/561 4995/4821/561 3401/4822/1503
f 1857/2918/561 53/2915/561 3402/4823/1502 4995/4821/561
f 4995/4821/561 3402/4823/1502 1054/2917/1502 3397/632/561
f 3401/4822/1503 4995/4821/561 3397/632/561 1053/2922/1721
f 53/2915/561 1985/4824/561 4996/4825/1722 3402/4823/1502
f 1985/4824/1630 309/4803/1062 3403/4826/3674 4996/4825/3660
f 4996/4825/3660 3403/4826/3674 1055/4803/1308 3399/2025/625
f 3402/4823/1502 4996/4825/1722 3399/2025/1722 1054/2917/1502
f 309/4803/1062 1436/2039/1138 4997/4827/3675 3403/4826/3674
f 1436/2039/1138 311/4828/1118 3404/4829/3676 4997/4827/3675
f 4997/4827/3675 3404/4829/3676 1056/4828/1772 3400/2039/578
f 3403/4826/3674 4997/4827/3675 3400/2039/578 1055/4803/1308
f 311/4828/1118 1987/4830/1630 4998/4831/3677 3404/4829/3676
f 1987/4830/561 55/2920/561 3401/4822/1503 4998/4831/3678
f 4998/4831/3678 3401/4822/1503 1053/2922/1721 3398/2038/1721
f 3404/4829/3676 4998/4831/3677 3398/2038/1772 1056/4828/1772
f 54/2685/578 1858/4832/578 4999/4833/578 3409/4834/3679
f 1858/4832/578 56/2681/578 3410/4835/3680 4999/4833/578
f 4999/4833/578 3410/4835/3680 1058/2045/1775 3405/2042/578
f 3409/4834/3679 4999/4833/578 3405/2042/578 1057/2041/1773
f 56/2681/578 1988/4836/1887 5000/4837/3681 3410/4835/3680
f 1988/4836/3682 312/4838/243 3411/4839/3683 5000/4837/3684
f 5000/4837/3684 3411/4839/3683 1059/2047/1778 3407/2046/1777
f 3410/4835/3680 5000/4837/3681 3407/2046/1776 1058/2045/1775
f 312/4838/243 1437/4840/241 5001/4841/3685 3411/4839/3683
f 1437/4840/241 310/4812/240 3412/4842/3686 5001/4841/3685
f 5001/4841/3685 3412/4842/3686 1060/2049/1781 3408/4843/1779
f 3411/4839/3683 5001/4841/3685 3408/4843/1779 1059/2047/1778
f 310/4812/240 1986/4844/3687 5002/4845/3688 3412/4842/3686
f 1986/4844/1887 54/2685/578 3409/4834/3679 5002/4845/3689
f 5002/4845/3689 3409/4834/3679 1057/2041/1773 3406/4846/1774
f 3412/4842/3686 5002/4845/3688 3406/4846/1780 1060/2049/1781
f 57/2925/561 1859/4847/561 5003/4848/561 3417/4849/1503
f 1859/4847/561 55/2920/561 3418/4850/1502 5003/4848/561
f 5003/4848/561 3418/4850/1502 1062/2922/1502 3413/635/561
f 3417/4849/1503 5003/4848/561 3413/635/561 1061/2927/1503
f 55/2920/561 1987/4830/561 5004/4851/3690 3418/4850/1502
f 1987/4830/1630 311/4828/1118 3419/4852/3691 5004/4851/3692
f 5004/4851/3692 3419/4852/3691 1063/4828/1782 3415/2038/1782
f 3418/4850/1502 5004/4851/3690 3415/2038/1502 1062/2922/1502
f 311/4828/1118 1439/2052/1121 5005/4853/1858 3419/4852/3691
f 1439/2052/1121 313/4854/1126 3420/4855/3693 5005/4853/1858
f 5005/4853/1858 3420/4855/3693 1064/4854/864 3416/2052/578
f 3419/4852/3691 5005/4853/1858 3416/2052/578 1063/4828/1782
f 313/4854/1126 1989/4856/1374 5006/4857/3694 3420/4855/3693
f 1989/4856/561 57/2925/561 3417/4849/1503 5006/4857/1721
f 5006/4857/1721 3417/4849/1503 1061/2927/1503 3414/2051/1503
f 3420/4855/3693 5006/4857/3694 3414/2051/1743 1064/4854/864
f 56/2681/578 1860/4858/578 5007/4859/578 3425/4860/3695
f 1860/4858/578 58/2677/578 3426/4861/3696 5007/4859/578
f 5007/4859/578 3426/4861/3696 1066/2058/1785 3421/2055/578
f 3425/4860/3695 5007/4859/578 3421/2055/578 1065/2054/1783
f 58/2677/578 1990/4862/1887 5008/4863/3697 3426/4861/3696
f 1990/4862/3698 314/4864/252 3427/4865/3699 5008/4863/3700
f 5008/4863/3700 3427/4865/3699 1067/2060/1788 3423/2059/1787
f 3426/4861/3696 5008/4863/3697 3423/2059/1786 1066/2058/1785
f 314/4864/252 1440/4866/250 5009/4867/3701 3427/4865/3699
f 1440/4866/250 312/4838/249 3428/4868/3702 5009/4867/3701
f 5009/4867/3701 3428/4868/3702 1068/2062/1791 3424/4869/1789
f 3427/4865/3699 5009/4867/3701 3424/4869/1789 1067/2060/1788
f 312/4838/249 1988/4870/3703 5010/4871/3704 3428/4868/3702
f 1988/4870/1887 56/2681/578 3425/4860/3695 5010/4871/3705
f 5010/4871/3705 3425/4860/3695 1065/2054/1783 3422/2057/1784
f 3428/4868/3702 5010/4871/3704 3422/2057/1790 1068/2062/1791
f 59/2930/561 1861/4872/561 5011/4873/561 3433/4874/1503
f 1861/4872/561 57/2925/561 3434/4875/1502 5011/4873/561
f 5011/4873/561 3434/4875/1502 1070/2927/1502 3429/637/561
f 3433/4874/1503 5011/4873/561 3429/637/561 1069/2932/1503
f 57/2925/561 1989/4876/561 5012/4877/1722 3434/4875/1502
f 1989/4876/1374 313/4854/1126 3435/4878/3706 5012/4877/1782
f 5012/4877/1782 3435/4878/3706 1071/4854/1349 3431/2051/1374
f 3434/4875/1502 5012/4877/1722 3431/2051/1502 1070/2927/1502
f 313/4854/1126 1442/2065/2782 5013/4879/1630 3435/4878/3706
f 1442/2065/2782 315/4880/983 3436/4881/3707 5013/4879/1630
f 5013/4879/1630 3436/4881/3707 1072/4880/881 3432/2065/578
f 3435/4878/3706 5013/4879/1630 3432/2065/578 1071/4854/1349
f 315/4880/983 1991/4882/1743 5014/4883/2081 3436/4881/3707
f 1991/4882/561 59/2930/561 3433/4874/1503 5014/4883/1503
f 5014/4883/1503 3433/4874/1503 1069/2932/1503 3430/2064/1503
f 3436/4881/3707 5014/4883/2081 3430/2064/640 1072/4880/881
f 58/2677/578 1862/4884/578 5015/4885/578 3441/4886/3708
f 1862/4884/578 60/2673/578 3442/4887/3709 5015/4885/578
f 5015/4885/578 3442/4887/3709 1074/2071/1794 3437/2068/578
f 3441/4886/3708 5015/4885/578 3437/2068/578 1073/2067/1792
f 60/2673/578 1992/4888/1679 5016/4889/3710 3442/4887/3709
f 1992/4888/3711 316/4890/261 3443/4891/3712 5016/4889/3713
f 5016/4889/3713 3443/4891/3712 1075/2073/1797 3439/4892/1796
f 3442/4887/3709 5016/4889/3710 3439/4892/1795 1074/2071/1794
f 316/4890/261 1443/4893/259 5017/4894/3714 3443/4891/3712
f 1443/4893/259 314/4864/258 3444/4895/3715 5017/4894/3714
f 5017/4894/3714 3444/4895/3715 1076/2075/1800 3440/4896/1798
f 3443/4891/3712 5017/4894/3714 3440/4896/1798 1075/2073/1797
f 314/4864/258 1990/4897/3716 5018/4898/3717 3444/4895/3715
f 1990/4897/1887 58/2677/578 3441/4886/3708 5018/4898/3718
f 5018/4898/3718 3441/4886/3708 1073/2067/1792 3438/4899/1793
f 3444/4895/3715 5018/4898/3717 3438/4899/1799 1076/2075/1800
f 61/2935/561 1863/4900/561 5019/4901/561 3449/4902/1503
f 1863/4900/561 59/2930/561 3450/4903/1502 5019/4901/561
f 5019/4901/561 3450/4903/1502 1078/2932/1502 3445/642/561
f 3449/4902/1503 5019/4901/561 3445/642/561 1077/2937/1503
f 59/2930/561 1991/4904/561 5020/4905/1502 3450/4903/1502
f 1991/4904/1743 315/4880/983 3451/4906/3719 5020/4905/3720
f 5020/4905/3720 3451/4906/3719 1079/4880/1280 3447/2064/1374
f 3450/4903/1502 5020/4905/1502 3447/2064/1502 1078/2932/1502
f 315/4880/983 1445/2078/1089 5021/4907/1641 3451/4906/3719
f 1445/2078/1089 317/4908/1094 3452/4909/3721 5021/4907/1641
f 5021/4907/1641 3452/4909/3721 1080/4908/846 3448/2078/578
f 3451/4906/3719 5021/4907/1641 3448/2078/578 1079/4880/1280
f 317/4908/1094 1993/4910/1374 5022/4911/3722 3452/4909/3721
f 1993/4910/561 61/2935/561 3449/4902/1503 5022/4911/1503
f 5022/4911/1503 3449/4902/1503 1077/2937/1503 3446/2077/1503
f 3452/4909/3721 5022/4911/3722 3446/2077/640 1080/4908/846
f 60/2673/578 1864/4912/578 5023/4913/578 3457/4914/3723
f 1864/4912/578 62/2669/578 3458/4915/3724 5023/4913/578
f 5023/4913/578 3458/4915/3724 1082/2084/1803 3453/2081/578
f 3457/4914/3723 5023/4913/578 3453/2081/578 1081/2080/1801
f 62/2669/578 1994/4916/1679 5024/4917/3725 3458/4915/3724
f 1994/4916/3726 318/4918/270 3459/4919/3727 5024/4917/3728
f 5024/4917/3728 3459/4919/3727 1083/2086/1806 3455/2085/1805
f 3458/4915/3724 5024/4917/3725 3455/2085/1804 1082/2084/1803
f 318/4918/270 1446/4920/268 5025/4921/3729 3459/4919/3727
f 1446/4920/268 316/4890/267 3460/4922/3730 5025/4921/3729
f 5025/4921/3729 3460/4922/3730 1084/2088/1809 3456/2087/1807
f 3459/4919/3727 5025/4921/3729 3456/2087/1807 1083/2086/1806
f 316/4890/267 1992/4923/3731 5026/4924/3732 3460/4922/3730
f 1992/4923/1679 60/2673/578 3457/4914/3723 5026/4924/3733
f 5026/4924/3733 3457/4914/3723 1081/2080/1801 3454/4925/1802
f 3460/4922/3730 5026/4924/3732 3454/4925/1808 1084/2088/1809
f 63/2940/561 1865/2938/561 5027/4926/561 3465/4927/1503
f 1865/2938/561 61/2935/561 3466/4928/1502 5027/4926/561
f 5027/4926/561 3466/4928/1502 1086/2937/1502 3461/645/561
f 3465/4927/1503 5027/4926/561 3461/645/561 1085/2942/1503
f 61/2935/561 1993/4929/561 5028/4930/1502 3466/4928/1502
f 1993/4929/1374 317/4908/1094 3467/4931/3734 5028/4930/3099
f 5028/4930/3099 3467/4931/3734 1087/4908/1516 3463/2077/1374
f 3466/4928/1502 5028/4930/1502 3463/2077/1502 1086/2937/1502
f 317/4908/1094 1448/4932/2739 5029/4933/1630 3467/4931/3734
f 1448/4932/2739 319/4934/993 3468/4935/3735 5029/4933/1630
f 5029/4933/1630 3468/4935/3735 1088/4934/1504 3464/4932/578
f 3467/4931/3734 5029/4933/1630 3464/4932/578 1087/4908/1516
f 319/4934/993 1995/4936/1743 5030/4937/3736 3468/4935/3735
f 1995/4936/561 63/2940/561 3465/4927/1503 5030/4937/1503
f 5030/4937/1503 3465/4927/1503 1085/2942/1503 3462/2090/1503
f 3468/4935/3735 5030/4937/3736 3462/2090/640 1088/4934/1504
f 62/2669/578 1866/4938/578 5031/4939/578 3473/4940/3737
f 1866/4938/578 64/2665/578 3474/4941/3738 5031/4939/578
f 5031/4939/578 3474/4941/3738 1090/2097/1812 3469/2094/578
f 3473/4940/3737 5031/4939/578 3469/2094/578 1089/2093/1810
f 64/2665/578 1996/4942/1679 5032/4943/3739 3474/4941/3738
f 1996/4942/3740 320/4944/279 3475/4945/3741 5032/4943/3742
f 5032/4943/3742 3475/4945/3741 1091/2099/1815 3471/4946/1814
f 3474/4941/3738 5032/4943/3739 3471/4946/1813 1090/2097/1812
f 320/4944/279 1449/4947/277 5033/4948/3743 3475/4945/3741
f 1449/4947/277 318/4918/276 3476/4949/3744 5033/4948/3743
f 5033/4948/3743 3476/4949/3744 1092/2101/1818 3472/4950/1816
f 3475/4945/3741 5033/4948/3743 3472/4950/1816 1091/2099/1815
f 318/4918/276 1994/4951/3745 5034/4952/3746 3476/4949/3744
f 1994/4951/1679 62/2669/578 3473/4940/3737 5034/4952/3747
f 5034/4952/3747 3473/4940/3737 1089/2093/1810 3470/2096/1811
f 3476/4949/3744 5034/4952/3746 3470/2096/1817 1092/2101/1818
f 65/2945/561 1867/4953/561 5035/4954/561 3481/4955/1503
f 1867/4953/561 63/2940/561 3482/4956/1502 5035/4954/561
f 5035/4954/561 3482/4956/1502 1094/2942/1502 3477/648/561
f 3481/4955/1503 5035/4954/561 3477/648/561 1093/2947/1503
f 63/2940/561 1995/4957/561 5036/4958/1502 3482/4956/1502
f 1995/4957/1743 319/4934/993 3483/4959/3748 5036/4958/1303
f 5036/4958/1303 3483/4959/3748 1095/4934/1819 3479/2090/1374
f 3482/4956/1502 5036/4958/1502 3479/2090/1502 1094/2942/1502
f 319/4934/993 1451/2104/1057 5037/4960/1660 3483/4959/3748
f 1451/2104/1057 321/4961/1062 3484/4962/3735 5037/4960/1660
f 5037/4960/1660 3484/4962/3735 1096/4961/1820 3480/2104/578
f 3483/4959/3748 5037/4960/1660 3480/2104/578 1095/4934/1819
f 321/4961/1062 1997/4963/1374 5038/4964/2417 3484/4962/3735
f 1997/4963/561 65/2945/561 3481/4955/1503 5038/4964/3749
f 5038/4964/3749 3481/4955/1503 1093/2947/1503 3478/2103/1503
f 3484/4962/3735 5038/4964/2417 3478/2103/640 1096/4961/1820
f 64/2665/578 1868/4965/578 5039/4966/578 3489/4967/3750
f 1868/4965/578 66/2661/578 3490/4968/3751 5039/4966/578
f 5039/4966/578 3490/4968/3751 1098/2110/1823 3485/2107/578
f 3489/4967/3750 5039/4966/578 3485/2107/578 1097/2106/1821
f 66/2661/578 1998/4969/1679 5040/4970/3752 3490/4968/3751
f 1998/4969/3753 322/4971/288 3491/4972/3754 5040/4970/3755
f 5040/4970/3755 3491/4972/3754 1099/2112/1826 3487/4973/1825
f 3490/4968/3751 5040/4970/3752 3487/4973/1824 1098/2110/1823
f 322/4971/288 1452/4974/286 5041/4975/3756 3491/4972/3754
f 1452/4974/286 320/4944/285 3492/4976/3757 5041/4975/3756
f 5041/4975/3756 3492/4976/3757 1100/2114/1829 3488/4977/1827
f 3491/4972/3754 5041/4975/3756 3488/4977/1827 1099/2112/1826
f 320/4944/285 1996/4978/3758 5042/4979/3759 3492/4976/3757
f 1996/4978/1679 64/2665/578 3489/4967/3750 5042/4979/3760
f 5042/4979/3760 3489/4967/3750 1097/2106/1821 3486/4980/1822
f 3492/4976/3757 5042/4979/3759 3486/4980/1828 1100/2114/1829
f 67/2950/561 1869/4981/561 5043/4982/561 3497/4983/1503
f 1869/4981/561 65/2945/561 3498/4984/1502 5043/4982/561
f 5043/4982/561 3498/4984/1502 1102/2947/1502 3493/651/561
f 3497/4983/1503 5043/4982/561 3493/651/561 1101/2952/1503
f 65/2945/561 1997/4985/561 5044/4986/3761 3498/4984/1502
f 1997/4985/1374 321/4961/1062 3499/4987/3762 5044/4986/3056
f 5044/4986/3056 3499/4987/3762 1103/4961/1516 3495/2103/1374
f 3498/4984/1502 5044/4986/3761 3495/2103/1502 1102/2947/1502
f 321/4961/1062 1454/2117/2697 5045/4988/1887 3499/4987/3762
f 1454/2117/2697 323/4989/1660 3500/4990/3308 5045/4988/1887
f 5045/4988/1887 3500/4990/3308 1104/4989/1515 3496/2117/578
f 3499/4987/3762 5045/4988/1887 3496/2117/578 1103/4961/1516
f 323/4989/1660 1999/4991/578 5046/4992/1820 3500/4990/3308
f 1999/4991/561 67/2950/561 3497/4983/1503 5046/4992/1503
f 5046/4992/1503 3497/4983/1503 1101/2952/1503 3494/2116/1503
f 3500/4990/3308 5046/4992/1820 3494/2116/578 1104/4989/1515
f 66/2661/578 1870/4993/578 5047/4994/578 3505/4995/3763
f 1870/4993/578 68/2657/578 3506/4996/3764 5047/4994/578
f 5047/4994/578 3506/4996/3764 1106/2123/1832 3501/2120/578
f 3505/4995/3763 5047/4994/578 3501/2120/578 1105/2119/1830
f 68/2657/578 2000/4997/1679 5048/4998/3765 3506/4996/3764
f 2000/4997/3766 324/4999/297 3507/5000/3767 5048/4998/3768
f 5048/4998/3768 3507/5000/3767 1107/2125/1835 3503/5001/1834
f 3506/4996/3764 5048/4998/3765 3503/5001/1833 1106/2123/1832
f 324/4999/297 1455/5002/295 5049/5003/3769 3507/5000/3767
f 1455/5002/295 322/4971/294 3508/5004/3770 5049/5003/3769
f 5049/5003/3769 3508/5004/3770 1108/2127/1838 3504/5005/1836
f 3507/5000/3767 5049/5003/3769 3504/5005/1836 1107/2125/1835
f 322/4971/294 1998/5006/3771 5050/5007/3772 3508/5004/3770
f 1998/5006/1679 66/2661/578 3505/4995/3763 5050/5007/3773
f 5050/5007/3773 3505/4995/3763 1105/2119/1830 3502/5008/1831
f 3508/5004/3770 5050/5007/3772 3502/5008/1837 1108/2127/1838
f 69/2955/561 1871/5009/561 5051/5010/561 3513/5011/1503
f 1871/5009/561 67/2950/561 3514/5012/1502 5051/5010/561
f 5051/5010/561 3514/5012/1502 1110/2952/1502 3509/650/561
f 3513/5011/1503 5051/5010/561 3509/650/561 1109/2957/1503
f 67/2950/561 1999/4991/561 5052/5013/1502 3514/5012/1502
f 1999/4991/578 323/4989/1660 3515/5014/3296 5052/5013/1183
f 5052/5013/1183 3515/5014/3296 1111/4989/1505 3511/2116/578
f 3514/5012/1502 5052/5013/1502 3511/2116/1502 1110/2952/1502
f 323/4989/1660 1457/5015/1121 5053/5016/1743 3515/5014/3296
f 1457/5015/1121 325/5017/1008 3516/5018/3774 5053/5016/1743
f 5053/5016/1743 3516/5018/3774 1112/5017/1504 3512/5015/578
f 3515/5014/3296 5053/5016/1743 3512/5015/578 1111/4989/1505
f 325/5017/1008 2001/5019/640 5054/5020/3775 3516/5018/3774
f 2001/5019/561 69/2955/561 3513/5011/1503 5054/5020/1503
f 5054/5020/1503 3513/5011/1503 1109/2957/1503 3510/5021/1503
f 3516/5018/3774 5054/5020/3775 3510/5021/640 1112/5017/1504
f 68/2657/578 1872/2655/578 5055/5022/578 3521/5023/3776
f 1872/2655/578 70/2653/578 3522/5024/3777 5055/5022/578
f 5055/5022/578 3522/5024/3777 1114/2136/1841 3517/2133/578
f 3521/5023/3776 5055/5022/578 3517/2133/578 1113/2132/1839
f 70/2653/578 2002/5025/1679 5056/5026/3778 3522/5024/3777
f 2002/5025/3779 326/5027/306 3523/5028/3780 5056/5026/3781
f 5056/5026/3781 3523/5028/3780 1115/2138/1844 3519/5029/1843
f 3522/5024/3777 5056/5026/3778 3519/5029/1842 1114/2136/1841
f 326/5027/306 1458/5030/304 5057/5031/3782 3523/5028/3780
f 1458/5030/304 324/4999/303 3524/5032/3783 5057/5031/3782
f 5057/5031/3782 3524/5032/3783 1116/2140/1847 3520/5033/1845
f 3523/5028/3780 5057/5031/3782 3520/5033/1845 1115/2138/1844
f 324/4999/303 2000/5034/3784 5058/5035/3785 3524/5032/3783
f 2000/5034/1679 68/2657/578 3521/5023/3776 5058/5035/3786
f 5058/5035/3786 3521/5023/3776 1113/2132/1839 3518/5036/1840
f 3524/5032/3783 5058/5035/3785 3518/5036/1846 1116/2140/1847
f 71/2960/561 1873/5037/561 5059/5038/561 3529/5039/1503
f 1873/5037/561 69/2955/561 3530/5040/1502 5059/5038/561
f 5059/5038/561 3530/5040/1502 1118/2957/1502 3525/653/561
f 3529/5039/1503 5059/5038/561 3525/653/561 1117/2962/1503
f 69/2955/561 2001/5041/561 5060/5042/1502 3530/5040/1502
f 2001/5041/640 325/5017/1008 3531/5043/3323 5060/5042/2981
f 5060/5042/2981 3531/5043/3323 1119/5017/1183 3527/2129/1374
f 3530/5040/1502 5060/5042/1502 3527/2129/1502 1118/2957/1502
f 325/5017/1008 1460/5044/1011 5061/5045/1772 3531/5043/3323
f 1460/5044/1011 327/5046/993 3532/5047/3787 5061/5045/1772
f 5061/5045/1772 3532/5047/3787 1120/5046/1848 3528/5044/578
f 3531/5043/3323 5061/5045/1772 3528/5044/578 1119/5017/1183
f 327/5046/993 2003/5048/1630 5062/5049/3788 3532/5047/3787
f 2003/5048/561 71/2960/561 3529/5039/1503 5062/5049/3377
f 5062/5049/3377 3529/5039/1503 1117/2962/1503 3526/5050/1503
f 3532/5047/3787 5062/5049/3788 3526/5050/1848 1120/5046/1848
f 70/2653/578 1874/5051/578 5063/5052/578 3537/5053/3789
f 1874/5051/578 72/2649/578 3538/5054/3790 5063/5052/578
f 5063/5052/578 3538/5054/3790 1122/2149/1851 3533/2146/578
f 3537/5053/3789 5063/5052/578 3533/2146/578 1121/2145/1849
f 72/2649/578 2004/5055/1679 5064/5056/3791 3538/5054/3790
f 2004/5055/3792 328/5057/315 3539/5058/3793 5064/5056/3794
f 5064/5056/3794 3539/5058/3793 1123/2151/1854 3535/5059/1853
f 3538/5054/3790 5064/5056/3791 3535/5059/1852 1122/2149/1851
f 328/5057/315 1461/5060/313 5065/5061/3795 3539/5058/3793
f 1461/5060/313 326/5027/312 3540/5062/3796 5065/5061/3795
f 5065/5061/3795 3540/5062/3796 1124/2153/1857 3536/5063/1855
f 3539/5058/3793 5065/5061/3795 3536/5063/1855 1123/2151/1854
f 326/5027/312 2002/5064/3797 5066/5065/3798 3540/5062/3796
f 2002/5064/1679 70/2653/578 3537/5053/3789 5066/5065/3799
f 5066/5065/3799 3537/5053/3789 1121/2145/1849 3534/5066/1850
f 3540/5062/3796 5066/5065/3798 3534/5066/1856 1124/2153/1857
f 73/2965/561 1875/5067/561 5067/5068/561 3545/5069/1503
f 1875/5067/561 71/2960/561 3546/5070/1502 5067/5068/561
f 5067/5068/561 3546/5070/1502 1126/2962/1502 3541/655/561
f 3545/5069/1503 5067/5068/561 3541/655/561 1125/2967/1503
f 71/2960/561 2003/5071/561 5068/5072/3365 3546/5070/1502
f 2003/5071/1630 327/5046/993 3547/5073/3800 5068/5072/3801
f 5068/5072/3801 3547/5073/3800 1127/5046/1858 3543/2142/1858
f 3546/5070/1502 5068/5072/3365 3543/2142/1502 1126/2962/1502
f 327/5046/993 1463/2156/996 5069/5074/996 3547/5073/3800
f 1463/2156/996 329/5075/975 3548/5076/3802 5069/5074/996
f 5069/5074/996 3548/5076/3802 1128/5075/1859 3544/2156/578
f 3547/5073/3800 5069/5074/996 3544/2156/578 1127/5046/1858
f 329/5075/975 2005/5077/1630 5070/5078/3803 3548/5076/3802
f 2005/5077/561 73/2965/561 3545/5069/1503 5070/5078/3377
f 5070/5078/3377 3545/5069/1503 1125/2967/1503 3542/5079/1503
f 3548/5076/3802 5070/5078/3803 3542/5079/1859 1128/5075/1859
f 72/2649/578 1876/2647/578 5071/5080/578 3553/5081/3804
f 1876/2647/578 74/2645/578 3554/5082/3805 5071/5080/578
f 5071/5080/578 3554/5082/3805 1130/2162/1862 3549/2159/578
f 3553/5081/3804 5071/5080/578 3549/2159/578 1129/2158/1860
f 74/2645/578 2006/5083/1743 5072/5084/3806 3554/5082/3805
f 2006/5083/3807 330/5085/324 3555/5086/3808 5072/5084/3809
f 5072/5084/3809 3555/5086/3808 1131/2164/1865 3551/5087/1864
f 3554/5082/3805 5072/5084/3806 3551/5087/1863 1130/2162/1862
f 330/5085/324 1464/5088/322 5073/5089/3810 3555/5086/3808
f 1464/5088/322 328/5057/321 3556/5090/3811 5073/5089/3810
f 5073/5089/3810 3556/5090/3811 1132/2166/1868 3552/5091/1866
f 3555/5086/3808 5073/5089/3810 3552/5091/1866 1131/2164/1865
f 328/5057/321 2004/5055/3812 5074/5092/3813 3556/5090/3811
f 2004/5055/1679 72/2649/578 3553/5081/3804 5074/5092/3814
f 5074/5092/3814 3553/5081/3804 1129/2158/1860 3550/5093/1861
f 3556/5090/3811 5074/5092/3813 3550/5093/1867 1132/2166/1868
f 75/2970/561 1877/5094/561 5075/5095/561 3561/5096/1503
f 1877/5094/561 73/2965/561 3562/5097/1502 5075/5095/561
f 5075/5095/561 3562/5097/1502 1134/2967/1502 3557/657/561
f 3561/5096/1503 5075/5095/561 3557/657/561 1133/2972/1503
f 73/2965/561 2005/5098/561 5076/5099/3365 3562/5097/1502
f 2005/5098/1630 329/5075/975 3563/5100/3815 5076/5099/3816
f 5076/5099/3816 3563/5100/3815 1135/5075/1858 3559/2155/1858
f 3562/5097/1502 5076/5099/3365 3559/2155/1502 1134/2967/1502
f 329/5075/975 1466/2169/978 5077/5101/1620 3563/5100/3815
f 1466/2169/978 331/5102/983 3564/5103/3817 5077/5101/1620
f 5077/5101/1620 3564/5103/3817 1136/5102/711 3560/2169/578
f 3563/5100/3815 5077/5101/1620 3560/2169/578 1135/5075/1858
f 331/5102/983 2007/5104/1630 5078/5105/3348 3564/5103/3817
f 2007/5104/561 75/2970/561 3561/5096/1503 5078/5105/1566
f 5078/5105/1566 3561/5096/1503 1133/2972/1503 3558/5106/1503
f 3564/5103/3817 5078/5105/3348 3558/5106/1555 1136/5102/711
f 74/2645/578 1878/5107/578 5079/5108/578 3569/5109/3818
f 1878/5107/578 76/2641/578 3570/5110/3819 5079/5108/578
f 5079/5108/578 3570/5110/3819 1138/2175/1871 3565/2172/578
f 3569/5109/3818 5079/5108/578 3565/2172/578 1137/2171/1869
f 76/2641/578 2008/5111/1743 5080/5112/3820 3570/5110/3819
f 2008/5111/3821 332/5113/333 3571/5114/3822 5080/5112/3823
f 5080/5112/3823 3571/5114/3822 1139/2177/1874 3567/5115/1873
f 3570/5110/3819 5080/5112/3820 3567/5115/1872 1138/2175/1871
f 332/5113/333 1467/5116/331 5081/5117/3824 3571/5114/3822
f 1467/5116/331 330/5085/330 3572/5118/3825 5081/5117/3824
f 5081/5117/3824 3572/5118/3825 1140/2179/1877 3568/5119/1875
f 3571/5114/3822 5081/5117/3824 3568/5119/1875 1139/2177/1874
f 330/5085/330 2006/5120/3826 5082/5121/3827 3572/5118/3825
f 2006/5120/1743 74/2645/578 3569/5109/3818 5082/5121/3828
f 5082/5121/3828 3569/5109/3818 1137/2171/1869 3566/5122/1870
f 3572/5118/3825 5082/5121/3827 3566/5122/1876 1140/2179/1877
f 77/2975/561 1879/5123/561 5083/5124/561 3577/5125/1503
f 1879/5123/561 75/2970/561 3578/5126/1502 5083/5124/561
f 5083/5124/561 3578/5126/1502 1142/2972/1502 3573/659/561
f 3577/5125/1503 5083/5124/561 3573/659/561 1141/2977/1503
f 75/2970/561 2007/5127/561 5084/5128/1554 3578/5126/1502
f 2007/5127/1630 331/5102/983 3579/5129/3829 5084/5128/3830
f 5084/5128/3830 3579/5129/3829 1143/5102/1209 3575/2168/1374
f 3578/5126/1502 5084/5128/1554 3575/2168/1502 1142/2972/1502
f 331/5102/983 1469/2182/2600 5085/5130/1630 3579/5129/3829
f 1469/2182/2600 333/5131/854 3580/5132/3361 5085/5130/1630
f 5085/5130/1630 3580/5132/3361 1144/5131/1535 3576/2182/578
f 3579/5129/3829 5085/5130/1630 3576/2182/578 1143/5102/1209
f 333/5131/854 2009/5133/640 5086/5134/3831 3580/5132/3361
f 2009/5133/561 77/2975/561 3577/5125/1503 5086/5134/1566
f 5086/5134/1566 3577/5125/1503 1141/2977/1503 3574/2181/1566
f 3580/5132/3361 5086/5134/3831 3574/2181/640 1144/5131/1535
f 76/2641/578 1880/5135/578 5087/5136/578 3585/5137/3832
f 1880/5135/578 78/2637/578 3586/5138/3833 5087/5136/578
f 5087/5136/578 3586/5138/3833 1146/2188/1880 3581/2185/578
f 3585/5137/3832 5087/5136/578 3581/2185/578 1145/2184/1878
f 78/2637/578 2010/5139/1743 5088/5140/3834 3586/5138/3833
f 2010/5139/3835 334/5141/342 3587/5142/3836 5088/5140/3837
f 5088/5140/3837 3587/5142/3836 1147/2190/1883 3583/5143/1882
f 3586/5138/3833 5088/5140/3834 3583/5143/1881 1146/2188/1880
f 334/5141/342 1470/5144/340 5089/5145/3838 3587/5142/3836
f 1470/5144/340 332/5113/339 3588/5146/3839 5089/5145/3838
f 5089/5145/3838 3588/5146/3839 1148/2192/1886 3584/2191/1884
f 3587/5142/3836 5089/5145/3838 3584/2191/1884 1147/2190/1883
f 332/5113/339 2008/5147/3840 5090/5148/3841 3588/5146/3839
f 2008/5147/1743 76/2641/578 3585/5137/3832 5090/5148/3842
f 5090/5148/3842 3585/5137/3832 1145/2184/1878 3582/5149/1879
f 3588/5146/3839 5090/5148/3841 3582/5149/1885 1148/2192/1886
f 79/2980/561 1881/5150/561 5091/5151/561 3593/5152/1566
f 1881/5150/561 77/2975/561 3594/5153/1502 5091/5151/561
f 5091/5151/561 3594/5153/1502 1150/2977/1502 3589/661/561
f 3593/5152/1566 5091/5151/561 3589/661/561 1149/2982/1566
f 77/2975/561 2009/5133/561 5092/5154/1554 3594/5153/1502
f 2009/5133/640 333/5131/854 3595/5155/3843 5092/5154/3844
f 5092/5154/3844 3595/5155/3843 1151/5131/1888 3591/2181/1887
f 3594/5153/1502 5092/5154/1554 3591/2181/1554 1150/2977/1502
f 333/5131/854 1472/2195/949 5093/5156/2100 3595/5155/3843
f 1472/2195/949 335/5157/906 3596/5158/3378 5093/5156/2100
f 5093/5156/2100 3596/5158/3378 1152/5157/1567 3592/2195/578
f 3595/5155/3843 5093/5156/2100 3592/2195/578 1151/5131/1888
f 335/5157/906 2011/5159/1630 5094/5160/3379 3596/5158/3378
f 2011/5159/561 79/2980/561 3593/5152/1566 5094/5160/3377
f 5094/5160/3377 3593/5152/1566 1149/2982/1566 3590/2194/1566
f 3596/5158/3378 5094/5160/3379 3590/2194/1567 1152/5157/1567
f 78/2637/578 1882/5161/578 5095/5162/578 3601/5163/3845
f 1882/5161/578 80/2633/578 3602/5164/3846 5095/5162/578
f 5095/5162/578 3602/5164/3846 1154/2201/1891 3597/2198/578
f 3601/5163/3845 5095/5162/578 3597/2198/578 1153/2197/1889
f 80/2633/578 2012/5165/1743 5096/5166/3847 3602/5164/3846
f 2012/5165/3848 336/5167/351 3603/5168/3849 5096/5166/3850
f 5096/5166/3850 3603/5168/3849 1155/2203/1894 3599/5169/1893
f 3602/5164/3846 5096/5166/3847 3599/5169/1892 1154/2201/1891
f 336/5167/351 1473/5170/349 5097/5171/3851 3603/5168/3849
f 1473/5170/349 334/5141/348 3604/5172/3852 5097/5171/3851
f 5097/5171/3851 3604/5172/3852 1156/2205/1897 3600/2204/1895
f 3603/5168/3849 5097/5171/3851 3600/2204/1895 1155/2203/1894
f 334/5141/348 2010/5173/3853 5098/5174/3854 3604/5172/3852
f 2010/5173/1743 78/2637/578 3601/5163/3845 5098/5174/3855
f 5098/5174/3855 3601/5163/3845 1153/2197/1889 3598/5175/1890
f 3604/5172/3852 5098/5174/3854 3598/5175/1896 1156/2205/1897
f 81/2985/561 1883/5176/561 5099/5177/561 3609/5178/1566
f 1883/5176/561 79/2980/561 3610/5179/1554 5099/5177/561
f 5099/5177/561 3610/5179/1554 1158/2982/1554 3605/666/561
f 3609/5178/1566 5099/5177/561 3605/666/561 1157/2987/1566
f 79/2980/561 2011/5180/561 5100/5181/3365 3610/5179/1554
f 2011/5180/1630 335/5157/906 3611/5182/3395 5100/5181/3856
f 5100/5181/3856 3611/5182/3395 1159/5157/1556 3607/2194/1556
f 3610/5179/1554 5100/5181/3365 3607/2194/1554 1158/2982/1554
f 335/5157/906 1475/2208/909 5101/5183/1008 3611/5182/3395
f 1475/2208/909 337/5184/906 3612/5185/3393 5101/5183/1008
f 5101/5183/1008 3612/5185/3393 1160/5184/1587 3608/2208/578
f 3611/5182/3395 5101/5183/1008 3608/2208/578 1159/5157/1556
f 337/5184/906 2013/5186/578 5102/5187/3409 3612/5185/3393
f 2013/5186/561 81/2985/561 3609/5178/1566 5102/5187/1566
f 5102/5187/1566 3609/5178/1566 1157/2987/1566 3606/5188/1566
f 3612/5185/3393 5102/5187/3409 3606/5188/1587 1160/5184/1587
f 80/2633/578 1884/5189/578 5103/5190/578 3617/5191/3857
f 1884/5189/578 82/2629/578 3618/5192/3858 5103/5190/578
f 5103/5190/578 3618/5192/3858 1162/2214/1900 3613/2211/578
f 3617/5191/3857 5103/5190/578 3613/2211/578 1161/2210/1898
f 82/2629/578 2014/5193/1743 5104/5194/3859 3618/5192/3858
f 2014/5193/3860 338/5195/360 3619/5196/3861 5104/5194/3862
f 5104/5194/3862 3619/5196/3861 1163/2216/1903 3615/5197/1902
f 3618/5192/3858 5104/5194/3859 3615/5197/1901 1162/2214/1900
f 338/5195/360 1476/5198/358 5105/5199/3863 3619/5196/3861
f 1476/5198/358 336/5167/357 3620/5200/3864 5105/5199/3863
f 5105/5199/3863 3620/5200/3864 1164/2218/1906 3616/5201/1904
f 3619/5196/3861 5105/5199/3863 3616/5201/1904 1163/2216/1903
f 336/5167/357 2012/5202/3865 5106/5203/3866 3620/5200/3864
f 2012/5202/1743 80/2633/578 3617/5191/3857 5106/5203/3867
f 5106/5203/3867 3617/5191/3857 1161/2210/1898 3614/2213/1899
f 3620/5200/3864 5106/5203/3866 3614/2213/1905 1164/2218/1906
f 83/2990/561 1885/5204/561 5107/5205/561 3625/5206/1566
f 1885/5204/561 81/2985/561 3626/5207/1554 5107/5205/561
f 5107/5205/561 3626/5207/1554 1166/2987/1554 3621/665/561
f 3625/5206/1566 5107/5205/561 3621/665/561 1165/2992/1566
f 81/2985/561 2013/5208/561 5108/5209/1554 3626/5207/1554
f 2013/5208/578 337/5184/906 3627/5210/3410 5108/5209/3396
f 5108/5209/3396 3627/5210/3410 1167/5184/1577 3623/2207/1577
f 3626/5207/1554 5108/5209/1554 3623/2207/1554 1166/2987/1554
f 337/5184/906 1478/2221/909 5109/5211/854 3627/5210/3410
f 1478/2221/909 339/5212/906 3628/5213/3408 5109/5211/854
f 5109/5211/854 3628/5213/3408 1168/5212/1598 3624/2221/578
f 3627/5210/3410 5109/5211/854 3624/2221/578 1167/5184/1577
f 339/5212/906 2015/5214/640 5110/5215/3868 3628/5213/3408
f 2015/5214/561 83/2990/561 3625/5206/1566 5110/5215/3424
f 5110/5215/3424 3625/5206/1566 1165/2992/1566 3622/2220/1566
f 3628/5213/3408 5110/5215/3868 3622/2220/1598 1168/5212/1598
f 82/2629/578 1886/2627/578 5111/5216/578 3633/5217/3869
f 1886/2627/578 84/2625/578 3634/5218/3870 5111/5216/578
f 5111/5216/578 3634/5218/3870 1170/2227/1909 3629/2224/578
f 3633/5217/3869 5111/5216/578 3629/2224/578 1169/2223/1907
f 84/2625/578 2016/5219/1743 5112/5220/3871 3634/5218/3870
f 2016/5219/3872 340/5221/369 3635/5222/3873 5112/5220/3874
f 5112/5220/3874 3635/5222/3873 1171/2229/1912 3631/5223/1911
f 3634/5218/3870 5112/5220/3871 3631/5223/1910 1170/2227/1909
f 340/5221/369 1479/5224/367 5113/5225/3875 3635/5222/3873
f 1479/5224/367 338/5195/366 3636/5226/3876 5113/5225/3875
f 5113/5225/3875 3636/5226/3876 1172/2231/1915 3632/5227/1913
f 3635/5222/3873 5113/5225/3875 3632/5227/1913 1171/2229/1912
f 338/5195/366 2014/5228/3877 5114/5229/3878 3636/5226/3876
f 2014/5228/1743 82/2629/578 3633/5217/3869 5114/5229/3879
f 5114/5229/3879 3633/5217/3869 1169/2223/1907 3630/5230/1908
f 3636/5226/3876 5114/5229/3878 3630/5230/1914 1172/2231/1915
f 85/2995/561 1887/2993/561 5115/5231/561 3641/5232/1566
f 1887/2993/561 83/2990/561 3642/5233/1554 5115/5231/561
f 5115/5231/561 3642/5233/1554 1174/2992/1554 3637/671/561
f 3641/5232/1566 5115/5231/561 3637/671/561 1173/2997/1566
f 83/2990/561 2015/5234/561 5116/5235/3412 3642/5233/1554
f 2015/5234/640 339/5212/906 3643/5236/3427 5116/5235/3428
f 5116/5235/3428 3643/5236/3427 1175/5212/1588 3639/2220/1588
f 3642/5233/1554 5116/5235/3412 3639/2220/1554 1174/2992/1554
f 339/5212/906 1481/2234/909 5117/5237/854 3643/5236/3427
f 1481/2234/909 341/5238/864 3644/5239/3425 5117/5237/854
f 5117/5237/854 3644/5239/3425 1176/5238/1598 3640/2234/578
f 3643/5236/3427 5117/5237/854 3640/2234/578 1175/5212/1588
f 341/5238/864 2017/5240/640 5118/5241/3426 3644/5239/3425
f 2017/5240/561 85/2995/561 3641/5232/1566 5118/5241/3424
f 5118/5241/3424 3641/5232/1566 1173/2997/1566 3638/5242/1566
f 3644/5239/3425 5118/5241/3426 3638/5242/1598 1176/5238/1598
f 84/2625/578 1888/5243/578 5119/5244/578 3649/5245/3880
f 1888/5243/578 86/2621/578 3650/5246/3881 5119/5244/578
f 5119/5244/578 3650/5246/3881 1178/2240/1918 3645/2237/578
f 3649/5245/3880 5119/5244/578 3645/2237/578 1177/2236/1916
f 86/2621/578 2018/5247/1743 5120/5248/3882 3650/5246/3881
f 2018/5247/3883 342/5249/378 3651/5250/3884 5120/5248/3885
f 5120/5248/3885 3651/5250/3884 1179/2242/1921 3647/2241/1920
f 3650/5246/3881 5120/5248/3882 3647/2241/1919 1178/2240/1918
f 342/5249/378 1482/5251/376 5121/5252/3886 3651/5250/3884
f 1482/5251/376 340/5221/375 3652/5253/3887 5121/5252/3886
f 5121/5252/3886 3652/5253/3887 1180/2244/1924 3648/5254/1922
f 3651/5250/3884 5121/5252/3886 3648/5254/1922 1179/2242/1921
f 340/5221/375 2016/5255/3888 5122/5256/3889 3652/5253/3887
f 2016/5255/1743 84/2625/578 3649/5245/3880 5122/5256/3890
f 5122/5256/3890 3649/5245/3880 1177/2236/1916 3646/2239/1917
f 3652/5253/3887 5122/5256/3889 3646/2239/1923 1180/2244/1924
f 87/3000/561 1889/5257/561 5123/5258/561 3657/5259/1618
f 1889/5257/561 85/2995/561 3658/5260/1554 5123/5258/561
f 5123/5258/561 3658/5260/1554 1182/2997/1554 3653/674/561
f 3657/5259/1618 5123/5258/561 3653/674/561 1181/3002/1566
f 85/2995/561 2017/5261/561 5124/5262/3412 3658/5260/1554
f 2017/5261/640 341/5238/864 3659/5263/3442 5124/5262/3891
f 5124/5262/3891 3659/5263/3442 1183/5238/1588 3655/2233/1588
f 3658/5260/1554 5124/5262/3412 3655/2233/1554 1182/2997/1554
f 341/5238/864 1484/5264/881 5125/5265/854 3659/5263/3442
f 1484/5264/881 343/5266/864 3660/5267/3440 5125/5265/854
f 5125/5265/854 3660/5267/3440 1184/5266/1598 3656/5264/578
f 3659/5263/3442 5125/5265/854 3656/5264/578 1183/5238/1588
f 343/5266/864 2019/5268/640 5126/5269/3892 3660/5267/3440
f 2019/5268/561 87/3000/561 3657/5259/1618 5126/5269/3424
f 5126/5269/3424 3657/5259/1618 1181/3002/1566 3654/2246/1566
f 3660/5267/3440 5126/5269/3892 3654/2246/1598 1184/5266/1598
f 86/2621/578 1890/5270/578 5127/5271/578 3665/5272/3893
f 1890/5270/578 88/2617/578 3666/5273/3894 5127/5271/578
f 5127/5271/578 3666/5273/3894 1186/2253/1927 3661/2250/578
f 3665/5272/3893 5127/5271/578 3661/2250/578 1185/2249/1925
f 88/2617/578 2020/5274/1743 5128/5275/3895 3666/5273/3894
f 2020/5274/3896 344/5276/387 3667/5277/3897 5128/5275/3898
f 5128/5275/3898 3667/5277/3897 1187/2255/1930 3663/5278/1929
f 3666/5273/3894 5128/5275/3895 3663/5278/1928 1186/2253/1927
f 344/5276/387 1485/5279/385 5129/5280/3899 3667/5277/3897
f 1485/5279/385 342/5249/384 3668/5281/3900 5129/5280/3899
f 5129/5280/3899 3668/5281/3900 1188/2257/1933 3664/5282/1931
f 3667/5277/3897 5129/5280/3899 3664/5282/1931 1187/2255/1930
f 342/5249/384 2018/5283/3901 5130/5284/3902 3668/5281/3900
f 2018/5283/1743 86/2621/578 3665/5272/3893 5130/5284/3903
f 5130/5284/3903 3665/5272/3893 1185/2249/1925 3662/5285/1926
f 3668/5281/3900 5130/5284/3902 3662/5285/1932 1188/2257/1933
f 89/3005/561 1891/5286/561 5131/5287/561 3673/5288/1618
f 1891/5286/561 87/3000/561 3674/5289/1617 5131/5287/561
f 5131/5287/561 3674/5289/1617 1190/3002/1617 3669/677/561
f 3673/5288/1618 5131/5287/561 3669/677/561 1189/3007/1618
f 87/3000/561 2019/5290/561 5132/5291/3412 3674/5289/1617
f 2019/5290/640 343/5266/864 3675/5292/3457 5132/5291/3458
f 5132/5291/3458 3675/5292/3457 1191/5266/1620 3671/2246/1620
f 3674/5289/1617 5132/5291/3412 3671/2246/1617 1190/3002/1617
f 343/5266/864 1487/2260/881 5133/5293/854 3675/5292/3457
f 1487/2260/881 345/5294/864 3676/5295/3455 5133/5293/854
f 5133/5293/854 3676/5295/3455 1192/5294/1619 3672/2260/578
f 3675/5292/3457 5133/5293/854 3672/2260/578 1191/5266/1620
f 345/5294/864 2021/5296/640 5134/5297/3904 3676/5295/3455
f 2021/5296/561 89/3005/561 3673/5288/1618 5134/5297/3424
f 5134/5297/3424 3673/5288/1618 1189/3007/1618 3670/2259/1618
f 3676/5295/3455 5134/5297/3904 3670/2259/1619 1192/5294/1619
f 88/2617/578 1892/5298/578 5135/5299/578 3681/5300/3905
f 1892/5298/578 90/2613/578 3682/5301/3906 5135/5299/578
f 5135/5299/578 3682/5301/3906 1194/2266/1936 3677/2263/578
f 3681/5300/3905 5135/5299/578 3677/2263/578 1193/2262/1934
f 90/2613/578 2022/5302/1743 5136/5303/3907 3682/5301/3906
f 2022/5302/3908 346/5304/396 3683/5305/3909 5136/5303/3910
f 5136/5303/3910 3683/5305/3909 1195/2268/1939 3679/5306/1938
f 3682/5301/3906 5136/5303/3907 3679/5306/1937 1194/2266/1936
f 346/5304/396 1488/5307/394 5137/5308/3911 3683/5305/3909
f 1488/5307/394 344/5276/393 3684/5309/3912 5137/5308/3911
f 5137/5308/3911 3684/5309/3912 1196/2270/1942 3680/5310/1940
f 3683/5305/3909 5137/5308/3911 3680/5310/1940 1195/2268/1939
f 344/5276/393 2020/5311/3913 5138/5312/3914 3684/5309/3912
f 2020/5311/1743 88/2617/578 3681/5300/3905 5138/5312/3915
f 5138/5312/3915 3681/5300/3905 1193/2262/1934 3678/5313/1935
f 3684/5309/3912 5138/5312/3914 3678/5313/1941 1196/2270/1942
f 91/3010/561 1893/3008/561 5139/5314/561 3689/5315/1618
f 1893/3008/561 89/3005/561 3690/5316/1617 5139/5314/561
f 5139/5314/561 3690/5316/1617 1198/3007/1617 3685/676/561
f 3689/5315/1618 5139/5314/561 3685/676/561 1197/3012/1618
f 89/3005/561 2021/5317/561 5140/5318/3412 3690/5316/1617
f 2021/5317/640 345/5294/864 3691/5319/3916 5140/5318/3917
f 5140/5318/3917 3691/5319/3916 1199/5294/1620 3687/2259/1620
f 3690/5316/1617 5140/5318/3412 3687/2259/1617 1198/3007/1617
f 345/5294/864 1490/2273/867 5141/5320/867 3691/5319/3916
f 1490/2273/867 347/5321/846 3692/5322/3470 5141/5320/867
f 5141/5320/867 3692/5322/3470 1200/5321/1619 3688/2273/578
f 3691/5319/3916 5141/5320/867 3688/2273/578 1199/5294/1620
f 347/5321/846 2023/5323/640 5142/5324/3918 3692/5322/3470
f 2023/5323/561 91/3010/561 3689/5315/1618 5142/5324/3424
f 5142/5324/3424 3689/5315/1618 1197/3012/1618 3686/5325/1618
f 3692/5322/3470 5142/5324/3918 3686/5325/1619 1200/5321/1619
f 90/2613/578 1894/2611/578 5143/5326/578 3697/5327/3919
f 1894/2611/578 92/2609/578 3698/5328/3920 5143/5326/578
f 5143/5326/578 3698/5328/3920 1202/2279/1945 3693/2276/578
f 3697/5327/3919 5143/5326/578 3693/2276/578 1201/2275/1943
f 92/2609/578 2024/5329/1515 5144/5330/3921 3698/5328/3920
f 2024/5329/3922 348/5331/405 3699/5332/3923 5144/5330/3924
f 5144/5330/3924 3699/5332/3923 1203/2281/1948 3695/5333/1947
f 3698/5328/3920 5144/5330/3921 3695/5333/1946 1202/2279/1945
f 348/5331/405 1491/5334/403 5145/5335/3925 3699/5332/3923
f 1491/5334/403 346/5304/402 3700/5336/3926 5145/5335/3925
f 5145/5335/3925 3700/5336/3926 1204/2283/1951 3696/5337/1949
f 3699/5332/3923 5145/5335/3925 3696/5337/1949 1203/2281/1948
f 346/5304/402 2022/5338/3927 5146/5339/3928 3700/5336/3926
f 2022/5338/1743 90/2613/578 3697/5327/3919 5146/5339/3929
f 5146/5339/3929 3697/5327/3919 1201/2275/1943 3694/5340/1944
f 3700/5336/3926 5146/5339/3928 3694/5340/1950 1204/2283/1951
f 93/3015/561 1895/3013/561 5147/5341/561 3705/5342/1618
f 1895/3013/561 91/3010/561 3706/5343/1617 5147/5341/561
f 5147/5341/561 3706/5343/1617 1206/3012/1617 3701/679/561
f 3705/5342/1618 5147/5341/561 3701/679/561 1205/3017/1618
f 91/3010/561 2023/5323/561 5148/5344/3412 3706/5343/1617
f 2023/5323/640 347/5321/846 3707/5345/3930 5148/5344/3931
f 5148/5344/3931 3707/5345/3930 1207/5321/1952 3703/2272/1952
f 3706/5343/1617 5148/5344/3412 3703/2272/1617 1206/3012/1617
f 347/5321/846 1493/2286/849 5149/5346/1724 3707/5345/3930
f 1493/2286/849 349/5347/854 3708/5348/3932 5149/5346/1724
f 5149/5346/1724 3708/5348/3932 1208/5347/587 3704/2286/578
f 3707/5345/3930 5149/5346/1724 3704/2286/578 1207/5321/1952
f 349/5347/854 2025/5349/1630 5150/5350/3933 3708/5348/3932
f 2025/5349/561 93/3015/561 3705/5342/1618 5150/5350/1618
f 5150/5350/1618 3705/5342/1618 1205/3017/1618 3702/5351/1618
f 3708/5348/3932 5150/5350/3933 3702/5351/1640 1208/5347/587
f 92/2609/578 1896/5352/578 5151/5353/578 3713/5354/3934
f 1896/5352/578 94/2605/578 3714/5355/3935 5151/5353/578
f 5151/5353/578 3714/5355/3935 1210/2292/1955 3709/2289/578
f 3713/5354/3934 5151/5353/578 3709/2289/578 1209/2288/1953
f 94/2605/578 2026/5356/1515 5152/5357/3936 3714/5355/3935
f 2026/5356/3937 350/5358/414 3715/5359/3938 5152/5357/3939
f 5152/5357/3939 3715/5359/3938 1211/2294/1958 3711/5360/1957
f 3714/5355/3935 5152/5357/3936 3711/5360/1956 1210/2292/1955
f 350/5358/414 1494/5361/412 5153/5362/3940 3715/5359/3938
f 1494/5361/412 348/5331/411 3716/5363/3941 5153/5362/3940
f 5153/5362/3940 3716/5363/3941 1212/2296/1961 3712/2295/1959
f 3715/5359/3938 5153/5362/3940 3712/2295/1959 1211/2294/1958
f 348/5331/411 2024/5364/3942 5154/5365/3943 3716/5363/3941
f 2024/5364/1515 92/2609/578 3713/5354/3934 5154/5365/3944
f 5154/5365/3944 3713/5354/3934 1209/2288/1953 3710/5366/1954
f 3716/5363/3941 5154/5365/3943 3710/5366/1960 1212/2296/1961
f 95/3020/561 1897/3018/561 5155/5367/561 3721/5368/1618
f 1897/3018/561 93/3015/561 3722/5369/1617 5155/5367/561
f 5155/5367/561 3722/5369/1617 1214/3017/1617 3717/681/561
f 3721/5368/1618 5155/5367/561 3717/681/561 1213/3022/1618
f 93/3015/561 2025/5370/561 5156/5371/1617 3722/5369/1617
f 2025/5370/1630 349/5347/854 3723/5372/3501 5156/5371/2739
f 5156/5371/2739 3723/5372/3501 1215/5347/1660 3719/2285/1630
f 3722/5369/1617 5156/5371/1617 3719/2285/1617 1214/3017/1617
f 349/5347/854 1496/2299/2481 5157/5373/1743 3723/5372/3501
f 1496/2299/2481 351/5374/1504 3724/5375/3945 5157/5373/1743
f 5157/5373/1743 3724/5375/3945 1216/5374/1689 3720/2299/578
f 3723/5372/3501 5157/5373/1743 3720/2299/578 1215/5347/1660
f 351/5374/1504 2027/5376/578 5158/5377/587 3724/5375/3945
f 2027/5376/561 95/3020/561 3721/5368/1618 5158/5377/1618
f 5158/5377/1618 3721/5368/1618 1213/3022/1618 3718/5378/1618
f 3724/5375/3945 5158/5377/587 3718/5378/578 1216/5374/1689
f 94/2605/578 1898/2603/578 5159/5379/578 3729/5380/3946
f 1898/2603/578 96/2601/578 3730/5381/3947 5159/5379/578
f 5159/5379/578 3730/5381/3947 1218/2305/1964 3725/2302/578
f 3729/5380/3946 5159/5379/578 3725/2302/578 1217/2301/1962
f 96/2601/578 2028/5382/1515 5160/5383/3948 3730/5381/3947
f 2028/5382/3949 352/5384/423 3731/5385/3950 5160/5383/3951
f 5160/5383/3951 3731/5385/3950 1219/2307/1967 3727/5386/1966
f 3730/5381/3947 5160/5383/3948 3727/5386/1965 1218/2305/1964
f 352/5384/423 1497/5387/421 5161/5388/3952 3731/5385/3950
f 1497/5387/421 350/5358/420 3732/5389/3953 5161/5388/3952
f 5161/5388/3952 3732/5389/3953 1220/2309/1970 3728/5390/1968
f 3731/5385/3950 5161/5388/3952 3728/5390/1968 1219/2307/1967
f 350/5358/420 2026/5356/3954 5162/5391/3955 3732/5389/3953
f 2026/5356/1515 94/2605/578 3729/5380/3946 5162/5391/3956
f 5162/5391/3956 3729/5380/3946 1217/2301/1962 3726/5392/1963
f 3732/5389/3953 5162/5391/3955 3726/5392/1969 1220/2309/1970
f 97/3025/561 1899/5393/561 5163/5394/561 3737/5395/1618
f 1899/5393/561 95/3020/561 3738/5396/1617 5163/5394/561
f 5163/5394/561 3738/5396/1617 1222/3022/1617 3733/683/561
f 3737/5395/1618 5163/5394/561 3733/683/561 1221/3027/1618
f 95/3020/561 2027/5397/561 5164/5398/1617 3738/5396/1617
f 2027/5397/578 351/5374/1504 3739/5399/3957 5164/5398/983
f 5164/5398/983 3739/5399/3957 1223/5374/1679 3735/2298/578
f 3738/5396/1617 5164/5398/1617 3735/2298/1617 1222/3022/1617
f 351/5374/1504 1499/5400/2417 5165/5401/640 3739/5399/3957
f 1499/5400/2417 353/5402/1504 3740/5403/3531 5165/5401/640
f 5165/5401/640 3740/5403/3531 1224/5402/1689 3736/5400/578
f 3739/5399/3957 5165/5401/640 3736/5400/578 1223/5374/1679
f 353/5402/1504 2029/5404/578 5166/5405/579 3740/5403/3531
f 2029/5404/561 97/3025/561 3737/5395/1618 5166/5405/1618
f 5166/5405/1618 3737/5395/1618 1221/3027/1618 3734/2311/1618
f 3740/5403/3531 5166/5405/579 3734/2311/578 1224/5402/1689
f 96/2601/578 1900/2599/578 5167/5406/578 3745/5407/3958
f 1900/2599/578 98/2597/578 3746/5408/3959 5167/5406/578
f 5167/5406/578 3746/5408/3959 1226/2318/1973 3741/2315/578
f 3745/5407/3958 5167/5406/578 3741/2315/578 1225/2314/1971
f 98/2597/578 2030/5409/1515 5168/5410/3960 3746/5408/3959
f 2030/5409/3961 354/5411/432 3747/5412/3962 5168/5410/3963
f 5168/5410/3963 3747/5412/3962 1227/2320/1976 3743/5413/1975
f 3746/5408/3959 5168/5410/3960 3743/5413/1974 1226/2318/1973
f 354/5411/432 1500/5414/430 5169/5415/3964 3747/5412/3962
f 1500/5414/430 352/5384/429 3748/5416/3965 5169/5415/3964
f 5169/5415/3964 3748/5416/3965 1228/2322/1979 3744/5417/1977
f 3747/5412/3962 5169/5415/3964 3744/5417/1977 1227/2320/1976
f 352/5384/429 2028/5418/3966 5170/5419/3967 3748/5416/3965
f 2028/5418/1515 96/2601/578 3745/5407/3958 5170/5419/3968
f 5170/5419/3968 3745/5407/3958 1225/2314/1971 3742/5420/1972
f 3748/5416/3965 5170/5419/3967 3742/5420/1978 1228/2322/1979
f 99/3030/561 1901/5421/561 5171/5422/561 3753/5423/1618
f 1901/5421/561 97/3025/561 3754/5424/1617 5171/5422/561
f 5171/5422/561 3754/5424/1617 1230/3027/1617 3749/685/561
f 3753/5423/1618 5171/5422/561 3749/685/561 1229/3032/1618
f 97/3025/561 2029/5425/561 5172/5426/1617 3754/5424/1617
f 2029/5425/578 353/5402/1504 3755/5427/1057 5172/5426/983
f 5172/5426/983 3755/5427/1057 1231/5402/1679 3751/2311/578
f 3754/5424/1617 5172/5426/1617 3751/2311/1617 1230/3027/1617
f 353/5402/1504 1502/2325/2417 5173/5428/640 3755/5427/1057
f 1502/2325/2417 355/5429/1504 3756/5430/3969 5173/5428/640
f 5173/5428/640 3756/5430/3969 1232/5429/1689 3752/2325/578
f 3755/5427/1057 5173/5428/640 3752/2325/578 1231/5402/1679
f 355/5429/1504 2031/5431/578 5174/5432/579 3756/5430/3969
f 2031/5431/561 99/3030/561 3753/5423/1618 5174/5432/1618
f 5174/5432/1618 3753/5423/1618 1229/3032/1618 3750/5433/1618
f 3756/5430/3969 5174/5432/579 3750/5433/578 1232/5429/1689
f 98/2597/578 1902/5434/578 5175/5435/578 3761/5436/3970
f 1902/5434/578 100/2593/578 3762/5437/3971 5175/5435/578
f 5175/5435/578 3762/5437/3971 1234/2331/1982 3757/2328/578
f 3761/5436/3970 5175/5435/578 3757/2328/578 1233/2327/1980
f 100/2593/578 2032/5438/1515 5176/5439/3972 3762/5437/3971
f 2032/5438/3973 356/5440/441 3763/5441/3974 5176/5439/3975
f 5176/5439/3975 3763/5441/3974 1235/2333/1985 3759/5442/1984
f 3762/5437/3971 5176/5439/3972 3759/5442/1983 1234/2331/1982
f 356/5440/441 1503/5443/439 5177/5444/3976 3763/5441/3974
f 1503/5443/439 354/5411/438 3764/5445/3977 5177/5444/3976
f 5177/5444/3976 3764/5445/3977 1236/2335/1988 3760/5446/1986
f 3763/5441/3974 5177/5444/3976 3760/5446/1986 1235/2333/1985
f 354/5411/438 2030/5409/3978 5178/5447/3979 3764/5445/3977
f 2030/5409/1515 98/2597/578 3761/5436/3970 5178/5447/3980
f 5178/5447/3980 3761/5436/3970 1233/2327/1980 3758/2330/1981
f 3764/5445/3977 5178/5447/3979 3758/2330/1987 1236/2335/1988
f 101/3035/561 1903/5448/561 5179/5449/561 3769/5450/1618
f 1903/5448/561 99/3030/561 3770/5451/1617 5179/5449/561
f 5179/5449/561 3770/5451/1617 1238/3032/1617 3765/687/561
f 3769/5450/1618 5179/5449/561 3765/687/561 1237/3037/1618
f 99/3030/561 2031/5452/561 5180/5453/1617 3770/5451/1617
f 2031/5452/578 355/5429/1504 3771/5454/3533 5180/5453/993
f 5180/5453/993 3771/5454/3533 1239/5429/1679 3767/2324/578
f 3770/5451/1617 5180/5453/1617 3767/2324/1617 1238/3032/1617
f 355/5429/1504 1505/2338/684 5181/5455/640 3771/5454/3533
f 1505/2338/684 357/5456/2260 3772/5457/3969 5181/5455/640
f 5181/5455/640 3772/5457/3969 1240/5456/1689 3768/2338/578
f 3771/5454/3533 5181/5455/640 3768/2338/578 1239/5429/1679
f 357/5456/2260 2033/5458/578 5182/5459/3557 3772/5457/3969
f 2033/5458/561 101/3035/561 3769/5450/1618 5182/5459/1618
f 5182/5459/1618 3769/5450/1618 1237/3037/1618 3766/2337/1618
f 3772/5457/3969 5182/5459/3557 3766/2337/578 1240/5456/1689
f 100/2593/578 1904/5460/578 5183/5461/578 3777/5462/3981
f 1904/5460/578 102/2589/578 3778/5463/3982 5183/5461/578
f 5183/5461/578 3778/5463/3982 1242/2344/1991 3773/2341/578
f 3777/5462/3981 5183/5461/578 3773/2341/578 1241/2340/1989
f 102/2589/578 2034/5464/1515 5184/5465/3983 3778/5463/3982
f 2034/5464/3984 358/5466/450 3779/5467/3985 5184/5465/3986
f 5184/5465/3986 3779/5467/3985 1243/2346/1994 3775/5468/1993
f 3778/5463/3982 5184/5465/3983 3775/5468/1992 1242/2344/1991
f 358/5466/450 1506/5469/448 5185/5470/3987 3779/5467/3985
f 1506/5469/448 356/5440/447 3780/5471/3988 5185/5470/3987
f 5185/5470/3987 3780/5471/3988 1244/2348/1997 3776/5472/1995
f 3779/5467/3985 5185/5470/3987 3776/5472/1995 1243/2346/1994
f 356/5440/447 2032/5473/3989 5186/5474/3990 3780/5471/3988
f 2032/5473/1515 100/2593/578 3777/5462/3981 5186/5474/3991
f 5186/5474/3991 3777/5462/3981 1241/2340/1989 3774/5475/1990
f 3780/5471/3988 5186/5474/3990 3774/5475/1996 1244/2348/1997
f 103/3040/561 1905/5476/561 5187/5477/561 3785/5478/1618
f 1905/5476/561 101/3035/561 3786/5479/1617 5187/5477/561
f 5187/5477/561 3786/5479/1617 1246/3037/1617 3781/692/561
f 3785/5478/1618 5187/5477/561 3781/692/561 1245/3042/1618
f 101/3035/561 2033/5480/561 5188/5481/1617 3786/5479/1617
f 2033/5480/578 357/5456/2260 3787/5482/3992 5188/5481/993
f 5188/5481/993 3787/5482/3992 1247/5456/1679 3783/2337/578
f 3786/5479/1617 5188/5481/1617 3783/2337/1617 1246/3037/1617
f 357/5456/2260 1508/2351/2350 5189/5483/640 3787/5482/3992
f 1508/2351/2350 359/5484/2260 3788/5485/3993 5189/5483/640
f 5189/5483/640 3788/5485/3993 1248/5484/1700 3784/2351/578
f 3787/5482/3992 5189/5483/640 3784/2351/578 1247/5456/1679
f 359/5484/2260 2035/5486/578 5190/5487/3557 3788/5485/3993
f 2035/5486/561 103/3040/561 3785/5478/1618 5190/5487/1618
f 5190/5487/1618 3785/5478/1618 1245/3042/1618 3782/5488/1618
f 3788/5485/3993 5190/5487/3557 3782/5488/578 1248/5484/1700
f 102/2589/578 1906/5489/578 5191/5490/578 3793/5491/3994
f 1906/5489/578 104/2585/578 3794/5492/3995 5191/5490/578
f 5191/5490/578 3794/5492/3995 1250/2357/2000 3789/2354/578
f 3793/5491/3994 5191/5490/578 3789/2354/578 1249/2353/1998
f 104/2585/578 2036/5493/1515 5192/5494/3996 3794/5492/3995
f 2036/5493/3997 360/5495/459 3795/5496/3998 5192/5494/3999
f 5192/5494/3999 3795/5496/3998 1251/2359/2003 3791/5497/2002
f 3794/5492/3995 5192/5494/3996 3791/5497/2001 1250/2357/2000
f 360/5495/459 1509/5498/457 5193/5499/4000 3795/5496/3998
f 1509/5498/457 358/5466/456 3796/5500/4001 5193/5499/4000
f 5193/5499/4000 3796/5500/4001 1252/2361/2006 3792/2360/2004
f 3795/5496/3998 5193/5499/4000 3792/2360/2004 1251/2359/2003
f 358/5466/456 2034/5501/4002 5194/5502/4003 3796/5500/4001
f 2034/5501/1515 102/2589/578 3793/5491/3994 5194/5502/4004
f 5194/5502/4004 3793/5491/3994 1249/2353/1998 3790/5503/1999
f 3796/5500/4001 5194/5502/4003 3790/5503/2005 1252/2361/2006
f 105/3045/561 1907/5504/561 5195/5505/561 3801/5506/1618
f 1907/5504/561 103/3040/561 3802/5507/1617 5195/5505/561
f 5195/5505/561 3802/5507/1617 1254/3042/1617 3797/695/561
f 3801/5506/1618 5195/5505/561 3797/695/561 1253/3047/1618
f 103/3040/561 2035/5486/561 5196/5508/1617 3802/5507/1617
f 2035/5486/578 359/5484/2260 3803/5509/4005 5196/5508/993
f 5196/5508/993 3803/5509/4005 1255/5484/1690 3799/2350/578
f 3802/5507/1617 5196/5508/1617 3799/2350/1617 1254/3042/1617
f 359/5484/2260 1511/5510/849 5197/5511/640 3803/5509/4005
f 1511/5510/849 361/5512/2260 3804/5513/3570 5197/5511/640
f 5197/5511/640 3804/5513/3570 1256/5512/1700 3800/5510/578
f 3803/5509/4005 5197/5511/640 3800/5510/578 1255/5484/1690
f 361/5512/2260 2037/5514/578 5198/5515/3557 3804/5513/3570
f 2037/5514/561 105/3045/561 3801/5506/1618 5198/5515/1618
f 5198/5515/1618 3801/5506/1618 1253/3047/1618 3798/5516/1618
f 3804/5513/3570 5198/5515/3557 3798/5516/578 1256/5512/1700
f 104/2585/578 1908/5517/578 5199/5518/578 3809/5519/4006
f 1908/5517/578 106/2581/578 3810/5520/4007 5199/5518/578
f 5199/5518/578 3810/5520/4007 1258/2370/2009 3805/2367/578
f 3809/5519/4006 5199/5518/578 3805/2367/578 1257/2366/2007
f 106/2581/578 2038/5521/1555 5200/5522/4008 3810/5520/4007
f 2038/5521/4009 362/5523/468 3811/5524/4010 5200/5522/4011
f 5200/5522/4011 3811/5524/4010 1259/2372/2012 3807/5525/2011
f 3810/5520/4007 5200/5522/4008 3807/5525/2010 1258/2370/2009
f 362/5523/468 1512/5526/466 5201/5527/4012 3811/5524/4010
f 1512/5526/466 360/5495/465 3812/5528/4013 5201/5527/4012
f 5201/5527/4012 3812/5528/4013 1260/2374/2015 3808/5529/2013
f 3811/5524/4010 5201/5527/4012 3808/5529/2013 1259/2372/2012
f 360/5495/465 2036/5493/4014 5202/5530/4015 3812/5528/4013
f 2036/5493/1515 104/2585/578 3809/5519/4006 5202/5530/4016
f 5202/5530/4016 3809/5519/4006 1257/2366/2007 3806/2369/2008
f 3812/5528/4013 5202/5530/4015 3806/2369/2014 1260/2374/2015
f 107/3050/561 1909/3048/561 5203/5531/561 3817/5532/1618
f 1909/3048/561 105/3045/561 3818/5533/1617 5203/5531/561
f 5203/5531/561 3818/5533/1617 1262/3047/1617 3813/694/561
f 3817/5532/1618 5203/5531/561 3813/694/561 1261/3052/1618
f 105/3045/561 2037/5534/561 5204/5535/1617 3818/5533/1617
f 2037/5534/578 361/5512/2260 3819/5536/4017 5204/5535/975
f 5204/5535/975 3819/5536/4017 1263/5512/1690 3815/2363/578
f 3818/5533/1617 5204/5535/1617 3815/2363/1617 1262/3047/1617
f 361/5512/2260 1514/5537/2283 5205/5538/1640 3819/5536/4017
f 1514/5537/2283 363/5539/652 3820/5540/3583 5205/5538/1640
f 5205/5538/1640 3820/5540/3583 1264/5539/1700 3816/5537/578
f 3819/5536/4017 5205/5538/1640 3816/5537/578 1263/5512/1690
f 363/5539/652 2039/5541/1640 5206/5542/4018 3820/5540/3583
f 2039/5541/561 107/3050/561 3817/5532/1618 5206/5542/1722
f 5206/5542/1722 3817/5532/1618 1261/3052/1618 3814/2376/1618
f 3820/5540/3583 5206/5542/4018 3814/2376/1640 1264/5539/1700
f 106/2581/578 1910/5543/578 5207/5544/578 3825/5545/4019
f 1910/5543/578 108/2577/578 3826/5546/4020 5207/5544/578
f 5207/5544/578 3826/5546/4020 1266/2383/2018 3821/2380/578
f 3825/5545/4019 5207/5544/578 3821/2380/578 1265/2379/2016
f 108/2577/578 2040/5547/1555 5208/5548/4021 3826/5546/4020
f 2040/5547/4022 364/5549/477 3827/5550/4023 5208/5548/4024
f 5208/5548/4024 3827/5550/4023 1267/2385/2021 3823/5551/2020
f 3826/5546/4020 5208/5548/4021 3823/5551/2019 1266/2383/2018
f 364/5549/477 1515/5552/475 5209/5553/4025 3827/5550/4023
f 1515/5552/475 362/5523/474 3828/5554/4026 5209/5553/4025
f 5209/5553/4025 3828/5554/4026 1268/2387/2024 3824/5555/2022
f 3827/5550/4023 5209/5553/4025 3824/5555/2022 1267/2385/2021
f 362/5523/474 2038/5556/4027 5210/5557/4028 3828/5554/4026
f 2038/5556/1555 106/2581/578 3825/5545/4019 5210/5557/4029
f 5210/5557/4029 3825/5545/4019 1265/2379/2016 3822/2382/2017
f 3828/5554/4026 5210/5557/4028 3822/2382/2023 1268/2387/2024
f 109/3055/561 1911/3053/561 5211/5558/561 3833/5559/1722
f 1911/3053/561 107/3050/561 3834/5560/1617 5211/5558/561
f 5211/5558/561 3834/5560/1617 1270/3052/1617 3829/697/561
f 3833/5559/1722 5211/5558/561 3829/697/561 1269/3057/1722
f 107/3050/561 2039/5561/561 5212/5562/1721 3834/5560/1617
f 2039/5561/1640 363/5539/652 3835/5563/4030 5212/5562/4031
f 5212/5562/4031 3835/5563/4030 1271/5539/975 3831/2376/1743
f 3834/5560/1617 5212/5562/1721 3831/2376/1721 1270/3052/1617
f 363/5539/652 1517/5564/731 5213/5565/3486 3835/5563/4030
f 1517/5564/731 365/5566/711 3836/5567/3600 5213/5565/3486
f 5213/5565/3486 3836/5567/3600 1272/5566/1723 3832/5564/578
f 3835/5563/4030 5213/5565/3486 3832/5564/578 1271/5539/975
f 365/5566/711 2041/5568/640 5214/5569/4032 3836/5567/3600
f 2041/5568/561 109/3055/561 3833/5559/1722 5214/5569/3599
f 5214/5569/3599 3833/5559/1722 1269/3057/1722 3830/5570/1722
f 3836/5567/3600 5214/5569/4032 3830/5570/1723 1272/5566/1723
f 108/2577/578 1912/5571/578 5215/5572/578 3841/5573/4033
f 1912/5571/578 110/2573/578 3842/5574/4034 5215/5572/578
f 5215/5572/578 3842/5574/4034 1274/2396/2027 3837/2393/578
f 3841/5573/4033 5215/5572/578 3837/2393/578 1273/2392/2025
f 110/2573/578 2042/5575/1555 5216/5576/4035 3842/5574/4034
f 2042/5575/4036 366/5577/486 3843/5578/4037 5216/5576/4038
f 5216/5576/4038 3843/5578/4037 1275/2398/2030 3839/5579/2029
f 3842/5574/4034 5216/5576/4035 3839/5579/2028 1274/2396/2027
f 366/5577/486 1518/5580/484 5217/5581/4039 3843/5578/4037
f 1518/5580/484 364/5549/483 3844/5582/4040 5217/5581/4039
f 5217/5581/4039 3844/5582/4040 1276/2400/2033 3840/5583/2031
f 3843/5578/4037 5217/5581/4039 3840/5583/2031 1275/2398/2030
f 364/5549/483 2040/5584/4041 5218/5585/4042 3844/5582/4040
f 2040/5584/1555 108/2577/578 3841/5573/4033 5218/5585/4043
f 5218/5585/4043 3841/5573/4033 1273/2392/2025 3838/5586/2026
f 3844/5582/4040 5218/5585/4042 3838/5586/2032 1276/2400/2033
f 111/3060/561 1913/5587/561 5219/5588/561 3849/5589/1618
f 1913/5587/561 109/3055/561 3850/5590/1721 5219/5588/561
f 5219/5588/561 3850/5590/1721 1278/3057/1721 3845/699/561
f 3849/5589/1618 5219/5588/561 3845/699/561 1277/3062/1618
f 109/3055/561 2041/5591/561 5220/5592/3587 3850/5590/1721
f 2041/5591/640 365/5566/711 3851/5593/3617 5220/5592/3618
f 5220/5592/3618 3851/5593/3617 1279/5566/1724 3847/2389/1724
f 3850/5590/1721 5220/5592/3587 3847/2389/1721 1278/3057/1721
f 365/5566/711 1520/2403/714 5221/5594/2100 3851/5593/3617
f 1520/2403/714 367/5595/719 3852/5596/4044 5221/5594/2100
f 5221/5594/2100 3852/5596/4044 1280/5595/2034 3848/2403/578
f 3851/5593/3617 5221/5594/2100 3848/2403/578 1279/5566/1724
f 367/5595/719 2043/5597/640 5222/5598/4045 3852/5596/4044
f 2043/5597/561 111/3060/561 3849/5589/1618 5222/5598/1722
f 5222/5598/1722 3849/5589/1618 1277/3062/1618 3846/5599/1722
f 3852/5596/4044 5222/5598/4045 3846/5599/625 1280/5595/2034
f 110/2573/578 1914/5600/578 5223/5601/578 3857/5602/4046
f 1914/5600/578 112/2569/578 3858/5603/4047 5223/5601/578
f 5223/5601/578 3858/5603/4047 1282/2409/2037 3853/2406/578
f 3857/5602/4046 5223/5601/578 3853/2406/578 1281/2405/2035
f 112/2569/578 2044/5604/1555 5224/5605/4048 3858/5603/4047
f 2044/5604/4049 368/5606/495 3859/5607/4050 5224/5605/4051
f 5224/5605/4051 3859/5607/4050 1283/2411/2040 3855/5608/2039
f 3858/5603/4047 5224/5605/4048 3855/5608/2038 1282/2409/2037
f 368/5606/495 1521/5609/493 5225/5610/4052 3859/5607/4050
f 1521/5609/493 366/5577/492 3860/5611/4053 5225/5610/4052
f 5225/5610/4052 3860/5611/4053 1284/2413/2043 3856/2412/2041
f 3859/5607/4050 5225/5610/4052 3856/2412/2041 1283/2411/2040
f 366/5577/492 2042/5575/4054 5226/5612/4055 3860/5611/4053
f 2042/5575/1555 110/2573/578 3857/5602/4046 5226/5612/4056
f 5226/5612/4056 3857/5602/4046 1281/2405/2035 3854/5613/2036
f 3860/5611/4053 5226/5612/4055 3854/5613/2042 1284/2413/2043
f 113/3065/561 1915/5614/561 5227/5615/561 3865/5616/1722
f 1915/5614/561 111/3060/561 3866/5617/1617 5227/5615/561
f 5227/5615/561 3866/5617/1617 1286/3062/1721 3861/701/561
f 3865/5616/1722 5227/5615/561 3861/701/561 1285/3067/1722
f 111/3060/561 2043/5618/561 5228/5619/1721 3866/5617/1617
f 2043/5618/640 367/5595/719 3867/5620/3633 5228/5619/4057
f 5228/5619/4057 3867/5620/3633 1287/5595/909 3863/2402/1743
f 3866/5617/1617 5228/5619/1721 3863/2402/1721 1286/3062/1721
f 367/5595/719 1523/2416/1587 5229/5621/1555 3867/5620/3633
f 1523/2416/1587 369/5622/587 3868/5623/3646 5229/5621/1555
f 5229/5621/1555 3868/5623/3646 1288/5622/1753 3864/2416/578
f 3867/5620/3633 5229/5621/1555 3864/2416/578 1287/5595/909
f 369/5622/587 2045/5624/1640 5230/5625/3647 3868/5623/3646
f 2045/5624/561 113/3065/561 3865/5616/1722 5230/5625/1722
f 5230/5625/1722 3865/5616/1722 1285/3067/1722 3862/2415/1722
f 3868/5623/3646 5230/5625/3647 3862/2415/625 1288/5622/1753
f 112/2569/578 1916/2567/578 5231/5626/578 3873/5627/4058
f 1916/2567/578 114/2565/578 3874/5628/4059 5231/5626/578
f 5231/5626/578 3874/5628/4059 1290/2422/2046 3869/2419/578
f 3873/5627/4058 5231/5626/578 3869/2419/578 1289/2418/2044
f 114/2565/578 2046/5629/1555 5232/5630/4060 3874/5628/4059
f 2046/5629/4061 370/5631/504 3875/5632/4062 5232/5630/4063
f 5232/5630/4063 3875/5632/4062 1291/2424/2049 3871/5633/2048
f 3874/5628/4059 5232/5630/4060 3871/5633/2047 1290/2422/2046
f 370/5631/504 1524/5634/502 5233/5635/4064 3875/5632/4062
f 1524/5634/502 368/5606/501 3876/5636/4065 5233/5635/4064
f 5233/5635/4064 3876/5636/4065 1292/2426/2052 3872/5637/2050
f 3875/5632/4062 5233/5635/4064 3872/5637/2050 1291/2424/2049
f 368/5606/501 2044/5638/4066 5234/5639/4067 3876/5636/4065
f 2044/5638/1555 112/2569/578 3873/5627/4058 5234/5639/4068
f 5234/5639/4068 3873/5627/4058 1289/2418/2044 3870/5640/2045
f 3876/5636/4065 5234/5639/4067 3870/5640/2051 1292/2426/2052
f 115/3070/561 1917/5641/561 5235/5642/561 3881/5643/1722
f 1917/5641/561 113/3065/561 3882/5644/1721 5235/5642/561
f 5235/5642/561 3882/5644/1721 1294/3067/1721 3877/703/561
f 3881/5643/1722 5235/5642/561 3877/703/561 1293/3072/1722
f 113/3065/561 2045/5645/561 5236/5646/1721 3882/5644/1721
f 2045/5645/1640 369/5622/587 3883/5647/4069 5236/5646/3634
f 5236/5646/3634 3883/5647/4069 1295/5622/906 3879/2415/1743
f 3882/5644/1721 5236/5646/1721 3879/2415/1721 1294/3067/1721
f 369/5622/587 1526/2429/684 5237/5648/4070 3883/5647/4069
f 1526/2429/684 371/5649/667 3884/5650/4071 5237/5648/4070
f 5237/5648/4070 3884/5650/4071 1296/5649/2053 3880/2429/578
f 3883/5647/4069 5237/5648/4070 3880/2429/578 1295/5622/906
f 371/5649/667 2047/5651/1640 5238/5652/4072 3884/5650/4071
f 2047/5651/561 115/3070/561 3881/5643/1722 5238/5652/3690
f 5238/5652/3690 3881/5643/1722 1293/3072/1722 3878/2428/1722
f 3884/5650/4071 5238/5652/4072 3878/2428/2053 1296/5649/2053
f 114/2565/578 1918/5653/578 5239/5654/578 3889/5655/4073
f 1918/5653/578 116/2561/578 3890/5656/4074 5239/5654/578
f 5239/5654/578 3890/5656/4074 1298/2435/2056 3885/2432/578
f 3889/5655/4073 5239/5654/578 3885/2432/578 1297/2431/2054
f 116/2561/578 2048/5657/1555 5240/5658/4075 3890/5656/4074
f 2048/5657/4076 372/5659/513 3891/5660/4077 5240/5658/4078
f 5240/5658/4078 3891/5660/4077 1299/2437/2059 3887/5661/2058
f 3890/5656/4074 5240/5658/4075 3887/5661/2057 1298/2435/2056
f 372/5659/513 1527/5662/511 5241/5663/4079 3891/5660/4077
f 1527/5662/511 370/5631/510 3892/5664/4080 5241/5663/4079
f 5241/5663/4079 3892/5664/4080 1300/2439/2062 3888/5665/2060
f 3891/5660/4077 5241/5663/4079 3888/5665/2060 1299/2437/2059
f 370/5631/510 2046/5666/4081 5242/5667/4082 3892/5664/4080
f 2046/5666/1555 114/2565/578 3889/5655/4073 5242/5667/4083
f 5242/5667/4083 3889/5655/4073 1297/2431/2054 3886/5668/2055
f 3892/5664/4080 5242/5667/4082 3886/5668/2061 1300/2439/2062
f 117/3075/561 1919/5669/561 5243/5670/561 3897/5671/1722
f 1919/5669/561 115/3070/561 3898/5672/1721 5243/5670/561
f 5243/5670/561 3898/5672/1721 1302/3072/1721 3893/705/561
f 3897/5671/1722 5243/5670/561 3893/705/561 1301/3077/1722
f 115/3070/561 2047/5673/561 5244/5674/3678 3898/5672/1721
f 2047/5673/1640 371/5649/667 3899/5675/4084 5244/5674/4085
f 5244/5674/4085 3899/5675/4084 1303/5649/1772 3895/2428/1772
f 3898/5672/1721 5244/5674/3678 3895/2428/1721 1302/3072/1721
f 371/5649/667 1529/2442/670 5245/5676/652 3899/5675/4084
f 1529/2442/670 373/5677/652 3900/5678/4086 5245/5676/652
f 5245/5676/652 3900/5678/4086 1304/5677/2053 3896/2442/578
f 3899/5675/4084 5245/5676/652 3896/2442/578 1303/5649/1772
f 373/5677/652 2049/5679/1640 5246/5680/4087 3900/5678/4086
f 2049/5679/561 117/3075/561 3897/5671/1722 5246/5680/3690
f 5246/5680/3690 3897/5671/1722 1301/3077/1722 3894/5681/1722
f 3900/5678/4086 5246/5680/4087 3894/5681/2053 1304/5677/2053
f 116/2561/578 1920/5682/578 5247/5683/578 3905/5684/4088
f 1920/5682/578 118/2557/578 3906/5685/4089 5247/5683/578
f 5247/5683/578 3906/5685/4089 1306/2448/2065 3901/2445/578
f 3905/5684/4088 5247/5683/578 3901/2445/578 1305/2444/2063
f 118/2557/578 2050/5686/1555 5248/5687/4090 3906/5685/4089
f 2050/5686/4091 374/5688/522 3907/5689/4092 5248/5687/4093
f 5248/5687/4093 3907/5689/4092 1307/2450/2068 3903/5690/2067
f 3906/5685/4089 5248/5687/4090 3903/5690/2066 1306/2448/2065
f 374/5688/522 1530/5691/520 5249/5692/4094 3907/5689/4092
f 1530/5691/520 372/5659/519 3908/5693/4095 5249/5692/4094
f 5249/5692/4094 3908/5693/4095 1308/2452/2071 3904/5694/2069
f 3907/5689/4092 5249/5692/4094 3904/5694/2069 1307/2450/2068
f 372/5659/519 2048/5695/4096 5250/5696/4097 3908/5693/4095
f 2048/5695/1555 116/2561/578 3905/5684/4088 5250/5696/4098
f 5250/5696/4098 3905/5684/4088 1305/2444/2063 3902/2447/2064
f 3908/5693/4095 5250/5696/4097 3902/2447/2070 1308/2452/2071
f 119/3080/561 1921/3078/561 5251/5697/561 3913/5698/1502
f 1921/3078/561 117/3075/561 3914/5699/1721 5251/5697/561
f 5251/5697/561 3914/5699/1721 1310/3077/1721 3909/707/561
f 3913/5698/1502 5251/5697/561 3909/707/561 1309/3082/1722
f 117/3075/561 2049/5700/561 5252/5701/3678 3914/5699/1721
f 2049/5700/1640 373/5677/652 3915/5702/3676 5252/5701/4099
f 5252/5701/4099 3915/5702/3676 1311/5677/1772 3911/2441/1772
f 3914/5699/1721 5252/5701/3678 3911/2441/1721 1310/3077/1721
f 373/5677/652 1532/2455/655 5253/5703/652 3915/5702/3676
f 1532/2455/655 375/5704/640 3916/5705/4100 5253/5703/652
f 5253/5703/652 3916/5705/4100 1312/5704/2053 3912/2455/578
f 3915/5702/3676 5253/5703/652 3912/2455/578 1311/5677/1772
f 375/5704/640 2051/5706/1640 5254/5707/4101 3916/5705/4100
f 2051/5706/561 119/3080/561 3913/5698/1502 5254/5707/3690
f 5254/5707/3690 3913/5698/1502 1309/3082/1722 3910/5708/1722
f 3916/5705/4100 5254/5707/4101 3910/5708/2053 1312/5704/2053
f 118/2557/578 1922/5709/578 5255/5710/578 3921/5711/4102
f 1922/5709/578 120/2553/578 3922/5712/4103 5255/5710/578
f 5255/5710/578 3922/5712/4103 1314/2461/2074 3917/2458/578
f 3921/5711/4102 5255/5710/578 3917/2458/578 1313/2457/2072
f 120/2553/578 2052/5713/1555 5256/5714/4104 3922/5712/4103
f 2052/5713/4105 376/5715/531 3923/5716/4106 5256/5714/4107
f 5256/5714/4107 3923/5716/4106 1315/2463/2077 3919/5717/2076
f 3922/5712/4103 5256/5714/4104 3919/5717/2075 1314/2461/2074
f 376/5715/531 1533/5718/529 5257/5719/4108 3923/5716/4106
f 1533/5718/529 374/5688/528 3924/5720/4109 5257/5719/4108
f 5257/5719/4108 3924/5720/4109 1316/2465/2080 3920/5721/2078
f 3923/5716/4106 5257/5719/4108 3920/5721/2078 1315/2463/2077
f 374/5688/528 2050/5722/4110 5258/5723/4111 3924/5720/4109
f 2050/5722/1555 118/2557/578 3921/5711/4102 5258/5723/4112
f 5258/5723/4112 3921/5711/4102 1313/2457/2072 3918/5724/2073
f 3924/5720/4109 5258/5723/4111 3918/5724/2079 1316/2465/2080
f 121/3085/561 1923/5725/561 5259/5726/561 3929/5727/1502
f 1923/5725/561 119/3080/561 3930/5728/1503 5259/5726/561
f 5259/5726/561 3930/5728/1503 1318/3082/1503 3925/709/561
f 3929/5727/1502 5259/5726/561 3925/709/561 1317/3087/1502
f 119/3080/561 2051/5729/561 5260/5730/3678 3930/5728/1503
f 2051/5729/1640 375/5704/640 3931/5731/4113 5260/5730/4114
f 5260/5730/4114 3931/5731/4113 1319/5704/2081 3927/2454/2081
f 3930/5728/1503 5260/5730/3678 3927/2454/1503 1318/3082/1503
f 375/5704/640 1535/2468/643 5261/5732/652 3931/5731/4113
f 1535/2468/643 377/5733/625 3932/5734/3691 5261/5732/652
f 5261/5732/652 3932/5734/3691 1320/5733/1782 3928/2468/578
f 3931/5731/4113 5261/5732/652 3928/2468/578 1319/5704/2081
f 377/5733/625 2053/5735/1640 5262/5736/3692 3932/5734/3691
f 2053/5735/561 121/3085/561 3929/5727/1502 5262/5736/3690
f 5262/5736/3690 3929/5727/1502 1317/3087/1502 3926/2467/1502
f 3932/5734/3691 5262/5736/3692 3926/2467/1782 1320/5733/1782
f 120/2553/578 1924/5737/578 5263/5738/578 3937/5739/4115
f 1924/5737/578 122/2549/578 3938/5740/4116 5263/5738/578
f 5263/5738/578 3938/5740/4116 1322/2474/2084 3933/2471/578
f 3937/5739/4115 5263/5738/578 3933/2471/578 1321/2470/2082
f 122/2549/578 2054/5741/1555 5264/5742/4117 3938/5740/4116
f 2054/5741/4118 378/5743/540 3939/5744/4119 5264/5742/4120
f 5264/5742/4120 3939/5744/4119 1323/2476/2087 3935/5745/2086
f 3938/5740/4116 5264/5742/4117 3935/5745/2085 1322/2474/2084
f 378/5743/540 1536/5746/538 5265/5747/4121 3939/5744/4119
f 1536/5746/538 376/5715/537 3940/5748/4122 5265/5747/4121
f 5265/5747/4121 3940/5748/4122 1324/2478/2090 3936/5749/2088
f 3939/5744/4119 5265/5747/4121 3936/5749/2088 1323/2476/2087
f 376/5715/537 2052/5750/4123 5266/5751/4124 3940/5748/4122
f 2052/5750/1555 120/2553/578 3937/5739/4115 5266/5751/4125
f 5266/5751/4125 3937/5739/4115 1321/2470/2082 3934/5752/2083
f 3940/5748/4122 5266/5751/4124 3934/5752/2089 1324/2478/2090
f 123/3090/561 1925/3088/561 5267/5753/561 3945/5754/1502
f 1925/3088/561 121/3085/561 3946/5755/1503 5267/5753/561
f 5267/5753/561 3946/5755/1503 1326/3087/1503 3941/711/561
f 3945/5754/1502 5267/5753/561 3941/711/561 1325/3092/1502
f 121/3085/561 2053/5756/561 5268/5757/3678 3946/5755/1503
f 2053/5756/1640 377/5733/625 3947/5758/4126 5268/5757/4127
f 5268/5757/4127 3947/5758/4126 1327/5733/2081 3943/2467/2081
f 3946/5755/1503 5268/5757/3678 3943/2467/1503 1326/3087/1503
f 377/5733/625 1538/2481/628 5269/5759/613 3947/5758/4126
f 1538/2481/628 379/5760/587 3948/5761/4128 5269/5759/613
f 5269/5759/613 3948/5761/4128 1328/5760/1782 3944/2481/578
f 3947/5758/4126 5269/5759/613 3944/2481/578 1327/5733/2081
f 379/5760/587 2055/5762/1640 5270/5763/4129 3948/5761/4128
f 2055/5762/561 123/3090/561 3945/5754/1502 5270/5763/3690
f 5270/5763/3690 3945/5754/1502 1325/3092/1502 3942/5764/1502
f 3948/5761/4128 5270/5763/4129 3942/5764/1782 1328/5760/1782
f 122/2549/578 1926/5765/578 5271/5766/578 3953/5767/4130
f 1926/5765/578 124/2545/578 3954/5768/4131 5271/5766/578
f 5271/5766/578 3954/5768/4131 1330/2487/2093 3949/2484/578
f 3953/5767/4130 5271/5766/578 3949/2484/578 1329/2483/2091
f 124/2545/578 2056/5769/1689 5272/5770/4132 3954/5768/4131
f 2056/5769/4133 380/5771/549 3955/5772/4134 5272/5770/4135
f 5272/5770/4135 3955/5772/4134 1331/2489/2096 3951/5773/2095
f 3954/5768/4131 5272/5770/4132 3951/5773/2094 1330/2487/2093
f 380/5771/549 1539/5774/547 5273/5775/4136 3955/5772/4134
f 1539/5774/547 378/5743/546 3956/5776/4137 5273/5775/4136
f 5273/5775/4136 3956/5776/4137 1332/2491/2099 3952/5777/2097
f 3955/5772/4134 5273/5775/4136 3952/5777/2097 1331/2489/2096
f 378/5743/546 2054/5741/4138 5274/5778/4139 3956/5776/4137
f 2054/5741/1555 122/2549/578 3953/5767/4130 5274/5778/4140
f 5274/5778/4140 3953/5767/4130 1329/2483/2091 3950/2486/2092
f 3956/5776/4137 5274/5778/4139 3950/2486/2098 1332/2491/2099
f 125/3095/561 1927/5779/561 5275/5780/561 3961/5781/1502
f 1927/5779/561 123/3090/561 3962/5782/1503 5275/5780/561
f 5275/5780/561 3962/5782/1503 1334/3092/1503 3957/713/561
f 3961/5781/1502 5275/5780/561 3957/713/561 1333/3097/1502
f 123/3090/561 2055/5762/561 5276/5783/3678 3962/5782/1503
f 2055/5762/1640 379/5760/587 3963/5784/4141 5276/5783/4142
f 5276/5783/4142 3963/5784/4141 1335/5760/2100 3959/2480/2100
f 3962/5782/1503 5276/5783/3678 3959/2480/1503 1334/3092/1503
f 379/5760/587 1541/5785/613 5277/5786/587 3963/5784/4141
f 1541/5785/613 381/5787/587 3964/5788/4143 5277/5786/587
f 5277/5786/587 3964/5788/4143 1336/5787/2101 3960/5785/578
f 3963/5784/4141 5277/5786/587 3960/5785/578 1335/5760/2100
f 381/5787/587 2057/5789/1640 5278/5790/4144 3964/5788/4143
f 2057/5789/561 125/3095/561 3961/5781/1502 5278/5790/3761
f 5278/5790/3761 3961/5781/1502 1333/3097/1502 3958/5791/1502
f 3964/5788/4143 5278/5790/4144 3958/5791/2101 1336/5787/2101
f 124/2545/578 1928/2543/578 5279/5792/578 3969/5793/4145
f 1928/2543/578 126/2541/578 3970/5794/4146 5279/5792/578
f 5279/5792/578 3970/5794/4146 1338/2500/2104 3965/2497/578
f 3969/5793/4145 5279/5792/578 3965/2497/578 1337/2496/2102
f 126/2541/578 2058/5795/1689 5280/5796/4147 3970/5794/4146
f 2058/5795/4148 382/5797/558 3971/5798/4149 5280/5796/4150
f 5280/5796/4150 3971/5798/4149 1339/2502/2107 3967/2501/2106
f 3970/5794/4146 5280/5796/4147 3967/2501/2105 1338/2500/2104
f 382/5797/558 1542/5799/556 5281/5800/4151 3971/5798/4149
f 1542/5799/556 380/5771/555 3972/5801/4152 5281/5800/4151
f 5281/5800/4151 3972/5801/4152 1340/2504/2110 3968/5802/2108
f 3971/5798/4149 5281/5800/4151 3968/5802/2108 1339/2502/2107
f 380/5771/555 2056/5803/4153 5282/5804/4154 3972/5801/4152
f 2056/5803/1689 124/2545/578 3969/5793/4145 5282/5804/4155
f 5282/5804/4155 3969/5793/4145 1337/2496/2102 3966/2499/2103
f 3972/5801/4152 5282/5804/4154 3966/2499/2109 1340/2504/2110
f 127/3100/561 1929/5805/561 5283/5806/561 3977/5807/1502
f 1929/5805/561 125/3095/561 3978/5808/1503 5283/5806/561
f 5283/5806/561 3978/5808/1503 1342/3097/1503 3973/718/561
f 3977/5807/1502 5283/5806/561 3973/718/561 1341/3102/1502
f 125/3095/561 2057/5789/561 5284/5809/3749 3978/5808/1503
f 2057/5789/1640 381/5787/587 3979/5810/4156 5284/5809/4157
f 5284/5809/4157 3979/5810/4156 1343/5787/2100 3975/2493/2100
f 3978/5808/1503 5284/5809/3749 3975/2493/1503 1342/3097/1503
f 381/5787/587 1544/2507/599 5285/5811/587 3979/5810/4156
f 1544/2507/599 383/5812/579 3980/5813/4158 5285/5811/587
f 5285/5811/587 3980/5813/4158 1344/5812/2101 3976/2507/578
f 3979/5810/4156 5285/5811/587 3976/2507/578 1343/5787/2100
f 383/5812/579 2059/5814/1640 5286/5815/4159 3980/5813/4158
f 2059/5814/561 127/3100/561 3977/5807/1502 5286/5815/3761
f 5286/5815/3761 3977/5807/1502 1341/3102/1502 3974/5816/1502
f 3980/5813/4158 5286/5815/4159 3974/5816/2101 1344/5812/2101
f 126/2541/578 1930/5817/578 5287/5818/578 3985/5819/4160
f 1930/5817/578 128/2537/578 3986/5820/4161 5287/5818/578
f 5287/5818/578 3986/5820/4161 1346/2513/2113 3981/2510/578
f 3985/5819/4160 5287/5818/578 3981/2510/578 1345/2509/2111
f 128/2537/578 2060/5821/1689 5288/5822/4162 3986/5820/4161
f 2060/5821/4163 384/5823/568 3987/5824/4164 5288/5822/4165
f 5288/5822/4165 3987/5824/4164 1347/2515/2116 3983/5825/2115
f 3986/5820/4161 5288/5822/4162 3983/5825/2114 1346/2513/2113
f 384/5823/568 1545/5826/566 5289/5827/4166 3987/5824/4164
f 1545/5826/566 382/5797/565 3988/5828/4167 5289/5827/4166
f 5289/5827/4166 3988/5828/4167 1348/2517/2119 3984/5829/2117
f 3987/5824/4164 5289/5827/4166 3984/5829/2117 1347/2515/2116
f 382/5797/565 2058/5830/4168 5290/5831/4169 3988/5828/4167
f 2058/5830/1689 126/2541/578 3985/5819/4160 5290/5831/4170
f 5290/5831/4170 3985/5819/4160 1345/2509/2111 3982/5832/2112
f 3988/5828/4167 5290/5831/4169 3982/5832/2118 1348/2517/2119
f 1/2785/561 1931/5833/561 5291/5834/561 3993/5835/1502
f 1931/5833/561 127/3100/561 3994/5836/1503 5291/5834/561
f 5291/5834/561 3994/5836/1503 1350/3102/1503 3989/571/561
f 3993/5835/1502 5291/5834/561 3989/571/561 1349/2792/1502
f 127/3100/561 2059/5814/561 5292/5837/3749 3994/5836/1503
f 2059/5814/1640 383/5812/579 3995/5838/4171 5292/5837/4172
f 5292/5837/4172 3995/5838/4171 1351/5812/2120 3991/2506/2120
f 3994/5836/1503 5292/5837/3749 3991/2506/1503 1350/3102/1503
f 383/5812/579 1547/2519/582 5293/5839/1567 3995/5838/4171
f 1547/2519/582 257/4135/587 3996/5840/3748 5293/5839/1567
f 5293/5839/1567 3996/5840/3748 1352/4135/1819 3992/2519/578
f 3995/5838/4171 5293/5839/1567 3992/2519/578 1351/5812/2120
f 257/4135/587 1934/5841/640 5294/5842/4173 3996/5840/3748
f 1934/5841/561 1/2785/561 3993/5835/1502 5294/5842/1502
f 5294/5842/1502 3993/5835/1502 1349/2792/1502 3990/1699/1502
f 3996/5840/3748 5294/5842/4173 3990/1699/1374 1352/4135/1819
f 128/2537/578 1932/2535/578 5295/5843/578 4001/5844/4174
f 1932/2535/578 2/2533/578 4002/5845/4175 5295/5843/578
f 5295/5843/578 4002/5845/4175 1354/2524/2123 3997/2521/578
f 4001/5844/4174 5295/5843/578 3997/2521/578 1353/2520/2121
f 2/2533/578 1935/5846/1689 5296/5847/4176 4002/5845/4175
f 1935/5846/4177 260/4154/577 4003/5848/4178 5296/5847/4179
f 5296/5847/4179 4003/5848/4178 1355/2526/2126 3999/5849/2125
f 4002/5845/4175 5296/5847/4176 3999/5849/2124 1354/2524/2123
f 260/4154/577 1548/5850/575 5297/5851/4180 4003/5848/4178
f 1548/5850/575 384/5823/574 4004/5852/4181 5297/5851/4180
f 5297/5851/4180 4004/5852/4181 1356/2528/2129 4000/2527/2127
f 4003/5848/4178 5297/5851/4180 4000/2527/2127 1355/2526/2126
f 384/5823/574 2060/5853/4182 5298/5854/4183 4004/5852/4181
f 2060/5853/1689 128/2537/578 4001/5844/4174 5298/5854/4184
f 5298/5854/4184 4001/5844/4174 1353/2520/2121 3998/2523/2122
f 4004/5852/4181 5298/5854/4183 3998/2523/2128 1356/2528/2129
